time,ssp119 - base,ssp119 - sce1,ssp119 - sce2,ssp119 - sce3,ssp119 - sce4,ssp119 - sce5,ssp119 - sce6,ssp126 - base,ssp126 - sce1,ssp126 - sce2,ssp126 - sce3,ssp126 - sce4,ssp126 - sce5,ssp126 - sce6,ssp534 - base,ssp534 - sce1,ssp534 - sce2,ssp534 - sce3,ssp534 - sce4,ssp534 - sce5,ssp534 - sce6,ssp434 - base,ssp434 - sce1,ssp434 - sce2,ssp434 - sce3,ssp434 - sce4,ssp434 - sce5,ssp434 - sce6,ssp245 - base,ssp245 - sce1,ssp245 - sce2,ssp245 - sce3,ssp245 - sce4,ssp245 - sce5,ssp245 - sce6,ssp460 - base,ssp460 - sce1,ssp460 - sce2,ssp460 - sce3,ssp460 - sce4,ssp460 - sce5,ssp460 - sce6,ssp370 - base,ssp370 - sce1,ssp370 - sce2,ssp370 - sce3,ssp370 - sce4,ssp370 - sce5,ssp370 - sce6,ssp585 - base,ssp585 - sce1,ssp585 - sce2,ssp585 - sce3,ssp585 - sce4,ssp585 - sce5,ssp585 - sce6
2015.5,1.2002316,1.2002316,1.2002316,1.2002316,1.2002316,1.2002316,1.2002316,1.2003775,1.2003775,1.2003775,1.2003775,1.2003775,1.2003775,1.2003775,1.2003269,1.2003269,1.2003269,1.2003269,1.2003269,1.2003269,1.2003269,1.2002287,1.2002287,1.2002287,1.2002287,1.2002287,1.2002287,1.2002287,1.2001991,1.2001991,1.2001991,1.2001991,1.2001991,1.2001991,1.2001991,1.2003222,1.2003222,1.2003222,1.2003222,1.2003222,1.2003222,1.2003222,1.2003946,1.2003946,1.2003946,1.2003946,1.2003946,1.2003946,1.2003946,1.2001772,1.2001772,1.2001772,1.2001772,1.2001772,1.2001772,1.2001772
2016.5,1.2246914,1.2246914,1.2246914,1.2246914,1.2246914,1.2246914,1.2246914,1.2249699,1.2249699,1.2249699,1.2249699,1.2249699,1.2249699,1.2249699,1.2230177,1.2230177,1.2230177,1.2230177,1.2230177,1.2230177,1.2230177,1.2227058,1.2227058,1.2227058,1.2227058,1.2227058,1.2227058,1.2227058,1.2245245,1.2245245,1.2245245,1.2245245,1.2245245,1.2245245,1.2245245,1.2230949,1.2230949,1.2230949,1.2230949,1.2230949,1.2230949,1.2230949,1.2230396,1.2230396,1.2230396,1.2230396,1.2230396,1.2230396,1.2230396,1.2233028,1.2233028,1.2233028,1.2233028,1.2233028,1.2233028,1.2233028
2017.5,1.2515259,1.2515259,1.2515259,1.2515259,1.2515259,1.2515259,1.2515259,1.2506714,1.2506714,1.2506714,1.2506714,1.2506714,1.2506714,1.2506714,1.2501011,1.2501011,1.2501011,1.2501011,1.2501011,1.2501011,1.2501011,1.248292,1.248292,1.248292,1.248292,1.248292,1.248292,1.248292,1.2546215,1.2546215,1.2546215,1.2546215,1.2546215,1.2546215,1.2546215,1.2492456,1.2492456,1.2492456,1.2492456,1.2492456,1.2492456,1.2492456,1.2492647,1.2492647,1.2492647,1.2492647,1.2492647,1.2492647,1.2492647,1.2484131,1.2484131,1.2484131,1.2484131,1.2484131,1.2484131,1.2484131
2018.5,1.2783813,1.2783813,1.2783813,1.2783813,1.2783813,1.2783813,1.2783813,1.2769175,1.2769175,1.2769175,1.2769175,1.2769175,1.2769175,1.2769175,1.2734642,1.2734642,1.2734642,1.2734642,1.2734642,1.2734642,1.2734642,1.2742128,1.2742128,1.2742128,1.2742128,1.2742128,1.2742128,1.2742128,1.2809458,1.2809458,1.2809458,1.2809458,1.2809458,1.2809458,1.2809458,1.2719345,1.2719345,1.2719345,1.2719345,1.2719345,1.2719345,1.2719345,1.2728052,1.2728052,1.2728052,1.2728052,1.2728052,1.2728052,1.2728052,1.2728872,1.2728872,1.2728872,1.2728872,1.2728872,1.2728872,1.2728872
2019.5,1.2990398,1.2990398,1.2990398,1.2990398,1.2990398,1.2990398,1.2990398,1.2955017,1.2955017,1.2955017,1.2955017,1.2955017,1.2955017,1.2955017,1.2922611,1.2922611,1.2922611,1.2922611,1.2922611,1.2922611,1.2922611,1.2923355,1.2923355,1.2923355,1.2923355,1.2923355,1.2923355,1.2923355,1.3027382,1.3027382,1.3027382,1.3027382,1.3027382,1.3027382,1.3027382,1.2907038,1.2907038,1.2907038,1.2907038,1.2907038,1.2907038,1.2907038,1.2908783,1.2908783,1.2908783,1.2908783,1.2908783,1.2908783,1.2908783,1.292242,1.292242,1.292242,1.292242,1.292242,1.292242,1.292242
2020.5,1.317297,1.3172073,1.3172073,1.3171062,1.3171062,1.3171997,1.3171997,1.3127136,1.3127556,1.3127556,1.3127165,1.3127165,1.3127089,1.3127089,1.3097038,1.3095703,1.3095703,1.3099966,1.3099966,1.3097668,1.3097668,1.3072748,1.3072348,1.3072348,1.3072557,1.3072557,1.3073673,1.3073673,1.3237066,1.3237286,1.3237286,1.3237686,1.3237686,1.3238087,1.3238087,1.3069544,1.3070765,1.3070765,1.3070049,1.3070049,1.3071432,1.3071432,1.3068924,1.3069878,1.3069878,1.3069658,1.3069658,1.3067427,1.3067427,1.3090029,1.3089905,1.3089905,1.308979,1.308979,1.3089447,1.3089447
2021.5,1.3386984,1.3383532,1.3383532,1.3376331,1.3376331,1.3380451,1.3380451,1.3319998,1.3321638,1.3321638,1.3316307,1.3316307,1.3316832,1.3316832,1.328311,1.3282452,1.3282452,1.3286037,1.3286037,1.3280001,1.3280001,1.3272676,1.327404,1.327404,1.3264627,1.3264627,1.327055,1.327055,1.3453131,1.3446579,1.3446579,1.3446617,1.3446617,1.3449097,1.3449097,1.3259392,1.3254576,1.3254576,1.3259516,1.3259516,1.325923,1.325923,1.3266172,1.3263245,1.3263245,1.3261538,1.3261538,1.3262119,1.3262119,1.328248,1.327795,1.327795,1.3274689,1.3274689,1.3277445,1.3277445
2022.5,1.3620443,1.3619928,1.3619928,1.3617916,1.3617916,1.3613081,1.3613081,1.3529406,1.3528109,1.3528109,1.3526945,1.3526945,1.3517895,1.3517895,1.3492546,1.3498878,1.3498878,1.348999,1.348999,1.3493404,1.3493404,1.350028,1.3500109,1.3500109,1.3495226,1.3495226,1.3491259,1.3491259,1.3675976,1.3674641,1.3674641,1.3667593,1.3667593,1.366415,1.366415,1.3465137,1.345993,1.345993,1.345582,1.345582,1.3458729,1.3458729,1.3488684,1.3489466,1.3489466,1.3484211,1.3484211,1.3479099,1.3479099,1.3483524,1.3484097,1.3484097,1.3478546,1.3478546,1.3473206,1.3473206
2023.5,1.3859787,1.3851643,1.3851643,1.3849535,1.3849535,1.384098,1.384098,1.3740416,1.373744,1.373744,1.3734951,1.3734951,1.3725338,1.3725338,1.3715019,1.3703985,1.3703985,1.3706808,1.3706808,1.3694401,1.3694401,1.3724108,1.3719883,1.3719883,1.3720951,1.3720951,1.3714838,1.3714838,1.389699,1.3885345,1.3885345,1.3883028,1.3883028,1.3872528,1.3872528,1.3671875,1.3666039,1.3666039,1.3660145,1.3660145,1.3654709,1.3654709,1.3720007,1.3705549,1.3705549,1.3707371,1.3707371,1.3700495,1.3700495,1.3693857,1.3694849,1.3694849,1.3683796,1.3683796,1.3678226,1.3678226
2024.5,1.4105492,1.407959,1.407959,1.4086695,1.4086695,1.4068251,1.4068251,1.3957529,1.3950405,1.3950405,1.3935041,1.3935041,1.393096,1.393096,1.3940611,1.3923655,1.3923655,1.3911152,1.3911152,1.3906269,1.3906269,1.396286,1.3959064,1.3959064,1.3950071,1.3950071,1.3943434,1.3943434,1.4112473,1.4106226,1.4106226,1.4098482,1.4098482,1.4085073,1.4085073,1.389679,1.3887491,1.3887491,1.3871899,1.3871899,1.387063,1.387063,1.3952045,1.3939476,1.3939476,1.3931866,1.3931866,1.392643,1.392643,1.3912287,1.3912945,1.3912945,1.390501,1.390501,1.3892403,1.3892403
2025.5,1.4339914,1.4319935,1.4319935,1.4305143,1.4305143,1.4291048,1.4291048,1.4174061,1.4165993,1.4165993,1.4145727,1.4145727,1.4128456,1.4128456,1.4172068,1.4154091,1.4154091,1.4131794,1.4131794,1.4121761,1.4121761,1.4197712,1.4193363,1.4193363,1.4177723,1.4177723,1.4168139,1.4168139,1.4339828,1.4326344,1.4326344,1.4311857,1.4311857,1.429327,1.429327,1.4123573,1.4111309,1.4111309,1.409584,1.409584,1.4087849,1.4087849,1.4203987,1.4196777,1.4196777,1.4172173,1.4172173,1.4157248,1.4157248,1.4152441,1.4127712,1.4127712,1.4126663,1.4126663,1.4109507,1.4109507
2026.5,1.4551506,1.4530516,1.4530516,1.4505167,1.4505167,1.4490252,1.4490252,1.4376144,1.4353886,1.4353886,1.4336472,1.4336472,1.4310293,1.4310293,1.4391222,1.437849,1.437849,1.4345055,1.4345055,1.4324684,1.4324684,1.4427204,1.4400902,1.4400902,1.4397678,1.4397678,1.4361095,1.4361095,1.4550915,1.453516,1.453516,1.4512672,1.4512672,1.4478817,1.4478817,1.4344082,1.4322252,1.4322252,1.430665,1.430665,1.4286509,1.4286509,1.4442282,1.4422989,1.4422989,1.4402113,1.4402113,1.4377661,1.4377661,1.4373922,1.4342775,1.4342775,1.4328918,1.4328918,1.4306154,1.4306154
2027.5,1.4771299,1.4750652,1.4750652,1.4711332,1.4711332,1.4687805,1.4687805,1.4590254,1.4551487,1.4551487,1.4529791,1.4529791,1.4496002,1.4496002,1.4642801,1.4613771,1.4613771,1.4584446,1.4584446,1.4552383,1.4552383,1.4672937,1.4639702,1.4639702,1.4608622,1.4608622,1.4583235,1.4583235,1.478363,1.4746361,1.4746361,1.4710083,1.4710083,1.4680634,1.4680634,1.4588156,1.4558334,1.4558334,1.4526882,1.4526882,1.4502316,1.4502316,1.4710178,1.4666386,1.4666386,1.464179,1.464179,1.4615421,1.4615421,1.4617863,1.4575195,1.4575195,1.45471,1.45471,1.4517288,1.4517288
2028.5,1.4964876,1.4929829,1.4929829,1.4885349,1.4885349,1.4844522,1.4844522,1.4784155,1.4738426,1.4738426,1.471034,1.471034,1.4652662,1.4652662,1.4890814,1.4849348,1.4849348,1.4802256,1.4802256,1.4765873,1.4765873,1.4895363,1.4858646,1.4858646,1.4818888,1.4818888,1.4779358,1.4779358,1.4986095,1.4941406,1.4941406,1.4901247,1.4901247,1.487011,1.487011,1.4830227,1.4779568,1.4779568,1.474576,1.474576,1.4706936,1.4706936,1.4970312,1.4920273,1.4920273,1.4883451,1.4883451,1.4843168,1.4843168,1.4855366,1.4804468,1.4804468,1.4772415,1.4772415,1.4738636,1.4738636
2029.5,1.515235,1.5099058,1.5099058,1.5054951,1.5054951,1.4998693,1.4998693,1.4979734,1.4928751,1.4928751,1.4874945,1.4874945,1.4822426,1.4822426,1.512928,1.5077696,1.5077696,1.5021544,1.5021544,1.497222,1.497222,1.5119925,1.5067549,1.5067549,1.5018091,1.5018091,1.496685,1.496685,1.5195131,1.5138111,1.5138111,1.5088329,1.5088329,1.5033484,1.5033484,1.5061207,1.5002222,1.5002222,1.4957819,1.4957819,1.4905796,1.4905796,1.5218229,1.5163364,1.5163364,1.5118484,1.5118484,1.5070143,1.5070143,1.5101728,1.5042238,1.5042238,1.4987507,1.4987507,1.4943991,1.4943991
2030.5,1.5324249,1.5263414,1.5263414,1.520051,1.520051,1.5144825,1.5144825,1.5166407,1.5096769,1.5096769,1.5030165,1.5030165,1.4967337,1.4967337,1.5379333,1.5313463,1.5313463,1.5249891,1.5249891,1.5183754,1.5183754,1.5342197,1.5274248,1.5274248,1.5209255,1.5209255,1.515934,1.515934,1.5407143,1.5336494,1.5336494,1.5273409,1.5273409,1.5204172,1.5204172,1.5304174,1.5233088,1.5233088,1.5173111,1.5173111,1.510601,1.510601,1.5486631,1.5421305,1.5421305,1.5355234,1.5355234,1.529233,1.529233,1.5348587,1.528162,1.528162,1.5211773,1.5211773,1.5164833,1.5164833
2031.5,1.5479326,1.54002,1.5399971,1.532258,1.5322399,1.5241413,1.5242214,1.5346127,1.5261955,1.5262642,1.5190525,1.518898,1.5104809,1.5102015,1.5631933,1.5562057,1.5561409,1.5482655,1.5482464,1.5401773,1.5402012,1.5550499,1.5464773,1.5465059,1.538579,1.5384912,1.5319042,1.5319471,1.5625334,1.55375,1.5538359,1.5458374,1.5458536,1.5378103,1.5377893,1.55441,1.5461521,1.546155,1.5385408,1.5385246,1.5306177,1.5305977,1.5746508,1.566555,1.5666876,1.5599289,1.5600395,1.5520754,1.5521183,1.5598993,1.5517149,1.5518551,1.543498,1.5434809,1.5372105,1.5371666
2032.5,1.560853,1.55052,1.550827,1.5431538,1.5427427,1.5331535,1.532876,1.5538635,1.5442228,1.5440006,1.5346298,1.5345755,1.5239048,1.5242281,1.590807,1.5809298,1.5806828,1.5718832,1.5721846,1.562355,1.5625772,1.5751476,1.565814,1.5656052,1.5564108,1.5563297,1.5485706,1.5485907,1.5845423,1.5746832,1.5748253,1.56569,1.5653582,1.5558748,1.5557747,1.5799198,1.5702629,1.5703201,1.5606947,1.5607796,1.5519867,1.5514727,1.6023064,1.5927782,1.5928249,1.5848656,1.5845671,1.5750008,1.5751085,1.5865889,1.5762196,1.576458,1.5678511,1.5683689,1.5588036,1.5586214
2033.5,1.5718813,1.561327,1.5608368,1.550334,1.5504637,1.539815,1.540247,1.5707397,1.559247,1.5581818,1.5487871,1.5484333,1.5377941,1.5376244,1.6182728,1.6065893,1.6063185,1.5963249,1.5967035,1.5865965,1.5859976,1.5953474,1.5837317,1.5835571,1.5730629,1.5726652,1.5643787,1.56394,1.6052608,1.5948877,1.5951433,1.584754,1.5841627,1.5744104,1.5745487,1.6040344,1.5930443,1.5934811,1.5825615,1.5828266,1.572813,1.5727644,1.6286306,1.6174078,1.617465,1.6083908,1.6081018,1.5967922,1.5973816,1.6124315,1.6011353,1.601821,1.5912762,1.5913153,1.5809689,1.5814648
2034.5,1.5830746,1.5691977,1.5686665,1.5573311,1.5567045,1.5441437,1.5443039,1.5885925,1.5745573,1.5747633,1.5635281,1.5623751,1.5509844,1.5504723,1.6458988,1.6331453,1.6333208,1.6220264,1.6221352,1.6104593,1.609519,1.6155987,1.6027527,1.6035957,1.5905542,1.5891275,1.5802794,1.5795898,1.6289368,1.615881,1.6168356,1.6047945,1.6045485,1.5936651,1.59274,1.6304312,1.6175594,1.6175089,1.6054564,1.6056662,1.5943241,1.5943375,1.6560917,1.6435785,1.6435127,1.6333027,1.6326103,1.6208534,1.6199331,1.640769,1.6285286,1.6278534,1.6174393,1.6166458,1.6056032,1.6050825
2035.5,1.591362,1.5764961,1.5755491,1.5637236,1.5624142,1.5489836,1.5485592,1.6054668,1.5917482,1.5904799,1.5765734,1.5759773,1.5640736,1.5624437,1.6746721,1.6605921,1.6595507,1.6481514,1.6466045,1.6349936,1.6331406,1.6350508,1.6218452,1.6214123,1.608221,1.6074371,1.5960836,1.5950117,1.6519852,1.637907,1.638958,1.6256704,1.62467,1.6126862,1.6114082,1.6561546,1.6420069,1.6404028,1.6282434,1.6283951,1.6166239,1.6142111,1.6852427,1.6709967,1.6707249,1.6588526,1.6578226,1.6441698,1.6433849,1.6697779,1.6563587,1.6540852,1.6425219,1.6419716,1.6299963,1.6293049
2036.5,1.5984364,1.583004,1.5815544,1.5671396,1.5654087,1.5514832,1.5502863,1.6204834,1.6052256,1.6045189,1.5900755,1.5887156,1.5765419,1.573657,1.7038565,1.6882286,1.68787,1.6742983,1.6731014,1.6606474,1.6580229,1.6533747,1.6371012,1.6369047,1.6228809,1.6222792,1.6092968,1.6078644,1.6734695,1.6576033,1.6575565,1.6438017,1.6428032,1.6306858,1.6278286,1.6819162,1.6658058,1.6651697,1.6511488,1.6498661,1.6379929,1.6354713,1.7133579,1.698226,1.697115,1.6838903,1.6823597,1.6687851,1.6677036,1.6981306,1.6843195,1.6820145,1.668683,1.6675234,1.6550922,1.6531086
2037.5,1.605401,1.5892372,1.5868139,1.5716667,1.5699129,1.5550127,1.5529099,1.6367006,1.6198015,1.6185389,1.6031504,1.6011763,1.5882835,1.5850277,1.7358532,1.718605,1.7178612,1.7024632,1.7013931,1.6869469,1.685894,1.6751356,1.6565142,1.6552982,1.6399364,1.638526,1.6242161,1.6222353,1.6991253,1.6803112,1.6798792,1.6649532,1.6638327,1.6493759,1.6467199,1.7080364,1.6902094,1.6903801,1.6748028,1.6731892,1.660428,1.6574259,1.7434444,1.7256374,1.724617,1.7110691,1.7089844,1.695735,1.6916256,1.7293959,1.7120457,1.7116928,1.6966429,1.6948729,1.6824389,1.6810846
2038.5,1.6103106,1.5922441,1.5909824,1.5744,1.5718012,1.5560942,1.5525713,1.6516933,1.6328812,1.6325026,1.6163645,1.6139231,1.5994654,1.5954342,1.7686462,1.7494411,1.749114,1.7320023,1.7304726,1.7159052,1.7135992,1.6941204,1.6755085,1.672862,1.6589651,1.6544743,1.6402149,1.6371298,1.722331,1.7030888,1.7023134,1.6848125,1.6834936,1.6699028,1.6669703,1.7353086,1.7166338,1.714591,1.6986227,1.6963072,1.6821775,1.6790676,1.7726641,1.753542,1.7522554,1.7377024,1.7351294,1.7218161,1.7168465,1.7615166,1.7431526,1.741971,1.7261734,1.7240486,1.7098618,1.707552
2039.5,1.6143475,1.5956993,1.5941143,1.5765982,1.572979,1.5566216,1.552516,1.66609,1.6472101,1.6453495,1.627017,1.624094,1.6092062,1.6045303,1.8012934,1.782897,1.7798786,1.7635841,1.7603302,1.746541,1.7411432,1.7122192,1.6940374,1.6895342,1.6744719,1.6697283,1.655179,1.6499844,1.7450523,1.7262344,1.7245035,1.7062788,1.7027054,1.689374,1.6864738,1.7616673,1.7416697,1.7402925,1.7224026,1.7201128,1.7055922,1.7014475,1.8028555,1.7828846,1.7818651,1.7646856,1.7619352,1.7469959,1.7424135,1.7942648,1.7750425,1.772872,1.7569447,1.7543001,1.7381229,1.7354984
2040.5,1.6184368,1.5983114,1.5962934,1.5786085,1.5734367,1.5572891,1.5510397,1.6801062,1.6596279,1.657506,1.6398306,1.6355076,1.6201763,1.6144648,1.8345985,1.8136759,1.812542,1.7947874,1.7913103,1.7762194,1.7700682,1.7314482,1.7095938,1.7070351,1.6902571,1.6868982,1.6703024,1.6637564,1.7691813,1.7485056,1.7451391,1.7270212,1.723403,1.7090578,1.704689,1.7896309,1.7674894,1.7665558,1.7469368,1.7441101,1.7294188,1.722559,1.8332005,1.8125439,1.8097601,1.792779,1.7888308,1.7744789,1.7674837,1.8274803,1.8064804,1.8052816,1.7887049,1.7843351,1.7689915,1.7633991
2041.5,1.6212397,1.6001968,1.5963869,1.578331,1.5722532,1.5563517,1.5481653,1.692687,1.6709452,1.6679621,1.6495724,1.6441908,1.6287785,1.6212234,1.8718529,1.8503685,1.8475924,1.8297234,1.8245144,1.8098488,1.803833,1.7478523,1.7269564,1.7228642,1.70537,1.7004538,1.684968,1.6770535,1.7915516,1.7686214,1.7662048,1.7479134,1.7430811,1.7281933,1.7218504,1.8153057,1.7941647,1.7911367,1.7721605,1.7678108,1.75383,1.7441092,1.8625851,1.8409414,1.839015,1.8208408,1.8166504,1.8010626,1.7937059,1.8636475,1.8407087,1.8385935,1.8214397,1.8163757,1.8014154,1.7935266
2042.5,1.6235704,1.6000996,1.5963783,1.5766048,1.5698576,1.5533724,1.5437269,1.704526,1.6833096,1.6806631,1.6601133,1.6532526,1.6378479,1.6288185,1.9123211,1.8893023,1.8854322,1.8668613,1.8611355,1.8462124,1.8376598,1.7686777,1.7450151,1.7414951,1.723568,1.7158651,1.7008743,1.6910772,1.8162832,1.7940435,1.7903442,1.7717457,1.7656918,1.7507334,1.7426863,1.8416443,1.8191853,1.8156624,1.7986441,1.7919483,1.7773781,1.7675371,1.8939438,1.8711672,1.868165,1.8500051,1.844121,1.8278675,1.8195744,1.9013529,1.8781395,1.8740673,1.8566847,1.8503695,1.8351507,1.8267059
2043.5,1.6235628,1.5994606,1.5934238,1.5750484,1.5671015,1.5514793,1.5386105,1.7159214,1.6931763,1.6902885,1.6702576,1.6621532,1.6458817,1.6347713,1.9511108,1.9281425,1.9237556,1.9055061,1.8997097,1.8844566,1.8733473,1.7860994,1.7634525,1.7585917,1.7405167,1.7306252,1.7163172,1.7053957,1.8400469,1.8164101,1.8126678,1.7944269,1.7865534,1.7724142,1.7607584,1.869998,1.8461714,1.842926,1.8233109,1.8161602,1.8021336,1.7902737,1.9246607,1.9010973,1.8967199,1.878643,1.8720245,1.8562708,1.8461094,1.9389067,1.9152393,1.9113655,1.8949652,1.886652,1.8728428,1.8622522
2044.5,1.6222143,1.5969334,1.5913448,1.5725775,1.5635166,1.5478601,1.5332375,1.725851,1.7004385,1.6983299,1.6775484,1.6685972,1.652482,1.6396351,1.9930658,1.9668932,1.962944,1.9438629,1.9359589,1.9210014,1.9092607,1.8033466,1.7786531,1.7734423,1.75632,1.7462673,1.7306633,1.7183561,1.8645859,1.8395996,1.835269,1.8166571,1.8068323,1.7932034,1.7789965,1.8964558,1.8721619,1.8679771,1.8497181,1.8407784,1.8263416,1.8115292,1.9562426,1.9308529,1.9270763,1.9071455,1.8989811,1.8847847,1.8710804,1.9804497,1.9551725,1.950139,1.9319229,1.9231586,1.909895,1.8969212
2045.5,1.6216745,1.5947056,1.5885572,1.570406,1.5595055,1.5448923,1.5277882,1.736105,1.7097702,1.7050581,1.6847067,1.6745157,1.6602087,1.6440868,2.0325632,2.0067062,2.0029345,1.9834251,1.9725962,1.9596148,1.9458294,1.8228607,1.7966223,1.7903337,1.7713127,1.761344,1.74681,1.7309704,1.89007,1.864296,1.8585396,1.8405495,1.8289242,1.815074,1.7992802,1.9250374,1.9002333,1.8937883,1.8748484,1.8651552,1.8517609,1.8350515,1.9878197,1.9614382,1.957694,1.9388227,1.9282742,1.9147902,1.8990974,2.0211,1.9964943,1.991744,1.9732504,1.9625807,1.9497261,1.9356375
2046.5,1.6190491,1.5923777,1.5861883,1.5664272,1.5529909,1.5393772,1.5204525,1.7456961,1.7165632,1.711937,1.6915989,1.6794586,1.666297,1.648304,2.0713015,2.0453558,2.0394688,2.0206509,2.0095997,1.9963579,1.9786129,1.8388844,1.8136616,1.804348,1.7875605,1.775671,1.7624664,1.7432022,1.9139929,1.8872509,1.881196,1.8618116,1.8506451,1.8375921,1.8201036,1.9518538,1.9262972,1.9198895,1.9003229,1.8877745,1.8762722,1.858099,2.0195942,1.993741,1.9866629,1.9688177,1.956727,1.9442501,1.9264183,2.0649414,2.0384836,2.032524,2.015088,2.00323,1.990838,1.9737368
2047.5,1.6172781,1.5886469,1.5819054,1.5626507,1.5475178,1.5348692,1.5127716,1.7550602,1.724659,1.7180529,1.6995478,1.6843672,1.6741276,1.651741,2.1076126,2.0811691,2.0734825,2.0563412,2.0431404,2.0314922,2.0107813,1.8561811,1.8291359,1.821106,1.8035831,1.7887249,1.7781553,1.755003,1.93999,1.9115105,1.9045868,1.8848467,1.8715982,1.8598022,1.839551,1.9797707,1.9526386,1.94522,1.9262457,1.9123793,1.9016342,1.8807735,2.049757,2.0227404,2.015132,1.9987745,1.9850054,1.9738483,1.953682,2.107545,2.0819197,2.075163,2.057253,2.0431862,2.0319996,2.0128613
2048.5,1.6145163,1.5847635,1.5761614,1.5579128,1.5405865,1.5300798,1.5040512,1.7618732,1.7328796,1.7245045,1.7049952,1.6886654,1.6792917,1.6536636,2.143464,2.116125,2.107973,2.0908642,2.075264,2.0650482,2.042283,1.8741407,1.8453636,1.8366098,1.8190241,1.8026562,1.7908745,1.7676125,1.9640064,1.9354124,1.927516,1.9093122,1.8936148,1.8832855,1.86026,2.0064125,1.9792624,1.9710026,1.9525385,1.9373503,1.9266376,1.9035854,2.0820303,2.0554953,2.0466404,2.0295134,2.0154982,2.0043726,1.9807072,2.1518784,2.1256304,2.1178799,2.1011648,2.0850554,2.0753145,2.0531416
2049.5,1.6106033,1.5819654,1.5716629,1.5534172,1.534275,1.524745,1.4964056,1.7690916,1.7384996,1.7299538,1.7101402,1.6930914,1.6849966,1.6566534,2.176838,2.149106,2.1397152,2.1223068,2.1052513,2.09696,2.0709143,1.8905735,1.8616972,1.8522587,1.833827,1.8153963,1.8059902,1.7785797,1.9884748,1.95998,1.950427,1.9328928,1.914896,1.9064941,1.8800545,2.0324326,2.0044947,1.9954605,1.9762793,1.9594746,1.9507751,1.9254961,2.1141357,2.0860424,2.0778694,2.060379,2.0438414,2.0345907,2.0079174,2.1977444,2.171402,2.1624117,2.1453419,2.1289434,2.1192436,2.0941248
2050.5,1.607235,1.57687,1.5653553,1.5477257,1.5262384,1.5186939,1.4867973,1.7755537,1.7459154,1.7350044,1.7161436,1.6962318,1.6895628,1.6589785,2.207796,2.1790524,2.1696615,2.1527643,2.134284,2.127081,2.098526,1.9072323,1.8769464,1.8660622,1.8487749,1.8282433,1.8202629,1.7896624,2.0137491,1.9843311,1.9733696,1.9567661,1.9369526,1.9292994,1.8997917,2.0589428,2.0300474,2.0207863,2.004363,1.9850111,1.9770565,1.9476833,2.1461449,2.1172104,2.1071596,2.09165,2.072074,2.065176,2.035962,2.243925,2.2160883,2.2070923,2.190359,2.1716118,2.164112,2.1363373
2051.5,1.603219,1.5718699,1.5590143,1.5416193,1.5182505,1.513052,1.4772062,1.7821493,1.7520704,1.7392225,1.7217398,1.7002811,1.6943817,1.6601925,2.2354698,2.2069416,2.1950226,2.1795063,2.1588087,2.1523123,2.1215887,1.9220905,1.8916883,1.8789215,1.8627987,1.8392696,1.83428,1.8003359,2.0386229,2.0081425,1.9962549,1.9800949,1.9564257,1.9508162,1.9193735,2.0867414,2.0569897,2.046381,2.03026,2.0086832,2.002531,1.9695988,2.1786985,2.1491642,2.1385584,2.1227102,2.1018982,2.096324,2.064581,2.2910938,2.2619867,2.2508707,2.2355623,2.2152348,2.209054,2.1780357
2052.5,1.598567,1.566617,1.553031,1.53656,1.5113821,1.5062456,1.4684238,1.7876558,1.7569714,1.743597,1.7267742,1.7033882,1.6991739,1.6618528,2.2595196,2.2304354,2.21743,2.2025328,2.180767,2.1747828,2.1406384,1.9379721,1.9074955,1.8930702,1.8771791,1.8523197,1.8483229,1.8104525,2.061473,2.030672,2.018466,2.0019894,1.978261,1.9737539,1.9387188,2.1132708,2.0831861,2.0724888,2.0563412,2.0323381,2.0282593,1.9925137,2.2127295,2.1822147,2.1708822,2.1557884,2.1335735,2.1289892,2.0933838,2.3367996,2.306903,2.2959375,2.280488,2.2580576,2.2531643,2.2201462
2053.5,1.5929966,1.561059,1.5462055,1.5312443,1.5035,1.5009804,1.4585695,1.793603,1.7626143,1.7483425,1.7325382,1.7045355,1.7037897,1.662817,2.2808847,2.2514029,2.2371817,2.222971,2.1985674,2.195218,2.157874,1.9515524,1.9209385,1.9052267,1.8913717,1.8634968,1.8621445,1.8196869,2.084858,2.0544329,2.0405464,2.0253487,1.9981985,1.9954863,1.9570465,2.1403837,2.1099415,2.097951,2.0825272,2.0571814,2.054575,2.0159836,2.2473125,2.2170563,2.2038631,2.1890697,2.1645746,2.1613083,2.1239662,2.3837376,2.3534412,2.3412113,2.3265839,2.3027678,2.2989044,2.2624636
2054.5,1.5883255,1.5551672,1.5403919,1.5258656,1.4957609,1.4952116,1.4501486,1.7983894,1.7691345,1.7526245,1.738287,1.7083426,1.7067308,1.6653156,2.2994356,2.2689304,2.254838,2.2409334,2.2135572,2.2121449,2.1719809,1.964921,1.9335594,1.9186449,1.9045801,1.8754578,1.8744049,1.8306932,2.107009,2.0759687,2.0619555,2.0475569,2.0186977,2.0171967,1.9759235,2.16792,2.1375256,2.123045,2.1083822,2.0815687,2.0801096,2.039586,2.2815266,2.2512035,2.2378979,2.2230873,2.197239,2.1956987,2.1559105,2.4300041,2.399848,2.3863401,2.3720016,2.3472176,2.3444443,2.3058786
2055.5,1.5835514,1.5501366,1.5344028,1.5199604,1.4890289,1.4888449,1.443018,1.8029728,1.7739229,1.7572803,1.7423,1.7115374,1.7116642,1.6683474,2.3140917,2.2835207,2.2685204,2.2542953,2.2266188,2.2257986,2.1839962,1.9792643,1.947114,1.9321804,1.9174318,1.8867168,1.8872175,1.8414288,2.1282558,2.0975323,2.0835934,2.0699387,2.0400095,2.0403833,1.9958372,2.1942406,2.1632614,2.1489305,2.1341324,2.1063452,2.105339,2.063527,2.3164835,2.2864275,2.2712927,2.2574253,2.23071,2.2291422,2.1882496,2.4755344,2.44695,2.4317932,2.4183254,2.391387,2.390606,2.3504248
2056.5,1.5781221,1.5449848,1.5286798,1.5147772,1.4825974,1.4839096,1.4355679,1.8076487,1.7760181,1.760232,1.745923,1.7143068,1.7149792,1.6689568,2.328166,2.296341,2.2813797,2.2676525,2.238554,2.2378988,2.194707,1.9933882,1.9596443,1.9439259,1.9295635,1.8987026,1.898777,1.8523102,2.1507797,2.1204376,2.1041603,2.090455,2.0612812,2.0624285,2.017809,2.2218409,2.1900034,2.1752214,2.1619854,2.1317272,2.1325998,2.0887833,2.3527355,2.3220615,2.3069944,2.2935467,2.264779,2.2657223,2.2226667,2.5228033,2.4930143,2.4777784,2.4663935,2.4372988,2.4376078,2.395484
2057.5,1.5728607,1.5410938,1.5234308,1.5095501,1.4778156,1.4796495,1.4297285,1.8135624,1.7802839,1.7650557,1.7514324,1.7181826,1.7194481,1.6729212,2.3378553,2.3065157,2.2911386,2.277525,2.2472534,2.2474728,2.203063,2.0045252,1.9725904,1.9568901,1.9425154,1.9108372,1.9118328,1.8647747,2.1724558,2.1422577,2.125472,2.1118507,2.0819664,2.083272,2.0372734,2.2488337,2.2164173,2.2007122,2.1875792,2.1568365,2.1588812,2.113802,2.3888178,2.3576622,2.3420763,2.329029,2.29947,2.301221,2.2575865,2.5695944,2.5396442,2.5248613,2.5122623,2.4831991,2.4842596,2.441249
2058.5,1.5675077,1.5344448,1.5172796,1.5038462,1.4715004,1.4736242,1.4239674,1.8172245,1.7841034,1.7681942,1.7558594,1.7214193,1.7242107,1.676094,2.345975,2.3149643,2.2987194,2.2858477,2.2555552,2.2557478,2.210719,2.0179787,1.9850855,1.9675798,1.9539042,1.9216824,1.9237852,1.8747549,2.1956062,2.1633005,2.1471462,2.132907,2.1034727,2.104886,2.0593882,2.2762508,2.2436237,2.227726,2.2151928,2.1835308,2.1859102,2.1411161,2.424633,2.393713,2.3785868,2.3649702,2.335145,2.3373356,2.292575,2.6157913,2.5863647,2.5718403,2.559,2.5295582,2.5304232,2.4876661
2059.5,1.5618753,1.5291567,1.512577,1.500247,1.4662399,1.4694786,1.4187851,1.8197298,1.7877731,1.7718353,1.7585077,1.7260618,1.7290325,1.6799965,2.3519478,2.3210182,2.304762,2.2913485,2.2602568,2.261176,2.2149858,2.028718,1.9964666,1.9789639,1.9656973,1.932971,1.933835,1.8858843,2.2167807,2.1851902,2.168271,2.1548624,2.124755,2.1264172,2.0802221,2.303031,2.2706518,2.2546148,2.2416153,2.2103033,2.2129612,2.1668577,2.4622097,2.4309826,2.4153643,2.4015007,2.3718824,2.374342,2.3289824,2.6634579,2.634388,2.619833,2.6069832,2.576911,2.5783339,2.535287
2060.5,1.5569696,1.5244646,1.5081825,1.4941463,1.4613914,1.4646511,1.4136906,1.8237705,1.7920008,1.7763786,1.7618093,1.7292023,1.7326441,1.6834126,2.3557892,2.3252287,2.3080482,2.2945557,2.2645826,2.266901,2.2196646,2.040556,2.008237,1.9907818,1.9789219,1.9452782,1.947197,1.8978977,2.237568,2.2069092,2.191142,2.1770954,2.1462688,2.148735,2.1018848,2.3297873,2.2978258,2.2817612,2.2694788,2.238328,2.240182,2.1940107,2.4992847,2.4672651,2.451723,2.4391785,2.4087973,2.4116,2.3658438,2.7121067,2.682949,2.6674004,2.6547031,2.625309,2.6266022,2.583435
2061.5,1.5525713,1.5191269,1.5025854,1.490118,1.4567175,1.4591951,1.4096193,1.8271837,1.7941694,1.7788668,1.7645226,1.7320404,1.7347269,1.6865215,2.358409,2.3269691,2.3099756,2.2967863,2.2653074,2.2671843,2.2206507,2.051526,2.0200567,2.0027313,1.9893913,1.9560852,1.9585409,1.9095592,2.2597017,2.2278728,2.2119045,2.1986217,2.1684322,2.1703672,2.1234598,2.3570547,2.3260489,2.3096542,2.2970133,2.2660694,2.2683287,2.2210016,2.5367508,2.5063486,2.4901981,2.477501,2.446826,2.4500399,2.4043455,2.759348,2.7303543,2.715971,2.7035084,2.6746826,2.6767254,2.633236
2062.5,1.5481415,1.5146885,1.4980307,1.4858685,1.4529753,1.4552536,1.4062662,1.8322201,1.797329,1.7827559,1.7688465,1.7355909,1.739789,1.6924391,2.357029,2.3254461,2.3091412,2.296236,2.2646198,2.2669144,2.2214956,2.061699,2.0302038,2.012208,1.9998446,1.9668865,1.9691734,1.9204664,2.2798595,2.2495747,2.232606,2.2193394,2.1890001,2.1905384,2.1440945,2.3825169,2.3527155,2.3372536,2.3244314,2.2931223,2.2948523,2.2491522,2.5737877,2.5448809,2.5285797,2.5167732,2.4852848,2.4887762,2.4426947,2.8085003,2.7802048,2.7651997,2.7535477,2.7247772,2.7266445,2.6831875
2063.5,1.5429077,1.5099468,1.4944077,1.4802027,1.4483538,1.4519606,1.4029589,1.8331003,1.8015442,1.785593,1.7724085,1.739459,1.7436628,1.6956463,2.354435,2.32347,2.3068733,2.294448,2.2632475,2.2659254,2.2193813,2.0727882,2.04138,2.0238466,2.012106,1.977931,1.980628,1.931694,2.300847,2.2695265,2.2524014,2.239956,2.209261,2.211482,2.1661654,2.4095678,2.3800583,2.3636808,2.3508062,2.3197508,2.3226652,2.2768774,2.6132154,2.5837536,2.5680618,2.556055,2.5247393,2.5282307,2.483657,2.8585262,2.830597,2.8150215,2.8037224,2.77561,2.7774677,2.7351112
2064.5,1.5379725,1.5065861,1.4901257,1.4772186,1.4453726,1.4477148,1.3997927,1.8377008,1.8037491,1.7891226,1.7750902,1.7427588,1.7468328,1.6990738,2.352045,2.3203964,2.3043613,2.2920074,2.2604914,2.2632856,2.2182693,2.081172,2.0512657,2.033719,2.021862,1.9885054,1.9913597,1.9422922,2.3198261,2.2893066,2.2736998,2.2601566,2.2300625,2.2325191,2.1866837,2.4366293,2.4069967,2.3909302,2.379426,2.3480291,2.3513393,2.3049307,2.6515274,2.6242847,2.6072912,2.5961637,2.5653162,2.5689259,2.5234985,2.9100628,2.8807697,2.8661385,2.8547878,2.8270416,2.829132,2.7866955
2065.5,1.533186,1.5018921,1.4863176,1.4739771,1.4426136,1.4454546,1.3981571,1.8396778,1.8085785,1.7944736,1.7798815,1.7471704,1.7521706,1.7048407,2.3478384,2.3165998,2.301218,2.2884245,2.2576084,2.2597952,2.2150106,2.092143,2.0609903,2.0440435,2.0318604,1.9997416,2.0020628,1.9543381,2.3408394,2.309268,2.2937841,2.280922,2.2510843,2.2533188,2.208909,2.4622297,2.4324846,2.4181862,2.4063444,2.3762999,2.3793688,2.3332272,2.6916924,2.6630898,2.647728,2.6369572,2.6067762,2.6099024,2.566084,2.961813,2.9329128,2.9190216,2.9075603,2.8798504,2.8817215,2.8398323
2066.5,1.5275488,1.4974022,1.4816656,1.4700966,1.4385452,1.4425116,1.3969421,1.8422804,1.8119221,1.7977352,1.7842093,1.752389,1.7565918,1.7092285,2.3421144,2.3113823,2.2964697,2.284419,2.2534437,2.255721,2.2118778,2.1011457,2.0707798,2.0540428,2.0426645,2.0104952,2.01227,1.9647989,2.3605394,2.330737,2.3149347,2.3014297,2.2725935,2.274537,2.2302523,2.4885101,2.459403,2.4445,2.4336014,2.404459,2.4069767,2.361702,2.73077,2.7027683,2.6876469,2.6772785,2.6471825,2.6515007,2.6083317,3.0137806,2.985735,2.9713135,2.9605808,2.9326706,2.9348984,2.893364
2067.5,1.5234556,1.4931164,1.4780416,1.4668026,1.4363089,1.4396725,1.3950691,1.8440924,1.8142986,1.8008146,1.7894955,1.7560472,1.7607946,1.7148666,2.3353157,2.3048506,2.2904243,2.2781935,2.2486467,2.251274,2.207119,2.1100464,2.0791855,2.0627584,2.0515137,2.0200377,2.021964,1.9757557,2.3792086,2.3495579,2.3338785,2.3213844,2.2932396,2.2952604,2.2524004,2.515561,2.4872265,2.4721622,2.4606113,2.4313898,2.4341555,2.3901062,2.7712173,2.7439823,2.7292747,2.718254,2.6894455,2.6928768,2.650816,3.0658379,3.0382614,3.0245266,3.0137196,2.987114,2.990139,2.949915
2068.5,1.5176268,1.4887905,1.4748259,1.4630947,1.4338083,1.4365997,1.3938227,1.8465853,1.8168821,1.8026934,1.7933073,1.7609873,1.7640381,1.7204285,2.327446,2.2985353,2.2829065,2.2722626,2.2423391,2.2452612,2.2014914,2.1184292,2.0900307,2.0734835,2.0631275,2.0323524,2.0336084,1.9890594,2.3985205,2.3698444,2.3546724,2.3433533,2.314787,2.3174934,2.2743568,2.5407133,2.5127878,2.4993992,2.4877634,2.459835,2.462202,2.4202366,2.8107204,2.7845764,2.770441,2.7601185,2.7324562,2.7357426,2.6937237,3.119625,3.0924282,3.078867,3.0687408,3.0426083,3.0443535,3.0046196
2069.5,1.5148335,1.4855556,1.471715,1.459692,1.431201,1.4351339,1.3931637,1.8476133,1.8193083,1.8039951,1.7940874,1.7636814,1.7691851,1.724472,2.3196964,2.2907038,2.2750664,2.2641869,2.235773,2.2385302,2.1970406,2.1252718,2.097682,2.0813513,2.0717688,2.041626,2.0433445,1.9990339,2.4163885,2.3897114,2.3749933,2.3626337,2.334962,2.3380032,2.2965088,2.566987,2.5390015,2.525506,2.5150814,2.4881525,2.491047,2.4483995,2.8517933,2.8260212,2.8118095,2.8020935,2.7742653,2.777689,2.7378368,3.1746063,3.1465054,3.1333027,3.1232834,3.0974007,3.0997295,3.0609684
2070.5,1.5088997,1.4822702,1.4680433,1.4571571,1.4307756,1.432682,1.3926134,1.8486757,1.8218508,1.807375,1.7980795,1.7675209,1.7738075,1.7300625,2.309948,2.2819195,2.266943,2.2568598,2.228181,2.230857,2.1900692,2.1328192,2.1051722,2.0899973,2.081461,2.0517187,2.0532045,2.0105429,2.434515,2.4085655,2.394061,2.3830948,2.3565474,2.3592234,2.3186712,2.5917215,2.5656967,2.5523014,2.5420866,2.5147514,2.5177813,2.477703,2.8936863,2.868763,2.8538857,2.844326,2.8178177,2.821333,2.782587,3.230566,3.2028408,3.1875973,3.1790085,3.153183,3.1558075,3.1187992
2071.5,1.5043488,1.4784107,1.4655619,1.4540911,1.4286518,1.4317341,1.3923388,1.84976,1.8248053,1.8104868,1.801219,1.7719355,1.7779894,1.7354498,2.3004274,2.2735147,2.2587004,2.2488623,2.2206373,2.223383,2.1841393,2.1407309,2.1126957,2.0982275,2.090352,2.0623293,2.0630255,2.022707,2.4519358,2.426217,2.412756,2.4023943,2.3768263,2.3789625,2.341135,2.6163712,2.591689,2.5793953,2.5695858,2.5436916,2.545702,2.507146,2.9348946,2.9105988,2.8971443,2.8864079,2.861189,2.8653946,2.827156,3.2853298,3.2608871,3.2452888,3.2374897,3.2115974,3.2150955,3.1784058
2072.5,1.499897,1.4763584,1.4619436,1.4510975,1.4271574,1.4294109,1.3909826,1.8518324,1.8270245,1.8122597,1.803052,1.7747736,1.7802877,1.7398453,2.2891188,2.2633572,2.2499056,2.2395573,2.2132092,2.2156363,2.1780195,2.1471605,2.1212797,2.1070776,2.0981903,2.0721092,2.0728292,2.0323029,2.4704323,2.4459362,2.4324045,2.422306,2.3969107,2.399829,2.3619833,2.6419296,2.6178093,2.6054716,2.5962658,2.5707712,2.5736446,2.5365143,2.977232,2.9542046,2.9406776,2.931263,2.906805,2.9100552,2.8734074,3.3402748,3.3182735,3.3038101,3.2956867,3.2706451,3.2748737,3.2406292
2073.5,1.4950275,1.4720058,1.4585409,1.4486084,1.4250298,1.4281006,1.3913708,1.8513317,1.8265314,1.8138952,1.8049107,1.7781124,1.7822714,1.7446127,2.2787857,2.2533083,2.2403793,2.2308779,2.2053175,2.2077494,2.1708174,2.1525955,2.1283407,2.1146297,2.106677,2.081666,2.0825663,2.0441399,2.4864206,2.4628582,2.4501762,2.4407768,2.4166832,2.4192238,2.3827858,2.6666126,2.6432552,2.6310024,2.6230354,2.5981808,2.6012554,2.5659552,3.0190086,2.9969673,2.9849281,2.9752388,2.9506054,2.9538097,2.9184246,3.396469,3.3753147,3.3633308,3.3541393,3.3318806,3.3341331,3.3018665
2074.5,1.490037,1.4682064,1.4554749,1.4459181,1.4234552,1.427434,1.3925467,1.8513031,1.8273602,1.8144093,1.8066416,1.7808409,1.7848396,1.7494917,2.2683496,2.2439241,2.2306585,2.221716,2.196824,2.199545,2.1638632,2.1588984,2.1355867,2.1220684,2.114645,2.0894794,2.0914936,2.052494,2.5032244,2.4803867,2.4682322,2.4591084,2.436038,2.4381723,2.4033232,2.691988,2.6694965,2.6578236,2.649166,2.6266556,2.6294518,2.5946789,3.0620441,3.0410767,3.028492,3.019329,2.995863,2.9992466,2.9652958,3.4538765,3.431837,3.4209576,3.4120388,3.3910809,3.3926716,3.3611622
2075.5,1.4858236,1.4639044,1.4516344,1.4440985,1.4225292,1.4257927,1.3929377,1.8515425,1.8275013,1.8150549,1.8073454,1.7835503,1.7877836,1.7525072,2.2573261,2.2336645,2.221511,2.2130232,2.1884937,2.1906605,2.1563768,2.1634512,2.1417723,2.129384,2.1223154,2.0977488,2.1006021,2.0629292,2.5197096,2.497756,2.4863367,2.4775324,2.4541082,2.4564466,2.4227295,2.7165184,2.694912,2.6841335,2.6757545,2.6542797,2.6561356,2.6239967,3.1038322,3.0842571,3.0726852,3.0634403,3.0418148,3.0455074,3.0114021,3.5114117,3.4904861,3.4796047,3.4702663,3.4501057,3.4521255,3.4208107
2076.5,1.4798374,1.4593229,1.4483137,1.4405565,1.4205065,1.422699,1.3926411,1.8491879,1.82726,1.8150797,1.8077459,1.7845097,1.7889042,1.7548275,2.246151,2.2236423,2.211979,2.203827,2.1801968,2.1826658,2.149516,2.1686811,2.147272,2.1360388,2.128992,2.1068687,2.1074476,2.074191,2.535574,2.5138378,2.502985,2.494131,2.4731016,2.4749098,2.4432821,2.7414188,2.7204628,2.7099361,2.7020168,2.680952,2.6830463,2.6520157,3.148159,3.1283188,3.1174202,3.1085644,3.0871944,3.0902386,3.057331,3.5702705,3.5485077,3.538395,3.5307426,3.5105152,3.5120792,3.4815464
2077.5,1.4758139,1.4570379,1.4457674,1.4383478,1.4186592,1.4205093,1.391902,1.8493023,1.8277988,1.8160267,1.8088522,1.7869596,1.7890339,1.759059,2.2351742,2.21313,2.2018814,2.1937857,2.1715298,2.1740742,2.1423836,2.174241,2.1534595,2.1421986,2.1354856,2.11403,2.1157866,2.0832443,2.5509176,2.530713,2.5197325,2.5102034,2.4906473,2.4930162,2.4621134,2.7668839,2.7455482,2.7354832,2.7282238,2.7078114,2.709118,2.6801414,3.1951084,3.1727562,3.1628666,3.1531677,3.1326866,3.1358223,3.1048012,3.6281872,3.6079464,3.5973244,3.5899467,3.570383,3.572462,3.542986
2078.5,1.4692574,1.4524698,1.4421387,1.4340992,1.4164591,1.4183474,1.3913908,1.845871,1.8254414,1.8148909,1.8079987,1.7887096,1.790062,1.7612915,2.224,2.2027464,2.1921444,2.1844263,2.1638184,2.1658878,2.1356268,2.177536,2.1585798,2.1478271,2.1402788,2.1218262,2.1231918,2.0922232,2.566083,2.5464058,2.5359325,2.526946,2.5077896,2.509162,2.4806414,2.7897034,2.7698402,2.7609863,2.7529507,2.733532,2.736,2.707735,3.2402058,3.2209263,3.2119427,3.1994019,3.1794853,3.1819553,3.1519089,3.687788,3.6682854,3.6585846,3.6514187,3.6309242,3.633501,3.6051903
2079.5,1.4654951,1.447032,1.4390726,1.4326439,1.4157324,1.4173775,1.3905325,1.8448448,1.8237152,1.815032,1.8080769,1.7884254,1.7911577,1.7627583,2.2128572,2.1929312,2.1832895,2.1752396,2.1557217,2.1573515,2.1286287,2.1816425,2.1629171,2.1532335,2.1463728,2.1285696,2.1282845,2.1003208,2.581358,2.562066,2.5521688,2.5450659,2.5255241,2.5276804,2.4998808,2.813984,2.7949905,2.78541,2.778658,2.760044,2.7619762,2.7347298,3.2838974,3.2656422,3.2560883,3.2435246,3.225834,3.2284317,3.1996384,3.7465706,3.7279358,3.7187023,3.7117481,3.6927853,3.6950607,3.6682968
2080.5,1.4587088,1.4434166,1.4350777,1.4293041,1.4127064,1.4148006,1.3897057,1.8420391,1.8220978,1.8135424,1.8078756,1.7889433,1.7916632,1.7645798,2.201271,2.1819057,2.172577,2.165701,2.1469355,2.1494694,2.121315,2.1853237,2.1679525,2.1591015,2.1527414,2.1351852,2.1354904,2.108533,2.5963478,2.577386,2.568472,2.560893,2.5429173,2.5444565,2.517888,2.8389168,2.8205166,2.811489,2.804411,2.786747,2.7888145,2.7627487,3.327589,3.31081,3.3019924,3.2900696,3.275051,3.2781143,3.2479248,3.8052998,3.7876453,3.778576,3.7718315,3.7547035,3.756544,3.730772
2081.5,1.4547482,1.4393263,1.4312534,1.4245644,1.4099436,1.4118137,1.3894196,1.8378792,1.820858,1.8111534,1.8068771,1.7883625,1.7910242,1.7662363,2.190299,2.1716862,2.162816,2.1565475,2.1386251,2.1403732,2.1138744,2.1878672,2.1724663,2.1627655,2.1576881,2.1406393,2.141407,2.1166668,2.610258,2.5928726,2.5850182,2.5776777,2.5613499,2.5626984,2.5375147,2.861559,2.8441124,2.8355904,2.828453,2.8121872,2.8147888,2.7887897,3.3712482,3.3556728,3.3468761,3.3391094,3.3235703,3.3260593,3.298029,3.8646297,3.8485584,3.840088,3.8335876,3.8167706,3.818554,3.794445
2082.5,1.4491739,1.4356861,1.4278431,1.4220972,1.4078398,1.4104671,1.38902,1.8344164,1.8177519,1.8096724,1.8049583,1.7885427,1.790863,1.7675514,2.1788063,2.1607685,2.1523943,2.1462965,2.1287708,2.130971,2.105545,2.1910925,2.175972,2.167859,2.1618423,2.146761,2.147439,2.1238804,2.6248646,2.6085653,2.6003637,2.5944424,2.5780296,2.5800705,2.5555983,2.8850803,2.869135,2.8609695,2.8548584,2.8386364,2.8411045,2.8158817,3.4155045,3.3998547,3.3916988,3.385027,3.369587,3.371786,3.3468323,3.9235992,3.9086456,3.9005947,3.8946247,3.8796082,3.8810482,3.8584328
2083.5,1.4432211,1.4307079,1.4232645,1.41854,1.40621,1.4086256,1.3882399,1.8314228,1.8163023,1.8072195,1.8026323,1.787857,1.7908878,1.7700624,2.1666574,2.1498203,2.141817,2.1357336,2.1197882,2.1214237,2.0984764,2.1931486,2.1793041,2.1714287,2.165741,2.1519814,2.15316,2.1308527,2.63912,2.6247292,2.616827,2.6106005,2.595213,2.5966425,2.573903,2.9079647,2.8931503,2.8853416,2.8790188,2.8638783,2.8658905,2.842535,3.461403,3.445591,3.4376087,3.4321003,3.4164505,3.419119,3.396572,3.9838963,3.9694786,3.961729,3.9555817,3.9409046,3.9423122,3.9207478
2084.5,1.4372025,1.4271908,1.418829,1.4151258,1.4034147,1.4061546,1.3875837,1.8267279,1.811985,1.8046579,1.8006172,1.7863951,1.7889061,1.769455,2.1546688,2.1382551,2.1313095,2.1250238,2.1105757,2.1123714,2.0902987,2.1955853,2.182375,2.175435,2.1697884,2.1572094,2.157257,2.136222,2.6538143,2.6402245,2.6329956,2.6271381,2.6135654,2.6141644,2.5924654,2.9294453,2.9164314,2.9088821,2.9036999,2.8896427,2.891426,2.8698673,3.505991,3.4919739,3.48497,3.477684,3.4626312,3.465231,3.4442368,4.044546,4.0311604,4.024029,4.0182934,4.004339,4.0053864,3.9856167
2085.5,1.4331474,1.4221392,1.4163609,1.4123411,1.4014797,1.404233,1.3869486,1.8234863,1.8104572,1.803401,1.7990532,1.7869301,1.7889204,1.7695656,2.1420774,2.1276503,2.1205454,2.115034,2.1013021,2.1032743,2.0825405,2.1968155,2.184246,2.1776962,2.1731691,2.160225,2.1613941,2.142271,2.6682491,2.655735,2.6484547,2.6435547,2.63089,2.6314182,2.611267,2.9520817,2.9396458,2.9331894,2.927578,2.9139576,2.9157581,2.8954506,3.551218,3.5376072,3.531252,3.52355,3.5101776,3.5128613,3.492546,4.1030273,4.090885,4.083929,4.0788116,4.0664864,4.067724,4.0482883
2086.5,1.4269514,1.4181633,1.4123983,1.4081621,1.3991566,1.4015026,1.3862028,1.8195667,1.8075314,1.8017273,1.797636,1.7863007,1.7867689,1.7699976,2.1303015,2.1163797,2.109892,2.1057472,2.093236,2.0946598,2.075099,2.198594,2.1869316,2.1813917,2.176918,2.1648197,2.1663952,2.148656,2.6814213,2.6693268,2.663948,2.6587486,2.6467934,2.6478977,2.6297245,2.97369,2.9622707,2.955286,2.9513683,2.9386578,2.939865,2.9215355,3.597353,3.584938,3.5790787,3.571083,3.5593739,3.5615082,3.5410366,4.163027,4.150715,4.14505,4.1394005,4.127821,4.128742,4.1114426
2087.5,1.4208937,1.4135475,1.4089184,1.4046688,1.3966742,1.3982754,1.3850031,1.8155546,1.8034611,1.7976208,1.7945595,1.7835073,1.7843103,1.7707529,2.1185827,2.1057396,2.0998945,2.0947838,2.0835314,2.0845957,2.06598,2.1993198,2.1891499,2.1836433,2.179163,2.1685915,2.169732,2.1535416,2.6956997,2.683838,2.679226,2.674446,2.6626549,2.6641235,2.647482,2.9948902,2.98386,2.9781704,2.9745636,2.9626846,2.963663,2.9471722,3.6416912,3.6302853,3.6246052,3.6173286,3.606327,3.6078568,3.5897827,4.222643,4.2113647,4.2058372,4.2009583,4.189888,4.191183,4.1733627
2088.5,1.4161263,1.4082699,1.4044762,1.4009876,1.3936644,1.3948212,1.3832321,1.8108654,1.7997904,1.7949677,1.792881,1.78267,1.7838669,1.7694445,2.1071882,2.0944042,2.0895472,2.0849085,2.0741138,2.0756435,2.0596924,2.200221,2.1902437,2.1859722,2.1814442,2.1725492,2.1731863,2.158245,2.7101269,2.6989555,2.6942253,2.6898537,2.6801453,2.6805172,2.6655197,3.0169468,3.0070171,3.001318,2.9981003,2.9866982,2.9877758,2.9724236,3.6874142,3.6765308,3.6714764,3.665388,3.6556263,3.6565247,3.6386833,4.282057,4.270834,4.2658577,4.262169,4.2516823,4.2526665,4.2368736
2089.5,1.4091492,1.4043951,1.4009247,1.3980703,1.392622,1.3925476,1.3828545,1.8060627,1.7962837,1.7925882,1.7900286,1.7824087,1.7812157,1.7704229,2.0944061,2.0839872,2.0786057,2.0750437,2.0650473,2.0670195,2.0514746,2.200224,2.1929264,2.1873598,2.1840124,2.1763449,2.176588,2.1631937,2.7234879,2.713234,2.7089272,2.7056255,2.6960182,2.6969624,2.6831913,3.0381565,3.0288353,3.0238686,3.0208511,3.0106926,3.01153,2.9977207,3.7327213,3.7228622,3.717701,3.7122612,3.7030163,3.704012,3.6882286,4.341427,4.3313217,4.326311,4.3224945,4.313093,4.314188,4.299486
2090.5,1.4054947,1.4001112,1.3956461,1.3943253,1.388937,1.3901253,1.3816223,1.8016558,1.7927914,1.7887573,1.7875004,1.7793121,1.7811308,1.7701883,2.0830383,2.072875,2.0676794,2.0649395,2.0555344,2.0574875,2.043748,2.2000103,2.1935463,2.1878948,2.1857452,2.177621,2.1781301,2.1658573,2.7367477,2.7273903,2.7237148,2.7203102,2.7116947,2.71167,2.7000008,3.058672,3.0503216,3.0458317,3.0438576,3.0346146,3.035263,3.022112,3.7777157,3.768423,3.763485,3.7590256,3.7503128,3.7516499,3.7376862,4.401552,4.3919773,4.387083,4.3833466,4.37414,4.37545,4.362015
2091.5,1.3983965,1.3956804,1.3912363,1.3911314,1.386632,1.3872719,1.3810863,1.7974958,1.789073,1.787035,1.7845907,1.7780943,1.7783985,1.7703886,2.071329,2.0611486,2.058034,2.0546455,2.0469036,2.0479698,2.0354233,2.1992197,2.1936464,2.1892605,2.1866484,2.181015,2.1808777,2.1698065,2.7492275,2.7412643,2.7374592,2.7354527,2.7264156,2.7267513,2.7166119,3.0795765,3.071373,3.0682335,3.0643978,3.0565605,3.058094,3.0456905,3.8217945,3.8135223,3.8087635,3.8057766,3.797165,3.7988834,3.7863808,4.4605007,4.4520245,4.4475727,4.4435863,4.435253,4.435934,4.4240513
2092.5,1.3933392,1.3913069,1.3879576,1.3866949,1.3841734,1.3843279,1.3793802,1.793087,1.7858896,1.7832108,1.7816544,1.7757311,1.7765532,1.7685308,2.0583906,2.0502024,2.0475235,2.0446196,2.037324,2.038867,2.0281076,2.1979685,2.1929913,2.1901455,2.1878614,2.1827765,2.1821012,2.1725903,2.7617474,2.7550602,2.7519226,2.7498112,2.742525,2.74255,2.7324066,3.0984497,3.091589,3.0882702,3.0857773,3.0788536,3.0798054,3.0692387,3.866476,3.8587742,3.8550224,3.8525772,3.8451862,3.846178,3.8360538,4.520094,4.512001,4.508169,4.5051403,4.4969673,4.4974136,4.4865894
2093.5,1.3867731,1.3859501,1.3825283,1.382144,1.3792953,1.3807888,1.3757048,1.7884865,1.781517,1.7797041,1.7790127,1.7733622,1.7742825,1.7679567,2.0477285,2.038992,2.0369692,2.0339642,2.0287905,2.0289898,2.018794,2.197013,2.1925259,2.1905937,2.1872826,2.1832724,2.1826973,2.1755056,2.7739372,2.7680454,2.7652912,2.7627163,2.757206,2.7565765,2.748457,3.1189537,3.1119804,3.1086082,3.1061535,3.0999794,3.1009464,3.0916386,3.911728,3.9051228,3.9013138,3.8990307,3.8921185,3.8930016,3.883688,4.579527,4.572653,4.568405,4.565336,4.558302,4.5585766,4.54838
2094.5,1.3825226,1.3822451,1.3790016,1.3787203,1.3759232,1.3770943,1.3737326,1.784833,1.7788973,1.7760925,1.776,1.7718773,1.7720127,1.7673349,2.0351982,2.0281372,2.0264492,2.0240393,2.0187445,2.019763,2.0108032,2.1952162,2.1912928,2.188901,2.1873465,2.1834002,2.1831293,2.1767855,2.7860718,2.78018,2.7782116,2.7768555,2.7710896,2.7708206,2.7637806,3.1371918,3.131548,3.1292439,3.1266384,3.1212444,3.1214314,3.1133194,3.9579506,3.9515648,3.9488735,3.946474,3.9397202,3.9409237,3.9314194,4.6384754,4.6316605,4.628643,4.6256905,4.619217,4.6196957,4.6096573
2095.5,1.3770256,1.3771667,1.3742046,1.3744879,1.3724766,1.3736715,1.3723011,1.7813959,1.7755795,1.7733641,1.772769,1.7704725,1.7704439,1.7669048,2.0245838,2.0171814,2.0161047,2.01235,2.0095854,2.008359,2.0018759,2.1932955,2.190238,2.1886177,2.1855192,2.1824226,2.1818552,2.1778364,2.7981281,2.7933788,2.7912865,2.7898502,2.7849998,2.7851143,2.7777157,3.1568928,3.1515255,3.1487923,3.1472683,3.142187,3.142006,3.1351414,4.003063,3.9973679,3.994238,3.9920921,3.9872265,3.9872742,3.9796772,4.697939,4.6916695,4.6882877,4.6861515,4.6795883,4.6809196,4.6714153
2096.5,1.3709326,1.3724022,1.3698645,1.3692942,1.369688,1.368371,1.3684301,1.7771244,1.7714825,1.7706604,1.7706738,1.7667542,1.767456,1.7648544,2.0132475,2.0069294,2.0060244,2.00346,1.9990978,1.9992962,1.9932299,2.1911669,2.1883116,2.185771,2.1845045,2.182146,2.1819735,2.1780825,2.8097916,2.8053093,2.8034801,2.802084,2.7983036,2.7973251,2.7917461,3.1744366,3.1697884,3.1685162,3.166153,3.1608963,3.162035,3.15625,4.0492153,4.044283,4.0412884,4.039549,4.034422,4.0349865,4.027605,4.756899,4.750971,4.748455,4.7455254,4.739994,4.7409,4.732477
2097.5,1.3643322,1.3664494,1.3658562,1.3647299,1.365078,1.364562,1.3649015,1.7728157,1.7683,1.7671833,1.7674541,1.7652779,1.7646656,1.7628698,2.0016184,1.9960222,1.9953127,1.9921827,1.9897413,1.9891472,1.9846439,2.1883287,2.1863842,2.184575,2.1827765,2.1811056,2.1801233,2.1767712,2.8219986,2.8181114,2.8163795,2.8151245,2.8110638,2.8112679,2.805706,3.1922684,3.1884346,3.1885376,3.1846523,3.1798248,3.180933,3.1751957,4.095522,4.0909233,4.08794,4.086521,4.0821495,4.082466,4.075823,4.8149605,4.8096294,4.807104,4.804985,4.799753,4.8005943,4.7929363
2098.5,1.3582382,1.3606005,1.3597507,1.3596449,1.3592339,1.3588142,1.3601837,1.7680988,1.7655087,1.7649708,1.7647877,1.7623177,1.7631788,1.7609911,1.9902248,1.9851799,1.983798,1.9820089,1.9791985,1.9787388,1.9741201,2.1862307,2.1836815,2.18256,2.1808796,2.1790848,2.1783428,2.1744642,2.8324718,2.8283806,2.82761,2.8260689,2.822546,2.8230019,2.8181934,3.2097569,3.2059479,3.2086697,3.2031689,3.1988583,3.1993237,3.1951542,4.142235,4.13813,4.135786,4.1337566,4.129957,4.1303024,4.1243305,4.873827,4.8682365,4.866091,4.8637886,4.8594093,4.859787,4.852976
2099.5,1.3527222,1.3554955,1.355092,1.3546782,1.3555374,1.3544474,1.3561249,1.7635384,1.7613955,1.761116,1.7606411,1.759079,1.7594719,1.7579975,1.9786787,1.9742346,1.9716997,1.970108,1.9681301,1.9682655,1.9632902,2.1823053,2.180356,2.1796303,2.178276,2.1773968,2.1764355,2.173009,2.8441544,2.8408222,2.8400307,2.838232,2.835041,2.8352318,2.8307858,3.2262497,3.222599,3.2269554,3.2199688,3.2161903,3.2171783,3.2129211,4.189245,4.185009,4.183031,4.1810646,4.17737,4.1780033,4.172304,4.930704,4.9257317,4.923937,4.9220047,4.917454,4.9184284,4.912014
2100.5,1.3479233,1.3505669,1.3507357,1.3493729,1.350627,1.3501205,1.350832,1.7606773,1.7579508,1.7569666,1.7580271,1.7561245,1.7566948,1.7555494,1.9684525,1.9646635,1.961915,1.9610786,1.9593477,1.9588747,1.9530373,2.178547,2.176591,2.1768932,2.1749945,2.1746893,2.1730766,2.1693506,2.8551636,2.8516808,2.8506126,2.8491726,2.8461628,2.846571,2.8423576,3.2442722,3.2396927,3.2434807,3.2377872,3.2342548,3.2349472,3.2309856,4.2358093,4.232256,4.2303467,4.2289295,4.2254105,4.2258377,4.2209206,4.98785,4.983431,4.981798,4.9799633,4.9758015,4.976343,4.9705772
2101.5,1.340435,1.3435354,1.3432217,1.3424282,1.3437653,1.3429518,1.3440199,1.7560892,1.7549171,1.7545414,1.7547894,1.752944,1.7526417,1.7522469,1.956974,1.9520912,1.9503679,1.9481783,1.9474134,1.9471807,1.9431257,2.1752682,2.171791,2.1716871,2.1713467,2.1702728,2.1690054,2.166668,2.865322,2.8622131,2.860695,2.8600216,2.857605,2.8567982,2.8540268,3.2601986,3.2567406,3.2608032,3.2548904,3.2511845,3.251915,3.2477703,4.281891,4.27857,4.277336,4.2757072,4.272295,4.272276,4.2682686,5.043911,5.03953,5.038313,5.036255,5.032646,5.0333195,5.0276127
2102.5,1.3350277,1.3378115,1.337986,1.3369246,1.3380404,1.3376675,1.3394938,1.753274,1.7516575,1.7512321,1.7514086,1.7499857,1.7496672,1.7486334,1.9458132,1.9405851,1.939991,1.9366064,1.936904,1.9359293,1.9334373,2.1698523,2.1682243,2.1676455,2.167163,2.1660461,2.1644516,2.1633282,2.8756924,2.8727608,2.8718796,2.8705044,2.8685417,2.867712,2.8649445,3.275444,3.2721844,3.2769089,3.270092,3.2685661,3.2685928,3.2653255,4.329632,4.326483,4.324484,4.3235703,4.3199234,4.3198776,4.315708,5.0984573,5.093952,5.09305,5.0909443,5.0881176,5.087818,5.0833893
2103.5,1.3282661,1.3324413,1.3319893,1.3302565,1.33144,1.3316536,1.3341827,1.7510281,1.748106,1.748456,1.7487736,1.7468519,1.7484236,1.7470169,1.9333305,1.9291201,1.9284296,1.926588,1.9256554,1.9248943,1.9238863,2.1655254,2.1627064,2.1631374,2.1622791,2.1611404,2.159789,2.159069,2.8848152,2.882475,2.8807907,2.8803844,2.878582,2.8780308,2.875084,3.290903,3.288025,3.2925072,3.2872257,3.2845364,3.2848892,3.281332,4.376438,4.3729515,4.3718224,4.3702526,4.367506,4.3670826,4.3635845,5.1507874,5.147415,5.146452,5.143944,5.1410084,5.1413155,5.1364594
2104.5,1.3217363,1.3255186,1.3240404,1.3227015,1.3238869,1.325304,1.3276958,1.7468224,1.7438488,1.7431269,1.7446442,1.7436686,1.7434492,1.7436256,1.9224892,1.9170961,1.9178514,1.9159012,1.913516,1.9133158,1.9133387,2.160946,2.159603,2.1593924,2.1585083,2.1567097,2.1559305,2.154954,2.8937607,2.8915672,2.8903637,2.8901997,2.8882427,2.8872623,2.8849564,3.3071384,3.3032703,3.3089962,3.3018951,3.3009567,3.3007069,3.2970333,4.421522,4.417959,4.416605,4.41543,4.4131145,4.412668,4.4091625,5.203512,5.199669,5.198698,5.19722,5.1943684,5.1944027,5.1907654
2105.5,1.316618,1.3186684,1.3169622,1.3161259,1.3172588,1.3180294,1.3218403,1.7431173,1.7407532,1.7412052,1.7417641,1.7401772,1.7397842,1.739666,1.910964,1.9074488,1.9077034,1.9060097,1.9037905,1.9046421,1.9036617,2.156457,2.1542597,2.1545954,2.1535978,2.1530046,2.1523294,2.1510515,2.903658,2.9009743,2.900383,2.9000664,2.8980808,2.8972378,2.8957863,3.3217354,3.3191586,3.3244934,3.317587,3.3159752,3.316204,3.313757,4.467142,4.4636,4.4626446,4.4613724,4.458866,4.457966,4.4550743,5.2548847,5.2519417,5.2512627,5.2485504,5.2456055,5.2452774,5.2416725
2106.5,1.3110743,1.313304,1.3105688,1.3113651,1.3117809,1.3122473,1.3164749,1.7405872,1.7374792,1.7372608,1.7384481,1.7366858,1.737216,1.735939,1.9024124,1.8970251,1.8984156,1.897152,1.8950586,1.8942804,1.8928747,2.1515694,2.1497955,2.1504784,2.1494007,2.1483326,2.1469116,2.1461897,2.9116993,2.9093456,2.9092865,2.9081287,2.9070892,2.905733,2.904604,3.3364162,3.3335762,3.3405895,3.3321495,3.3311272,3.3303375,3.328493,4.5114746,4.5085125,4.5072002,4.5060368,4.5035973,4.5032425,4.5006504,5.305113,5.301956,5.30122,5.2992535,5.2969284,5.2971306,5.2928505
2107.5,1.3050995,1.3068504,1.3048458,1.305069,1.3051634,1.305253,1.3105402,1.7367582,1.7337465,1.7341404,1.7340689,1.7336502,1.733365,1.7325544,1.8916378,1.8871908,1.8890867,1.8854637,1.8843384,1.8836498,1.8813448,2.1462564,2.1441898,2.144703,2.1441488,2.144104,2.1431217,2.1410704,2.921156,2.918293,2.9182262,2.9177475,2.916172,2.9149837,2.9133148,3.3518734,3.3492527,3.354416,3.347807,3.3451881,3.3458538,3.3427486,4.555357,4.5525665,4.5516777,4.5504436,4.548046,4.5479603,4.5446854,5.355133,5.352131,5.3513145,5.3498974,5.3469315,5.3469143,5.343317
2108.5,1.2980967,1.2988052,1.2984743,1.2988663,1.2985382,1.2980242,1.3027763,1.7334871,1.7314711,1.7305965,1.7311525,1.7297487,1.729742,1.7297363,1.8819857,1.8775978,1.8795233,1.8762751,1.8756828,1.875637,1.8723087,2.1412106,2.1406536,2.1408396,2.1406136,2.1400661,2.1383886,2.136671,2.9299068,2.926674,2.926651,2.9266834,2.9247704,2.9241047,2.9227486,3.3658772,3.366047,3.369442,3.3639965,3.3622818,3.362894,3.3577576,4.598879,4.5961685,4.5953197,4.5940876,4.5916576,4.5913734,4.588724,5.404705,5.4013557,5.4006443,5.3993816,5.3967323,5.396408,5.3933067
2109.5,1.2909708,1.2931099,1.2926674,1.293086,1.2935343,1.2931242,1.2959299,1.7298422,1.7272186,1.7265081,1.7272711,1.726654,1.7263622,1.7264585,1.8715029,1.8675852,1.8681049,1.866394,1.8651352,1.8654861,1.8627024,2.1361208,2.1360064,2.1357212,2.1358204,2.134224,2.1336832,2.1310806,2.939085,2.936863,2.93573,2.935482,2.9339085,2.9330235,2.9304657,3.3818932,3.3818264,3.3834152,3.3798275,3.378357,3.3793068,3.374752,4.6411133,4.6394196,4.637741,4.637104,4.6349335,4.634577,4.631727,5.4537125,5.450783,5.4496307,5.448635,5.4459915,5.445669,5.4422245
2110.5,1.2849226,1.2873707,1.2863035,1.2854452,1.2868099,1.2867289,1.2890224,1.726819,1.7252045,1.7244482,1.7257023,1.7241678,1.7241297,1.7235279,1.8618956,1.8583536,1.8583174,1.8575926,1.8561344,1.856288,1.8518257,2.1309795,2.1298351,2.1303434,2.1299524,2.1289682,2.128437,2.1254902,2.9471416,2.9451122,2.9436836,2.9441528,2.9416656,2.9411774,2.9401035,3.3972492,3.3964806,3.3981304,3.3952408,3.3933945,3.3930187,3.389843,4.6839314,4.680628,4.680292,4.6789417,4.676832,4.676241,4.6741962,5.501604,5.4985695,5.4983196,5.4968243,5.4948616,5.4943523,5.4907494
2111.5,1.2798252,1.2817984,1.2824936,1.280406,1.2833204,1.2817936,1.2838373,1.7247705,1.7230816,1.7212849,1.7223225,1.7213221,1.7207642,1.7201385,1.8537674,1.8502092,1.8488083,1.8490791,1.8473854,1.8479662,1.842557,2.125126,2.1245975,2.1250563,2.125021,2.122693,2.1231222,2.121251,2.9553776,2.953497,2.9521046,2.9519749,2.9500866,2.9496994,2.947935,3.411869,3.41086,3.4122238,3.4098053,3.4080257,3.4074097,3.4054317,4.724682,4.7221336,4.7215786,4.7206383,4.718395,4.7186203,4.716032,5.5493393,5.546335,5.5460987,5.5447483,5.5426407,5.5416603,5.5391197
2112.5,1.273839,1.2763281,1.2759018,1.2751017,1.2766647,1.2756329,1.278182,1.721303,1.7190838,1.7177572,1.7184448,1.7172108,1.7180529,1.7174902,1.8448696,1.8404837,1.840888,1.8395405,1.8383684,1.8374653,1.8321733,2.120325,2.1189384,2.1201897,2.1190577,2.1175194,2.117138,2.115574,2.9627876,2.9609337,2.9597034,2.9602413,2.95862,2.9580975,2.9568348,3.4254322,3.42387,3.425106,3.4223328,3.420866,3.4204426,3.4189663,4.7660866,4.76289,4.7617645,4.760948,4.759363,4.7591934,4.7563515,5.5974865,5.594492,5.59363,5.5926743,5.590048,5.5895805,5.5872726
2113.5,1.2668524,1.2693033,1.26824,1.2680044,1.2692871,1.2694654,1.2721958,1.7182446,1.7159338,1.7147303,1.7160673,1.7149172,1.7143478,1.714037,1.8364468,1.8314638,1.8333864,1.8304014,1.8298721,1.8287525,1.8241329,2.1144924,2.1138601,2.1141262,2.1134539,2.1121826,2.1109781,2.1102161,2.97081,2.9694977,2.9688702,2.9678783,2.966854,2.9663754,2.9646587,3.4394054,3.4374409,3.439125,3.4364052,3.4342003,3.4339771,3.4328766,4.8059425,4.803179,4.8020077,4.8016644,4.7997,4.7995358,4.7969456,5.644102,5.6413574,5.640316,5.6390457,5.6367035,5.6367683,5.6338234
2114.5,1.2624931,1.2648153,1.263689,1.2634697,1.2639608,1.2645674,1.266468,1.7156401,1.7139158,1.713295,1.713088,1.7113647,1.711442,1.7105103,1.8252087,1.820529,1.8228178,1.8195877,1.8196096,1.8192282,1.815032,2.108941,2.107936,2.1090584,2.1076784,2.107747,2.1058445,2.1052866,2.9783688,2.97649,2.976139,2.9754887,2.974575,2.9737453,2.9726315,3.4524326,3.4506702,3.4521427,3.4496136,3.447691,3.4474697,3.4463081,4.846035,4.843113,4.842272,4.841837,4.840147,4.839428,4.83696,5.6899014,5.687111,5.686638,5.6853256,5.68289,5.682638,5.680084
2115.5,1.256813,1.2586355,1.2577362,1.257719,1.2575493,1.258378,1.260807,1.7137918,1.7116766,1.7103376,1.7098494,1.7086897,1.7091265,1.7080336,1.8157177,1.8121061,1.8123255,1.8098536,1.8093348,1.8107815,1.8076086,2.1031733,2.1023378,2.1036406,2.101922,2.101839,2.0997057,2.0998392,2.986496,2.983593,2.9840488,2.9830208,2.98246,2.981636,2.9801846,3.4654083,3.4637508,3.465149,3.4624443,3.460619,3.4605598,3.459076,4.884407,4.882389,4.8814735,4.88035,4.8790703,4.8791924,4.8763103,5.734995,5.732376,5.7319965,5.730953,5.728834,5.728031,5.7253475
2116.5,1.2513428,1.253252,1.2523851,1.2524815,1.2530985,1.2535276,1.2555962,1.7094917,1.7072821,1.7064123,1.7065496,1.7050695,1.7056532,1.7035866,1.8064022,1.8031149,1.8020096,1.7992964,1.7990332,1.800209,1.7990589,2.0979328,2.0964031,2.0974855,2.096589,2.0962439,2.0939608,2.0939283,2.994543,2.9922466,2.9923897,2.990715,2.9903297,2.9896812,2.987814,3.4785366,3.4771729,3.4784126,3.4758987,3.4748898,3.4742222,3.4725533,4.9238415,4.921488,4.920639,4.9196243,4.917284,4.9173203,4.914503,5.7799797,5.7775784,5.7771187,5.776003,5.7736187,5.773077,5.7708282
2117.5,1.2448368,1.2481422,1.2464619,1.2464724,1.2477655,1.2469606,1.2484655,1.707305,1.7055788,1.7040539,1.7052755,1.702816,1.7026329,1.7022228,1.795825,1.7940435,1.7918139,1.7888727,1.7887363,1.7885094,1.7888985,2.0921793,2.0897732,2.0923862,2.0902624,2.090496,2.0882301,2.0871868,3.002348,2.9988785,2.9990635,2.9991875,2.9980278,2.9968014,2.9951897,3.4925709,3.4905624,3.4913025,3.4894276,3.4885082,3.487791,3.48555,4.9616623,4.95932,4.958599,4.9578094,4.9564667,4.956127,4.954035,5.824135,5.8216095,5.820503,5.819662,5.817642,5.8176556,5.81472
2118.5,1.2395868,1.2419891,1.2414732,1.2409344,1.2416754,1.2416601,1.2430143,1.704299,1.7015991,1.7013235,1.7014723,1.7002316,1.6995592,1.699296,1.7850981,1.7843695,1.7809553,1.7785549,1.7779131,1.7777557,1.779171,2.0862513,2.0844116,2.0862665,2.0843363,2.0840235,2.0826893,2.0807304,3.0096874,3.0073586,3.0068188,3.0063133,3.0052147,3.004179,3.0032597,3.5044765,3.5026207,3.5031452,3.5021648,3.50107,3.5007153,3.4984455,4.9993076,4.9968357,4.996704,4.9947186,4.9932003,4.9928036,4.991045,5.8674736,5.865093,5.8639145,5.8630314,5.860985,5.86075,5.858305
2119.5,1.2349577,1.2371569,1.2371159,1.2365017,1.2360706,1.2371635,1.2387562,1.7022381,1.6991701,1.6980724,1.6987553,1.696765,1.6967716,1.6964579,1.7749786,1.7721596,1.7714186,1.7685022,1.7675161,1.7675695,1.7697783,2.0809898,2.079485,2.0791073,2.0787678,2.0773096,2.076702,2.0757113,3.0163574,3.0139694,3.0131626,3.013754,3.012169,3.0112839,3.0098286,3.5176392,3.5160522,3.5163498,3.5156174,3.5139942,3.5139236,3.5112267,5.0358143,5.0341225,5.033184,5.0328197,5.031271,5.030958,5.0278854,5.9102383,5.9080334,5.907072,5.9056168,5.904484,5.9038544,5.900524
2120.5,1.2289429,1.2310104,1.2318716,1.2303171,1.2308168,1.2308998,1.2330914,1.6991711,1.6961555,1.6954145,1.6960945,1.6941175,1.6942863,1.694107,1.7656794,1.7621593,1.7616568,1.7597284,1.7590418,1.7580824,1.7598696,2.0743723,2.074174,2.0741434,2.0725422,2.070736,2.070119,2.0685587,3.0237446,3.0223503,3.021532,3.0204258,3.019474,3.0179138,3.0173569,3.5296535,3.5280895,3.5279636,3.5275002,3.5265007,3.526163,3.5237293,5.0729027,5.070198,5.0697384,5.0679226,5.0666046,5.066658,5.0639057,5.9527073,5.9500656,5.948902,5.947891,5.945755,5.9458523,5.943487
2121.5,1.2245922,1.2260056,1.2263117,1.2248363,1.2243814,1.2247734,1.2267265,1.6953831,1.6939192,1.6913252,1.6930494,1.6906881,1.6907549,1.6900301,1.7567501,1.7530689,1.7536736,1.7517834,1.7502136,1.750143,1.748827,2.0696,2.0694132,2.0668163,2.0674353,2.065589,2.0640574,2.0633545,3.0311623,3.0287018,3.0283127,3.0272293,3.0266037,3.0256824,3.0242252,3.5421505,3.541418,3.5405006,3.540388,3.5392761,3.5392284,3.5367699,5.1088524,5.1068516,5.105835,5.1049137,5.1037655,5.1036606,5.100807,5.9940643,5.991955,5.9910717,5.9898014,5.987932,5.9877167,5.984997
2122.5,1.219881,1.2204885,1.2203312,1.2191792,1.2187033,1.2188749,1.2208815,1.6934481,1.6918354,1.6898355,1.690568,1.6890068,1.6885605,1.6874924,1.7490196,1.7441053,1.7456722,1.7427988,1.7423153,1.7406769,1.7386856,2.0630932,2.0626535,2.0607796,2.0612383,2.0606842,2.059515,2.0576487,3.03718,3.035427,3.0348072,3.0338612,3.0331287,3.0324898,3.0310917,3.5548344,3.5531807,3.5528584,3.5522366,3.5517864,3.5512962,3.5487614,5.145088,5.1428013,5.1426125,5.14069,5.1394005,5.139736,5.136797,6.0344086,6.0321674,6.0315876,6.0302105,6.0287514,6.028698,6.0258083
2123.5,1.2138996,1.2151709,1.2153912,1.2138796,1.2141237,1.2138624,1.2148571,1.6921644,1.6893129,1.6876831,1.6883421,1.6870766,1.6869907,1.6838093,1.7398014,1.7358589,1.7371483,1.7341461,1.7341127,1.7325792,1.7300234,2.0580416,2.0571299,2.0557165,2.055766,2.0554342,2.054515,2.052147,3.044958,3.0424023,3.0421925,3.0409946,3.0399494,3.0389347,3.037365,3.5667877,3.565567,3.564745,3.5636044,3.5632248,3.5626278,3.560812,5.1794395,5.177496,5.176964,5.1754265,5.1744957,5.1742535,5.172098,6.0743523,6.0721703,6.0714664,6.070677,6.0693264,6.0684013,6.0657463
2124.5,1.2085476,1.2099028,1.2097931,1.2090979,1.2091408,1.2090311,1.2099409,1.6878872,1.6841507,1.6836128,1.6828651,1.6826715,1.6819544,1.6796665,1.7310352,1.7261105,1.7266855,1.7247839,1.723958,1.7229156,1.720274,2.0529013,2.0510664,2.0511284,2.050292,2.048666,2.0486336,2.0451164,3.050085,3.0481834,3.0481129,3.0469894,3.0461693,3.0456257,3.0438156,3.579111,3.5772705,3.5771275,3.5758762,3.5751686,3.5755196,3.572857,5.2156944,5.212984,5.212002,5.211603,5.209446,5.2105885,5.206827,6.114174,6.112459,6.1114807,6.109766,6.108288,6.1085377,6.105707
2125.5,1.2035017,1.2044888,1.2020464,1.2034693,1.2035999,1.2029171,1.2047348,1.6856203,1.682085,1.6826515,1.6818342,1.6818371,1.6803255,1.6786928,1.7224722,1.7185087,1.7176867,1.7170649,1.7159929,1.7160578,1.712616,2.0469599,2.0440817,2.04568,2.0438213,2.0417414,2.042694,2.0390835,3.0573826,3.0552788,3.0549583,3.0541801,3.0530262,3.051571,3.0503597,3.5910206,3.5894089,3.5896568,3.5884457,3.5871773,3.5869484,3.5847492,5.250412,5.2478848,5.2468014,5.2465534,5.2443237,5.244936,5.2426376,6.152708,6.1507244,6.150135,6.149126,6.1477757,6.147003,6.144253
2126.5,1.198596,1.1997871,1.1964674,1.1981363,1.198081,1.1973362,1.1989231,1.6823788,1.6792822,1.6792889,1.6774902,1.6768646,1.6764975,1.6751356,1.7138634,1.7089615,1.7084103,1.7078772,1.7062883,1.7060499,1.7036419,2.041727,2.0388632,2.040594,2.0390167,2.0373592,2.0376644,2.0341454,3.0637932,3.0618038,3.0612926,3.0609894,3.0594673,3.0592384,3.0570412,3.602314,3.6006813,3.600729,3.5989075,3.5983906,3.5980663,3.5961037,5.285387,5.283457,5.282753,5.28117,5.278822,5.279623,5.276573,6.191078,6.189417,6.188574,6.1876297,6.1855526,6.185604,6.182823
2127.5,1.1941109,1.1947203,1.1917305,1.1929197,1.1933756,1.1925793,1.1944008,1.6804743,1.677288,1.6767454,1.6761723,1.6741934,1.673027,1.6730471,1.7045555,1.6999979,1.7007122,1.6986275,1.6971884,1.6965942,1.6940517,2.0354977,2.031457,2.0336142,2.0331736,2.030961,2.0295458,2.0266685,3.0699024,3.0679379,3.0673008,3.066908,3.0660229,3.0651379,3.063078,3.6141262,3.6128006,3.6127396,3.6109238,3.6097374,3.609291,3.607439,5.3192883,5.3176994,5.3167496,5.316145,5.3141136,5.314785,5.312107,6.2282066,6.2263393,6.225418,6.224827,6.2238884,6.2229576,6.219923
2128.5,1.1887856,1.188405,1.1874628,1.1880713,1.1875658,1.1880684,1.1883993,1.6779099,1.6732225,1.6736479,1.6728382,1.6712418,1.6699762,1.6694193,1.6957283,1.691617,1.692975,1.6901894,1.6894827,1.6878796,1.6855755,2.0282955,2.0247326,2.0272856,2.0263672,2.0246353,2.023096,2.020691,3.077034,3.0748959,3.0750675,3.0736504,3.0722618,3.071476,3.0697556,3.6253414,3.6241856,3.6240368,3.6219215,3.620718,3.6204662,3.618559,5.3538017,5.352165,5.351227,5.3499393,5.34873,5.34865,5.3462715,6.2645283,6.2631264,6.262726,6.2611923,6.2590256,6.2586155,6.256716
2129.5,1.1837463,1.1838999,1.1838369,1.1832438,1.1821957,1.1812172,1.1832533,1.6735764,1.6703701,1.6711197,1.6701603,1.6692295,1.6666775,1.6661863,1.6857576,1.682559,1.6826401,1.6815128,1.6807461,1.6783915,1.6768599,2.021944,2.0202484,2.0202732,2.0196314,2.0193863,2.016881,2.0148802,3.0825062,3.0801735,3.0804443,3.0789661,3.078207,3.077261,3.0748978,3.636736,3.635376,3.6358852,3.6332283,3.6322384,3.6321392,3.630827,5.3867283,5.384964,5.3841915,5.3832436,5.381428,5.3821926,5.3791046,6.300907,6.2990913,6.2981834,6.2973156,6.2958565,6.295578,6.2927284
2130.5,1.1774969,1.1774073,1.1794176,1.1773624,1.176547,1.1754894,1.1763821,1.671257,1.6675959,1.6682005,1.6683655,1.6659184,1.6648073,1.6642342,1.6777849,1.6730728,1.6738443,1.6721973,1.670908,1.6694689,1.6682463,2.014781,2.014718,2.0133648,2.0128202,2.0125093,2.0107431,2.0080385,3.0886803,3.087204,3.0872517,3.086071,3.0845985,3.0831738,3.0818634,3.648161,3.6467304,3.646431,3.6441994,3.64332,3.643242,3.641245,5.4206085,5.4190063,5.4181843,5.4172306,5.4155903,5.415598,5.4129486,6.335783,6.334095,6.333845,6.332695,6.33066,6.3304787,6.327677
2131.5,1.1719227,1.172534,1.1748543,1.1723166,1.171526,1.1710606,1.1715698,1.6685743,1.6650953,1.6643581,1.6645527,1.6616793,1.662137,1.6614971,1.6688032,1.6649046,1.663866,1.662857,1.6619511,1.6609926,1.6590776,2.009673,2.0087414,2.0086212,2.0074768,2.0061693,2.0039177,2.0017462,3.095396,3.093277,3.0928936,3.0920143,3.0908852,3.089384,3.0874596,3.658636,3.6574516,3.656908,3.6551838,3.653904,3.6538792,3.6523514,5.4523945,5.450119,5.4497547,5.4487095,5.4473476,5.4474125,5.4448833,6.3702965,6.3685493,6.368183,6.3670826,6.365473,6.365349,6.3621616
2132.5,1.167181,1.1677666,1.1692705,1.1665487,1.166853,1.1653461,1.1657524,1.6659012,1.6635742,1.6610117,1.6614952,1.6595469,1.6594048,1.6582823,1.6590719,1.6543922,1.6539755,1.6535006,1.6513243,1.6510162,1.6505556,2.0039883,2.0026464,2.0034542,2.0018263,2.0000906,1.9981203,1.9948454,3.1003895,3.0990372,3.098238,3.0974426,3.0963917,3.0952682,3.093914,3.6703663,3.6694012,3.6687603,3.6675549,3.6656303,3.6663742,3.6638336,5.4847183,5.483021,5.482111,5.481476,5.4799156,5.4800587,5.4776745,6.4044685,6.402937,6.4018974,6.4006767,6.3994904,6.399143,6.396183
2133.5,1.1608686,1.1618586,1.1614876,1.1610336,1.1608315,1.1593142,1.1588058,1.6634798,1.6620417,1.6596956,1.6598787,1.658287,1.6582718,1.6558867,1.6504202,1.6459084,1.6456766,1.6450081,1.6416607,1.6419954,1.6426134,1.9980335,1.9953451,1.9961414,1.9960699,1.9932871,1.9919891,1.9893789,3.1073055,3.1050224,3.1051903,3.1041393,3.1030369,3.1012592,3.10009,3.6809063,3.6796684,3.6779613,3.677578,3.6754513,3.6761303,3.6737442,5.5161667,5.514471,5.5137787,5.513111,5.5112247,5.5114784,5.509323,6.4378014,6.435852,6.4354534,6.4345417,6.432968,6.4326744,6.429537
2134.5,1.1568232,1.1573162,1.1557713,1.155549,1.1557722,1.154995,1.1539326,1.6598196,1.6568022,1.6560869,1.6565332,1.6541519,1.6541891,1.6523247,1.6406946,1.6361704,1.6364975,1.6364737,1.6331615,1.6330757,1.6338243,1.9927759,1.9894218,1.9895887,1.990305,1.9879541,1.9874687,1.9835081,3.1122932,3.1103992,3.110014,3.1090698,3.1079102,3.106966,3.1047935,3.6924896,3.6912136,3.6895428,3.689476,3.6870956,3.6880207,3.6857128,5.547285,5.5456524,5.5451584,5.5443535,5.542349,5.542576,5.54023,6.4706287,6.4689465,6.4683113,6.467161,6.4658413,6.4654922,6.462078
2135.5,1.1511803,1.151741,1.1495686,1.1508207,1.1498442,1.1489096,1.1486149,1.6581011,1.6545954,1.6532831,1.6546555,1.6522818,1.6526785,1.6506062,1.632494,1.6279202,1.6287823,1.6285505,1.6250372,1.6262369,1.6251268,1.9858198,1.9828157,1.9825106,1.9828348,1.9809027,1.9818144,1.9762154,3.1182652,3.1166382,3.1156902,3.115179,3.114046,3.1123505,3.111124,3.7029305,3.7021503,3.7005615,3.6996746,3.6980343,3.6986408,3.696556,5.5780334,5.5762463,5.5756416,5.57498,5.5727806,5.5734005,5.5708504,6.5021954,6.5013123,6.5004234,6.4993305,6.4979153,6.497511,6.494375
2136.5,1.1459484,1.1457415,1.145711,1.1454287,1.1440315,1.1440125,1.1435299,1.6544409,1.6508656,1.6499386,1.6509266,1.6482744,1.6501188,1.6474657,1.6217461,1.6173029,1.6186934,1.6186848,1.6153889,1.6152544,1.6149359,1.9789534,1.9777184,1.9761381,1.9756918,1.9752207,1.97575,1.9708576,3.1240654,3.1219044,3.1214008,3.1200504,3.1189804,3.117916,3.1160164,3.7136612,3.7119713,3.7110195,3.7103157,3.708969,3.709547,3.7074547,5.6077957,5.606226,5.6055202,5.604643,5.602909,5.6034336,5.601158,6.5344715,6.53281,6.532303,6.5313625,6.5297394,6.5294857,6.526123
2137.5,1.1420336,1.1408815,1.1415205,1.1396074,1.1392851,1.1394949,1.1382589,1.6521101,1.6479235,1.6477776,1.648715,1.6457129,1.6474962,1.6452293,1.6129398,1.6091661,1.6099606,1.6099863,1.6068869,1.6064129,1.6071272,1.9720888,1.9726496,1.9704714,1.9693441,1.96978,1.967926,1.9648762,3.1298027,3.127285,3.1258926,3.1251812,3.12434,3.123211,3.1215134,3.7239475,3.7229347,3.721342,3.7206059,3.7198048,3.7202568,3.7174606,5.6380157,5.636265,5.635868,5.6348896,5.6331253,5.634018,5.631172,6.565752,6.564287,6.5634785,6.5626183,6.5613117,6.5608234,6.5573673
2138.5,1.1362686,1.134635,1.1357298,1.1343346,1.1330957,1.1342449,1.1328068,1.650465,1.6457338,1.6455946,1.6477652,1.6432533,1.6449499,1.642415,1.604909,1.6009207,1.6008968,1.6015863,1.5983095,1.5980301,1.5981522,1.9669666,1.9666634,1.9665022,1.9635773,1.9624662,1.9612703,1.9595528,3.1348095,3.1328259,3.1324081,3.1316643,3.130125,3.1296368,3.127411,3.7343407,3.7332325,3.7319298,3.7315807,3.7299767,3.7298794,3.7274227,5.6662865,5.664404,5.6637745,5.6633205,5.661438,5.6622257,5.659376,6.596321,6.5947437,6.594137,6.593292,6.591753,6.591427,6.5880604
2139.5,1.1317568,1.1304102,1.1301689,1.1287136,1.1286345,1.1302433,1.1291151,1.6459951,1.6421614,1.6425514,1.6426792,1.6387911,1.6406822,1.6374235,1.5952101,1.5918064,1.5911226,1.5922165,1.5886946,1.5884247,1.5894413,1.9610405,1.9591265,1.9595289,1.9581747,1.9543133,1.9548483,1.9515419,3.1398354,3.1380253,3.1368732,3.1364346,3.13451,3.1345043,3.132021,3.744728,3.7435017,3.742445,3.7419739,3.7397594,3.739891,3.7377052,5.695286,5.6932564,5.6928196,5.6919537,5.690365,5.6911163,5.688196,6.6272297,6.625927,6.625141,6.624279,6.622795,6.622381,6.619356
2140.5,1.1250992,1.125454,1.1240044,1.1225691,1.1224737,1.1240053,1.1228142,1.643467,1.6396484,1.6404104,1.6400566,1.6365747,1.6380644,1.6348715,1.5864382,1.5828133,1.582675,1.583662,1.5798569,1.5794153,1.5792751,1.9534435,1.9509945,1.9517374,1.9518814,1.9490252,1.949997,1.9452524,3.1442242,3.1420994,3.1417122,3.1410046,3.1397533,3.1391792,3.1375713,3.7544441,3.7529144,3.752575,3.7517853,3.7496338,3.7496128,3.7468052,5.7226315,5.72143,5.7210426,5.7201786,5.71867,5.718672,5.7162,6.6574116,6.65584,6.655287,6.654354,6.6531143,6.652502,6.6494255
2141.5,1.1195679,1.1209192,1.1192398,1.1178885,1.1179552,1.1179476,1.1196594,1.6411762,1.6364574,1.6362076,1.6364975,1.6331644,1.6335859,1.6308012,1.576683,1.5732107,1.5743341,1.5732288,1.5707111,1.569233,1.568532,1.9468479,1.9449492,1.9457855,1.9450932,1.9427805,1.9436989,1.9386015,3.1498222,3.1477642,3.1477547,3.1469955,3.144514,3.1444416,3.142826,3.7641659,3.7621784,3.761572,3.7608833,3.7590122,3.7591343,3.7569675,5.7514286,5.749468,5.748783,5.7479477,5.7469177,5.747324,5.7443256,6.686985,6.6853848,6.6847153,6.684021,6.6825542,6.6821213,6.6789455
2142.5,1.1134996,1.1144638,1.1144981,1.1136608,1.1128502,1.111373,1.113245,1.6390934,1.6335554,1.6334839,1.6346912,1.6307573,1.6305904,1.6286345,1.5695381,1.5656996,1.5664072,1.5652514,1.5638418,1.5621796,1.5603704,1.9396181,1.9396162,1.9390707,1.9382782,1.9370623,1.9366322,1.9320192,3.1538448,3.151678,3.1515942,3.1510525,3.1492863,3.1490765,3.1469307,3.7750416,3.7729263,3.7718391,3.7708263,3.7693539,3.7690563,3.7669563,5.778164,5.7763214,5.775833,5.775625,5.773857,5.774206,5.7714767,6.7165165,6.714903,6.714119,6.713337,6.711895,6.7114735,6.708256
2143.5,1.1088858,1.1102533,1.1104221,1.1079788,1.1076927,1.1073265,1.1069088,1.636178,1.631217,1.6310978,1.6308069,1.6276817,1.6294556,1.6259079,1.562293,1.5585356,1.5584755,1.5580654,1.5562248,1.5548105,1.5512266,1.9339762,1.9347734,1.934845,1.9314995,1.9315157,1.9292784,1.9264317,3.1586819,3.1569767,3.1572666,3.1560478,3.15407,3.1541443,3.1519032,3.7851372,3.7829285,3.7815208,3.780737,3.779377,3.7797298,3.7773285,5.805475,5.8034496,5.802986,5.80258,5.8009014,5.8013973,5.798832,6.744892,6.743208,6.7424316,6.7417793,6.7404556,6.7401505,6.7369366
2144.5,1.1035204,1.1052942,1.1047258,1.1026888,1.1023922,1.1029139,1.1023836,1.631958,1.627451,1.6262531,1.6260815,1.6240416,1.6248789,1.6227522,1.5526857,1.5480051,1.5491352,1.5480938,1.5464668,1.5449905,1.5419664,1.928463,1.9284124,1.9276962,1.9260149,1.9239559,1.9230709,1.920661,3.1636028,3.1612606,3.16148,3.1607418,3.1588173,3.1587048,3.1564503,3.7943687,3.7938652,3.7922707,3.7909718,3.7899094,3.7900047,3.7866497,5.832323,5.830433,5.830185,5.8289776,5.82794,5.828394,5.8257484,6.772833,6.771204,6.7702713,6.769682,6.7682304,6.7680225,6.7647896
2145.5,1.099555,1.1001387,1.1006918,1.0968885,1.0970201,1.0980406,1.0978498,1.6302137,1.6255388,1.6243505,1.6240892,1.6217785,1.6221619,1.6201944,1.5451593,1.541008,1.5417929,1.5408154,1.5384874,1.5375967,1.5342741,1.921318,1.9208794,1.9214096,1.9205647,1.9178791,1.917181,1.9139757,3.168661,3.166441,3.1656895,3.164486,3.164236,3.1624794,3.16144,3.8044395,3.8030186,3.8015003,3.8014355,3.799055,3.7996063,3.7975636,5.857725,5.8559704,5.8554916,5.85561,5.853277,5.85367,5.851717,6.8005066,6.798731,6.7980003,6.797285,6.7957153,6.795698,6.7924156
2146.5,1.0939913,1.0948839,1.0965271,1.0929718,1.0914116,1.0923347,1.0917454,1.6265345,1.6231833,1.6213226,1.6217318,1.6200285,1.6195335,1.6179991,1.5384636,1.5340424,1.5342474,1.5323925,1.5312529,1.5302744,1.5270634,1.9167786,1.9151783,1.915741,1.915081,1.9121675,1.9115019,1.908556,3.1734219,3.1708336,3.1709557,3.17029,3.1692429,3.1682243,3.1660671,3.8127174,3.8121376,3.8110142,3.8108444,3.8085232,3.8094063,3.8063087,5.884222,5.8826275,5.881895,5.8807163,5.8797474,5.8798885,5.8775673,6.8278484,6.8263454,6.82568,6.8247604,6.8232765,6.8231106,6.819933
2147.5,1.0898724,1.0911474,1.091774,1.0882826,1.0870495,1.0874472,1.0853891,1.6218443,1.6189346,1.6183052,1.6184673,1.6169128,1.616643,1.6144505,1.531023,1.526598,1.5259666,1.5252476,1.523426,1.5226612,1.5207186,1.9105139,1.908493,1.9087229,1.9075661,1.9059935,1.9052687,1.901741,3.1765957,3.1748161,3.174034,3.1728153,3.172638,3.1718311,3.1704178,3.8229637,3.8214703,3.8210888,3.8205643,3.8184223,3.819086,3.8164062,5.9091187,5.907522,5.9066257,5.906872,5.904911,5.904661,5.903513,6.8551044,6.853466,6.8525906,6.851845,6.8502064,6.8501854,6.8471737
2148.5,1.0846729,1.0833368,1.085393,1.0827618,1.0829916,1.080759,1.0805292,1.619689,1.6165514,1.6164656,1.6148138,1.6145058,1.6140442,1.6121407,1.523304,1.519208,1.5186243,1.5177021,1.5163889,1.515934,1.5145035,1.9053059,1.9037743,1.9041004,1.9030495,1.901926,1.8994036,1.8968954,3.1817532,3.1792336,3.1787434,3.1786213,3.1769009,3.176014,3.1742897,3.8323727,3.8302174,3.8299446,3.8295155,3.8277302,3.8274212,3.825039,5.934763,5.9333496,5.9327507,5.932062,5.930725,5.930853,5.9285393,6.8818226,6.880066,6.879265,6.8786983,6.8769035,6.876894,6.8736935
2149.5,1.0808802,1.0792503,1.0802765,1.0801859,1.0783548,1.0778131,1.0772381,1.6168633,1.6134233,1.6137276,1.611762,1.6105337,1.6110754,1.6087217,1.5166721,1.5124722,1.5116253,1.5109081,1.5093699,1.5082436,1.5081606,1.8984938,1.8972254,1.8982897,1.8961725,1.8960724,1.8927402,1.8908978,3.185789,3.184,3.1835823,3.1826057,3.181715,3.1809864,3.178896,3.8415203,3.8390026,3.8383312,3.838297,3.8363419,3.836895,3.8346214,5.9596233,5.958109,5.9574413,5.9568825,5.955555,5.9557915,5.9539165,6.9075336,6.9060555,6.9053383,6.9046326,6.9028397,6.9028034,6.8996506
2150.5,1.0760174,1.0753708,1.0777245,1.075284,1.0733051,1.0703173,1.0709953,1.6151276,1.6116028,1.6111374,1.610033,1.6083279,1.6097975,1.6066523,1.5099154,1.5047827,1.5047884,1.5042801,1.5013914,1.5013027,1.5021944,1.8940659,1.8923464,1.8929386,1.8916903,1.8906307,1.8883047,1.8854208,3.189663,3.1869335,3.1866894,3.1862907,3.1842365,3.183403,3.1821728,3.8499775,3.8485947,3.8474388,3.8472462,3.846077,3.8458195,3.8428402,5.983967,5.9826603,5.981743,5.980995,5.9798126,5.980173,5.9779644,6.9331436,6.9317455,6.930876,6.9302616,6.9286366,6.928404,6.925394
2151.5,1.0717211,1.0722027,1.0740986,1.071454,1.0684156,1.0681162,1.0672331,1.6117239,1.6093407,1.6082621,1.6087446,1.606389,1.6069899,1.6036568,1.5040684,1.498807,1.498992,1.498105,1.4957018,1.4949799,1.4965467,1.8876429,1.8859711,1.8871098,1.8850775,1.8837223,1.8825312,1.8793001,3.1936054,3.192093,3.1915894,3.1905766,3.1893368,3.1885796,3.186798,3.859127,3.8578072,3.8566227,3.8564873,3.854887,3.8545132,3.8516579,6.0084724,6.0068207,6.0060368,6.005722,6.00432,6.0043945,6.002184,6.9590836,6.957657,6.9566765,6.955862,6.9542847,6.954031,6.951111
2152.5,1.0687466,1.0689125,1.0683279,1.0673552,1.0656757,1.0657635,1.0659933,1.6088715,1.6053762,1.6055737,1.6056452,1.6032953,1.6036673,1.6008005,1.4971104,1.4923067,1.4929276,1.4922504,1.4904118,1.4897137,1.4912996,1.8835859,1.8818111,1.882267,1.8803797,1.8793974,1.8770733,1.874217,3.1977406,3.1954155,3.1952305,3.1944313,3.1925163,3.191864,3.1907158,3.8682365,3.866619,3.8658562,3.8648033,3.863947,3.8635864,3.860897,6.032387,6.031023,6.030428,6.0296936,6.027931,6.0288906,6.026045,6.9837513,6.9820156,6.9813213,6.9807377,6.9792824,6.978874,6.9759235
2153.5,1.0646477,1.0634918,1.0643702,1.0631828,1.0613041,1.0588913,1.0605984,1.6065426,1.6032991,1.6025953,1.6037083,1.600831,1.600131,1.5982437,1.4923687,1.48697,1.4882612,1.4875431,1.4842978,1.4842005,1.4855099,1.8785229,1.8761911,1.876831,1.874999,1.8746443,1.8723783,1.8691883,3.2016697,3.2001877,3.1998138,3.1986332,3.1973038,3.1961536,3.1948128,3.8763523,3.874422,3.8739567,3.8734455,3.8722649,3.87224,3.869608,6.055893,6.0544147,6.053835,6.053196,6.051756,6.0522976,6.0496655,7.0081234,7.0067177,7.0058002,7.00519,7.0038166,7.003477,7.000702
2154.5,1.0622015,1.0603437,1.0618744,1.0608501,1.0603561,1.0597906,1.0593414,1.6048203,1.6003895,1.6006145,1.6002941,1.5982409,1.5974884,1.5960665,1.4867239,1.4828424,1.4823313,1.4825573,1.4786482,1.4787807,1.4793577,1.8730822,1.8710842,1.8714523,1.8691273,1.8697681,1.8673172,1.8638,3.2055492,3.2038383,3.2034378,3.2024155,3.2007942,3.2005653,3.1982079,3.8848095,3.882372,3.882431,3.8819351,3.8803215,3.880415,3.8778706,6.0800667,6.0785255,6.078026,6.0771236,6.0759773,6.076149,6.0737476,7.0324955,7.031084,7.030342,7.029497,7.0282993,7.0280533,7.025038
2155.5,1.0567713,1.0558434,1.0573568,1.0554018,1.0543575,1.0557394,1.0539255,1.602294,1.5990715,1.6001415,1.59832,1.5959663,1.5960093,1.5956745,1.4824944,1.4776993,1.4780426,1.478095,1.4740744,1.4737883,1.4737473,1.8683748,1.8661098,1.86619,1.8647776,1.8655443,1.8628874,1.8595037,3.2086067,3.2074203,3.207018,3.205637,3.2043724,3.20393,3.202507,3.8937244,3.8919468,3.891323,3.8907604,3.8900928,3.8903198,3.8874607,6.1025696,6.1008987,6.1003056,6.099617,6.0983524,6.098522,6.0960197,7.055729,7.0541954,7.0535316,7.0527515,7.0514393,7.051384,7.0485
2156.5,1.0541611,1.0531292,1.0533342,1.0515871,1.0510492,1.0538845,1.051692,1.5993147,1.5952435,1.595912,1.5961685,1.5933075,1.5927973,1.5918274,1.4767218,1.472887,1.4724321,1.4734755,1.4680328,1.4685507,1.4663324,1.8637075,1.8613453,1.8614626,1.8607092,1.8596878,1.8578491,1.854908,3.2129326,3.211359,3.2110481,3.2100544,3.2084732,3.2082272,3.206005,3.9020348,3.9001274,3.8995895,3.8996582,3.8972301,3.8983269,3.8958015,6.1254025,6.1237984,6.1234818,6.122694,6.121126,6.121607,6.119152,7.079672,7.078026,7.07736,7.076515,7.0751553,7.0750294,7.0719833
2157.5,1.0507059,1.0493269,1.0500021,1.047843,1.0484371,1.0503445,1.0479727,1.5979795,1.5936956,1.5936499,1.5946693,1.591546,1.5912704,1.5901003,1.4733305,1.4687691,1.4684248,1.4687757,1.4645414,1.465476,1.4603491,1.8587551,1.8569765,1.8571386,1.8559628,1.8549509,1.853797,1.8503323,3.2163048,3.2147522,3.214117,3.2133503,3.211935,3.2115269,3.209671,3.9102745,3.9086552,3.9084663,3.908146,3.906229,3.906845,3.9038925,6.1477757,6.14629,6.1455936,6.1449795,6.1438026,6.1436424,6.1414604,7.1027164,7.101267,7.1003876,7.099695,7.0984173,7.098295,7.095028
2158.5,1.0458698,1.0458765,1.0467205,1.0456276,1.0443563,1.0472336,1.0436649,1.5941687,1.5929508,1.5916843,1.5919514,1.5891933,1.5901175,1.587162,1.4690409,1.4633656,1.4642363,1.4636068,1.4604158,1.4607754,1.4541254,1.8553047,1.8533506,1.8534088,1.8516188,1.8514166,1.8502197,1.8466158,3.2195911,3.2179184,3.2171745,3.217081,3.2150517,3.2148304,3.2131214,3.918293,3.9169254,3.9158878,3.9159622,3.9141788,3.9147587,3.912157,6.169901,6.1685123,6.167837,6.1676273,6.1661453,6.1663876,6.1644077,7.1255283,7.124016,7.1234837,7.122734,7.12121,7.1211395,7.1183224
2159.5,1.043973,1.0426474,1.045146,1.0426264,1.0414267,1.0429335,1.0399876,1.5928345,1.5901957,1.589386,1.5894022,1.5870647,1.5874796,1.5860758,1.4649887,1.4598274,1.461052,1.4591999,1.4565926,1.4563818,1.4503317,1.8499537,1.8482256,1.8480425,1.8471279,1.84657,1.8448095,1.8414211,3.2229023,3.221449,3.2205257,3.2203236,3.2186508,3.2183857,3.2161942,3.927248,3.9255867,3.9249325,3.9248257,3.923357,3.9236393,3.920641,6.192087,6.1907387,6.190243,6.1896496,6.1884995,6.1886196,6.1866074,7.1478252,7.146408,7.145384,7.1447906,7.1436825,7.1436577,7.1405087
2160.5,1.0409346,1.0389585,1.0402308,1.0375681,1.0362186,1.0393848,1.03584,1.5923119,1.587923,1.5871267,1.5869713,1.5867624,1.5861883,1.5831528,1.4615545,1.4571886,1.4573174,1.4559174,1.4535093,1.4532766,1.4487514,1.8463707,1.8451385,1.8440695,1.842844,1.842349,1.8415918,1.8377056,3.2263584,3.2246628,3.2236328,3.2239513,3.2218418,3.2217178,3.220335,3.9343376,3.9325695,3.9324856,3.9316578,3.930109,3.9303532,3.9280357,6.2138977,6.212448,6.211998,6.2111816,6.2098083,6.2101593,6.2083836,7.1696396,7.16811,7.1674995,7.166849,7.16547,7.165468,7.1625824
2161.5,1.0375595,1.0355768,1.037036,1.0348015,1.0342207,1.0340223,1.0313654,1.588109,1.5851326,1.583869,1.5833807,1.5815725,1.583785,1.5802345,1.4576674,1.4541178,1.4541807,1.4524355,1.4491682,1.4500923,1.4465113,1.8424244,1.8408728,1.8399096,1.8388348,1.8382215,1.8371277,1.8333578,3.230194,3.2285137,3.2275352,3.2273579,3.2258968,3.2259274,3.2238045,3.941637,3.940485,3.9402065,3.9398594,3.9381084,3.9379902,3.936018,6.2349987,6.2335377,6.2329865,6.232458,6.230999,6.231148,6.229143,7.190979,7.1895695,7.188919,7.188135,7.1870766,7.1870346,7.183975
2162.5,1.0353355,1.0320911,1.032403,1.0313292,1.0324116,1.0296268,1.0274372,1.5865803,1.5826149,1.583291,1.5820847,1.5807657,1.581069,1.5788107,1.4546299,1.4515486,1.4507647,1.4500885,1.4469423,1.4469929,1.4455605,1.8390312,1.8375359,1.8361235,1.8353806,1.8340788,1.8326797,1.829319,3.2326946,3.2316322,3.2304344,3.2298717,3.2282372,3.2282944,3.2263203,3.9492683,3.948492,3.9484158,3.9480228,3.946312,3.9458656,3.9445057,6.256155,6.2547626,6.2540836,6.2535458,6.2524242,6.2524757,6.2504177,7.212517,7.2108746,7.2103786,7.2096786,7.2083626,7.2084236,7.205572
2163.5,1.0313091,1.029398,1.0298481,1.0273714,1.0274696,1.025898,1.024168,1.5854654,1.5827351,1.5817575,1.5804672,1.5789709,1.5789986,1.5767078,1.4518986,1.4487972,1.4487553,1.4470034,1.4440346,1.4427156,1.4431896,1.8357038,1.8338776,1.832861,1.8314915,1.8316278,1.8297529,1.8265238,3.235735,3.234726,3.2331562,3.2332401,3.2315826,3.2315197,3.229412,3.9575958,3.9560356,3.95615,3.9550323,3.9540749,3.9540863,3.952057,6.2761173,6.274908,6.27413,6.2735023,6.272394,6.272402,6.270275,7.2327824,7.231226,7.230728,7.2299843,7.228777,7.2286205,7.225666
2164.5,1.029541,1.02631,1.026165,1.0248709,1.0240564,1.0232258,1.0220642,1.5818853,1.5799379,1.579217,1.5782595,1.5768328,1.5776215,1.5761633,1.4498329,1.4456425,1.4460192,1.4441547,1.4421644,1.4396687,1.4407587,1.8313751,1.8300819,1.8296938,1.8279591,1.8280649,1.825839,1.8232431,3.2395458,3.2377987,3.2371998,3.236349,3.2353706,3.2347126,3.2329197,3.9644604,3.9642448,3.963274,3.9628754,3.9615936,3.9613457,3.9597435,6.2967644,6.295292,6.29459,6.2940693,6.2926636,6.292835,6.29093,7.2529907,7.2515106,7.250988,7.2501984,7.2489433,7.2490425,7.246008
2165.5,1.0254812,1.0241604,1.024581,1.0221844,1.0215445,1.0197048,1.0180769,1.5811777,1.578948,1.5780306,1.5785475,1.5766973,1.5754118,1.5747929,1.4484234,1.4445524,1.4463406,1.443161,1.4422827,1.4401646,1.4395285,1.8280001,1.8258972,1.8264132,1.8239603,1.8243074,1.8222857,1.8198996,3.2423477,3.2411995,3.2400646,3.2395992,3.237915,3.2378159,3.2360344,3.9719868,3.9711266,3.9707432,3.9694958,3.968523,3.9690857,3.966444,6.316931,6.315563,6.3147945,6.314541,6.3129845,6.313278,6.3111267,7.2732162,7.2717743,7.270996,7.2703323,7.269129,7.269129,7.2661915
2166.5,1.0234356,1.0208931,1.0221415,1.0188704,1.0178013,1.0145683,1.0158844,1.5798817,1.5762415,1.5760307,1.5754719,1.5742502,1.5729904,1.5720587,1.446435,1.4424534,1.4445057,1.4410601,1.4410753,1.4385118,1.4373245,1.8245497,1.822751,1.8225136,1.8206625,1.8211432,1.8197441,1.8173018,3.2457027,3.244049,3.2434692,3.242731,3.241108,3.2407932,3.2395096,3.9793434,3.978859,3.977703,3.9775276,3.9762974,3.9759674,3.9744549,6.3368607,6.3355675,6.334812,6.3347015,6.3330193,6.33346,6.3313694,7.292656,7.291254,7.290556,7.289961,7.2887077,7.288801,7.285906
2167.5,1.0205145,1.0180712,1.0214682,1.014925,1.0143385,1.0143433,1.0145121,1.5780392,1.5750933,1.5746956,1.5744371,1.572731,1.5714531,1.5712156,1.4453411,1.442131,1.4433956,1.4399462,1.4414377,1.4375143,1.4364634,1.8208017,1.819561,1.8205862,1.8182058,1.818326,1.8161955,1.8132391,3.2488441,3.246975,3.2457924,3.2454185,3.2440891,3.2441254,3.2426624,3.9869785,3.9858742,3.985239,3.9843426,3.9833164,3.9842052,3.981556,6.3557053,6.3545513,6.3539467,6.3537292,6.3521633,6.352516,6.350725,7.3122253,7.3108463,7.3100777,7.309437,7.308119,7.308222,7.3053646
2168.5,1.0166616,1.0129204,1.0175619,1.0120258,1.0119896,1.0104113,1.0093384,1.5768862,1.5737658,1.5712376,1.5743856,1.5722437,1.5708399,1.5690012,1.4447536,1.4406137,1.4414425,1.4384594,1.4394703,1.4375582,1.435607,1.8188534,1.8177576,1.8175898,1.8156166,1.8156309,1.8138008,1.8108568,3.2517033,3.2494335,3.2486992,3.2488232,3.2464485,3.2467346,3.245575,3.9934711,3.992178,3.9925842,3.9909878,3.9907112,3.990572,3.987875,6.3753986,6.3742867,6.373657,6.373348,6.3720684,6.372219,6.370165,7.331255,7.329935,7.3292427,7.3285694,7.3272476,7.3272343,7.324501
2169.5,1.0136185,1.013073,1.0162745,1.0106802,1.0103426,1.0084543,1.0090647,1.5738239,1.5719023,1.5707579,1.5713463,1.5708895,1.5696087,1.5676918,1.4439011,1.4399691,1.440567,1.4380293,1.4389048,1.4378262,1.4367418,1.8158274,1.8156834,1.8139849,1.8130093,1.812397,1.8110657,1.8079395,3.2552185,3.2523975,3.251379,3.2515259,3.2503052,3.2499695,3.248272,4.000929,3.999567,3.9991627,3.9980583,3.9969215,3.9980297,3.9957008,6.39456,6.39332,6.392544,6.392208,6.391121,6.3912697,6.389271,7.350313,7.3488407,7.34811,7.347599,7.346369,7.3462086,7.343502
2170.5,1.0097208,1.0119743,1.0091629,1.0082998,1.0061541,1.0061455,1.0060892,1.5728531,1.5711775,1.5711565,1.5712757,1.5691757,1.5685072,1.5678968,1.4434586,1.4397545,1.4410181,1.4386435,1.4377193,1.4370737,1.437458,1.8128519,1.8127365,1.8104887,1.8098726,1.809557,1.8082924,1.8050203,3.2568035,3.254797,3.2537498,3.2536945,3.252514,3.252245,3.2509537,4.007904,4.006296,4.0056973,4.005535,4.0045624,4.00469,4.002142,6.4139385,6.412615,6.4119377,6.4114456,6.410471,6.4106045,6.4086685,7.368849,7.367403,7.3667564,7.366295,7.3650303,7.3648357,7.3624096
2171.5,1.0092554,1.0104113,1.0069866,1.0095062,1.0046749,1.0032377,1.0029345,1.5714693,1.5687771,1.5692606,1.5684834,1.5661316,1.5662918,1.5646725,1.4427357,1.4396572,1.4394455,1.4384375,1.4364643,1.4366827,1.4377947,1.8103333,1.8105783,1.8085318,1.8081913,1.8071852,1.8058281,1.8025799,3.260376,3.2584934,3.2572346,3.2577095,3.2555904,3.2557716,3.253828,4.01437,4.0133514,4.0128517,4.012108,4.011011,4.0114613,4.009506,6.4316425,6.4303074,6.429861,6.4291515,6.428129,6.428438,6.4265537,7.3869724,7.385668,7.38496,7.3846035,7.3834553,7.3832817,7.3806953
2172.5,1.0084314,1.0109386,1.0051546,1.0053816,1.0022097,1.001234,1.0019455,1.5708694,1.5685997,1.5678263,1.5659447,1.5654764,1.5644007,1.5627985,1.4437056,1.4399872,1.4417582,1.4394922,1.4362068,1.4387388,1.4374924,1.8088331,1.8085413,1.8067322,1.8065825,1.8054848,1.8039408,1.8005323,3.2624512,3.2603054,3.2595634,3.259447,3.258194,3.257267,3.2561016,4.020994,4.0206394,4.019436,4.019205,4.0180264,4.0181465,4.01565,6.450199,6.448797,6.448389,6.4476624,6.4468555,6.4470882,6.4453526,7.4050293,7.4038734,7.403097,7.4025555,7.401436,7.401184,7.398752
2173.5,1.0032606,1.0078201,1.0026779,1.0018883,0.99983406,0.9995413,0.99694824,1.5701513,1.5668488,1.5673571,1.5650282,1.5643082,1.5628252,1.5618906,1.4438419,1.4396181,1.4399252,1.439806,1.4358425,1.438549,1.4370966,1.806921,1.8068638,1.8041382,1.8048334,1.8032808,1.8025503,1.799037,3.2645702,3.262722,3.2620678,3.2618752,3.2607899,3.2601871,3.2589645,4.028143,4.0272064,4.026663,4.025526,4.0246925,4.0246773,4.023037,6.4684334,6.46719,6.466524,6.4660053,6.4649467,6.465225,6.4633865,7.4226475,7.4215794,7.420782,7.420351,7.4190693,7.418949,7.4164677
2174.5,1.0014286,1.0057278,1.0004578,0.9994917,0.99915123,0.99632263,0.9960079,1.5675611,1.5652561,1.5653734,1.5636024,1.5622072,1.561451,1.5607805,1.4439821,1.439867,1.4381638,1.4405727,1.433362,1.4389238,1.4378138,1.8039427,1.8031406,1.8018951,1.8017607,1.8010254,1.8008366,1.7972126,3.266882,3.2658443,3.2649517,3.2651672,3.2634068,3.263277,3.2615986,4.034645,4.033758,4.032797,4.0328655,4.0315075,4.0318127,4.0293674,6.48592,6.4847107,6.48419,6.4835243,6.4823875,6.482691,6.480833,7.4399605,7.4387627,7.438093,7.4375305,7.4364014,7.4363976,7.433796
2175.5,0.99839497,1.0008564,0.9976444,0.99720955,0.99646854,0.99302197,0.9932871,1.5671682,1.5640507,1.5662098,1.5636559,1.561266,1.5611677,1.5608034,1.44524,1.4412842,1.4380455,1.4416084,1.4350023,1.4392242,1.4387035,1.8024759,1.8013878,1.8000097,1.7991695,1.7980766,1.7980967,1.7955618,3.2689896,3.2679062,3.267128,3.2674065,3.2656898,3.2655296,3.263914,4.04196,4.0409336,4.0399723,4.0395336,4.0384216,4.0387993,4.036701,6.503233,6.502199,6.5016365,6.500942,6.4999714,6.5001106,6.498413,7.457165,7.455961,7.455263,7.4547787,7.4536266,7.4535275,7.450903
2176.5,0.99811745,0.9964113,0.99503803,0.994545,0.99508667,0.9921036,0.9917507,1.5655088,1.5631313,1.5626011,1.5606909,1.5585909,1.5583334,1.559062,1.4452457,1.4420938,1.4361668,1.4416847,1.4355888,1.4389391,1.4389105,1.8020668,1.8010721,1.7991886,1.7987165,1.7980318,1.7965641,1.7939548,3.272253,3.2712631,3.26997,3.2700825,3.2679424,3.268139,3.2666073,4.047346,4.046152,4.045637,4.0454445,4.0445366,4.045082,4.0427628,6.5207844,6.5198555,6.5190887,6.5184574,6.5175476,6.517744,6.5160675,7.473814,7.472557,7.4720974,7.471485,7.470175,7.470234,7.4676437
2177.5,0.99547195,0.99742603,0.99235916,0.9925127,0.9916992,0.9915981,0.9896679,1.5639229,1.5608435,1.5629253,1.5609703,1.5581284,1.5593071,1.5582771,1.445713,1.443861,1.439023,1.4416418,1.4377766,1.439641,1.437602,1.799819,1.7993345,1.79776,1.7971306,1.7966089,1.7944479,1.7927608,3.274334,3.272829,3.2719574,3.2720299,3.2703266,3.2710304,3.2688866,4.0542507,4.0528297,4.05192,4.05159,4.050642,4.050997,4.048546,6.5375233,6.5364704,6.535719,6.5353355,6.5344296,6.534239,6.5328674,7.4904346,7.489191,7.4885864,7.4878426,7.486801,7.4867725,7.484209
2178.5,0.9941168,0.99302864,0.9900427,0.9897728,0.9888439,0.9876089,0.9875717,1.5609579,1.5607481,1.5602245,1.5593338,1.5576601,1.5568342,1.5569525,1.4459448,1.4442043,1.4396601,1.4405842,1.4401636,1.4383612,1.4388533,1.7980022,1.7973337,1.79634,1.7956724,1.7941132,1.791688,1.7908659,3.2759018,3.2748623,3.2744217,3.2736702,3.271618,3.272211,3.2706566,4.0603676,4.059168,4.0587387,4.057888,4.0570946,4.057665,4.0552177,6.5540657,6.553219,6.5526104,6.5522976,6.5513077,6.5513077,6.5498657,7.5069942,7.505604,7.5050087,7.504326,7.5032005,7.503252,7.500639
2179.5,0.9946909,0.9911661,0.9906168,0.98753166,0.98830223,0.9858341,0.9856825,1.5609007,1.5607243,1.5577812,1.559514,1.5572052,1.555933,1.5551081,1.4469185,1.4457617,1.4422512,1.4412155,1.4428701,1.4391794,1.4377232,1.7969494,1.7958603,1.7956114,1.7933006,1.7933369,1.7907124,1.7896767,3.278101,3.2770405,3.2766438,3.2763176,3.274519,3.2742825,3.2729454,4.0657654,4.0650883,4.064369,4.0636463,4.0629196,4.063404,4.0609493,6.570017,6.5692177,6.5687294,6.568346,6.5673046,6.567415,6.565853,7.5229225,7.521492,7.521021,7.52034,7.519232,7.5192585,7.516609
2180.5,0.99160194,0.9874687,0.9889183,0.9860401,0.98639965,0.98574257,0.98424625,1.560669,1.5595093,1.557641,1.5589008,1.5546675,1.5565176,1.5545635,1.4486437,1.4464884,1.4454708,1.4428196,1.4442711,1.4408178,1.4383955,1.796565,1.795352,1.7948551,1.7919512,1.7924356,1.791192,1.7890635,3.2794228,3.2788563,3.2774658,3.2782211,3.2761993,3.2758942,3.274681,4.072603,4.071144,4.0704346,4.0697174,4.0693817,4.0695267,4.066967,6.586626,6.585636,6.5853577,6.58486,6.58379,6.5839157,6.582344,7.538826,7.5374184,7.5369854,7.5362244,7.5352306,7.5351257,7.532383
2181.5,0.99078465,0.9847374,0.98813057,0.9845915,0.98664856,0.98350334,0.9823408,1.5600271,1.5574265,1.5555878,1.5556412,1.5528288,1.5525455,1.5534992,1.4492931,1.4456367,1.4481831,1.4413023,1.4458494,1.4398994,1.4388714,1.7966652,1.7947874,1.7940187,1.792242,1.7923889,1.7900286,1.7876625,3.2820969,3.2812424,3.280199,3.280262,3.2784653,3.2784061,3.2773342,4.0784836,4.0770607,4.0763683,4.075836,4.075077,4.074913,4.073267,6.6028557,6.6016426,6.6014156,6.600729,6.599766,6.5999794,6.59853,7.55394,7.5526104,7.552122,7.5514965,7.5504684,7.5503864,7.547661
2182.5,0.98962116,0.98556995,0.98641014,0.9859524,0.9845495,0.9827013,0.9829912,1.5581398,1.5562906,1.5555782,1.555376,1.5539694,1.5527439,1.5517044,1.45016,1.4450102,1.450778,1.442193,1.4469013,1.4398603,1.4423561,1.7952356,1.7932844,1.7926731,1.792078,1.7899771,1.7874613,1.7858133,3.2842522,3.283228,3.2822647,3.2828827,3.2807121,3.2804909,3.2797928,4.083946,4.082964,4.0821533,4.081585,4.081377,4.081129,4.0795,6.618252,6.61693,6.6166477,6.616152,6.6152496,6.615198,6.613863,7.5690613,7.5676727,7.567314,7.5665894,7.565489,7.565531,7.562727
2183.5,0.98510456,0.98519325,0.9850826,0.9823952,0.9820776,0.9797487,0.9790554,1.5576973,1.5553112,1.5538998,1.5536041,1.5533133,1.5520344,1.5514021,1.4499016,1.4467402,1.4516249,1.4422188,1.4476433,1.4408245,1.4415455,1.7932005,1.7915373,1.791336,1.7910242,1.7891169,1.7871513,1.7850151,3.284706,3.2839165,3.2828903,3.2839394,3.2817936,3.2811928,3.280447,4.090513,4.0898533,4.0884056,4.0880737,4.087345,4.0872097,4.085306,6.634245,6.632862,6.6325417,6.6322975,6.631035,6.6310654,6.6295185,7.5838223,7.582575,7.5821877,7.5814743,7.580366,7.5803547,7.5776234
2184.5,0.9857025,0.9843645,0.98529816,0.9836426,0.9806919,0.9798002,0.97904587,1.5567474,1.555419,1.5523996,1.5527134,1.5512247,1.55056,1.5495453,1.4482613,1.443984,1.4512644,1.442317,1.4473896,1.4415092,1.4426565,1.7933159,1.7924213,1.7903509,1.7905989,1.7884922,1.7878342,1.7842789,3.2871456,3.2869034,3.2854252,3.2856426,3.2840767,3.2839737,3.2829037,4.0956497,4.094759,4.0937347,4.0935516,4.093111,4.0927753,4.091213,6.649267,6.6482563,6.647751,6.647398,6.6465244,6.6466503,6.6452904,7.598398,7.597143,7.596754,7.596119,7.5950108,7.594925,7.592247
2185.5,0.9839325,0.9852171,0.9817276,0.98225975,0.97879696,0.9782467,0.9758692,1.5567303,1.5531034,1.5531931,1.5528631,1.5508375,1.5501118,1.5508013,1.4495592,1.4457493,1.4521227,1.4439259,1.4483328,1.4435663,1.4438267,1.7926674,1.7924633,1.7903461,1.7905226,1.7893229,1.7885685,1.7847195,3.2890205,3.287899,3.286129,3.286562,3.285242,3.28512,3.2838707,4.101717,4.1014576,4.1000366,4.098892,4.098589,4.0987396,4.0963745,6.6641216,6.663084,6.662657,6.662548,6.6614723,6.661768,6.6603146,7.612789,7.6115875,7.6111927,7.610565,7.6093655,7.609272,7.6065483
2186.5,0.9851675,0.9845514,0.98071384,0.97969055,0.9799061,0.9778328,0.97506046,1.5564613,1.5514698,1.5520735,1.5520725,1.5493107,1.5494041,1.5476761,1.4485741,1.444643,1.4520216,1.4423695,1.4459753,1.4420261,1.4435234,1.7916689,1.7916374,1.7895994,1.791852,1.7879934,1.7877092,1.7841902,3.2914562,3.2900162,3.2896042,3.2893448,3.2881374,3.2877026,3.2865314,4.107048,4.1062813,4.1054974,4.1052456,4.104496,4.103842,4.1028748,6.6784344,6.6775093,6.677202,6.6771793,6.676195,6.676134,6.675194,7.626869,7.625839,7.625141,7.62459,7.623596,7.623434,7.620781
2187.5,0.9836235,0.9841738,0.98176384,0.98064137,0.9770756,0.9759455,0.9766903,1.5532894,1.5516214,1.55124,1.5516529,1.5478792,1.5491095,1.5465708,1.4483957,1.4450607,1.4508448,1.4441442,1.445157,1.4426699,1.4454832,1.7909718,1.7904091,1.789032,1.7906685,1.7869806,1.7859154,1.7835903,3.2925758,3.2910805,3.289919,3.2899647,3.288826,3.2887745,3.2868652,4.1122017,4.1121254,4.111313,4.1102486,4.1098804,4.1101418,4.108431,6.6931515,6.6923027,6.691944,6.69199,6.691124,6.6907043,6.689705,7.640316,7.639391,7.638893,7.638178,7.63723,7.637068,7.63451
2188.5,0.98320675,0.9819584,0.97945976,0.97943306,0.9786005,0.97609615,0.97374535,1.5524292,1.5511723,1.5504999,1.550353,1.547759,1.5485096,1.546628,1.4480724,1.4447422,1.4503164,1.4424686,1.4466791,1.4442692,1.4448223,1.7915783,1.7911282,1.7893324,1.7906485,1.7869673,1.7863207,1.7844439,3.2933044,3.29212,3.2918148,3.2915592,3.290083,3.2898788,3.28862,4.118868,4.1185703,4.117832,4.116085,4.1156654,4.116291,4.114006,6.7074623,6.7068844,6.706295,6.7062645,6.705332,6.7048054,6.7043457,7.6537457,7.652878,7.652363,7.6516438,7.650818,7.650543,7.648096
2189.5,0.9830723,0.98211956,0.97869873,0.97967243,0.97838116,0.97776985,0.9760399,1.5511789,1.5506725,1.5485725,1.5482101,1.5486135,1.5472088,1.5463877,1.448082,1.4451447,1.4511633,1.4447794,1.4477482,1.4432516,1.4445286,1.7922401,1.7918015,1.7896414,1.7903633,1.7868137,1.786808,1.784914,3.2952347,3.2940292,3.2943993,3.2934952,3.2921848,3.2922707,3.2911072,4.123558,4.122799,4.1223373,4.121153,4.120661,4.120447,4.118532,6.721348,6.7203636,6.7199116,6.7196884,6.718567,6.718939,6.71797,7.6666985,7.6657887,7.665203,7.66461,7.6638184,7.663616,7.6609154
2190.5,0.9823742,0.98156166,0.9816923,0.97823715,0.97813606,0.97719383,0.97490025,1.5517054,1.5498438,1.5480099,1.5488529,1.5477419,1.5467749,1.5463228,1.4474115,1.4463005,1.4517889,1.4446993,1.448163,1.4428253,1.4461956,1.7909632,1.7919626,1.789175,1.788065,1.7877846,1.787303,1.7846508,3.2956562,3.2946854,3.2944717,3.2937298,3.2919426,3.2922726,3.2909393,4.1289616,4.128975,4.1282043,4.126272,4.126318,4.126791,4.12438,6.735758,6.73431,6.7339554,6.7332535,6.7322636,6.73316,6.7315845,7.6795197,7.678684,7.6780853,7.677511,7.676613,7.676508,7.6738377
2191.5,0.9839039,0.98071384,0.982811,0.97976494,0.9783373,0.9776306,0.9759922,1.5509195,1.548624,1.5477314,1.548068,1.5468016,1.546689,1.544919,1.4478054,1.4451208,1.4517431,1.4445581,1.4474182,1.4435749,1.446392,1.7918549,1.7910728,1.7903814,1.7884512,1.787941,1.7859468,1.7860765,3.2973003,3.2965717,3.2963657,3.2959614,3.2943974,3.2943382,3.2932434,4.1346874,4.133892,4.1335983,4.132086,4.1318283,4.1319237,4.1297913,6.7495117,6.7482986,6.7480316,6.746809,6.746231,6.7471046,6.7452564,7.6920986,7.691231,7.6906548,7.6900845,7.6892548,7.689047,7.686325
2192.5,0.98353195,0.9815769,0.9827814,0.9799652,0.97982216,0.97718716,0.9756136,1.5487738,1.5480175,1.5467815,1.547185,1.5455151,1.5451298,1.544116,1.4466429,1.4473219,1.4520102,1.4448547,1.4475117,1.4441185,1.447587,1.7912807,1.7927208,1.7903395,1.7870483,1.7892923,1.7871752,1.7875652,3.298317,3.2969131,3.2974892,3.2959728,3.2947025,3.2948437,3.2935543,4.1394596,4.138582,4.138134,4.136732,4.1360188,4.1370945,4.134611,6.762659,6.7615204,6.761219,6.7597523,6.759733,6.7604313,6.758568,7.7044964,7.70352,7.7029667,7.7025223,7.701721,7.701498,7.6987476
2193.5,0.98236275,0.980464,0.98275757,0.97928715,0.97802544,0.97634506,0.975317,1.5502424,1.5480051,1.5459585,1.545907,1.5462179,1.54527,1.544323,1.4458151,1.4450102,1.4514647,1.4450178,1.44841,1.4443026,1.4473581,1.7922192,1.7919674,1.7926311,1.7881784,1.7905817,1.7870979,1.7875938,3.2996635,3.2977924,3.2981625,3.2971306,3.296198,3.2958145,3.2941647,4.1444187,4.144043,4.1432095,4.142437,4.1414948,4.1421413,4.1393566,6.775902,6.7746716,6.774374,6.773241,6.7733803,6.7733917,6.7718067,7.716652,7.715822,7.715288,7.7146797,7.7138844,7.713728,7.7110767
2194.5,0.9825783,0.9816551,0.982007,0.9811945,0.9796705,0.9783535,0.9748087,1.5493412,1.5470524,1.5454731,1.544919,1.545536,1.5439272,1.5441351,1.4472551,1.4448481,1.4517679,1.444252,1.4486313,1.44415,1.44872,1.7928562,1.7924423,1.7928219,1.78901,1.7908125,1.786746,1.7874241,3.3015327,3.2989464,3.2996788,3.29887,3.2975159,3.2979412,3.2957745,4.1500874,4.149439,4.148758,4.1471863,4.147051,4.147497,4.1449013,6.788334,6.787613,6.7870426,6.786991,6.7866306,6.785919,6.7850266,7.72867,7.727764,7.72723,7.72674,7.7256966,7.725794,7.723194
2195.5,0.9826622,0.98086643,0.9815655,0.9803419,0.9784622,0.97758293,0.97386837,1.5497932,1.546915,1.5463743,1.5453224,1.5443926,1.541893,1.5431671,1.4481964,1.4451351,1.4523249,1.4443312,1.4496841,1.4446344,1.4492149,1.7933855,1.792634,1.7925978,1.7897034,1.7897797,1.7865105,1.7864695,3.3012466,3.300129,3.300291,3.2994957,3.297762,3.2981853,3.2968826,4.1546097,4.1540413,4.153509,4.151432,4.1512127,4.151655,4.148302,6.801014,6.7997894,6.7993393,6.7999268,6.799305,6.798588,6.7980003,7.7401104,7.739294,7.738657,7.7382946,7.737358,7.737253,7.7349224
2196.5,0.9835348,0.9807558,0.9818659,0.9808445,0.9797497,0.97803307,0.9761753,1.5470514,1.5453577,1.5452194,1.5444403,1.5427713,1.5418348,1.540863,1.4485245,1.4462233,1.4534931,1.4444828,1.4500179,1.4455128,1.4506359,1.792448,1.7943363,1.7925758,1.7905264,1.790329,1.7883911,1.7863894,3.3033657,3.3015347,3.3021183,3.3011017,3.2997818,3.2999992,3.2987652,4.1590023,4.158594,4.1576977,4.1568756,4.1563206,4.15662,4.1538906,6.8142414,6.812893,6.812681,6.8130608,6.8119183,6.8119926,6.811365,7.7515354,7.7508354,7.7501545,7.7496758,7.748825,7.748806,7.746216
2197.5,0.9854212,0.9808731,0.9831114,0.98032856,0.9796543,0.9777975,0.9752722,1.5469837,1.5440845,1.5459013,1.544424,1.5433521,1.5423498,1.5408907,1.449502,1.4465523,1.4537115,1.4462376,1.4517078,1.4449844,1.4499512,1.7940874,1.79496,1.7920914,1.7911215,1.7895575,1.7883205,1.7851372,3.3039837,3.3032112,3.3031788,3.3025436,3.3005943,3.3010178,3.299408,4.1640625,4.1635437,4.1625023,4.160713,4.160324,4.16148,4.158535,6.826475,6.824663,6.8248177,6.8243904,6.823286,6.824396,6.822752,7.7627525,7.761881,7.761366,7.7609444,7.7601585,7.75992,7.7573605
2198.5,0.9839983,0.9820423,0.9838438,0.97953033,0.9801531,0.97873974,0.9746342,1.5482225,1.5447502,1.5472927,1.5439043,1.541832,1.5422077,1.541254,1.4486399,1.4475794,1.4554691,1.4453487,1.4526539,1.4458933,1.4499464,1.7944431,1.7951689,1.7910185,1.7909222,1.7884626,1.7878323,1.784564,3.3052635,3.3037624,3.3039074,3.3030567,3.3015137,3.3019848,3.3008842,4.168249,4.1678677,4.1667023,4.166153,4.1651955,4.1656094,4.163046,6.839155,6.8378696,6.837639,6.836582,6.8357086,6.836916,6.8349323,7.773714,7.772606,7.7721863,7.771778,7.7711124,7.771057,7.768158
2199.5,0.9831009,0.9825649,0.98394203,0.98203945,0.97962666,0.9785471,0.9761114,1.5459414,1.5445805,1.5450687,1.5408802,1.5399208,1.5425625,1.5401955,1.4478388,1.4485817,1.4557924,1.4455795,1.453763,1.4475164,1.4508305,1.7947779,1.7945309,1.7908773,1.7915983,1.7876301,1.7900267,1.7853851,3.3062363,3.3055458,3.3053875,3.3041458,3.3029976,3.3028717,3.3014812,4.1728954,4.1724167,4.1717987,4.170473,4.169424,4.1706295,4.1687927,6.8508263,6.850416,6.849518,6.8486385,6.848366,6.8488197,6.8469257,7.7843246,7.7830715,7.782728,7.782198,7.78154,7.781584,7.778713
2200.5,0.9855852,0.9824228,0.9846382,0.9817295,0.98077106,0.97964954,0.9785328,1.5462828,1.5427332,1.5436811,1.5416403,1.5392227,1.5415716,1.5394621,1.4504442,1.4489555,1.4574852,1.4475594,1.4543018,1.4459171,1.4519253,1.7954388,1.7929506,1.7914715,1.7917156,1.7882776,1.7912817,1.786663,3.307537,3.3063202,3.3061295,3.3046532,3.3037834,3.3034058,3.3025055,4.1770916,4.1767273,4.1749134,4.174692,4.1739845,4.173994,4.172426,6.8621006,6.861946,6.861059,6.8600216,6.860403,6.860277,6.8586845,7.7947006,7.793581,7.793232,7.792797,7.7920265,7.79196,7.7891655
2201.5,0.98603344,0.9825115,0.9835501,0.9807997,0.981411,0.978158,0.9777727,1.5441856,1.5420895,1.542366,1.5408907,1.5380106,1.5389824,1.537961,1.4496641,1.4477186,1.4567785,1.4485474,1.4530573,1.4467506,1.4509935,1.7961454,1.7918167,1.7930746,1.7921638,1.790863,1.791193,1.7894163,3.307911,3.3073463,3.3064117,3.3056583,3.3051949,3.3040981,3.3034782,4.181347,4.1809883,4.180414,4.1789,4.1781673,4.178856,4.1767464,6.8736534,6.873247,6.8726425,6.8720093,6.872221,6.8718243,6.870411,7.8046646,7.8038235,7.803379,7.803051,7.801964,7.8019314,7.799429
2202.5,0.9869032,0.98320293,0.9855852,0.98375034,0.98128796,0.9796972,0.9780607,1.5439129,1.540844,1.5418425,1.5404301,1.5390024,1.5395813,1.5376987,1.4509048,1.4477854,1.4581928,1.4472084,1.4533596,1.4473124,1.4518957,1.7978745,1.7920866,1.7945681,1.7945309,1.7931118,1.7915831,1.7895803,3.308504,3.3077583,3.3072548,3.306818,3.3061714,3.3049164,3.304453,4.185255,4.1853085,4.184038,4.183386,4.182762,4.1831036,4.181246,6.8852806,6.8845043,6.884136,6.8842316,6.883625,6.883461,6.882408,7.8144913,7.8136406,7.813427,7.812855,7.8117504,7.8118877,7.8095207
2203.5,0.9872904,0.98137283,0.98354244,0.98335934,0.979723,0.9804163,0.97848415,1.5440035,1.540185,1.5419025,1.5395899,1.5370808,1.5395269,1.5379381,1.4502935,1.450202,1.459588,1.4472151,1.4553099,1.448657,1.453042,1.7975206,1.7916813,1.7946138,1.7932882,1.7921991,1.7905912,1.7900267,3.3083687,3.3083572,3.3073864,3.3070354,3.3068333,3.3054066,3.304905,4.189966,4.189369,4.188637,4.1879883,4.186964,4.1877384,4.18528,6.896946,6.895464,6.8957863,6.896126,6.894598,6.894972,6.894308,7.8242016,7.8230762,7.8229637,7.822321,7.821291,7.821455,7.8191166
2204.5,0.9883852,0.98389435,0.9857683,0.98560333,0.9823122,0.98081493,0.9819908,1.5431156,1.5410786,1.5409908,1.5384474,1.5365381,1.5399017,1.5366259,1.4511652,1.4487991,1.4593163,1.4474583,1.4558039,1.4470339,1.4542303,1.7973852,1.79385,1.7954264,1.7937078,1.7931271,1.790493,1.7902336,3.3096104,3.309166,3.3086586,3.308754,3.308052,3.3066864,3.306158,4.1937466,4.193165,4.1921387,4.191864,4.19116,4.1911335,4.1889095,6.9083004,6.9066563,6.907095,6.907076,6.9055805,6.9063835,6.9054737,7.833494,7.832487,7.832367,7.8318157,7.830845,7.8310547,7.828518
2205.5,0.9891195,0.983181,0.9861984,0.98579407,0.9813776,0.982255,0.98283005,1.5423183,1.5416985,1.5412874,1.5395775,1.5378246,1.541707,1.5369368,1.4502754,1.4496365,1.4600706,1.4481468,1.4573421,1.4477654,1.4540472,1.7970505,1.7953682,1.7964134,1.7935944,1.7936506,1.7889299,1.7903118,3.31007,3.3095646,3.3085976,3.3081017,3.307804,3.3070393,3.3054867,4.1981945,4.1969337,4.1960526,4.1958084,4.195772,4.1955357,4.1929817,6.9183655,6.9170914,6.917473,6.916876,6.915718,6.9168377,6.915264,7.8427105,7.841791,7.841486,7.8410587,7.8401413,7.840166,7.837904
2206.5,0.98955727,0.9831629,0.98772144,0.9847183,0.9831238,0.9836378,0.9787607,1.5418253,1.5400248,1.540019,1.5377655,1.537343,1.5423002,1.534647,1.4517698,1.4483967,1.4599457,1.4476233,1.4562054,1.4481497,1.454772,1.7967758,1.7967596,1.7955933,1.7931976,1.7942905,1.7889223,1.789751,3.3106518,3.310421,3.3091888,3.3091965,3.3085003,3.307457,3.3065147,4.2022343,4.20125,4.2002544,4.19969,4.199665,4.199028,4.196968,6.929079,6.9287453,6.9281197,6.9276333,6.9268246,6.9273624,6.9262123,7.851761,7.8508053,7.850521,7.850006,7.8493176,7.849142,7.8470974
2207.5,0.99046326,0.9864359,0.9873009,0.9862442,0.9818983,0.9845114,0.97975445,1.5415516,1.5391064,1.5398436,1.5367165,1.5347967,1.5435982,1.5344782,1.4510832,1.4495649,1.4599705,1.4481792,1.4566116,1.4480448,1.4556484,1.795887,1.796813,1.7955999,1.7927504,1.7935839,1.7910814,1.7901173,3.3108006,3.3105545,3.3096218,3.3092499,3.3089905,3.3076725,3.3063889,4.20582,4.205227,4.2040787,4.2040653,4.202284,4.202606,4.2006397,6.93882,6.9390373,6.937811,6.9373837,6.9374084,6.937168,6.935993,7.8604984,7.8595905,7.859297,7.8589287,7.85795,7.8578033,7.85581
2208.5,0.99065876,0.9845514,0.98717403,0.9859028,0.98233414,0.98451424,0.98038197,1.5412436,1.5385103,1.5384722,1.5372581,1.5350971,1.5441074,1.5346632,1.4507446,1.450654,1.4591665,1.4485922,1.457303,1.4491873,1.454112,1.7965193,1.7973728,1.7949343,1.7938471,1.7930641,1.7920351,1.790514,3.312111,3.311222,3.3096352,3.3105774,3.309597,3.3083477,3.307352,4.2098026,4.208973,4.2077904,4.2072277,4.2069874,4.205908,4.205595,6.9488773,6.948498,6.947876,6.9477882,6.9477367,6.94722,6.946451,7.869194,7.8682976,7.8679237,7.867586,7.866667,7.8665714,7.8646297
2209.5,0.99160004,0.9852972,0.98839664,0.9873028,0.984601,0.98467445,0.98101616,1.5410452,1.5382223,1.5378857,1.5369654,1.5354052,1.5431747,1.5335388,1.4505005,1.4502563,1.4598637,1.4469004,1.4572992,1.4515295,1.4542828,1.7973318,1.7978945,1.7959423,1.7942953,1.7945213,1.793294,1.7906151,3.3125553,3.3125744,3.3107395,3.310629,3.3096962,3.3086567,3.3077812,4.2134247,4.212784,4.2112637,4.2121067,4.2096043,4.210869,4.208866,6.958767,6.958374,6.957716,6.958166,6.95714,6.9569893,6.956581,7.8776264,7.87669,7.876421,7.8760834,7.875059,7.8750324,7.8731976
2210.5,0.9921484,0.98728466,0.98751736,0.987648,0.9846668,0.98457336,0.9819155,1.5401707,1.5383129,1.537735,1.5374451,1.5348787,1.541707,1.534648,1.4526243,1.4504509,1.4612617,1.4488344,1.457962,1.4527569,1.4551687,1.7960148,1.7975464,1.7963419,1.7944288,1.7938051,1.7915697,1.7900391,3.3125038,3.3127956,3.310772,3.310154,3.3096924,3.3089218,3.3082256,4.2171326,4.2156124,4.215307,4.2149734,4.2144814,4.2136555,4.2123528,6.968771,6.967516,6.967491,6.96776,6.966404,6.967125,6.966566,7.885931,7.885071,7.8847675,7.8845825,7.8836136,7.8834095,7.8816338
2211.5,0.99287415,0.98696995,0.99209595,0.99187374,0.98846245,0.9879837,0.98534393,1.5400066,1.5371246,1.535222,1.5361652,1.5339088,1.5408087,1.5339689,1.4527254,1.4512787,1.461688,1.4508553,1.4582291,1.451994,1.4554462,1.7947273,1.796999,1.7972803,1.7928963,1.7922583,1.791646,1.7910423,3.3125896,3.3125439,3.3110485,3.310398,3.3097458,3.3089867,3.3083916,4.2203655,4.2188225,4.21817,4.218565,4.2169647,4.217144,4.215538,6.978136,6.97674,6.977207,6.9767437,6.9755707,6.9766903,6.975834,7.8940544,7.8931046,7.8926926,7.892582,7.8915615,7.8914013,7.889618
2212.5,0.99499226,0.990263,0.995039,0.9930315,0.9889431,0.9904432,0.987504,1.5386047,1.5357409,1.5348711,1.5354271,1.533638,1.5399313,1.5326366,1.4525928,1.4517336,1.4626818,1.4520054,1.4585505,1.4513636,1.4549093,1.7959499,1.7964659,1.7969265,1.7933998,1.7923174,1.7915602,1.7921181,3.312889,3.3128376,3.3112125,3.3104362,3.3096333,3.3091202,3.3085155,4.2247505,4.223406,4.222439,4.221987,4.2210846,4.2207794,4.2192307,6.9865074,6.9858494,6.986147,6.9855824,6.984703,6.98563,6.984026,7.9018726,7.9008827,7.9004536,7.9002056,7.89937,7.899273,7.89748
2213.5,0.9939041,0.9911804,0.9933281,0.99305344,0.990428,0.98808956,0.98524094,1.5389776,1.5349846,1.5361252,1.5360126,1.5333986,1.5404682,1.5332718,1.4533901,1.4501972,1.4625301,1.4530869,1.4589357,1.4525948,1.454709,1.7972002,1.7975798,1.7965956,1.7949944,1.7945414,1.7911224,1.7907429,3.3128223,3.3123455,3.311905,3.3110752,3.3099785,3.3095741,3.3093166,4.228361,4.2261066,4.225292,4.2254887,4.224304,4.224312,4.221819,6.995205,6.995428,6.9947453,6.9944077,6.9940796,6.994297,6.992834,7.9093914,7.908592,7.908148,7.907789,7.907049,7.9069138,7.90518
2214.5,0.99557877,0.9933243,0.99366,0.99297047,0.9905596,0.9899349,0.98724556,1.5387936,1.5356617,1.5358362,1.5353613,1.5335712,1.5418043,1.5328598,1.4512548,1.4504375,1.4624615,1.453742,1.4587221,1.452877,1.4564705,1.7975788,1.7975578,1.7974062,1.7956133,1.7956133,1.7931566,1.790616,3.3123856,3.3120575,3.3116398,3.3103065,3.3099194,3.309822,3.3094559,4.2315426,4.2298355,4.229761,4.2287617,4.227953,4.227808,4.225172,7.0037594,7.0044117,7.0033092,7.0031967,7.0035343,7.002743,7.0014744,7.9167976,7.91593,7.9155407,7.9150867,7.9145336,7.914377,7.9126186
2215.5,0.9941225,0.99439526,0.99594593,0.9935856,0.99100304,0.9922161,0.98815536,1.5391254,1.535924,1.5356226,1.5348911,1.5341511,1.5434055,1.5329332,1.4531708,1.4525003,1.4615631,1.4540348,1.4590559,1.4542332,1.4578571,1.796422,1.7972441,1.7973957,1.7955236,1.7949133,1.7933607,1.7908258,3.3123035,3.311695,3.3108082,3.309885,3.309599,3.3105984,3.3093224,4.236294,4.2332954,4.2330894,4.232815,4.2315598,4.2316456,4.2285748,7.01219,7.012474,7.0114384,7.01182,7.0119553,7.011017,7.01033,7.923933,7.923115,7.9226627,7.922264,7.921768,7.921585,7.919794
2216.5,0.9943085,0.99323654,0.99458694,0.9934492,0.9917259,0.990263,0.98926926,1.5379076,1.5353832,1.5344782,1.5342655,1.5320587,1.5428505,1.5321941,1.4541693,1.4538469,1.4607029,1.4526262,1.4581404,1.456214,1.4588528,1.7965212,1.7974186,1.7983141,1.7964087,1.7943459,1.7945547,1.7923508,3.313301,3.3116798,3.3101254,3.3107548,3.3096924,3.3106709,3.30966,4.2407722,4.2368164,4.237303,4.237095,4.234886,4.2350216,4.2328243,7.0210667,7.0204296,7.0198574,7.020668,7.0197067,7.0195255,7.0191593,7.930979,7.9302483,7.9298344,7.929426,7.9288483,7.9287453,7.92692
2217.5,0.9937668,0.99322605,0.99365425,0.99380875,0.9918318,0.9904375,0.98802185,1.5390854,1.5343142,1.5349426,1.5339775,1.5321388,1.5429001,1.5321064,1.4557018,1.4568939,1.4615622,1.4548302,1.459569,1.4584208,1.4588804,1.7981701,1.7979536,1.7980957,1.7962437,1.7951488,1.7944155,1.7916965,3.3126926,3.312025,3.3110886,3.3102837,3.3107147,3.3102512,3.3095875,4.2458725,4.240612,4.2408333,4.2416286,4.23855,4.238266,4.236643,7.0294437,7.0281506,7.02812,7.028761,7.027405,7.027624,7.0275,7.93795,7.937155,7.936802,7.936386,7.9357147,7.9356327,7.9338436
2218.5,0.99260616,0.9920273,0.99227047,0.9899435,0.98780155,0.98809147,0.98653316,1.5373287,1.5344381,1.5362864,1.5352316,1.5319195,1.5417347,1.5317955,1.4562817,1.4575529,1.4620647,1.4550753,1.4604015,1.4563608,1.4569235,1.7991705,1.7985048,1.7980299,1.7963457,1.7961826,1.7943144,1.7930679,3.31242,3.311531,3.3097496,3.3098736,3.3092117,3.3098488,3.3087234,4.250349,4.244339,4.246954,4.2468567,4.242857,4.2423744,4.240261,7.037552,7.036175,7.0366497,7.036108,7.0352287,7.0359726,7.0351105,7.9446335,7.9437885,7.94368,7.9431763,7.9425564,7.9425354,7.9405823
2219.5,0.9918537,0.99078465,0.9897499,0.98854256,0.98715115,0.9853449,0.9868059,1.5370722,1.5342722,1.5344639,1.533288,1.5306902,1.5409861,1.5302858,1.4565897,1.4581842,1.4628983,1.4545965,1.4607239,1.4548397,1.4550838,1.7997761,1.7990694,1.7979612,1.7972088,1.7965202,1.7952871,1.7933598,3.3116035,3.3109665,3.3100739,3.310917,3.3093739,3.309187,3.3078442,4.2551384,4.2484875,4.251684,4.251877,4.247347,4.2471924,4.245098,7.045061,7.0443172,7.04484,7.043995,7.0434055,7.0439835,7.0428867,7.950979,7.9502525,7.9500656,7.949629,7.9487877,7.948906,7.9469604
2220.5,0.9900055,0.9915695,0.9880953,0.98704815,0.98480797,0.9862833,0.9841728,1.537364,1.5364695,1.5351992,1.5343666,1.5327301,1.5419378,1.5310488,1.4560747,1.4559565,1.4669104,1.4539728,1.4637032,1.4544516,1.4555092,1.7998419,1.7985954,1.7993946,1.7980766,1.7971916,1.7961559,1.7963371,3.3122177,3.3113766,3.3112926,3.310627,3.3102875,3.3096123,3.3079376,4.2601147,4.253237,4.2562027,4.256212,4.2515793,4.251751,4.24975,7.051796,7.0519276,7.051613,7.050667,7.0505123,7.050663,7.04974,7.9571,7.956476,7.956255,7.9558983,7.955057,7.9550686,7.953394
2221.5,0.9899349,0.988369,0.9873829,0.9876776,0.9837818,0.98281574,0.98369503,1.5369558,1.5371962,1.5346355,1.5320883,1.5310488,1.5409546,1.530735,1.4564753,1.45607,1.4672422,1.4544697,1.4655619,1.45434,1.4568062,1.8004313,1.7988348,1.8000526,1.7981777,1.7971249,1.7957878,1.7955799,3.311283,3.311411,3.3097305,3.3093224,3.3086605,3.307909,3.307188,4.2651024,4.2576065,4.2606373,4.260784,4.2564106,4.2564735,4.253956,7.058773,7.05925,7.0582867,7.057747,7.057865,7.057476,7.056755,7.96327,7.962492,7.962179,7.9618225,7.9611435,7.961138,7.959482
2222.5,0.9898243,0.9881115,0.9865351,0.9851036,0.9836092,0.9824724,0.9797745,1.5409689,1.5400505,1.53409,1.5325489,1.5313559,1.5419693,1.5318632,1.4577684,1.4556398,1.4667645,1.4558363,1.466382,1.4550982,1.4596958,1.8021498,1.7994356,1.8007088,1.7987862,1.7973385,1.7956343,1.7987852,3.3113098,3.3101501,3.3095589,3.3089752,3.3082523,3.3075714,3.3077507,4.268982,4.262396,4.2657585,4.265991,4.2610207,4.2610645,4.259207,7.065914,7.066244,7.065569,7.0655384,7.0651436,7.0649967,7.064213,7.9691677,7.9685,7.9680557,7.9677315,7.967016,7.9670734,7.9653625
2223.5,0.9864979,0.9874296,0.98245907,0.9842243,0.9815302,0.98033524,0.9793825,1.5419006,1.5405712,1.5341511,1.5331116,1.5303974,1.5419226,1.530879,1.4585276,1.4564953,1.4652605,1.4562244,1.4663639,1.4562521,1.4638042,1.8011818,1.8002892,1.7998114,1.7983141,1.7986784,1.7957373,1.7985449,3.3104935,3.3098679,3.309187,3.3076134,3.3079567,3.3077602,3.307003,4.272686,4.266474,4.269039,4.2702217,4.2650356,4.2651787,4.262825,7.072857,7.072443,7.0718994,7.072748,7.071686,7.071419,7.071409,7.9747486,7.973978,7.973503,7.9733524,7.9726677,7.9726257,7.9709015
2224.5,0.9868498,0.9851675,0.981184,0.9824467,0.9814701,0.98146915,0.9779215,1.5419893,1.5402861,1.5339508,1.5327415,1.5294838,1.5413723,1.5324183,1.4580803,1.4560013,1.462266,1.4567652,1.4646568,1.4553804,1.4634266,1.8014727,1.8013086,1.8023491,1.7991066,1.7973251,1.7967081,1.8004732,3.3098755,3.309883,3.308199,3.308424,3.3074818,3.3073673,3.3062057,4.277155,4.269905,4.2726383,4.2728977,4.2690773,4.26976,4.266575,7.080124,7.079134,7.078888,7.0794926,7.0784454,7.0783787,7.0784397,7.980139,7.97929,7.9789314,7.9787674,7.977997,7.9779816,7.9762573
2225.5,0.98821545,0.98311615,0.9809904,0.9800472,0.9813318,0.9811306,0.97882366,1.5426102,1.5398226,1.535552,1.5333757,1.53055,1.5439167,1.5348969,1.4583969,1.4568272,1.4644871,1.456707,1.465517,1.4536304,1.4638672,1.8039751,1.8044987,1.8044262,1.8011026,1.7984228,1.7959347,1.8003273,3.3097363,3.308651,3.3089256,3.3087769,3.3067722,3.3075142,3.306488,4.2811604,4.2746754,4.276613,4.2773,4.273926,4.274126,4.27054,7.0862026,7.0849133,7.0853386,7.0848885,7.0842533,7.0845394,7.084278,7.9852695,7.984495,7.984131,7.983963,7.983202,7.983259,7.9815006
2226.5,0.98709106,0.98386,0.98121834,0.98130035,0.9784756,0.97928905,0.9784031,1.5420771,1.539504,1.535491,1.533247,1.5326376,1.5436974,1.5367393,1.4585972,1.4537401,1.4617729,1.4573879,1.462245,1.4517107,1.4625168,1.8053122,1.8048868,1.8054104,1.8031406,1.7974958,1.7986965,1.7993755,3.3078709,3.3078613,3.3060627,3.3065968,3.3055916,3.3060417,3.3050308,4.284973,4.2793503,4.2806664,4.281595,4.2774143,4.2779045,4.2748356,7.0920544,7.0912304,7.091667,7.0907555,7.09046,7.0908527,7.0901566,7.99045,7.9895897,7.989334,7.9891224,7.988415,7.988407,7.98662
2227.5,0.9860945,0.98315907,0.98280525,0.9793587,0.979784,0.9798708,0.977684,1.5423326,1.5394335,1.5349255,1.5356684,1.535449,1.5443192,1.5368767,1.4602785,1.4540415,1.4580755,1.4592772,1.4619408,1.4507608,1.4596462,1.8058672,1.8056431,1.8060541,1.8033066,1.7999382,1.8010931,1.7989168,3.3070316,3.3068428,3.3051014,3.3064346,3.3052235,3.3051167,3.3041,4.288557,4.282854,4.285074,4.2857895,4.2809906,4.281124,4.2782135,7.097769,7.0975475,7.0973377,7.0965176,7.0964565,7.0964603,7.09581,7.9952602,7.994459,7.994253,7.9939384,7.993294,7.9931507,7.9915257
2228.5,0.98591423,0.98124504,0.9824257,0.9787693,0.9788847,0.97882175,0.9780588,1.5420675,1.5400782,1.5342808,1.5376053,1.5373764,1.5448198,1.5371046,1.464325,1.4548664,1.4569511,1.4607439,1.4606018,1.4515362,1.4590998,1.806119,1.8053122,1.8055792,1.8040886,1.802885,1.8020315,1.7990131,3.3067703,3.3080158,3.3047485,3.3057365,3.3045883,3.3039627,3.304615,4.2921867,4.287266,4.288309,4.289076,4.2850437,4.2841053,4.2819366,7.103058,7.1033154,7.1025085,7.1018295,7.1019096,7.1017036,7.101101,7.9999332,7.9991283,7.9988403,7.9985867,7.9980087,7.997835,7.99621
2229.5,0.98586464,0.9817562,0.98141384,0.97953796,0.9795866,0.97909546,0.9782057,1.5414667,1.539897,1.534421,1.5381565,1.5384035,1.5450201,1.536025,1.465559,1.4543028,1.456996,1.4621563,1.4557447,1.4533548,1.4572506,1.8053532,1.8045778,1.8050327,1.8032665,1.8041458,1.8022308,1.7994289,3.307085,3.3075848,3.3043232,3.3052673,3.3045063,3.3046207,3.3029003,4.2961407,4.2901516,4.29257,4.2932186,4.2891045,4.2876453,4.286186,7.1085644,7.1086655,7.108036,7.1080513,7.1074715,7.1073093,7.106695,8.004322,8.003546,8.003431,8.002968,8.002432,8.002354,8.000736
2230.5,0.9856434,0.9808636,0.9779539,0.9775591,0.9780216,0.97652435,0.9778042,1.5437078,1.5424356,1.5350313,1.5389633,1.5395098,1.5459375,1.5360308,1.4648438,1.4545059,1.4565258,1.463974,1.45607,1.4552164,1.4555988,1.8041372,1.8026581,1.8041153,1.8026018,1.8036747,1.8017178,1.8002987,3.3050098,3.3048763,3.3034554,3.3038864,3.3024654,3.3026772,3.3019218,4.299999,4.2937546,4.295391,4.2969704,4.291971,4.2913704,4.2893085,7.113735,7.113224,7.112856,7.113802,7.1126633,7.1124516,7.112362,8.00861,8.007814,8.007748,8.007275,8.006723,8.006685,8.005142
2231.5,0.98267746,0.98187256,0.9772806,0.9776468,0.9761534,0.97594166,0.9775429,1.5433369,1.541215,1.534008,1.5379353,1.5379868,1.5463791,1.5368805,1.4654884,1.4566545,1.4555807,1.4644556,1.4552832,1.4539442,1.451786,1.8042822,1.8034954,1.804637,1.8023176,1.8028746,1.8013582,1.8020649,3.3039913,3.3037071,3.302122,3.3032246,3.3012753,3.3013191,3.300558,4.3028603,4.297659,4.2986717,4.299698,4.2955856,4.2955055,4.293131,7.1191673,7.1177673,7.1177406,7.1188107,7.1174164,7.1173134,7.1180477,8.01251,8.011848,8.011566,8.011324,8.010735,8.01062,8.009188
2232.5,0.9818268,0.9811163,0.9761038,0.9773598,0.9769745,0.97401714,0.9735565,1.5444164,1.540884,1.5343533,1.5378218,1.5380154,1.547059,1.5375223,1.4657297,1.460762,1.4594088,1.4640064,1.4548416,1.4528046,1.4487896,1.8047428,1.8040848,1.8047647,1.802638,1.8024168,1.8006554,1.8037062,3.3039951,3.3040123,3.3029366,3.303648,3.300188,3.3013039,3.3010845,4.305788,4.3008213,4.301918,4.3025856,4.2992,4.29908,4.295988,7.1242294,7.1226883,7.1227856,7.12315,7.1225014,7.1221867,7.122898,8.016361,8.015688,8.015402,8.015097,8.014423,8.014469,8.012859
2233.5,0.9803438,0.97792244,0.9755173,0.975564,0.97192097,0.9723978,0.973299,1.544487,1.540205,1.5330429,1.5377722,1.5378466,1.5472021,1.5384045,1.4649801,1.4636974,1.4636145,1.4619694,1.4560127,1.4528551,1.4468279,1.805109,1.8049784,1.8060188,1.8034554,1.8022032,1.8004065,1.8047085,3.3024178,3.3030815,3.3012886,3.3013248,3.2999382,3.2992058,3.2997417,4.309202,4.303417,4.3047066,4.306278,4.3019104,4.301962,4.299343,7.1283016,7.1270447,7.127165,7.1269054,7.1268063,7.1262493,7.1266556,8.020046,8.019382,8.019012,8.018763,8.018131,8.018196,8.016554
2234.5,0.9782715,0.9769554,0.9723568,0.9721012,0.97310066,0.971694,0.9716978,1.5445719,1.5391979,1.5362062,1.5376596,1.5369177,1.54601,1.5371523,1.4632301,1.4635639,1.4643536,1.4594431,1.4560499,1.4538879,1.4465151,1.8056984,1.8058367,1.8068008,1.8044405,1.8018198,1.8009939,1.8049536,3.3020306,3.3015957,3.3004475,3.299652,3.2980747,3.2977905,3.297968,4.312252,4.307066,4.308626,4.309412,4.3049335,4.3058777,4.3021145,7.132538,7.132307,7.1320667,7.1314373,7.131523,7.1310387,7.130726,8.023472,8.022867,8.022512,8.022297,8.021511,8.021669,8.020042
2235.5,0.97441864,0.9745083,0.9703131,0.97090244,0.96955776,0.96858597,0.9691906,1.5449133,1.5405626,1.5382795,1.5389099,1.5376568,1.5470676,1.5382729,1.4610872,1.4614239,1.4661894,1.4574585,1.4561491,1.4528303,1.4477854,1.806695,1.8076887,1.8083239,1.8050175,1.8015652,1.8017426,1.8033752,3.3011036,3.2996922,3.2986107,3.2984562,3.2985477,3.2972488,3.296423,4.315378,4.3094063,4.311722,4.311716,4.307556,4.308407,4.3050156,7.136284,7.13673,7.1359177,7.135359,7.1352596,7.1351986,7.134861,8.026907,8.026318,8.025816,8.025579,8.024893,8.025038,8.023441
2236.5,0.9744158,0.9721899,0.96807194,0.9688263,0.9685726,0.96701336,0.96666145,1.544199,1.5400009,1.5385017,1.5377388,1.5373507,1.5456829,1.5365543,1.4603224,1.4596872,1.466548,1.454649,1.45263,1.4522438,1.4468184,1.8083153,1.8077421,1.8095264,1.8070049,1.8031931,1.8040257,1.8024511,3.2996712,3.299263,3.297104,3.2977924,3.2970448,3.296152,3.2954807,4.3183346,4.312065,4.314003,4.315176,4.310192,4.3107433,4.3069725,7.1404285,7.14098,7.1402645,7.1401234,7.139269,7.1393185,7.138878,8.029924,8.029381,8.02895,8.028721,8.028002,8.028049,8.026588
2237.5,0.973052,0.97013474,0.96879673,0.969738,0.96503544,0.9686222,0.9665699,1.5447235,1.5405846,1.5390654,1.5379076,1.5369368,1.547678,1.535964,1.4587097,1.4589186,1.4677143,1.4553928,1.4539137,1.4533815,1.4483395,1.809104,1.808198,1.8089256,1.8073235,1.8049974,1.8053026,1.8015175,3.297552,3.2970257,3.2956753,3.2957535,3.2962093,3.2953796,3.2942638,4.3206253,4.314787,4.3172398,4.31806,4.3118935,4.3131466,4.3109856,7.1443176,7.144169,7.144127,7.144703,7.143152,7.1433964,7.143343,8.032932,8.032375,8.031967,8.031769,8.031118,8.031181,8.029526
2238.5,0.9724369,0.96892834,0.96522045,0.96589375,0.9627476,0.96525383,0.96276474,1.5437965,1.5409479,1.5385551,1.5386801,1.5368214,1.5469999,1.5359077,1.458847,1.4586124,1.4651756,1.4540873,1.4545078,1.4495554,1.4484367,1.8081818,1.8070059,1.8077574,1.8062954,1.8055553,1.8055229,1.8013506,3.2967873,3.2953491,3.2935696,3.294901,3.294361,3.294033,3.2934742,4.322813,4.3175297,4.3196087,4.3201294,4.315174,4.3160477,4.3133907,7.1485405,7.1472225,7.1475124,7.148098,7.1468563,7.14678,7.1476307,8.035873,8.035074,8.034784,8.034588,8.033878,8.03401,8.0324
2239.5,0.9703598,0.96779346,0.96477985,0.96416473,0.96174717,0.9646616,0.9611807,1.5430384,1.5410948,1.5378189,1.5389643,1.5359936,1.5468922,1.5353909,1.4561434,1.455843,1.4629164,1.4528818,1.4570084,1.4474287,1.4486942,1.8075523,1.805295,1.8064556,1.8052273,1.8049841,1.8051786,1.801466,3.2947884,3.294115,3.2932568,3.2936916,3.2927876,3.2925186,3.2918053,4.3251133,4.3198967,4.321802,4.322542,4.3176517,4.318468,4.316103,7.152464,7.150982,7.1509914,7.1511497,7.1504517,7.15024,7.1511936,8.038462,8.037714,8.037369,8.037182,8.0364895,8.0366,8.035034
2240.5,0.9712591,0.9666767,0.9633837,0.96486664,0.9632826,0.96157646,0.96066093,1.5440893,1.5433502,1.5375509,1.5396681,1.5374899,1.5475292,1.5368509,1.4563293,1.4551458,1.4609985,1.4525518,1.4599438,1.4475908,1.4518871,1.8064461,1.8048563,1.8059273,1.8039417,1.8050518,1.803792,1.8027906,3.2941284,3.2932281,3.2920246,3.2927608,3.2912674,3.2912598,3.291912,4.32732,4.3219414,4.323494,4.3245564,4.3198757,4.3204746,4.3180428,7.155285,7.153698,7.1537476,7.153475,7.153467,7.1531086,7.153322,8.04105,8.040337,8.039984,8.0397625,8.039194,8.03933,8.037617
2241.5,0.96777534,0.965498,0.96159935,0.9625988,0.9599705,0.9588947,0.9597664,1.5438051,1.5427427,1.5368338,1.538599,1.5360069,1.5461435,1.5354614,1.4552879,1.4547768,1.4584627,1.4528809,1.4617395,1.446125,1.4536676,1.805851,1.8041105,1.8061142,1.8033361,1.8036499,1.8026924,1.8047657,3.292097,3.2919998,3.291132,3.2910805,3.2900276,3.2902355,3.2886658,4.3299065,4.324646,4.325674,4.327362,4.3226852,4.3227673,4.320423,7.157728,7.1569138,7.1566696,7.1563797,7.1566734,7.1560955,7.156025,8.043386,8.042717,8.042265,8.042143,8.041504,8.041622,8.040047
2242.5,0.96499634,0.9632416,0.96231747,0.9603462,0.9613981,0.95878696,0.95719147,1.5466833,1.5433092,1.5368385,1.5376863,1.5374222,1.5453739,1.5371857,1.4563274,1.4567032,1.4556313,1.4585752,1.4623766,1.4507504,1.4551792,1.8064365,1.80517,1.8071337,1.804369,1.8024263,1.8012877,1.8054924,3.289627,3.2895184,3.2889328,3.2894192,3.287363,3.28858,3.2869492,4.332943,4.326662,4.3284416,4.3299713,4.3254967,4.325508,4.322891,7.1604233,7.1604195,7.159916,7.1596317,7.1596775,7.159128,7.159008,8.045767,8.045025,8.044662,8.044537,8.043848,8.043863,8.042248
2243.5,0.9647093,0.96297646,0.9597025,0.9595852,0.9583969,0.9563999,0.95546436,1.5472975,1.5445318,1.5362988,1.536068,1.5382586,1.543663,1.536787,1.4616632,1.4580479,1.4528427,1.461833,1.4604778,1.4549246,1.458766,1.8081369,1.8063202,1.8093185,1.804431,1.8025818,1.8014565,1.8060055,3.2880917,3.2870026,3.286377,3.287632,3.2855625,3.2856884,3.284048,4.334627,4.329132,4.3301067,4.3324566,4.327738,4.3269444,4.324993,7.1627693,7.1632442,7.1623173,7.1622715,7.1617126,7.161726,7.1614323,8.047853,8.047073,8.04665,8.046511,8.045801,8.0458355,8.04435
2244.5,0.96333885,0.96148777,0.95784664,0.9590187,0.95714855,0.95508575,0.9550915,1.5470066,1.5455723,1.536252,1.5348663,1.5384607,1.5416574,1.5360613,1.4663305,1.4575233,1.4498196,1.4637718,1.4581413,1.4562731,1.4618092,1.8084869,1.8076105,1.8092012,1.8063965,1.803608,1.8026619,1.8059225,3.2876549,3.2858295,3.285572,3.2879333,3.2851124,3.285759,3.2835522,4.335787,4.3298874,4.331375,4.3338203,4.3293095,4.328823,4.326908,7.165369,7.165533,7.16494,7.165062,7.16411,7.1642,7.1642437,8.049747,8.048912,8.048496,8.0484295,8.0477085,8.047773,8.046276
2245.5,0.96044064,0.960207,0.9574356,0.9575863,0.95591164,0.9524889,0.95387554,1.5460949,1.5463018,1.5357885,1.5368071,1.539114,1.5411243,1.5378838,1.4710932,1.4596729,1.4509859,1.4701872,1.456255,1.4585648,1.467617,1.8094845,1.8073082,1.809598,1.8062725,1.8051052,1.8041258,1.8048677,3.2858543,3.2847252,3.2834568,3.2857018,3.2829456,3.2829895,3.2826023,4.3372803,4.331661,4.3337,4.335787,4.331295,4.3308144,4.3291645,7.1676903,7.167179,7.167021,7.167902,7.166237,7.166399,7.1666527,8.05143,8.050684,8.050261,8.050116,8.049473,8.049498,8.048073
2246.5,0.9594879,0.9577465,0.9539509,0.95542526,0.9554157,0.9526653,0.9530544,1.5442266,1.5444784,1.5335989,1.5363588,1.5378017,1.5411358,1.5384216,1.473341,1.4611139,1.4510345,1.4756317,1.45506,1.4591665,1.4674768,1.8102388,1.8083134,1.8091211,1.8072538,1.8055124,1.8053541,1.8049631,3.2848358,3.282322,3.2823486,3.283102,3.281683,3.2818508,3.2793713,4.3395214,4.3336143,4.335865,4.3377953,4.3329277,4.333,4.330158,7.170271,7.1692524,7.1690903,7.170208,7.168352,7.168724,7.169325,8.052958,8.052216,8.051813,8.05167,8.051096,8.05109,8.049614
2247.5,0.95951176,0.9582424,0.95460224,0.95612335,0.953063,0.9518614,0.95209694,1.5425749,1.5428362,1.5321198,1.5376463,1.5373249,1.5401602,1.5390272,1.4789381,1.4630585,1.4498634,1.4789162,1.454072,1.4586391,1.466299,1.8096685,1.8080721,1.8091526,1.8078098,1.8061523,1.8061361,1.8051462,3.282816,3.2814827,3.280054,3.2798653,3.2801762,3.2793903,3.2781067,4.341175,4.3352833,4.337694,4.3385563,4.3342304,4.3338165,4.3306847,7.172266,7.171232,7.170574,7.171648,7.1703243,7.170103,7.1713524,8.054363,8.053631,8.053236,8.053089,8.052465,8.052479,8.050913
2248.5,0.9557972,0.9546995,0.9533062,0.95219326,0.95177937,0.9505787,0.9504595,1.5428705,1.539959,1.5315685,1.5399542,1.5344734,1.5417719,1.5381489,1.4843073,1.4662066,1.4532843,1.481947,1.4570808,1.4578638,1.4633465,1.808775,1.8075657,1.808301,1.8070097,1.806242,1.8048763,1.8046741,3.2815228,3.278963,3.278036,3.2791462,3.2788486,3.2780247,3.2764797,4.342495,4.3364697,4.339319,4.339794,4.3354263,4.3350964,4.332432,7.173912,7.172701,7.1719704,7.1728134,7.1718464,7.171528,7.17243,8.055565,8.054888,8.054432,8.054228,8.053719,8.05368,8.052128
2249.5,0.95512676,0.95551586,0.9522619,0.9539366,0.9514189,0.9488859,0.95044327,1.5431709,1.539362,1.5309725,1.5407372,1.5327873,1.5411081,1.5356569,1.4869423,1.4655447,1.4563351,1.479455,1.4562969,1.4545774,1.4591913,1.8084574,1.807786,1.8081579,1.8057814,1.80651,1.8050776,1.8049269,3.280056,3.278532,3.277378,3.2766209,3.2779484,3.2761116,3.2748756,4.3444386,4.338543,4.3414116,4.3414097,4.336727,4.3370934,4.334242,7.1752014,7.174305,7.1734505,7.1745663,7.173422,7.172844,7.1738243,8.056608,8.055962,8.055517,8.055359,8.054853,8.054829,8.053291
2250.5,0.9543867,0.95253944,0.9494362,0.9508982,0.9495306,0.94783497,0.94688225,1.5422392,1.5397234,1.533062,1.5397501,1.5352259,1.5407791,1.5351629,1.4865093,1.465477,1.463728,1.4763107,1.4554605,1.4520922,1.4565134,1.8076477,1.8074884,1.8070097,1.8049412,1.8055382,1.80338,1.8039484,3.2758446,3.2752113,3.273775,3.274294,3.2743587,3.2732372,3.2720203,4.3449364,4.3398857,4.3425617,4.342678,4.3381405,4.3379154,4.336275,7.175785,7.175709,7.1746254,7.175602,7.1746445,7.173853,7.1750584,8.057486,8.056906,8.056446,8.056349,8.055901,8.055834,8.054359
2251.5,0.9548073,0.95152664,0.9507446,0.9524727,0.9497471,0.94790363,0.9482889,1.5392733,1.5369081,1.532897,1.5368624,1.5334072,1.5408773,1.532445,1.4844484,1.4622612,1.4710512,1.4715948,1.4540625,1.449688,1.4558592,1.8080568,1.8075705,1.8070478,1.8056164,1.8058453,1.8031311,1.8038111,3.2735844,3.2740498,3.273428,3.2730064,3.2730427,3.2725239,3.270399,4.3464775,4.341223,4.3437634,4.34379,4.3397274,4.338852,4.3378754,7.176901,7.1769123,7.175785,7.176693,7.1754494,7.175295,7.1759853,8.058226,8.057629,8.05719,8.057037,8.056709,8.05641,8.055042
2252.5,0.95468044,0.9522381,0.95003605,0.94861794,0.9492693,0.94752216,0.9474621,1.538455,1.5363626,1.5321751,1.5361423,1.5323744,1.5425873,1.5319443,1.4797754,1.459403,1.4671745,1.4683962,1.4523134,1.450222,1.4553843,1.808775,1.8082523,1.8070612,1.8056383,1.8043098,1.8025818,1.8042183,3.2739067,3.2728176,3.2723675,3.2723312,3.271227,3.27174,3.2706394,4.346836,4.341917,4.3449783,4.345207,4.3409386,4.3402557,4.33893,7.177889,7.1781864,7.1768093,7.1774178,7.1764374,7.176504,7.176979,8.058943,8.058344,8.058029,8.057825,8.05736,8.057072,8.055626
2253.5,0.953084,0.9482889,0.9489889,0.9464159,0.9474497,0.94457626,0.9451456,1.5366936,1.5333891,1.5302639,1.5346193,1.5321093,1.5426941,1.5311518,1.4749346,1.4581308,1.4640741,1.4654264,1.4530315,1.4507074,1.4552937,1.8084431,1.8083448,1.807972,1.8059025,1.8043423,1.8037224,1.8035507,3.2710133,3.2698898,3.269619,3.2702885,3.2687511,3.2694168,3.268097,4.348503,4.3433514,4.3462753,4.347069,4.342472,4.341585,4.3400707,7.178499,7.178541,7.177473,7.178215,7.17688,7.177107,7.177519,8.059582,8.059,8.058552,8.05831,8.057743,8.0576935,8.056248
2254.5,0.9522486,0.9490204,0.94774914,0.9476881,0.94708824,0.9421425,0.9425335,1.5370798,1.5310774,1.5286016,1.5337391,1.5306816,1.5392628,1.5298662,1.4704409,1.4554634,1.4582424,1.4600391,1.4534569,1.449235,1.4514017,1.8082504,1.8076525,1.8075199,1.8060045,1.8038902,1.8038015,1.8032875,3.2692776,3.2684174,3.267624,3.2684898,3.266634,3.2677155,3.264635,4.3498287,4.344326,4.347418,4.348278,4.3438187,4.3424435,4.341053,7.1793213,7.179697,7.1784496,7.179758,7.1779327,7.178032,7.178814,8.060101,8.059507,8.05916,8.058928,8.058413,8.058405,8.056868
2255.5,0.9516201,0.9472885,0.9470396,0.9482622,0.9464445,0.9431753,0.9406328,1.5392418,1.530653,1.5285206,1.5348434,1.5320435,1.539073,1.5294294,1.4670897,1.4546413,1.4573288,1.4579906,1.457717,1.4489021,1.4496775,1.8088331,1.8066044,1.8063307,1.8056097,1.8044748,1.8032827,1.8027811,3.2679462,3.266674,3.2659416,3.2658787,3.2651596,3.265627,3.2629967,4.351099,4.34581,4.348856,4.3496094,4.345068,4.343731,4.3423557,7.179985,7.1801167,7.1785355,7.180525,7.178463,7.178192,7.1796722,8.060493,8.060085,8.059687,8.059441,8.05901,8.058935,8.057331
2256.5,0.95037556,0.9460068,0.9475231,0.945673,0.94582653,0.9422283,0.94215965,1.5420876,1.5306139,1.5285416,1.5327768,1.5333242,1.534874,1.5275259,1.4651184,1.4524689,1.4546127,1.4552364,1.4591675,1.4501715,1.4474583,1.8089228,1.8068466,1.8065891,1.8056211,1.8045378,1.8047056,1.8029032,3.2674255,3.2654495,3.2644825,3.2652264,3.264265,3.2638493,3.2614975,4.352215,4.347027,4.3499374,4.3503914,4.345825,4.3445396,4.343464,7.1814137,7.1805325,7.179165,7.181288,7.179304,7.17881,7.1808987,8.061056,8.060606,8.06045,8.060045,8.059502,8.059494,8.057842
2257.5,0.9477596,0.94466114,0.9468422,0.9460325,0.94216347,0.94183636,0.94183826,1.5444851,1.5309801,1.5322285,1.5319834,1.5367994,1.5334759,1.5263672,1.4625378,1.44977,1.4535875,1.4509668,1.4601955,1.4536343,1.4474726,1.8080406,1.8062286,1.8060026,1.8044958,1.8037329,1.8043337,1.8027439,3.2648754,3.2640686,3.2623959,3.2633018,3.2621174,3.2622032,3.2604427,4.3534718,4.348839,4.351324,4.3522186,4.3477287,4.3466053,4.345171,7.182461,7.181204,7.180582,7.1817417,7.1803856,7.179636,7.1812763,8.061817,8.061285,8.060904,8.060667,8.060181,8.060062,8.058498
2258.5,0.94755936,0.94401073,0.9443531,0.9436283,0.94083977,0.93897724,0.9379635,1.5436935,1.5334139,1.533186,1.529768,1.5369024,1.5331945,1.5269451,1.4580002,1.4491291,1.4532328,1.44983,1.4596682,1.4531908,1.4486198,1.8078213,1.8051014,1.8056383,1.8039713,1.8037405,1.8043985,1.8015738,3.2630596,3.261259,3.2602959,3.262352,3.2601376,3.260704,3.2590122,4.354498,4.350256,4.352541,4.353468,4.34935,4.348028,4.3470097,7.1828613,7.181961,7.181547,7.1824837,7.181265,7.1804523,7.1817684,8.062637,8.061943,8.061728,8.06156,8.060953,8.060894,8.059349
2259.5,0.9467306,0.9459915,0.9446182,0.9435997,0.94140244,0.93815136,0.9394331,1.5407686,1.5334606,1.5304413,1.5286684,1.5351772,1.5318718,1.5264454,1.4545946,1.4518642,1.4510441,1.4482183,1.4580584,1.4569721,1.4468889,1.8077917,1.804512,1.8045168,1.8037367,1.8036356,1.8034992,1.8011093,3.2612934,3.2603836,3.2584953,3.259779,3.2588139,3.2580338,3.2569752,4.356104,4.3512897,4.3538494,4.3549976,4.3509064,4.3497734,4.3479843,7.1834908,7.183117,7.1824646,7.182955,7.182129,7.1813335,7.1827126,8.063412,8.062719,8.0625515,8.062315,8.06181,8.061638,8.060181
2260.5,0.9464445,0.9437361,0.9442663,0.9418793,0.9405556,0.93691254,0.9382191,1.5396004,1.5335636,1.5285091,1.529994,1.5337362,1.5302849,1.5303831,1.4560919,1.4559364,1.4504862,1.4497547,1.4578781,1.4597712,1.4489841,1.8080921,1.8040066,1.804574,1.8025532,1.8038626,1.8032389,1.801714,3.2612247,3.2599316,3.2583847,3.2586765,3.2578735,3.2573566,3.2566051,4.3569603,4.351862,4.354849,4.356251,4.3519344,4.350647,4.3492928,7.184395,7.1842327,7.1831074,7.183546,7.1824436,7.1819973,7.1833096,8.0642605,8.063562,8.063519,8.063272,8.062624,8.062569,8.061014
2261.5,0.9463444,0.94505596,0.9443941,0.9429207,0.9401798,0.9386797,0.93748283,1.5367794,1.5309219,1.523778,1.5298834,1.530263,1.527319,1.528552,1.4572096,1.4582586,1.4478283,1.4519701,1.4572811,1.4614677,1.4465561,1.8067341,1.804141,1.8042841,1.8019476,1.8035269,1.8022728,1.8009682,3.2600193,3.259468,3.256279,3.2574482,3.2558422,3.2553272,3.2546158,4.358612,4.35301,4.356888,4.3578167,4.3534603,4.351755,4.350691,7.1849937,7.185457,7.1838017,7.184376,7.1831074,7.182972,7.183897,8.065403,8.064777,8.064522,8.064213,8.063705,8.063602,8.062101
2262.5,0.9458008,0.9406109,0.9421253,0.9403229,0.941062,0.93712234,0.9368324,1.5349627,1.5294571,1.5230665,1.534236,1.5283117,1.5262165,1.5281563,1.4619417,1.4608259,1.448473,1.4546709,1.4615688,1.4615726,1.4466143,1.8066797,1.803462,1.8050356,1.8012257,1.8026333,1.8016968,1.8011904,3.2586632,3.2564526,3.2558575,3.2557182,3.255602,3.2551155,3.2522678,4.3604164,4.354851,4.3581276,4.3593006,4.3550167,4.352827,4.3518524,7.186104,7.186344,7.18478,7.1857395,7.1841335,7.1841717,7.1850815,8.066254,8.065643,8.0654545,8.065136,8.06461,8.064596,8.062977
2263.5,0.9462929,0.9398098,0.9430828,0.9417114,0.94021416,0.936203,0.93625736,1.5332413,1.5273628,1.5225592,1.5357971,1.5266037,1.5241175,1.5263691,1.4648638,1.465209,1.4498396,1.454772,1.4660072,1.4594574,1.44736,1.8055573,1.8047924,1.8049564,1.8018141,1.8015041,1.8020802,1.8013172,3.257515,3.254753,3.2539845,3.2554512,3.2535725,3.2548962,3.251112,4.3618927,4.3564625,4.3591003,4.360319,4.356043,4.3542995,4.35355,7.1868744,7.1870575,7.185507,7.186844,7.1850014,7.184902,7.186022,8.067476,8.06687,8.066673,8.066298,8.0658245,8.065809,8.064264
2264.5,0.9456816,0.9422512,0.9433756,0.9395952,0.9405117,0.93507385,0.93664074,1.531807,1.5262575,1.5238838,1.5337086,1.5250549,1.5234413,1.5233145,1.464653,1.4657288,1.4506168,1.4537277,1.4659252,1.455965,1.4489069,1.8062782,1.804163,1.8053541,1.8031254,1.802453,1.8026743,1.8019247,3.2558346,3.254816,3.2549858,3.2543163,3.2545815,3.2541447,3.2515965,4.363188,4.3579464,4.360632,4.361532,4.35787,4.355528,4.3546143,7.188326,7.188307,7.1867027,7.188711,7.186285,7.1860046,7.1878376,8.068447,8.068001,8.067661,8.067425,8.066887,8.066847,8.065363
2265.5,0.9445963,0.94018936,0.9431248,0.94025326,0.9389868,0.9351206,0.93556786,1.5299206,1.5265226,1.5245447,1.5335436,1.5242405,1.5244932,1.5238867,1.4653397,1.4675646,1.4543447,1.4549379,1.4667168,1.456173,1.4545784,1.8071518,1.805254,1.805481,1.803977,1.8027077,1.80229,1.8015547,3.255371,3.25494,3.2538605,3.254053,3.253952,3.2533932,3.2515125,4.364588,4.359331,4.3619957,4.363302,4.3594913,4.3572598,4.356575,7.1898594,7.1891804,7.187784,7.189619,7.1877823,7.187134,7.188999,8.069576,8.069162,8.068851,8.068588,8.068104,8.068148,8.066586
2266.5,0.94416237,0.94002056,0.9412899,0.9403715,0.93957233,0.9359236,0.9357357,1.5270548,1.5233469,1.5228767,1.5292349,1.5223293,1.5251007,1.5239573,1.4647179,1.4645987,1.4536037,1.4558563,1.4633408,1.4546413,1.4554663,1.8084078,1.8054695,1.805254,1.8043747,1.8035154,1.8025131,1.8009787,3.2533722,3.2529888,3.2518787,3.2528152,3.251194,3.2520485,3.2491608,4.365921,4.361328,4.3635406,4.364708,4.3616467,4.359398,4.3587017,7.1913776,7.1901817,7.1892643,7.190426,7.1891365,7.188713,7.189892,8.070852,8.070414,8.070087,8.06979,8.069586,8.069458,8.067802
2267.5,0.94359875,0.94045925,0.94050217,0.93789864,0.9390478,0.93702507,0.93527126,1.5264292,1.520793,1.5213346,1.5262022,1.520154,1.524993,1.5237389,1.4646769,1.4610367,1.4549303,1.4583664,1.4628525,1.4535923,1.4565239,1.8085966,1.8045006,1.8051882,1.804265,1.8040619,1.8008995,1.8001604,3.2525177,3.252327,3.2507572,3.2523746,3.250183,3.2513008,3.2484474,4.3672886,4.362627,4.3649693,4.3658104,4.3626556,4.3609905,4.3600864,7.192442,7.1912136,7.190794,7.191595,7.190344,7.1899147,7.190916,8.071978,8.071642,8.071325,8.071087,8.070751,8.070581,8.068991
2268.5,0.9406214,0.93888664,0.9418411,0.9379082,0.9385624,0.9337816,0.9352865,1.526824,1.520114,1.5209846,1.523901,1.521348,1.524478,1.5230837,1.465558,1.4588099,1.45716,1.4617357,1.4631071,1.4546652,1.456953,1.8081284,1.8055315,1.8044977,1.8038845,1.8047018,1.8017311,1.8004141,3.2512913,3.2513008,3.249998,3.2515888,3.249075,3.2510948,3.2481194,4.369049,4.363861,4.3669357,4.36714,4.3644886,4.36265,4.362053,7.193184,7.1920853,7.1919327,7.1924133,7.1911545,7.190878,7.1919155,8.073412,8.073042,8.072958,8.072607,8.072077,8.071934,8.070444
2269.5,0.9425659,0.941041,0.9407253,0.9389391,0.938221,0.93390465,0.9334936,1.5274162,1.51894,1.5217762,1.523078,1.5218172,1.5231085,1.5203314,1.4628239,1.4579163,1.4579535,1.4648457,1.4635296,1.4515982,1.4580479,1.807517,1.8059158,1.8056145,1.8042841,1.8050508,1.8024206,1.8001547,3.251566,3.2514648,3.2484913,3.2517052,3.248991,3.249426,3.2470608,4.370287,4.365307,4.368414,4.3684864,4.3657074,4.364233,4.3634186,7.1945,7.194206,7.1932335,7.193756,7.1923523,7.192177,7.193245,8.074896,8.074472,8.074396,8.074055,8.0735035,8.073408,8.071962
2270.5,0.9432173,0.9406481,0.9414654,0.93708134,0.93892765,0.9331646,0.9334297,1.531271,1.5201855,1.5235624,1.5233641,1.5226212,1.5222168,1.5186701,1.4641657,1.4557486,1.4568996,1.4639692,1.4652643,1.4493771,1.4610004,1.8055925,1.8053217,1.804718,1.8034086,1.8042955,1.8018093,1.7996149,3.2498875,3.250658,3.2485313,3.2508316,3.2472878,3.2475376,3.2469387,4.371687,4.3670464,4.3699303,4.370447,4.3673935,4.365885,4.365238,7.1953354,7.1953716,7.19384,7.1945896,7.1932983,7.1931095,7.194126,8.076324,8.075848,8.075743,8.075413,8.074865,8.074858,8.073481
2271.5,0.94259834,0.9399414,0.94100285,0.9383373,0.9374466,0.932148,0.93369484,1.5321321,1.5208864,1.5245476,1.5224867,1.523571,1.5209942,1.5178337,1.4624882,1.4567146,1.4568224,1.4615068,1.4650316,1.4482241,1.464612,1.8052835,1.8064299,1.8045893,1.8022118,1.8043652,1.8019543,1.8009615,3.2494392,3.2514095,3.2471714,3.2534943,3.2456684,3.2466335,3.244894,4.373049,4.36833,4.371212,4.3714924,4.3687153,4.36709,4.3666515,7.196459,7.196373,7.1953125,7.195965,7.194336,7.19409,7.195217,8.077782,8.077238,8.077229,8.076778,8.076418,8.076372,8.074938
2272.5,0.94278526,0.9410124,0.94177914,0.9375229,0.9359064,0.93339634,0.93666935,1.532176,1.5263948,1.5236406,1.5216227,1.5226698,1.5222349,1.5184622,1.4606409,1.4570045,1.454401,1.4597454,1.4641457,1.44695,1.4655991,1.8051739,1.8074989,1.8044462,1.802207,1.8026075,1.801671,1.8007689,3.249529,3.2541065,3.247654,3.2549229,3.2468338,3.2462273,3.2453308,4.374613,4.369705,4.372507,4.372967,4.370014,4.368595,4.3680077,7.1978416,7.197319,7.1966343,7.1974316,7.1957645,7.195793,7.196745,8.079254,8.078672,8.078901,8.078312,8.077837,8.077824,8.076323
2273.5,0.94199085,0.93814945,0.940753,0.9381504,0.93531036,0.93040943,0.93377113,1.5301495,1.5287457,1.5222178,1.5202694,1.5200024,1.5221395,1.5207825,1.458478,1.4566851,1.4539509,1.4581747,1.4622784,1.4484339,1.4668312,1.8050547,1.8073864,1.8042564,1.8015223,1.802206,1.8005352,1.800003,3.2491608,3.2527485,3.2461452,3.2551193,3.2468243,3.2460213,3.2443676,4.376053,4.3713074,4.3742905,4.374613,4.371773,4.370533,4.369726,7.199421,7.1986504,7.1981144,7.1990967,7.19705,7.1970673,7.198305,8.08083,8.080221,8.080496,8.079893,8.079496,8.079435,8.07802
2274.5,0.941823,0.936923,0.9409723,0.9361782,0.93628025,0.93308353,0.93455505,1.52559,1.5293655,1.5215139,1.5197039,1.516159,1.5187874,1.5244064,1.4581375,1.4553862,1.4512405,1.4538317,1.4608479,1.4490023,1.466485,1.805953,1.8071365,1.8040562,1.8022995,1.8042145,1.8009739,1.7986994,3.247818,3.2531452,3.2459755,3.2544518,3.2499428,3.244749,3.243679,4.377266,4.372637,4.3753204,4.3757935,4.373066,4.3718414,4.371269,7.201336,7.199751,7.199251,7.200392,7.198723,7.1986523,7.2001896,8.082645,8.081789,8.081907,8.081406,8.081108,8.080982,8.079575
2275.5,0.9419451,0.93728924,0.9421768,0.93543243,0.9370394,0.9326248,0.9323082,1.5233908,1.5297985,1.5218363,1.5211487,1.5157652,1.5186625,1.5256157,1.4606104,1.4579363,1.4503651,1.4530582,1.4591455,1.4505091,1.4674225,1.804657,1.8050642,1.8040199,1.8022318,1.8039246,1.800911,1.798399,3.2469616,3.251711,3.2455807,3.2531548,3.2503986,3.2445679,3.2423935,4.3782253,4.373804,4.3766136,4.376869,4.3741245,4.373104,4.372431,7.202732,7.2007713,7.200716,7.2014065,7.200001,7.199732,7.200903,8.084276,8.083351,8.083374,8.082972,8.08272,8.082424,8.081123
2276.5,0.9409542,0.94038486,0.9415426,0.9352579,0.9388428,0.9325342,0.9333601,1.5223274,1.5266094,1.519989,1.523632,1.5143299,1.5158596,1.5237904,1.4610977,1.4593763,1.4509659,1.4522057,1.4583693,1.4489193,1.4659176,1.8056135,1.8047667,1.8034239,1.8030901,1.8039961,1.8017797,1.799015,3.2485924,3.252058,3.2487125,3.2518997,3.2511158,3.244625,3.2424412,4.3798122,4.375267,4.378134,4.378601,4.3755436,4.3745594,4.374193,7.2035217,7.201954,7.201584,7.202463,7.2010403,7.200968,7.2015324,8.085623,8.085072,8.085114,8.084698,8.084463,8.08412,8.082808
2277.5,0.94279385,0.93996906,0.9430218,0.9372139,0.93633366,0.93445015,0.93400955,1.5249462,1.5234947,1.5187435,1.5267506,1.514595,1.5172424,1.5217276,1.4610605,1.4607639,1.4532824,1.4510927,1.4583626,1.4507761,1.4642363,1.8068943,1.8025265,1.8032904,1.802741,1.8029108,1.8012266,1.798008,3.2517395,3.2523327,3.2500076,3.2516212,3.2513351,3.2476788,3.2427368,4.3816566,4.3770714,4.379509,4.3802834,4.3773766,4.3762875,4.3758106,7.2049713,7.203388,7.2038116,7.2040157,7.202177,7.202015,7.20269,8.087294,8.086716,8.086735,8.086487,8.086054,8.085777,8.084707
2278.5,0.94065857,0.93973446,0.94140625,0.936306,0.93795586,0.93209076,0.9339371,1.5259619,1.5234041,1.517168,1.527914,1.510315,1.5175514,1.5199804,1.4617338,1.4596586,1.4541788,1.4493866,1.460681,1.449089,1.4607878,1.8051901,1.8023443,1.8032217,1.8021002,1.8012629,1.8014851,1.7973413,3.2515488,3.2516956,3.2501507,3.2513485,3.2497196,3.2488022,3.2427788,4.3826656,4.3782387,4.381056,4.3818645,4.3784523,4.37739,4.3771534,7.2059727,7.2050858,7.2048225,7.204872,7.2039604,7.2038,7.204134,8.088991,8.088411,8.088453,8.088154,8.087757,8.087418,8.086344
2279.5,0.9444647,0.9416895,0.9405718,0.93764114,0.93769073,0.9348936,0.9351988,1.5261288,1.5256729,1.5156431,1.5270271,1.5076265,1.5200977,1.518549,1.4602671,1.4579334,1.453413,1.4467335,1.4597664,1.4484215,1.457098,1.8061275,1.8012877,1.8018446,1.802352,1.8000145,1.8004236,1.7964182,3.25136,3.2516289,3.2495632,3.2516708,3.2496796,3.2493706,3.2451954,4.3839283,4.379427,4.3821297,4.3828983,4.37941,4.378727,4.378187,7.2074604,7.2067413,7.2060833,7.206417,7.2049046,7.204941,7.205328,8.090641,8.090111,8.090124,8.089897,8.089472,8.089119,8.088057
2280.5,0.9437847,0.9391117,0.9391699,0.93707085,0.93830204,0.93464375,0.93237114,1.5251932,1.5276537,1.5156584,1.5244093,1.5090313,1.525897,1.5216494,1.4642286,1.4585371,1.4538183,1.4461193,1.4613342,1.4502554,1.455451,1.8050556,1.8006525,1.8019438,1.8024187,1.8000965,1.8005466,1.7965622,3.2520084,3.2519207,3.2499657,3.2524948,3.248827,3.2494793,3.2474823,4.3853416,4.3809357,4.3835583,4.384054,4.3811283,4.380169,4.3798504,7.207775,7.207594,7.20693,7.2072754,7.2061653,7.206188,7.206457,8.092228,8.091833,8.091696,8.091671,8.091059,8.090847,8.08955
2281.5,0.9401159,0.9393797,0.93861866,0.93502235,0.93772984,0.93317413,0.9309139,1.5236387,1.5261621,1.5163298,1.5214529,1.5087013,1.5282402,1.5219402,1.4653234,1.4577045,1.4527302,1.4443054,1.4617987,1.452301,1.4524794,1.8046894,1.8004618,1.8020163,1.8021727,1.8019209,1.7999201,1.7970686,3.2500153,3.2521362,3.2498684,3.2523994,3.2492428,3.2480335,3.246214,4.3867073,4.38229,4.385063,4.385502,4.3824215,4.382025,4.3815517,7.209099,7.2087727,7.2085,7.2089596,7.207142,7.2070503,7.207777,8.094158,8.093658,8.093441,8.093325,8.092829,8.09268,8.091211
2282.5,0.94073105,0.937891,0.94069767,0.93622017,0.93794155,0.93199253,0.93328476,1.5239582,1.5256281,1.5174618,1.5218878,1.5127869,1.5289593,1.5221996,1.4672003,1.4572926,1.4527559,1.4432182,1.4606705,1.4526339,1.4499474,1.8046942,1.8004417,1.8036346,1.8011198,1.8014412,1.8001242,1.797164,3.249302,3.2516804,3.2499065,3.2532463,3.249546,3.247591,3.2470036,4.3881016,4.383917,4.386751,4.38698,4.383848,4.3835773,4.382805,7.210703,7.2103024,7.209587,7.210657,7.209118,7.2090473,7.209568,8.096096,8.095488,8.095259,8.095037,8.094606,8.094622,8.093042
2283.5,0.93982506,0.93930626,0.9395437,0.9369364,0.93875885,0.9333582,0.93225574,1.5247221,1.5237179,1.5177946,1.5220661,1.5162163,1.5271139,1.5211086,1.4719429,1.4605722,1.452713,1.444478,1.4609013,1.4520197,1.4501743,1.805892,1.8016634,1.8044109,1.8001442,1.8010826,1.7997704,1.7976761,3.249136,3.2513084,3.2490044,3.252594,3.2490673,3.2468624,3.2457085,4.3888245,4.384491,4.3872986,4.3875103,4.384796,4.384075,4.383686,7.2129326,7.211672,7.210909,7.212061,7.210129,7.2099133,7.2112083,8.097897,8.097336,8.097113,8.096838,8.096407,8.096422,8.095062
2284.5,0.9422264,0.9405966,0.94050884,0.9380722,0.9394026,0.93485165,0.9345331,1.5281429,1.5224705,1.5187492,1.5225897,1.5187712,1.5268898,1.5184479,1.4737701,1.4626732,1.4533024,1.4446993,1.460597,1.4517994,1.4483709,1.8072662,1.8033924,1.806737,1.8008709,1.8008213,1.7989845,1.7987652,3.2508316,3.2519054,3.2501354,3.2534275,3.249918,3.2483273,3.2457943,4.389883,4.3859005,4.3885937,4.3889027,4.3862514,4.385454,4.385065,7.2142067,7.212326,7.2119446,7.2127647,7.211685,7.2112923,7.2121716,8.099596,8.099131,8.098829,8.098536,8.098043,8.09811,8.096741
2285.5,0.9404211,0.9379854,0.94057083,0.9377394,0.9371977,0.9321699,0.9339771,1.5314226,1.5245695,1.521678,1.5231552,1.5219364,1.5272398,1.5182047,1.4756336,1.466033,1.4531593,1.4446058,1.4651003,1.4504242,1.4479675,1.8070946,1.8042889,1.8064718,1.8014011,1.7998772,1.7980433,1.7983637,3.251257,3.2522602,3.2503319,3.2539253,3.250145,3.2488098,3.2455769,4.391741,4.387987,4.3899345,4.3908463,4.3878098,4.3871593,4.386566,7.215374,7.2134533,7.213726,7.214159,7.212555,7.2123394,7.2131023,8.101435,8.1009865,8.100626,8.100252,8.099739,8.099808,8.098501
2286.5,0.94193363,0.9387455,0.9390602,0.936944,0.9389162,0.9356041,0.93442535,1.5311909,1.5275335,1.524581,1.5214787,1.5250864,1.5269785,1.5173502,1.4731197,1.4668198,1.4521065,1.446064,1.4653502,1.4499865,1.4456892,1.8071613,1.8060455,1.8062344,1.8027964,1.8011303,1.7987375,1.7978649,3.2499447,3.2491837,3.248497,3.251402,3.248392,3.2482433,3.2440128,4.3928165,4.3889675,4.3911667,4.3915634,4.388813,4.388403,4.3879795,7.2161884,7.2147026,7.215103,7.2152195,7.2142086,7.2143135,7.2139664,8.103159,8.102747,8.102467,8.102205,8.101784,8.101725,8.100351
2287.5,0.9408665,0.94051075,0.9408417,0.9365673,0.93969727,0.93503857,0.9340954,1.53121,1.5273952,1.5245934,1.5215597,1.5268259,1.5285625,1.517333,1.4708891,1.4676628,1.4516344,1.4480429,1.4661264,1.4497623,1.4449892,1.8056364,1.8049498,1.8043308,1.8018055,1.8001986,1.7991009,1.7979946,3.2509441,3.2503548,3.2499008,3.2515373,3.249052,3.249197,3.2454872,4.393984,4.3900337,4.392267,4.392725,4.389988,4.389553,4.3892117,7.21719,7.216648,7.2170887,7.2165756,7.21521,7.2153625,7.2151604,8.105118,8.104698,8.104429,8.104006,8.103655,8.103502,8.102156
2288.5,0.9423485,0.93830585,0.9380846,0.93674755,0.9394989,0.9353657,0.9353876,1.5306396,1.5277987,1.5229015,1.520814,1.5270557,1.5292273,1.5216684,1.468832,1.4680109,1.4529381,1.4500332,1.467206,1.4518862,1.4448738,1.8035431,1.805049,1.8029203,1.8019753,1.8001013,1.7992649,1.7992,3.2509212,3.2496948,3.2487087,3.2502632,3.2469501,3.248827,3.2463684,4.3951607,4.391243,4.3934364,4.3939095,4.3910465,4.3906193,4.390568,7.2179546,7.217985,7.2174816,7.217102,7.2163296,7.216385,7.2159576,8.1067505,8.106495,8.106024,8.105686,8.105444,8.105331,8.103889
2289.5,0.94186974,0.93917847,0.9390526,0.93909264,0.939744,0.93616295,0.9342756,1.5292568,1.5252924,1.5200138,1.5198984,1.5224237,1.5277901,1.5230255,1.4673882,1.4675751,1.4517193,1.4490862,1.4674482,1.4516115,1.4458504,1.8040619,1.8045444,1.803977,1.8007154,1.7999411,1.7996302,1.798358,3.2516174,3.2510948,3.2496643,3.2507114,3.2485638,3.2495556,3.2469482,4.396576,4.3926888,4.394926,4.395319,4.392578,4.3923016,4.391918,7.2194386,7.2194366,7.218672,7.21859,7.217312,7.2172546,7.217493,8.108597,8.108341,8.107887,8.107552,8.107252,8.107279,8.105923
2290.5,0.9411297,0.93780327,0.93805504,0.93826675,0.93930817,0.9351568,0.93341637,1.530652,1.5240107,1.517725,1.5233059,1.519536,1.527298,1.5247974,1.4682236,1.4683733,1.453598,1.449605,1.4678879,1.4518309,1.446557,1.8040447,1.8057356,1.8050289,1.7990503,1.7980261,1.7975893,1.7975435,3.2508812,3.2508698,3.2497272,3.249075,3.247942,3.2486343,3.2462444,4.3973484,4.393877,4.3957043,4.3961964,4.3940144,4.393305,4.392994,7.220213,7.220104,7.219534,7.219677,7.218769,7.218626,7.2187176,8.110342,8.109873,8.109808,8.109282,8.109032,8.109074,8.107784
2291.5,0.9417839,0.9398594,0.93803215,0.9372921,0.9401512,0.9351225,0.93468857,1.5334749,1.5217314,1.5155268,1.5244713,1.5160952,1.5243673,1.5240307,1.4678831,1.4687538,1.4538393,1.4504738,1.4697485,1.4512587,1.4453344,1.8027191,1.8084717,1.8045826,1.7991371,1.8000584,1.7969551,1.7957268,3.2489948,3.2504501,3.24938,3.2491608,3.2488613,3.2469273,3.2460194,4.397955,4.394434,4.3967113,4.396841,4.3944664,4.3941307,4.3940716,7.2219105,7.2213497,7.2209587,7.2218933,7.2197723,7.2196903,7.220558,8.112188,8.111683,8.111713,8.111162,8.110937,8.110847,8.109512
2292.5,0.9431038,0.9388962,0.93720627,0.9391537,0.93854237,0.93741417,0.935318,1.5357141,1.521821,1.5170612,1.5254078,1.51616,1.5235691,1.5222216,1.4688883,1.4702578,1.4539251,1.4526806,1.4743185,1.4516182,1.4453659,1.8010492,1.80721,1.8022318,1.7996874,1.8015156,1.7964716,1.7948265,3.2507286,3.2521534,3.2513123,3.250597,3.2505188,3.2492504,3.2464466,4.399271,4.396286,4.39843,4.398493,4.396242,4.395708,4.395611,7.223095,7.2223015,7.2219067,7.2232037,7.221588,7.221319,7.22192,8.113951,8.113367,8.113354,8.11294,8.112581,8.112688,8.111361
2293.5,0.9411316,0.9373112,0.9379406,0.9395523,0.9376135,0.935256,0.9341154,1.5362301,1.521409,1.5177336,1.5257978,1.5165234,1.5217085,1.5206652,1.4698477,1.4704046,1.4544039,1.4543114,1.4752579,1.4519844,1.4440622,1.7987328,1.8034306,1.7993793,1.7989893,1.8006,1.7967215,1.7935162,3.2504158,3.2503796,3.2498302,3.2509098,3.2505455,3.2489662,3.2451553,4.4004555,4.3978043,4.399439,4.399414,4.3977737,4.3969955,4.3967094,7.2253895,7.2239037,7.223242,7.2244015,7.222677,7.2224083,7.2236023,8.115627,8.115133,8.114996,8.114708,8.114389,8.114405,8.113123
2294.5,0.94347286,0.93750286,0.9402561,0.9394665,0.94000816,0.9369507,0.93387794,1.5353403,1.5212259,1.517355,1.5253439,1.5161715,1.5200176,1.5212002,1.4669466,1.4699297,1.4534159,1.4547806,1.4742203,1.4510946,1.4437809,1.7991428,1.7994585,1.7977419,1.798605,1.7995615,1.7966766,1.793848,3.2515526,3.2499409,3.2493343,3.2513027,3.2495823,3.2484684,3.2462616,4.401417,4.398636,4.4004,4.4004326,4.398592,4.398117,4.397709,7.226198,7.225006,7.2244396,7.225136,7.224451,7.2242146,7.224165,8.117384,8.116909,8.116829,8.116457,8.116098,8.116241,8.114809
2295.5,0.94524956,0.9357996,0.9387617,0.9397831,0.93840694,0.93726826,0.9352951,1.5338707,1.5223475,1.5166845,1.5251493,1.5145235,1.5204563,1.5238218,1.4668112,1.4693804,1.4546738,1.4567404,1.4748039,1.4523745,1.4457026,1.7998066,1.7971306,1.7964878,1.7968206,1.7976007,1.794405,1.7926321,3.251484,3.24856,3.2480984,3.2511864,3.2480278,3.2482185,3.2457333,4.4024296,4.3996468,4.401325,4.401514,4.3998585,4.3991947,4.3988724,7.2271366,7.2262363,7.2259216,7.2259655,7.2253494,7.225279,7.225174,8.11916,8.118704,8.118561,8.118158,8.117891,8.117901,8.116531
2296.5,0.94542027,0.9346323,0.9394932,0.93927765,0.9407587,0.9339895,0.9367609,1.5312853,1.5209875,1.5140238,1.5257921,1.5114183,1.518836,1.524456,1.4666328,1.4665089,1.4566317,1.458147,1.4736156,1.4543972,1.4487743,1.8013344,1.7963676,1.7972889,1.7963514,1.7967672,1.7957249,1.7923536,3.2514973,3.2491512,3.2484894,3.2507267,3.2482204,3.2484226,3.246416,4.403385,4.401058,4.402611,4.402355,4.400877,4.399996,4.4002247,7.2271404,7.226763,7.2269993,7.2266617,7.2261486,7.226446,7.225622,8.121035,8.120609,8.120268,8.120041,8.119631,8.119577,8.118326
2297.5,0.94866085,0.9358797,0.93992615,0.94022655,0.94051456,0.93670464,0.9371538,1.5293713,1.5227575,1.5138979,1.5276518,1.5098124,1.5183067,1.5253143,1.4668016,1.4644899,1.4600697,1.4590855,1.47404,1.4556942,1.4495544,1.8024273,1.796546,1.7981577,1.7970142,1.7970066,1.7954102,1.7912359,3.252201,3.2507744,3.2490501,3.2511177,3.2487926,3.2480679,3.2473164,4.404581,4.4025764,4.4037876,4.404011,4.4022026,4.4013424,4.401842,7.2284317,7.2289524,7.229183,7.228451,7.227173,7.227417,7.227398,8.12285,8.122507,8.122103,8.121756,8.121548,8.121553,8.120228
2298.5,0.94860554,0.9356632,0.9389019,0.9385891,0.9417963,0.93643,0.93733406,1.5301085,1.5221081,1.5144825,1.5268974,1.5108624,1.5170298,1.5244789,1.4698553,1.4609919,1.4622316,1.4605999,1.4746037,1.4580641,1.4495916,1.8025484,1.7953968,1.7972965,1.7980051,1.7982626,1.796627,1.7902308,3.249569,3.2493038,3.2484837,3.24831,3.2473316,3.2479267,3.2459488,4.4054527,4.403364,4.4044113,4.4047585,4.403139,4.402363,4.402462,7.229744,7.2304,7.2295284,7.2295303,7.228901,7.2286587,7.22834,8.124634,8.124247,8.123875,8.123713,8.123295,8.123201,8.122114
2299.5,0.9473562,0.93743706,0.9401274,0.93952274,0.9432354,0.93895054,0.9393692,1.529665,1.521285,1.5169592,1.526,1.5119047,1.5145168,1.5224752,1.4706554,1.4590912,1.4640656,1.4592667,1.4731998,1.4567003,1.4458084,1.8025293,1.795476,1.7981339,1.7969561,1.7969627,1.798089,1.7900686,3.2501526,3.2500114,3.249483,3.2488747,3.2472515,3.2485905,3.246725,4.4061756,4.4040318,4.405266,4.4053764,4.4039516,4.4029655,4.4032764,7.2308846,7.2314434,7.2302666,7.231081,7.2296963,7.2296543,7.229809,8.126392,8.126034,8.125666,8.12541,8.1249695,8.124779,8.123777
2300.5,0.9457836,0.93621254,0.93974495,0.93936634,0.9435215,0.9385004,0.9373007,1.5307884,1.5230408,1.5198765,1.5257568,1.514883,1.5144978,1.5224075,1.473918,1.4594631,1.4680376,1.4611416,1.4752874,1.4585018,1.4443159,1.8009872,1.7946558,1.7972107,1.7955036,1.7957802,1.7993736,1.7923174,3.2503185,3.2509632,3.2506638,3.249569,3.2491703,3.2504692,3.2468529,4.4074535,4.405239,4.4064503,4.4066086,4.405222,4.404394,4.4049187,7.2316494,7.231735,7.230856,7.2323914,7.2311516,7.23094,7.2307587,8.127926,8.127476,8.12718,8.126974,8.126547,8.126619,8.125498
