time,ssp585 - sce6,ssp370 - sce6,ssp460 - sce6,ssp245 - sce6,ssp434 - sce6,ssp534 - sce6,ssp126 - sce6,ssp119 - sce6,ssp585 - sce5,ssp370 - sce5,ssp460 - sce5,ssp245 - sce5,ssp434 - sce5,ssp534 - sce5,ssp126 - sce5,ssp119 - sce5,ssp585 - sce4,ssp370 - sce4,ssp460 - sce4,ssp245 - sce4,ssp434 - sce4,ssp534 - sce4,ssp126 - sce4,ssp119 - sce4,ssp585 - sce3,ssp370 - sce3,ssp460 - sce3,ssp245 - sce3,ssp434 - sce3,ssp534 - sce3,ssp126 - sce3,ssp119 - sce3,ssp585 - sce2,ssp370 - sce2,ssp460 - sce2,ssp245 - sce2,ssp434 - sce2,ssp534 - sce2,ssp126 - sce2,ssp119 - sce2,ssp585 - sce1,ssp370 - sce1,ssp460 - sce1,ssp245 - sce1,ssp434 - sce1,ssp534 - sce1,ssp126 - sce1,ssp119 - sce1
2015.5,0.0,0.0,0.0,0.0,0.0,0.0,0.0,0.0,0.0,0.0,0.0,0.0,0.0,0.0,0.0,0.0,0.0,0.0,0.0,0.0,0.0,0.0,0.0,0.0,0.0,0.0,0.0,0.0,0.0,0.0,0.0,0.0,0.0,0.0,0.0,0.0,0.0,0.0,0.0,0.0,0.0,0.0,0.0,0.0,0.0,0.0,0.0,0.0
2016.5,0.0,0.0,0.0,0.0,0.0,0.0,0.0,0.0,0.0,0.0,0.0,0.0,0.0,0.0,0.0,0.0,0.0,0.0,0.0,0.0,0.0,0.0,0.0,0.0,0.0,0.0,0.0,0.0,0.0,0.0,0.0,0.0,0.0,0.0,0.0,0.0,0.0,0.0,0.0,0.0,0.0,0.0,0.0,0.0,0.0,0.0,0.0,0.0
2017.5,0.0,0.0,0.0,0.0,0.0,0.0,0.0,0.0,0.0,0.0,0.0,0.0,0.0,0.0,0.0,0.0,0.0,0.0,0.0,0.0,0.0,0.0,0.0,0.0,0.0,0.0,0.0,0.0,0.0,0.0,0.0,0.0,0.0,0.0,0.0,0.0,0.0,0.0,0.0,0.0,0.0,0.0,0.0,0.0,0.0,0.0,0.0,0.0
2018.5,0.0,0.0,0.0,0.0,0.0,0.0,0.0,0.0,0.0,0.0,0.0,0.0,0.0,0.0,0.0,0.0,0.0,0.0,0.0,0.0,0.0,0.0,0.0,0.0,0.0,0.0,0.0,0.0,0.0,0.0,0.0,0.0,0.0,0.0,0.0,0.0,0.0,0.0,0.0,0.0,0.0,0.0,0.0,0.0,0.0,0.0,0.0,0.0
2019.5,0.0,0.0,0.0,0.0,0.0,0.0,0.0,0.0,0.0,0.0,0.0,0.0,0.0,0.0,0.0,0.0,0.0,0.0,0.0,0.0,0.0,0.0,0.0,0.0,0.0,0.0,0.0,0.0,0.0,0.0,0.0,0.0,0.0,0.0,0.0,0.0,0.0,0.0,0.0,0.0,0.0,0.0,0.0,0.0,0.0,0.0,0.0,0.0
2020.5,5.817413330078125e-05,0.00014972686767578125,-0.0001888275146484375,-0.00010204315185546875,-9.250640869140625e-05,-6.29425048828125e-05,4.76837158203125e-06,9.72747802734375e-05,5.817413330078125e-05,0.00014972686767578125,-0.0001888275146484375,-0.00010204315185546875,-9.250640869140625e-05,-6.29425048828125e-05,4.76837158203125e-06,9.72747802734375e-05,2.384185791015625e-05,-7.343292236328125e-05,-5.054473876953125e-05,-6.198883056640625e-05,1.9073486328125e-05,-0.00029277801513671875,-2.86102294921875e-06,0.00019073486328125,2.384185791015625e-05,-7.343292236328125e-05,-5.054473876953125e-05,-6.198883056640625e-05,1.9073486328125e-05,-0.00029277801513671875,-2.86102294921875e-06,0.00019073486328125,1.239776611328125e-05,-9.5367431640625e-05,-0.0001220703125,-2.193450927734375e-05,4.00543212890625e-05,0.000133514404296875,-4.1961669921875e-05,8.96453857421875e-05,1.239776611328125e-05,-9.5367431640625e-05,-0.0001220703125,-2.193450927734375e-05,4.00543212890625e-05,0.000133514404296875,-4.1961669921875e-05,8.96453857421875e-05
2021.5,0.0005617141723632812,0.0005550384521484375,-0.00017261505126953125,0.000301361083984375,0.0001201629638671875,0.000247955322265625,0.00032138824462890625,0.0007505416870117188,0.0005617141723632812,0.0005550384521484375,-0.00017261505126953125,0.000301361083984375,0.0001201629638671875,0.000247955322265625,0.00032138824462890625,0.0007505416870117188,0.0008029937744140625,0.00039005279541015625,-6.29425048828125e-05,0.0005893707275390625,0.000823974609375,-0.0005855560302734375,0.0003662109375,0.0012559890747070312,0.0008029937744140625,0.00039005279541015625,-6.29425048828125e-05,0.0005893707275390625,0.000823974609375,-0.0005855560302734375,0.0003662109375,0.0012559890747070312,0.00046539306640625,0.00019741058349609375,0.00035953521728515625,0.00063323974609375,-9.632110595703125e-05,0.00019931793212890625,-0.00020599365234375,0.00043487548828125,0.00046539306640625,0.00019741058349609375,0.00035953521728515625,0.00063323974609375,-9.632110595703125e-05,0.00019931793212890625,-0.00020599365234375,0.00043487548828125
2022.5,0.0015935897827148438,0.0015134811401367188,0.00046825408935546875,0.001483917236328125,0.0010223388671875,0.0001621246337890625,0.00147247314453125,0.0014867782592773438,0.0015935897827148438,0.0015134811401367188,0.00046825408935546875,0.001483917236328125,0.0010223388671875,0.0001621246337890625,0.00147247314453125,0.0014867782592773438,0.001300811767578125,0.0008373260498046875,0.0008687973022460938,0.0014276504516601562,0.0013294219970703125,-0.0003299713134765625,0.0006122589111328125,0.0015087127685546875,0.001300811767578125,0.0008373260498046875,0.0008687973022460938,0.0014276504516601562,0.0013294219970703125,-0.0003299713134765625,0.0006122589111328125,0.0015087127685546875,0.000408172607421875,0.00011920928955078125,0.0008802413940429688,0.000766754150390625,-7.915496826171875e-05,-0.00043392181396484375,-7.62939453125e-05,0.0004863739013671875,0.000408172607421875,0.00011920928955078125,0.0008802413940429688,0.000766754150390625,-7.915496826171875e-05,-0.00043392181396484375,-7.62939453125e-05,0.0004863739013671875
2023.5,0.0031566619873046875,0.0034646987915039062,0.0021848678588867188,0.003930091857910156,0.001949310302734375,0.002223968505859375,0.0029802322387695312,0.0033674240112304688,0.0031566619873046875,0.0034646987915039062,0.0021848678588867188,0.003930091857910156,0.001949310302734375,0.002223968505859375,0.0029802322387695312,0.0033674240112304688,0.0023069381713867188,0.0021009445190429688,0.0020418167114257812,0.0028238296508789062,0.0016450881958007812,0.0004911422729492188,0.0011587142944335938,0.0025339126586914062,0.0023069381713867188,0.0021009445190429688,0.0020418167114257812,0.0028238296508789062,0.0016450881958007812,0.0004911422729492188,0.0011587142944335938,0.0025339126586914062,0.000308990478515625,0.0015649795532226562,0.0014638900756835938,0.0019311904907226562,0.00034332275390625,0.0006694793701171875,0.00022125244140625,0.001300811767578125,0.000308990478515625,0.0015649795532226562,0.0014638900756835938,0.0019311904907226562,0.00034332275390625,0.0006694793701171875,0.00022125244140625,0.001300811767578125
2024.5,0.005145072937011719,0.006026268005371094,0.0048007965087890625,0.0066699981689453125,0.0038919448852539062,0.005658149719238281,0.005637168884277344,0.007091522216796875,0.005145072937011719,0.006026268005371094,0.0048007965087890625,0.0066699981689453125,0.0038919448852539062,0.005658149719238281,0.005637168884277344,0.007091522216796875,0.0030345916748046875,0.004118919372558594,0.004530906677246094,0.004222869873046875,0.0029239654541015625,0.003437042236328125,0.0034074783325195312,0.004413604736328125,0.0030345916748046875,0.004118919372558594,0.004530906677246094,0.004222869873046875,0.0029239654541015625,0.003437042236328125,0.0034074783325195312,0.004413604736328125,0.00024318695068359375,0.0028219223022460938,0.0023937225341796875,0.00255584716796875,0.0007228851318359375,0.0023651123046875,0.0009336471557617188,0.0038909912109375,0.00024318695068359375,0.0028219223022460938,0.0023937225341796875,0.00255584716796875,0.0007228851318359375,0.0023651123046875,0.0009336471557617188,0.0038909912109375
2025.5,0.009438514709472656,0.010700225830078125,0.008373260498046875,0.011325836181640625,0.0068492889404296875,0.01068878173828125,0.010197639465332031,0.0119781494140625,0.009438514709472656,0.010700225830078125,0.008373260498046875,0.011325836181640625,0.0068492889404296875,0.01068878173828125,0.010197639465332031,0.0119781494140625,0.005612373352050781,0.007300376892089844,0.007304191589355469,0.007019996643066406,0.0049228668212890625,0.007464408874511719,0.0062408447265625,0.007890701293945312,0.005612373352050781,0.007300376892089844,0.007304191589355469,0.007019996643066406,0.0049228668212890625,0.007464408874511719,0.0062408447265625,0.007890701293945312,0.002716064453125,0.0035429000854492188,0.003620147705078125,0.0039043426513671875,0.0011577606201171875,0.004162788391113281,0.0017404556274414062,0.005888938903808594,0.002716064453125,0.0035429000854492188,0.003620147705078125,0.0039043426513671875,0.0011577606201171875,0.004162788391113281,0.0017404556274414062,0.005888938903808594
2026.5,0.01621532440185547,0.017162322998046875,0.014130592346191406,0.018535614013671875,0.013460159301757812,0.017342567443847656,0.016782760620117188,0.018103599548339844,0.01621532440185547,0.017162322998046875,0.014130592346191406,0.018535614013671875,0.013460159301757812,0.017342567443847656,0.016782760620117188,0.018103599548339844,0.010112762451171875,0.011317253112792969,0.01104736328125,0.010844230651855469,0.007875442504882812,0.012081146240234375,0.0102081298828125,0.012524604797363281,0.010112762451171875,0.011317253112792969,0.01104736328125,0.010844230651855469,0.007875442504882812,0.012081146240234375,0.0102081298828125,0.012524604797363281,0.0058307647705078125,0.0054721832275390625,0.005803108215332031,0.0054798126220703125,0.003787994384765625,0.005435943603515625,0.003966331481933594,0.00798797607421875,0.0058307647705078125,0.0054721832275390625,0.005803108215332031,0.0054798126220703125,0.003787994384765625,0.005435943603515625,0.003966331481933594,0.00798797607421875
2027.5,0.02627277374267578,0.026638031005859375,0.022714614868164062,0.028835296630859375,0.022430419921875,0.026384353637695312,0.026207923889160156,0.026453018188476562,0.02627277374267578,0.026638031005859375,0.022714614868164062,0.028835296630859375,0.022430419921875,0.026384353637695312,0.026207923889160156,0.026453018188476562,0.01718902587890625,0.018156051635742188,0.017174720764160156,0.01819896697998047,0.014307022094726562,0.01791667938232422,0.016254425048828125,0.01852130889892578,0.01718902587890625,0.018156051635742188,0.017174720764160156,0.01819896697998047,0.014307022094726562,0.01791667938232422,0.016254425048828125,0.01852130889892578,0.010097503662109375,0.009851455688476562,0.008785247802734375,0.009206771850585938,0.007111549377441406,0.00833892822265625,0.007843017578125,0.010052680969238281,0.010097503662109375,0.009851455688476562,0.008785247802734375,0.009206771850585938,0.007111549377441406,0.00833892822265625,0.007843017578125,0.010052680969238281
2028.5,0.03794574737548828,0.0393524169921875,0.03504371643066406,0.04043388366699219,0.034030914306640625,0.038878440856933594,0.03935718536376953,0.03848838806152344,0.03794574737548828,0.0393524169921875,0.03504371643066406,0.04043388366699219,0.034030914306640625,0.038878440856933594,0.03935718536376953,0.03848838806152344,0.025484085083007812,0.026842117309570312,0.025621414184570312,0.026683807373046875,0.02195453643798828,0.026772499084472656,0.0236358642578125,0.0264739990234375,0.025484085083007812,0.026842117309570312,0.025621414184570312,0.026683807373046875,0.02195453643798828,0.026772499084472656,0.0236358642578125,0.0264739990234375,0.015187263488769531,0.014855384826660156,0.013851165771484375,0.013675689697265625,0.010783195495605469,0.012485504150390625,0.012415885925292969,0.01355743408203125,0.015187263488769531,0.014855384826660156,0.013851165771484375,0.013675689697265625,0.010783195495605469,0.012485504150390625,0.012415885925292969,0.01355743408203125
2029.5,0.053719520568847656,0.05416107177734375,0.05058479309082031,0.056598663330078125,0.049338340759277344,0.054584503173828125,0.055088043212890625,0.05385398864746094,0.053719520568847656,0.05416107177734375,0.05058479309082031,0.056598663330078125,0.049338340759277344,0.054584503173828125,0.055088043212890625,0.05385398864746094,0.03690624237060547,0.03681659698486328,0.03596019744873047,0.03736400604248047,0.03213787078857422,0.03754615783691406,0.034114837646484375,0.03621387481689453,0.03690624237060547,0.03681659698486328,0.03596019744873047,0.03736400604248047,0.03213787078857422,0.03754615783691406,0.034114837646484375,0.03621387481689453,0.02113628387451172,0.020341873168945312,0.01974964141845703,0.019377708435058594,0.016020774841308594,0.01764392852783203,0.01751422882080078,0.018886566162109375,0.02113628387451172,0.020341873168945312,0.01974964141845703,0.019377708435058594,0.016020774841308594,0.01764392852783203,0.01751422882080078,0.018886566162109375
2030.5,0.07209491729736328,0.07359123229980469,0.07040119171142578,0.07689571380615234,0.06762409210205078,0.0741424560546875,0.07499504089355469,0.07179641723632812,0.07209491729736328,0.07359123229980469,0.07040119171142578,0.07689571380615234,0.06762409210205078,0.0741424560546875,0.07499504089355469,0.07179641723632812,0.05058765411376953,0.049956321716308594,0.04906654357910156,0.05073738098144531,0.045432090759277344,0.050490379333496094,0.04773902893066406,0.048587799072265625,0.05058765411376953,0.049956321716308594,0.04906654357910156,0.05073738098144531,0.045432090759277344,0.050490379333496094,0.04773902893066406,0.048587799072265625,0.027832984924316406,0.026874542236328125,0.02685832977294922,0.026442527770996094,0.022815704345703125,0.02423095703125,0.02447795867919922,0.024970054626464844,0.027832984924316406,0.026874542236328125,0.02685832977294922,0.026442527770996094,0.022815704345703125,0.02423095703125,0.02447795867919922,0.024970054626464844
2031.5,0.09482765197753906,0.09612369537353516,0.09421348571777344,0.1016397476196289,0.09072685241699219,0.09713459014892578,0.09940624237060547,0.09550762176513672,0.09478378295898438,0.09616661071777344,0.0941934585571289,0.10161876678466797,0.09076976776123047,0.09715843200683594,0.09912681579589844,0.09558773040771484,0.06700611114501953,0.06456756591796875,0.06495189666748047,0.06741714477539062,0.06199073791503906,0.06543731689453125,0.06345367431640625,0.06428050994873047,0.06698894500732422,0.06467819213867188,0.06493568420410156,0.06743335723876953,0.06190299987792969,0.06541824340820312,0.06329917907714844,0.06426239013671875,0.035877227783203125,0.03483772277832031,0.03511333465576172,0.035140037536621094,0.03135967254638672,0.03128337860107422,0.03282642364501953,0.03290557861328125,0.036017417907714844,0.03497028350830078,0.03511619567871094,0.035225868225097656,0.031388282775878906,0.031218528747558594,0.03289508819580078,0.0328826904296875
2032.5,0.12279510498046875,0.123321533203125,0.12266063690185547,0.13040733337402344,0.11728382110595703,0.1253643035888672,0.1290416717529297,0.12348461151123047,0.12256908416748047,0.12347221374511719,0.12212657928466797,0.13028621673583984,0.11734676361083984,0.1256103515625,0.12908554077148438,0.12328720092773438,0.08522605895996094,0.0823068618774414,0.0840921401977539,0.08660125732421875,0.08080863952636719,0.0840597152709961,0.08274173736572266,0.08239078521728516,0.08572673797607422,0.08211898803710938,0.08416080474853516,0.08628559112548828,0.08063983917236328,0.08434200286865234,0.08253288269042969,0.08196163177490234,0.04600811004638672,0.04431915283203125,0.04471302032470703,0.044857025146484375,0.040902137756347656,0.04140758514404297,0.04268932342529297,0.042931556701660156,0.04638671875,0.044498443603515625,0.044773101806640625,0.04508495330810547,0.040721893310546875,0.041095733642578125,0.04253578186035156,0.04321575164794922
2033.5,0.1537618637084961,0.1545705795288086,0.1539306640625,0.1611194610595703,0.14869117736816406,0.1576395034790039,0.1621570587158203,0.1551189422607422,0.15403175354003906,0.15531063079833984,0.15334796905517578,0.16113662719726562,0.1483154296875,0.1572866439819336,0.1620311737060547,0.15535354614257812,0.10634231567382812,0.10283565521240234,0.1052999496459961,0.10769939422607422,0.10349082946777344,0.10562896728515625,0.10504817962646484,0.10380840301513672,0.10688209533691406,0.10235881805419922,0.10563373565673828,0.10679244995117188,0.10292434692382812,0.10628986358642578,0.10448551177978516,0.10350894927978516,0.056618690490722656,0.055484771728515625,0.055266380310058594,0.05497455596923828,0.052692413330078125,0.05336189270019531,0.05524730682373047,0.05397605895996094,0.05768299102783203,0.055721282958984375,0.05576324462890625,0.05545806884765625,0.052337646484375,0.052779197692871094,0.05402851104736328,0.05377006530761719
2034.5,0.18944835662841797,0.19072914123535156,0.19002437591552734,0.19731616973876953,0.18470001220703125,0.19401931762695312,0.20027732849121094,0.19388961791992188,0.18919754028320312,0.19054889678955078,0.1894550323486328,0.19640827178955078,0.18363475799560547,0.19272613525390625,0.19963932037353516,0.19428443908691406,0.13046550750732422,0.12631702423095703,0.1300649642944336,0.13208770751953125,0.12996196746826172,0.1293926239013672,0.13126564025878906,0.13017845153808594,0.13021183013916016,0.12514781951904297,0.13060855865478516,0.1309347152709961,0.12796878814697266,0.13016223907470703,0.12954998016357422,0.12925243377685547,0.0695343017578125,0.06806373596191406,0.06818866729736328,0.06707572937011719,0.06469535827636719,0.06593990325927734,0.0690765380859375,0.06838417053222656,0.06992340087890625,0.06823444366455078,0.0686349868774414,0.06851387023925781,0.06518363952636719,0.06553268432617188,0.06806373596191406,0.06764698028564453
2035.5,0.2299213409423828,0.23258686065673828,0.23196792602539062,0.23789310455322266,0.22473907470703125,0.2355508804321289,0.2433004379272461,0.2366924285888672,0.22897911071777344,0.23162174224853516,0.22898578643798828,0.23570728302001953,0.22260189056396484,0.2324047088623047,0.24103260040283203,0.2366628646850586,0.15827178955078125,0.15373706817626953,0.15782451629638672,0.15940284729003906,0.1575756072998047,0.15746021270751953,0.16075515747070312,0.15912628173828125,0.15746784210205078,0.15153789520263672,0.15851974487304688,0.15724945068359375,0.1547985076904297,0.15668296813964844,0.15844345092773438,0.156890869140625,0.08522701263427734,0.0825815200805664,0.08394050598144531,0.08010292053222656,0.07833385467529297,0.08106136322021484,0.08406352996826172,0.0841970443725586,0.0833425521850586,0.08248043060302734,0.08278274536132812,0.08259201049804688,0.07838916778564453,0.07961273193359375,0.08178234100341797,0.08251285552978516
2036.5,0.27494335174560547,0.2782411575317383,0.2784128189086914,0.28353404998779297,0.2702493667602539,0.2813844680786133,0.2901268005371094,0.28484249114990234,0.2720174789428711,0.27619457244873047,0.27290916442871094,0.2784910202026367,0.2666797637939453,0.27561378479003906,0.2849740982055664,0.2836160659790039,0.18887901306152344,0.18473529815673828,0.18987464904785156,0.19006919860839844,0.18867111206054688,0.1882152557373047,0.19252300262451172,0.1921539306640625,0.18691539764404297,0.18100547790527344,0.1892871856689453,0.18691730499267578,0.18529224395751953,0.18624114990234375,0.18885135650634766,0.1881875991821289,0.10134315490722656,0.09882450103759766,0.10068702697753906,0.09601593017578125,0.0948038101196289,0.09704780578613281,0.10002803802490234,0.10107898712158203,0.0971536636352539,0.09761238098144531,0.0988931655883789,0.09845829010009766,0.09466266632080078,0.09524059295654297,0.09704017639160156,0.0979452133178711
2037.5,0.3232545852661133,0.3300600051879883,0.3290233612060547,0.3359394073486328,0.3231496810913086,0.3313436508178711,0.3417997360229492,0.33733367919921875,0.31897449493408203,0.32390403747558594,0.32051753997802734,0.32824039459228516,0.3175992965698242,0.3245201110839844,0.3333911895751953,0.33400440216064453,0.2234020233154297,0.21919536590576172,0.22472190856933594,0.22536182403564453,0.22528076171875,0.22267532348632812,0.22804737091064453,0.22764205932617188,0.21966838836669922,0.2133808135986328,0.2225208282470703,0.22108936309814453,0.2204914093017578,0.21963119506835938,0.22240161895751953,0.2219219207763672,0.11904621124267578,0.11765193939208984,0.11834335327148438,0.11526203155517578,0.11464118957519531,0.11503982543945312,0.11818981170654297,0.11966609954833984,0.11450386047363281,0.11541938781738281,0.11672019958496094,0.11727237701416016,0.11328411102294922,0.1124887466430664,0.11393928527832031,0.11410903930664062
2038.5,0.37721920013427734,0.3858776092529297,0.38526439666748047,0.3913002014160156,0.3801403045654297,0.38639068603515625,0.3980588912963867,0.39507293701171875,0.37062931060791016,0.3747520446777344,0.37364864349365234,0.38066864013671875,0.3715047836303711,0.3772611618041992,0.3856191635131836,0.38822078704833984,0.26086997985839844,0.2567300796508789,0.26372337341308594,0.26419925689697266,0.2649269104003906,0.2608489990234375,0.26581764221191406,0.26615142822265625,0.25501155853271484,0.24834251403808594,0.25920677185058594,0.2586078643798828,0.2556467056274414,0.2562751770019531,0.25773048400878906,0.25783252716064453,0.13859176635742188,0.1380605697631836,0.13906097412109375,0.13527965545654297,0.13589954376220703,0.13457202911376953,0.13738059997558594,0.1389942169189453,0.13286781311035156,0.13454151153564453,0.13539505004882812,0.13651466369628906,0.1318960189819336,0.13169384002685547,0.13275146484375,0.13217544555664062
2039.5,0.4359855651855469,0.446319580078125,0.4454841613769531,0.4498786926269531,0.44237518310546875,0.44654083251953125,0.45961856842041016,0.45690441131591797,0.4267711639404297,0.43061161041259766,0.42972373962402344,0.43634700775146484,0.4285449981689453,0.43201351165771484,0.4425029754638672,0.44594669342041016,0.30083465576171875,0.2976503372192383,0.30527782440185547,0.3065462112426758,0.3074178695678711,0.30181217193603516,0.3078136444091797,0.30751991271972656,0.2923316955566406,0.2865123748779297,0.29847145080566406,0.2973814010620117,0.2933940887451172,0.29398441314697266,0.29680347442626953,0.2955818176269531,0.15998458862304688,0.15905094146728516,0.16043567657470703,0.15582847595214844,0.1585845947265625,0.15598678588867188,0.15812110900878906,0.1592273712158203,0.15209007263183594,0.1545124053955078,0.15539264678955078,0.1553325653076172,0.15007781982421875,0.15009021759033203,0.15163135528564453,0.15082359313964844
2040.5,0.5000667572021484,0.5120363235473633,0.5125560760498047,0.5143709182739258,0.5100669860839844,0.5110712051391602,0.5252599716186523,0.5243015289306641,0.485260009765625,0.4893331527709961,0.48993587493896484,0.49647045135498047,0.48969078063964844,0.49039268493652344,0.5024328231811523,0.5070943832397461,0.3439798355102539,0.34202003479003906,0.3507986068725586,0.3523244857788086,0.35196781158447266,0.34510040283203125,0.35241222381591797,0.3525199890136719,0.33110713958740234,0.3269338607788086,0.34116554260253906,0.3395414352416992,0.33458518981933594,0.33379554748535156,0.3370790481567383,0.33541011810302734,0.18218326568603516,0.18249130249023438,0.18351078033447266,0.17987060546875,0.1829977035522461,0.17804336547851562,0.18072128295898438,0.18137073516845703,0.17308998107910156,0.1751689910888672,0.1775341033935547,0.1760082244873047,0.17193222045898438,0.17101287841796875,0.17210960388183594,0.17094898223876953
2041.5,0.5701875686645508,0.5809154510498047,0.5837526321411133,0.5840721130371094,0.5808658599853516,0.5790910720825195,0.5967235565185547,0.5973758697509766,0.5474920272827148,0.5508556365966797,0.5514116287231445,0.5598287582397461,0.5525751113891602,0.5523967742919922,0.5663414001464844,0.5719823837280273,0.3912515640258789,0.3879547119140625,0.39829349517822266,0.40079498291015625,0.3993663787841797,0.3924388885498047,0.4009084701538086,0.4015064239501953,0.37331485748291016,0.36867809295654297,0.3843107223510742,0.3831796646118164,0.37706756591796875,0.37592506408691406,0.38019371032714844,0.37831878662109375,0.20723724365234375,0.20606136322021484,0.20767974853515625,0.2052173614501953,0.20798587799072266,0.20230388641357422,0.2054462432861328,0.2062234878540039,0.1960287094116211,0.19681262969970703,0.19867515563964844,0.19893836975097656,0.19282817840576172,0.19249725341796875,0.19385147094726562,0.19199180603027344
2042.5,0.6448345184326172,0.6552848815917969,0.6578598022460938,0.6576690673828125,0.6584663391113281,0.653752326965332,0.6724309921264648,0.6772193908691406,0.6136941909790039,0.6169319152832031,0.6156778335571289,0.6253786087036133,0.6203784942626953,0.6185054779052734,0.6330194473266602,0.6421804428100586,0.44223499298095703,0.4377775192260742,0.44798946380615234,0.4513864517211914,0.452178955078125,0.44362449645996094,0.4521818161010742,0.4552192687988281,0.4179830551147461,0.4126167297363281,0.4273109436035156,0.4277172088623047,0.4221773147583008,0.4213848114013672,0.4246063232421875,0.42528438568115234,0.23452281951904297,0.2318401336669922,0.23366165161132812,0.2311563491821289,0.23516845703125,0.22919273376464844,0.22930908203125,0.2334156036376953,0.21924209594726562,0.2195892333984375,0.22113418579101562,0.2211780548095703,0.2164907455444336,0.2155160903930664,0.21506786346435547,0.21546268463134766
2043.5,0.7214889526367188,0.7338361740112305,0.737584114074707,0.7369575500488281,0.7391700744628906,0.7315158843994141,0.7535810470581055,0.762171745300293,0.6797580718994141,0.6853218078613281,0.6835422515869141,0.6930112838745117,0.6901607513427734,0.6851596832275391,0.703059196472168,0.714263916015625,0.4944896697998047,0.4904136657714844,0.5018272399902344,0.5048799514770508,0.5076532363891602,0.495025634765625,0.5059499740600586,0.5116806030273438,0.46192455291748047,0.4586343765258789,0.4739980697631836,0.47333717346191406,0.4677600860595703,0.46698951721191406,0.47027015686035156,0.4737987518310547,0.26206398010253906,0.2597808837890625,0.26073360443115234,0.25853538513183594,0.2626762390136719,0.2565479278564453,0.2549419403076172,0.26355457305908203,0.24290943145751953,0.24315261840820312,0.24496078491210938,0.24481487274169922,0.2391376495361328,0.23848438262939453,0.23781299591064453,0.2395648956298828
2044.5,0.8050174713134766,0.8189983367919922,0.8225107192993164,0.8225469589233398,0.8241605758666992,0.8153209686279297,0.8397970199584961,0.8511486053466797,0.7503128051757812,0.756779670715332,0.7536563873291016,0.7643938064575195,0.7628440856933594,0.7572240829467773,0.77642822265625,0.7886180877685547,0.5517807006835938,0.5476751327514648,0.5575046539306641,0.5626335144042969,0.564732551574707,0.5521326065063477,0.5632038116455078,0.570378303527832,0.5104513168334961,0.5077314376831055,0.5207357406616211,0.521265983581543,0.5147867202758789,0.5161924362182617,0.5185728073120117,0.5234355926513672,0.2923746109008789,0.28894710540771484,0.2892122268676758,0.28785228729248047,0.29258060455322266,0.2866697311401367,0.28246307373046875,0.29442405700683594,0.2681865692138672,0.2685422897338867,0.2692546844482422,0.26980113983154297,0.26383113861083984,0.26465702056884766,0.2632255554199219,0.2648458480834961
2045.5,0.8904800415039062,0.9077205657958984,0.9124965667724609,0.9133367538452148,0.916050910949707,0.9020547866821289,0.9318151473999023,0.9450349807739258,0.8216867446899414,0.8298091888427734,0.8269329071044922,0.8393898010253906,0.8388948440551758,0.8301725387573242,0.8523244857788086,0.8654003143310547,0.6103000640869141,0.6072206497192383,0.6173868179321289,0.623779296875,0.6262493133544922,0.6120996475219727,0.6247930526733398,0.6325473785400391,0.5583009719848633,0.5567283630371094,0.5709247589111328,0.5707864761352539,0.5663347244262695,0.5653305053710938,0.5699710845947266,0.5747041702270508,0.3217306137084961,0.3190727233886719,0.3204612731933594,0.3193826675415039,0.3251075744628906,0.3162984848022461,0.3135099411010742,0.3275413513183594,0.29279232025146484,0.2949237823486328,0.29405879974365234,0.2955751419067383,0.290069580078125,0.2905139923095703,0.28956031799316406,0.29181480407714844
2046.5,0.981684684753418,1.0008964538574219,1.006251335144043,1.0072259902954102,1.011733055114746,0.9947433471679688,1.0292072296142578,1.0436315536499023,0.8957901000976562,0.9051532745361328,0.9025144577026367,0.9157905578613281,0.9153127670288086,0.905116081237793,0.9317235946655273,0.9450721740722656,0.6720113754272461,0.6700878143310547,0.6814661026000977,0.6871271133422852,0.6894626617431641,0.6738014221191406,0.6910305023193359,0.6986055374145508,0.608154296875,0.6075048446655273,0.6224555969238281,0.6229677200317383,0.6176586151123047,0.6159811019897461,0.6240682601928711,0.6273260116577148,0.35414791107177734,0.3520040512084961,0.35242557525634766,0.35217952728271484,0.35964393615722656,0.3481311798095703,0.34726905822753906,0.36040210723876953,0.31925010681152344,0.32077693939208984,0.31961536407470703,0.32231712341308594,0.3152923583984375,0.31645965576171875,0.3186931610107422,0.31848621368408203
2047.5,1.0763683319091797,1.0969715118408203,1.1052484512329102,1.1076650619506836,1.1129112243652344,1.0915746688842773,1.1325263977050781,1.1481380462646484,0.9713354110717773,0.9810619354248047,0.9806509017944336,0.9959783554077148,0.9933385848999023,0.981236457824707,1.0126562118530273,1.0274810791015625,0.7363700866699219,0.7348394393920898,0.7488574981689453,0.755518913269043,0.7569189071655273,0.7382736206054688,0.761723518371582,0.7683658599853516,0.6584463119506836,0.6584873199462891,0.6759805679321289,0.6781110763549805,0.6702566146850586,0.6672525405883789,0.6795806884765625,0.6819534301757812,0.38652992248535156,0.3866291046142578,0.3869762420654297,0.38758277893066406,0.39471912384033203,0.3822612762451172,0.3842763900756836,0.39577484130859375,0.3448753356933594,0.3477935791015625,0.34674739837646484,0.3507966995239258,0.34233760833740234,0.34290313720703125,0.3490943908691406,0.34711742401123047
2048.5,1.175105094909668,1.1982946395874023,1.2080755233764648,1.211411476135254,1.2194395065307617,1.1927556991577148,1.2407360076904297,1.2586030960083008,1.0478992462158203,1.0587196350097656,1.0604257583618164,1.0766992568969727,1.0766048431396484,1.059652328491211,1.0952377319335938,1.111917495727539,0.8031930923461914,0.8013715744018555,0.8179197311401367,0.8259105682373047,0.8284034729003906,0.8064737319946289,0.8349313735961914,0.8422956466674805,0.7091598510742188,0.7110042572021484,0.7298545837402344,0.7328052520751953,0.7253732681274414,0.7198524475097656,0.7364587783813477,0.7385568618774414,0.4205284118652344,0.42201900482177734,0.42238616943359375,0.4240732192993164,0.4322500228881836,0.4177522659301758,0.4216451644897461,0.4341297149658203,0.3711233139038086,0.37432861328125,0.3738975524902344,0.3793907165527344,0.37111473083496094,0.3702421188354492,0.37808799743652344,0.37687015533447266
2049.5,1.2787246704101562,1.3045129776000977,1.315011978149414,1.3198318481445312,1.3314332962036133,1.2986793518066406,1.3531742095947266,1.3728008270263672,1.1263999938964844,1.1382646560668945,1.1420831680297852,1.1586799621582031,1.1611881256103516,1.1395301818847656,1.1793327331542969,1.1977758407592773,0.8719940185546875,0.8716659545898438,0.8908777236938477,0.8994894027709961,0.9035806655883789,0.8780603408813477,0.9109315872192383,0.9186239242553711,0.7615623474121094,0.7647609710693359,0.7860078811645508,0.7883872985839844,0.7821197509765625,0.774383544921875,0.79541015625,0.7957429885864258,0.45586109161376953,0.4582853317260742,0.45935821533203125,0.46212100982666016,0.4705648422241211,0.45487499237060547,0.4607830047607422,0.4730701446533203,0.39746570587158203,0.4024219512939453,0.40183544158935547,0.4078855514526367,0.3999910354614258,0.39797401428222656,0.4086799621582031,0.40550804138183594
2050.5,1.386312484741211,1.4146957397460938,1.4262714385986328,1.4337892532348633,1.4490032196044922,1.407949447631836,1.4697494506835938,1.4932384490966797,1.2062129974365234,1.219233512878418,1.2239694595336914,1.2431297302246094,1.2481575012207031,1.220245361328125,1.2653236389160156,1.2863168716430664,0.9443073272705078,0.9457368850708008,0.9648094177246094,0.9762859344482422,0.982569694519043,0.9515724182128906,0.9902534484863281,0.9996204376220703,0.8151283264160156,0.8192558288574219,0.8405876159667969,0.8453702926635742,0.8405771255493164,0.8294153213500977,0.8548202514648438,0.8552522659301758,0.4926939010620117,0.4972705841064453,0.4975147247314453,0.5025005340576172,0.5117349624633789,0.4930095672607422,0.5013322830200195,0.5149497985839844,0.42530250549316406,0.43135643005371094,0.43073081970214844,0.4373035430908203,0.43027687072753906,0.42671775817871094,0.43831825256347656,0.43587303161621094
2051.5,1.4993705749511719,1.528813362121582,1.5434141159057617,1.5530385971069336,1.5707578659057617,1.5218305587768555,1.5917062759399414,1.6192512512207031,1.288252830505371,1.3016080856323242,1.3081798553466797,1.3309364318847656,1.335968017578125,1.3034029006958008,1.3530912399291992,1.3764839172363281,1.0201663970947266,1.0225372314453125,1.042867660522461,1.0584831237792969,1.0653905868530273,1.028233528137207,1.0721216201782227,1.0845890045166016,0.8706598281860352,0.875244140625,0.897068977355957,0.9038982391357422,0.8998689651489258,0.8853788375854492,0.9152297973632812,0.9168519973754883,0.5329170227050781,0.5374107360839844,0.5378751754760742,0.5448684692382812,0.5549039840698242,0.5334568023681641,0.5442590713500977,0.5591545104980469,0.4544095993041992,0.4608907699584961,0.4604825973510742,0.46778392791748047,0.4606790542602539,0.4552459716796875,0.4683971405029297,0.4672222137451172
2052.5,1.6160240173339844,1.6481590270996094,1.6641712188720703,1.6757926940917969,1.698277473449707,1.640711784362793,1.7175092697143555,1.749394416809082,1.3718881607055664,1.3853483200073242,1.3931913375854492,1.4186553955078125,1.4256172180175781,1.3881397247314453,1.441573143005371,1.4688053131103516,1.0989084243774414,1.1016931533813477,1.123800277709961,1.1416950225830078,1.1510429382324219,1.1069860458374023,1.1563892364501953,1.171773910522461,0.926971435546875,0.932185173034668,0.9539985656738281,0.9633817672729492,0.9606618881225586,0.9423656463623047,0.9761114120483398,0.9788589477539062,0.5737791061401367,0.5792579650878906,0.5786571502685547,0.5878753662109375,0.5998058319091797,0.5755462646484375,0.58831787109375,0.6046905517578125,0.48430633544921875,0.4914054870605469,0.4905672073364258,0.4985847473144531,0.49115562438964844,0.4843301773071289,0.4990816116333008,0.4991722106933594
2053.5,1.7372980117797852,1.771505355834961,1.7885713577270508,1.8036041259765625,1.8301429748535156,1.7637224197387695,1.8482952117919922,1.8838214874267578,1.456721305847168,1.4713525772094727,1.4790000915527344,1.5080270767211914,1.5150251388549805,1.473806381225586,1.531386375427246,1.560821533203125,1.1798782348632812,1.1844310760498047,1.2070026397705078,1.2283544540405273,1.2390985488891602,1.1893033981323242,1.2454566955566406,1.261270523071289,0.9841251373291016,0.9904279708862305,1.011855125427246,1.0228910446166992,1.0208425521850586,1.000279426574707,1.0371761322021484,1.0406112670898438,0.6163053512573242,0.6227073669433594,0.6210899353027344,0.6321868896484375,0.6461315155029297,0.6192493438720703,0.6335783004760742,0.6514816284179688,0.5146026611328125,0.5216617584228516,0.5210094451904297,0.5290098190307617,0.5217695236206055,0.5138120651245117,0.5300703048706055,0.5311098098754883
2054.5,1.8614234924316406,1.8971214294433594,1.916905403137207,1.9346895217895508,1.9643707275390625,1.8911771774291992,1.9813690185546875,2.021998405456543,1.542281150817871,1.557180404663086,1.5668106079101562,1.59783935546875,1.6055412292480469,1.5610971450805664,1.6230449676513672,1.653935432434082,1.262664794921875,1.2687187194824219,1.2933540344238281,1.3166656494140625,1.328561782836914,1.275181770324707,1.3355035781860352,1.353835105895996,1.0421276092529297,1.0488672256469727,1.0713930130004883,1.0823431015014648,1.0811834335327148,1.058781623840332,1.0972785949707031,1.1030712127685547,0.6599693298339844,0.6663360595703125,0.6659650802612305,0.6772403717041016,0.6924076080322266,0.6638469696044922,0.6793432235717773,0.6994152069091797,0.5447587966918945,0.5519847869873047,0.5514039993286133,0.5600500106811523,0.553131103515625,0.5443172454833984,0.5593252182006836,0.5642681121826172
2055.5,1.9865331649780273,2.025355339050293,2.047618865966797,2.067108154296875,2.102206230163574,2.021272659301758,2.115994453430176,2.162531852722168,1.6272096633911133,1.644521713256836,1.6557121276855469,1.6857118606567383,1.6975879669189453,1.6493902206420898,1.7143535614013672,1.7486419677734375,1.3468122482299805,1.3544921875,1.3812494277954102,1.404911994934082,1.4211091995239258,1.362654685974121,1.4269390106201172,1.4483575820922852,1.0993366241455078,1.1079254150390625,1.1315011978149414,1.140660285949707,1.1430158615112305,1.1185779571533203,1.1579513549804688,1.1666622161865234,0.7037105560302734,0.7115268707275391,0.7112751007080078,0.7219028472900391,0.7394914627075195,0.7094182968139648,0.7250356674194336,0.7485637664794922,0.5733432769775391,0.5820407867431641,0.5823831558227539,0.5907735824584961,0.5852813720703125,0.5748882293701172,0.5883750915527344,0.5976829528808594
2056.5,2.1138525009155273,2.155424118041992,2.1806764602661133,2.2000789642333984,2.243284225463867,2.1547317504882812,2.2546863555908203,2.305086135864258,1.7124052047729492,1.7315349578857422,1.7449531555175781,1.7740631103515625,1.7921991348266602,1.7396574020385742,1.807023048400879,1.8428544998168945,1.432316780090332,1.442448616027832,1.4713630676269531,1.494410514831543,1.5157947540283203,1.4522666931152344,1.5202808380126953,1.5438823699951172,1.1557464599609375,1.1671142578125,1.1913566589355469,1.2009849548339844,1.2068405151367188,1.179091453552246,1.2196769714355469,1.2300071716308594,0.7487354278564453,0.757267951965332,0.7578945159912109,0.7685222625732422,0.7889537811279297,0.7562046051025391,0.7724523544311523,0.7980060577392578,0.6031322479248047,0.6127147674560547,0.6142206192016602,0.6211156845092773,0.6190252304077148,0.6067132949829102,0.6200056076049805,0.6308202743530273
2057.5,2.2421979904174805,2.2866554260253906,2.3157081604003906,2.335261344909668,2.3830347061157227,2.2895240783691406,2.395327568054199,2.44821834564209,1.7977399826049805,1.819131851196289,1.8349056243896484,1.8632469177246094,1.8848915100097656,1.8300399780273438,1.901137351989746,1.936065673828125,1.518712043762207,1.5317964553833008,1.5633602142333984,1.58489990234375,1.609482765197754,1.5428686141967773,1.6156606674194336,1.6389274597167969,1.213078498840332,1.226902961730957,1.2526111602783203,1.2615900039672852,1.268850326538086,1.2394218444824219,1.2818069458007812,1.2933177947998047,0.7934684753417969,0.8040094375610352,0.8060159683227539,0.8155059814453125,0.8365888595581055,0.8029212951660156,0.8209590911865234,0.8474359512329102,0.633082389831543,0.6438703536987305,0.646636962890625,0.6513137817382812,0.6509599685668945,0.6380529403686523,0.6532840728759766,0.6625871658325195
2058.5,2.3703231811523438,2.4187135696411133,2.45084285736084,2.4714794158935547,2.5262584686279297,2.4247798919677734,2.5364580154418945,2.5917587280273438,1.883108139038086,1.9064292907714844,1.925246238708496,1.9539670944213867,1.9790849685668945,1.920267105102539,1.9941511154174805,2.029949188232422,1.604945182800293,1.6212844848632812,1.6560802459716797,1.6770334243774414,1.7057790756225586,1.6332883834838867,1.711465835571289,1.7349348068237305,1.2698698043823242,1.2865657806396484,1.313669204711914,1.324289321899414,1.3329248428344727,1.2995491027832031,1.3431720733642578,1.3569793701171875,0.8374195098876953,0.8500556945800781,0.8545408248901367,0.8639659881591797,0.8869876861572266,0.8501768112182617,0.8699893951416016,0.8976640701293945,0.6625089645385742,0.6747903823852539,0.6792640686035156,0.683619499206543,0.6838531494140625,0.6690635681152344,0.6864051818847656,0.6956501007080078
2059.5,2.4984941482543945,2.55194091796875,2.5870161056518555,2.6080379486083984,2.6690921783447266,2.561741828918457,2.6761913299560547,2.734848976135254,1.9682321548461914,1.9942970275878906,2.0153160095214844,2.044330596923828,2.073967933654785,2.0110387802124023,2.084848403930664,2.1223459243774414,1.6914920806884766,1.7116117477416992,1.7488079071044922,1.769059181213379,1.8015260696411133,1.7249794006347656,1.8051338195800781,1.8305702209472656,1.3263444900512695,1.3472747802734375,1.3750848770141602,1.3862075805664062,1.3959455490112305,1.3601484298706055,1.4043941497802734,1.4186077117919922,0.8810443878173828,0.8969011306762695,0.9029569625854492,0.9124755859375,0.936741828918457,0.8973627090454102,0.9178838729858398,0.9469623565673828,0.6915788650512695,0.7060174942016602,0.7116432189941406,0.7152099609375,0.7161045074462891,0.6999931335449219,0.7183618545532227,0.7283687591552734
2060.5,2.6271657943725586,2.6853818893432617,2.722792625427246,2.7437210083007812,2.8117504119873047,2.697866439819336,2.816549301147461,2.8781280517578125,2.053736686706543,2.081981658935547,2.104921340942383,2.1331634521484375,2.1673269271850586,2.0999269485473633,2.1759748458862305,2.2146644592285156,1.778289794921875,1.8020992279052734,1.8402671813964844,1.8603582382202148,1.896803855895996,1.8161859512329102,1.8997020721435547,1.9261484146118164,1.3837480545043945,1.4073810577392578,1.4353933334350586,1.4466800689697266,1.4575796127319336,1.421381950378418,1.466355323791504,1.481431007385254,0.925750732421875,0.944462776184082,0.9509830474853516,0.9589014053344727,0.986515998840332,0.945103645324707,0.965275764465332,0.9957494735717773,0.7207365036010742,0.738037109375,0.7436046600341797,0.7458686828613281,0.7484235763549805,0.7305536270141602,0.7501316070556641,0.7608737945556641
2061.5,2.7532777786254883,2.8177871704101562,2.8588457107543945,2.879962921142578,2.9537172317504883,2.8356246948242188,2.957211494445801,3.0210800170898438,2.136359214782715,2.1686925888061523,2.1936473846435547,2.2224979400634766,2.260312080383301,2.1911516189575195,2.2684316635131836,2.3080406188964844,1.862955093383789,1.892024040222168,1.9312524795532227,1.9516277313232422,1.9922447204589844,1.909287452697754,1.9948453903198242,2.0220022201538086,1.4395875930786133,1.4666309356689453,1.4954347610473633,1.5077600479125977,1.51971435546875,1.4830045700073242,1.5290164947509766,1.54388427734375,0.9691276550292969,0.9910154342651367,0.9983835220336914,1.0066986083984375,1.0353107452392578,0.9935369491577148,1.0135927200317383,1.0457353591918945,0.749730110168457,0.7684392929077148,0.7746105194091797,0.7776975631713867,0.7798929214477539,0.761993408203125,0.7831459045410156,0.7943181991577148
2062.5,2.8785905838012695,2.948880195617676,2.9922103881835938,3.015727996826172,3.094949722290039,2.971158027648926,3.0969924926757812,3.1629552841186523,2.218214988708496,2.253704071044922,2.2813119888305664,2.311819076538086,2.352837562561035,2.281266212463379,2.3608627319335938,2.400928497314453,1.9466781616210938,1.9805269241333008,2.0206470489501953,2.042487144470215,2.087057113647461,2.0016965866088867,2.0914745330810547,2.117168426513672,1.4945402145385742,1.5236454010009766,1.5535202026367188,1.5682802200317383,1.581568717956543,1.543797492980957,1.5923900604248047,1.6061573028564453,1.0124282836914062,1.0362234115600586,1.0436468124389648,1.0539522171020508,1.0848016738891602,1.0414247512817383,1.0630569458007812,1.095846176147461,0.7780256271362305,0.7973461151123047,0.8044118881225586,0.8079824447631836,0.8113880157470703,0.7935762405395508,0.8180370330810547,0.8277711868286133
2063.5,3.0020055770874023,3.0784387588500977,3.1249008178710938,3.150409698486328,3.236043930053711,3.1062116622924805,3.2344465255737305,3.3029041290283203,2.2992734909057617,2.338688850402832,2.3682146072387695,2.40118408203125,2.444997787475586,2.3697757720947266,2.4503002166748047,2.491875648498535,2.0295944213867188,2.069003105163574,2.110464096069336,2.134073257446289,2.1819143295288086,2.092884063720703,2.1851158142089844,2.2117223739624023,1.5493440628051758,1.580805778503418,1.6122817993164062,1.629171371459961,1.6422510147094727,1.6037845611572266,1.6530818939208984,1.6688623428344727,1.0559329986572266,1.0813770294189453,1.089533805847168,1.1023979187011719,1.1337432861328125,1.0889863967895508,1.1105642318725586,1.1443462371826172,0.8059549331665039,0.826807975769043,0.8339214324951172,0.8393030166625977,0.8427963256835938,0.8245410919189453,0.8495931625366211,0.8607320785522461
2064.5,3.125372886657715,3.206467628479004,3.2565994262695312,3.2835521697998047,3.3749237060546875,3.239987373352051,3.3730735778808594,3.4410839080810547,2.380204200744629,2.421290397644043,2.4535045623779297,2.4884910583496094,2.5348100662231445,2.4585351943969727,2.541168212890625,2.5821332931518555,2.1126155853271484,2.155214309692383,2.199064254760742,2.223836898803711,2.274580955505371,2.1844377517700195,2.280057907104492,2.3043222427368164,1.604619026184082,1.63616943359375,1.669485092163086,1.6888408660888672,1.7015609741210938,1.6638221740722656,1.7156925201416016,1.7296161651611328,1.0998573303222656,1.1256132125854492,1.135232925415039,1.148524284362793,1.1811962127685547,1.1366701126098633,1.1591424942016602,1.1921930313110352,0.8352479934692383,0.8540506362915039,0.8635540008544922,0.8698225021362305,0.8727025985717773,0.8561897277832031,0.883544921875,0.8921184539794922
2065.5,3.2473535537719727,3.332076072692871,3.3856019973754883,3.415482521057129,3.512728691101074,3.3728151321411133,3.50791072845459,3.576112747192383,2.4602956771850586,2.503080368041992,2.536365509033203,2.5760116577148438,2.6248903274536133,2.5465784072875977,2.6286754608154297,2.6698646545410156,2.194578170776367,2.2401304244995117,2.284994125366211,2.313591957092285,2.3669824600219727,2.274667739868164,2.372565269470215,2.394894599914551,1.6588716506958008,1.6909046173095703,1.7253704071044922,1.748758316040039,1.7618436813354492,1.723236083984375,1.7754888534545898,1.7888250350952148,1.142648696899414,1.1695775985717773,1.179276466369629,1.1955795288085938,1.2292957305908203,1.1832904815673828,1.2043466567993164,1.2390613555908203,0.8641481399536133,0.8826532363891602,0.8932991027832031,0.9013938903808594,0.9038553237915039,0.8874282836914062,0.9146442413330078,0.9234123229980469
2066.5,3.367770195007324,3.454514503479004,3.5124101638793945,3.545769691467285,3.649075508117676,3.5030517578125,3.640962600708008,3.706719398498535,2.539177894592285,2.5823497772216797,2.617898941040039,2.6620140075683594,2.713766098022461,2.63297176361084,2.7143640518188477,2.754901885986328,2.2756881713867188,2.3237180709838867,2.3690452575683594,2.4015378952026367,2.4576330184936523,2.3633384704589844,2.462456703186035,2.483898162841797,1.712071418762207,1.7443962097167969,1.7802791595458984,1.8078680038452148,1.8203248977661133,1.7809314727783203,1.8335599899291992,1.8462772369384766,1.1851158142089844,1.2127008438110352,1.2232866287231445,1.2411842346191406,1.2763986587524414,1.2289352416992188,1.248891830444336,1.2849445343017578,0.8921937942504883,0.9106550216674805,0.9224061965942383,0.9311962127685547,0.9342212677001953,0.9181604385375977,0.945002555847168,0.9535589218139648
2067.5,3.4836931228637695,3.574915885925293,3.6378650665283203,3.6725778579711914,3.7833662033081055,3.6312484741210938,3.770188331604004,3.8351058959960938,2.6148767471313477,2.6606903076171875,2.6993045806884766,2.745962142944336,2.8018484115600586,2.717013359069824,2.797661781311035,2.8386850357055664,2.354412078857422,2.405489921569824,2.453216552734375,2.487506866455078,2.5476417541503906,2.450007438659668,2.550501823425293,2.571044921875,1.7641897201538086,1.7973594665527344,1.8352289199829102,1.865692138671875,1.8788576126098633,1.8380537033081055,1.8881568908691406,1.9029302597045898,1.2264270782470703,1.254643440246582,1.2666854858398438,1.2865142822265625,1.3236865997314453,1.2738265991210938,1.2921695709228516,1.3303585052490234,0.9197702407836914,0.9378900527954102,0.9507408142089844,0.9608469009399414,0.9650821685791016,0.9486255645751953,0.9747962951660156,0.9838981628417969
2068.5,3.598698616027832,3.6919126510620117,3.7583417892456055,3.796741485595703,3.912735939025879,3.7572031021118164,3.8963451385498047,3.9589099884033203,2.69014835357666,2.735668182373047,2.777815818786621,2.82698917388916,2.886669158935547,2.7991981506347656,2.880208969116211,2.9197120666503906,2.431428909301758,2.4837541580200195,2.53409481048584,2.5712404251098633,2.633718490600586,2.535114288330078,2.6360998153686523,2.6548633575439453,1.8150739669799805,1.84796142578125,1.888178825378418,1.9208593368530273,1.934159278869629,1.8932371139526367,1.9414348602294922,1.9574623107910156,1.2671852111816406,1.2949228286743164,1.307999610900879,1.330362319946289,1.3686323165893555,1.3183660507202148,1.3360614776611328,1.373159408569336,0.9469671249389648,0.9640340805053711,0.9786663055419922,0.9895229339599609,0.9934806823730469,0.9775362014770508,1.0044994354248047,1.0127344131469727
2069.5,3.712336540222168,3.8058691024780273,3.87692928314209,3.916621208190918,4.038973808288574,3.87985897064209,4.019486427307129,4.08057975769043,2.7650251388549805,2.809772491455078,2.8537559509277344,2.905374526977539,2.9685964584350586,2.880364418029785,2.958637237548828,2.9994115829467773,2.508634567260742,2.561282157897949,2.612929344177246,2.6526670455932617,2.7173643112182617,2.619037628173828,2.72003173828125,2.7384958267211914,1.8663969039916992,1.8976612091064453,1.940084457397461,1.974614143371582,1.9876623153686523,1.948746681213379,1.9949607849121094,2.012603759765625,1.3084888458251953,1.3349065780639648,1.3494806289672852,1.3717575073242188,1.412552833557129,1.3629961013793945,1.3796796798706055,1.4162778854370117,0.9750680923461914,0.9898061752319336,1.0066518783569336,1.016200065612793,1.0210704803466797,1.0065288543701172,1.0328044891357422,1.0420122146606445
2070.5,3.824103355407715,3.91696834564209,3.990947723388672,4.032464981079102,4.161250114440918,3.9997377395629883,4.138099670410156,4.196866035461426,2.8397836685180664,2.8821258544921875,2.9276962280273438,2.980666160583496,3.048211097717285,2.9594554901123047,3.033505439758301,3.075629234313965,2.586017608642578,2.637150764465332,2.689899444580078,2.7306346893310547,2.798464775085449,2.7008047103881836,2.8011865615844727,2.816619873046875,1.917954444885254,1.947021484375,1.9897193908691406,2.026034355163574,2.039020538330078,2.0018348693847656,2.0455570220947266,2.0643463134765625,1.3514575958251953,1.3747072219848633,1.3889007568359375,1.4122114181518555,1.4553747177124023,1.406001091003418,1.420980453491211,1.4571342468261719,1.002793312072754,1.0147294998168945,1.0326766967773438,1.042149543762207,1.0487174987792969,1.0345573425292969,1.0596294403076172,1.0686416625976562
2071.5,3.931027412414551,4.024706840515137,4.100172996520996,4.143265724182129,4.279273986816406,4.116025924682617,4.252409934997559,4.308876037597656,2.910017967224121,2.9516258239746094,2.9983654022216797,3.0536394119262695,3.1259164810180664,3.0364999771118164,3.105276107788086,3.1482439041137695,2.659749984741211,2.7108564376831055,2.7625789642333984,2.805744171142578,2.876866340637207,2.780594825744629,2.8790111541748047,2.8923168182373047,1.965794563293457,1.9955081939697266,2.0365047454833984,2.075575828552246,2.0893993377685547,2.0534000396728516,2.0940980911254883,2.1146039962768555,1.3914985656738281,1.4124574661254883,1.4258766174316406,1.4513912200927734,1.497878074645996,1.447728157043457,1.4602537155151367,1.4959211349487305,1.027235984802246,1.0390253067016602,1.057358741760254,1.0678682327270508,1.0767526626586914,1.0614700317382812,1.0845842361450195,1.0945796966552734
2072.5,4.030673027038574,4.128531455993652,4.205588340759277,4.251714706420898,4.394131660461426,4.22712516784668,4.364397048950195,4.417790412902832,2.975419044494629,3.0188026428222656,3.066650390625,3.1242427825927734,3.2002477645874023,3.109982490539551,3.176820755004883,3.2187299728393555,2.729379653930664,2.781283378601074,2.833737373352051,2.879265785217285,2.9519176483154297,2.856504440307617,2.9560699462890625,2.9650564193725586,2.010382652282715,2.0414772033691406,2.0821685791015625,2.123702049255371,2.138369560241699,2.102961540222168,2.142878532409668,2.1634035110473633,1.4279632568359375,1.4490118026733398,1.4623346328735352,1.4894189834594727,1.5379610061645508,1.4869413375854492,1.499826431274414,1.53387451171875,1.0492372512817383,1.0620527267456055,1.0814790725708008,1.0923643112182617,1.1026334762573242,1.0872316360473633,1.1093921661376953,1.1181182861328125
2073.5,4.125275611877441,4.2291154861450195,4.306245803833008,4.355349540710449,4.50258731842041,4.3350934982299805,4.471116065979004,4.52144718170166,3.037755012512207,3.0840015411376953,3.132007598876953,3.191439628601074,3.2702770233154297,3.181018829345703,3.2458810806274414,3.2856569290161133,2.7939682006835938,2.849686622619629,2.9021692276000977,2.949003219604492,3.0228471755981445,2.9299726486206055,3.0292892456054688,3.0350542068481445,2.0527124404907227,2.085247039794922,2.1257457733154297,2.1693458557128906,2.1842880249023438,2.150869369506836,2.1892995834350586,2.209822654724121,1.4611015319824219,1.4830923080444336,1.4979448318481445,1.5256633758544922,1.5759267807006836,1.5253477096557617,1.5372629165649414,1.5703611373901367,1.0703916549682617,1.0840940475463867,1.1048364639282227,1.115926742553711,1.1268882751464844,1.1127090454101562,1.1341924667358398,1.1411399841308594
2074.5,4.217989921569824,4.325863838195801,4.403554916381836,4.4552507400512695,4.608991622924805,4.439579963684082,4.572927474975586,4.6189374923706055,3.0989599227905273,3.146799087524414,3.1945438385009766,3.2564916610717773,3.337681770324707,3.249823570251465,3.312344551086426,3.348259925842285,2.8567638397216797,2.915867805480957,2.967501640319824,3.0161895751953125,3.092266082763672,3.001498222351074,3.0997514724731445,3.1016359329223633,2.094550132751465,2.127962112426758,2.168567657470703,2.2134618759155273,2.228541374206543,2.197503089904785,2.2339611053466797,2.253941535949707,1.4940204620361328,1.5166444778442383,1.532109260559082,1.5606555938720703,1.6127567291259766,1.5630388259887695,1.5741567611694336,1.6049232482910156,1.0924310684204102,1.1050615310668945,1.1273279190063477,1.1387643814086914,1.1501998901367188,1.1371345520019531,1.1581354141235352,1.1629705429077148
2075.5,4.308590888977051,4.4182939529418945,4.496076583862305,4.5522308349609375,4.7095136642456055,4.540529251098633,4.671962738037109,4.711823463439941,3.1582460403442383,3.2051239013671875,3.2549266815185547,3.3197546005249023,3.4005308151245117,3.3164892196655273,3.376103401184082,3.4082908630371094,2.918069839477539,2.9778852462768555,3.029740333557129,3.0817909240722656,3.157968521118164,3.0703306198120117,3.167743682861328,3.1649303436279297,2.135695457458496,2.168354034423828,2.209331512451172,2.25563907623291,2.26967716217041,2.2418060302734375,2.278158187866211,2.2956666946411133,1.525827407836914,1.5477914810180664,1.5644941329956055,1.5940284729003906,1.6468238830566406,1.5988540649414062,1.6106443405151367,1.6391124725341797,1.113356590270996,1.1246366500854492,1.1489343643188477,1.1607179641723633,1.1718788146972656,1.1607961654663086,1.1821765899658203,1.184889793395996
2076.5,4.39731502532959,4.509121894836426,4.585479736328125,4.644522666931152,4.804003715515137,4.637164115905762,4.766323089599609,4.799019813537598,3.216437339782715,3.2630443572998047,3.3132991790771484,3.3804187774658203,3.461764335632324,3.379974365234375,3.436387062072754,3.4654293060302734,2.977825164794922,3.0388498306274414,3.090207099914551,3.14426326751709,3.219780921936035,3.136284828186035,3.232421875,3.2242612838745117,2.1752233505249023,2.207948684692383,2.2487335205078125,2.29708194732666,2.309366226196289,2.284130096435547,2.3196001052856445,2.3349475860595703,1.5577030181884766,1.5785303115844727,1.5959768295288086,1.626617431640625,1.6794662475585938,1.633026123046875,1.6447525024414062,1.6706361770629883,1.1351194381713867,1.1444768905639648,1.1698904037475586,1.1824541091918945,1.1932878494262695,1.183304786682129,1.2041044235229492,1.205404281616211
2077.5,4.482516288757324,4.599429130554199,4.672222137451172,4.7333269119262695,4.895000457763672,4.729954719543457,4.856566429138184,4.882931709289551,3.272162437438965,3.3223304748535156,3.371065139770508,3.4383201599121094,3.520218849182129,3.4410743713378906,3.4966554641723633,3.5207338333129883,3.0356292724609375,3.101271629333496,3.1492795944213867,3.204533576965332,3.27999210357666,3.1999292373657227,3.294764518737793,3.2814159393310547,2.21346378326416,2.249889373779297,2.287393569946289,2.337796211242676,2.3481216430664062,2.3255186080932617,2.3600502014160156,2.3724136352539062,1.5885658264160156,1.6107721328735352,1.6273775100708008,1.6578025817871094,1.7115087509155273,1.6663188934326172,1.6780281066894531,1.7006826400756836,1.155360221862793,1.1668291091918945,1.1912260055541992,1.2026586532592773,1.2140693664550781,1.2053489685058594,1.2256078720092773,1.2241802215576172
2078.5,4.5651140213012695,4.687726020812988,4.754190444946289,4.818768501281738,4.980313301086426,4.818327903747559,4.941145896911621,4.960798263549805,3.326449394226074,3.3805809020996094,3.4247684478759766,3.495241165161133,3.5745630264282227,3.4991865158081055,3.552464485168457,3.571643829345703,3.0924930572509766,3.161992073059082,3.205451011657715,3.262826919555664,3.3357019424438477,3.260110855102539,3.351925849914551,3.334214210510254,2.249833106994629,2.2906932830810547,2.324146270751953,2.3769330978393555,2.385378837585449,2.3650922775268555,2.3979225158691406,2.407571792602539,1.6177692413330078,1.6390352249145508,1.6560945510864258,1.687952995300293,1.7412176132202148,1.6981744766235352,1.7090082168579102,1.7278013229370117,1.1748628616333008,1.1861085891723633,1.2110891342163086,1.2223358154296875,1.2330255508422852,1.226602554321289,1.246037483215332,1.2409677505493164
2079.5,4.643387794494629,4.771985054016113,4.833444595336914,4.900245666503906,5.0616350173950195,4.902556419372559,5.023232460021973,5.035760879516602,3.3779592514038086,3.436046600341797,3.476776123046875,3.5489187240600586,3.6279211044311523,3.554692268371582,3.606151580810547,3.6197614669799805,3.1462783813476562,3.22005558013916,3.2593908309936523,3.3186607360839844,3.388774871826172,3.317246437072754,3.4083452224731445,3.383976936340332,2.2846555709838867,2.331066131591797,2.3594722747802734,2.4132251739501953,2.4206485748291016,2.4027099609375,2.434690475463867,2.440423011779785,1.6456375122070312,1.666844367980957,1.6846685409545898,1.717142105102539,1.7696266174316406,1.7277421951293945,1.738821029663086,1.7542238235473633,1.193497657775879,1.2043638229370117,1.2300825119018555,1.2416276931762695,1.2517509460449219,1.2465286254882812,1.267167091369629,1.2594308853149414
2080.5,4.7179155349731445,4.851649284362793,4.909612655639648,4.978705406188965,5.138425827026367,4.982512474060059,5.100691795349121,5.104763984680176,3.4267148971557617,3.4855213165283203,3.5268783569335938,3.6008100509643555,3.6777544021606445,3.6064939498901367,3.656527519226074,3.6636695861816406,3.1968746185302734,3.2725934982299805,3.31156063079834,3.372091293334961,3.438913345336914,3.37158203125,3.4614410400390625,3.4299793243408203,2.3181238174438477,2.3685855865478516,2.3939781188964844,2.4486799240112305,2.453230857849121,2.4382801055908203,2.4688539505004883,2.469827651977539,1.6723613739013672,1.6924409866333008,1.7120962142944336,1.7450180053710938,1.7958488464355469,1.7564363479614258,1.767317771911621,1.7778549194335938,1.2111520767211914,1.2211427688598633,1.2484827041625977,1.260589599609375,1.2691221237182617,1.2658939361572266,1.2871084213256836,1.2747230529785156
2081.5,4.788100242614746,4.924868583679199,4.982381820678711,5.051448822021484,5.209626197814941,5.058937072753906,5.172334671020508,5.170092582702637,3.4727907180786133,3.530710220336914,3.573648452758789,3.648369789123535,3.724214553833008,3.6564197540283203,3.7033824920654297,3.70660400390625,3.2447338104248047,3.3202714920043945,3.3609323501586914,3.420999526977539,3.4861412048339844,3.4232559204101562,3.510957717895508,3.4747838973999023,2.349165916442871,2.400724411010742,2.427083969116211,2.481260299682617,2.483409881591797,2.472031593322754,2.4998559951782227,2.500011444091797,1.6969032287597656,1.716813087463379,1.7380647659301758,1.7702579498291016,1.8209505081176758,1.783919334411621,1.7940435409545898,1.8013496398925781,1.2272233963012695,1.2367181777954102,1.2659292221069336,1.277975082397461,1.2845230102539062,1.2845067977905273,1.3041296005249023,1.290144920349121
2082.5,4.853266716003418,4.9935407638549805,5.051580429077148,5.120715141296387,5.276838302612305,5.132198333740234,5.239199638366699,5.230246543884277,3.5153417587280273,3.5744285583496094,3.617624282836914,3.6931638717651367,3.7678680419921875,3.7042551040649414,3.7469358444213867,3.7453107833862305,3.288724899291992,3.3661890029907227,3.407376289367676,3.46783447265625,3.530472755432129,3.4732913970947266,3.5568313598632812,3.516118049621582,2.378140449523926,2.431201934814453,2.457305908203125,2.5116825103759766,2.512660026550293,2.5045413970947266,2.5293140411376953,2.527088165283203,1.7199077606201172,1.7406187057495117,1.7621755599975586,1.7947587966918945,1.8441839218139648,1.8103313446044922,1.8187875747680664,1.8226804733276367,1.2421770095825195,1.2523679733276367,1.281874656677246,1.2942743301391602,1.2996435165405273,1.3025445938110352,1.3207941055297852,1.3036327362060547
2083.5,4.916415214538574,5.058371543884277,5.117010116577148,5.185932159423828,5.339134216308594,5.200379371643066,5.300559997558594,5.2852277755737305,3.5569257736206055,3.6167125701904297,3.659698486328125,3.7356414794921875,3.807856559753418,3.7494888305664062,3.787470817565918,3.7799062728881836,3.331716537475586,3.4111413955688477,3.451462745666504,3.5117416381835938,3.5716400146484375,3.520160675048828,3.6003971099853516,3.553129196166992,2.4064550399780273,2.4605045318603516,2.4862518310546875,2.5402021408081055,2.540067672729492,2.5354652404785156,2.5581045150756836,2.551769256591797,1.742074966430664,1.7644128799438477,1.7847986221313477,1.817051887512207,1.8659038543701172,1.8351716995239258,1.8429908752441406,1.842637062072754,1.2565946578979492,1.2681798934936523,1.2966890335083008,1.3086652755737305,1.3134880065917969,1.3193817138671875,1.3359146118164062,1.316145896911621
2084.5,4.975344657897949,5.120125770568848,5.17658805847168,5.247281074523926,5.398497581481934,5.264749526977539,5.357832908630371,5.334846496582031,3.596085548400879,3.657472610473633,3.6977176666259766,3.7752914428710938,3.846184730529785,3.7917861938476562,3.8252925872802734,3.8109540939331055,3.3719234466552734,3.454501152038574,3.491265296936035,3.551990509033203,3.610015869140625,3.564253807067871,3.6407299041748047,3.586916923522949,2.4327077865600586,2.488811492919922,2.5119972229003906,2.566878318786621,2.5658645629882812,2.565110206604004,2.5842151641845703,2.573845863342285,1.7625923156738281,1.7854337692260742,1.8053617477416992,1.8378705978393555,1.8860540390014648,1.8585309982299805,1.865060806274414,1.8610105514526367,1.2699804306030273,1.2821969985961914,1.3097028732299805,1.3222551345825195,1.3266983032226562,1.3357954025268555,1.3506574630737305,1.326157569885254
2085.5,5.030083656311035,5.178797721862793,5.233219146728516,5.304263114929199,5.453042030334473,5.324286460876465,5.4117536544799805,5.381045341491699,3.6313886642456055,3.695829391479492,3.734041213989258,3.812122344970703,3.881606101989746,3.8305892944335938,3.859858512878418,3.8398685455322266,3.4084644317626953,3.495541572570801,3.5293893814086914,3.5893497467041016,3.6466064453125,3.6050291061401367,3.677286148071289,3.618584632873535,2.456923484802246,2.5164794921875,2.536500930786133,2.5915727615356445,2.589510917663574,2.592153549194336,2.6086483001708984,2.5946521759033203,1.7816905975341797,1.8053998947143555,1.824254035949707,1.8576650619506836,1.9051733016967773,1.8800630569458008,1.885146141052246,1.8777971267700195,1.2821226119995117,1.2958078384399414,1.322138786315918,1.3347692489624023,1.3392677307128906,1.3502225875854492,1.3636865615844727,1.3371658325195312
2086.5,5.081667900085449,5.235114097595215,5.285373687744141,5.355959892272949,5.5029802322387695,5.379488945007324,5.461322784423828,5.4217939376831055,3.66567325592041,3.7316741943359375,3.7678661346435547,3.8456459045410156,3.9138050079345703,3.8662309646606445,3.8926563262939453,3.8653173446655273,3.4436702728271484,3.5335206985473633,3.5644216537475586,3.6239776611328125,3.6803808212280273,3.642094612121582,3.710552215576172,3.6463794708251953,2.4805498123168945,2.5427494049072266,2.5588226318359375,2.6142454147338867,2.611186981201172,2.6167078018188477,2.6305789947509766,2.6134414672851562,1.7996673583984375,1.823674201965332,1.8426580429077148,1.875138282775879,1.9223756790161133,1.900472640991211,1.9029855728149414,1.892350196838379,1.2944345474243164,1.308222770690918,1.3335580825805664,1.3468637466430664,1.3509302139282227,1.3641443252563477,1.3757219314575195,1.3459539413452148
2087.5,5.130948066711426,5.287022590637207,5.333091735839844,5.404177665710449,5.548758506774902,5.43209171295166,5.506124496459961,5.457684516906738,3.6971330642700195,3.7655086517333984,3.799093246459961,3.8772220611572266,3.943392753601074,3.9002180099487305,3.923900604248047,3.8879356384277344,3.4764251708984375,3.56888484954834,3.5966272354125977,3.657022476196289,3.711109161376953,3.6771459579467773,3.7425994873046875,3.6705989837646484,2.50223445892334,2.5671119689941406,2.5791492462158203,2.6354990005493164,2.6313438415527344,2.6405067443847656,2.65157413482666,2.629666328430176,1.8164730072021484,1.8407602310180664,1.8593778610229492,1.8916120529174805,1.9380521774291992,1.9191608428955078,1.920919418334961,1.9043254852294922,1.3057126998901367,1.3196287155151367,1.344588279724121,1.3587255477905273,1.361100196838379,1.3769874572753906,1.3878154754638672,1.3533000946044922
2088.5,5.176131248474121,5.335753440856934,5.377614974975586,5.448784828186035,5.590734481811523,5.479587554931641,5.547545433044434,5.490578651428223,3.7265233993530273,3.796398162841797,3.8282642364501953,3.906831741333008,3.9704275131225586,3.9317626953125,3.950899124145508,3.90924072265625,3.5067996978759766,3.600672721862793,3.626875877380371,3.6870040893554688,3.738780975341797,3.7102203369140625,3.7707948684692383,3.693060874938965,2.522122383117676,2.5891380310058594,2.5979957580566406,2.6557722091674805,2.650120735168457,2.6627864837646484,2.669558525085449,2.6448049545288086,1.832672119140625,1.8566980361938477,1.8750066757202148,1.9075136184692383,1.952301025390625,1.9368019104003906,1.9368171691894531,1.915975570678711,1.3169355392456055,1.3305120468139648,1.354517936706543,1.3698968887329102,1.371077537536621,1.3897714614868164,1.398890495300293,1.3611564636230469
2089.5,5.218071937561035,5.380246162414551,5.418050765991211,5.489081382751465,5.627764701843262,5.522519111633301,5.583185195922852,5.516873359680176,3.7537622451782227,3.8251075744628906,3.854890823364258,3.9333572387695312,3.994063377380371,3.9591493606567383,3.9757461547851562,3.92584228515625,3.5351333618164062,3.630377769470215,3.6543397903442383,3.7144737243652344,3.762660026550293,3.739579200744629,3.7944488525390625,3.709588050842285,2.5410547256469727,2.609598159790039,2.6153011322021484,2.6736345291137695,2.666332244873047,2.6821489334106445,2.6855926513671875,2.6558837890625,1.847787857055664,1.871718406677246,1.8892946243286133,1.922074317932129,1.965165138244629,1.9526023864746094,1.950291633605957,1.9242000579833984,1.327040672302246,1.3403711318969727,1.3638391494750977,1.3801507949829102,1.3783750534057617,1.4001903533935547,1.4086694717407227,1.365910530090332
2090.5,5.2576093673706055,5.420275688171387,5.454610824584961,5.5258283615112305,5.661917686462402,5.561809539794922,5.614652633666992,5.540745735168457,3.7798643112182617,3.8511734008789062,3.8782997131347656,3.95843505859375,4.01594352722168,3.9847002029418945,3.9962711334228516,3.941211700439453,3.5625457763671875,3.657780647277832,3.6783971786499023,3.7395267486572266,3.7850494384765625,3.767083168029785,3.8167924880981445,3.7261457443237305,2.559260368347168,2.6282882690429688,2.630115509033203,2.6900720596313477,2.6805973052978516,2.7002477645874023,2.6997480392456055,2.66705322265625,1.8622570037841797,1.8859491348266602,1.902134895324707,1.9351072311401367,1.977280616760254,1.967961311340332,1.9631900787353516,1.9340486526489258,1.3366155624389648,1.3496637344360352,1.3721895217895508,1.3895082473754883,1.3848390579223633,1.410353660583496,1.4175338745117188,1.3712940216064453
2091.5,5.294058799743652,5.455689430236816,5.488496780395508,5.558444023132324,5.691330909729004,5.597715377807617,5.641759872436523,5.558055877685547,3.8044309616088867,3.87408447265625,3.899782180786133,3.9809112548828125,4.034285545349121,4.008059501647949,4.015368461608887,3.952336311340332,3.5877933502197266,3.68241024017334,3.701413154602051,3.762338638305664,3.8032541275024414,3.791508674621582,3.8361940383911133,3.737910270690918,2.576174736022949,2.644306182861328,2.645294189453125,2.7038469314575195,2.6931686401367188,2.7169313430786133,2.712653160095215,2.674318313598633,1.8751850128173828,1.8989801406860352,1.913477897644043,1.9468755722045898,1.9872398376464844,1.9812564849853516,1.9736509323120117,1.941208839416504,1.3450918197631836,1.357935905456543,1.3803930282592773,1.3974714279174805,1.3904123306274414,1.4205341339111328,1.4259567260742188,1.3740100860595703
2092.5,5.327563285827637,5.486111640930176,5.517707824707031,5.587784767150879,5.716709136962891,5.627998352050781,5.666316032409668,5.572014808654785,3.82711124420166,3.8943824768066406,3.918426513671875,4.00010871887207,4.050152778625488,4.027583122253418,4.031902313232422,3.9613475799560547,3.610919952392578,3.703700065612793,3.7210092544555664,3.7815608978271484,3.818446159362793,3.812575340270996,3.8535499572753906,3.7470760345458984,2.591128349304199,2.658205032348633,2.6579666137695312,2.71578311920166,2.703275680541992,2.7307024002075195,2.724085807800293,2.680962562561035,1.8871097564697266,1.9104337692260742,1.9236574172973633,1.956700325012207,1.9950628280639648,1.9921236038208008,1.9835271835327148,1.9465904235839844,1.353184700012207,1.3656377792358398,1.387253761291504,1.404158592224121,1.3953895568847656,1.4287223815917969,1.4331541061401367,1.376042366027832
2093.5,5.358710289001465,5.514151573181152,5.545022964477539,5.613265037536621,5.738216400146484,5.656932830810547,5.686845779418945,5.583083152770996,3.8480615615844727,3.9131088256835938,3.936433792114258,4.01746940612793,4.0644683837890625,4.046321868896484,4.046106338500977,3.967331886291504,3.6321449279785156,3.7233095169067383,3.739983558654785,3.7982921600341797,3.832186698913574,3.8315134048461914,3.8686742782592773,3.75455379486084,2.605319023132324,2.6709022521972656,2.670766830444336,2.727004051208496,2.713006019592285,2.744466781616211,2.7335596084594727,2.685591697692871,1.8982315063476562,1.9208478927612305,1.9340028762817383,1.965346336364746,2.0014820098876953,2.002882957458496,1.9923095703125,1.9508352279663086,1.3600587844848633,1.3722429275512695,1.3942270278930664,1.410050392150879,1.399876594543457,1.4374589920043945,1.4401235580444336,1.3768653869628906
2094.5,5.387528419494629,5.540682792663574,5.56889533996582,5.635556221008301,5.756647109985352,5.681327819824219,5.704343795776367,5.5918731689453125,3.8668413162231445,3.930135726928711,3.9521942138671875,4.032720565795898,4.076555252075195,4.0617570877075195,4.058926582336426,3.9727602005004883,3.6514034271240234,3.74153995513916,3.7559309005737305,3.813274383544922,3.8440027236938477,3.8479671478271484,3.8816299438476562,3.761153221130371,2.6181039810180664,2.6823787689208984,2.6813201904296875,2.736220359802246,2.7208757400512695,2.7556257247924805,2.7423925399780273,2.689393997192383,1.9080638885498047,1.9299249649047852,1.941950798034668,1.9732065200805664,2.0077972412109375,2.011631965637207,2.0010499954223633,1.9543561935424805,1.3668737411499023,1.3786287307739258,1.3998708724975586,1.4159421920776367,1.4038000106811523,1.4445199966430664,1.446059226989746,1.3771429061889648
2095.5,5.4140520095825195,5.564068794250488,5.590646743774414,5.65596866607666,5.772106170654297,5.704035758972168,5.71883487701416,5.596597671508789,3.8838605880737305,3.945924758911133,3.967081069946289,4.045734405517578,4.087995529174805,4.077981948852539,4.069878578186035,3.976114273071289,3.6697540283203125,3.7573766708374023,3.770636558532715,3.8264026641845703,3.8548755645751953,3.8629655838012695,3.8925533294677734,3.765702247619629,2.6298913955688477,2.693349838256836,2.6909446716308594,2.7444982528686523,2.728652000427246,2.76785945892334,2.7510194778442383,2.69193172454834,1.917715072631836,1.9387502670288086,1.9500513076782227,1.9800481796264648,2.01247501373291,2.020111083984375,2.0090818405151367,1.9571771621704102,1.373143196105957,1.384324073791504,1.405238151550293,1.4206914901733398,1.4068574905395508,1.4519224166870117,1.4518756866455078,1.3770017623901367
2096.5,5.438473701477051,5.585679054260254,5.608833312988281,5.674014091491699,5.785190582275391,5.724053382873535,5.731104850769043,5.599100112915039,3.8998594284057617,3.960153579711914,3.979482650756836,4.058200836181641,4.097188949584961,4.091933250427246,4.079546928405762,3.9786758422851562,3.6866588592529297,3.772170066833496,3.784176826477051,3.837890625,3.863896369934082,3.877115249633789,3.902923583984375,3.766946792602539,2.6412649154663086,2.7030162811279297,2.699228286743164,2.7522058486938477,2.73531436920166,2.777647018432617,2.75747013092041,2.693570137023926,1.9261589050292969,1.9466772079467773,1.9559717178344727,1.9863595962524414,2.0178709030151367,2.027334213256836,2.0155458450317383,1.9582452774047852,1.3790712356567383,1.389256477355957,1.409886360168457,1.4251737594604492,1.409712791442871,1.4582405090332031,1.4575176239013672,1.3755321502685547
2097.5,5.460497856140137,5.605378150939941,5.625905990600586,5.690306663513184,5.796748161315918,5.74102783203125,5.741050720214844,5.5985307693481445,3.9142255783081055,3.9732093811035156,3.9908180236816406,4.068931579589844,4.10539436340332,4.104404449462891,4.0876970291137695,3.9784460067749023,3.7018661499023438,3.7855424880981445,3.7966203689575195,3.848825454711914,3.871119499206543,3.8889923095703125,3.91046142578125,3.7662010192871094,2.651240348815918,2.712017059326172,2.7068443298339844,2.759079933166504,2.7408666610717773,2.7870826721191406,2.762831687927246,2.6931724548339844,1.9340152740478516,1.954258918762207,1.959702491760254,1.991978645324707,2.0216245651245117,2.033639907836914,2.0211782455444336,1.956721305847168,1.3844022750854492,1.393855094909668,1.4137201309204102,1.429060935974121,1.4116573333740234,1.463836669921875,1.4620332717895508,1.3734149932861328
2098.5,5.481348991394043,5.623282432556152,5.640508651733398,5.704585075378418,5.808514595031738,5.757132530212402,5.7481584548950195,5.596585273742676,3.9282655715942383,3.9851417541503906,4.001251220703125,4.078401565551758,4.113282203674316,4.1158905029296875,4.092617034912109,3.977869987487793,3.7162837982177734,3.7978200912475586,3.80751895904541,3.8587512969970703,3.878265380859375,3.9000186920166016,3.9162425994873047,3.7652053833007812,2.66127872467041,2.7204952239990234,2.7134323120117188,2.7654829025268555,2.746217727661133,2.7952985763549805,2.7661428451538086,2.691765785217285,1.941751480102539,1.960707664489746,1.960789680480957,1.996840476989746,2.0252952575683594,2.040066719055176,2.024306297302246,1.9552087783813477,1.3899927139282227,1.3979597091674805,1.4175291061401367,1.433152198791504,1.4142065048217773,1.468881607055664,1.4646234512329102,1.3710527420043945
2099.5,5.500039100646973,5.640223503112793,5.653837203979492,5.717953681945801,5.817811012268066,5.772521018981934,5.75369930267334,5.593182563781738,3.9405412673950195,3.9963836669921875,4.010322570800781,4.087324142456055,4.119152069091797,4.126303672790527,4.096683502197266,3.976144790649414,3.729534149169922,3.809695243835449,3.8175783157348633,3.8678646087646484,3.883173942565918,3.910567283630371,3.9207019805908203,3.76239013671875,2.669978141784668,2.7286758422851562,2.7197132110595703,2.7714052200317383,2.750247001647949,2.8038692474365234,2.769040107727051,2.689809799194336,1.9485187530517578,1.9669218063354492,1.9600839614868164,2.0009641647338867,2.027970314025879,2.0470457077026367,2.026728630065918,1.9528388977050781,1.3949651718139648,1.402195930480957,1.4211797714233398,1.4364843368530273,1.4161558151245117,1.4733257293701172,1.466766357421875,1.3682794570922852
2100.5,5.517312049865723,5.655112266540527,5.667123794555664,5.730759620666504,5.827007293701172,5.787936210632324,5.758827209472656,5.590273857116699,3.9520483016967773,4.006355285644531,4.019647598266602,4.095916748046875,4.124622344970703,4.135881423950195,4.100666046142578,3.973947525024414,3.7415828704833984,3.820094108581543,3.8275957107543945,3.8768653869628906,3.8870315551757812,3.9196720123291016,3.9252548217773438,3.7596864700317383,2.6778650283813477,2.735555648803711,2.726198196411133,2.7773962020874023,2.7537994384765625,2.8112430572509766,2.7716903686523438,2.6883602142333984,1.9545707702636719,1.9723844528198242,1.9608755111694336,2.0055150985717773,2.0296239852905273,2.0535831451416016,2.0304393768310547,1.950026512145996,1.3993844985961914,1.4057493209838867,1.4257593154907227,1.439967155456543,1.418111801147461,1.4771146774291992,1.4694929122924805,1.365635871887207
2101.5,5.5336103439331055,5.668734550476074,5.67955207824707,5.7420549392700195,5.835607528686523,5.801784515380859,5.762669563293457,5.586688995361328,3.962639808654785,4.015970230102539,4.027931213378906,4.104440689086914,4.130885124206543,4.145674705505371,4.104113578796387,3.971430778503418,3.752847671508789,3.8296899795532227,3.8366098403930664,3.88458251953125,3.892026901245117,3.929232597351074,3.9284000396728516,3.7563562393188477,2.685521125793457,2.741739273071289,2.73150634765625,2.7826967239379883,2.757720947265625,2.8200387954711914,2.7729902267456055,2.6863670349121094,1.9601688385009766,1.9769392013549805,1.960270881652832,2.0101423263549805,2.033205032348633,2.0601892471313477,2.031987190246582,1.947239875793457,1.4037656784057617,1.4090700149536133,1.4292173385620117,1.4430761337280273,1.4215888977050781,1.4819974899291992,1.4706649780273438,1.3625354766845703
2102.5,5.548678398132324,5.6826581954956055,5.689670562744141,5.752802848815918,5.842131614685059,5.814160346984863,5.76731014251709,5.582222938537598,3.9732789993286133,4.025724411010742,4.034782409667969,4.112421035766602,4.136285781860352,4.1555585861206055,4.107720375061035,3.9687910079956055,3.7631874084472656,3.8393983840942383,3.8434877395629883,3.891733169555664,3.8958330154418945,3.9381418228149414,3.9316883087158203,3.7533435821533203,2.6930341720581055,2.747800827026367,2.736858367919922,2.7878847122192383,2.7604103088378906,2.8292455673217773,2.774855613708496,2.6844701766967773,1.965576171875,1.9820871353149414,1.958806037902832,2.0139551162719727,2.035411834716797,2.066011428833008,2.034029006958008,1.9442815780639648,1.4082708358764648,1.4122190475463867,1.4324769973754883,1.4460077285766602,1.4232168197631836,1.4872255325317383,1.4722814559936523,1.3597517013549805
2103.5,5.563006401062012,5.695511817932129,5.699241638183594,5.762534141540527,5.848587989807129,5.823604583740234,5.7713212966918945,5.576306343078613,3.98275089263916,4.0350799560546875,4.040796279907227,4.119205474853516,4.142022132873535,4.163994789123535,4.110324859619141,3.9654035568237305,3.7729663848876953,3.848330497741699,3.8498544692993164,3.8979663848876953,3.9002180099487305,3.945816993713379,3.9358644485473633,3.7501697540283203,2.6998777389526367,2.753986358642578,2.7405357360839844,2.7923154830932617,2.7636566162109375,2.8359880447387695,2.7771100997924805,2.6824798583984375,1.9699115753173828,1.9867029190063477,1.9572019577026367,2.017979621887207,2.037799835205078,2.0709123611450195,2.0366010665893555,1.9405584335327148,1.4116430282592773,1.415705680847168,1.4353551864624023,1.448348045349121,1.4260358810424805,1.4914360046386719,1.475203514099121,1.355576515197754
2104.5,5.575753211975098,5.707871437072754,5.709346771240234,5.77133846282959,5.854579925537109,5.832755088806152,5.774518013000488,5.570346832275391,3.9918603897094727,4.043933868408203,4.04722785949707,4.125703811645508,4.147037506103516,4.173168182373047,4.1136980056762695,3.9618358612060547,3.7821102142333984,3.8567380905151367,3.8560361862182617,3.903484344482422,3.904454231262207,3.9547901153564453,3.9390182495117188,3.748019218444824,2.706170082092285,2.7600784301757812,2.745779037475586,2.7958765029907227,2.766094207763672,2.842576026916504,2.7792882919311523,2.6815147399902344,1.9747257232666016,1.9916200637817383,1.9553442001342773,2.021376609802246,2.039353370666504,2.075550079345703,2.0402965545654297,1.9382543563842773,1.4154863357543945,1.4192686080932617,1.439223289489746,1.4505414962768555,1.4273786544799805,1.4968290328979492,1.4781770706176758,1.3517942428588867
2105.5,5.58896541595459,5.719939231872559,5.717325210571289,5.779210090637207,5.8599853515625,5.840057373046875,5.7779693603515625,5.56512451171875,4.001467704772949,4.053110122680664,4.052759170532227,4.132123947143555,4.151165008544922,4.179490089416504,4.117031097412109,3.9604244232177734,3.7913894653320312,3.86501407623291,3.8617963790893555,3.9090614318847656,3.9079065322875977,3.961963653564453,3.941958427429199,3.747378349304199,2.7125043869018555,2.765848159790039,2.749927520751953,2.7994680404663086,2.768953323364258,2.8475303649902344,2.780641555786133,2.6820068359375,1.9783477783203125,1.9961175918579102,1.9525861740112305,2.024651527404785,2.041214942932129,2.078810691833496,2.042208671569824,1.9379100799560547,1.4184293746948242,1.4228105545043945,1.4418001174926758,1.4532251358032227,1.4295759201049805,1.5003442764282227,1.4805412292480469,1.3497438430786133
2106.5,5.601227760314941,5.7307634353637695,5.725248336791992,5.7863054275512695,5.865365028381348,5.849595069885254,5.782617568969727,5.559723854064941,4.0094499588012695,4.061342239379883,4.058837890625,4.138090133666992,4.15582275390625,4.1876220703125,4.1204023361206055,3.9592514038085938,3.7995738983154297,3.872891426086426,3.8670854568481445,3.9136714935302734,3.9111433029174805,3.9693174362182617,3.945859909057617,3.746671676635742,2.7183637619018555,2.7712860107421875,2.7541942596435547,2.8030385971069336,2.7711219787597656,2.8527908325195312,2.782780647277832,2.681715965270996,1.9822406768798828,2.000391960144043,1.9484128952026367,2.027064323425293,2.0423059463500977,2.0828075408935547,2.045535087585449,1.93841552734375,1.421586036682129,1.4257726669311523,1.4446401596069336,1.4555788040161133,1.431349754333496,1.5057315826416016,1.4836492538452148,1.3475141525268555
2107.5,5.613043785095215,5.7414350509643555,5.734373092651367,5.794146537780762,5.870551109313965,5.859888076782227,5.786821365356445,5.554283142089844,4.017668724060059,4.06873893737793,4.064857482910156,4.144262313842773,4.158957481384277,4.195610046386719,4.123795509338379,3.9590978622436523,3.8077754974365234,3.880202293395996,3.8737707138061523,3.9186553955078125,3.9132957458496094,3.976616859436035,3.948967933654785,3.746607780456543,2.723599433898926,2.7761993408203125,2.758260726928711,2.8064470291137695,2.7732295989990234,2.8589649200439453,2.7854700088500977,2.681746482849121,1.9860591888427734,2.0040712356567383,1.9458703994750977,2.029994010925293,2.0438594818115234,2.0853586196899414,2.0481529235839844,1.938669204711914,1.4245882034301758,1.428563117980957,1.447260856628418,1.4584417343139648,1.4334163665771484,1.510178565979004,1.4866609573364258,1.3457632064819336
2108.5,5.624442100524902,5.751589775085449,5.74249267578125,5.801304817199707,5.875090599060059,5.869565010070801,5.790572166442871,5.549603462219238,4.025965690612793,4.076244354248047,4.067840576171875,4.150064468383789,4.161779403686523,4.201958656311035,4.127540588378906,3.959170341491699,3.8157482147216797,3.887423515319824,3.877366065979004,3.9237918853759766,3.914440155029297,3.982919692993164,3.9527063369750977,3.746166229248047,2.7289228439331055,2.7809906005859375,2.760141372680664,2.8096704483032227,2.7738265991210938,2.864675521850586,2.78780460357666,2.6809768676757812,1.9901199340820312,2.0076303482055664,1.942305564880371,2.033249855041504,2.0442304611206055,2.0878210067749023,2.0510435104370117,1.9382915496826172,1.4279375076293945,1.4312734603881836,1.4470911026000977,1.461674690246582,1.4339733123779297,1.514566421508789,1.4886770248413086,1.3450546264648438
2109.5,5.635930061340332,5.7609758377075195,5.7496337890625,5.809924125671387,5.880130767822266,5.878365516662598,5.7939558029174805,5.544644355773926,4.034008979797363,4.082780838012695,4.070426940917969,4.156126022338867,4.164216995239258,4.207975387573242,4.131020545959473,3.957016944885254,3.8234691619873047,3.8936033248901367,3.8809022903442383,3.9289684295654297,3.916337013244629,3.9892873764038086,3.9558944702148438,3.743602752685547,2.7340002059936523,2.7849998474121094,2.76220703125,2.8132734298706055,2.7741270065307617,2.869784355163574,2.7903757095336914,2.678861618041992,1.99420166015625,2.011002540588379,1.9407835006713867,2.036604881286621,2.0446300506591797,2.091218948364258,2.054377555847168,1.9365949630737305,1.4308671951293945,1.432967185974121,1.447157859802246,1.4638967514038086,1.4340877532958984,1.518484115600586,1.4913005828857422,1.3429155349731445
2110.5,5.646784782409668,5.7707109451293945,5.757040023803711,5.816962242126465,5.8856201171875,5.888435363769531,5.797246932983398,5.540544509887695,4.041260719299316,4.090471267700195,4.074657440185547,4.162090301513672,4.166759490966797,4.213582992553711,4.133709907531738,3.9552106857299805,3.830211639404297,3.900702476501465,3.8847570419311523,3.9344444274902344,3.9183483123779297,3.9950485229492188,3.958545684814453,3.741715431213379,2.7387800216674805,2.789989471435547,2.7642154693603516,2.8162622451782227,2.7751541137695312,2.874087333679199,2.791492462158203,2.6783390045166016,1.9974861145019531,2.014641761779785,1.9399023056030273,2.04006290435791,2.0452661514282227,2.094797134399414,2.056748390197754,1.9352140426635742,1.4339017868041992,1.4362707138061523,1.4479265213012695,1.465926170349121,1.435232162475586,1.5220260620117188,1.492915153503418,1.3404674530029297
2111.5,5.657004356384277,5.779360771179199,5.763477325439453,5.824404716491699,5.889494895935059,5.899645805358887,5.801878929138184,5.536532402038574,4.0489397048950195,4.096532821655273,4.0791168212890625,4.167768478393555,4.168763160705566,4.21938419342041,4.137716293334961,3.953242301940918,3.8369102478027344,3.906989097595215,3.8886003494262695,3.9397354125976562,3.920781135559082,4.001430511474609,3.961994171142578,3.73822021484375,2.74337100982666,2.7940330505371094,2.7662792205810547,2.81966495513916,2.775259017944336,2.8787755966186523,2.793940544128418,2.67775821685791,2.0007266998291016,2.017745018005371,1.9395475387573242,2.0433359146118164,2.0453357696533203,2.0997562408447266,2.0602340698242188,1.9325456619262695,1.436905860900879,1.4388189315795898,1.4489355087280273,1.4678068161010742,1.435760498046875,1.5255842208862305,1.4946041107177734,1.3384943008422852
2112.5,5.667218208312988,5.789095878601074,5.7699432373046875,5.830357551574707,5.8942461013793945,5.912342071533203,5.805691719055176,5.53218936920166,4.056845664978027,4.103425979614258,4.0841064453125,4.172458648681641,4.171950340270996,4.226788520812988,4.140966415405273,3.951448440551758,3.844348907470703,3.913712501525879,3.8931665420532227,3.9439029693603516,3.923586845397949,4.007931709289551,3.9660863876342773,3.7353944778442383,2.748183250427246,2.7991714477539062,2.769378662109375,2.822211265563965,2.77652645111084,2.8841047286987305,2.7967987060546875,2.6764955520629883,2.0045833587646484,2.022067070007324,1.9398736953735352,2.046420097351074,2.04547119140625,2.1037378311157227,2.063779830932617,1.9304828643798828,1.4399003982543945,1.4420156478881836,1.4504976272583008,1.469660758972168,1.4371471405029297,1.5299701690673828,1.4968233108520508,1.3360052108764648
2113.5,5.677496910095215,5.798092842102051,5.776472091674805,5.836508750915527,5.89852237701416,5.924655914306641,5.80989933013916,5.526845932006836,4.064179420471191,4.109832763671875,4.089534759521484,4.17689323425293,4.175464630126953,4.234482765197754,4.144863128662109,3.9488353729248047,3.851747512817383,3.919955253601074,3.898371696472168,3.9478588104248047,3.925896644592285,4.0145063400268555,3.9694137573242188,3.732959747314453,2.753239631652832,2.8034496307373047,2.772378921508789,2.8251428604125977,2.7775650024414062,2.8901500701904297,2.798975944519043,2.6753435134887695,2.0083694458007812,2.0260019302368164,1.9401540756225586,2.0483598709106445,2.04583740234375,2.1067981719970703,2.067294120788574,1.9290952682495117,1.4426450729370117,1.444779396057129,1.4524621963500977,1.470973014831543,1.437779426574707,1.5349531173706055,1.4991340637207031,1.3335542678833008
2114.5,5.687314033508301,5.807168006896973,5.782596588134766,5.842246055603027,5.902176856994629,5.934832572937012,5.815029144287109,5.522871017456055,4.071442604064941,4.1164398193359375,4.0944976806640625,4.181516647338867,4.178561210632324,4.2404632568359375,4.14906120300293,3.946761131286621,3.8587589263916016,3.9258432388305664,3.90311336517334,3.9516525268554688,3.927090644836426,4.020105361938477,3.973689079284668,3.731492042541504,2.757815361022949,2.807647705078125,2.775197982788086,2.8280229568481445,2.778827667236328,2.895771026611328,2.801527976989746,2.6743669509887695,2.0116329193115234,2.0297651290893555,1.940443992614746,2.0505895614624023,2.045720100402832,2.109189033508301,2.069639205932617,1.9278993606567383,1.4454355239868164,1.4477014541625977,1.4542245864868164,1.4728517532348633,1.4387845993041992,1.539632797241211,1.5008583068847656,1.3312320709228516
2115.5,5.696961402893066,5.815264701843262,5.788928985595703,5.848557472229004,5.905510902404785,5.942941665649414,5.82078742980957,5.518877029418945,4.07840633392334,4.121654510498047,4.099346160888672,4.186376571655273,4.182028770446777,4.245399475097656,4.153726577758789,3.9451961517333984,3.864919662475586,3.931180000305176,3.907902717590332,3.9556884765625,3.928424835205078,4.026488304138184,3.9787912368774414,3.7307558059692383,2.761857032775879,2.811704635620117,2.7781620025634766,2.831498146057129,2.780078887939453,2.90163516998291,2.8054704666137695,2.6734609603881836,2.0146312713623047,2.032698631286621,1.9407033920288086,2.053036689758301,2.045252799987793,2.112581253051758,2.0730934143066406,1.926976203918457,1.448054313659668,1.4497194290161133,1.4558820724487305,1.475754737854004,1.439620018005371,1.5432443618774414,1.5029735565185547,1.3294095993041992
2116.5,5.706112861633301,5.824603080749512,5.794912338256836,5.855286598205566,5.909515380859375,5.950284957885742,5.826692581176758,5.514623641967773,4.085309028625488,4.128175735473633,4.103660583496094,4.1912384033203125,4.186000823974609,4.251592636108398,4.157565116882324,3.9430112838745117,3.8712806701660156,3.937737464904785,3.9115495681762695,3.959901809692383,3.9301137924194336,4.033857345581055,3.983213424682617,3.7290000915527344,2.765833854675293,2.8159217834472656,2.7807998657226562,2.8353261947631836,2.7814226150512695,2.908740997314453,2.808412551879883,2.6723222732543945,2.0174922943115234,2.0359010696411133,1.9408273696899414,2.055190086364746,2.0457000732421875,2.116973876953125,2.0761728286743164,1.925933837890625,1.450455665588379,1.452073097229004,1.4572458267211914,1.4780511856079102,1.4411497116088867,1.5465316772460938,1.505183219909668,1.327500343322754
2117.5,5.715527534484863,5.832230567932129,5.801933288574219,5.862444877624512,5.914507865905762,5.957211494445801,5.831774711608887,5.510994911193848,4.091788291931152,4.133710861206055,4.108440399169922,4.196784973144531,4.189949989318848,4.258908271789551,4.162237167358398,3.940887451171875,3.8777732849121094,3.9429330825805664,3.91561222076416,3.964221954345703,3.9317970275878906,4.040946006774902,3.9877023696899414,3.726071357727051,2.7703065872192383,2.819774627685547,2.7839431762695312,2.838486671447754,2.783339500427246,2.9156932830810547,2.8104419708251953,2.670686721801758,2.0211238861083984,2.03896427154541,1.9420957565307617,2.058474540710449,2.0454931259155273,2.1209850311279297,2.0794239044189453,1.9243087768554688,1.4529809951782227,1.4544153213500977,1.459254264831543,1.481520652770996,1.4435558319091797,1.5483131408691406,1.5069093704223633,1.3241949081420898
2118.5,5.724696159362793,5.840493202209473,5.807964324951172,5.86887264251709,5.9200286865234375,5.963138580322266,5.836777687072754,5.507567405700684,4.098511695861816,4.140214920043945,4.112201690673828,4.202293395996094,4.193511962890625,4.2662506103515625,4.1669769287109375,3.938814163208008,3.8842620849609375,3.949040412902832,3.9190187454223633,3.9686946868896484,3.9340248107910156,4.048130989074707,3.991769790649414,3.723982810974121,2.7747488021850586,2.8243637084960938,2.7862548828125,2.841860771179199,2.78525447845459,2.922236442565918,2.8132686614990234,2.669339179992676,2.0246829986572266,2.041567802429199,1.9434270858764648,2.061343193054199,2.045477867126465,2.1251277923583984,2.082399368286133,1.9224224090576172,1.4553613662719727,1.4568872451782227,1.4611101150512695,1.4838495254516602,1.4453954696655273,1.549041748046875,1.5096092224121094,1.3217926025390625
2119.5,5.734410285949707,5.848422050476074,5.8143768310546875,5.875401496887207,5.925307273864746,5.968338966369629,5.842557907104492,5.5037689208984375,4.10489559173584,4.145071029663086,4.115917205810547,4.207366943359375,4.1977996826171875,4.273659706115723,4.172443389892578,3.93660831451416,3.890016555786133,3.9535837173461914,3.922663688659668,3.9728832244873047,3.9377050399780273,4.055593490600586,3.9972429275512695,3.722869873046875,2.7793703079223633,2.8273582458496094,2.7882766723632812,2.8444643020629883,2.7874765396118164,2.928712844848633,2.816751480102539,2.667795181274414,2.0278491973876953,2.0441980361938477,1.944716453552246,2.06453800201416,2.047360420227051,2.128687858581543,2.0865650177001953,1.9202642440795898,1.457566261291504,1.4585790634155273,1.4626970291137695,1.4862375259399414,1.4469003677368164,1.5518608093261719,1.5126771926879883,1.3195934295654297
2120.5,5.743630409240723,5.857419013977051,5.820301055908203,5.881789207458496,5.931120872497559,5.974148750305176,5.847621917724609,5.49962043762207,4.111750602722168,4.151315689086914,4.119407653808594,4.213197708129883,4.202053070068359,4.281256675720215,4.177328109741211,3.9346513748168945,3.8969688415527344,3.9598817825317383,3.925816535949707,3.977153778076172,3.9413414001464844,4.062231063842773,4.002296447753906,3.7209959030151367,2.784186363220215,2.832338333129883,2.7904300689697266,2.847783088684082,2.789306640625,2.934663772583008,2.8198280334472656,2.6664209365844727,2.0316543579101562,2.0473623275756836,1.946406364440918,2.0667505264282227,2.0475893020629883,2.1327104568481445,2.0903215408325195,1.9173355102539062,1.4602079391479492,1.4612836837768555,1.4642610549926758,1.4876317977905273,1.447098731994629,1.5553808212280273,1.5156927108764648,1.317525863647461
2121.5,5.752697944641113,5.865464210510254,5.825681686401367,5.888726234436035,5.937366485595703,5.982071876525879,5.852974891662598,5.497486114501953,4.118098258972168,4.15650749206543,4.1223297119140625,4.218677520751953,4.2075958251953125,4.287863731384277,4.1819562911987305,3.9344701766967773,3.9031009674072266,3.964968681335449,3.9286909103393555,3.9817123413085938,3.945352554321289,4.068767547607422,4.006991386413574,3.7212066650390625,2.788449287414551,2.8362770080566406,2.7921924591064453,2.8517160415649414,2.791471481323242,2.9396305084228516,2.8221616744995117,2.6661767959594727,2.034646987915039,2.050379753112793,1.9480562210083008,2.0696001052856445,2.050373077392578,2.135787010192871,2.094379425048828,1.9156160354614258,1.4623174667358398,1.4632844924926758,1.4649934768676758,1.4900922775268555,1.4472856521606445,1.5590620040893555,1.5171566009521484,1.3161125183105469
2122.5,5.761298179626465,5.87375545501709,5.831754684448242,5.894814491271973,5.942811012268066,5.992405891418457,5.858930587768555,5.496485710144043,4.123808860778809,4.161859512329102,4.12586784362793,4.223367691040039,4.211174011230469,4.296206474304199,4.1868438720703125,3.935476303100586,3.9087581634521484,3.970656394958496,3.93173885345459,3.9857635498046875,3.9477615356445312,4.075471878051758,4.011432647705078,3.722384452819824,2.792647361755371,2.8406753540039062,2.794790267944336,2.855034828186035,2.7933263778686523,2.9458513259887695,2.8250417709350586,2.6668787002563477,2.0374679565429688,2.0528554916381836,1.9500322341918945,2.0719728469848633,2.0526866912841797,2.139134407043457,2.097991943359375,1.915165901184082,1.4645586013793945,1.465571403503418,1.4666471481323242,1.4918451309204102,1.4477252960205078,1.5639762878417969,1.5187692642211914,1.315505027770996
2123.5,5.769904136657715,5.881096839904785,5.837730407714844,5.902407646179199,5.948705673217773,6.00218391418457,5.86728572845459,5.495528221130371,4.129759788513184,4.167045593261719,4.130027770996094,4.229391098022461,4.214700698852539,4.303428649902344,4.192017555236816,3.935513496398926,3.9137840270996094,3.975600242614746,3.9353017807006836,3.990772247314453,3.950368881225586,4.081160545349121,4.0165205001831055,3.7221603393554688,2.796322822570801,2.8446884155273438,2.7979736328125,2.8589982986450195,2.7956018447875977,2.9515066146850586,2.828864097595215,2.666898727416992,2.040353775024414,2.055331230163574,1.9520750045776367,2.0747385025024414,2.055011749267578,2.141787528991699,2.102473258972168,1.9136743545532227,1.466740608215332,1.467514991760254,1.4678678512573242,1.494400978088379,1.4486370086669922,1.5679187774658203,1.521620750427246,1.3142337799072266
2124.5,5.7783708572387695,5.8899641036987305,5.843984603881836,5.908677101135254,5.956490516662598,6.012945175170898,5.875506401062012,5.494134902954102,4.1353960037231445,4.172151565551758,4.13361930847168,4.233850479125977,4.218968391418457,4.311548233032227,4.19795036315918,3.935029983520508,3.9196701049804688,3.98184871673584,3.939244270324707,3.994688034057617,3.954604148864746,4.088237762451172,4.021736145019531,3.721567153930664,2.8007307052612305,2.8487796783447266,2.80120849609375,2.862093925476074,2.798211097717285,2.9577579498291016,2.83388614654541,2.666348457336426,2.0430469512939453,2.059023857116699,1.9540586471557617,2.0767107009887695,2.0567846298217773,2.146137237548828,2.106747627258301,1.912428855895996,1.4684553146362305,1.4702253341674805,1.4697084426879883,1.496302604675293,1.4504718780517578,1.5728435516357422,1.5253572463989258,1.3128786087036133
2125.5,5.786826133728027,5.897738456726074,5.850255966186523,5.9156999588012695,5.964366912841797,6.022801399230957,5.882433891296387,5.492901802062988,4.141100883483887,4.1776275634765625,4.137691497802734,4.239662170410156,4.223234176635742,4.317962646484375,4.203245162963867,3.935614585876465,3.924602508544922,3.9879369735717773,3.943087577819824,3.999044418334961,3.959822654724121,4.094717025756836,4.025519371032715,3.721468925476074,2.8043127059936523,2.8526382446289062,2.803783416748047,2.8652963638305664,2.801349639892578,2.963165283203125,2.837672233581543,2.6663808822631836,2.0456199645996094,2.0626344680786133,1.9554224014282227,2.079134941101074,2.0580644607543945,2.1509227752685547,2.1097164154052734,1.913884162902832,1.4704389572143555,1.472752571105957,1.4713201522827148,1.4984064102172852,1.4533500671386719,1.5768070220947266,1.5288925170898438,1.3118915557861328
2126.5,5.79508113861084,5.906552314758301,5.856466293334961,5.922451972961426,5.971948623657227,6.033022880554199,5.889677047729492,5.492574691772461,4.146574974060059,4.183391571044922,4.141939163208008,4.2442169189453125,4.227296829223633,4.325776100158691,4.2091264724731445,3.9368743896484375,3.9301280975341797,3.994502067565918,3.9470109939575195,4.00337028503418,3.9641904830932617,4.102292060852051,4.031033515930176,3.7219839096069336,2.8077611923217773,2.8568553924560547,2.80718994140625,2.868100166320801,2.8040599822998047,2.969151496887207,2.8425607681274414,2.6668405532836914,2.048124313354492,2.0652685165405273,1.9570074081420898,2.0816354751586914,2.059197425842285,2.1563758850097656,2.1128063201904297,1.9160127639770508,1.4721002578735352,1.4746828079223633,1.4729528427124023,1.5003957748413086,1.4562139511108398,1.5817089080810547,1.5319890975952148,1.3107004165649414
2127.5,5.8033647537231445,5.91373348236084,5.863153457641602,5.929276466369629,5.980777740478516,6.043526649475098,5.897104263305664,5.492284774780273,4.151823997497559,4.187894821166992,4.1467742919921875,4.248981475830078,4.233248710632324,4.333737373352051,4.216573715209961,3.938405990600586,3.934446334838867,3.9996767044067383,3.951399803161621,4.00724983215332,3.9687271118164062,4.109659194946289,4.037314414978027,3.722719192504883,2.811141014099121,2.8599987030029297,2.810392379760742,2.8710947036743164,2.8063840866088867,2.9750795364379883,2.84686279296875,2.668031692504883,2.050912857055664,2.067807197570801,1.9583940505981445,2.0842370986938477,2.0610809326171875,2.160219192504883,2.116535186767578,1.9183931350708008,1.4739675521850586,1.476271629333496,1.474278450012207,1.5023603439331055,1.4602546691894531,1.5862665176391602,1.5351753234863281,1.3100910186767578
2128.5,5.8111772537231445,5.921263694763184,5.869935989379883,5.936554908752441,5.988382339477539,6.053679466247559,5.905594825744629,5.492671012878418,4.157736778259277,4.193046569824219,4.151649475097656,4.254539489746094,4.238448143005371,4.341586112976074,4.2245073318481445,3.9391231536865234,3.9399490356445312,4.004748344421387,3.9560232162475586,4.012022018432617,3.9723873138427734,4.115904808044434,4.04398250579834,3.7239389419555664,2.81447696685791,2.863861083984375,2.813812255859375,2.874478340148926,2.80831241607666,2.980618476867676,2.8519344329833984,2.668745994567871,2.052715301513672,2.0703821182250977,1.9596986770629883,2.0862035751342773,2.0620908737182617,2.1629724502563477,2.1207971572875977,1.9197158813476562,1.4753694534301758,1.4779081344604492,1.4754343032836914,1.5044984817504883,1.4638175964355469,1.5903778076171875,1.5398626327514648,1.310471534729004
2129.5,5.8193559646606445,5.928887367248535,5.875844955444336,5.9441633224487305,5.99544620513916,6.062577247619629,5.912984848022461,5.4931640625,4.1630659103393555,4.197582244873047,4.156246185302734,4.259784698486328,4.243511199951172,4.348952293395996,4.231406211853027,3.941652297973633,3.9449996948242188,4.010048866271973,3.9605207443237305,4.016321182250977,3.974945068359375,4.120916366577148,4.0483293533325195,3.725489616394043,2.818068504333496,2.8673458099365234,2.817319869995117,2.878018379211426,2.8106250762939453,2.98486328125,2.8553504943847656,2.669248580932617,2.055438995361328,2.0729188919067383,1.9605493545532227,2.0882654190063477,2.0637617111206055,2.1660900115966797,2.12325382232666,1.9196252822875977,1.4771852493286133,1.4796724319458008,1.4767942428588867,1.506831169128418,1.4655132293701172,1.593576431274414,1.5430688858032227,1.3103179931640625
2130.5,5.827462196350098,5.93654727935791,5.882761001586914,5.950980186462402,6.002188682556152,6.072115898132324,5.920007705688477,5.494278907775879,4.168370246887207,4.202592849731445,4.161165237426758,4.265291213989258,4.247549057006836,4.357268333435059,4.237855911254883,3.943659782409668,3.950122833251953,4.015067100524902,3.9653615951538086,4.020402908325195,3.9772167205810547,4.127793312072754,4.053668022155762,3.7264394760131836,2.8211565017700195,2.8707237243652344,2.8212814331054688,2.8806276321411133,2.8125858306884766,2.990450859069824,2.8582420349121094,2.6693830490112305,2.0573768615722656,2.075343132019043,1.9622793197631836,2.089694023132324,2.0651779174804688,2.1700305938720703,2.126310348510742,1.9177045822143555,1.4788732528686523,1.4812746047973633,1.478224754333496,1.5083074569702148,1.465576171875,1.5982885360717773,1.5467300415039062,1.3104076385498047
2131.5,5.835597038269043,5.944058418273926,5.889045715332031,5.958916664123535,6.010115623474121,6.081841468811035,5.927084922790527,5.494631767272949,4.173317909240723,4.207574844360352,4.165922164916992,4.271303176879883,4.253304481506348,4.365078926086426,4.244293212890625,3.944521903991699,3.954946517944336,4.020113945007324,3.9700937271118164,4.024913787841797,3.9807205200195312,4.134645462036133,4.060563087463379,3.7268362045288086,2.8243703842163086,2.874408721923828,2.8247337341308594,2.88400936126709,2.81478214263916,2.996397018432617,2.8622636795043945,2.6689891815185547,2.059490203857422,2.0779829025268555,1.9640073776245117,2.092196464538574,2.066229820251465,2.1749677658081055,2.130526542663574,1.9147729873657227,1.4806203842163086,1.4835500717163086,1.4794092178344727,1.5104265213012695,1.466507911682129,1.602187156677246,1.5502090454101562,1.3097963333129883
2132.5,5.8438825607299805,5.951102256774902,5.895578384399414,5.965392112731934,6.019258499145508,6.090357780456543,5.934703826904297,5.496060371398926,4.178643226623535,4.2122344970703125,4.169914245605469,4.276424407958984,4.259172439575195,4.373134613037109,4.250789642333984,3.946356773376465,3.9599246978759766,4.024916648864746,3.97482967376709,4.028911590576172,3.9846181869506836,4.142393112182617,4.066917419433594,3.7271642684936523,2.82816219329834,2.8776512145996094,2.827545166015625,2.886956214904785,2.816944122314453,3.0019683837890625,2.8666696548461914,2.669621467590332,2.062061309814453,2.08059024810791,1.9656133651733398,2.0943479537963867,2.0667638778686523,2.1800642013549805,2.135416030883789,1.9126834869384766,1.482151985168457,1.4852476119995117,1.4803743362426758,1.5117788314819336,1.4678497314453125,1.6068668365478516,1.5525360107421875,1.3092107772827148
2133.5,5.852147102355957,5.957945823669434,5.902740478515625,5.972607612609863,6.0279130935668945,6.0981645584106445,5.942296981811523,5.4981231689453125,4.183770179748535,4.216922760009766,4.174690246582031,4.282470703125,4.265216827392578,4.381559371948242,4.255997657775879,3.947911262512207,3.9647579193115234,4.029858589172363,3.9802846908569336,4.033180236816406,3.9893646240234375,4.151152610778809,4.072110176086426,3.727201461791992,2.8314218521118164,2.880706787109375,2.830873489379883,2.890122413635254,2.8189077377319336,3.007380485534668,2.8702707290649414,2.6694564819335938,2.0644092559814453,2.0829782485961914,1.9685583114624023,2.096463203430176,2.0686559677124023,2.184807777404785,2.139200210571289,1.912064552307129,1.4841012954711914,1.486943244934082,1.481612205505371,1.5140619277954102,1.4705381393432617,1.6113786697387695,1.5539741516113281,1.3082208633422852
2134.5,5.8606977462768555,5.965001106262207,5.909517288208008,5.980107307434082,6.0371809005737305,6.105034828186035,5.94979190826416,5.50101375579834,4.188906669616699,4.22163200378418,4.179159164428711,4.287797927856445,4.270524024963379,4.389178276062012,4.261628150939941,3.949739456176758,3.969545364379883,4.034794807434082,3.9856786727905273,4.037563323974609,3.9941864013671875,4.158685684204102,4.077777862548828,3.728252410888672,2.8348894119262695,2.883638381958008,2.8338871002197266,2.893345832824707,2.821378707885742,3.011601448059082,2.8735570907592773,2.6707305908203125,2.0667266845703125,2.0851049423217773,1.9715051651000977,2.0987424850463867,2.071843147277832,2.189004898071289,2.142932891845703,1.913116455078125,1.485783576965332,1.4885759353637695,1.4828882217407227,1.515955924987793,1.4738922119140625,1.6159029006958008,1.5569915771484375,1.3077278137207031
2135.5,5.868517875671387,5.972184181213379,5.915891647338867,5.987248420715332,6.046785354614258,6.112401962280273,5.957286834716797,5.503579139709473,4.193591117858887,4.226264953613281,4.183448791503906,4.293712615966797,4.274529457092285,4.395435333251953,4.267050743103027,3.952010154724121,3.973825454711914,4.040047645568848,3.990574836730957,4.041782379150391,3.999103546142578,4.166142463684082,4.083597183227539,3.729588508605957,2.837754249572754,2.8866920471191406,2.8371429443359375,2.8964319229125977,2.8243637084960938,3.015544891357422,2.877002716064453,2.6710901260375977,2.0684986114501953,2.087496757507324,1.9738740921020508,2.1013174057006836,2.0751523971557617,2.192716598510742,2.1477508544921875,1.9147281646728516,1.4866666793823242,1.4903631210327148,1.483668327331543,1.517582893371582,1.4768962860107422,1.6204767227172852,1.5604972839355469,1.3071670532226562
2136.5,5.876866340637207,5.978821754455566,5.922098159790039,5.995297431945801,6.0548810958862305,6.1192121505737305,5.964262008666992,5.505997657775879,4.198576927185059,4.230627059936523,4.187562942504883,4.299861907958984,4.277732849121094,4.4019269943237305,4.2713727951049805,3.953946113586426,3.978557586669922,4.044934272766113,3.995266914367676,4.046867370605469,4.002836227416992,4.172499656677246,4.089763641357422,3.7315053939819336,2.8408632278442383,2.8898448944091797,2.8404884338378906,2.900446891784668,2.827625274658203,3.018606185913086,2.88051700592041,2.671609878540039,2.070667266845703,2.0897722244262695,1.976515769958496,2.1039819717407227,2.077967643737793,2.1957693099975586,2.1522531509399414,1.9149656295776367,1.488327980041504,1.4919328689575195,1.4853582382202148,1.5197439193725586,1.4781312942504883,1.6249198913574219,1.564072608947754,1.3073740005493164
2137.5,5.885251045227051,5.985665321350098,5.928585052490234,6.003586769104004,6.062093734741211,6.125024795532227,5.971142768859863,5.509772300720215,4.203505516052246,4.234624862670898,4.191253662109375,4.306453704833984,4.281895637512207,4.408453941345215,4.275986671447754,3.956484794616699,3.9829978942871094,4.0498247146606445,3.9994096755981445,4.052330017089844,4.005145072937012,4.178552627563477,4.096160888671875,3.7342538833618164,2.843997001647949,2.8929710388183594,2.843830108642578,2.9050683975219727,2.8303699493408203,3.021559715270996,2.8839120864868164,2.6740360260009766,2.0729408264160156,2.0919198989868164,1.979121208190918,2.1078920364379883,2.079585075378418,2.1987485885620117,2.156585693359375,1.9154787063598633,1.489792823791504,1.4936838150024414,1.4863710403442383,1.522261619567871,1.4775705337524414,1.6286935806274414,1.5682592391967773,1.3085260391235352
2138.5,5.893511772155762,5.992575645446777,5.935503005981445,6.010985374450684,6.069507598876953,6.131781578063965,5.979192733764648,5.5132341384887695,4.208399772644043,4.238685607910156,4.195714950561523,4.311626434326172,4.287591934204102,4.415332794189453,4.281501770019531,3.9585084915161133,3.9875659942626953,4.054673194885254,4.0037736892700195,4.057014465332031,4.009645462036133,4.185152053833008,4.103372573852539,3.7374267578125,2.8470258712768555,2.895936965942383,2.846590042114258,2.9082136154174805,2.833759307861328,3.0248823165893555,2.8866119384765625,2.6759700775146484,2.075124740600586,2.0944318771362305,1.981532096862793,2.110293388366699,2.080049514770508,2.202760696411133,2.1614561080932617,1.9160175323486328,1.4913702011108398,1.4955663681030273,1.4874792098999023,1.524245262145996,1.4778738021850586,1.6326818466186523,1.5729904174804688,1.310159683227539
2139.5,5.901385307312012,5.999665260314941,5.942525863647461,6.018799781799316,6.079006195068359,6.137550354003906,5.987764358520508,5.515875816345215,4.213248252868652,4.242855072021484,4.200551986694336,4.316957473754883,4.293784141540527,4.422118186950684,4.2868146896362305,3.96002197265625,3.9920005798339844,4.05959415435791,4.008742332458496,4.062339782714844,4.0163726806640625,4.191667556762695,4.110576629638672,3.740549087524414,2.8499765396118164,2.8992691040039062,2.849344253540039,2.911614418029785,2.836625099182129,3.0278759002685547,2.889927864074707,2.679013252258301,2.0772132873535156,2.096898078918457,1.9838151931762695,2.113255500793457,2.0815610885620117,2.20684814453125,2.1648998260498047,1.9176054000854492,1.4926729202270508,1.4975957870483398,1.4887056350708008,1.5260553359985352,1.479787826538086,1.6360855102539062,1.5768241882324219,1.3115062713623047
2140.5,5.909371376037598,6.006096839904785,5.950164794921875,6.025452613830566,6.087197303771973,6.144713401794434,5.996359825134277,5.518160820007324,4.218157768249512,4.246814727783203,4.20538330078125,4.322002410888672,4.2972307205200195,4.429141044616699,4.292217254638672,3.961115837097168,3.996297836303711,4.063555717468262,4.013552665710449,4.066810607910156,4.020791053771973,4.198248863220215,4.11746883392334,3.7431745529174805,2.853034019470215,2.901721954345703,2.8520030975341797,2.9148340225219727,2.8381872177124023,3.0306520462036133,2.893338203430176,2.6815433502197266,2.0793380737304688,2.09848690032959,1.9856843948364258,2.115767478942871,2.0832672119140625,2.210611343383789,2.1679563522338867,1.9187002182006836,1.4942445755004883,1.4987974166870117,1.4902353286743164,1.5281801223754883,1.4822368621826172,1.6397104263305664,1.5806427001953125,1.3111515045166016
2141.5,5.917410850524902,6.013199806213379,5.957363128662109,6.032448768615723,6.0954437255859375,6.152864456176758,6.006734848022461,5.518069267272949,4.223021507263184,4.250919342041016,4.210414886474609,4.327383041381836,4.300379753112793,4.436591148376465,4.299807548522949,3.962736129760742,4.000728607177734,4.068066596984863,4.018706321716309,4.072118759155273,4.024858474731445,4.204220771789551,4.125480651855469,3.7447872161865234,2.8559980392456055,2.905202865600586,2.85528564453125,2.917660713195801,2.83994197845459,3.0341062545776367,2.898016929626465,2.683222770690918,2.0816078186035156,2.101132392883301,1.9882783889770508,2.11783504486084,2.084329605102539,2.2129602432250977,2.1729249954223633,1.9190282821655273,1.495844841003418,1.500758171081543,1.492222785949707,1.530238151550293,1.484135627746582,1.6431827545166016,1.5853614807128906,1.309800148010254
2142.5,5.925671577453613,6.0198869705200195,5.965448379516602,6.039362907409668,6.1030426025390625,6.162032127380371,6.017193794250488,5.51832389831543,4.22806453704834,4.254877090454102,4.216400146484375,4.332151412963867,4.303365707397461,4.4439496994018555,4.308310508728027,3.964862823486328,4.005350112915039,4.072373390197754,4.0243940353393555,4.076677322387695,4.027414321899414,4.209917068481445,4.133816719055176,3.745436668395996,2.859177589416504,2.9077415466308594,2.8595008850097656,2.9204530715942383,2.8412818908691406,3.038393020629883,2.902419090270996,2.6830615997314453,2.084005355834961,2.1034631729125977,1.991480827331543,2.1200857162475586,2.0848770141601562,2.2160911560058594,2.178534507751465,1.91802978515625,1.4974584579467773,1.5026006698608398,1.494338035583496,1.532404899597168,1.4841375350952148,1.6470212936401367,1.5908994674682617,1.3088359832763672
2143.5,5.933627128601074,6.0265302658081055,5.973257064819336,6.046141624450684,6.110587120056152,6.173098564147949,6.027463912963867,5.52030086517334,4.232806205749512,4.258955001831055,4.221807479858398,4.336688995361328,4.308063507080078,4.451432228088379,4.315032958984375,3.9664220809936523,4.009786605834961,4.076947212219238,4.030154228210449,4.081289291381836,4.029874801635742,4.215985298156738,4.142313003540039,3.7466297149658203,2.862290382385254,2.9106369018554688,2.863901138305664,2.9230871200561523,2.8437585830688477,3.0426206588745117,2.907790184020996,2.6839685440063477,2.086465835571289,2.105952262878418,1.9950971603393555,2.1215009689331055,2.08400821685791,2.2199087142944336,2.183614730834961,1.9164934158325195,1.4991426467895508,1.5046262741088867,1.496546745300293,1.5341100692749023,1.4833402633666992,1.6507787704467773,1.595860481262207,1.3074684143066406
2144.5,5.9416704177856445,6.03310489654541,5.980976104736328,6.0532941818237305,6.118389129638672,6.1838178634643555,6.036669731140137,5.521437644958496,4.237616539001465,4.262884140014648,4.226171493530273,4.341587066650391,4.313455581665039,4.459127426147461,4.322112083435059,3.9670286178588867,4.0143890380859375,4.081330299377441,4.034613609313965,4.0860748291015625,4.034381866455078,4.222204208374023,4.150229454040527,3.747757911682129,2.86544132232666,2.913982391357422,2.867298126220703,2.925948143005371,2.8462066650390625,3.047212600708008,2.9136667251586914,2.684800148010254,2.0890274047851562,2.108090400695801,1.9971952438354492,2.123623847961426,2.084774971008301,2.223459243774414,2.189319610595703,1.915287971496582,1.5007715225219727,1.506516456604004,1.4970502853393555,1.536452293395996,1.4833908081054688,1.6554594039916992,1.600367546081543,1.305694580078125
2145.5,5.949761390686035,6.0391130447387695,5.987852096557617,6.060515403747559,6.125731468200684,6.194703102111816,6.046689033508301,5.5231428146362305,4.242424964904785,4.266939163208008,4.23100471496582,4.347768783569336,4.317592620849609,4.4666900634765625,4.330163955688477,3.96854305267334,4.0191802978515625,4.08577823638916,4.0399980545043945,4.0904998779296875,4.037820816040039,4.228876113891602,4.158664703369141,3.7502927780151367,2.8686628341674805,2.916097640991211,2.870302200317383,2.9301233291625977,2.8469600677490234,3.0515565872192383,2.9197912216186523,2.687466621398926,2.091533660888672,2.110323905944824,2.0001344680786133,2.1265954971313477,2.084683418273926,2.226825714111328,2.1951828002929688,1.9141511917114258,1.502547264099121,1.5082712173461914,1.4984712600708008,1.5386724472045898,1.4838294982910156,1.6596107482910156,1.6050424575805664,1.3051109313964844
2146.5,5.957676887512207,6.045767784118652,5.994260787963867,6.067870140075684,6.133954048156738,6.206103324890137,6.055224418640137,5.525388717651367,4.247162818908691,4.271272659301758,4.234315872192383,4.35296630859375,4.322869300842285,4.474879264831543,4.337164878845215,3.9701995849609375,4.023752212524414,4.090252876281738,4.044192314147949,4.09467887878418,4.042431831359863,4.236086845397949,4.165170669555664,3.7528724670410156,2.871750831604004,2.9196033477783203,2.8721752166748047,2.933255195617676,2.8486576080322266,3.0576276779174805,2.924593925476074,2.688486099243164,2.0937023162841797,2.1126508712768555,2.001837730407715,2.129061698913574,2.085721015930176,2.23104190826416,2.200394630432129,1.9116153717041016,1.5040502548217773,1.5098657608032227,1.4990510940551758,1.5412607192993164,1.4854297637939453,1.664031982421875,1.608393669128418,1.3042182922363281
2147.5,5.965607643127441,6.051373481750488,6.000818252563477,6.074048042297363,6.142726898193359,6.216407775878906,6.062618255615234,5.529871940612793,4.252081871032715,4.275730133056641,4.238193511962891,4.357730865478516,4.3281145095825195,4.483241081237793,4.3423662185668945,3.9726247787475586,4.028650283813477,4.094460487365723,4.048733711242676,4.098636627197266,4.046952247619629,4.243683815002441,4.170102119445801,3.755695343017578,2.8750104904174805,2.9218502044677734,2.874574661254883,2.93703556060791,2.8516054153442383,3.0634031295776367,2.9279708862304688,2.6900758743286133,2.0962162017822266,2.1151437759399414,2.0037126541137695,2.1316232681274414,2.0875120162963867,2.236098289489746,2.2039337158203125,1.9097137451171875,1.5056886672973633,1.5114622116088867,1.500544548034668,1.5430402755737305,1.4874505996704102,1.66845703125,1.6113033294677734,1.302943229675293
2148.5,5.973736763000488,6.0575971603393555,6.008152008056641,6.081511497497559,6.151137351989746,6.225208282470703,6.07016658782959,5.534015655517578,4.257010459899902,4.279640197753906,4.243144989013672,4.363470077514648,4.334016799926758,4.4906110763549805,4.348011016845703,3.97653865814209,4.0335693359375,4.098498344421387,4.053376197814941,4.103488922119141,4.050332069396973,4.250598907470703,4.175285339355469,3.7573766708374023,2.8781347274780273,2.924551010131836,2.877431869506836,2.9401674270629883,2.8538618087768555,3.069005012512207,2.9328460693359375,2.6919870376586914,2.098773956298828,2.1171560287475586,2.00614070892334,2.1346330642700195,2.088717460632324,2.2407779693603516,2.2071571350097656,1.9089937210083008,1.5074453353881836,1.5128755569458008,1.502699851989746,1.5455598831176758,1.4889822006225586,1.6725530624389648,1.61444091796875,1.3042793273925781
2149.5,5.981619834899902,6.0633039474487305,6.015050888061523,6.088404655456543,6.158733367919922,6.233719825744629,6.07830810546875,5.537657737731934,4.261740684509277,4.283472061157227,4.247770309448242,4.36827278137207,4.339770317077637,4.499039649963379,4.353798866271973,3.9796056747436523,4.038263320922852,4.102566719055176,4.058554649353027,4.107563018798828,4.052753448486328,4.257901191711426,4.181614875793457,3.759902000427246,2.881035804748535,2.9272918701171875,2.880655288696289,2.9433507919311523,2.8561830520629883,3.0747690200805664,2.9379472732543945,2.692681312561035,2.1009693145751953,2.119338035583496,2.0093297958374023,2.1368398666381836,2.088921546936035,2.2458248138427734,2.2102928161621094,1.909597396850586,1.5089235305786133,1.514389991760254,1.5052175521850586,1.547348976135254,1.490250587463379,1.676753044128418,1.6178808212280273,1.3059091567993164
2150.5,5.9893693923950195,6.069306373596191,6.022188186645508,6.095894813537598,6.1673784255981445,6.241440773010254,6.086783409118652,5.542679786682129,4.266480445861816,4.287265777587891,4.251928329467773,4.374532699584961,4.345531463623047,4.507652282714844,4.359128952026367,3.9853057861328125,4.0427703857421875,4.106720924377441,4.062455177307129,4.11298942565918,4.056188583374023,4.266425132751465,4.188414573669434,3.7626142501831055,2.883917808532715,2.9302635192871094,2.8833866119384766,2.946722984313965,2.8585586547851562,3.080404281616211,2.9430418014526367,2.6934146881103516,2.1032371520996094,2.1215620040893555,2.011868476867676,2.1398134231567383,2.0900487899780273,2.2509517669677734,2.214282989501953,1.9078903198242188,1.5103216171264648,1.5156965255737305,1.5066003799438477,1.5500783920288086,1.4919700622558594,1.6818857192993164,1.6214056015014648,1.3065557479858398
2151.5,5.997342109680176,6.075594902038574,6.029657363891602,6.1027021408081055,6.175721168518066,6.24896240234375,6.094850540161133,5.547167778015137,4.271533012390137,4.291343688964844,4.256542205810547,4.379558563232422,4.350643157958984,4.516740798950195,4.363862991333008,3.988910675048828,4.047569274902344,4.110873222351074,4.066695213317871,4.117258071899414,4.0601091384887695,4.274791717529297,4.19374942779541,3.7659196853637695,2.887139320373535,2.933013916015625,2.886026382446289,2.949751853942871,2.861124038696289,3.086367607116699,2.94602108001709,2.6936817169189453,2.1056442260742188,2.123997688293457,2.0143728256225586,2.141829490661621,2.0905818939208984,2.256028175354004,2.217744827270508,1.905512809753418,1.5117483139038086,1.517348289489746,1.507920265197754,1.551590919494629,1.4936418533325195,1.6871471405029297,1.623788833618164,1.3060741424560547
2152.5,6.005169868469238,6.081936836242676,6.036996841430664,6.109726905822754,6.185090065002441,6.254773139953613,6.102921485900879,5.549921035766602,4.276410102844238,4.294839859008789,4.261192321777344,4.385435104370117,4.357155799865723,4.524137496948242,4.369067192077637,3.991893768310547,4.052038192749023,4.115328788757324,4.070984840393066,4.1224822998046875,4.064297676086426,4.281490325927734,4.1993255615234375,3.7689905166625977,2.890152931213379,2.9357070922851562,2.8894596099853516,2.953061103820801,2.864330291748047,3.0912275314331055,2.949247360229492,2.695073127746582,2.108074188232422,2.1259565353393555,2.0167531967163086,2.1443395614624023,2.0919008255004883,2.2602109909057617,2.2210426330566406,1.9059314727783203,1.513484001159668,1.518712043762207,1.509537696838379,1.5539159774780273,1.4954166412353516,1.691950798034668,1.627284049987793,1.305908203125
2153.5,6.012591361999512,6.088164329528809,6.043741226196289,6.116583824157715,6.194424629211426,6.261631965637207,6.111220359802246,5.5539703369140625,4.2810564041137695,4.298435211181641,4.2653045654296875,4.390951156616211,4.363300323486328,4.532305717468262,4.375478744506836,3.997650146484375,4.056344985961914,4.1194658279418945,4.075072288513184,4.126848220825195,4.06817626953125,4.2895612716674805,4.2050371170043945,3.772334098815918,2.8930864334106445,2.938404083251953,2.892366409301758,2.9560976028442383,2.867854118347168,3.096053123474121,2.9520816802978516,2.696537971496582,2.1103973388671875,2.12801456451416,2.019148826599121,2.146195411682129,2.093592643737793,2.2643184661865234,2.224989891052246,1.9062089920043945,1.5148897171020508,1.5201902389526367,1.5114679336547852,1.5553979873657227,1.4977483749389648,1.6973495483398438,1.6305274963378906,1.3070640563964844
2154.5,6.020049095153809,6.094483375549316,6.050680160522461,6.12392520904541,6.203706741333008,6.268998146057129,6.119974136352539,5.556830406188965,4.28549861907959,4.3023529052734375,4.2696990966796875,4.39593505859375,4.369065284729004,4.540248870849609,4.382810592651367,4.00006103515625,4.060541152954102,4.1235551834106445,4.079560279846191,4.131603240966797,4.071490287780762,4.297636985778809,4.211616516113281,3.774179458618164,2.896084785461426,2.941347122192383,2.8952407836914062,2.959231376647949,2.8718090057373047,3.1002197265625,2.9566078186035156,2.6978893280029297,2.112550735473633,2.1300554275512695,2.0215272903442383,2.1483068466186523,2.0952224731445312,2.2687110900878906,2.2291955947875977,1.9065361022949219,1.516301155090332,1.5217313766479492,1.5139055252075195,1.5571088790893555,1.499746322631836,1.7012310028076172,1.634958267211914,1.3089218139648438
2155.5,6.027277946472168,6.1010332107543945,6.056943893432617,6.1300249099731445,6.212577819824219,6.277745246887207,6.126593589782715,5.559676170349121,4.289843559265137,4.306400299072266,4.273103713989258,4.400611877441406,4.3745527267456055,4.548954963684082,4.389095306396484,4.001092910766602,4.064830780029297,4.127772331237793,4.083191871643066,4.135837554931641,4.0743207931518555,4.306056976318359,4.217944145202637,3.7765932083129883,2.899062156677246,2.9442996978759766,2.898204803466797,2.9622011184692383,2.875406265258789,3.104619026184082,2.9605817794799805,2.699258804321289,2.114748001098633,2.132319450378418,2.023928642272949,2.149895668029785,2.097407341003418,2.273162841796875,2.2313480377197266,1.9059505462646484,1.5178346633911133,1.523402214050293,1.5156831741333008,1.5582952499389648,1.5020112991333008,1.7060260772705078,1.6381807327270508,1.309849739074707
2156.5,6.034966468811035,6.107283592224121,6.063177108764648,6.1369524002075195,6.221377372741699,6.288134574890137,6.13408088684082,5.562145233154297,4.294486045837402,4.3101959228515625,4.276811599731445,4.405317306518555,4.380411148071289,4.557126045227051,4.395612716674805,4.001369476318359,4.069347381591797,4.132048606872559,4.087996482849121,4.140296936035156,4.078340530395508,4.314745903015137,4.22395133972168,3.779705047607422,2.902218818664551,2.9470081329345703,2.9005813598632812,2.9650793075561523,2.8784046173095703,3.107865333557129,2.9637279510498047,2.7018327713012695,2.1170597076416016,2.13424015045166,2.026373863220215,2.151780128479004,2.0996522903442383,2.2774524688720703,2.234750747680664,1.9067773818969727,1.5194807052612305,1.5250062942504883,1.5175905227661133,1.5598688125610352,1.504373550415039,1.7098608016967773,1.642251968383789,1.3108816146850586
2157.5,6.042654991149902,6.113598823547363,6.069559097290039,6.143586158752441,6.229800224304199,6.301115989685059,6.141960144042969,5.564878463745117,4.298907279968262,4.314329147338867,4.280241012573242,4.41009521484375,4.385369300842285,4.564980506896973,4.402321815490723,4.001730918884277,4.073646545410156,4.136021614074707,4.092041969299316,4.14466667175293,4.082144737243652,4.323534965515137,4.230384826660156,3.7819738388061523,2.905240058898926,2.9498043060302734,2.9027099609375,2.968033790588379,2.881196975708008,3.112420082092285,2.967038154602051,2.704695701599121,2.1193885803222656,2.1364221572875977,2.028182029724121,2.15396785736084,2.101268768310547,2.282358169555664,2.2390804290771484,1.9074811935424805,1.520930290222168,1.5264921188354492,1.519209861755371,1.5614213943481445,1.5061521530151367,1.7144222259521484,1.646535873413086,1.312260627746582
2158.5,6.049860954284668,6.119091987609863,6.075695037841797,6.150055885314941,6.238489151000977,6.316031455993652,6.1489667892456055,5.567083358764648,4.303296089172363,4.317842483520508,4.283775329589844,4.41485595703125,4.390454292297363,4.573246002197266,4.406373023986816,4.000367164611816,4.077964782714844,4.139777183532715,4.096156120300293,4.149206161499023,4.086032867431641,4.332159996032715,4.235360145568848,3.783487319946289,2.908034324645996,2.952077865600586,2.905040740966797,2.97054386138916,2.884882926940918,3.117854118347168,2.9692554473876953,2.7049379348754883,2.1214332580566406,2.138485908508301,2.0305871963500977,2.1563844680786133,2.1031646728515625,2.2871627807617188,2.2415647506713867,1.906630516052246,1.5224428176879883,1.5278806686401367,1.5205774307250977,1.563094139099121,1.5081062316894531,1.720097541809082,1.6477537155151367,1.3122539520263672
2159.5,6.057177543640137,6.124571800231934,6.082302093505859,6.156764030456543,6.247021675109863,6.3306884765625,6.155725479125977,5.57106876373291,4.307463645935059,4.321310043334961,4.287384033203125,4.41937255859375,4.395598411560059,4.581852912902832,4.4117279052734375,4.001406669616699,4.0821075439453125,4.143364906311035,4.1000471115112305,4.1534576416015625,4.08941650390625,4.3405561447143555,4.2411298751831055,3.7860336303710938,2.911068916320801,2.9545154571533203,2.9074630737304688,2.9731225967407227,2.8877086639404297,3.123642921447754,2.9726877212524414,2.706284523010254,2.1238746643066406,2.1403303146362305,2.032902717590332,2.1587610244750977,2.1050758361816406,2.2910995483398438,2.2450132369995117,1.9054574966430664,1.523859977722168,1.5292291641235352,1.5222387313842773,1.5645475387573242,1.5098342895507812,1.7252588272094727,1.6503925323486328,1.3135795593261719
2160.5,6.064234733581543,6.1300859451293945,6.088603973388672,6.162787437438965,6.2556867599487305,6.343491554260254,6.164884567260742,5.576163291931152,4.3116350173950195,4.325048446655273,4.29136848449707,4.424013137817383,4.40037727355957,4.590130805969238,4.417851448059082,4.002956390380859,4.086277008056641,4.147454261779785,4.104275703430176,4.1579742431640625,4.093438148498535,4.348601341247559,4.246679306030273,3.7907495498657227,2.9138593673706055,2.9572315216064453,2.9101428985595703,2.975529670715332,2.8912353515625,3.1292800903320312,2.9780282974243164,2.709650993347168,2.1260147094726562,2.1422300338745117,2.034754753112793,2.1614866256713867,2.107377052307129,2.2953367233276367,2.2501983642578125,1.9061613082885742,1.5253896713256836,1.5306787490844727,1.5240068435668945,1.5662431716918945,1.5110664367675781,1.7296247482299805,1.6547813415527344,1.3155555725097656
2161.5,6.0712385177612305,6.135941505432129,6.0942230224609375,6.169177055358887,6.264753341674805,6.354647636413574,6.172759056091309,5.582357406616211,4.315579414367676,4.328899383544922,4.295015335083008,4.428279876708984,4.405673980712891,4.597705841064453,4.422175407409668,4.00649356842041,4.090179443359375,4.151453971862793,4.107804298400879,4.162271499633789,4.0976409912109375,4.357100486755371,4.253215789794922,3.794088363647461,2.916703224182129,2.9597721099853516,2.9119205474853516,2.978365898132324,2.894824981689453,3.134511947631836,2.9827566146850586,2.712409019470215,2.1280746459960938,2.144242286682129,2.0361852645874023,2.1641454696655273,2.109891891479492,2.298823356628418,2.2544384002685547,1.9066848754882812,1.526799201965332,1.532139778137207,1.5251588821411133,1.5679235458374023,1.512618064880371,1.7331743240356445,1.6577577590942383,1.3175382614135742
2162.5,6.078183174133301,6.141678810119629,6.09898567199707,6.175551414489746,6.274465560913086,6.363717079162598,6.18052864074707,5.5902557373046875,4.319672584533691,4.332578659057617,4.298418045043945,4.432680130004883,4.412025451660156,4.605342864990234,4.42768669128418,4.012202262878418,4.094333648681641,4.155184745788574,4.110760688781738,4.166728973388672,4.102593421936035,4.364788055419922,4.259030342102051,3.7970123291015625,2.919541358947754,2.962381362915039,2.913166046142578,2.9811887741088867,2.8984756469726562,3.1390533447265625,2.9872522354125977,2.7164154052734375,2.1302127838134766,2.1463136672973633,2.0370378494262695,2.16640567779541,2.112799644470215,2.3026885986328125,2.25772762298584,1.9096174240112305,1.5284414291381836,1.5335321426391602,1.525935173034668,1.568985939025879,1.514113426208496,1.7362556457519531,1.6617231369018555,1.3207826614379883
2163.5,6.085299491882324,6.147521018981934,6.104524612426758,6.1818742752075195,6.2836456298828125,6.3724260330200195,6.189286231994629,5.5973968505859375,4.323834419250488,4.336294174194336,4.30192756652832,4.436895370483398,4.417976379394531,4.61452579498291,4.4341535568237305,4.017613410949707,4.098339080810547,4.158907890319824,4.11428165435791,4.170881271362305,4.1066694259643555,4.372652053833008,4.265524864196777,3.800851821899414,2.92233943939209,2.964996337890625,2.915729522705078,2.9836835861206055,2.9026880264282227,3.143948554992676,2.992250442504883,2.720353126525879,2.1322669982910156,2.148301124572754,2.0384836196899414,2.1689844131469727,2.115642547607422,2.3058319091796875,2.2614355087280273,1.9110784530639648,1.5299978256225586,1.5347414016723633,1.5274953842163086,1.5699949264526367,1.515939712524414,1.7393569946289062,1.6644535064697266,1.3226938247680664
2164.5,6.092282295227051,6.153355598449707,6.109241485595703,6.18850040435791,6.291777610778809,6.381500244140625,6.195008277893066,5.6048736572265625,4.32778263092041,4.34022331237793,4.305042266845703,4.441728591918945,4.4235124588012695,4.624690055847168,4.438417434692383,4.023928642272949,4.102386474609375,4.163008689880371,4.117148399353027,4.175056457519531,4.109979629516602,4.3803205490112305,4.270577430725098,3.8063364028930664,2.9251317977905273,2.967691421508789,2.9173145294189453,2.986880302429199,2.90610408782959,3.1496267318725586,2.9958763122558594,2.7250232696533203,2.1342697143554688,2.15047550201416,2.039669990539551,2.171330451965332,2.117323875427246,2.309645652770996,2.264103889465332,1.914454460144043,1.531477928161621,1.5362138748168945,1.5277109146118164,1.571742057800293,1.517232894897461,1.7435474395751953,1.6664009094238281,1.3259248733520508
2165.5,6.099307060241699,6.1591596603393555,6.114784240722656,6.1948137283325195,6.299878120422363,6.390395164489746,6.201393127441406,5.612277984619141,4.331870079040527,4.343875885009766,4.307943344116211,4.446260452270508,4.429226875305176,4.632948875427246,4.444183349609375,4.029705047607422,4.106473922729492,4.16695499420166,4.120612144470215,4.1794891357421875,4.113672256469727,4.38646125793457,4.275057792663574,3.8102731704711914,2.92801570892334,2.970081329345703,2.9198055267333984,2.989628791809082,2.9101438522338867,3.1548891067504883,2.998506546020508,2.7283201217651367,2.1364898681640625,2.15261173248291,2.0409135818481445,2.1736135482788086,2.118910789489746,2.3117284774780273,2.2672510147094727,1.9153547286987305,1.5329198837280273,1.537581443786621,1.5285711288452148,1.572890281677246,1.5193357467651367,1.7474184036254883,1.668630599975586,1.3272457122802734
2166.5,6.106057167053223,6.164650917053223,6.119672775268555,6.201006889343262,6.307126045227051,6.399505615234375,6.209216117858887,5.619829177856445,4.335724830627441,4.34727668762207,4.311319351196289,4.451169967651367,4.434032440185547,4.640872001647949,4.451074600219727,4.038572311401367,4.110422134399414,4.1707963943481445,4.123658180236816,4.184083938598633,4.11707878112793,4.391820907592773,4.280689239501953,3.8159074783325195,2.930710792541504,2.972240447998047,2.921621322631836,2.992600440979004,2.9140310287475586,3.160264015197754,3.0029163360595703,2.7328853607177734,2.138589859008789,2.154660224914551,2.0425539016723633,2.175847053527832,2.1209468841552734,2.313657760620117,2.271101951599121,1.9166488647460938,1.5343217849731445,1.538874626159668,1.5290555953979492,1.5745439529418945,1.521134376525879,1.7513999938964844,1.6722707748413086,1.3297882080078125
2167.5,6.112917900085449,6.169631004333496,6.125095367431641,6.207188606262207,6.314688682556152,6.408383369445801,6.216039657592773,5.625831604003906,4.339728355407715,4.350465774536133,4.314092636108398,4.455888748168945,4.438638687133789,4.648698806762695,4.457660675048828,4.044743537902832,4.114528656005859,4.174338340759277,4.127320289611816,4.188838958740234,4.11955451965332,4.395724296569824,4.28599739074707,3.8220834732055664,2.933499336242676,2.9742164611816406,2.924257278442383,2.996026039123535,2.9166269302368164,3.165658950805664,3.0065183639526367,2.7384748458862305,2.140737533569336,2.156418800354004,2.0442934036254883,2.178898811340332,2.1211624145507812,2.315603256225586,2.2744455337524414,1.9156951904296875,1.535700798034668,1.5400285720825195,1.5301599502563477,1.5764131546020508,1.5223751068115234,1.7546100616455078,1.6752166748046875,1.3322315216064453
2168.5,6.119671821594238,6.174864768981934,6.1306915283203125,6.213316917419434,6.322685241699219,6.417530059814453,6.22392463684082,5.63315486907959,4.343749046325684,4.353645324707031,4.316991806030273,4.460857391357422,4.443691253662109,4.6558942794799805,4.463706970214844,4.050993919372559,4.118535995483398,4.177668571472168,4.130080223083496,4.194093704223633,4.122776985168457,4.401007652282715,4.290639877319336,3.8267555236816406,2.936184883117676,2.976266860961914,2.9267406463623047,2.998906135559082,2.919863700866699,3.1719532012939453,3.009018898010254,2.7431106567382812,2.142749786376953,2.1581602096557617,2.045180320739746,2.1819028854370117,2.1224260330200195,2.3189144134521484,2.2800941467285156,1.914794921875,1.5370206832885742,1.5411405563354492,1.5314531326293945,1.5786828994750977,1.5234708786010742,1.7587499618530273,1.6783370971679688,1.335972785949707
2169.5,6.126482963562012,6.180153846740723,6.135919570922852,6.220263481140137,6.330573081970215,6.424689292907715,6.2300567626953125,5.63770866394043,4.347853660583496,4.356935501098633,4.319890975952148,4.466106414794922,4.448452949523926,4.661969184875488,4.467922210693359,4.056158065795898,4.122480392456055,4.181107521057129,4.134087562561035,4.199007034301758,4.12620735168457,4.406003952026367,4.293574333190918,3.830031394958496,2.938899040222168,2.978618621826172,2.9296112060546875,3.002598762512207,2.9226818084716797,3.1778249740600586,3.0114965438842773,2.746048927307129,2.1449527740478516,2.1601762771606445,2.0469465255737305,2.1857423782348633,2.1242685317993164,2.3222484588623047,2.2831602096557617,1.9121389389038086,1.5384931564331055,1.5423803329467773,1.5328149795532227,1.5815038681030273,1.5236148834228516,1.7626819610595703,1.6802587509155273,1.3365182876586914
2170.5,6.132922172546387,6.185423851013184,6.141681671142578,6.226113319396973,6.338404655456543,6.430689811706543,6.235013008117676,5.641340255737305,4.351866722106934,4.360269546508789,4.3231048583984375,4.470664978027344,4.453012466430664,4.668354034423828,4.472268104553223,4.0597333908081055,4.126298904418945,4.184575080871582,4.137429237365723,4.203296661376953,4.129502296447754,4.4117431640625,4.2972517013549805,3.8335981369018555,2.941452980041504,2.981111526489258,2.9319801330566406,3.0057077407836914,2.925661087036133,3.1826400756835938,3.0130739212036133,2.747469902038574,2.147045135498047,2.162177085876465,2.0491533279418945,2.188796043395996,2.126631736755371,2.3246889114379883,2.2848567962646484,1.9126968383789062,1.5399389266967773,1.5437040328979492,1.5344228744506836,1.583510398864746,1.5237302780151367,1.7663860321044922,1.6819343566894531,1.3342647552490234
2171.5,6.139199256896973,6.190512657165527,6.14654541015625,6.232661247253418,6.346158027648926,6.435630798339844,6.241809844970703,5.647661209106445,4.355557441711426,4.363473892211914,4.326013565063477,4.475269317626953,4.457517623901367,4.674407005310059,4.477445602416992,4.065751075744629,4.129816055297852,4.188088417053223,4.1407880783081055,4.20808219909668,4.132650375366211,4.4180145263671875,4.302589416503906,3.8381786346435547,2.943821907043457,2.983602523803711,2.9342422485351562,3.0083742141723633,2.9278030395507812,3.1869382858276367,3.0160598754882812,2.7472190856933594,2.149057388305664,2.1639585494995117,2.0506715774536133,2.1919374465942383,2.1284332275390625,2.32797908782959,2.2870655059814453,1.9149656295776367,1.541243553161621,1.545039176940918,1.5354413986206055,1.585392951965332,1.5234851837158203,1.7694644927978516,1.684626579284668,1.333108901977539
2172.5,6.145476341247559,6.195359230041504,6.151889801025391,6.239010810852051,6.354458808898926,6.4418439865112305,6.249880790710449,5.654147148132324,4.359402656555176,4.366584777832031,4.328861236572266,4.4804534912109375,4.462409973144531,4.679373741149902,4.483914375305176,4.072948455810547,4.13340950012207,4.191431999206543,4.143755912780762,4.212339401245117,4.135998725891113,4.42551326751709,4.307982444763184,3.844400405883789,2.946295738220215,2.9861392974853516,2.9360313415527344,3.011378288269043,2.9300537109375,3.1911516189575195,3.020984649658203,2.7502689361572266,2.150989532470703,2.165768623352051,2.052229881286621,2.1948251724243164,2.1305341720581055,2.3299264907836914,2.2901086807250977,1.9182424545288086,1.5423994064331055,1.5464410781860352,1.5357961654663086,1.587538719177246,1.5237770080566406,1.7731828689575195,1.6868963241577148,1.330601692199707
2173.5,6.151656150817871,6.200406074523926,6.15699577331543,6.244616508483887,6.362342834472656,6.448589324951172,6.25814151763916,5.660459518432617,4.363101005554199,4.369792938232422,4.332326889038086,4.484836578369141,4.466780662536621,4.684666633605957,4.491240501403809,4.076667785644531,4.136987686157227,4.194918632507324,4.1472063064575195,4.216119766235352,4.139638900756836,4.4335126876831055,4.313825607299805,3.8478269577026367,2.948592185974121,2.988567352294922,2.938648223876953,3.014073371887207,2.9321413040161133,3.195187568664551,3.0261077880859375,2.751641273498535,2.1528549194335938,2.167677879333496,2.0537099838256836,2.1973276138305664,2.133316993713379,2.333843231201172,2.292902946472168,1.9188251495361328,1.5434675216674805,1.547684669494629,1.5367326736450195,1.5893869400024414,1.523834228515625,1.7774066925048828,1.6901988983154297,1.3260421752929688
2174.5,6.157820701599121,6.205492973327637,6.162273406982422,6.249899864196777,6.369072914123535,6.4547576904296875,6.264922142028809,5.66588020324707,4.366663932800293,4.373022079467773,4.3351593017578125,4.488441467285156,4.469886779785156,4.689724922180176,4.497350692749023,4.08177375793457,4.140546798706055,4.198451042175293,4.150343894958496,4.219594955444336,4.142556190490723,4.4441328048706055,4.319179534912109,3.850104331970215,2.951022148132324,2.9909629821777344,2.940427780151367,3.0157880783081055,2.934323310852051,3.198596954345703,3.03006649017334,2.7535781860351562,2.154722213745117,2.169407844543457,2.055558204650879,2.1992578506469727,2.135364532470703,2.3396615982055664,2.295090675354004,1.9197959899902344,1.5446653366088867,1.548893928527832,1.5376195907592773,1.5904245376586914,1.5246362686157227,1.7815217971801758,1.6925039291381836,1.3217430114746094
2175.5,6.1640825271606445,6.210312843322754,6.167531967163086,6.254975318908691,6.3759870529174805,6.461294174194336,6.271286964416504,5.670988082885742,4.370301246643066,4.3761444091796875,4.338319778442383,4.491901397705078,4.474266052246094,4.695740699768066,4.503351211547852,4.087146759033203,4.144084930419922,4.201712608337402,4.153882026672363,4.222894668579102,4.146955490112305,4.454370498657227,4.325081825256348,3.8520307540893555,2.9534082412719727,2.993253707885742,2.9428539276123047,3.01737117767334,2.9376296997070312,3.202228546142578,3.033578872680664,2.754763603210449,2.1566238403320312,2.171004295349121,2.0575456619262695,2.2011194229125977,2.1378307342529297,2.346856117248535,2.296049118041992,1.920546531677246,1.5458688735961914,1.5499277114868164,1.5386457443237305,1.591507911682129,1.5257244110107422,1.785477638244629,1.6956214904785156,1.3192815780639648
2176.5,6.170252799987793,6.215029716491699,6.172115325927734,6.260621070861816,6.384099006652832,6.467629432678223,6.27773380279541,5.67735481262207,4.3738813400268555,4.379184722900391,4.340583801269531,4.496015548706055,4.479768753051758,4.702047348022461,4.510526657104492,4.093160629272461,4.147724151611328,4.204949378967285,4.156691551208496,4.227205276489258,4.1509904861450195,4.464027404785156,4.331999778747559,3.8550615310668945,2.9557371139526367,2.9955806732177734,2.9447555541992188,3.0195417404174805,2.9409799575805664,3.205789566040039,3.0383968353271484,2.758336067199707,2.1583404541015625,2.1726999282836914,2.0592546463012695,2.203402519226074,2.1407089233398438,2.3559350967407227,2.298956871032715,1.9236259460449219,1.5471258163452148,1.550856590270996,1.539839744567871,1.5924978256225586,1.526719093322754,1.7886295318603516,1.6979990005493164,1.3209877014160156
2177.5,6.176478385925293,6.2196855545043945,6.177820205688477,6.266068458557129,6.391157150268555,6.475740432739258,6.283379554748535,5.683158874511719,4.3775434494018555,4.382469177246094,4.343837738037109,4.499319076538086,4.485139846801758,4.7081193923950195,4.515142440795898,4.097034454345703,4.151357650756836,4.208043098449707,4.160300254821777,4.231212615966797,4.154200553894043,4.471963882446289,4.337794303894043,3.8588342666625977,2.958329200744629,2.9977684020996094,2.947416305541992,3.021845817565918,2.9436683654785156,3.2098608016967773,3.041349411010742,2.7612953186035156,2.160188674926758,2.174504280090332,2.0615854263305664,2.2057790756225586,2.142767906188965,2.3626251220703125,2.299954414367676,1.9267387390136719,1.5483694076538086,1.5519094467163086,1.5412607192993164,1.5940027236938477,1.5272035598754883,1.7904815673828125,1.7010784149169922,1.3190336227416992
2178.5,6.182833671569824,6.223885536193848,6.18297004699707,6.271313667297363,6.398293495178223,6.482831954956055,6.287384986877441,5.689703941345215,4.381285667419434,4.385227203369141,4.346540451049805,4.503009796142578,4.491454124450684,4.715703010559082,4.519266128540039,4.103542327880859,4.1551513671875,4.210801124572754,4.163573265075684,4.235496520996094,4.158089637756348,4.477745056152344,4.341092109680176,3.864107131958008,2.9609975814819336,2.9995365142822266,2.9498958587646484,3.0240774154663086,2.945998191833496,3.215221405029297,3.042973518371582,2.765639305114746,2.1621742248535156,2.175959587097168,2.0632143020629883,2.207259178161621,2.144430160522461,2.3689098358154297,2.300687789916992,1.9308128356933594,1.549759864807129,1.5527563095092773,1.5424604415893555,1.5950422286987305,1.527872085571289,1.792222023010254,1.7012882232666016,1.3201217651367188
2179.5,6.189146995544434,6.228049278259277,6.187786102294922,6.2764692306518555,6.405566215515137,6.492027282714844,6.293177604675293,5.698712348937988,4.384949684143066,4.387828826904297,4.348901748657227,4.506828308105469,4.4976911544799805,4.723442077636719,4.524233818054199,4.112399101257324,4.158842086791992,4.213513374328613,4.16641902923584,4.239078521728516,4.1617021560668945,4.481793403625488,4.34478759765625,3.8704957962036133,2.9635801315307617,3.0012073516845703,2.952014923095703,3.0258607864379883,2.9496469497680664,3.2209243774414062,3.0443601608276367,2.772798538208008,2.1640758514404297,2.1772470474243164,2.064610481262207,2.20871639251709,2.145768165588379,2.373577117919922,2.303807258605957,1.9348869323730469,1.5511903762817383,1.5535554885864258,1.543137550354004,1.5961027145385742,1.528961181640625,1.7933788299560547,1.7014646530151367,1.3236465454101562
2180.5,6.195590019226074,6.232331275939941,6.193422317504883,6.281210899353027,6.413067817687988,6.502275466918945,6.299283027648926,5.70606803894043,4.388649940490723,4.390539169311523,4.351978302001953,4.510356903076172,4.503064155578613,4.731267929077148,4.528385162353516,4.118258476257324,4.162437438964844,4.2163496017456055,4.16964054107666,4.242301940917969,4.165831565856934,4.486166000366211,4.3507890701293945,3.8756980895996094,2.966181755065918,3.0029735565185547,2.9549007415771484,3.02706241607666,2.95426082611084,3.226748466491699,3.046128273010254,2.778360366821289,2.1659164428710938,2.1785154342651367,2.066779136657715,2.2106733322143555,2.1474781036376953,2.3767499923706055,2.306835174560547,1.937570571899414,1.552597999572754,1.5545454025268555,1.5445966720581055,1.5966691970825195,1.5301742553710938,1.7955341339111328,1.7026243209838867,1.327779769897461
2181.5,6.201869010925293,6.23665714263916,6.198638916015625,6.28597354888916,6.422070503234863,6.512697219848633,6.305810928344727,5.714511871337891,4.392203330993652,4.393415451049805,4.355548858642578,4.514047622680664,4.509700775146484,4.74066162109375,4.535866737365723,4.125539779663086,4.1659088134765625,4.219439506530762,4.173047065734863,4.245933532714844,4.170107841491699,4.489609718322754,4.357987403869629,3.8798341751098633,2.968625068664551,3.0051002502441406,2.957548141479492,3.028897285461426,2.958683967590332,3.234739303588867,3.0505142211914062,2.7845535278320312,2.167734146118164,2.17995548248291,2.068894386291504,2.212571144104004,2.1501245498657227,2.3778600692749023,2.311274528503418,1.9402246475219727,1.5539274215698242,1.5557584762573242,1.5460195541381836,1.5975236892700195,1.5320520401000977,1.7991905212402344,1.7052249908447266,1.333827018737793
2182.5,6.208203315734863,6.241045951843262,6.203084945678711,6.290432929992676,6.431492805480957,6.520501136779785,6.312246322631836,5.721141815185547,4.395733833312988,4.3964691162109375,4.358366012573242,4.51780891418457,4.517475128173828,4.7509613037109375,4.541262626647949,4.13245964050293,4.16948127746582,4.222441673278809,4.175616264343262,4.249473571777344,4.175366401672363,4.492868423461914,4.362157821655273,3.8849058151245117,2.971096992492676,3.007200241088867,2.959909439086914,3.030266761779785,2.961841583251953,3.242706298828125,3.0532779693603516,2.788222312927246,2.1694812774658203,2.1815595626831055,2.0706872940063477,2.2145586013793945,2.1526870727539062,2.377242088317871,2.313836097717285,1.9434356689453125,1.5553159713745117,1.5570802688598633,1.547001838684082,1.5985479354858398,1.5340032577514648,1.8043403625488281,1.7070741653442383,1.3378782272338867
2183.5,6.214402198791504,6.245772361755371,6.208292007446289,6.294692039489746,6.439678192138672,6.528857231140137,6.318541526794434,5.727190971374512,4.399201393127441,4.399648666381836,4.361669540405273,4.521322250366211,4.523524284362793,4.760038375854492,4.5469255447387695,4.137815475463867,4.172937393188477,4.225651741027832,4.178784370422363,4.252386093139648,4.179450035095215,4.495126724243164,4.366541862487793,3.887932777404785,2.973444938659668,3.0091476440429688,2.9623489379882812,3.031033515930176,2.964017868041992,3.2503890991210938,3.057371139526367,2.7909317016601562,2.1711158752441406,2.183262825012207,2.0727949142456055,2.216374397277832,2.1545515060424805,2.375518798828125,2.317633628845215,1.9434576034545898,1.556563377380371,1.5584630966186523,1.5476617813110352,1.5993375778198242,1.5356664657592773,1.8075017929077148,1.7094602584838867,1.337789535522461
2184.5,6.220553398132324,6.249749183654785,6.212728500366211,6.298933982849121,6.4487152099609375,6.534461975097656,6.325743675231934,5.733847618103027,4.402674674987793,4.402265548706055,4.364543914794922,4.524494171142578,4.529006004333496,4.766790390014648,4.553112983703613,4.1437177658081055,4.176324844360352,4.228394508361816,4.181323051452637,4.255455017089844,4.184273719787598,4.495998382568359,4.372064590454102,3.8929433822631836,2.975724220275879,3.011016845703125,2.964447021484375,3.032536506652832,2.9667348861694336,3.256333351135254,3.0614051818847656,2.7929916381835938,2.172760009765625,2.184779167175293,2.074709892272949,2.218094825744629,2.1575164794921875,2.3725156784057617,2.321981430053711,1.943861961364746,1.5578184127807617,1.559473991394043,1.5485525131225586,1.5995798110961914,1.5365610122680664,1.8117790222167969,1.7107887268066406,1.339127540588379
2185.5,6.226794242858887,6.253556251525879,6.218070983886719,6.304083824157715,6.456663131713867,6.540194511413574,6.331672668457031,5.741910934448242,4.406191825866699,4.404619216918945,4.367521286010742,4.52839469909668,4.53310489654541,4.772783279418945,4.559731483459473,4.1494035720825195,4.17974853515625,4.231043815612793,4.184451103210449,4.259233474731445,4.187618255615234,4.497224807739258,4.377957344055176,3.8980789184570312,2.9779481887817383,3.0125904083251953,2.9672718048095703,3.0349950790405273,2.9688796997070312,3.2619667053222656,3.065272331237793,2.7946643829345703,2.174356460571289,2.186244010925293,2.076390266418457,2.2209863662719727,2.1598377227783203,2.3699522018432617,2.3255186080932617,1.9460668563842773,1.5590200424194336,1.560511589050293,1.548811912536621,1.6007013320922852,1.5367650985717773,1.8155889511108398,1.7144155502319336,1.3378429412841797
2186.5,6.232882499694824,6.256796836853027,6.2222442626953125,6.309008598327637,6.464141845703125,6.545245170593262,6.340457916259766,5.752017974853516,4.4096269607543945,4.406919479370117,4.3707275390625,4.532148361206055,4.537064552307129,4.779331207275391,4.566788673400879,4.15673828125,4.183021545410156,4.233283042907715,4.187003135681152,4.262552261352539,4.191293716430664,4.499823570251465,4.38510799407959,3.9033403396606445,2.980227470397949,3.013845443725586,2.969074249267578,3.037106513977051,2.9686965942382812,3.2681713104248047,3.0696611404418945,2.8001413345336914,2.176084518432617,2.18747615814209,2.0779409408569336,2.2228384017944336,2.161907196044922,2.366504669189453,2.329906463623047,1.9505205154418945,1.5600500106811523,1.561436653137207,1.5495786666870117,1.6021413803100586,1.5367965698242188,1.8195199966430664,1.719407081604004,1.3384590148925781
2187.5,6.2386884689331055,6.2602434158325195,6.226015090942383,6.314719200134277,6.471523284912109,6.548157691955566,6.347176551818848,5.758951187133789,4.412875175476074,4.409366607666016,4.3727874755859375,4.53594970703125,4.542120933532715,4.785057067871094,4.5709686279296875,4.164416313171387,4.186107635498047,4.2353105545043945,4.189324378967285,4.266302108764648,4.195284843444824,4.5030622482299805,4.3905181884765625,3.90988826751709,2.982365608215332,3.0150070190429688,2.971027374267578,3.039717674255371,2.9689998626708984,3.2724227905273438,3.0712976455688477,2.8031234741210938,2.1775074005126953,2.18868350982666,2.078829765319824,2.2254953384399414,2.163846969604492,2.364055633544922,2.331955909729004,1.9523801803588867,1.5609750747680664,1.5622854232788086,1.5496549606323242,1.6036367416381836,1.5373592376708984,1.822854995727539,1.7210750579833984,1.3379087448120117
2188.5,6.244338035583496,6.263360023498535,6.230876922607422,6.319403648376465,6.4786577224731445,6.551407814025879,6.352977752685547,5.7684125900268555,4.416077613830566,4.412023544311523,4.375364303588867,4.539375305175781,4.5473785400390625,4.788860321044922,4.574888229370117,4.171526908874512,4.189035415649414,4.237441062927246,4.192526817321777,4.269523620605469,4.199895858764648,4.50445556640625,4.395188331604004,3.914494514465332,2.9844675064086914,3.016204833984375,2.9738101959228516,3.0414628982543945,2.9699296951293945,3.278026580810547,3.073373794555664,2.8068971633911133,2.1788902282714844,2.1898508071899414,2.0798654556274414,2.226984977722168,2.166092872619629,2.361811637878418,2.3338851928710938,1.9561271667480469,1.561842918395996,1.5628633499145508,1.549952507019043,1.6048212051391602,1.5378093719482422,1.8261852264404297,1.7223320007324219,1.3391571044921875
2189.5,6.250121116638184,6.266737937927246,6.235902786254883,6.323531150817871,6.485983848571777,6.554961204528809,6.357769012451172,5.775444984436035,4.419159889221191,4.414432525634766,4.378475189208984,4.542339324951172,4.5528106689453125,4.7936906814575195,4.578858375549316,4.1768293380737305,4.191915512084961,4.240221977233887,4.1954240798950195,4.272573471069336,4.205322265625,4.504789352416992,4.397753715515137,3.9191856384277344,2.986556053161621,3.017864227294922,2.976215362548828,3.0432024002075195,2.971806526184082,3.2813291549682617,3.0763425827026367,2.8102970123291016,2.1803855895996094,2.191287040710449,2.0810861587524414,2.22782039642334,2.168691635131836,2.3587303161621094,2.336491584777832,1.960500717163086,1.5627527236938477,1.563847541809082,1.5507116317749023,1.6060266494750977,1.538248062133789,1.829122543334961,1.7228384017944336,1.3401098251342773
2190.5,6.255803108215332,6.27091121673584,6.240484237670898,6.328248023986816,6.49229621887207,6.556177139282227,6.363151550292969,5.782918930053711,4.422171592712402,4.417030334472656,4.380645751953125,4.545722961425781,4.55647087097168,4.798276901245117,4.583788871765137,4.182009696960449,4.194822311401367,4.243716239929199,4.198067665100098,4.276287078857422,4.208500862121582,4.504037857055664,4.401717185974121,3.9234237670898438,2.9885644912719727,3.0203685760498047,2.9789047241210938,3.04512882232666,2.9747047424316406,3.284041404724121,3.079195022583008,2.814434051513672,2.1818199157714844,2.193089485168457,2.081843376159668,2.2290048599243164,2.1704797744750977,2.3543529510498047,2.3401870727539062,1.9611825942993164,1.5635881423950195,1.5652952194213867,1.5506982803344727,1.6069974899291992,1.5372486114501953,1.8302335739135742,1.7246999740600586,1.3409223556518555
2191.5,6.2615766525268555,6.2751665115356445,6.245380401611328,6.332304954528809,6.498074531555176,6.557590484619141,6.369152069091797,5.790830612182617,4.425223350524902,4.419437408447266,4.38340950012207,4.548685073852539,4.562378883361816,4.802507400512695,4.588019371032715,4.1882829666137695,4.197666168212891,4.246996879577637,4.200926780700684,4.2791900634765625,4.212414741516113,4.504425048828125,4.405835151672363,3.928990364074707,2.9905786514282227,3.0230712890625,2.98150634765625,3.0464677810668945,2.9781084060668945,3.2872886657714844,3.0820465087890625,2.818572998046875,2.1832637786865234,2.1945695877075195,2.082932472229004,2.2299394607543945,2.1719532012939453,2.3504152297973633,2.3433752059936523,1.962275505065918,1.5644559860229492,1.5665082931518555,1.5514936447143555,1.6077260971069336,1.5380306243896484,1.8329181671142578,1.7269954681396484,1.3441123962402344
2192.5,6.267325401306152,6.279257774353027,6.2502288818359375,6.337067604064941,6.5017900466918945,6.556646347045898,6.373809814453125,5.798748970031738,4.428221702575684,4.421665191650391,4.385774612426758,4.552158355712891,4.566484451293945,4.805031776428223,4.591663360595703,4.19462776184082,4.200441360473633,4.249922752380371,4.204367637634277,4.282804489135742,4.21440315246582,4.503556251525879,4.409093856811523,3.9327001571655273,2.9925527572631836,3.0259780883789062,2.984233856201172,3.048811912536621,2.9823408126831055,3.289076805114746,3.0836353302001953,2.8221397399902344,2.184793472290039,2.196009635925293,2.0842580795288086,2.230767250061035,2.1728944778442383,2.345047950744629,2.345367431640625,1.9630260467529297,1.5654325485229492,1.5676469802856445,1.5523710250854492,1.6091299057006836,1.536590576171875,1.8322391510009766,1.7277517318725586,1.3460674285888672
2193.5,6.272900581359863,6.283352851867676,6.255290985107422,6.34256649017334,6.506415367126465,6.555103302001953,6.379729270935059,5.805794715881348,4.431145668029785,4.424175262451172,4.388051986694336,4.556007385253906,4.571605682373047,4.806544303894043,4.596635818481445,4.200645446777344,4.203208923339844,4.252444267272949,4.207291603088379,4.2862701416015625,4.21604061126709,4.5009613037109375,4.413118362426758,3.937037467956543,2.9945249557495117,3.0286388397216797,2.986215591430664,3.051344871520996,2.9863815307617188,3.2898740768432617,3.087970733642578,2.8252153396606445,2.1861572265625,2.197537422180176,2.0854673385620117,2.2322683334350586,2.172482490539551,2.3393983840942383,2.349651336669922,1.9626312255859375,1.5662622451782227,1.5688772201538086,1.5527467727661133,1.6110010147094727,1.5368423461914062,1.8330440521240234,1.7299890518188477,1.347966194152832
2194.5,6.278376579284668,6.286660194396973,6.260477066040039,6.348324775695801,6.511847496032715,6.553638458251953,6.38493537902832,5.813564300537109,4.434021949768066,4.4265899658203125,4.390642166137695,4.559598922729492,4.577715873718262,4.809649467468262,4.602049827575684,4.204870223999023,4.206182479858398,4.254147529602051,4.210328102111816,4.290287017822266,4.218084335327148,4.499585151672363,4.416923522949219,3.9399452209472656,2.996455192565918,3.0299816131591797,2.989116668701172,3.0540075302124023,2.990227699279785,3.292877197265625,3.092392921447754,2.82659912109375,2.1875972747802734,2.19882869720459,2.086796760559082,2.2341222763061523,2.1725168228149414,2.334885597229004,2.3535194396972656,1.9632024765014648,1.5671682357788086,1.5695981979370117,1.5533952713012695,1.6135873794555664,1.5372562408447266,1.8354511260986328,1.7322778701782227,1.3488893508911133
2195.5,6.283564567565918,6.289673805236816,6.26678466796875,6.352688789367676,6.518763542175293,6.552619934082031,6.391561508178711,5.822358131408691,4.4368791580200195,4.42901611328125,4.393596649169922,4.562660217285156,4.584590911865234,4.813211441040039,4.609950065612793,4.209949493408203,4.208934783935547,4.255856513977051,4.2137250900268555,4.293771743774414,4.2216901779174805,4.4980974197387695,4.422324180603027,3.9441452026367188,2.9982709884643555,3.031068801879883,2.9922943115234375,3.055758476257324,2.9939098358154297,3.2967424392700195,3.0968637466430664,2.8289194107055664,2.1890506744384766,2.200503349304199,2.087897300720215,2.2350778579711914,2.173304557800293,2.3307571411132812,2.356938362121582,1.964299201965332,1.5679845809936523,1.5708227157592773,1.5539636611938477,1.6147050857543945,1.5380077362060547,1.8385124206542969,1.7351560592651367,1.3506851196289062
2196.5,6.288884162902832,6.292550086975098,6.2718963623046875,6.3572893142700195,6.524822235107422,6.550508499145508,6.397749900817871,5.829717636108398,4.439608573913574,4.431264877319336,4.395978927612305,4.56602668762207,4.588647842407227,4.81622314453125,4.615166664123535,4.215451240539551,4.211645126342773,4.258179664611816,4.21640682220459,4.297355651855469,4.223809242248535,4.496603965759277,4.426604270935059,3.947930335998535,3.0001306533813477,3.0322494506835938,2.9944210052490234,3.0580224990844727,2.9958314895629883,3.300784111022949,3.0994749069213867,2.8316097259521484,2.190431594848633,2.20206356048584,2.0892019271850586,2.236325263977051,2.1731767654418945,2.3257884979248047,2.3587703704833984,1.965968132019043,1.5686845779418945,1.5721712112426758,1.5543718338012695,1.6165361404418945,1.5361194610595703,1.8408136367797852,1.7368497848510742,1.353464126586914
2197.5,6.294276237487793,6.296273231506348,6.277423858642578,6.361865043640137,6.5337724685668945,6.5500593185424805,6.403842926025391,5.839866638183594,4.442440986633301,4.433343887329102,4.398561477661133,4.568992614746094,4.594414710998535,4.820740699768066,4.619800567626953,4.223074913024902,4.214239120483398,4.261368751525879,4.220145225524902,4.300745010375977,4.228339195251465,4.49439811706543,4.430235862731934,3.9536972045898438,3.001938819885254,3.034334182739258,2.997770309448242,3.059462547302246,2.9987974166870117,3.304048538208008,3.102034568786621,2.836702346801758,2.1918182373046875,2.203721046447754,2.090762138366699,2.2371301651000977,2.175172805786133,2.3215789794921875,2.3598527908325195,1.968277931213379,1.5695562362670898,1.5739831924438477,1.5548906326293945,1.6173086166381836,1.5352468490600586,1.8437633514404297,1.7397489547729492,1.3580121994018555
2198.5,6.299832344055176,6.3004961013793945,6.282627105712891,6.366244316101074,6.543651580810547,6.548752784729004,6.410811424255371,5.849230766296387,4.445097923278809,4.435583114624023,4.401201248168945,4.572271347045898,4.601025581359863,4.823487281799316,4.625815391540527,4.228333473205566,4.216840744018555,4.264815330505371,4.223198890686035,4.304494857788086,4.234319686889648,4.490384101867676,4.436626434326172,3.9575424194335938,3.0038747787475586,3.036907196044922,2.999866485595703,3.06166934967041,3.0023183822631836,3.307339668273926,3.1063528060913086,2.841170310974121,2.1933460235595703,2.20523738861084,2.09230899810791,2.2384862899780273,2.1785974502563477,2.3147497177124023,2.3607826232910156,1.9684324264526367,1.570664405822754,1.5752687454223633,1.555272102355957,1.618809700012207,1.5345211029052734,1.8448238372802734,1.7432212829589844,1.3599681854248047
2199.5,6.30544376373291,6.304396629333496,6.28672981262207,6.370999336242676,6.553044319152832,6.5457611083984375,6.416557312011719,5.856220245361328,4.44783878326416,4.437589645385742,4.403467178344727,4.57563591003418,4.605776786804199,4.823809623718262,4.629194259643555,4.232887268066406,4.219625473022461,4.267275810241699,4.226670265197754,4.307733535766602,4.241467475891113,4.48445987701416,4.4426469802856445,3.9610166549682617,3.0060014724731445,3.039094924926758,3.002288818359375,3.0637598037719727,3.005497932434082,3.309598922729492,3.1114139556884766,2.8422317504882812,2.1949424743652344,2.206545829772949,2.0934057235717773,2.239335060119629,2.182497978210449,2.306796073913574,2.3616552352905273,1.9675912857055664,1.5719175338745117,1.575678825378418,1.555750846862793,1.6195001602172852,1.5347681045532227,1.844080924987793,1.744582176208496,1.360504150390625
2200.5,6.310978889465332,6.307812690734863,6.29139518737793,6.376030921936035,6.561820030212402,6.544280052185059,6.423377990722656,5.863272666931152,4.450579643249512,4.439413070678711,4.406564712524414,4.579767227172852,4.609933853149414,4.828336715698242,4.633905410766602,4.238822937011719,4.222299575805664,4.268973350524902,4.2297773361206055,4.311487197875977,4.248628616333008,4.480602264404297,4.44970703125,3.9658308029174805,3.0079050064086914,3.0411739349365234,3.004688262939453,3.066643714904785,3.009221076965332,3.312483787536621,3.116056442260742,2.8460874557495117,2.1964111328125,2.207587242126465,2.095583915710449,2.2407426834106445,2.186465263366699,2.299755096435547,2.3642568588256836,1.9685382843017578,1.5730371475219727,1.5758333206176758,1.5561151504516602,1.6207170486450195,1.5372562408447266,1.8455696105957031,1.7481317520141602,1.3636665344238281
2201.5,6.316214561462402,6.3110551834106445,6.295995712280273,6.380463600158691,6.568549156188965,6.542950630187988,6.42960262298584,5.871533393859863,4.453312873840332,4.441242218017578,4.409055709838867,4.583580017089844,4.614886283874512,4.831250190734863,4.639108657836914,4.246698379516602,4.225000381469727,4.2704057693481445,4.232956886291504,4.314203262329102,4.253911018371582,4.477209091186523,4.4558820724487305,3.9704532623291016,3.009518623352051,3.042818069458008,3.0071353912353516,3.0688962936401367,3.013202667236328,3.313600540161133,3.119351387023926,2.851321220397949,2.1976966857910156,2.2085981369018555,2.0965166091918945,2.242241859436035,2.1895360946655273,2.2926406860351562,2.3660764694213867,1.9710216522216797,1.573878288269043,1.5762395858764648,1.556473731994629,1.621281623840332,1.5415849685668945,1.8475151062011719,1.750227928161621,1.3671884536743164
2202.5,6.321185111999512,6.31392765045166,6.300004959106445,6.384514808654785,6.57684326171875,6.541959762573242,6.435816764831543,5.880375862121582,4.455916404724121,4.443061828613281,4.41120719909668,4.587167739868164,4.621177673339844,4.834842681884766,4.643440246582031,4.253904342651367,4.227741241455078,4.272061347961426,4.23544979095459,4.316535949707031,4.258673667907715,4.474754333496094,4.460792541503906,3.9760684967041016,3.011155128479004,3.0438671112060547,3.009004592895508,3.070582389831543,3.0165462493896484,3.3172969818115234,3.1228342056274414,2.8544740676879883,2.198760986328125,2.209742546081543,2.097733497619629,2.2434911727905273,2.192842483520508,2.2853527069091797,2.3681468963623047,1.9723396301269531,1.5747289657592773,1.5770158767700195,1.5564203262329102,1.6220273971557617,1.547372817993164,1.8506345748901367,1.7532968521118164,1.3708887100219727
2203.5,6.32627010345459,6.31656551361084,6.304691314697266,6.387978553771973,6.58433723449707,6.539211273193359,6.441882133483887,5.889182090759277,4.458662986755371,4.445035934448242,4.413434982299805,4.590129852294922,4.628107070922852,4.836479187011719,4.647916793823242,4.260778427124023,4.23065185546875,4.274409294128418,4.238451957702637,4.318071365356445,4.263995170593262,4.469738006591797,4.467715263366699,3.983635902404785,3.013035774230957,3.044687271118164,3.0109825134277344,3.071915626525879,3.0207786560058594,3.320375442504883,3.1272478103637695,2.858405113220215,2.1999988555908203,2.210902214050293,2.099062919616699,2.244473457336426,2.195749282836914,2.2760581970214844,2.3702478408813477,1.9760875701904297,1.5758543014526367,1.5784978866577148,1.5570173263549805,1.6220388412475586,1.5532121658325195,1.8507261276245117,1.757115364074707,1.3768062591552734
2204.5,6.331246376037598,6.319392204284668,6.309528350830078,6.391430854797363,6.591488838195801,6.53614616394043,6.448371887207031,5.895576477050781,4.461102485656738,4.446952819824219,4.416048049926758,4.593053817749023,4.6349992752075195,4.840610504150391,4.651130676269531,4.268348693847656,4.233301162719727,4.277129173278809,4.2410383224487305,4.319629669189453,4.268253326416016,4.465099334716797,4.474292755126953,3.98970890045166,3.014714241027832,3.0459117889404297,3.0128650665283203,3.0727720260620117,3.024456024169922,3.324082374572754,3.131916046142578,2.861186981201172,2.2011260986328125,2.2121076583862305,2.10067081451416,2.245425224304199,2.1977081298828125,2.26790714263916,2.372372627258301,1.9787044525146484,1.5768613815307617,1.5801420211791992,1.5575990676879883,1.622483253479004,1.5567474365234375,1.8530921936035156,1.7591524124145508,1.3812971115112305
2205.5,6.336052894592285,6.322493553161621,6.314741134643555,6.396014213562012,6.598227500915527,6.532374382019043,6.453753471374512,5.9018659591674805,4.46364688873291,4.448480606079102,4.418706893920898,4.5960845947265625,4.643119812011719,4.843120574951172,4.651741981506348,4.275213241577148,4.235870361328125,4.279776573181152,4.243460655212402,4.321895599365234,4.271653175354004,4.458032608032227,4.478786468505859,3.997450828552246,3.0163660049438477,3.0474014282226562,3.0152511596679688,3.074740409851074,3.027912139892578,3.3262109756469727,3.1346569061279297,2.8645124435424805,2.202350616455078,2.2130002975463867,2.1028127670288086,2.2468976974487305,2.198345184326172,2.2581119537353516,2.373403549194336,1.9816255569458008,1.5777807235717773,1.581416130065918,1.5588598251342773,1.6229887008666992,1.5584297180175781,1.8537311553955078,1.7597723007202148,1.3872356414794922
2206.5,6.340716361999512,6.325360298156738,6.32000732421875,6.400151252746582,6.605252265930176,6.529372215270996,6.460931777954102,5.912662506103516,4.466265678405762,4.450197219848633,4.421913146972656,4.599279403686523,4.650973320007324,4.84674072265625,4.651267051696777,4.281132698059082,4.238313674926758,4.282031059265137,4.246029853820801,4.324047088623047,4.274138450622559,4.453597068786621,4.483268737792969,4.003884315490723,3.018120765686035,3.048847198486328,3.0177955627441406,3.07619571685791,3.0314903259277344,3.330357551574707,3.138716697692871,2.869351387023926,2.2035903930664062,2.2139596939086914,2.104792594909668,2.2483606338500977,2.1995277404785156,2.249936103820801,2.3752098083496094,1.9834613800048828,1.5787363052368164,1.5817499160766602,1.5598440170288086,1.6232194900512695,1.558445930480957,1.8571043014526367,1.7615728378295898,1.393630027770996
2207.5,6.345404624938965,6.328186988830566,6.325187683105469,6.404562950134277,6.611021995544434,6.524806976318359,6.468005180358887,5.923371315002441,4.468960762023926,4.451848983764648,4.425127029418945,4.602407455444336,4.655778884887695,4.84977912902832,4.6492204666137695,4.287084579467773,4.240861892700195,4.283442497253418,4.249566078186035,4.325857162475586,4.27644157409668,4.448068618774414,4.490023612976074,4.012449264526367,3.01969051361084,3.050283432006836,3.019550323486328,3.0777463912963867,3.0346269607543945,3.333261489868164,3.143551826477051,2.873570442199707,2.204792022705078,2.214968681335449,2.106534004211426,2.249539375305176,2.199814796447754,2.241048812866211,2.376917839050293,1.986623764038086,1.5796442031860352,1.5815324783325195,1.5604372024536133,1.6234655380249023,1.5575199127197266,1.8586225509643555,1.7640180587768555,1.3976573944091797
2208.5,6.349968910217285,6.330613136291504,6.329395294189453,6.4093217849731445,6.617027282714844,6.521439552307129,6.47458553314209,5.933648109436035,4.471583366394043,4.4535064697265625,4.429021835327148,4.606170654296875,4.6602630615234375,4.851336479187012,4.646356582641602,4.293229103088379,4.243389129638672,4.28458309173584,4.252381324768066,4.328371047973633,4.2798967361450195,4.441510200500488,4.4961700439453125,4.020773887634277,3.021298408508301,3.051372528076172,3.022125244140625,3.079279899597168,3.037299156188965,3.335413932800293,3.1475372314453125,2.878326416015625,2.2060623168945312,2.215970039367676,2.108546257019043,2.2520151138305664,2.201399803161621,2.2326269149780273,2.3796892166137695,1.9901084899902344,1.580540657043457,1.5819120407104492,1.5612668991088867,1.624354362487793,1.556666374206543,1.858713150024414,1.7667512893676758,1.4037647247314453
2209.5,6.354397773742676,6.332798957824707,6.333953857421875,6.414095878601074,6.623744010925293,6.517657279968262,6.482091903686523,5.944231986999512,4.474177360534668,4.455284118652344,4.431577682495117,4.610069274902344,4.664300918579102,4.850307464599609,4.644227027893066,4.300154685974121,4.2459564208984375,4.286210060119629,4.25620174407959,4.331230163574219,4.282707214355469,4.434711456298828,4.501810073852539,4.027772903442383,3.022841453552246,3.051973342895508,3.0234432220458984,3.0812063217163086,3.0403356552124023,3.3390140533447266,3.1516170501708984,2.8826236724853516,2.2072677612304688,2.2170209884643555,2.1107072830200195,2.253830909729004,2.202789306640625,2.223263740539551,2.3828487396240234,1.993311882019043,1.581477165222168,1.5823049545288086,1.5619077682495117,1.6243352890014648,1.5561037063598633,1.858957290649414,1.7695741653442383,1.4100675582885742
2210.5,6.358695030212402,6.335003852844238,6.338733673095703,6.418374061584473,6.6297197341918945,6.51511287689209,6.487614631652832,5.954464912414551,4.476698875427246,4.456930160522461,4.435054779052734,4.613651275634766,4.668745994567871,4.850174903869629,4.642690658569336,4.307729721069336,4.248273849487305,4.288577079772949,4.258852958679199,4.334041595458984,4.284916877746582,4.429373741149902,4.507102012634277,4.03525447845459,3.0241899490356445,3.0529842376708984,3.025602340698242,3.0835561752319336,3.041921615600586,3.342803955078125,3.1543426513671875,2.8871240615844727,2.2084312438964844,2.2183008193969727,2.112532615661621,2.2555627822875977,2.2024621963500977,2.2146263122558594,2.385284423828125,1.9979429244995117,1.5823373794555664,1.5835599899291992,1.5634279251098633,1.6240434646606445,1.5545721054077148,1.861130714416504,1.7714319229125977,1.414931297302246
2211.5,6.363131523132324,6.337306022644043,6.343561172485352,6.422572135925293,6.633404731750488,6.512392044067383,6.49365234375,5.9619951248168945,4.479351997375488,4.458375930786133,4.438276290893555,4.617254257202148,4.67182731628418,4.8509063720703125,4.641888618469238,4.312620162963867,4.250766754150391,4.291142463684082,4.262253761291504,4.336885452270508,4.287385940551758,4.423870086669922,4.513199806213379,4.039666175842285,3.025662422180176,3.0543766021728516,3.027402877807617,3.085747718811035,3.043752670288086,3.3446741104125977,3.158184051513672,2.888124465942383,2.2097930908203125,2.2192296981811523,2.1147279739379883,2.25710391998291,2.199909210205078,2.2056636810302734,2.390069007873535,1.9987211227416992,1.583287239074707,1.584956169128418,1.5649709701538086,1.624089241027832,1.5523004531860352,1.8625774383544922,1.7743139266967773,1.4208354949951172
2212.5,6.367524147033691,6.339787483215332,6.349081039428711,6.426945686340332,6.637236595153809,6.510075569152832,6.49962043762207,5.969483375549316,4.481951713562012,4.459253311157227,4.44224739074707,4.621023178100586,4.676217079162598,4.85213565826416,4.640562057495117,4.317169189453125,4.253269195556641,4.292946815490723,4.2659196853637695,4.340141296386719,4.291018486022949,4.417912483215332,4.518166542053223,4.04571533203125,3.027329444885254,3.0553016662597656,3.0301666259765625,3.088200569152832,3.0463027954101562,3.345261573791504,3.1613616943359375,2.890085220336914,2.211212158203125,2.219590187072754,2.117039680480957,2.2587804794311523,2.198932647705078,2.1955747604370117,2.3938026428222656,1.9986743927001953,1.5842771530151367,1.5856142044067383,1.5663156509399414,1.624140739440918,1.5517845153808594,1.8634366989135742,1.7771778106689453,1.4255647659301758
2213.5,6.371735572814941,6.342158317565918,6.355623245239258,6.430451393127441,6.643693923950195,6.508756637573242,6.505326271057129,5.978146553039551,4.484429359436035,4.460161209106445,4.446296691894531,4.624271392822266,4.682294845581055,4.852931022644043,4.639071464538574,4.322983741760254,4.255611419677734,4.294072151184082,4.269976615905762,4.342985153198242,4.29367733001709,4.41236686706543,4.523745536804199,4.049191474914551,3.0289316177368164,3.0560989379882812,3.033039093017578,3.0899477005004883,3.048508644104004,3.345564842224121,3.1643266677856445,2.8909358978271484,2.2124557495117188,2.2200498580932617,2.1201086044311523,2.259697914123535,2.1995372772216797,2.186434745788574,2.3966550827026367,1.9992504119873047,1.5850763320922852,1.5853910446166992,1.5685701370239258,1.624617576599121,1.5514049530029297,1.8666296005249023,1.7811708450317383,1.428288459777832
2214.5,6.375914573669434,6.344443321228027,6.361993789672852,6.433381080627441,6.650656700134277,6.503540992736816,6.511260032653809,5.986479759216309,4.486849784851074,4.461177825927734,4.450031280517578,4.626834869384766,4.6867170333862305,4.851308822631836,4.63606071472168,4.328627586364746,4.257875442504883,4.294297218322754,4.273566246032715,4.345451354980469,4.295642852783203,4.404899597167969,4.52896785736084,4.054210662841797,3.030642509460449,3.056661605834961,3.0358200073242188,3.092026710510254,3.050474166870117,3.3430776596069336,3.1677589416503906,2.8935441970825195,2.213712692260742,2.2204999923706055,2.121890068054199,2.260443687438965,2.199709892272949,2.1752281188964844,2.3996124267578125,2.001169204711914,1.5859441757202148,1.5847387313842773,1.570277214050293,1.6249456405639648,1.5514259338378906,1.8674468994140625,1.7843027114868164,1.4305429458618164
2215.5,6.380053520202637,6.3463029861450195,6.369712829589844,6.436362266540527,6.656252861022949,6.498854637145996,6.517452239990234,5.9924468994140625,4.489197731018066,4.462350845336914,4.454679489135742,4.6285400390625,4.6897783279418945,4.850246429443359,4.631780624389648,4.330533981323242,4.260040283203125,4.29453182220459,4.2783002853393555,4.348155975341797,4.297151565551758,4.399014472961426,4.533942222595215,4.057330131530762,3.03231143951416,3.0570316314697266,3.0392990112304688,3.09444522857666,3.051372528076172,3.3422136306762695,3.1719932556152344,2.8940811157226562,2.2149829864501953,2.2212514877319336,2.125094413757324,2.26193904876709,2.1987361907958984,2.1668357849121094,2.4031152725219727,1.9993457794189453,1.5867624282836914,1.5844545364379883,1.5732755661010742,1.625554084777832,1.5506038665771484,1.868117332458496,1.7875041961669922,1.4302701950073242
2216.5,6.384112358093262,6.348210334777832,6.377660751342773,6.440003395080566,6.660423278808594,6.494171142578125,6.523165702819824,5.997486114501953,4.49143123626709,4.463891983032227,4.460430145263672,4.631170272827148,4.691744804382324,4.848201751708984,4.626837730407715,4.3345794677734375,4.262170791625977,4.295891761779785,4.284186363220215,4.351764678955078,4.2993268966674805,4.39504337310791,4.539791107177734,4.05991268157959,3.0338640213012695,3.0574302673339844,3.0429763793945312,3.096991539001465,3.051485061645508,3.343756675720215,3.17563533782959,2.8949403762817383,2.216127395629883,2.2224607467651367,2.12856388092041,2.2651147842407227,2.1969432830810547,2.16030216217041,2.4065446853637695,1.9990673065185547,1.5874929428100586,1.5850915908813477,1.5772314071655273,1.6271753311157227,1.5497064590454102,1.8684396743774414,1.7900285720825195,1.4313421249389648
2217.5,6.388218879699707,6.350153923034668,6.386890411376953,6.443108558654785,6.666896820068359,6.490992546081543,6.530144691467285,6.003231048583984,4.493748664855957,4.46571159362793,4.468036651611328,4.633611679077148,4.695499420166016,4.84548282623291,4.62302303314209,4.337908744812012,4.264406204223633,4.297930717468262,4.291508674621582,4.353742599487305,4.3023481369018555,4.391176223754883,4.5467376708984375,4.061847686767578,3.035428047180176,3.0581130981445312,3.047220230102539,3.099400520324707,3.0534114837646484,3.34462833404541,3.1807432174682617,2.8948984146118164,2.217275619506836,2.2237844467163086,2.133603096008301,2.266718864440918,2.1970176696777344,2.1544418334960938,2.4106874465942383,1.9991798400878906,1.5882883071899414,1.5863847732543945,1.5824918746948242,1.627842903137207,1.5499229431152344,1.8672475814819336,1.7947998046875,1.4318828582763672
2218.5,6.392270088195801,6.352595329284668,6.396978378295898,6.446805000305176,6.672999382019043,6.490350723266602,6.535677909851074,6.009304046630859,4.495846748352051,4.467290878295898,4.476011276245117,4.63618278503418,4.700355529785156,4.845403671264648,4.618617057800293,4.342423439025879,4.266483306884766,4.300253868103027,4.2990007400512695,4.356950759887695,4.305335998535156,4.387056350708008,4.552146911621094,4.066652297973633,3.0368852615356445,3.0595569610595703,3.0507125854492188,3.1019468307495117,3.0562362670898438,3.345834732055664,3.182840347290039,2.8975610733032227,2.218229293823242,2.224686622619629,2.136998176574707,2.2693891525268555,2.1981582641601562,2.1486587524414062,2.4117298126220703,1.9995155334472656,1.5891332626342773,1.5877618789672852,1.5885019302368164,1.6287317276000977,1.550588607788086,1.865976333618164,1.7976903915405273,1.4324617385864258
2219.5,6.396288871765137,6.354769706726074,6.407018661499023,6.450564384460449,6.679415702819824,6.491856575012207,6.542464256286621,6.014351844787598,4.497920036315918,4.4683685302734375,4.483957290649414,4.638599395751953,4.7048444747924805,4.847153663635254,4.614703178405762,4.348932266235352,4.268674850463867,4.301909446716309,4.306792259216309,4.359180450439453,4.308591842651367,4.382922172546387,4.558528900146484,4.071354866027832,3.038235664367676,3.0606231689453125,3.053974151611328,3.102633476257324,3.0588035583496094,3.347827911376953,3.186624526977539,2.900872230529785,2.2191429138183594,2.224907875061035,2.1404523849487305,2.270918846130371,2.1999731063842773,2.142350196838379,2.4143381118774414,2.001619338989258,1.589859962463379,1.588505744934082,1.5951528549194336,1.629368782043457,1.551295280456543,1.8643817901611328,1.800490379333496,1.4335308074951172
2220.5,6.399994850158691,6.356825828552246,6.417383193969727,6.4548444747924805,6.682920455932617,6.492422103881836,6.548779487609863,6.020184516906738,4.499951362609863,4.469501495361328,4.492321014404297,4.641204833984375,4.708530426025391,4.848776817321777,4.610129356384277,4.352654457092285,4.270717620849609,4.303193092346191,4.3153276443481445,4.361110687255859,4.31124210357666,4.375293731689453,4.563162803649902,4.076552391052246,3.0394372940063477,3.0617523193359375,3.0578765869140625,3.10422420501709,3.0605688095092773,3.3499298095703125,3.189621925354004,2.903829574584961,2.2199878692626953,2.225090980529785,2.144364356994629,2.271843910217285,2.200420379638672,2.131514549255371,2.4165029525756836,2.0035295486450195,1.5904836654663086,1.588374137878418,1.6020307540893555,1.6302099227905273,1.552541732788086,1.8645000457763672,1.8013849258422852,1.431966781616211
2221.5,6.403782844543457,6.358843803405762,6.428529739379883,6.458939552307129,6.687771797180176,6.492091178894043,6.555000305175781,6.026424407958984,4.502083778381348,4.470798492431641,4.500949859619141,4.64457893371582,4.713173866271973,4.850912094116211,4.606130599975586,4.359773635864258,4.272844314575195,4.30410099029541,4.324019432067871,4.363733291625977,4.314548492431641,4.366207122802734,4.569069862365723,4.082705497741699,3.0408849716186523,3.0627784729003906,3.06219482421875,3.106184959411621,3.0628223419189453,3.351935386657715,3.1944894790649414,2.9060869216918945,2.221078872680664,2.2255773544311523,2.148829460144043,2.2733964920043945,2.200798988342285,2.1207475662231445,2.4188232421875,2.0060815811157227,1.591261863708496,1.5878973007202148,1.6095266342163086,1.630082130432129,1.55413818359375,1.8649053573608398,1.8011445999145508,1.43353271484375
2222.5,6.407588005065918,6.3605451583862305,6.438304901123047,6.462498664855957,6.691136360168457,6.490163803100586,6.564105987548828,6.036474227905273,4.504178047180176,4.471715927124023,4.508867263793945,4.648317337036133,4.71968936920166,4.853582382202148,4.605130195617676,4.367125511169434,4.274995803833008,4.304871559143066,4.3319807052612305,4.366790771484375,4.31935977935791,4.357593536376953,4.578682899475098,4.088920593261719,3.04232120513916,3.0631542205810547,3.065185546875,3.1085195541381836,3.06618595123291,3.353867530822754,3.202909469604492,2.9108076095581055,2.2221908569335938,2.2259225845336914,2.152052879333496,2.2751474380493164,2.202239990234375,2.1117515563964844,2.4257020950317383,2.009370803833008,1.5919294357299805,1.5875673294067383,1.6161127090454102,1.631241798400879,1.5568523406982422,1.8670339584350586,1.80206298828125,1.4352455139160156
2223.5,6.411435127258301,6.361992835998535,6.4481658935546875,6.465989112854004,6.69377326965332,6.48488712310791,6.575127601623535,6.0435895919799805,4.506300926208496,4.473154067993164,4.516374588012695,4.651050567626953,4.725133895874023,4.855857849121094,4.605108261108398,4.373288154602051,4.277076721191406,4.306042671203613,4.339631080627441,4.369327545166016,4.321863174438477,4.349757194519043,4.59018611907959,4.093888282775879,3.043717384338379,3.063262939453125,3.0676498413085938,3.1113996505737305,3.0690536499023438,3.356170654296875,3.211698532104492,2.913081169128418,2.2234363555908203,2.2268800735473633,2.1556997299194336,2.276453971862793,2.203610420227051,2.1050186157226562,2.4334516525268555,2.0134096145629883,1.5927000045776367,1.5879812240600586,1.6223249435424805,1.6318674087524414,1.5577449798583984,1.8690662384033203,1.8033924102783203,1.4343137741088867
2224.5,6.415316581726074,6.363677024841309,6.458745956420898,6.469658851623535,6.694772720336914,6.479540824890137,6.584698677062988,6.052517890930176,4.508458137512207,4.4748992919921875,4.523769378662109,4.653558731079102,4.729898452758789,4.85855770111084,4.605725288391113,4.378668785095215,4.279218673706055,4.307721138000488,4.347708702087402,4.371721267700195,4.326010704040527,4.3431806564331055,4.602691650390625,4.099267959594727,3.045088768005371,3.063894271850586,3.0719070434570312,3.112851142883301,3.0714197158813477,3.357485771179199,3.2209463119506836,2.9174842834472656,2.2246437072753906,2.228116035461426,2.1602163314819336,2.278130531311035,2.2027339935302734,2.100832939147949,2.4414901733398438,2.019075393676758,1.5935487747192383,1.5889711380004883,1.6295747756958008,1.6318597793579102,1.5579090118408203,1.871145248413086,1.8050956726074219,1.4359960556030273
2225.5,6.419085502624512,6.365601539611816,6.469366073608398,6.472907066345215,6.698420524597168,6.4740705490112305,6.592411994934082,6.0619096755981445,4.510468482971191,4.4765625,4.530803680419922,4.655780792236328,4.73793888092041,4.863324165344238,4.604418754577637,4.385753631591797,4.281286239624023,4.309670448303223,4.35494327545166,4.374685287475586,4.3315629959106445,4.336060523986816,4.614751815795898,4.106151580810547,3.0463953018188477,3.0652084350585938,3.0757675170898438,3.1138105392456055,3.0742921829223633,3.359175682067871,3.2301807403564453,2.925652503967285,2.2257823944091797,2.22898006439209,2.1647634506225586,2.2789411544799805,2.2022829055786133,2.094742774963379,2.4485483169555664,2.0263004302978516,1.5943231582641602,1.5902605056762695,1.6360597610473633,1.6329450607299805,1.5573854446411133,1.8727149963378906,1.8078832626342773,1.4410953521728516
2226.5,6.422915458679199,6.367499351501465,6.479503631591797,6.475747108459473,6.704357147216797,6.470150947570801,6.597749710083008,6.0705976486206055,4.512511253356934,4.477764129638672,4.537872314453125,4.657609939575195,4.74455451965332,4.870210647583008,4.6027984619140625,4.393555641174316,4.283321380615234,4.311264991760254,4.362502098083496,4.376964569091797,4.33937931060791,4.3324127197265625,4.6241912841796875,4.114767074584961,3.047722816467285,3.066507339477539,3.0791454315185547,3.115084648132324,3.0764636993408203,3.360384941101074,3.239010810852051,2.931443214416504,2.226898193359375,2.229367256164551,2.169070243835449,2.2807493209838867,2.2021846771240234,2.091567039489746,2.455134391784668,2.0321731567382812,1.5951833724975586,1.5910844802856445,1.6416826248168945,1.6329545974731445,1.5578107833862305,1.8775720596313477,1.8104562759399414,1.444326400756836
2227.5,6.426650047302246,6.369458198547363,6.489847183227539,6.4786787033081055,6.711307525634766,6.470783233642578,6.603205680847168,6.079008102416992,4.514620780944824,4.479072570800781,4.545305252075195,4.659524917602539,4.74932861328125,4.879728317260742,4.600811958312988,4.399779319763184,4.285287857055664,4.312577247619629,4.370068550109863,4.378772735595703,4.345308303833008,4.330750465393066,4.631074905395508,4.121077537536621,3.049044609069824,3.067758560180664,3.0819129943847656,3.1156816482543945,3.079024314880371,3.361386299133301,3.2456750869750977,2.9381790161132812,2.2279052734375,2.2297983169555664,2.172553062438965,2.282679557800293,2.201997756958008,2.0937700271606445,2.4625415802001953,2.0354623794555664,1.5959844589233398,1.5913057327270508,1.647385597229004,1.633143424987793,1.558034896850586,1.8838090896606445,1.8133554458618164,1.4472618103027344
2228.5,6.430373191833496,6.371415138244629,6.500097274780273,6.480834007263184,6.718413352966309,6.476008415222168,6.608168601989746,6.0868635177612305,4.516718864440918,4.480426788330078,4.553386688232422,4.662332534790039,4.753416061401367,4.89251708984375,4.59805965423584,4.406871795654297,4.287212371826172,4.313725471496582,4.377211570739746,4.380954742431641,4.348542213439941,4.334473609924316,4.63576602935791,4.128107070922852,3.05039119720459,3.0689868927001953,3.085023880004883,3.116715431213379,3.0810546875,3.3649673461914062,3.2501373291015625,2.945323944091797,2.2289981842041016,2.2303476333618164,2.1764307022094727,2.284701347351074,2.2025375366210938,2.1011438369750977,2.4703283309936523,2.0389509201049805,1.5967893600463867,1.591048240661621,1.6523065567016602,1.6318979263305664,1.5588417053222656,1.8932676315307617,1.8153448104858398,1.4519309997558594
2229.5,6.433959007263184,6.373284339904785,6.510051727294922,6.485018730163574,6.724337577819824,6.484316825866699,6.61361026763916,6.094522476196289,4.5186872482299805,4.481681823730469,4.561882019042969,4.664796829223633,4.756538391113281,4.904721260070801,4.59450626373291,4.413640975952148,4.289102554321289,4.314818382263184,4.384247779846191,4.383533477783203,4.349749565124512,4.344287872314453,4.638829231262207,4.134385108947754,3.0517454147338867,3.069499969482422,3.0879459381103516,3.118533134460449,3.083141326904297,3.3683700561523438,3.2534475326538086,2.951650619506836,2.229888916015625,2.2308759689331055,2.1800012588500977,2.2874631881713867,2.2028579711914062,2.1097068786621094,2.4773740768432617,2.0434017181396484,1.5975656509399414,1.590947151184082,1.6582956314086914,1.6313982009887695,1.559617042541504,1.9045238494873047,1.8169145584106445,1.4560394287109375
2230.5,6.437426567077637,6.37465763092041,6.520742416381836,6.488106727600098,6.728176116943359,6.493561744689941,6.6212873458862305,6.102361679077148,4.520611763000488,4.482965469360352,4.5705108642578125,4.6671295166015625,4.758957862854004,4.914348602294922,4.592276573181152,4.422760009765625,4.290988922119141,4.315890312194824,4.392275810241699,4.386077880859375,4.350212097167969,4.353061676025391,4.643027305603027,4.142006874084473,3.0530805587768555,3.0694332122802734,3.090974807739258,3.119656562805176,3.084676742553711,3.3692398071289062,3.2581920623779297,2.9597349166870117,2.2307510375976562,2.231755256652832,2.1846094131469727,2.289017677307129,2.2028799057006836,2.1180248260498047,2.486050605773926,2.051091194152832,1.5983610153198242,1.5914583206176758,1.6645402908325195,1.6315317153930664,1.56109619140625,1.9148616790771484,1.8181867599487305,1.4608192443847656
2231.5,6.440749168395996,6.375777244567871,6.5304718017578125,6.49153995513916,6.730393409729004,6.507264137268066,6.627743721008301,6.10749626159668,4.5225019454956055,4.484819412231445,4.5778656005859375,4.669801712036133,4.7618818283081055,4.9258928298950195,4.589234352111816,4.429495811462402,4.292764663696289,4.317641258239746,4.399550437927246,4.3887939453125,4.351619720458984,4.363266944885254,4.648377418518066,4.148530960083008,3.054266929626465,3.0697898864746094,3.094137191772461,3.1204233169555664,3.086641311645508,3.370272636413574,3.2635936737060547,2.9647655487060547,2.2316951751708984,2.233181953430176,2.188797950744629,2.290886878967285,2.2025251388549805,2.127932548522949,2.4953794479370117,2.056488037109375,1.5990228652954102,1.5928583145141602,1.6697416305541992,1.6318159103393555,1.5618829727172852,1.9236955642700195,1.8203086853027344,1.4616241455078125
2232.5,6.44425106048584,6.377108573913574,6.540271759033203,6.494450569152832,6.7314300537109375,6.524204254150391,6.634637832641602,6.115766525268555,4.5243940353393555,4.4868621826171875,4.584573745727539,4.672492980957031,4.765969276428223,4.938817977905273,4.586591720581055,4.437305450439453,4.294702529907227,4.319369316101074,4.4061384201049805,4.392601013183594,4.353945732116699,4.374155044555664,4.654778480529785,4.153383255004883,3.0555315017700195,3.0708694458007812,3.097339630126953,3.1207704544067383,3.0887460708618164,3.3719959259033203,3.270188331604004,2.9692325592041016,2.232654571533203,2.234625816345215,2.1926679611206055,2.291945457458496,2.202503204345703,2.13425350189209,2.5054426193237305,2.062211036682129,1.599696159362793,1.5943994522094727,1.674708366394043,1.6317987442016602,1.5625410079956055,1.9286632537841797,1.8238410949707031,1.4623346328735352
2233.5,6.4477434158325195,6.378754615783691,6.550130844116211,6.497126579284668,6.731830596923828,6.542356491088867,6.640720367431641,6.122811317443848,4.526244163513184,4.488914489746094,4.591814041137695,4.6757049560546875,4.770671844482422,4.9509429931640625,4.583876609802246,4.44525146484375,4.29661750793457,4.320864677429199,4.413430213928223,4.39508056640625,4.356851577758789,4.383122444152832,4.661418914794922,4.161806106567383,3.0568151473999023,3.072265625,3.1002635955810547,3.12186336517334,3.090399742126465,3.375006675720215,3.2769031524658203,2.9740123748779297,2.2336883544921875,2.235762596130371,2.1971635818481445,2.293074607849121,2.2015933990478516,2.1356191635131836,2.5168867111206055,2.067037582397461,1.6003599166870117,1.595656394958496,1.6804933547973633,1.6311349868774414,1.5626716613769531,1.929945945739746,1.8281230926513672,1.4647560119628906
2234.5,6.451172828674316,6.380566596984863,6.560268402099609,6.501189231872559,6.732575416564941,6.5590715408325195,6.648139953613281,6.129384994506836,4.528046607971191,4.490413665771484,4.598188400268555,4.67994499206543,4.775376319885254,4.960285186767578,4.5824384689331055,4.451828956604004,4.298578262329102,4.3218793869018555,4.420748710632324,4.399036407470703,4.360730171203613,4.390302658081055,4.669073104858398,4.1669769287109375,3.057990074157715,3.073366165161133,3.1031036376953125,3.124241828918457,3.0916576385498047,3.378793716430664,3.283815383911133,2.980182647705078,2.234647750854492,2.236233711242676,2.200789451599121,2.2946577072143555,2.200490951538086,2.134495735168457,2.525252342224121,2.0729522705078125,1.6009645462036133,1.5958871841430664,1.6856794357299805,1.6315698623657227,1.5625333786010742,1.929612159729004,1.8334970474243164,1.4660720825195312
2235.5,6.454638481140137,6.381989479064941,6.57063102722168,6.5058698654174805,6.735895156860352,6.572373390197754,6.654780387878418,6.134613037109375,4.529915809631348,4.491498947143555,4.605159759521484,4.683799743652344,4.780328750610352,4.968542098999023,4.580284118652344,4.4576616287231445,4.300592422485352,4.322903633117676,4.428570747375488,4.401592254638672,4.3658599853515625,4.395240783691406,4.676329612731934,4.17183780670166,3.0593175888061523,3.074291229248047,3.1067657470703125,3.126889228820801,3.0933351516723633,3.38242244720459,3.28981876373291,2.983698844909668,2.235738754272461,2.236599922180176,2.2044458389282227,2.2971506118774414,2.198862075805664,2.1293935775756836,2.531886100769043,2.0770578384399414,1.6015539169311523,1.5954408645629883,1.6916513442993164,1.632981300354004,1.561539649963379,1.9292755126953125,1.8378477096557617,1.465982437133789
2236.5,6.457974433898926,6.383540153503418,6.581993103027344,6.5100603103637695,6.741759300231934,6.585877418518066,6.6624250411987305,6.142367362976074,4.531790733337402,4.492609024047852,4.612751007080078,4.687318801879883,4.784618377685547,4.976620674133301,4.578800201416016,4.46506404876709,4.302515029907227,4.324063301086426,4.436713218688965,4.404218673706055,4.3709821701049805,4.402933120727539,4.683177947998047,4.177680969238281,3.060521125793457,3.074596405029297,3.10992431640625,3.128767967224121,3.0946455001831055,3.3880958557128906,3.296278953552246,2.989288330078125,2.236713409423828,2.2367639541625977,2.20877742767334,2.299717903137207,2.197650909423828,2.1231679916381836,2.537583351135254,2.083401679992676,1.602097511291504,1.5948896408081055,1.697920799255371,1.6333894729614258,1.562112808227539,1.929910659790039,1.842045783996582,1.4682083129882812
2237.5,6.461380958557129,6.384514808654785,6.591632843017578,6.513348579406738,6.749345779418945,6.596247673034668,6.671184539794922,6.1488494873046875,4.533541679382324,4.4935302734375,4.620229721069336,4.689491271972656,4.788419723510742,4.9819488525390625,4.575845718383789,4.469493865966797,4.304328918457031,4.325228691101074,4.4454450607299805,4.405561447143555,4.375088691711426,4.407729148864746,4.690964698791504,4.185697555541992,3.0616846084594727,3.0742111206054688,3.112489700317383,3.1305665969848633,3.096426010131836,3.3914127349853516,3.3030948638916016,2.9926023483276367,2.2376785278320312,2.236954689025879,2.212162971496582,2.3015947341918945,2.197829246520996,2.114163398742676,2.543241500854492,2.0876569747924805,1.6026544570922852,1.5950384140014648,1.7037591934204102,1.633915901184082,1.563018798828125,1.929701805114746,1.8461847305297852,1.471125602722168
2238.5,6.4648542404174805,6.385424613952637,6.601055145263672,6.516661643981934,6.756176948547363,6.606657981872559,6.679073333740234,6.15852165222168,4.535405158996582,4.495290756225586,4.626995086669922,4.6922454833984375,4.791078567504883,4.991240501403809,4.5726423263549805,4.476676940917969,4.306324005126953,4.326912879943848,4.4530839920043945,4.407987594604492,4.377715110778809,4.4120683670043945,4.697939872741699,4.19538688659668,3.0629701614379883,3.0746536254882812,3.11517333984375,3.132452964782715,3.0983123779296875,3.396172523498535,3.308211326599121,2.9991455078125,2.238767623901367,2.237982749938965,2.215367317199707,2.304812431335449,2.198253631591797,2.107834815979004,2.548482894897461,2.0948734283447266,1.6034536361694336,1.5963563919067383,1.7090425491333008,1.6353540420532227,1.564194679260254,1.929936408996582,1.8490333557128906,1.4746341705322266
2239.5,6.4682817459106445,6.38669490814209,6.610065460205078,6.519644737243652,6.762263298034668,6.614107131958008,6.686720848083496,6.16770076751709,4.537266731262207,4.497514724731445,4.633640289306641,4.694515228271484,4.793452262878418,4.999955177307129,4.568788528442383,4.482375144958496,4.308296203613281,4.328925132751465,4.460545539855957,4.4099884033203125,4.380283355712891,4.411203384399414,4.704984664916992,4.2039995193481445,3.0642499923706055,3.075967788696289,3.1177444458007812,3.133549690246582,3.100637435913086,3.3994340896606445,3.3122854232788086,3.005340576171875,2.2398605346679688,2.239455223083496,2.2186784744262695,2.3063440322875977,2.199350357055664,2.1010618209838867,2.5537023544311523,2.1004533767700195,1.604201316833496,1.5978384017944336,1.714259147644043,1.6360273361206055,1.5664520263671875,1.93023681640625,1.8509769439697266,1.4772005081176758
2240.5,6.471714973449707,6.388657569885254,6.619342803955078,6.5218610763549805,6.765918731689453,6.618549346923828,6.6939592361450195,6.1782989501953125,4.538987159729004,4.499691009521484,4.640485763549805,4.697383880615234,4.796106338500977,5.008693695068359,4.5653486251831055,4.492057800292969,4.310152053833008,4.330742835998535,4.467989921569824,4.412849426269531,4.381677627563477,4.407588958740234,4.711584091186523,4.211976051330566,3.065537452697754,3.077777862548828,3.1205081939697266,3.1349172592163086,3.1031417846679688,3.4032115936279297,3.316706657409668,3.011733055114746,2.240926742553711,2.240992546081543,2.2225046157836914,2.30844783782959,2.199869155883789,2.0963926315307617,2.5602407455444336,2.1083288192749023,1.604914665222168,1.5994253158569336,1.7196378707885742,1.636927604675293,1.5680418014526367,1.9314203262329102,1.8517160415649414,1.4817829132080078
2241.5,6.475054740905762,6.3903608322143555,6.628826141357422,6.52529239654541,6.767004013061523,6.620169639587402,6.702302932739258,6.186307907104492,4.5407514572143555,4.501323699951172,4.647624969482422,4.699245452880859,4.799264907836914,5.017856597900391,4.563010215759277,4.500938415527344,4.312034606933594,4.3317975997924805,4.475211143493652,4.414918899536133,4.383878707885742,4.401137351989746,4.719382286071777,4.219780921936035,3.0667810440063477,3.0791263580322266,3.1230525970458984,3.1359338760375977,3.105656623840332,3.405618667602539,3.3219127655029297,3.016909599304199,2.2420482635498047,2.242051124572754,2.2267370223999023,2.309412956237793,2.199605941772461,2.0932178497314453,2.5672121047973633,2.114504814147949,1.6055841445922852,1.6002397537231445,1.724898338317871,1.6370248794555664,1.5697822570800781,1.931931495666504,1.852778434753418,1.484060287475586
2242.5,6.478573799133301,6.391776084899902,6.638877868652344,6.527970314025879,6.767948150634766,6.6213178634643555,6.711800575256348,6.194112777709961,4.542654991149902,4.502618789672852,4.655059814453125,4.700292587280273,4.804413795471191,5.023433685302734,4.564319610595703,4.507147789001465,4.313953399658203,4.33254337310791,4.482657432556152,4.417182922363281,4.3878889083862305,4.395088195800781,4.728643417358398,4.223379135131836,3.0680112838745117,3.0799179077148438,3.1260242462158203,3.136141777038574,3.107724189758301,3.4033708572387695,3.3309097290039062,3.021559715270996,2.243152618408203,2.242558479309082,2.23123836517334,2.3101072311401367,2.198908805847168,2.093914031982422,2.577056884765625,2.1171836853027344,1.6063261032104492,1.6002435684204102,1.7311792373657227,1.6371335983276367,1.5710487365722656,1.9315557479858398,1.8561525344848633,1.4858150482177734
2243.5,6.482077598571777,6.393113136291504,6.64851188659668,6.532013893127441,6.770079612731934,6.624215126037598,6.722311019897461,6.203357696533203,4.544672966003418,4.503662109375,4.662742614746094,4.702695846557617,4.811094284057617,5.030172348022461,4.567954063415527,4.5154571533203125,4.316005706787109,4.333600044250488,4.489546775817871,4.419712066650391,4.393444061279297,4.396273612976074,4.737682342529297,4.229691505432129,3.0693540573120117,3.080415725708008,3.128194808959961,3.136601448059082,3.1114301681518555,3.403201103210449,3.34213924407959,3.026683807373047,2.244356155395508,2.2430105209350586,2.2357587814331055,2.311821937561035,2.1977272033691406,2.1027345657348633,2.5880556106567383,2.122190475463867,1.6071062088012695,1.5997686386108398,1.7366743087768555,1.6382226943969727,1.5728654861450195,1.935171127319336,1.8589181900024414,1.4875478744506836
2244.5,6.485548973083496,6.394238471984863,6.657390594482422,6.536116600036621,6.77264404296875,6.62873649597168,6.7332563400268555,6.211605072021484,4.546647071838379,4.504831314086914,4.669706344604492,4.704591751098633,4.816919326782227,5.040229797363281,4.57330322265625,4.523710250854492,4.318044662475586,4.3348588943481445,4.496024131774902,4.42225456237793,4.398323059082031,4.404462814331055,4.746228218078613,4.235881805419922,3.070672035217285,3.0807228088378906,3.1301612854003906,3.1363229751586914,3.113520622253418,3.405759811401367,3.3542795181274414,3.031003952026367,2.245607376098633,2.2434396743774414,2.240170478820801,2.3139047622680664,2.1970129013061523,2.1192455291748047,2.5988101959228516,2.127682685852051,1.6079416275024414,1.599604606628418,1.7425737380981445,1.6400480270385742,1.5737419128417969,1.9439783096313477,1.8603525161743164,1.4893989562988281
2245.5,6.488905906677246,6.395276069641113,6.665506362915039,6.539368629455566,6.777260780334473,6.6322126388549805,6.741467475891113,6.218170166015625,4.548579216003418,4.506122589111328,4.676172256469727,4.707456588745117,4.822278022766113,5.05275821685791,4.578273773193359,4.5316619873046875,4.320001602172852,4.336312294006348,4.502009391784668,4.425163269042969,4.402702331542969,4.4193010330200195,4.753209114074707,4.240410804748535,3.071986198425293,3.0805110931396484,3.131654739379883,3.1364755630493164,3.116732597351074,3.406665802001953,3.363567352294922,3.033858299255371,2.246776580810547,2.2441091537475586,2.24375057220459,2.3163022994995117,2.1968994140625,2.139352798461914,2.609116554260254,2.130687713623047,1.608687400817871,1.6001157760620117,1.7481927871704102,1.6411771774291992,1.575918197631836,1.9553985595703125,1.8601455688476562,1.4896326065063477
2246.5,6.492249488830566,6.396222114562988,6.674869537353516,6.544833183288574,6.782536506652832,6.6380767822265625,6.747272491455078,6.224603652954102,4.550446510314941,4.507669448852539,4.6826934814453125,4.710441589355469,4.827162742614746,5.066932678222656,4.581364631652832,4.538484573364258,4.321863174438477,4.338231086730957,4.508603096008301,4.428316116333008,4.407428741455078,4.437582015991211,4.759634017944336,4.24448299407959,3.0732736587524414,3.0805740356445312,3.133380889892578,3.138209342956543,3.119717597961426,3.4043750762939453,3.3714351654052734,3.0379209518432617,2.2479209899902344,2.2452898025512695,2.2474069595336914,2.318789482116699,2.198017120361328,2.1616592407226562,2.619744300842285,2.1362247467041016,1.6094293594360352,1.6011343002319336,1.7540998458862305,1.643691062927246,1.5778436660766602,1.967625617980957,1.859893798828125,1.4913740158081055
2247.5,6.495699882507324,6.3971357345581055,6.685359954833984,6.549542427062988,6.7870588302612305,6.6507158279418945,6.750820159912109,6.23201847076416,4.55233097076416,4.509832382202148,4.690052032470703,4.7138671875,4.830695152282715,5.087231636047363,4.583779335021973,4.546134948730469,4.323760986328125,4.34017276763916,4.515547752380371,4.43095588684082,4.410944938659668,4.4624481201171875,4.764883995056152,4.250931739807129,3.07454776763916,3.0811920166015625,3.1359996795654297,3.141160011291504,3.1215763092041016,3.4043970108032227,3.376363754272461,3.041309356689453,2.2490482330322266,2.246981620788574,2.250887870788574,2.3215513229370117,2.198533058166504,2.1907339096069336,2.630199432373047,2.141134262084961,1.6101617813110352,1.602168083190918,1.7599916458129883,1.645024299621582,1.5794401168823242,1.9835052490234375,1.8596324920654297,1.4926433563232422
2248.5,6.499136924743652,6.398617744445801,6.695423126220703,6.5545854568481445,6.791159629821777,6.6716766357421875,6.755541801452637,6.237356185913086,4.554215431213379,4.512216567993164,4.697450637817383,4.717365264892578,4.834593772888184,5.113675117492676,4.584877967834473,4.551353454589844,4.3256072998046875,4.342238426208496,4.522616386413574,4.433629989624023,4.413477897644043,4.4896745681762695,4.773281097412109,4.254949569702148,3.0758848190307617,3.0822906494140625,3.138700485229492,3.1435365676879883,3.1233415603637695,3.406757354736328,3.3792800903320312,3.0449132919311523,2.250181198120117,2.2489233016967773,2.254063606262207,2.325037956237793,2.199007034301758,2.221756935119629,2.6415014266967773,2.143625259399414,1.6108388900756836,1.603379249572754,1.766016960144043,1.6475839614868164,1.5806493759155273,2.001605987548828,1.862544059753418,1.4937410354614258
2249.5,6.502453804016113,6.399994850158691,6.705619812011719,6.559765815734863,6.794690132141113,6.699427604675293,6.763055801391602,6.242039680480957,4.555994987487793,4.51457405090332,4.704795837402344,4.721309661865234,4.837973594665527,5.146039962768555,4.586940765380859,4.557594299316406,4.327362060546875,4.34401798248291,4.530327796936035,4.435737609863281,4.4154253005981445,4.520319938659668,4.783664703369141,4.258657455444336,3.077134132385254,3.082925796508789,3.1417293548583984,3.1469717025756836,3.1260175704956055,3.4142446517944336,3.3817138671875,3.0461034774780273,2.251272201538086,2.250674247741699,2.2570905685424805,2.3277158737182617,2.1993064880371094,2.252364158630371,2.6536998748779297,2.1464900970458984,1.611485481262207,1.6042757034301758,1.7719125747680664,1.6491079330444336,1.5813207626342773,2.023003578186035,1.8663530349731445,1.493351936340332
2250.5,6.505579948425293,6.400721549987793,6.71428108215332,6.563590049743652,6.798389434814453,6.729423522949219,6.770132064819336,6.249544143676758,4.557646751403809,4.516506195068359,4.711816787719727,4.723917007446289,4.842241287231445,5.18045711517334,4.588400840759277,4.564146041870117,4.328947067260742,4.345158576965332,4.537123680114746,4.437223434448242,4.417534828186035,4.551368713378906,4.790678024291992,4.263513565063477,3.07827091217041,3.083108901977539,3.1439876556396484,3.14852237701416,3.1287240982055664,3.424443244934082,3.3842029571533203,3.0495920181274414,2.2523117065429688,2.251833915710449,2.259465217590332,2.3297853469848633,2.199944496154785,2.2751455307006836,2.662877082824707,2.1514406204223633,1.612065315246582,1.6043519973754883,1.776963233947754,1.6497411727905273,1.5814800262451172,2.0440359115600586,1.8688688278198242,1.495199203491211
2251.5,6.508763313293457,6.401637077331543,6.722883224487305,6.566775321960449,6.802635192871094,6.758012771606445,6.776960372924805,6.2560625076293945,4.559462547302246,4.5181121826171875,4.719442367553711,4.724977493286133,4.847167015075684,5.215217590332031,4.586796760559082,4.571049690246582,4.330463409423828,4.346610069274902,4.5438737869262695,4.437765121459961,4.419746398925781,4.581754684448242,4.796544075012207,4.268573760986328,3.0794591903686523,3.0833168029785156,3.1466751098632812,3.1491003036499023,3.13116455078125,3.4372968673706055,3.3866138458251953,3.051926612854004,2.253347396850586,2.2529497146606445,2.262179374694824,2.329941749572754,2.200953483581543,2.2885427474975586,2.669253349304199,2.155503273010254,1.6126623153686523,1.6043405532836914,1.7822179794311523,1.649275779724121,1.5819664001464844,2.06622314453125,1.8712339401245117,1.4984798431396484
2252.5,6.512080192565918,6.4025468826293945,6.7307891845703125,6.570042610168457,6.807191848754883,6.782403945922852,6.78347110748291,6.263280868530273,4.561333656311035,4.519496917724609,4.726022720336914,4.727144241333008,4.853360176086426,5.2447710037231445,4.582664489746094,4.578207969665527,4.3320465087890625,4.348061561584473,4.549771308898926,4.4404449462890625,4.424211502075195,4.609216690063477,4.802624702453613,4.273984909057617,3.0805768966674805,3.0837879180908203,3.148303985595703,3.1506757736206055,3.13430118560791,3.448676109313965,3.3889265060424805,3.0579891204833984,2.254261016845703,2.2540292739868164,2.2640371322631836,2.3314809799194336,2.202667236328125,2.3011436462402344,2.6755332946777344,2.1601476669311523,1.6132612228393555,1.6040430068969727,1.7871370315551758,1.650364875793457,1.582489013671875,2.0865955352783203,1.873326301574707,1.5009222030639648
2253.5,6.515414237976074,6.40352725982666,6.739221572875977,6.572958946228027,6.812084197998047,6.802044868469238,6.789012908935547,6.271219253540039,4.5632219314575195,4.5208892822265625,4.732940673828125,4.728740692138672,4.858080863952637,5.268998146057129,4.576663970947266,4.5867156982421875,4.333885192871094,4.3496809005737305,4.555802345275879,4.442707061767578,4.428312301635742,4.631119728088379,4.807209014892578,4.279619216918945,3.0818490982055664,3.0840721130371094,3.149738311767578,3.151400566101074,3.1368417739868164,3.458184242248535,3.391000747680664,3.064657211303711,2.255290985107422,2.2550554275512695,2.2662649154663086,2.3328752517700195,2.2031383514404297,2.3120040893554688,2.6819629669189453,2.164242744445801,1.6138429641723633,1.6040010452270508,1.7922887802124023,1.6514883041381836,1.5825872421264648,2.1033992767333984,1.8766307830810547,1.5057172775268555
2254.5,6.518647193908691,6.404034614562988,6.747997283935547,6.577601432800293,6.817047119140625,6.821084022521973,6.796226501464844,6.2809343338012695,4.56491756439209,4.522178649902344,4.740325927734375,4.730302810668945,4.862529754638672,5.290204048156738,4.574481010437012,4.5968217849731445,4.335573196411133,4.351069450378418,4.561812400817871,4.445350646972656,4.432672500610352,4.648103713989258,4.813607215881348,4.2847795486450195,3.083022117614746,3.0836353302001953,3.1512889862060547,3.152188301086426,3.139087677001953,3.468585968017578,3.394341468811035,3.0692176818847656,2.2562313079833984,2.255927085876465,2.2686758041381836,2.334528923034668,2.203868865966797,2.324202537536621,2.690441131591797,2.1687421798706055,1.614436149597168,1.6036252975463867,1.7977914810180664,1.652348518371582,1.5831851959228516,2.1183767318725586,1.8826332092285156,1.5089454650878906
2255.5,6.5218095779418945,6.4043474197387695,6.756740570068359,6.582551002502441,6.823099136352539,6.838496208190918,6.806038856506348,6.291921615600586,4.566475868225098,4.5239715576171875,4.74769401550293,4.732622146606445,4.868080139160156,5.308391571044922,4.574649810791016,4.605266571044922,4.337057113647461,4.352591514587402,4.567843437194824,4.448137283325195,4.437030792236328,4.657476425170898,4.820805549621582,4.289955139160156,3.0840749740600586,3.0830955505371094,3.1527786254882812,3.1542558670043945,3.1423110961914062,3.47768497467041,3.398739814758301,3.072575569152832,2.257038116455078,2.2573766708374023,2.270918846130371,2.336533546447754,2.206371307373047,2.333963394165039,2.701162338256836,2.1733226776123047,1.6148443222045898,1.6034936904907227,1.8030805587768555,1.653620719909668,1.585413932800293,2.1308250427246094,1.8912220001220703,1.5132770538330078
2256.5,6.525023460388184,6.404862403869629,6.765491485595703,6.588479042053223,6.829118728637695,6.856156349182129,6.820600509643555,6.300137519836426,4.568037986755371,4.526575088500977,4.755369186401367,4.736198425292969,4.872297286987305,5.323338508605957,4.5818634033203125,4.6134138107299805,4.338611602783203,4.354701042175293,4.574233055114746,4.451297760009766,4.441415786743164,4.663427352905273,4.829568862915039,4.294504165649414,3.085085868835449,3.083221435546875,3.15460205078125,3.1564550399780273,3.1456127166748047,3.4875669479370117,3.408050537109375,3.0772781372070312,2.2576446533203125,2.2596254348754883,2.273196220397949,2.3394765853881836,2.208704948425293,2.3444690704345703,2.7147083282470703,2.176175117492676,1.6152944564819336,1.604374885559082,1.8082685470581055,1.6555967330932617,1.5874900817871094,2.143474578857422,1.902695655822754,1.5176458358764648
2257.5,6.528342247009277,6.4060468673706055,6.773792266845703,6.592911720275879,6.834415435791016,6.871221542358398,6.838718414306641,6.306058883666992,4.569792747497559,4.529399871826172,4.762235641479492,4.738870620727539,4.876004219055176,5.332242012023926,4.592872619628906,4.61933708190918,4.340248107910156,4.356776237487793,4.5799760818481445,4.4540557861328125,4.445723533630371,4.665769577026367,4.837254524230957,4.300100326538086,3.086236000061035,3.0839405059814453,3.155855178833008,3.1580286026000977,3.1491575241088867,3.4991378784179688,3.4205522537231445,3.079005241394043,2.2585582733154297,2.2615041732788086,2.275343894958496,2.34195613861084,2.210742950439453,2.353419303894043,2.7269649505615234,2.1770925521850586,1.6158266067504883,1.6056318283081055,1.812901496887207,1.6564035415649414,1.5893020629882812,2.1562423706054688,1.9162006378173828,1.5207443237304688
2258.5,6.531630516052246,6.407139778137207,6.781280517578125,6.596959114074707,6.840662956237793,6.88060188293457,6.855466842651367,6.315654754638672,4.571536064147949,4.531808853149414,4.768705368041992,4.7412261962890625,4.879426956176758,5.3370513916015625,4.603371620178223,4.6279191970825195,4.34193229675293,4.358372688293457,4.5851240158081055,4.456977844238281,4.449804306030273,4.664101600646973,4.844045639038086,4.306819915771484,3.087313652038574,3.084318161010742,3.1568851470947266,3.158736228942871,3.1530075073242188,3.507308006286621,3.4344778060913086,3.0829362869262695,2.2594680786132812,2.2628183364868164,2.2773008346557617,2.344719886779785,2.212925910949707,2.358186721801758,2.7374725341796875,2.1802988052368164,1.616520881652832,1.606532096862793,1.817143440246582,1.6582040786743164,1.5920219421386719,2.1651134490966797,1.9264802932739258,1.5242929458618164
2259.5,6.5348615646362305,6.4079179763793945,6.789400100708008,6.6012773513793945,6.847345352172852,6.888307571411133,6.869790077209473,6.3229522705078125,4.573309898376465,4.533966064453125,4.775035858154297,4.744485855102539,4.883719444274902,5.334673881530762,4.612268447875977,4.63649845123291,4.343534469604492,4.359734535217285,4.5903215408325195,4.4594573974609375,4.453960418701172,4.660637855529785,4.849637031555176,4.312148094177246,3.0884103775024414,3.0848541259765625,3.157991409301758,3.160250663757324,3.157062530517578,3.5136842727661133,3.446578025817871,3.0860671997070312,2.2603282928466797,2.2638444900512695,2.279555320739746,2.347517967224121,2.216200828552246,2.3617372512817383,2.747799873352051,2.1824111938476562,1.617213249206543,1.6069059371948242,1.8219575881958008,1.659113883972168,1.595301628112793,2.167843818664551,1.9337882995605469,1.5250320434570312
2260.5,6.538107872009277,6.409003257751465,6.797067642211914,6.605896949768066,6.853723526000977,6.895415306091309,6.879007339477539,6.331177711486816,4.5750017166137695,4.53636360168457,4.781349182128906,4.748353958129883,4.888572692871094,5.330994606018066,4.621583938598633,4.646030426025391,4.345170974731445,4.361685752868652,4.5953474044799805,4.462808609008789,4.458189964294434,4.658851623535156,4.855501174926758,4.318037033081055,3.0893983840942383,3.085702896118164,3.158700942993164,3.1627988815307617,3.1626014709472656,3.520021438598633,3.4561843872070312,3.090632438659668,2.2610702514648438,2.265131950378418,2.2816667556762695,2.350358009338379,2.2197189331054688,2.367342948913574,2.7588911056518555,2.184589385986328,1.6179113388061523,1.6070680618286133,1.8270559310913086,1.6604070663452148,1.5993871688842773,2.167999267578125,1.9398250579833984,1.527740478515625
2261.5,6.541409492492676,6.410099983215332,6.804988861083984,6.611300468444824,6.859489440917969,6.906068801879883,6.887234687805176,6.340039253234863,4.5768022537231445,4.538385391235352,4.788206100463867,4.753046035766602,4.893033981323242,5.3267364501953125,4.631044387817383,4.653695106506348,4.346868515014648,4.363572120666504,4.600499153137207,4.466985702514648,4.461397171020508,4.658780097961426,4.862017631530762,4.324201583862305,3.0905885696411133,3.0863208770751953,3.159496307373047,3.165369987487793,3.1673879623413086,3.5252609252929688,3.463080406188965,3.0940561294555664,2.261951446533203,2.266324043273926,2.283390998840332,2.354098320007324,2.2221689224243164,2.3767242431640625,2.771892547607422,2.186539649963379,1.6185369491577148,1.6066045761108398,1.832657814025879,1.6609582901000977,1.601980209350586,2.166950225830078,1.9456825256347656,1.5290288925170898
2262.5,6.544686317443848,6.4111223220825195,6.8135528564453125,6.6176958084106445,6.864978790283203,6.921396255493164,6.894041061401367,6.349007606506348,4.578459739685059,4.540317535400391,4.795795440673828,4.756593704223633,4.898016929626465,5.327105522155762,4.6397905349731445,4.6623735427856445,4.348512649536133,4.365542411804199,4.605898857116699,4.4700469970703125,4.4654436111450195,4.659152984619141,4.868668556213379,4.328940391540527,3.0917062759399414,3.0866851806640625,3.160612106323242,3.1683149337768555,3.172842025756836,3.53253173828125,3.4638071060180664,3.099534034729004,2.2627506256103516,2.2676477432250977,2.285679817199707,2.3569040298461914,2.223813056945801,2.390192985534668,2.7837886810302734,2.1902151107788086,1.6191473007202148,1.6063642501831055,1.8382234573364258,1.6631689071655273,1.6051979064941406,2.1680660247802734,1.951188087463379,1.5342187881469727
2263.5,6.547898292541504,6.411974906921387,6.821895599365234,6.624098777770996,6.869218826293945,6.938899993896484,6.900913238525391,6.359043121337891,4.580126762390137,4.542289733886719,4.803388595581055,4.759212493896484,4.901494026184082,5.332511901855469,4.648914337158203,4.672463417053223,4.350164413452148,4.367415428161621,4.611748695373535,4.473989486694336,4.469496726989746,4.6580095291137695,4.875306129455566,4.335019111633301,3.0928850173950195,3.0867156982421875,3.1621856689453125,3.1703786849975586,3.1765851974487305,3.542623519897461,3.4612512588500977,3.1041154861450195,2.2635536193847656,2.269015312194824,2.2884721755981445,2.3604345321655273,2.2244138717651367,2.405217170715332,2.79447078704834,2.193425178527832,1.6197538375854492,1.6061811447143555,1.843653678894043,1.6659307479858398,1.6059627532958984,2.1677207946777344,1.957066535949707,1.5407018661499023
2264.5,6.550982475280762,6.412463188171387,6.830469131469727,6.6283369064331055,6.87357234954834,6.954646110534668,6.909405708312988,6.368083953857422,4.581727027893066,4.544610977172852,4.81104850769043,4.760902404785156,4.905097961425781,5.34119987487793,4.657279968261719,4.683071136474609,4.351724624633789,4.3694562911987305,4.617066383361816,4.475242614746094,4.473321914672852,4.656737327575684,4.882058143615723,4.340188980102539,3.093907356262207,3.0863304138183594,3.1638412475585938,3.1718969345092773,3.1797380447387695,3.553548812866211,3.4593496322631836,3.110201835632324,2.2643394470214844,2.2706384658813477,2.2910280227661133,2.361283302307129,2.2253379821777344,2.419253349304199,2.802393913269043,2.1957311630249023,1.6202001571655273,1.6062002182006836,1.8488950729370117,1.6669492721557617,1.6080780029296875,2.166645050048828,1.962615966796875,1.5441322326660156
2265.5,6.553973197937012,6.413323402404785,6.838481903076172,6.632195472717285,6.879169464111328,6.965407371520996,6.915439605712891,6.37711238861084,4.583155632019043,4.547336578369141,4.818376541137695,4.762880325317383,4.90995979309082,5.350366592407227,4.662707328796387,4.692546844482422,4.35319709777832,4.371533393859863,4.622162818908691,4.476661682128906,4.477766036987305,4.655360221862793,4.887738227844238,4.345798492431641,3.094895362854004,3.0865707397460938,3.1651268005371094,3.173214912414551,3.182912826538086,3.563950538635254,3.4557266235351562,3.1145448684692383,2.265064239501953,2.2727136611938477,2.2936201095581055,2.3627939224243164,2.227008819580078,2.430248260498047,2.807769775390625,2.197202682495117,1.6206140518188477,1.6068792343139648,1.854151725769043,1.6673803329467773,1.609975814819336,2.1644201278686523,1.9660139083862305,1.548539161682129
2266.5,6.557023048400879,6.414809226989746,6.845701217651367,6.636406898498535,6.886598587036133,6.974658966064453,6.918537139892578,6.3855390548706055,4.584549903869629,4.55000114440918,4.824899673461914,4.764204025268555,4.915854454040527,5.360443115234375,4.664661407470703,4.7007856369018555,4.354463577270508,4.373774528503418,4.626437187194824,4.478839874267578,4.482658386230469,4.656737327575684,4.892463684082031,4.350388526916504,3.0959577560424805,3.087522506713867,3.166339874267578,3.173771858215332,3.186945915222168,3.572812080383301,3.4535465240478516,3.118335723876953,2.265829086303711,2.274827003479004,2.2960004806518555,2.3642873764038086,2.2301626205444336,2.4413623809814453,2.811947822570801,2.200075149536133,1.6210527420043945,1.6080751419067383,1.8587446212768555,1.6677637100219727,1.6129140853881836,2.164539337158203,1.969721794128418,1.5526809692382812
2267.5,6.560009956359863,6.416335105895996,6.852903366088867,6.640477180480957,6.8950347900390625,6.98281192779541,6.92122745513916,6.393866539001465,4.585946083068848,4.552528381347656,4.831197738647461,4.765420913696289,4.923551559448242,5.371527671813965,4.666097640991211,4.707359313964844,4.355690002441406,4.375872611999512,4.631070137023926,4.481174468994141,4.4871931076049805,4.658561706542969,4.898738861083984,4.3549394607543945,3.096848487854004,3.088369369506836,3.167818069458008,3.173914909362793,3.191277503967285,3.579122543334961,3.4537734985351562,3.1240358352661133,2.266481399536133,2.276474952697754,2.2983198165893555,2.3660478591918945,2.2335710525512695,2.451108932495117,2.817042350769043,2.203171730041504,1.6213884353637695,1.6093034744262695,1.8634061813354492,1.667954444885254,1.6170101165771484,2.168179512023926,1.975358009338379,1.5558204650878906
2268.5,6.5629777908325195,6.417603492736816,6.859899520874023,6.643649101257324,6.902749061584473,6.991416931152344,6.9249677658081055,6.399201393127441,4.587424278259277,4.554834365844727,4.837596893310547,4.765617370605469,4.929948806762695,5.382420539855957,4.66844367980957,4.714199066162109,4.357025146484375,4.377902030944824,4.6356306076049805,4.483390808105469,4.490619659423828,4.661012649536133,4.904214859008789,4.356998443603516,3.097653388977051,3.089139938354492,3.169727325439453,3.173617362976074,3.195521354675293,3.582944869995117,3.4566965103149414,3.126749038696289,2.266935348510742,2.277726173400879,2.3004331588745117,2.3673410415649414,2.237201690673828,2.4595069885253906,2.8228816986083984,2.2019519805908203,1.6217584609985352,1.6104021072387695,1.8685941696166992,1.6679449081420898,1.6196069717407227,2.1749277114868164,1.9820680618286133,1.5575551986694336
2269.5,6.565911293029785,6.418858528137207,6.866767883300781,6.648154258728027,6.910111427307129,6.996192932128906,6.9320526123046875,6.408273696899414,4.588912010192871,4.557157516479492,4.843650817871094,4.767757415771484,4.93504524230957,5.393646240234375,4.672751426696777,4.722860336303711,4.358417510986328,4.380049705505371,4.640210151672363,4.485965728759766,4.493085861206055,4.660306930541992,4.90981388092041,4.3613433837890625,3.098494529724121,3.089883804321289,3.171527862548828,3.173478126525879,3.19875431060791,3.580923080444336,3.4610347747802734,3.130375862121582,2.267435073852539,2.2789926528930664,2.3023061752319336,2.370415687561035,2.2391042709350586,2.4643774032592773,2.828521728515625,2.2037925720214844,1.6221818923950195,1.6106958389282227,1.8735742568969727,1.668045997619629,1.6212081909179688,2.179835319519043,1.990544319152832,1.5590801239013672
2270.5,6.568755149841309,6.42006778717041,6.87321662902832,6.6511030197143555,6.916089057922363,6.999358177185059,6.944653511047363,6.418061256408691,4.590378761291504,4.559383392333984,4.849452972412109,4.770107269287109,4.938828468322754,5.408434867858887,4.681805610656738,4.732913017272949,4.35987663269043,4.382086753845215,4.644503593444824,4.488565444946289,4.494382858276367,4.659208297729492,4.918463706970215,4.365633010864258,3.0994062423706055,3.0906295776367188,3.1727676391601562,3.1725339889526367,3.2009382247924805,3.5811195373535156,3.4689416885375977,3.13651180267334,2.268016815185547,2.2804880142211914,2.304062843322754,2.371771812438965,2.239978790283203,2.4716434478759766,2.8362302780151367,2.2055444717407227,1.6226587295532227,1.6106595993041992,1.8782148361206055,1.6672754287719727,1.6214790344238281,2.1882524490356445,2.0016298294067383,1.5616493225097656
2271.5,6.571599006652832,6.421309471130371,6.879613876342773,6.655648231506348,6.920411109924316,6.997234344482422,6.958951950073242,6.42696475982666,4.591788291931152,4.5617523193359375,4.855411529541016,4.772912979125977,4.942157745361328,5.422698974609375,4.692943572998047,4.743363380432129,4.361240386962891,4.384209632873535,4.648837089538574,4.492336273193359,4.495301246643066,4.656664848327637,4.927024841308594,4.370784759521484,3.100409507751465,3.091123580932617,3.1743240356445312,3.1684789657592773,3.204010009765625,3.5821008682250977,3.4785871505737305,3.140772819519043,2.2685699462890625,2.2816343307495117,2.3058996200561523,2.374039649963379,2.240673065185547,2.477309226989746,2.8438148498535156,2.2071399688720703,1.6232023239135742,1.6107454299926758,1.8829336166381836,1.6653051376342773,1.6203327178955078,2.194025993347168,2.012875556945801,1.5643062591552734
2272.5,6.574530601501465,6.422406196594238,6.886219024658203,6.659846305847168,6.924816131591797,6.992276191711426,6.972665786743164,6.433080673217773,4.593218803405762,4.563800811767578,4.861429214477539,4.776214599609375,4.945660591125488,5.436389923095703,4.702884674072266,4.752752304077148,4.36265754699707,4.386286735534668,4.653435707092285,4.495031356811523,4.497867584228516,4.653160095214844,4.936531066894531,4.377663612365723,3.101351737976074,3.091533660888672,3.1759700775146484,3.1630849838256836,3.206976890563965,3.582996368408203,3.489140510559082,3.1460351943969727,2.268922805786133,2.282841682434082,2.3080053329467773,2.3759145736694336,2.241400718688965,2.483549118041992,2.8523502349853516,2.208146095275879,1.623784065246582,1.6112680435180664,1.8878412246704102,1.6607275009155273,1.6180076599121094,2.197662353515625,2.0186567306518555,1.5660791397094727
2273.5,6.577340126037598,6.423521995544434,6.892545700073242,6.664639472961426,6.929867744445801,6.983922958374023,6.982032775878906,6.441300392150879,4.594613075256348,4.566154479980469,4.866949081420898,4.779354095458984,4.9501800537109375,5.446434020996094,4.710894584655762,4.764333724975586,4.363990783691406,4.388657569885254,4.657715797424316,4.497367858886719,4.500716209411621,4.649359703063965,4.946678161621094,4.384344100952148,3.102288246154785,3.09185791015625,3.177410125732422,3.1571264266967773,3.2105093002319336,3.5832996368408203,3.499020576477051,3.1498756408691406,2.269256591796875,2.2841482162475586,2.309767723083496,2.37893009185791,2.242198944091797,2.4880762100219727,2.8602819442749023,2.209383964538574,1.6243925094604492,1.6120386123657227,1.8925867080688477,1.657139778137207,1.615675926208496,2.1994552612304688,2.0200605392456055,1.569920539855957
2274.5,6.580410957336426,6.424668312072754,6.898542404174805,6.668778419494629,6.937121391296387,6.9755754470825195,6.983216285705566,6.448568344116211,4.59627628326416,4.568838119506836,4.872373580932617,4.78242301940918,4.9551591873168945,5.455569267272949,4.7176971435546875,4.773073196411133,4.365528106689453,4.391270637512207,4.6619157791137695,4.495243072509766,4.50245475769043,4.646649360656738,4.956109046936035,4.389886856079102,3.1035280227661133,3.092802047729492,3.178882598876953,3.1504926681518555,3.214162826538086,3.5876054763793945,3.50490665435791,3.155520439147949,2.2699947357177734,2.2862329483032227,2.311713218688965,2.380772590637207,2.244095802307129,2.4949731826782227,2.8643579483032227,2.2102346420288086,1.625248908996582,1.6136236190795898,1.8972158432006836,1.6518125534057617,1.614492416381836,2.202206611633301,2.016284942626953,1.5748205184936523
2275.5,6.583563804626465,6.426497459411621,6.904336929321289,6.673346519470215,6.9433794021606445,6.96876335144043,6.980991363525391,6.458205223083496,4.598128318786621,4.57183837890625,4.877494812011719,4.784816741943359,4.958905220031738,5.465670585632324,4.72242546081543,4.782393455505371,4.367084503173828,4.3940019607543945,4.666016578674316,4.4918060302734375,4.50318717956543,4.648114204406738,4.9637346267700195,4.394792556762695,3.104832649230957,3.094127655029297,3.180238723754883,3.1442995071411133,3.216588020324707,3.5951576232910156,3.5071487426757812,3.1620330810546875,2.2708969116210938,2.2882490158081055,2.3133249282836914,2.3821535110473633,2.2447328567504883,2.505218505859375,2.865912437438965,2.210002899169922,1.626173973083496,1.615584373474121,1.901637077331543,1.6470632553100586,1.6140851974487305,2.204880714416504,2.0098772048950195,1.5794763565063477
2276.5,6.586379051208496,6.4284868240356445,6.909955978393555,6.679497718811035,6.949977874755859,6.9639434814453125,6.979528427124023,6.465799331665039,4.599631309509277,4.574392318725586,4.882747650146484,4.788784027099609,4.962738990783691,5.477849006652832,4.728893280029297,4.790813446044922,4.368244171142578,4.396483421325684,4.670285224914551,4.489282608032227,4.504804611206055,4.650842666625977,4.971732139587402,4.396903991699219,3.105757713317871,3.095186233520508,3.1814498901367188,3.1409921646118164,3.219111442565918,3.6040496826171875,3.5058441162109375,3.167729377746582,2.2714061737060547,2.290186882019043,2.3150033950805664,2.382033348083496,2.246922492980957,2.515350341796875,2.868250846862793,2.209414482116699,1.626725196838379,1.617152214050293,1.9061822891235352,1.6435976028442383,1.6149320602416992,2.206602096557617,2.0055952072143555,1.5800457000732422
2277.5,6.58896541595459,6.430768013000488,6.915802001953125,6.68850040435791,6.958864212036133,6.96076774597168,6.9827470779418945,6.474583625793457,4.601147651672363,4.577348709106445,4.888116836547852,4.792844772338867,4.968406677246094,5.488133430480957,4.736597061157227,4.79915714263916,4.369483947753906,4.399277687072754,4.674565315246582,4.489686965942383,4.508788108825684,4.65354061126709,4.982083320617676,4.403364181518555,3.106564521789551,3.096141815185547,3.1828231811523438,3.141110420227051,3.223264694213867,3.6140174865722656,3.504039764404297,3.173309326171875,2.2719650268554688,2.291346549987793,2.3171510696411133,2.38376522064209,2.2505264282226562,2.5231285095214844,2.874453544616699,2.209186553955078,1.627303123474121,1.6187353134155273,1.9107675552368164,1.6430044174194336,1.6192998886108398,2.2068986892700195,2.007046699523926,1.5828704833984375
2278.5,6.591612815856934,6.4326066970825195,6.921314239501953,6.697270393371582,6.966712951660156,6.961713790893555,6.9887285232543945,6.481305122375488,4.602721214294434,4.579521179199219,4.893392562866211,4.795591354370117,4.972111701965332,5.5007781982421875,4.745007514953613,4.807724952697754,4.370718002319336,4.401289939880371,4.678778648376465,4.49151611328125,4.5127153396606445,4.654593467712402,4.997730255126953,4.40606689453125,3.1074018478393555,3.0972423553466797,3.183624267578125,3.141310691833496,3.2263545989990234,3.6263647079467773,3.5020875930786133,3.177661895751953,2.272502899169922,2.292496681213379,2.318760871887207,2.3851633071899414,2.2524948120117188,2.5306835174560547,2.8832473754882812,2.2084388732910156,1.627882957458496,1.6196222305297852,1.9151945114135742,1.642857551574707,1.622145652770996,2.2089738845825195,2.0096044540405273,1.5837945938110352
2279.5,6.5941972732543945,6.434739112854004,6.927055358886719,6.703434944152832,6.976422309875488,6.964882850646973,6.996308326721191,6.490571022033691,4.604243278503418,4.582040786743164,4.898593902587891,4.797580718994141,4.977815628051758,5.5126237869262695,4.751038551330566,4.817296028137207,4.37188720703125,4.40384578704834,4.683297157287598,4.493196487426758,4.518828392028809,4.655094146728516,5.016232490539551,4.412840843200684,3.1081457138061523,3.098285675048828,3.1846542358398438,3.1409997940063477,3.230130195617676,3.6398983001708984,3.5011892318725586,3.18448543548584,2.273019790649414,2.2938737869262695,2.320559501647949,2.386960029602051,2.256777763366699,2.5375375747680664,2.893733024597168,2.212331771850586,1.628413200378418,1.6203413009643555,1.9196958541870117,1.6425886154174805,1.6269855499267578,2.2113075256347656,2.0100603103637695,1.5865697860717773
2280.5,6.596875190734863,6.436057090759277,6.932546615600586,6.707961082458496,6.984915733337402,6.973660469055176,6.999852180480957,6.501984596252441,4.605624198913574,4.583627700805664,4.903766632080078,4.80010986328125,4.982324600219727,5.526597023010254,4.750334739685059,4.826436996459961,4.373056411743164,4.405455589294434,4.6875104904174805,4.496377944946289,4.523787498474121,4.657988548278809,5.0323944091796875,4.418323516845703,3.1087026596069336,3.098785400390625,3.185941696166992,3.1405134201049805,3.232767105102539,3.6580076217651367,3.5019731521606445,3.19119930267334,2.2735519409179688,2.2947187423706055,2.322342872619629,2.389002799987793,2.259889602661133,2.547947883605957,2.9032678604125977,2.216946601867676,1.6288080215454102,1.6205224990844727,1.9241018295288086,1.6426763534545898,1.6313886642456055,2.216999053955078,2.0075998306274414,1.591242790222168
2281.5,6.599822044372559,6.437378883361816,6.937702178955078,6.711762428283691,6.992536544799805,6.986504554748535,7.001550674438477,6.511186599731445,4.607102394104004,4.585676193237305,4.908449172973633,4.802091598510742,4.987093925476074,5.539619445800781,4.745733261108398,4.833378791809082,4.374385833740234,4.407412528991699,4.69179630279541,4.497150421142578,4.526556015014648,4.661513328552246,5.047331809997559,4.420709609985352,3.1095361709594727,3.0989246368408203,3.1871471405029297,3.138129234313965,3.235283851623535,3.679025650024414,3.5041589736938477,3.1962928771972656,2.2742691040039062,2.2953176498413086,2.3239870071411133,2.3891496658325195,2.2625627517700195,2.5605411529541016,2.910576820373535,2.2184438705444336,1.629307746887207,1.6208486557006836,1.9285192489624023,1.6405553817749023,1.6356163024902344,2.2246179580688477,2.0050764083862305,1.5919790267944336
2282.5,6.602875709533691,6.43851375579834,6.942998886108398,6.7140607833862305,7.000066757202148,7.003757476806641,7.00330924987793,6.518632888793945,4.608576774597168,4.587331771850586,4.912973403930664,4.803802490234375,4.991663932800293,5.55418586730957,4.740732192993164,4.8421173095703125,4.375875473022461,4.408997535705566,4.696049690246582,4.496906280517578,4.52980899810791,4.66804313659668,5.058503150939941,4.42349910736084,3.1105947494506836,3.098970413208008,3.1882686614990234,3.1341848373413086,3.238858222961426,3.703007698059082,3.5062294006347656,3.200803756713867,2.275106430053711,2.296433448791504,2.3253374099731445,2.388545036315918,2.263622283935547,2.5749855041503906,2.9170732498168945,2.218477249145508,1.6299161911010742,1.6212491989135742,1.932703971862793,1.6381769180297852,1.6398687362670898,2.234525680541992,2.003406524658203,1.5948190689086914
2283.5,6.605710029602051,6.440237998962402,6.948137283325195,6.7174882888793945,7.008282661437988,7.02552604675293,7.006922721862793,6.526202201843262,4.610051155090332,4.590351104736328,4.917722702026367,4.8060760498046875,4.997785568237305,5.574109077453613,4.738340377807617,4.848584175109863,4.3773651123046875,4.411801338195801,4.700078010559082,4.496974945068359,4.534618377685547,4.679084777832031,5.067008972167969,4.424565315246582,3.1116533279418945,3.099842071533203,3.1895828247070312,3.1307268142700195,3.2446060180664062,3.7304725646972656,3.508885383605957,3.2036924362182617,2.275890350341797,2.298457145690918,2.3268632888793945,2.388676643371582,2.265103340148926,2.5942153930664062,2.9240007400512695,2.2187585830688477,1.630476951599121,1.6225099563598633,1.937037467956543,1.6360044479370117,1.6440973281860352,2.245896339416504,2.004410743713379,1.5953378677368164
2284.5,6.608565330505371,6.442273139953613,6.95295524597168,6.722525596618652,7.016783714294434,7.050925254821777,7.016617774963379,6.533895492553711,4.611536979675293,4.593265533447266,4.922151565551758,4.80858039855957,5.006067276000977,5.5960798263549805,4.739593505859375,4.855958938598633,4.378917694091797,4.414322853088379,4.703709602355957,4.497888565063477,4.54106330871582,4.692257881164551,5.076380729675293,4.427389144897461,3.1127138137817383,3.1012840270996094,3.190563201904297,3.1281309127807617,3.2510013580322266,3.7595434188842773,3.5144386291503906,3.2078466415405273,2.2766571044921875,2.3007192611694336,2.328152656555176,2.3893728256225586,2.2656326293945312,2.614683151245117,2.933394432067871,2.2204761505126953,1.6309423446655273,1.6243906021118164,1.9410200119018555,1.6349306106567383,1.6479711532592773,2.256993293762207,2.0100831985473633,1.5969676971435547
2285.5,6.611498832702637,6.444544792175293,6.9581298828125,6.728205680847168,7.025514602661133,7.078591346740723,7.0298357009887695,6.540339469909668,4.613163948059082,4.59630012512207,4.926733016967773,4.811027526855469,5.015118598937988,5.621289253234863,4.743776321411133,4.86421012878418,4.380613327026367,4.417141914367676,4.707640647888184,4.499000549316406,4.548280715942383,4.702791213989258,5.085866928100586,4.430612564086914,3.113896369934082,3.102499008178711,3.191457748413086,3.125462532043457,3.256694793701172,3.7905712127685547,3.5227060317993164,3.2105283737182617,2.2774658203125,2.3023672103881836,2.329958915710449,2.3902978897094727,2.2662553787231445,2.637157440185547,2.94313907623291,2.2203264236450195,1.6313905715942383,1.6263113021850586,1.9447736740112305,1.633927345275879,1.6507768630981445,2.2665939331054688,2.0169363021850586,1.5994033813476562
2286.5,6.614306449890137,6.4467668533325195,6.9629669189453125,6.734137535095215,7.034811019897461,7.106021881103516,7.043676376342773,6.547847747802734,4.614598274230957,4.598175048828125,4.931146621704102,4.8127288818359375,5.023542404174805,5.64442253112793,4.747988700866699,4.870539665222168,4.381988525390625,4.419121742248535,4.711644172668457,4.500553131103516,4.554311752319336,4.7105607986450195,5.091971397399902,4.433629989624023,3.1148500442504883,3.1034679412841797,3.1927108764648438,3.1240053176879883,3.2610597610473633,3.817626953125,3.5324182510375977,3.215517997741699,2.278158187866211,2.303452491760254,2.331608772277832,2.3917455673217773,2.2671823501586914,2.658170700073242,2.949748992919922,2.2231998443603516,1.6318025588989258,1.6277971267700195,1.948622703552246,1.634688377380371,1.6518926620483398,2.2728939056396484,2.0205936431884766,1.6025915145874023
2287.5,6.6172685623168945,6.448796272277832,6.967739105224609,6.739594459533691,7.042452812194824,7.131921768188477,7.057553291320801,6.554618835449219,4.616213798522949,4.600002288818359,4.935577392578125,4.814476013183594,5.030077934265137,5.665549278259277,4.750636100769043,4.876367568969727,4.383451461791992,4.4211015701293945,4.715640068054199,4.502445220947266,4.559749603271484,4.715323448181152,5.096355438232422,4.4347991943359375,3.115962028503418,3.1040821075439453,3.1939697265625,3.1234121322631836,3.264890670776367,3.840473175048828,3.5420684814453125,3.2198171615600586,2.2788467407226562,2.303553581237793,2.3333253860473633,2.392788887023926,2.2684879302978516,2.6774253845214844,2.9563655853271484,2.223224639892578,1.6322221755981445,1.6283388137817383,1.9525728225708008,1.6352777481079102,1.6525793075561523,2.276120185852051,2.0244083404541016,1.6029472351074219
2288.5,6.620129585266113,6.450793266296387,6.972332000732422,6.744147300720215,7.046795845031738,7.155879974365234,7.066524505615234,6.561579704284668,4.617632865905762,4.601572036743164,4.940118789672852,4.816570281982422,5.034356117248535,5.6824951171875,4.752048492431641,4.883350372314453,4.384757995605469,4.422726631164551,4.719754219055176,4.506416320800781,4.5631914138793945,4.716949462890625,5.099939346313477,4.437648773193359,3.1170263290405273,3.1049346923828125,3.195220947265625,3.124070167541504,3.266458511352539,3.859272003173828,3.551894187927246,3.2254180908203125,2.279573440551758,2.3040266036987305,2.335049629211426,2.3950014114379883,2.269110679626465,2.693319320678711,2.9641036987304688,2.2274885177612305,1.6324777603149414,1.6283082962036133,1.9564905166625977,1.6365041732788086,1.6510734558105469,2.2769412994384766,2.027249336242676,1.606989860534668
2289.5,6.622803688049316,6.4527387619018555,6.97698974609375,6.74881649017334,7.052499771118164,7.177417755126953,7.072755813598633,6.569173812866211,4.618950843811035,4.603755950927734,4.944393157958984,4.818632125854492,5.038787841796875,5.698271751403809,4.753515243530273,4.889057159423828,4.386102676391602,4.424853324890137,4.723752021789551,4.509469985961914,4.567312240600586,4.716889381408691,5.106772422790527,4.439774513244629,3.1180715560913086,3.105783462524414,3.1964778900146484,3.12497615814209,3.2698049545288086,3.8775739669799805,3.5612525939941406,3.2281951904296875,2.280282974243164,2.304793357849121,2.3366994857788086,2.3969545364379883,2.269195556640625,2.7089881896972656,2.973346710205078,2.2303056716918945,1.6327333450317383,1.628310203552246,1.9603776931762695,1.6370267868041992,1.6505908966064453,2.276754379272461,2.0312137603759766,1.6096811294555664
2290.5,6.625361442565918,6.4542341232299805,6.981344223022461,6.753453254699707,7.0590009689331055,7.199084281921387,7.078610420227051,6.576887130737305,4.6202192306518555,4.605342864990234,4.948436737060547,4.820878982543945,5.045243263244629,5.714664459228516,4.756869316101074,4.8950300216674805,4.387413024902344,4.426297187805176,4.727086067199707,4.512409210205078,4.573330879211426,4.717225074768066,5.117888450622559,4.441596031188965,3.1191320419311523,3.1063194274902344,3.197629928588867,3.1267824172973633,3.274799346923828,3.8961925506591797,3.568598747253418,3.231058120727539,2.2808170318603516,2.3054723739624023,2.338343620300293,2.39810848236084,2.2682113647460938,2.723613739013672,2.986273765563965,2.2333803176879883,1.6332025527954102,1.6284189224243164,1.9638490676879883,1.637038230895996,1.648900032043457,2.276604652404785,2.0378551483154297,1.6130075454711914
2291.5,6.628037452697754,6.4555864334106445,6.985227584838867,6.7564287185668945,7.065993309020996,7.221632957458496,7.088054656982422,6.583982467651367,4.621560096740723,4.607563018798828,4.952260971069336,4.822946548461914,5.051007270812988,5.731288909912109,4.765976905822754,4.901691436767578,4.388664245605469,4.428435325622559,4.730574607849121,4.512542724609375,4.575991630554199,4.715359687805176,5.135268211364746,4.443228721618652,3.1201581954956055,3.1063365936279297,3.1987438201904297,3.1266164779663086,3.27838134765625,3.913601875305176,3.5776023864746094,3.2355499267578125,2.281291961669922,2.306424140930176,2.3395872116088867,2.3977231979370117,2.266347885131836,2.7376575469970703,3.0042219161987305,2.2371320724487305,1.6337080001831055,1.6289796829223633,1.9673700332641602,1.6355829238891602,1.6431474685668945,2.2757339477539062,2.0495986938476562,1.6149320602416992
2292.5,6.630627632141113,6.456761360168457,6.988887786865234,6.760710716247559,7.072216033935547,7.245155334472656,7.1015472412109375,6.591768264770508,4.6228227615356445,4.609338760375977,4.95582389831543,4.824424743652344,5.055584907531738,5.74855899810791,4.7781219482421875,4.907381057739258,4.390033721923828,4.4299421310424805,4.733603477478027,4.512752532958984,4.575525283813477,4.709929466247559,5.15482234954834,4.447790145874023,3.121169090270996,3.1062278747558594,3.199522018432617,3.1267480850219727,3.279743194580078,3.9298095703125,3.5879087448120117,3.239500045776367,2.281888961791992,2.307612419128418,2.340428352355957,2.397139549255371,2.265165328979492,2.7526206970214844,3.0228748321533203,2.2430295944213867,1.634291648864746,1.6297731399536133,1.9703550338745117,1.6341581344604492,1.6369867324829102,2.274364471435547,2.0634918212890625,1.6191396713256836
2293.5,6.633131980895996,6.458548545837402,6.992633819580078,6.7659711837768555,7.077432632446289,7.270940780639648,7.117112159729004,6.598784446716309,4.624045372009277,4.6123199462890625,4.959283828735352,4.825874328613281,5.057596206665039,5.766422271728516,4.7926435470581055,4.913256645202637,4.391271591186523,4.43265438079834,4.736285209655762,4.512622833251953,4.573657989501953,4.704519271850586,5.174529075622559,4.451308250427246,3.1220884323120117,3.1072158813476562,3.200563430786133,3.126254081726074,3.279486656188965,3.945345878601074,3.5983409881591797,3.241079330444336,2.282520294189453,2.309760093688965,2.341444969177246,2.3977251052856445,2.2645187377929688,2.768064498901367,3.0413713455200195,2.246220588684082,1.6347856521606445,1.6312589645385742,1.973006248474121,1.6341943740844727,1.632288932800293,2.2738075256347656,2.078312873840332,1.622960090637207
2294.5,6.635706901550293,6.4605817794799805,6.996341705322266,6.771262168884277,7.082727432250977,7.294106483459473,7.131252288818359,6.608379364013672,4.625187873840332,4.6143035888671875,4.962583541870117,4.828958511352539,5.060062408447266,5.78227424621582,4.807966232299805,4.919778823852539,4.392557144165039,4.434401512145996,4.739109992980957,4.514593124389648,4.573239326477051,4.6972455978393555,5.193697929382324,4.45477294921875,3.1230154037475586,3.108278274536133,3.201547622680664,3.1265039443969727,3.280024528503418,3.9575119018554688,3.60833740234375,3.2450857162475586,2.2830753326416016,2.311518669128418,2.342461585998535,2.3999433517456055,2.2659196853637695,2.781595230102539,3.059356689453125,2.2494373321533203,1.6352605819702148,1.632451057434082,1.9757871627807617,1.6358060836791992,1.6319732666015625,2.270824432373047,2.0924272537231445,1.6289300918579102
2295.5,6.638335227966309,6.4625444412231445,6.999898910522461,6.777012825012207,7.089901924133301,7.315215110778809,7.141301155090332,6.61833381652832,4.626446723937988,4.616161346435547,4.965818405151367,4.832223892211914,5.065464019775391,5.796710968017578,4.821380615234375,4.927760124206543,4.393825531005859,4.436188697814941,4.741681098937988,4.518049240112305,4.575445175170898,4.689252853393555,5.213045120239258,4.461615562438965,3.124016761779785,3.1094493865966797,3.202463150024414,3.1268014907836914,3.283010482788086,3.9675827026367188,3.617058753967285,3.250552177429199,2.2836742401123047,2.3127336502075195,2.3435659408569336,2.4033288955688477,2.2692384719848633,2.7937326431274414,3.076542854309082,2.255925178527832,1.635716438293457,1.6333513259887695,1.9785699844360352,1.6387300491333008,1.6346492767333984,2.2682552337646484,2.1039505004882812,1.6383800506591797
2296.5,6.641043663024902,6.464062690734863,7.003059387207031,6.7820940017700195,7.098882675170898,7.333073616027832,7.148130416870117,6.626993179321289,4.627903938293457,4.616855621337891,4.969207763671875,4.835298538208008,5.071073532104492,5.80894660949707,4.833829879760742,4.939190864562988,4.395229339599609,4.437180519104004,4.744189262390137,4.521326065063477,4.580012321472168,4.682270050048828,5.232912063598633,4.466277122497559,3.1250104904174805,3.1099281311035156,3.203493118286133,3.1275720596313477,3.2879934310913086,3.9760684967041016,3.622551918029785,3.256694793701172,2.2844409942626953,2.3128747940063477,2.3443403244018555,2.406336784362793,2.2732839584350586,2.8037338256835938,3.093804359436035,2.261852264404297,1.6361417770385742,1.6337289810180664,1.9808969497680664,1.6410760879516602,1.6396160125732422,2.2683792114257812,2.114248275756836,1.6491680145263672
2297.5,6.6436662673950195,6.465096473693848,7.00579833984375,6.786978721618652,7.110074043273926,7.350320816040039,7.152187347412109,6.638500213623047,4.6292009353637695,4.617870330810547,4.972446441650391,4.8394317626953125,5.078090667724609,5.820054054260254,4.8448944091796875,4.951147079467773,4.39653205871582,4.43843936920166,4.746567726135254,4.5247344970703125,4.585433006286621,4.675031661987305,5.252470970153809,4.474423408508301,3.126105308532715,3.1099090576171875,3.2040634155273438,3.128655433654785,3.2934064865112305,3.9837846755981445,3.6242713928222656,3.2651290893554688,2.285188674926758,2.3121232986450195,2.3451337814331055,2.409487724304199,2.2775535583496094,2.8104658126831055,3.1092777252197266,2.2705869674682617,1.6364850997924805,1.6332082748413086,1.9829015731811523,1.642502784729004,1.6454973220825195,2.27069091796875,2.1208620071411133,1.6619491577148438
2298.5,6.646185874938965,6.466500282287598,7.0087890625,6.7905988693237305,7.122391700744629,7.370584487915039,7.1578168869018555,6.649771690368652,4.630633354187012,4.618955612182617,4.975536346435547,4.841073989868164,5.084012031555176,5.831845283508301,4.857973098754883,4.963322639465332,4.397871017456055,4.439282417297363,4.7488813400268555,4.526971817016602,4.589718818664551,4.670283317565918,5.271717071533203,4.481232643127441,3.1270265579223633,3.1101226806640625,3.2047576904296875,3.1299142837524414,3.29794979095459,3.993040084838867,3.6274824142456055,3.2751455307006836,2.285947799682617,2.3123388290405273,2.346175193786621,2.4105730056762695,2.2828054428100586,2.818089485168457,3.124903678894043,2.2802906036376953,1.6368722915649414,1.632552146911621,1.984990119934082,1.6427679061889648,1.65264892578125,2.2795543670654297,2.1288623809814453,1.674891471862793
2299.5,6.648800849914551,6.467576026916504,7.011688232421875,6.7940263748168945,7.134852409362793,7.3954315185546875,7.165006637573242,6.657758712768555,4.632246971130371,4.620185852050781,4.97874641418457,4.8426361083984375,5.088452339172363,5.845800399780273,4.87312126159668,4.971728324890137,4.399293899536133,4.4404706954956055,4.751105308532715,4.529872894287109,4.595285415649414,4.667738914489746,5.289477348327637,4.485353469848633,3.1280088424682617,3.109926223754883,3.205556869506836,3.131192207336426,3.303523063659668,4.004428863525391,3.6311473846435547,3.2829790115356445,2.2866744995117188,2.3129568099975586,2.3470849990844727,2.4112424850463867,2.287200927734375,2.824679374694824,3.1376094818115234,2.2875194549560547,1.6372308731079102,1.631993293762207,1.9871339797973633,1.642909049987793,1.6597023010253906,2.291118621826172,2.137242317199707,1.6848106384277344
2300.5,6.651228904724121,6.468466758728027,7.014223098754883,6.797492027282715,7.143522262573242,7.4250335693359375,7.17338752746582,6.666241645812988,4.633553504943848,4.6208953857421875,4.981805801391602,4.842485427856445,5.090065956115723,5.8612165451049805,4.889411926269531,4.979011535644531,4.400672912597656,4.4409685134887695,4.7533369064331055,4.5310211181640625,4.600492477416992,4.666369438171387,5.30538272857666,4.487615585327148,3.128960609436035,3.1091842651367188,3.206401824951172,3.131941795349121,3.309006690979004,4.017205238342285,3.636178970336914,3.289396286010742,2.2874202728271484,2.3137502670288086,2.348088264465332,2.4108972549438477,2.2909774780273438,2.830559730529785,3.1485214233398438,2.293558120727539,1.637681007385254,1.6319074630737305,1.9893484115600586,1.6422643661499023,1.6660337448120117,2.3055734634399414,2.1449899673461914,1.6943817138671875
