time,ssp585 - sce6,ssp370 - sce6,ssp460 - sce6,ssp245 - sce6,ssp434 - sce6,ssp534 - sce6,ssp126 - sce6,ssp119 - sce6,ssp585 - sce5,ssp370 - sce5,ssp460 - sce5,ssp245 - sce5,ssp434 - sce5,ssp534 - sce5,ssp126 - sce5,ssp119 - sce5,ssp585 - sce4,ssp370 - sce4,ssp460 - sce4,ssp245 - sce4,ssp434 - sce4,ssp534 - sce4,ssp126 - sce4,ssp119 - sce4,ssp585 - sce3,ssp370 - sce3,ssp460 - sce3,ssp245 - sce3,ssp434 - sce3,ssp534 - sce3,ssp126 - sce3,ssp119 - sce3,ssp585 - sce2,ssp370 - sce2,ssp460 - sce2,ssp245 - sce2,ssp434 - sce2,ssp534 - sce2,ssp126 - sce2,ssp119 - sce2,ssp585 - sce1,ssp370 - sce1,ssp460 - sce1,ssp245 - sce1,ssp434 - sce1,ssp534 - sce1,ssp126 - sce1,ssp119 - sce1
2015.5,0.0,0.0,0.0,0.0,0.0,0.0,0.0,0.0,0.0,0.0,0.0,0.0,0.0,0.0,0.0,0.0,0.0,0.0,0.0,0.0,0.0,0.0,0.0,0.0,0.0,0.0,0.0,0.0,0.0,0.0,0.0,0.0,0.0,0.0,0.0,0.0,0.0,0.0,0.0,0.0,0.0,0.0,0.0,0.0,0.0,0.0,0.0,0.0
2016.5,0.0,0.0,0.0,0.0,0.0,0.0,0.0,0.0,0.0,0.0,0.0,0.0,0.0,0.0,0.0,0.0,0.0,0.0,0.0,0.0,0.0,0.0,0.0,0.0,0.0,0.0,0.0,0.0,0.0,0.0,0.0,0.0,0.0,0.0,0.0,0.0,0.0,0.0,0.0,0.0,0.0,0.0,0.0,0.0,0.0,0.0,0.0,0.0
2017.5,0.0,0.0,0.0,0.0,0.0,0.0,0.0,0.0,0.0,0.0,0.0,0.0,0.0,0.0,0.0,0.0,0.0,0.0,0.0,0.0,0.0,0.0,0.0,0.0,0.0,0.0,0.0,0.0,0.0,0.0,0.0,0.0,0.0,0.0,0.0,0.0,0.0,0.0,0.0,0.0,0.0,0.0,0.0,0.0,0.0,0.0,0.0,0.0
2018.5,0.0,0.0,0.0,0.0,0.0,0.0,0.0,0.0,0.0,0.0,0.0,0.0,0.0,0.0,0.0,0.0,0.0,0.0,0.0,0.0,0.0,0.0,0.0,0.0,0.0,0.0,0.0,0.0,0.0,0.0,0.0,0.0,0.0,0.0,0.0,0.0,0.0,0.0,0.0,0.0,0.0,0.0,0.0,0.0,0.0,0.0,0.0,0.0
2019.5,0.0,0.0,0.0,0.0,0.0,0.0,0.0,0.0,0.0,0.0,0.0,0.0,0.0,0.0,0.0,0.0,0.0,0.0,0.0,0.0,0.0,0.0,0.0,0.0,0.0,0.0,0.0,0.0,0.0,0.0,0.0,0.0,0.0,0.0,0.0,0.0,0.0,0.0,0.0,0.0,0.0,0.0,0.0,0.0,0.0,0.0,0.0,0.0
2020.5,0.5128746032714844,0.51287841796875,0.51287841796875,0.51287841796875,0.5128746032714844,0.5128746032714844,0.51287841796875,0.5128746032714844,0.5128746032714844,0.51287841796875,0.51287841796875,0.51287841796875,0.5128746032714844,0.5128746032714844,0.51287841796875,0.5128746032714844,0.34619140625,0.34619140625,0.34619140625,0.34619140625,0.34619140625,0.34619140625,0.34619140625,0.34619140625,0.34619140625,0.34619140625,0.34619140625,0.34619140625,0.34619140625,0.34619140625,0.34619140625,0.34619140625,0.17950820922851562,0.17950439453125,0.17950439453125,0.17950439453125,0.17950820922851562,0.17950820922851562,0.17950439453125,0.17950820922851562,0.17950820922851562,0.17950439453125,0.17950439453125,0.17950439453125,0.17950820922851562,0.17950820922851562,0.17950439453125,0.17950820922851562
2021.5,2.578624725341797,2.578632354736328,2.578632354736328,2.578632354736328,2.5786285400390625,2.578624725341797,2.5786285400390625,2.578624725341797,2.578624725341797,2.578632354736328,2.578632354736328,2.578632354736328,2.5786285400390625,2.578624725341797,2.5786285400390625,2.578624725341797,1.7405738830566406,1.7405738830566406,1.7405738830566406,1.7405738830566406,1.7405776977539062,1.7405738830566406,1.740570068359375,1.7405738830566406,1.7405738830566406,1.7405738830566406,1.7405738830566406,1.7405738830566406,1.7405776977539062,1.7405738830566406,1.740570068359375,1.7405738830566406,0.9025230407714844,0.9025154113769531,0.9025154113769531,0.9025192260742188,0.9025230407714844,0.9025230407714844,0.9025115966796875,0.9025230407714844,0.9025230407714844,0.9025154113769531,0.9025154113769531,0.9025192260742188,0.9025230407714844,0.9025230407714844,0.9025115966796875,0.9025230407714844
2022.5,7.237251281738281,7.2372589111328125,7.237262725830078,7.237262725830078,7.2372589111328125,7.237251281738281,7.237255096435547,7.237247467041016,7.237251281738281,7.2372589111328125,7.237262725830078,7.237262725830078,7.2372589111328125,7.237251281738281,7.237255096435547,7.237247467041016,4.8851470947265625,4.8851470947265625,4.8851470947265625,4.8851470947265625,4.885158538818359,4.8851470947265625,4.885139465332031,4.8851470947265625,4.8851470947265625,4.8851470947265625,4.8851470947265625,4.8851470947265625,4.885158538818359,4.8851470947265625,4.885139465332031,4.8851470947265625,2.5330429077148438,2.533031463623047,2.5330352783203125,2.5330429077148438,2.5330429077148438,2.5330429077148438,2.5330238342285156,2.5330429077148438,2.5330429077148438,2.533031463623047,2.5330352783203125,2.5330429077148438,2.5330429077148438,2.5330429077148438,2.5330238342285156,2.5330429077148438
2023.5,15.528759002685547,15.528762817382812,15.528770446777344,15.528766632080078,15.528770446777344,15.528759002685547,15.528759002685547,15.528749465942383,15.528759002685547,15.528762817382812,15.528770446777344,15.528766632080078,15.528770446777344,15.528759002685547,15.528759002685547,15.528749465942383,10.481910705566406,10.481914520263672,10.481910705566406,10.48190689086914,10.48193359375,10.481910705566406,10.481903076171875,10.481914520263672,10.481910705566406,10.481914520263672,10.481910705566406,10.48190689086914,10.48193359375,10.481910705566406,10.481903076171875,10.481914520263672,5.435070037841797,5.43505859375,5.435062408447266,5.435070037841797,5.4350738525390625,5.435070037841797,5.4350433349609375,5.4350738525390625,5.435070037841797,5.43505859375,5.435062408447266,5.435070037841797,5.4350738525390625,5.435070037841797,5.4350433349609375,5.4350738525390625
2024.5,28.493144989013672,28.493144989013672,28.493152618408203,28.493144989013672,28.493160247802734,28.493144989013672,28.49313735961914,28.49312973022461,28.493144989013672,28.493144989013672,28.493152618408203,28.493144989013672,28.493160247802734,28.493144989013672,28.49313735961914,28.49312973022461,19.232864379882812,19.23287582397461,19.232864379882812,19.23285675048828,19.23290252685547,19.232864379882812,19.23285675048828,19.232873916625977,19.232864379882812,19.23287582397461,19.232864379882812,19.23285675048828,19.23290252685547,19.232864379882812,19.23285675048828,19.232873916625977,9.972602844238281,9.972591400146484,9.97259521484375,9.972602844238281,9.972614288330078,9.972602844238281,9.97256851196289,9.972614288330078,9.972602844238281,9.972591400146484,9.97259521484375,9.972602844238281,9.972614288330078,9.972602844238281,9.97256851196289,9.972614288330078
2025.5,47.17041015625,47.17040252685547,47.17041015625,47.1703987121582,47.17042922973633,47.17041015625,47.17039108276367,47.170387268066406,47.17041015625,47.17040252685547,47.17041015625,47.1703987121582,47.17042922973633,47.17041015625,47.17039108276367,47.170387268066406,31.840011596679688,31.84002685546875,31.840011596679688,31.839996337890625,31.840065002441406,31.840011596679688,31.840003967285156,31.840024948120117,31.840011596679688,31.84002685546875,31.840011596679688,31.839996337890625,31.840065002441406,31.840011596679688,31.840003967285156,31.840024948120117,16.5096435546875,16.509632110595703,16.509632110595703,16.5096435546875,16.509662628173828,16.5096435546875,16.509601593017578,16.509662628173828,16.5096435546875,16.509632110595703,16.509632110595703,16.5096435546875,16.509662628173828,16.5096435546875,16.509601593017578,16.509662628173828
2026.5,72.60055160522461,72.60053253173828,72.60054779052734,72.60052871704102,72.60057830810547,72.60055160522461,72.60052108764648,72.60052108764648,72.60055160522461,72.60053253173828,72.60054779052734,72.60052871704102,72.60057830810547,72.60055160522461,72.60052108764648,72.60052108764648,49.00535202026367,49.005367279052734,49.00535202026367,49.00532531738281,49.00542449951172,49.00535202026367,49.00534439086914,49.005367279052734,49.00535202026367,49.005367279052734,49.00535202026367,49.00532531738281,49.00542449951172,49.00535202026367,49.00534439086914,49.005367279052734,25.41019058227539,25.410175323486328,25.410179138183594,25.41019058227539,25.410221099853516,25.41019058227539,25.410140991210938,25.41021728515625,25.41019058227539,25.410175323486328,25.410179138183594,25.41019058227539,25.410221099853516,25.41019058227539,25.410140991210938,25.41021728515625
2027.5,105.82357025146484,105.82353973388672,105.82355880737305,105.82353973388672,105.82360649108887,105.82357025146484,105.82353019714355,105.82353210449219,105.82357025146484,105.82353973388672,105.82355880737305,105.82353973388672,105.82360649108887,105.82357025146484,105.82353019714355,105.82353210449219,71.4308853149414,71.43090057373047,71.43088150024414,71.43084716796875,71.43097686767578,71.4308853149414,71.43087768554688,71.43090057373047,71.4308853149414,71.43090057373047,71.43088150024414,71.43084716796875,71.43097686767578,71.4308853149414,71.43087768554688,71.43090057373047,37.03824234008789,37.03822326660156,37.03823471069336,37.038246154785156,37.03828811645508,37.03824234008789,37.03818893432617,37.038278579711914,37.03824234008789,37.03822326660156,37.03823471069336,37.038246154785156,37.03828811645508,37.03824234008789,37.03818893432617,37.038278579711914
2028.5,147.87946701049805,147.87942123413086,147.87944793701172,147.8794288635254,147.8795108795166,147.87946701049805,147.8794174194336,147.87942123413086,147.87946701049805,147.87942123413086,147.87944793701172,147.8794288635254,147.8795108795166,147.87946701049805,147.8794174194336,147.87942123413086,99.81861114501953,99.81862258911133,99.818603515625,99.81856155395508,99.81872177124023,99.81861114501953,99.818603515625,99.8186264038086,99.81861114501953,99.81862258911133,99.818603515625,99.81856155395508,99.81872177124023,99.81861114501953,99.818603515625,99.8186264038086,51.7578010559082,51.75777816772461,51.75779724121094,51.757808685302734,51.75786209106445,51.7578010559082,51.75774383544922,51.75784683227539,51.7578010559082,51.75777816772461,51.75779724121094,51.757808685302734,51.75786209106445,51.7578010559082,51.75774383544922,51.75784683227539
2029.5,199.80824279785156,199.8081817626953,199.8082160949707,199.80819702148438,199.80829048156738,199.80824279785156,199.8081817626953,199.8081874847412,199.80824279785156,199.8081817626953,199.8082160949707,199.80819702148438,199.80829048156738,199.80824279785156,199.8081817626953,199.8081874847412,134.8705291748047,134.87053680419922,134.8705177307129,134.87046813964844,134.87065887451172,134.8705291748047,134.87052154541016,134.87054443359375,134.8705291748047,134.87053680419922,134.8705177307129,134.87046813964844,134.87065887451172,134.8705291748047,134.87052154541016,134.87054443359375,69.93286895751953,69.9328384399414,69.9328727722168,69.93288040161133,69.93294143676758,69.93286895751953,69.93280410766602,69.93292236328125,69.93286895751953,69.9328384399414,69.9328727722168,69.93288040161133,69.93294143676758,69.93286895751953,69.93280410766602,69.93292236328125
2030.5,262.1370162963867,262.1369400024414,262.1369857788086,262.136962890625,262.13707160949707,262.1370162963867,262.1369457244873,262.13695526123047,262.1370162963867,262.1369400024414,262.1369857788086,262.136962890625,262.13707160949707,262.1370162963867,262.1369457244873,262.13695526123047,176.94244766235352,176.94245147705078,176.94243240356445,176.9423713684082,176.9425983428955,176.94244766235352,176.94244194030762,176.9424648284912,176.94244766235352,176.94245147705078,176.94243240356445,176.9423713684082,176.9425983428955,176.94244766235352,176.94244194030762,176.9424648284912,91.7479362487793,91.74789810180664,91.7479476928711,91.74795150756836,91.74802017211914,91.7479362487793,91.74786376953125,91.74799919128418,91.7479362487793,91.74789810180664,91.7479476928711,91.74795150756836,91.74802017211914,91.7479362487793,91.74786376953125,91.74799919128418
2031.5,334.8657913208008,334.86569595336914,334.8657569885254,334.86572647094727,334.86585426330566,334.8657913208008,334.8657112121582,334.8657217025757,334.66064071655273,334.6605453491211,334.66060638427734,334.6605796813965,334.6607036590576,334.66064071655273,334.66056060791016,334.66057109832764,226.03436660766602,226.03436660766602,226.0343475341797,226.03427505493164,226.0345401763916,226.03436660766602,226.03436470031738,226.03438568115234,225.89589309692383,225.8958854675293,225.89587020874023,225.89580154418945,225.89606094360352,225.89589309692383,225.89588928222656,225.89590644836426,117.2030029296875,117.20295715332031,117.2030258178711,117.20302200317383,117.2031021118164,117.2030029296875,117.20292282104492,117.20307540893555,117.1312026977539,117.13115310668945,117.13121795654297,117.13122177124023,117.13129425048828,117.1312026977539,117.13112258911133,117.13127136230469
2032.5,417.9945640563965,417.9944496154785,417.9945297241211,417.9944877624512,417.9946346282959,417.9945640563965,417.9944763183594,417.99448680877686,416.9631156921387,416.96299743652344,416.963077545166,416.9630432128906,416.96318435668945,416.9631156921387,416.96302604675293,416.9630355834961,282.1462821960449,282.1462821960449,282.1462631225586,282.14617919921875,282.14648246765137,282.1462821960449,282.1462879180908,282.1463050842285,281.4500617980957,281.4500427246094,281.45003509521484,281.44995498657227,281.4502429962158,281.4500617980957,281.45005989074707,281.45007038116455,146.29806900024414,146.29801559448242,146.29810333251953,146.29809188842773,146.2981834411621,146.29806900024414,146.29798126220703,146.29815101623535,145.93706512451172,145.93700408935547,145.9370880126953,145.9370880126953,145.93716430664062,145.93706512451172,145.93698120117188,145.9371395111084
2033.5,511.5233345031738,511.52320098876953,511.52330017089844,511.523250579834,511.5234146118164,511.5233345031738,511.52324295043945,511.5232515335083,508.6284370422363,508.62829971313477,508.6283950805664,508.62835693359375,508.62851333618164,508.6284370422363,508.6283435821533,508.6283493041992,345.27819442749023,345.2781982421875,345.2781753540039,345.27808380126953,345.2784252166748,345.27819442749023,345.27821350097656,345.27822399139404,343.3241539001465,343.3241195678711,343.32412338256836,343.32403564453125,343.3243465423584,343.3241539001465,343.3241558074951,343.32415676116943,179.03313446044922,179.03307342529297,179.0331802368164,179.03316497802734,179.03326416015625,179.03313446044922,179.0330410003662,179.0332260131836,178.01992416381836,178.01984786987305,178.01995468139648,178.01995468139648,178.0200309753418,178.01992416381836,178.01984024047852,178.02000427246094
2034.5,615.4521026611328,615.4519500732422,615.4520683288574,615.4520111083984,615.4521961212158,615.4521026611328,615.4520130157471,615.45201587677,609.240608215332,609.2404479980469,609.2405586242676,609.2405166625977,609.2406940460205,609.240608215332,609.240514755249,609.2405118942261,415.43010330200195,415.4301109313965,415.4300880432129,415.429988861084,415.43037033081055,415.43010330200195,415.4301414489746,415.4301424026489,411.23736572265625,411.2373161315918,411.2373352050781,411.2372360229492,411.23757553100586,411.23736572265625,411.2373790740967,411.23736572265625,215.40819549560547,215.40813064575195,215.40825653076172,215.4082374572754,215.40834426879883,215.40819549560547,215.40810585021973,215.40830039978027,213.2341766357422,213.2340850830078,213.2342185974121,213.2342185974121,213.2342987060547,213.2341766357422,213.23409843444824,213.2342643737793
2035.5,729.7808723449707,729.7807006835938,729.7808380126953,729.7807731628418,729.7809772491455,729.7808723449707,729.780782699585,729.780779838562,718.3836288452148,718.3834457397461,718.3835716247559,718.3835258483887,718.3837223052979,718.3836288452148,718.3835372924805,718.3835229873657,492.60201263427734,492.60202407836914,492.60200119018555,492.6018943786621,492.6023120880127,492.60201263427734,492.6020698547363,492.60206031799316,484.9089050292969,484.9088363647461,484.9088706970215,484.9087600708008,484.90912437438965,484.9089050292969,484.90892601013184,484.90889739990234,255.42325973510742,255.42319107055664,255.42333221435547,255.42330932617188,255.4234218597412,255.42325973510742,255.4231719970703,255.4233741760254,251.4342269897461,251.43412017822266,251.43427658081055,251.4342803955078,251.4343605041504,251.4342269897461,251.43415451049805,251.43432140350342
2036.5,854.5096397399902,854.5094566345215,854.5096130371094,854.5095367431641,854.5097579956055,854.5096397399902,854.5095539093018,854.5095448493958,835.6414985656738,835.6412963867188,835.6414375305176,835.6413841247559,835.6415996551514,835.6414985656738,835.6414108276367,835.6413841247559,576.7939224243164,576.7939414978027,576.7939186096191,576.7938041687012,576.7942523956299,576.7939224243164,576.7940006256104,576.7939786911011,564.0579681396484,564.0578842163086,564.057933807373,564.0578079223633,564.0581951141357,564.0579681396484,564.0579967498779,564.0579528808594,299.07831954956055,299.07825469970703,299.0784111022949,299.0783805847168,299.07849884033203,299.07831954956055,299.0782413482666,299.0784492492676,292.47447204589844,292.47435760498047,292.47453689575195,292.4745407104492,292.47461700439453,292.47447204589844,292.4744110107422,292.4745759963989
2037.5,989.6383972167969,989.6382141113281,989.6383934020996,989.6383018493652,989.6385402679443,989.6383972167969,989.6383266448975,989.6383094787598,960.5982093811035,960.5979957580566,960.5981559753418,960.5980911254883,960.5983276367188,960.5982093811035,960.5981369018555,960.5980939865112,668.0058250427246,668.005859375,668.0058364868164,668.0057144165039,668.0061931610107,668.0058250427246,668.0059337615967,668.0058965682983,648.403751373291,648.4036560058594,648.4037246704102,648.4035797119141,648.4039897918701,648.403751373291,648.4037933349609,648.4037313461304,346.3733711242676,346.37331771850586,346.3734931945801,346.37345123291016,346.3735752105713,346.3733711242676,346.3733139038086,346.3735246658325,336.2093086242676,336.20919036865234,336.2093963623047,336.20940017700195,336.20947074890137,336.2093086242676,336.20926666259766,336.2094268798828
2038.5,1135.1671524047852,1135.166976928711,1135.1671714782715,1135.1670684814453,1135.1673259735107,1135.1671524047852,1135.1670970916748,1135.1670739650726,1092.8377685546875,1092.837547302246,1092.8377227783203,1092.837646484375,1092.8379077911377,1092.8377685546875,1092.8377113342285,1092.837652683258,766.2377243041992,766.2377815246582,766.2377510070801,766.2376251220703,766.2381362915039,766.2377243041992,766.237865447998,766.2378144264221,737.6654586791992,737.665355682373,737.6654357910156,737.6652755737305,737.6657104492188,737.6654586791992,737.6655101776123,737.6654329299927,397.30842208862305,397.3083801269531,397.3085746765137,397.30852127075195,397.3086566925049,397.30842208862305,397.308385848999,397.3085994720459,382.4931411743164,382.4930229187012,382.4932518005371,382.4932556152344,382.4933261871338,382.4931411743164,382.4931182861328,382.4932746887207
2039.5,1291.095905303955,1291.0957412719727,1291.095947265625,1291.095832824707,1291.0961093902588,1291.095905303955,1291.0958671569824,1291.0958383083344,1231.9441757202148,1231.943946838379,1231.9441375732422,1231.944049835205,1231.9443340301514,1231.9441757202148,1231.9441356658936,1231.9440603256226,871.4896202087402,871.4897041320801,871.4896659851074,871.4895324707031,871.4900760650635,871.4896202087402,871.4897975921631,871.4897317886353,831.5622901916504,831.5621795654297,831.5622673034668,831.5620918273926,831.5625514984131,831.5622901916504,831.562349319458,831.5622577667236,451.88347244262695,451.8834419250488,451.8836555480957,451.8835906982422,451.8837356567383,451.88347244262695,451.8834571838379,451.8836736679077,431.18037033081055,431.1802558898926,431.1805076599121,431.18050384521484,431.18057441711426,431.18037033081055,431.1803665161133,431.1805200576782
2040.5,1457.424659729004,1457.4245071411133,1457.4247207641602,1457.4245948791504,1457.424892425537,1457.4246635437012,1457.424638748169,1457.424602508545,1377.5014381408691,1377.5011978149414,1377.5013961791992,1377.5013008117676,1377.501609802246,1377.5014381408691,1377.5014114379883,1377.501317024231,983.7615165710449,983.7616271972656,983.7615776062012,983.7614402770996,983.7620162963867,983.7615203857422,983.7617301940918,983.7616491317749,929.8134460449219,929.8133277893066,929.813419342041,929.8132286071777,929.8137168884277,929.8134498596191,929.813512802124,929.8134055137634,510.0985298156738,510.09850311279297,510.0987358093262,510.09865951538086,510.09881591796875,510.0985298156738,510.0985298156738,510.09874725341797,482.1253967285156,482.1252861022949,482.12556076049805,482.12554931640625,482.12561988830566,482.1253967285156,482.1254138946533,482.1255626678467
2041.5,1634.1534156799316,1634.15327835083,1634.153491973877,1634.1533546447754,1634.1536769866943,1634.153419494629,1634.1534099578857,1634.1533674001694,1529.0935516357422,1529.0932998657227,1529.0935020446777,1529.0933990478516,1529.0937366485596,1529.0935516357422,1529.0935363769531,1529.0934238433838,1103.0534172058105,1103.053554534912,1103.0534896850586,1103.0533447265625,1103.0539588928223,1103.0534172058105,1103.0536613464355,1103.0535669326782,1032.138126373291,1032.1380043029785,1032.1380920410156,1032.1378860473633,1032.13840675354,1032.1381340026855,1032.1382007598877,1032.1380772590637,571.9535942077637,571.9535675048828,571.9538154602051,571.953727722168,571.9538955688477,571.9535865783691,571.9536018371582,571.9538216590881,535.1826210021973,535.1825180053711,535.1828079223633,535.182788848877,535.1828651428223,535.1826171875,535.1826572418213,535.1828031539917
2042.5,1821.2821807861328,1821.2820510864258,1821.2822647094727,1821.2821159362793,1821.2824611663818,1821.2821769714355,1821.2821807861328,1821.2821319699287,1686.304515838623,1686.3042526245117,1686.304458618164,1686.3043479919434,1686.3047122955322,1686.3045120239258,1686.3045101165771,1686.3043794631958,1229.365322113037,1229.3654861450195,1229.3654022216797,1229.365249633789,1229.3659000396729,1229.3653144836426,1229.3655910491943,1229.365484237671,1138.2555313110352,1138.2554054260254,1138.2554893493652,1138.2552680969238,1138.2558193206787,1138.2555389404297,1138.255609512329,1138.2554717063904,637.4486656188965,637.4486351013184,637.4488983154297,637.4487953186035,637.448974609375,637.4486427307129,637.448673248291,637.4488954544067,590.2064514160156,590.2063522338867,590.2066535949707,590.2066268920898,590.2067070007324,590.2064361572266,590.2064971923828,590.2066402435303
2043.5,2018.8109550476074,2018.8108215332031,2018.8110389709473,2018.8108825683594,2018.8112468719482,2018.810935974121,2018.8109512329102,2018.8108959197998,1848.7183303833008,1848.7180519104004,1848.7182655334473,1848.7181510925293,1848.7185363769531,1848.7183227539062,1848.7183322906494,1848.7181839942932,1362.6972312927246,1362.6974143981934,1362.6973152160645,1362.6971588134766,1362.697841644287,1362.6972160339355,1362.6975193023682,1362.6974008083344,1247.8848686218262,1247.8847274780273,1247.8848114013672,1247.884578704834,1247.8851566314697,1247.8848724365234,1247.8849411010742,1247.8847885131836,706.5837440490723,706.5836982727051,706.5839805603027,706.5838661193848,706.5840530395508,706.5837020874023,706.5837440490723,706.5839686393738,647.0512886047363,647.0511779785156,647.0514945983887,647.0514640808105,647.0515460968018,647.0512542724609,647.0513343811035,647.0514736175537
2044.5,2226.739730834961,2226.739589691162,2226.739818572998,2226.739646911621,2226.740032196045,2226.739700317383,2226.739719390869,2226.739659845829,2015.9189949035645,2015.9186973571777,2015.9189224243164,2015.918800354004,2015.91921043396,2015.91898727417,2015.919002532959,2015.9188380241394,1503.0491371154785,1503.0493431091309,1503.0492324829102,1503.0490646362305,1503.049783706665,1503.0491218566895,1503.049446105957,1503.0493173599243,1360.7453308105469,1360.7451705932617,1360.745262145996,1360.7450103759766,1360.7456169128418,1360.7453346252441,1360.7453937530518,1360.7452282905579,779.3588218688965,779.3587608337402,779.3590621948242,779.3589363098145,779.3591327667236,779.3587646484375,779.358814239502,779.3590416908264,705.5715179443359,705.571403503418,705.5717353820801,705.5716972351074,705.5717830657959,705.5714721679688,705.5715675354004,705.5717039108276
2045.5,2445.0685081481934,2445.068359375,2445.0685997009277,2445.0684127807617,2445.068817138672,2445.0684661865234,2445.0684871673584,2445.068423509598,2187.490509033203,2187.49019241333,2187.490432739258,2187.4902992248535,2187.490732192993,2187.4905014038086,2187.4905223846436,2187.4903407096863,1650.4210472106934,1650.421272277832,1650.4211540222168,1650.420970916748,1650.421724319458,1650.421028137207,1650.4213733673096,1650.421233534813,1476.5561180114746,1476.5559349060059,1476.556037902832,1476.555763244629,1476.5563983917236,1476.5561218261719,1476.5561695098877,1476.5559911727905,855.7738990783691,855.7738227844238,855.7741432189941,855.7740058898926,855.7742118835449,855.7738304138184,855.7738838195801,855.7741141319275,765.6215476989746,765.6214256286621,765.6217765808105,765.6217308044434,765.6218166351318,765.6214866638184,765.6215972900391,765.6217312812805
2046.5,2673.7972869873047,2673.7971267700195,2673.7973823547363,2673.7971839904785,2673.7976026535034,2673.7972297668457,2673.7972536087036,2673.797187745571,2363.016872406006,2363.0165367126465,2363.0167922973633,2363.0166511535645,2363.0171031951904,2363.0168647766113,2363.0168895721436,2363.0166935920715,1804.8129615783691,1804.8131980895996,1804.813076019287,1804.8128814697266,1804.813663482666,1804.812931060791,1804.8132991790771,1804.8131501674652,1595.0364303588867,1595.0362167358398,1595.0363388061523,1595.036045074463,1595.0367031097412,1595.0364303588867,1595.0364665985107,1595.036277770996,935.8289756774902,935.8288803100586,935.8292236328125,935.8290786743164,935.8292903900146,935.8288955688477,935.8289527893066,935.8291873931885,827.055778503418,827.0556449890137,827.0560150146484,827.0559616088867,827.0560474395752,827.0556983947754,827.0558242797852,827.055956363678
2047.5,2912.926067352295,2912.925895690918,2912.926166534424,2912.925952911377,2912.926389694214,2912.925994873047,2912.9260206222534,2912.9259518384933,2542.0820922851562,2542.081729888916,2542.082000732422,2542.0818481445312,2542.0823249816895,2542.0820808410645,2542.0821056365967,2542.081895828247,1966.2248802185059,1966.2251243591309,1966.2249946594238,1966.2247886657715,1966.2256031036377,1966.2248344421387,1966.2252254486084,1966.2250665426254,1715.9054679870605,1715.9052200317383,1715.9053649902344,1715.9050483703613,1715.9057312011719,1715.9054641723633,1715.9054870605469,1715.9052872657776,1019.5240592956543,1019.5239410400391,1019.5243034362793,1019.5241508483887,1019.5243701934814,1019.5239601135254,1019.5240211486816,1019.5242605209351,889.7286109924316,889.728458404541,889.7288513183594,889.7287864685059,889.7288761138916,889.7285079956055,889.7286472320557,889.7287783622742
2048.5,3162.4548416137695,3162.4546661376953,3162.4549522399902,3162.454719543457,3162.455177307129,3162.4547576904297,3162.454786300659,3162.454716026783,2724.270160675049,2724.269775390625,2724.27006149292,2724.2698974609375,2724.2703952789307,2724.2701454162598,2724.270170211792,2724.269947528839,2134.656795501709,2134.657051086426,2134.656913757324,2134.65669631958,2134.657543182373,2134.6567344665527,2134.6571502685547,2134.6569829285145,1838.8824310302734,1838.8821487426758,1838.8823165893555,1838.8819732666016,1838.882682800293,1838.8824195861816,1838.8824310302734,1838.8822197914124,1106.8591423034668,1106.8590049743652,1106.8593864440918,1106.8592224121094,1106.8594493865967,1106.8590240478516,1106.859088897705,1106.8593337535858,953.4944381713867,953.4942741394043,953.494686126709,953.4946098327637,953.4947032928467,953.494312286377,953.4944667816162,953.4945974349976
2049.5,3422.3836097717285,3422.3834381103516,3422.3837394714355,3422.3834915161133,3422.383964538574,3422.3835220336914,3422.383551597595,3422.38348031044,2909.165069580078,2909.1646728515625,2909.164970397949,2909.1647987365723,2909.1653156280518,2909.1650581359863,2909.165084838867,2909.1648490428925,2310.1087074279785,2310.1089820861816,2310.1088333129883,2310.1086044311523,2310.109483718872,2310.108631134033,2310.1090755462646,2310.108899652958,1963.6865119934082,1963.686206817627,1963.6863899230957,1963.6860237121582,1963.6867580413818,1963.6865005493164,1963.6864986419678,1963.686275959015,1197.8342170715332,1197.834072113037,1197.8344688415527,1197.8342933654785,1197.8345279693604,1197.8340873718262,1197.8341579437256,1197.8344073295593,1018.2076530456543,1018.2074928283691,1018.2079200744629,1018.2078323364258,1018.2079277038574,1018.2075157165527,1018.2076835632324,1018.2078142166138
2050.5,3692.7123794555664,3692.7122116088867,3692.712532043457,3692.712261199951,3692.71275138855,3692.712287902832,3692.712317466736,3692.7122446894646,3096.3508262634277,3096.350425720215,3096.350730895996,3096.35054397583,3096.351083755493,3096.3508224487305,3096.3508491516113,3096.3505997657776,2492.5806159973145,2492.580913543701,2492.5807571411133,2492.580509185791,2492.5814237594604,2492.5805320739746,2492.5810012817383,2492.5808160007,2090.036911010742,2090.036590576172,2090.0367889404297,2090.0363960266113,2090.037157058716,2090.036907196045,2090.036890029907,2090.0366554260254,1292.449291229248,1292.4491424560547,1292.4495544433594,1292.449363708496,1292.4496059417725,1292.4491539001465,1292.4492282867432,1292.4494807720184,1083.7226638793945,1083.722511291504,1083.7229537963867,1083.7228469848633,1083.7229499816895,1083.7225151062012,1083.72269821167,1083.722828388214
2051.5,3972.4153938293457,3972.4152336120605,3972.41556930542,3972.4152755737305,3972.415783882141,3972.415298461914,3972.4153299331665,3972.415255665779,3285.4114303588867,3285.411029815674,3285.4113388061523,3285.4111366271973,3285.411699295044,3285.411434173584,3285.4114627838135,3285.4111998081207,2681.3801460266113,2681.3804626464844,2681.3802947998047,2681.3800315856934,2681.380979537964,2681.3800506591797,2681.380542755127,2681.380348742008,2217.6528358459473,2217.652500152588,2217.6527099609375,2217.6522903442383,2217.6530780792236,2217.6528358459473,2217.652805328369,2217.652558326721,1390.3453483581543,1390.345199584961,1390.3456268310547,1390.3454208374023,1390.3456707000732,1390.3452072143555,1390.3452854156494,1390.345540523529,1149.893871307373,1149.8937301635742,1149.8941841125488,1149.894058227539,1149.8941688537598,1149.893711090088,1149.8939113616943,1149.89403963089
2052.5,4259.412658691406,4259.412502288818,4259.412853240967,4259.4125328063965,4259.413062095642,4259.41255569458,4259.4125900268555,4259.412513315678,3475.9308891296387,3475.9304809570312,3475.930793762207,3475.93058013916,3475.931163787842,3475.930896759033,3475.9309253692627,3475.9306490421295,2875.103298187256,2875.103630065918,2875.103446960449,2875.103168487549,2875.104151725769,2875.103183746338,2875.1037006378174,2875.1034977287054,2346.253486633301,2346.2531356811523,2346.2533531188965,2346.2529067993164,2346.2537212371826,2346.253486633301,2346.253444671631,2346.2531843185425,1490.7943992614746,1490.794246673584,1490.7946815490723,1490.7944641113281,1490.7947216033936,1490.794246673584,1490.7943286895752,1490.7945864200592,1216.5756759643555,1216.575553894043,1216.5760116577148,1216.5758666992188,1216.5759830474854,1216.5755043029785,1216.5757217407227,1216.5758481025696
2053.5,4551.624172210693,4551.6240234375,4551.62438583374,4551.624038696289,4551.624585151672,4551.624057769775,4551.624097824097,4551.624017268419,3667.4932022094727,3667.4927864074707,3667.4930992126465,3667.492877960205,3667.493476867676,3667.493209838867,3667.493236541748,3667.492947101593,3072.3460731506348,3072.3464164733887,3072.346218109131,3072.3459243774414,3072.346939086914,3072.345932006836,3072.3464756011963,3072.3462628424168,2475.55806350708,2475.5576972961426,2475.557918548584,2475.5574493408203,2475.55828666687,2475.558059692383,2475.5580081939697,2475.5577330589294,1593.068447113037,1593.0682792663574,1593.0687255859375,1593.0684967041016,1593.0687580108643,1593.068271636963,1593.0683574676514,1593.068618297577,1283.622486114502,1283.6223754882812,1283.6228370666504,1283.6226768493652,1283.6227931976318,1283.6222953796387,1283.6225299835205,1283.6226534843445
2054.5,4846.969940185547,4846.969783782959,4846.970165252686,4846.9697914123535,4846.9703550338745,4846.969806671143,4846.969854354858,4846.969767808914,3859.6823692321777,3859.6819381713867,3859.6822547912598,3859.682025909424,3859.6826400756836,3859.682373046875,3859.682397842407,3859.6820945739746,3271.7044715881348,3271.7048149108887,3271.7046089172363,3271.7042961120605,3271.7053422927856,3271.704299926758,3271.7048683166504,3271.704644277692,2605.285774230957,2605.2853775024414,2605.2856101989746,2605.28511428833,2605.2859745025635,2605.2857551574707,2605.285696029663,2605.2854051589966,1696.4394798278809,1696.439296722412,1696.439754486084,1696.4395141601562,1696.4397811889648,1696.439281463623,1696.439374923706,1696.4396364688873,1350.8887023925781,1350.8885879516602,1350.889060974121,1350.8888854980469,1350.8889999389648,1350.888484954834,1350.8887367248535,1350.8888564109802
2055.5,5143.369960784912,5143.36979675293,5143.370189666748,5143.369789123535,5143.3703718185425,5143.369804382324,5143.369857788086,5143.369764775038,4052.082389831543,4052.081943511963,4052.0822563171387,4052.0820236206055,4052.0826530456543,4052.0823860168457,4052.0824069976807,4052.082091331482,3471.7744941711426,3471.774829864502,3471.774612426758,3471.774284362793,3471.7753620147705,3471.7742862701416,3471.774877548218,3471.7746419906616,2735.1558113098145,2735.1553840637207,2735.1556243896484,2735.155101776123,2735.1559867858887,2735.155773162842,2735.1557064056396,2735.155400276184,1800.179500579834,1800.1793022155762,1800.1797676086426,1800.179515838623,1800.1797904968262,1800.1792812347412,1800.1793785095215,1800.17964053154,1418.2287254333496,1418.2285995483398,1418.2290802001953,1418.2288932800293,1418.2290058135986,1418.22847366333,1418.2287406921387,1418.228856086731
2056.5,5439.769981384277,5439.7698097229,5439.770214080811,5439.769786834717,5439.77038860321,5439.769802093506,5439.7698612213135,5439.769761741161,4244.482410430908,4244.481948852539,4244.482257843018,4244.482021331787,4244.482666015625,4244.482398986816,4244.482416152954,4244.482088088989,3671.8445167541504,3671.8448448181152,3671.8446159362793,3671.8442726135254,3671.8453817367554,3671.8442726135254,3671.844886779785,3671.8446397036314,2865.025848388672,2865.025390625,2865.0256385803223,2865.025089263916,2865.025999069214,2865.025791168213,2865.025716781616,2865.0253953933716,1903.919521331787,1903.9193077087402,1903.9197807312012,1903.9195175170898,1903.9197998046875,1903.9192810058594,1903.919382095337,1903.9196445941925,1485.568748474121,1485.5686111450195,1485.5690994262695,1485.5689010620117,1485.5690116882324,1485.5684623718262,1485.5687446594238,1485.5688557624817
2057.5,5735.754741668701,5735.754570007324,5735.754985809326,5735.754531860352,5735.755150794983,5735.754545211792,5735.7546100616455,5735.754503399134,4436.61287689209,4436.612400054932,4436.61270904541,4436.612468719482,4436.613126754761,4436.612861633301,4436.612873077393,4436.61253285408,3871.63423538208,3871.634563446045,3871.634323120117,3871.633964538574,3871.6351051330566,3871.633960723877,3871.634599685669,3871.634340375662,2994.7139320373535,2994.713451385498,2994.713706970215,2994.7131309509277,2994.714063644409,2994.7138633728027,2994.713779449463,2994.713443040848,2007.5141944885254,2007.513973236084,2007.5144538879395,2007.5141792297363,2007.5144710540771,2007.5139427185059,2007.514045715332,2007.5143094062805,1552.8144187927246,1552.8142776489258,1552.8147773742676,1552.8145637512207,1552.8146743774414,1552.8141078948975,1552.8144054412842,1552.8145122528076
2058.5,6030.482200622559,6030.482036590576,6030.482456207275,6030.48197555542,6030.482611656189,6030.481986999512,6030.48205947876,6030.481944680214,4627.92720413208,4627.926712036133,4627.927017211914,4627.926769256592,4627.927446365356,4627.9271812438965,4627.927188873291,4627.92683506012,4070.5752754211426,4070.5756034851074,4070.575351715088,4070.5749740600586,4070.5761518478394,4070.5749702453613,4070.575635910034,4070.5753629356623,3123.851119995117,3123.850616455078,3123.8508796691895,3123.850273132324,3123.851230621338,3123.851037979126,3123.8509464263916,3123.850594520569,2110.6688117980957,2110.6685829162598,2110.6690711975098,2110.6687812805176,2110.669086456299,2110.6685485839844,2110.668655395508,2110.6689190864563,1619.7744369506836,1619.774299621582,1619.7748069763184,1619.7745742797852,1619.7746868133545,1619.7741031646729,1619.7744178771973,1619.7745192050934
2059.5,6323.11030960083,6323.110153198242,6323.110580444336,6323.110076904297,6323.110726356506,6323.110082626343,6323.110162734985,6323.110040038824,4817.878791809082,4817.87829208374,4817.878593444824,4817.878337860107,4817.87903213501,4817.87876701355,4817.878770828247,4817.878404140472,4268.099254608154,4268.099582672119,4268.099319458008,4268.098926544189,4268.10013961792,4268.098920822144,4268.099615097046,4268.099326789379,3252.068462371826,3252.0679359436035,3252.0682067871094,3252.0675735473633,3252.0685539245605,3252.0683670043945,3252.0682697296143,3252.067901134491,2213.0886573791504,2213.0884284973145,2213.0889205932617,2213.088611602783,2213.088930130005,2213.0883827209473,2213.088493347168,2213.088757753372,1686.257495880127,1686.2573623657227,1686.2578811645508,1686.2576293945312,1686.2577419281006,1686.2571411132812,1686.2574729919434,1686.2575697898865
2060.5,6612.797027587891,6612.796878814697,6612.797313690186,6612.796787261963,6612.7974491119385,6612.796787261963,6612.796875953674,6612.796743452549,5005.921054840088,5005.920555114746,5005.920845031738,5005.920581817627,5005.921294212341,5005.921029090881,5005.921029090881,5005.920649051666,4463.637798309326,4463.638126373291,4463.637847900391,4463.637439727783,4463.638687133789,4463.637432098389,4463.638155937195,4463.637850865722,3378.9970092773438,3378.996467590332,3378.996742248535,3378.996082305908,3378.9970846176147,3378.996901512146,3378.9968004226685,3378.996413707733,2314.479015350342,2314.4787940979004,2314.4792861938477,2314.4789543151855,2314.479287147522,2314.478729248047,2314.478844642639,2314.479109287262,1752.0722961425781,1752.072166442871,1752.0726928710938,1752.0724182128906,1752.072533607483,1752.0719156265259,1752.0722646713257,1752.0723567008972
2061.5,6898.700305938721,6898.700164794922,6898.700607299805,6898.700057983398,6898.700735092163,6898.700054168701,6898.700151443481,6898.700009614229,5191.507400512695,5191.5069007873535,5191.507175445557,5191.506912231445,5191.507639884949,5191.507375717163,5191.507369995117,5191.5069789886475,4656.622524261475,4656.622844696045,4656.622554779053,4656.6221351623535,4656.623414039612,4656.622122764587,4656.622875213623,4656.622555285692,3504.267810821533,3504.2672538757324,3504.267532348633,3504.2668495178223,3504.2678728103638,3504.2676935195923,3504.267587661743,3504.26718378067,2414.5451698303223,2414.544948577881,2414.5454483032227,2414.545093536377,2414.5454416275024,2414.54487323761,2414.5449924468994,2414.545257806778,1817.0275230407715,1817.0273971557617,1817.027931213379,1817.0276374816895,1817.0277547836304,1817.0271196365356,1817.0274848937988,1817.027573108673
2062.5,7179.97811126709,7179.977970123291,7179.978420257568,7179.9778480529785,7179.978538513184,7179.97783946991,7179.97794342041,7179.977793455124,5374.091251373291,5374.090744018555,5374.0909996032715,5374.09073638916,5374.091479301453,5374.091217041016,5374.091203689575,5374.090802431107,4846.485057830811,4846.485363006592,4846.485061645508,4846.484630584717,4846.4859409332275,4846.484613418579,4846.48539352417,4846.4850589782,3627.5119247436523,3627.5113525390625,3627.51163482666,3627.5109252929688,3627.511969566345,3627.5117950439453,3627.511682510376,3627.511262178421,2512.992404937744,2512.9921913146973,2512.9926948547363,2512.992317199707,2512.9926776885986,2512.9920988082886,2512.9922199249268,2512.992487668991,1880.9318771362305,1880.9317474365234,1880.9322929382324,1880.9319801330566,1880.9320993423462,1880.9314470291138,1880.9318265914917,1880.9319121837616
2063.5,7455.788387298584,7455.78825378418,7455.788707733154,7455.788112640381,7455.788812637329,7455.788097858429,7455.788207054138,7455.788049668074,5553.125999450684,5553.125492095947,5553.1257247924805,5553.125469207764,5553.126221656799,5553.125961780548,5553.12594127655,5553.125529050827,5032.657001495361,5032.657299041748,5032.6569900512695,5032.656547546387,5032.657885551453,5032.656523227692,5032.6573305130005,5032.656981110573,3748.36039352417,3748.359806060791,3748.360095977783,3748.359363555908,3748.3604249954224,3748.3602566719055,3748.360136985779,3748.3596999645233,2609.5260047912598,2609.5257987976074,2609.5263061523438,2609.525909423828,2609.526279449463,2609.525689601898,2609.525813102722,2609.5260829925537,1943.5940437316895,1943.5939178466797,1943.5944709777832,1943.5941429138184,1943.5942602157593,1943.593590259552,1943.5939836502075,1943.5940673351288
2064.5,7725.289093017578,7725.288967132568,7725.289421081543,7725.288799285889,7725.289514541626,7725.288783073425,7725.288898468018,7725.28873282671,5728.065059661865,5728.064552307129,5728.0647621154785,5728.064510345459,5728.065276145935,5728.06501865387,5728.064990997314,5728.064567923546,5214.569980621338,5214.570278167725,5214.569953918457,5214.569499969482,5214.570867538452,5214.569471359253,5214.5703048706055,5214.5699412077665,3866.4442749023438,3866.443672180176,3866.4439659118652,3866.4432106018066,3866.4442920684814,3866.4441289901733,3866.4440021514893,3866.4435485601425,2703.8512535095215,2703.8510551452637,2703.8515663146973,2703.8511505126953,2703.8515300750732,2703.850930213928,2703.851056098938,2703.851327776909,2004.8227157592773,2004.8226013183594,2004.8231582641602,2004.822811126709,2004.8229312896729,2004.8222422599792,2004.8226509094238,2004.8227318525314
2065.5,7987.638179779053,7987.6380615234375,7987.638515472412,7987.63786315918,7987.638597488403,7987.637849807739,7987.637972831726,7987.637796550989,5898.361839294434,5898.361331939697,5898.361518859863,5898.361267089844,5898.362051963806,5898.361796379089,5898.361762046814,5898.361327648163,5391.655620574951,5391.655918121338,5391.655574798584,5391.65510559082,5391.656506538391,5391.655076980591,5391.65593624115,5391.6555583179,3981.394618988037,3981.39400100708,3981.394298553467,3981.3935165405273,3981.3946208953857,3981.3944630622864,3981.3943300247192,3981.393858909607,2795.673442840576,2795.6732444763184,2795.673759460449,2795.673324584961,2795.6737146377563,2795.673104286194,2795.673233985901,2795.6735060214996,2064.4265937805176,2064.4264907836914,2064.427047729492,2064.4266815185547,2064.4268045425415,2064.4260969161987,2064.4265213012695,2064.4265987873077
2066.5,8241.993606567383,8241.993495941162,8241.99394607544,8241.993263244629,8241.99401473999,8241.99325299263,8241.993383407593,8241.993196249008,6063.469753265381,6063.46923828125,6063.46940612793,6063.46915435791,6063.469958305359,6063.469703912735,6063.4696617126465,6063.469217658043,5563.345539093018,5563.345836639404,5563.345474243164,5563.344985961914,5563.346422195435,5563.344959020615,5563.345844268799,5563.345451846719,4092.842483520508,4092.841842651367,4092.842144012451,4092.841335296631,4092.8424615859985,4092.842310190201,4092.842170715332,4092.8416823148727,2884.6978492736816,2884.697650909424,2884.698173522949,2884.69771194458,2884.6981163024902,2884.697495698929,2884.6976289749146,2884.697902083397,2122.214370727539,2122.21427154541,2122.214832305908,2122.2144470214844,2122.214572906494,2122.213847398758,2122.214286804199,2122.214361310005
2067.5,8487.513332366943,8487.513221740723,8487.513668060303,8487.512950897217,8487.513722419739,8487.512947306037,8487.513084411621,8487.512886613607,6222.842208862305,6222.841686248779,6222.841835021973,6222.841579437256,6222.842403411865,6222.842150434852,6222.842100143433,6222.841646671295,5729.071361541748,5729.07165145874,5729.071269989014,5729.070762634277,5729.072233200073,5729.070737108588,5729.071647644043,5729.071241438389,4200.418910980225,4200.4182472229,4200.418552398682,4200.417720794678,4200.418867111206,4200.4187211841345,4200.418575286865,4200.4180698394775,2970.6297569274902,2970.6295585632324,2970.6300926208496,2970.6296005249023,2970.6300201416016,2970.6293885558844,2970.6295251846313,2970.629799604416,2177.994731903076,2177.994644165039,2177.9952087402344,2177.994800567627,2177.994930267334,2177.9941866248846,2177.994640350342,2177.9947125911713
2068.5,8723.770561218262,8723.770442962646,8723.770889282227,8723.770141601562,8723.770931243896,8723.770141333342,8723.77028465271,8723.770076751709,6376.202159881592,6376.201629638672,6376.201759338379,6376.201507568359,6376.202347755432,6376.202096909285,6376.202039718628,6376.20157545805,5888.544994354248,5888.545276641846,5888.544876098633,5888.544353485107,5888.54585647583,5888.54432746768,5888.545263290405,5888.544843360782,4303.936897277832,4303.936218261719,4303.9365234375,4303.93567276001,4303.9368352890015,4303.936694830656,4303.936542510986,4303.936020076275,3053.3197898864746,3053.319591522217,3053.320137023926,3053.3196182250977,3053.3200492858887,3053.319406479597,3053.319546699524,3053.319822013378,2231.6707153320312,2231.670639038086,2231.6712074279785,2231.670783996582,2231.6709127426147,2231.670150898397,2231.6706190109253,2231.6706888079643
2069.5,8950.765285491943,8950.765174865723,8950.765609741211,8950.764831542969,8950.765641212463,8950.764835074544,8950.764985084534,8950.76476714015,6523.549606323242,6523.549076080322,6523.549186706543,6523.548934936523,6523.54979133606,6523.549543336034,6523.549479484558,6523.549004495144,6041.766437530518,6041.766712188721,6041.766296386719,6041.765754699707,6041.767291069031,6041.76573009789,6041.76669216156,6041.766257613897,4403.39644241333,4403.395755767822,4403.396057128906,4403.39518737793,4403.39636516571,4403.396231025457,4403.396072387695,4403.395532548428,3132.7679481506348,3132.767749786377,3132.7683067321777,3132.7677612304688,3132.7682027816772,3132.7675494104624,3132.7676935195923,3132.7679695487022,2283.2423210144043,2283.2422637939453,2283.242835998535,2283.2423934936523,2283.2425203323364,2283.2417400479317,2283.2422227859497,2283.2422899603844
2070.5,9168.497512817383,9168.497409820557,9168.497829437256,9168.497020721436,9168.497849464417,9168.497029483318,9168.497184753418,9168.496957570314,6664.884548187256,6664.8840255737305,6664.884117126465,6664.883861541748,6664.884734153748,6664.884489804506,6664.884419441223,6664.883933097124,6188.735698699951,6188.735958099365,6188.7355308532715,6188.734966278076,6188.73653793335,6188.734945654869,6188.735934257507,6188.735484465957,4498.797546386719,4498.796852111816,4498.7971534729,4498.7962646484375,4498.797457695007,4498.797330111265,4498.797164916992,4498.796607524157,3208.9742317199707,3208.974033355713,3208.9746017456055,3208.9740257263184,3208.9744806289673,3208.9738176465034,3208.9739656448364,3208.974242001772,2332.70955657959,2332.7095108032227,2332.7100944519043,2332.7096252441406,2332.7097520828247,2332.708954550326,2332.7094526290894,2332.7095160782337
2071.5,9376.967235565186,9376.967147827148,9376.967548370361,9376.966709136963,9376.967557907104,9376.96672360599,9376.966883659363,9376.96664811764,6800.206985473633,6800.2064781188965,6800.206546783447,6800.206283569336,6800.20717716217,6800.20693616569,6800.206859588623,6800.206361816265,6329.452770233154,6329.453022003174,6329.452579498291,6329.451988220215,6329.453597068787,6329.451973497868,6329.452988624573,6329.45252351556,4590.140209197998,4590.139507293701,4590.139812469482,4590.138904571533,4590.140111923218,4590.139991372824,4590.139819145203,4590.139245078899,3281.9386405944824,3281.9384422302246,3281.939022064209,3281.9384155273438,3281.938882827759,3281.938210710883,3281.938362121582,3281.9386394480243,2380.0724143981934,2380.072380065918,2380.0729751586914,2380.072479248047,2380.072608947754,2380.071793690324,2380.0723066329956,2380.0723672369495
2072.5,9576.174461364746,9576.174388885498,9576.174766540527,9576.17389678955,9576.174766540527,9576.17391744256,9576.174082756042,9576.173838825896,6929.516941070557,6929.51643371582,6929.516471862793,6929.516204833984,6929.517120361328,6929.516882717609,6929.516799926758,6929.516291173175,6463.9176597595215,6463.9179039001465,6463.917434692383,6463.916820526123,6463.918468475342,6463.916813492775,6463.917855262756,6463.917374806479,4677.424430847168,4677.423728942871,4677.424030303955,4677.423107147217,4677.424328804016,4677.424214810133,4677.424036026001,4677.423445018008,3351.66117477417,3351.660976409912,3351.661563873291,3351.660930633545,3351.661410331726,3351.66072884202,3351.6608839035034,3351.6611619312316,2425.330894470215,2425.330879211426,2425.3314781188965,2425.3309593200684,2425.331090927124,2425.3302579447627,2425.330785751343,2425.330843599513
2073.5,9766.11918258667,9766.119132995605,9766.119483947754,9766.1185836792,9766.11947441101,9766.118610873818,9766.118782520294,9766.118529963307,7052.814407348633,7052.813884735107,7052.8138999938965,7052.813629150391,7052.814563751221,7052.814329341054,7052.814240932465,7052.813720482402,6592.130359649658,6592.130603790283,6592.130104064941,6592.129467010498,6592.131152153015,6592.129465520382,6592.130533695221,6592.130038130097,4760.650234222412,4760.649509429932,4760.649810791016,4760.648872375488,4760.650108337402,4760.650000423193,4760.64981508255,4760.6492071328685,3418.141834259033,3418.1416358947754,3418.142230987549,3418.141571044922,3418.142063140869,3418.1413718014956,3418.1415305137634,3418.141809481196,2468.4849967956543,2468.485008239746,2468.485610961914,2468.485065460205,2468.4851989746094,2468.4843473136425,2468.484890460968,2468.4849450765178
2074.5,9946.801406860352,9946.80138015747,9946.801700592041,9946.800769805908,9946.801681995392,9946.800803720951,9946.80098247528,9946.800720814615,7170.099376678467,7170.098838806152,7170.098827362061,7170.098552703857,7170.099506855011,7170.099275916815,7170.099183082581,7170.0986504592,6714.090877532959,6714.091121673584,6714.090587615967,6714.089923858643,6714.091648578644,6714.08992934227,6714.091024398804,6714.090513724834,4839.817596435547,4839.816848754883,4839.817153930664,4839.81619644165,4839.817450046539,4839.817348212004,4839.817156791687,4839.816531423479,3481.380626678467,3481.3804206848145,3481.3810234069824,3481.3803329467773,3481.380840778351,3481.3801395893097,3481.380302429199,3481.3805823363364,2509.5347213745117,2509.534767150879,2509.5353660583496,2509.5347938537598,2509.5349321365356,2509.534061796963,2509.534620285034,2509.5346717871726
2075.5,10118.221126556396,10118.221130371094,10118.221416473389,10118.220455169678,10118.22138929367,10118.220495894551,10118.220683574677,10118.22041161824,7281.371841430664,7281.371295928955,7281.371253967285,7281.370975494385,7281.371950626373,7281.371722444892,7281.371625423431,7281.371080865152,6829.799205780029,6829.799457550049,6829.798881530762,6829.798191070557,6829.7999567985535,6829.798204958439,6829.799327373505,6829.79880135227,4914.926509857178,4914.925754547119,4914.9260597229,4914.9250831604,4914.926353931427,4914.926257699728,4914.926061153412,4914.9254181282595,3541.377544403076,3541.3773307800293,3541.377941131592,3541.3772201538086,3541.377743244171,3541.3770322054625,3541.377199649811,3541.3774804966524,2548.480068206787,2548.480155944824,2548.4807472229004,2548.4801483154297,2548.480290412903,2548.479401394725,2548.4799752235413,2548.480023850687
2076.5,10280.3783493042,10280.378383636475,10280.378631591797,10280.377643585205,10280.378596544266,10280.37768778205,10280.37788438797,10280.37760249339,7386.63179397583,7386.631256103516,7386.631183624268,7386.630897521973,7386.631894350052,7386.631669163704,7386.631568431854,7386.63101134263,6939.255352020264,6939.255611419678,6939.254989624023,6939.2542724609375,6939.256078004837,6939.254292607307,6939.255442142487,6939.254901131615,4985.976982116699,4985.976226806641,4985.976528167725,4985.975536346436,4985.976819753647,4985.976729363203,4985.976527690887,4985.975867128,3598.132579803467,3598.13236618042,3598.132984161377,3598.132236480713,3598.1327707767487,3598.132050126791,3598.132221698761,3598.132503842935,2585.321029663086,2585.321174621582,2585.3217544555664,2585.321128845215,2585.3212740421295,2585.3203661069274,2585.3209552764893,2585.3210009690374
2077.5,10433.27307510376,10433.273132324219,10433.273345947266,10433.272331237793,10433.273303508759,10433.272379145026,10433.272584915161,10433.272293201648,7485.879249572754,7485.878711700439,7485.878616333008,7485.878322601318,7485.8793387413025,7485.879116073251,7485.879012107849,7485.878442130052,7042.459316253662,7042.459575653076,7042.458908081055,7042.458168029785,7042.460011005402,7042.458192527294,7042.459369659424,7042.458813301288,5052.969013214111,5052.968265533447,5052.968559265137,5052.967552185059,5052.968848228455,5052.968763202429,5052.968557357788,5052.967878661118,3651.6457481384277,3651.6455268859863,3651.646152496338,3651.645378112793,3651.645923614502,3651.6451933532953,3651.645369052887,3651.6456522559747,2620.0576210021973,2620.057815551758,2620.0583839416504,2620.0577392578125,2620.057882785797,2620.056955933571,2620.0575609207153,2620.0576031422243
2078.5,10576.905303955078,10576.905376434326,10576.905559539795,10576.904518127441,10576.90550994873,10576.904570937157,10576.904785394669,10576.904483146966,7579.1141929626465,7579.113655090332,7579.113544464111,7579.113250732422,7579.1142835617065,7579.11406365037,7579.11395573616,7579.113373108208,7139.411083221436,7139.411350250244,7139.4106369018555,7139.4098777771,7139.411756515503,7139.409905195236,7139.411109209061,7139.410537742078,5115.902603149414,5115.9018630981445,5115.902153015137,5115.9011306762695,5115.902439117432,5115.90236017108,5115.902149438858,5115.901452846825,3701.91703414917,3701.9168128967285,3701.9174461364746,3701.916645050049,3701.9172015190125,3701.9164628386497,3701.916640996933,3701.9169257357717,2652.689826965332,2652.6900787353516,2652.6906356811523,2652.689971923828,2652.690116882324,2652.6891718283296,2652.6897914409637,2652.689830429852
2079.5,10711.275035858154,10711.275115966797,10711.275272369385,10711.27420425415,10711.275215864182,10711.274262443185,10711.274485588074,10711.2741730446,7666.336639404297,7666.336093902588,7666.335975646973,7666.335674285889,7666.336728811264,7666.336511418223,7666.3364000320435,7666.3358042771,7230.110668182373,7230.110935211182,7230.110179901123,7230.109394073486,7230.111314535141,7230.109430134296,7230.1106605529785,7230.110074692406,5174.777751922607,5174.777027130127,5174.777309417725,5174.776271820068,5174.777592897415,5174.777519792318,5174.777303695679,5174.77658968512,3748.9464530944824,3748.9462242126465,3748.946865081787,3748.946033477783,3748.94660449028,3748.94585762918,3748.946038246155,3748.946324282326,2683.2176628112793,2683.2179641723633,2683.218517303467,2683.2178268432617,2683.2179760932922,2683.217012837529,2683.217646598816,2683.217682772316
2080.5,10836.3822555542,10836.38235092163,10836.382488250732,10836.38138961792,10836.382421821356,10836.38145366311,10836.381685972214,10836.381362656131,7747.546573638916,7747.546028137207,7747.5459060668945,7747.545600891113,7747.546674102545,7747.546458899975,7747.546344041824,7747.545735159889,7314.558055877686,7314.558330535889,7314.55753326416,7314.55672454834,7314.558685153723,7314.556767344475,7314.5580241680145,7314.557423675433,5229.594459533691,5229.5937576293945,5229.5940284729,5229.592975616455,5229.594309180975,5229.594242066145,5229.594020605087,5229.593289056793,3792.733989715576,3792.7337608337402,3792.7344093322754,3792.7335472106934,3792.7341323792934,3792.733377724886,3792.733560323715,3792.7338476572186,2711.64111328125,2711.641471862793,2711.6420249938965,2711.6413078308105,2711.6414602696896,2711.6404789611697,2711.641126871109,2711.6411599908024
2081.5,10952.226978302002,10952.227088928223,10952.227207183838,10952.226076126099,10952.227128475904,10952.226145550609,10952.226387143135,10952.226052458398,7822.744010925293,7822.743465423584,7822.743339538574,7822.743028640747,7822.744119137526,7822.743906572461,7822.743787884712,7822.743165994994,7392.753261566162,7392.75354385376,7392.752700805664,7392.7518672943115,7392.753868550062,7392.7519173026085,7392.753200650215,7392.752585167997,5280.352725982666,5280.352046966553,5280.352310180664,5280.351243972778,5280.352587908506,5280.352526992559,5280.352299809456,5280.351550842635,3833.2796592712402,3833.2794227600098,3833.2800827026367,3833.279188156128,3833.2797853648663,3833.2790231257677,3833.2792078256607,3833.279496128671,2737.960193634033,2737.960609436035,2737.9611625671387,2737.9604167938232,2737.96056959033,2737.959570199251,2737.9602321386337,2737.960262264125
2082.5,11058.809188842773,11058.809329986572,11058.809425354004,11058.808265686035,11058.809334725142,11058.808337152004,11058.80858784914,11058.808242212981,7891.928951263428,7891.928398132324,7891.928276062012,7891.927955627441,7891.929064244032,7891.928853958845,7891.928731739521,7891.928096782416,7464.696269989014,7464.6965675354,7464.695682525635,7464.694820404053,7464.696864575148,7464.69487953186,7464.696189701557,7464.695559170097,5327.05256652832,5327.051895141602,5327.052154541016,5327.051074981689,5327.052428930998,5327.0523736178875,5327.052141487598,5327.051374863833,3870.5834465026855,3870.583209991455,3870.583881378174,3870.5829544067383,3870.5835635364056,3870.582792878151,3870.582980453968,3870.5832696817815,2762.17488861084,2762.1753692626953,2762.175926208496,2762.175151824951,2762.175304144621,2762.1742855980992,2762.174962580204,2762.1749896518886
2083.5,11156.128902435303,11156.129066467285,11156.12914276123,11156.12795829773,11156.129040926695,11156.128028944135,11156.128288652748,11156.12793191988,7955.10139465332,7955.100833892822,7955.100715637207,7955.100385665894,7955.101509779692,7955.101302012801,7955.101175215095,7955.100527522154,7530.387096405029,7530.387401580811,7530.386474609375,7530.385587692261,7530.387672632933,7530.3856545090675,7530.386990930885,7530.386345681734,5369.693981170654,5369.693309783936,5369.693561553955,5369.6924686431885,5369.693832606077,5369.693783849478,5369.693545725197,5369.6927612992,3904.645366668701,3904.645122528076,3904.6458053588867,3904.6448459625244,3904.6454668939114,3904.6446888893843,3904.644878294319,3904.6451683165506,2784.285228729248,2784.285758972168,2784.2863159179688,2784.285514831543,2784.285663858056,2784.2846270650625,2784.285318043083,2784.285342034884
2084.5,11244.18611907959,11244.186298370361,11244.186359405518,11244.185152053833,11244.186247318983,11244.185220450163,11244.185489229858,11244.185121102259,8012.261341094971,8012.260765075684,8012.260654449463,8012.260316848755,8012.261455506086,8012.261250257492,8012.261118941009,8012.26045797579,7589.825740814209,7589.82604598999,7589.825077056885,7589.824167251587,7589.826292961836,7589.82424223423,7589.825604490936,7589.824944226071,5408.276954650879,5408.27628326416,5408.276531219482,5408.275426864624,5408.276798933744,5408.276755779982,5408.276512436569,5408.275710148737,3935.465404510498,3935.4651527404785,3935.4658546447754,3935.4648628234863,3935.4654953181744,3935.464709252119,3935.464901022613,3935.465191779658,2804.2911987304688,2804.2917709350586,2804.2923316955566,2804.2915019989014,2804.2916486263275,2804.2905936464667,2804.291298441589,2804.2913192939013
2085.5,11322.980838775635,11322.981033325195,11322.981075286865,11322.979845046997,11322.980953425169,11322.979911670089,11322.980189163238,11322.979809998535,8063.408790588379,8063.408199310303,8063.408096313477,8063.407751083374,8063.408901423216,8063.408699646592,8063.408562976867,8063.40788873937,7643.012187957764,7643.012508392334,7643.011493682861,7643.010557174683,7643.012725323439,7643.010642230511,7643.012029964477,7643.011354803108,5442.801486968994,5442.80082321167,5442.801063537598,5442.7999477386475,5442.801327615976,5442.801290363073,5442.8010416813195,5442.800221404992,3963.043560028076,3963.043315887451,3963.04402923584,3963.043004989624,3963.0436487197876,3963.0428549200296,3963.043048698455,3963.043340309523,2822.192783355713,2822.1934127807617,2822.193977355957,2822.1931133270264,2822.1932582706213,2822.192185342312,2822.1929038353264,2822.1929216673598
2086.5,11392.513061523438,11392.513271331787,11392.513290405273,11392.512037277222,11392.513159245253,11392.51210308075,11392.512389048934,11392.511999085546,8108.543758392334,8108.54313659668,8108.543041229248,8108.542688369751,8108.543847173452,8108.543649226427,8108.543506965041,8108.542819812894,7689.946453094482,7689.946788787842,7689.945724487305,7689.944761276245,7689.946969717741,7689.944855451584,7689.946267947555,7689.94557800889,5473.267578125,5473.26692199707,5473.267158508301,5473.266033172607,5473.267418310046,5473.267387598753,5473.267133101821,5473.266295075417,3987.3798484802246,3987.3796043395996,3987.38032913208,3987.379274368286,3987.3799270689487,3987.379125893116,3987.3793215602636,3987.3796141445637,2837.9899978637695,2837.990676879883,2837.9912490844727,2837.9903507232666,2837.9904927909374,2837.989402152598,2837.9901344925165,2837.9901493936777
2087.5,11452.782772064209,11452.783012390137,11452.783004760742,11452.781730651855,11452.782864779234,11452.781794205308,11452.782089125365,11452.781687886454,8147.666229248047,8147.66556930542,8147.665481567383,8147.665126800537,8147.666292876005,8147.666098043323,8147.66595114395,8147.6652509579435,7730.628520965576,7730.628879547119,7730.627765655518,7730.626777648926,7730.629026502371,7730.626880943775,7730.628318678588,7730.627613605,5499.675243377686,5499.674579620361,5499.674816131592,5499.673681259155,5499.675071358681,5499.675046533346,5499.67478717491,5499.67393116001,4008.4742546081543,4008.474018096924,4008.474754333496,4008.473669052124,4008.474330484867,4008.473521217704,4008.473719727248,4008.4740130463615,2851.6828269958496,2851.683563232422,2851.6841430664062,2851.683214187622,2851.683352187276,2851.682244077325,2851.682990398258,2851.6830022344366
2088.5,11503.789985656738,11503.79024887085,11503.790218353271,11503.78892326355,11503.790070265532,11503.788985043764,11503.789288915694,11503.78887640126,8180.776218414307,8180.775505065918,8180.775424957275,8180.775066375732,8180.776238486171,8180.776047050953,8180.775895275176,8180.7751818764955,7765.058406829834,7765.058780670166,7765.057621002197,7765.056606292725,7765.0588956177235,7765.056718707085,7765.058181680739,7765.057461353019,5522.024482727051,5522.0238037109375,5522.024036407471,5522.022891998291,5522.024286940694,5522.024268120527,5522.024003781378,5522.0231296587735,4026.3267936706543,4026.326557159424,4026.327304840088,4026.3261890411377,4026.3268589675426,4026.326040893793,4026.326242901385,4026.3265368957072,2863.271286010742,2863.2720794677734,2863.272663116455,2863.271703720093,2863.2718364596367,2863.2707111164927,2863.271471299231,2863.2714799512178
2089.5,11545.949954986572,11545.950241088867,11545.950187683105,11545.9488697052,11545.950030773878,11545.948931619525,11545.94924396649,11545.948820176534,8208.143257141113,8208.142490386963,8208.142421722412,8208.142055511475,8208.143235325813,8208.143047526479,8208.142890874296,8208.142164203338,7793.516399383545,7793.516788482666,7793.515586853027,7793.514543533325,7793.5168742239475,7793.51466602087,7793.516154233366,7793.515418770723,5540.497226715088,5540.496532440186,5540.496765136719,5540.495611190796,5540.497012168169,5540.497000068426,5540.496730152518,5540.495837922208,4041.082805633545,4041.08256149292,4041.083320617676,4041.082172393799,4041.08285176754,4041.082024887204,4041.0822304077446,4041.0825250623748,2872.8497047424316,2872.8505630493164,2872.8511505126953,2872.8501586914062,2872.850289031863,2872.8491464555264,2872.849920142442,2872.849925729446
2090.5,11580.104721069336,11580.105030059814,11580.104957580566,11580.103616714478,11580.104792147875,11580.103678286076,11580.10400006175,11580.103564757854,8230.313930511475,8230.313117980957,8230.313064575195,8230.312685012817,8230.313874915242,8230.313690274954,8230.313529223204,8230.312789041549,7816.570888519287,7816.571285247803,7816.570041656494,7816.5689697265625,7816.571343451738,7816.569103240967,7816.570617288351,7816.569866601378,5555.462417602539,5555.461723327637,5555.461952209473,5555.460786819458,5555.462196215987,5555.462190359831,5555.46191547066,5555.4610050059855,4053.0369987487793,4053.0367469787598,4053.0375175476074,4053.0363368988037,4053.037025243044,4053.0361881256104,4053.036398410797,4053.0366936661303,2880.6093978881836,2880.6103134155273,2880.6109161376953,2880.6098861694336,2880.6100164949894,2880.6088562086225,2880.609643995762,2880.6096461601555
2091.5,11607.096324920654,11607.096664428711,11607.096572875977,11607.095209121704,11607.096399396658,11607.095270350575,11607.095602270216,11607.095155810006,8247.834838867188,8247.833980560303,8247.83394241333,8247.833547592163,8247.834747582674,8247.834566101432,8247.83440124616,8247.833647673018,7834.79024887085,7834.790645599365,7834.789367675781,7834.78826713562,7834.7906838953495,7834.788411676884,7834.789951797575,7834.78918612469,5567.289012908936,5567.288318634033,5567.288547515869,5567.287370681763,5567.288788020611,5567.288787931204,5567.28850857541,5567.287580084987,4062.4840965270996,4062.483829498291,4062.4846115112305,4062.4833965301514,4062.484094798565,4062.4832474440336,4062.4834626726806,4062.48375882674,2886.7416801452637,2886.742645263672,2886.743263244629,2886.7421951293945,2886.7423259168863,2886.741147443652,2886.7419498078525,2886.7419485496357
2092.5,11627.766807556152,11627.767192840576,11627.767078399658,11627.7656955719,11627.76689901948,11627.765753597021,11627.766096137464,11627.765638409182,8261.25256729126,8261.251670837402,8261.251644134521,8261.251235961914,8261.252445086837,8261.252265810966,8261.25209762901,8261.251330425963,7848.7428550720215,7848.743259429932,7848.741947174072,7848.740818023682,7848.74327686429,7848.740971684456,7848.742538176477,7848.741757219657,5576.3459548950195,5576.345268249512,5576.345497131348,5576.344312667847,5576.345736518502,5576.3457417190075,5576.3454580157995,5576.344511380419,4069.71879196167,4069.7185249328613,4069.7193183898926,4069.718069076538,4069.718777269125,4069.7179177701473,4069.718139015138,4069.7184359487146,2891.4378509521484,2891.438865661621,2891.439498901367,2891.43839263916,2891.438524365425,2891.4373272284865,2891.438144169748,2891.4381394889206
2093.5,11642.958225250244,11642.95866394043,11642.95852279663,11642.957118988037,11642.9583363235,11642.95717380941,11642.957527447492,11642.95705821272,8271.1137008667,8271.112781524658,8271.112762451172,8271.112339019775,8271.113558232784,8271.113381162286,8271.11320932582,8271.112428105436,7858.997081756592,7858.997509002686,7858.996162414551,7858.995000839233,7858.9975027143955,7858.995164573193,7858.996757108718,7858.9959604805335,5583.002201080322,5583.0015296936035,5583.001750946045,5583.000558853149,5583.001990646124,5583.002000659704,5583.001712907106,5583.000747828744,4075.0358085632324,4075.035556793213,4075.0363540649414,4075.035068511963,4075.0357880592346,4075.0349168926477,4075.0351434387267,4075.0354409134015,2894.8892097473145,2894.8902893066406,2894.8909339904785,2894.8897857666016,2894.8899184316397,2894.888703584671,2894.889533672482,2894.889525092207
2094.5,11653.512619018555,11653.513111114502,11653.512948989868,11653.51152420044,11653.512756377459,11653.511575818062,11653.511941507459,11653.511461004615,8277.964839935303,8277.963890075684,8277.963884353638,8277.96344947815,8277.96467782557,8277.964501053095,8277.964327290654,8277.963532231748,7866.121334075928,7866.121768951416,7866.1203899383545,7866.119197845459,7866.1217418015,7866.1193697452545,7866.120989263058,7866.120176978409,5587.626708984375,5587.626037597656,5587.626256942749,5587.625061035156,5587.626498863101,5587.626512736082,5587.626222006977,5587.625238366425,4078.7298698425293,4078.729633331299,4078.730432510376,4078.729112625122,4078.7298425734043,4078.7289578318596,4078.729191944003,4078.7294900789857,2897.2870712280273,2897.2882080078125,2897.288869857788,2897.28768157959,2897.287814229727,2897.2865807190537,2897.287425145507,2897.287412904203
2095.5,11660.272029876709,11660.272583007812,11660.272401809692,11660.270957946777,11660.272204488516,11660.27100636065,11660.271383684129,11660.270891853608,8282.352569580078,8282.351596832275,8282.351602554321,8282.351156234741,8282.352394670248,8282.352218195796,8282.352042447776,8282.351233133115,7870.683971405029,7870.684421539307,7870.683012008667,7870.681789398193,7870.68437448144,7870.681968510151,7870.683615308255,7870.682787545957,5590.588405609131,5590.587749481201,5590.587966918945,5590.586765289307,5590.588210105896,5590.588227838278,5590.587934132665,5590.586931929924,4081.0956840515137,4081.095470428467,4081.0962715148926,4081.0949172973633,4081.0956566929817,4081.094758376479,4081.095000412315,4081.0952988499776,2898.8227348327637,2898.8239364624023,2898.824613571167,2898.823387145996,2898.823519781232,2898.82226665318,2898.8231258951128,2898.82310999278
2096.5,11664.07852935791,11664.07912826538,11664.078926086426,11664.077463150024,11664.078725963831,11664.077509313822,11664.077899254858,11664.077396543697,8284.823490142822,8284.822486877441,8284.822509765625,8284.822050094604,8284.823299571872,8284.823122441769,8284.822945542634,8284.822122568265,7873.253383636475,7873.2538414001465,7873.252410888672,7873.2511558532715,7873.253782063723,7873.251341223717,7873.253015898168,7873.252173492685,5592.25626373291,5592.255615234375,5592.2558307647705,5592.254621505737,5592.256073310971,5592.256094902754,5592.2557982206345,5592.25477793254,4082.427989959717,4082.42777633667,4082.428586959839,4082.4271965026855,4082.4279462993145,4082.4270334541798,4082.427284605801,4082.427583584562,2899.687530517578,2899.6887741088867,2899.689474105835,2899.688207626343,2899.6883412003517,2899.687067501247,2899.6879425123334,2899.6879234258085
2097.5,11665.774143218994,11665.774795532227,11665.774572372437,11665.773086547852,11665.7743665874,11665.773130461574,11665.773533973843,11665.77302038204,8285.924186706543,8285.923160552979,8285.923196792603,8285.922723770142,8285.923983335495,8285.92380554974,8285.923627857119,8285.922791342251,7874.397945404053,7874.398418426514,7874.396966934204,7874.395677566528,7874.398344904184,7874.395868241787,7874.397571865469,7874.396715174429,5592.999210357666,5592.998584747314,5592.998798370361,5592.997577667236,5592.999037414789,5592.999061912298,5592.998763445765,5592.997725310735,4083.0214805603027,4083.0212745666504,4083.022096633911,4083.020668029785,4083.0214272737503,4083.020498946309,4083.0207606442273,4083.0210601640865,2900.072742462158,2900.074043273926,2900.0747566223145,2900.0734519958496,2900.073584601283,2900.0722903311253,2900.07318206504,2900.073159794323
2098.5,11666.200927734375,11666.201625823975,11666.20138168335,11666.19987487793,11666.20117214322,11666.199916541576,11666.20033326745,11666.199808675796,8286.201259613037,8286.200202941895,8286.200252532959,8286.199768066406,8286.201037719846,8286.20085927844,8286.200680315495,8286.19982978329,7874.686046600342,7874.686527252197,7874.68505859375,7874.683734893799,7874.686444312334,7874.683931827545,7874.685663685203,7874.684792947024,5593.186218261719,5593.185600280762,5593.185815811157,5593.18458366394,5593.186051353812,5593.186080664396,5593.1857785061,5593.184722047299,4083.1708946228027,4083.170680999756,4083.1715126037598,4083.1700477600098,4083.170815497637,4083.169874548912,4083.1701444089413,4083.170444469899,2900.1696853637695,2900.171043395996,2900.1717681884766,2900.170425415039,2900.1705580055714,2900.169242210686,2900.1701513826847,2900.1701261661947
2099.5,11666.200923919678,11666.201667785645,11666.201400756836,11666.19987487793,11666.201187461615,11666.199912384152,11666.20034256205,11666.199805778451,8286.201293945312,8286.200214385986,8286.200269699097,8286.199773788452,8286.201053529978,8286.200872525573,8286.200693722814,8286.199828696437,7874.68607711792,7874.686550140381,7874.6850662231445,7874.683708190918,7874.686460644007,7874.683911383152,7874.68567219004,7874.684786689468,5593.186229705811,5593.185619354248,5593.185831069946,5593.184587478638,5593.186064064503,5593.1860972344875,5593.1857920996845,5593.184716601856,4083.170925140381,4083.1707191467285,4083.1715507507324,4083.170051574707,4083.1708268523216,4083.169872328639,4083.170151542872,4083.1704519065097,2900.1696586608887,2900.1710891723633,2900.1718158721924,2900.170434951782,2900.1705675274134,2900.169230207801,2900.1701568178833,2900.17012865562
2100.5,11666.20092010498,11666.201709747314,11666.201419830322,11666.19987487793,11666.201202780008,11666.199908226728,11666.200351856649,11666.199802881107,8286.201328277588,8286.200225830078,8286.200286865234,8286.199779510498,8286.20106934011,8286.200885772705,8286.200707130134,8286.199827609584,7874.686107635498,7874.686573028564,7874.685073852539,7874.683681488037,7874.686476975679,7874.683890938759,7874.685680694878,7874.684780431911,5593.186241149902,5593.185638427734,5593.185846328735,5593.184591293335,5593.186076775193,5593.186113804579,5593.185805693269,5593.184711156413,4083.170955657959,4083.170757293701,4083.171588897705,4083.1700553894043,4083.1708382070065,4083.169870108366,4083.170158676803,4083.1704593431205,2900.169631958008,2900.1711349487305,2900.171863555908,2900.1704444885254,2900.1705770492554,2900.1692182049155,2900.170162253082,2900.170131145045
2101.5,11666.200916290283,11666.201751708984,11666.201438903809,11666.19987487793,11666.201218098402,11666.199904069304,11666.200361151248,11666.199799983762,8286.201362609863,8286.20023727417,8286.200304031372,8286.199785232544,8286.201085150242,8286.200899019837,8286.200720537454,8286.19982652273,7874.686138153076,7874.686595916748,7874.685081481934,7874.683654785156,7874.686493307352,7874.683870494366,7874.685689199716,7874.684774174355,5593.186252593994,5593.185657501221,5593.185861587524,5593.184595108032,5593.186089485884,5593.18613037467,5593.185819286853,5593.18470571097,4083.170986175537,4083.170795440674,4083.1716270446777,4083.1700592041016,4083.1708495616913,4083.169867888093,4083.170165810734,4083.170466779731,2900.169605255127,2900.1711807250977,2900.171911239624,2900.1704540252686,2900.1705865710974,2900.16920620203,2900.1701676882803,2900.1701336344704
2102.5,11666.200912475586,11666.201793670654,11666.201457977295,11666.19987487793,11666.201233416796,11666.19989991188,11666.200370445848,11666.199797086418,8286.201396942139,8286.200248718262,8286.20032119751,8286.19979095459,8286.201100960374,8286.20091226697,8286.200733944774,8286.199825435877,7874.686168670654,7874.686618804932,7874.685089111328,7874.683628082275,7874.686509639025,7874.6838500499725,7874.685697704554,7874.684767916799,5593.186264038086,5593.185676574707,5593.1858768463135,5593.1845989227295,5593.186102196574,5593.186146944761,5593.185832880437,5593.184700265527,4083.1710166931152,4083.1708335876465,4083.1716651916504,4083.170063018799,4083.170860916376,4083.16986566782,4083.170172944665,4083.170474216342,2900.169578552246,2900.171226501465,2900.17195892334,2900.1704635620117,2900.1705960929394,2900.169194199145,2900.170173123479,2900.1701361238956
2103.5,11666.200908660889,11666.201835632324,11666.201477050781,11666.19987487793,11666.20124873519,11666.199895754457,11666.200379740447,11666.199794189073,8286.201431274414,8286.200260162354,8286.200338363647,8286.199796676636,8286.201116770506,8286.200925514102,8286.200747352093,8286.199824349023,7874.686199188232,7874.686641693115,7874.685096740723,7874.6836013793945,7874.686525970697,7874.683829605579,7874.685706209391,7874.684761659242,5593.186275482178,5593.185695648193,5593.1858921051025,5593.184602737427,5593.186114907265,5593.1861635148525,5593.185846474022,5593.184694820084,4083.1710472106934,4083.170871734619,4083.171703338623,4083.170066833496,4083.170872271061,4083.169863447547,4083.170180078596,4083.1704816529527,2900.1695518493652,2900.171272277832,2900.1720066070557,2900.170473098755,2900.1706056147814,2900.1691821962595,2900.1701785586774,2900.170138613321
2104.5,11666.200904846191,11666.201877593994,11666.201496124268,11666.19987487793,11666.201264053583,11666.199891597033,11666.200389035046,11666.199791291729,8286.20146560669,8286.200271606445,8286.200355529785,8286.199802398682,8286.201132580638,8286.200938761234,8286.200760759413,8286.19982326217,7874.686229705811,7874.686664581299,7874.685104370117,7874.683574676514,7874.68654230237,7874.683809161186,7874.685714714229,7874.684755401686,5593.1862869262695,5593.18571472168,5593.185907363892,5593.184606552124,5593.186127617955,5593.186180084944,5593.185860067606,5593.184689374641,4083.1710777282715,4083.170909881592,4083.1717414855957,4083.1700706481934,4083.170883625746,4083.169861227274,4083.170187212527,4083.1704890895635,2900.1695251464844,2900.171318054199,2900.1720542907715,2900.170482635498,2900.1706151366234,2900.169170193374,2900.170183993876,2900.170141102746
2105.5,11666.200901031494,11666.201919555664,11666.201515197754,11666.19987487793,11666.201279371977,11666.199887439609,11666.200398329645,11666.199788394384,8286.201499938965,8286.200283050537,8286.200372695923,8286.199808120728,8286.20114839077,8286.200952008367,8286.200774166733,8286.199822175317,7874.686260223389,7874.686687469482,7874.685111999512,7874.683547973633,7874.686558634043,7874.683788716793,7874.685723219067,7874.6847491441295,5593.186298370361,5593.185733795166,5593.185922622681,5593.184610366821,5593.186140328646,5593.186196655035,5593.18587366119,5593.1846839291975,4083.1711082458496,4083.1709480285645,4083.1717796325684,4083.1700744628906,4083.1708949804306,4083.169859007001,4083.1701943464577,4083.1704965261742,2900.1694984436035,2900.1713638305664,2900.1721019744873,2900.170492172241,2900.1706246584654,2900.169158190489,2900.1701894290745,2900.1701435921714
2106.5,11666.200897216797,11666.201961517334,11666.20153427124,11666.19987487793,11666.20129469037,11666.199883282185,11666.200407624245,11666.19978549704,8286.20153427124,8286.200294494629,8286.20038986206,8286.199813842773,8286.201164200902,8286.200965255499,8286.200787574053,8286.199821088463,7874.686290740967,7874.686710357666,7874.685119628906,7874.683521270752,7874.686574965715,7874.6837682724,7874.685731723905,7874.684742886573,5593.186309814453,5593.185752868652,5593.18593788147,5593.184614181519,5593.186153039336,5593.186213225126,5593.185887254775,5593.184678483754,4083.1711387634277,4083.170986175537,4083.171817779541,4083.170078277588,4083.1709063351154,4083.169856786728,4083.1702014803886,4083.170503962785,2900.1694717407227,2900.1714096069336,2900.172149658203,2900.1705017089844,2900.1706341803074,2900.1691461876035,2900.170194864273,2900.1701460815966
2107.5,11666.2008934021,11666.202003479004,11666.201553344727,11666.19987487793,11666.201310008764,11666.19987912476,11666.200416918844,11666.199782599695,8286.201568603516,8286.20030593872,8286.200407028198,8286.19981956482,8286.201180011034,8286.200978502631,8286.200800981373,8286.19982000161,7874.686321258545,7874.68673324585,7874.685127258301,7874.683494567871,7874.686591297388,7874.683747828007,7874.685740228742,7874.684736629017,5593.186321258545,5593.185771942139,5593.185953140259,5593.184617996216,5593.186165750027,5593.1862297952175,5593.185900848359,5593.184673038311,4083.171169281006,4083.1710243225098,4083.1718559265137,4083.170082092285,4083.1709176898003,4083.169854566455,4083.1702086143196,4083.1705113993958,2900.169445037842,2900.171455383301,2900.172197341919,2900.1705112457275,2900.1706437021494,2900.169134184718,2900.1702002994716,2900.170148571022
2108.5,11666.200889587402,11666.202045440674,11666.201572418213,11666.19987487793,11666.201325327158,11666.199874967337,11666.200426213443,11666.19977970235,8286.201602935791,8286.200317382812,8286.200424194336,8286.199825286865,8286.201195821166,8286.200991749763,8286.200814388692,8286.199818914756,7874.686351776123,7874.686756134033,7874.685134887695,7874.68346786499,7874.686607629061,7874.683727383614,7874.68574873358,7874.68473037146,5593.186332702637,5593.185791015625,5593.185968399048,5593.184621810913,5593.186178460717,5593.186246365309,5593.185914441943,5593.184667592868,4083.171199798584,4083.1710624694824,4083.1718940734863,4083.1700859069824,4083.170929044485,4083.169852346182,4083.1702157482505,4083.1705188360065,2900.169418334961,2900.171501159668,2900.1722450256348,2900.1705207824707,2900.1706532239914,2900.169122181833,2900.17020573467,2900.170151060447
2109.5,11666.200885772705,11666.202087402344,11666.2015914917,11666.19987487793,11666.201340645552,11666.199870809913,11666.200435508043,11666.199776805006,8286.201637268066,8286.200328826904,8286.200441360474,8286.199831008911,8286.201211631298,8286.201004996896,8286.200827796012,8286.199817827903,7874.686382293701,7874.686779022217,7874.68514251709,7874.683441162109,7874.686623960733,7874.68370693922,7874.685757238418,7874.684724113904,5593.1863441467285,5593.185810089111,5593.185983657837,5593.18462562561,5593.186191171408,5593.1862629354,5593.1859280355275,5593.184662147425,4083.171230316162,4083.171100616455,4083.171932220459,4083.1700897216797,4083.17094039917,4083.169850125909,4083.1702228821814,4083.1705262726173,2900.16939163208,2900.171546936035,2900.1722927093506,2900.170530319214,2900.1706627458334,2900.1691101789474,2900.1702111698687,2900.1701535498723
2110.5,11666.200881958008,11666.202129364014,11666.201610565186,11666.19987487793,11666.201355963945,11666.199866652489,11666.200444802642,11666.199773907661,8286.201671600342,8286.200340270996,8286.200458526611,8286.199836730957,8286.20122744143,8286.201018244028,8286.200841203332,8286.19981674105,7874.686412811279,7874.6868019104,7874.685150146484,7874.6834144592285,7874.686640292406,7874.683686494827,7874.685765743256,7874.684717856348,5593.18635559082,5593.185829162598,5593.185998916626,5593.184629440308,5593.186203882098,5593.186279505491,5593.185941629112,5593.184656701982,4083.1712608337402,4083.1711387634277,4083.1719703674316,4083.170093536377,4083.1709517538548,4083.169847905636,4083.1702300161123,4083.170533709228,2900.169364929199,2900.1715927124023,2900.1723403930664,2900.170539855957,2900.1706722676754,2900.169098176062,2900.1702166050673,2900.1701560392976
2111.5,11666.20087814331,11666.202171325684,11666.201629638672,11666.19987487793,11666.20137128234,11666.199862495065,11666.200454097241,11666.199771010317,8286.201705932617,8286.200351715088,8286.200475692749,8286.199842453003,8286.201243251562,8286.20103149116,8286.200854610652,8286.199815654196,7874.686443328857,7874.686824798584,7874.685157775879,7874.683387756348,7874.686656624079,7874.683666050434,7874.685774248093,7874.684711598791,5593.186367034912,5593.185848236084,5593.186014175415,5593.184633255005,5593.186216592789,5593.1862960755825,5593.185955222696,5593.184651256539,4083.1712913513184,4083.1711769104004,4083.1720085144043,4083.170097351074,4083.1709631085396,4083.169845685363,4083.1702371500432,4083.170541145839,2900.1693382263184,2900.1716384887695,2900.172388076782,2900.1705493927,2900.1706817895174,2900.1690861731768,2900.170222040266,2900.170158528723
2112.5,11666.200874328613,11666.202213287354,11666.201648712158,11666.19987487793,11666.201386600733,11666.19985833764,11666.20046339184,11666.199768112972,8286.201740264893,8286.20036315918,8286.200492858887,8286.199848175049,8286.201259061694,8286.201044738293,8286.200868017972,8286.199814567342,7874.686473846436,7874.686847686768,7874.685165405273,7874.683361053467,7874.686672955751,7874.683645606041,7874.685782752931,7874.684705341235,5593.186378479004,5593.18586730957,5593.186029434204,5593.184637069702,5593.186229303479,5593.186312645674,5593.18596881628,5593.184645811096,4083.1713218688965,4083.171215057373,4083.172046661377,4083.1701011657715,4083.1709744632244,4083.16984346509,4083.170244283974,4083.1705485824496,2900.1693115234375,2900.1716842651367,2900.172435760498,2900.1705589294434,2900.1706913113594,2900.1690741702914,2900.1702274754643,2900.170161018148
2113.5,11666.200870513916,11666.202255249023,11666.201667785645,11666.19987487793,11666.201401919127,11666.199854180217,11666.20047268644,11666.199765215628,8286.201774597168,8286.200374603271,8286.200510025024,8286.199853897095,8286.201274871826,8286.201057985425,8286.200881425291,8286.199813480489,7874.686504364014,7874.686870574951,7874.685173034668,7874.683334350586,7874.686689287424,7874.683625161648,7874.685791257769,7874.684699083678,5593.186389923096,5593.185886383057,5593.186044692993,5593.184640884399,5593.18624201417,5593.186329215765,5593.185982409865,5593.184640365653,4083.1713523864746,4083.1712532043457,4083.1720848083496,4083.1701049804688,4083.1709858179092,4083.169841244817,4083.170251417905,4083.1705560190603,2900.1692848205566,2900.171730041504,2900.172483444214,2900.1705684661865,2900.1707008332014,2900.169062167406,2900.170232910663,2900.1701635075733
2114.5,11666.200866699219,11666.202297210693,11666.20168685913,11666.19987487793,11666.20141723752,11666.199850022793,11666.200481981039,11666.199762318283,8286.201808929443,8286.200386047363,8286.200527191162,8286.19985961914,8286.201290681958,8286.201071232557,8286.200894832611,8286.199812393636,7874.686534881592,7874.686893463135,7874.6851806640625,7874.683307647705,7874.686705619097,7874.683604717255,7874.685799762607,7874.684692826122,5593.1864013671875,5593.185905456543,5593.186059951782,5593.184644699097,5593.18625472486,5593.186345785856,5593.185996003449,5593.18463492021,4083.1713829040527,4083.1712913513184,4083.1721229553223,4083.170108795166,4083.170997172594,4083.1698390245438,4083.170258551836,4083.170563455671,2900.169258117676,2900.171775817871,2900.1725311279297,2900.1705780029297,2900.1707103550434,2900.1690501645207,2900.1702383458614,2900.1701659969985
2115.5,11666.200862884521,11666.202339172363,11666.201705932617,11666.19987487793,11666.201432555914,11666.199845865369,11666.200491275638,11666.199759420939,8286.201843261719,8286.200397491455,8286.2005443573,8286.199865341187,8286.20130649209,8286.20108447969,8286.20090823993,8286.199811306782,7874.68656539917,7874.686916351318,7874.685188293457,7874.683280944824,7874.686721950769,7874.6835842728615,7874.685808267444,7874.684686568566,5593.186412811279,5593.185924530029,5593.186075210571,5593.184648513794,5593.186267435551,5593.1863623559475,5593.186009597033,5593.184629474767,4083.171413421631,4083.171329498291,4083.172161102295,4083.1701126098633,4083.171008527279,4083.1698368042707,4083.170265685767,4083.170570892282,2900.169231414795,2900.1718215942383,2900.1725788116455,2900.170587539673,2900.1707198768854,2900.1690381616354,2900.17024378106,2900.170168486424
2116.5,11666.200859069824,11666.202381134033,11666.201725006104,11666.19987487793,11666.201447874308,11666.199841707945,11666.200500570238,11666.199756523594,8286.201877593994,8286.200408935547,8286.200561523438,8286.199871063232,8286.201322302222,8286.201097726822,8286.20092164725,8286.199810219929,7874.686595916748,7874.686939239502,7874.685195922852,7874.683254241943,7874.686738282442,7874.683563828468,7874.685816772282,7874.684680311009,5593.186424255371,5593.185943603516,5593.18609046936,5593.184652328491,5593.186280146241,5593.186378926039,5593.186023190618,5593.1846240293235,4083.171443939209,4083.1713676452637,4083.1721992492676,4083.1701164245605,4083.1710198819637,4083.1698345839977,4083.170272819698,4083.1705783288926,2900.169204711914,2900.1718673706055,2900.1726264953613,2900.170597076416,2900.1707293987274,2900.16902615875,2900.1702492162585,2900.170170975849
2117.5,11666.200855255127,11666.202423095703,11666.20174407959,11666.19987487793,11666.201463192701,11666.19983755052,11666.200509864837,11666.19975362625,8286.20191192627,8286.200420379639,8286.200578689575,8286.199876785278,8286.201338112354,8286.201110973954,8286.20093505457,8286.199809133075,7874.686626434326,7874.686962127686,7874.685203552246,7874.6832275390625,7874.686754614115,7874.683543384075,7874.68582527712,7874.684674053453,5593.186435699463,5593.185962677002,5593.186105728149,5593.1846561431885,5593.186292856932,5593.18639549613,5593.186036784202,5593.18461858388,4083.171474456787,4083.1714057922363,4083.1722373962402,4083.170120239258,4083.1710312366486,4083.1698323637247,4083.170279953629,4083.1705857655033,2900.169178009033,2900.1719131469727,2900.172674179077,2900.170606613159,2900.1707389205694,2900.1690141558647,2900.170254651457,2900.1701734652743
2118.5,11666.20085144043,11666.202465057373,11666.201763153076,11666.19987487793,11666.201478511095,11666.199833393097,11666.200519159436,11666.199750728905,8286.201946258545,8286.20043182373,8286.200595855713,8286.199882507324,8286.201353922486,8286.201124221087,8286.20094846189,8286.199808046222,7874.686656951904,7874.686985015869,7874.685211181641,7874.683200836182,7874.686770945787,7874.683522939682,7874.685833781958,7874.6846677958965,5593.186447143555,5593.185981750488,5593.1861209869385,5593.184659957886,5593.186305567622,5593.186412066221,5593.186050377786,5593.184613138437,4083.1715049743652,4083.171443939209,4083.172275543213,4083.170124053955,4083.1710425913334,4083.1698301434517,4083.1702870875597,4083.170593202114,2900.1691513061523,2900.17195892334,2900.172721862793,2900.1706161499023,2900.1707484424114,2900.1690021529794,2900.1702600866556,2900.1701759546995
2119.5,11666.200847625732,11666.202507019043,11666.201782226562,11666.19987487793,11666.201493829489,11666.199829235673,11666.200528454036,11666.19974783156,8286.20198059082,8286.200443267822,8286.20061302185,8286.19988822937,8286.201369732618,8286.201137468219,8286.20096186921,8286.199806959368,7874.686687469482,7874.687007904053,7874.685218811035,7874.683174133301,7874.68678727746,7874.683502495289,7874.685842286795,7874.68466153834,5593.1864585876465,5593.186000823975,5593.1861362457275,5593.184663772583,5593.186318278313,5593.1864286363125,5593.1860639713705,5593.184607692994,4083.1715354919434,4083.1714820861816,4083.1723136901855,4083.1701278686523,4083.171053946018,4083.1698279231787,4083.1702942214906,4083.170600638725,2900.1691246032715,2900.172004699707,2900.172769546509,2900.1706256866455,2900.1707579642534,2900.168990150094,2900.170265521854,2900.1701784441248
2120.5,11666.200843811035,11666.202548980713,11666.201801300049,11666.19987487793,11666.201509147882,11666.199825078249,11666.200537748635,11666.199744934216,8286.202014923096,8286.200454711914,8286.200630187988,8286.199893951416,8286.20138554275,8286.201150715351,8286.20097527653,8286.199805872515,7874.686717987061,7874.687030792236,7874.68522644043,7874.68314743042,7874.686803609133,7874.683482050896,7874.685850791633,7874.684655280784,5593.186470031738,5593.186019897461,5593.186151504517,5593.18466758728,5593.186330989003,5593.186445206404,5593.186077564955,5593.184602247551,4083.1715660095215,4083.1715202331543,4083.172351837158,4083.1701316833496,4083.171065300703,4083.1698257029057,4083.1703013554215,4083.1706080753356,2900.1690979003906,2900.172050476074,2900.1728172302246,2900.1706352233887,2900.1707674860954,2900.1689781472087,2900.1702709570527,2900.17018093355
2121.5,11666.200839996338,11666.202590942383,11666.201820373535,11666.19987487793,11666.201524466276,11666.199820920825,11666.200547043234,11666.199742036872,8286.202049255371,8286.200466156006,8286.200647354126,8286.199899673462,8286.201401352882,8286.201163962483,8286.20098868385,8286.199804785661,7874.686748504639,7874.68705368042,7874.685234069824,7874.683120727539,7874.686819940805,7874.6834616065025,7874.685859296471,7874.684649023227,5593.18648147583,5593.186038970947,5593.186166763306,5593.1846714019775,5593.186343699694,5593.186461776495,5593.186091158539,5593.184596802108,4083.1715965270996,4083.171558380127,4083.172389984131,4083.170135498047,4083.171076655388,4083.1698234826326,4083.1703084893525,4083.1706155119464,2900.1690711975098,2900.1720962524414,2900.1728649139404,2900.170644760132,2900.1707770079374,2900.1689661443233,2900.1702763922513,2900.1701834229752
2122.5,11666.20083618164,11666.202632904053,11666.201839447021,11666.19987487793,11666.20153978467,11666.199816763401,11666.200556337833,11666.199739139527,8286.202083587646,8286.200477600098,8286.200664520264,8286.199905395508,8286.201417163014,8286.201177209616,8286.20100209117,8286.199803698808,7874.686779022217,7874.6870765686035,7874.685241699219,7874.683094024658,7874.686836272478,7874.683441162109,7874.685867801309,7874.684642765671,5593.186492919922,5593.186058044434,5593.186182022095,5593.184675216675,5593.186356410384,5593.186478346586,5593.186104752123,5593.184591356665,4083.1716270446777,4083.1715965270996,4083.1724281311035,4083.170139312744,4083.1710880100727,4083.1698212623596,4083.1703156232834,4083.170622948557,2900.169044494629,2900.1721420288086,2900.1729125976562,2900.170654296875,2900.1707865297794,2900.168954141438,2900.17028182745,2900.1701859124005
2123.5,11666.200832366943,11666.202674865723,11666.201858520508,11666.19987487793,11666.201555103064,11666.199812605977,11666.200565632433,11666.199736242183,8286.202117919922,8286.20048904419,8286.200681686401,8286.199911117554,8286.201432973146,8286.201190456748,8286.20101549849,8286.199802611955,7874.686809539795,7874.687099456787,7874.685249328613,7874.683067321777,7874.686852604151,7874.683420717716,7874.685876306146,7874.684636508115,5593.186504364014,5593.18607711792,5593.186197280884,5593.184679031372,5593.186369121075,5593.1864949166775,5593.186118345708,5593.184585911222,4083.171657562256,4083.1716346740723,4083.172466278076,4083.1701431274414,4083.1710993647575,4083.1698190420866,4083.1703227572143,4083.170630385168,2900.169017791748,2900.172187805176,2900.172960281372,2900.170663833618,2900.1707960516214,2900.1689421385527,2900.1702872626483,2900.1701884018257
2124.5,11666.200828552246,11666.202716827393,11666.201877593994,11666.19987487793,11666.201570421457,11666.199808448553,11666.200574927032,11666.199733344838,8286.202152252197,8286.200500488281,8286.200698852539,8286.1999168396,8286.201448783278,8286.20120370388,8286.201028905809,8286.199801525101,7874.686840057373,7874.687122344971,7874.685256958008,7874.6830406188965,7874.686868935823,7874.683400273323,7874.685884810984,7874.684630250558,5593.1865158081055,5593.186096191406,5593.186212539673,5593.184682846069,5593.186381831765,5593.186511486769,5593.186131939292,5593.184580465779,4083.171688079834,4083.171672821045,4083.172504425049,4083.1701469421387,4083.1711107194424,4083.1698168218136,4083.1703298911452,4083.1706378217787,2900.168991088867,2900.172233581543,2900.173007965088,2900.1706733703613,2900.1708055734634,2900.1689301356673,2900.170292697847,2900.170190891251
2125.5,11666.200824737549,11666.202758789062,11666.20189666748,11666.19987487793,11666.201585739851,11666.19980429113,11666.200584221631,11666.199730447493,8286.202186584473,8286.200511932373,8286.200716018677,8286.199922561646,8286.20146459341,8286.201216951013,8286.201042313129,8286.199800438248,7874.686870574951,7874.687145233154,7874.685264587402,7874.683013916016,7874.686885267496,7874.68337982893,7874.685893315822,7874.684623993002,5593.186527252197,5593.186115264893,5593.186227798462,5593.184686660767,5593.186394542456,5593.18652805686,5593.186145532876,5593.184575020336,4083.171718597412,4083.1717109680176,4083.1725425720215,4083.170150756836,4083.171122074127,4083.1698146015406,4083.170337025076,4083.1706452583894,2900.1689643859863,2900.17227935791,2900.1730556488037,2900.1706829071045,2900.1708150953054,2900.168918132782,2900.1702981330454,2900.170193380676
2126.5,11666.200820922852,11666.202800750732,11666.201915740967,11666.19987487793,11666.201601058245,11666.199800133705,11666.20059351623,11666.199727550149,8286.202220916748,8286.200523376465,8286.200733184814,8286.199928283691,8286.201480403543,8286.201230198145,8286.201055720448,8286.199799351394,7874.686901092529,7874.687168121338,7874.685272216797,7874.682987213135,7874.686901599169,7874.683359384537,7874.68590182066,7874.6846177354455,5593.186538696289,5593.186134338379,5593.186243057251,5593.184690475464,5593.186407253146,5593.186544626951,5593.186159126461,5593.1845695748925,4083.1717491149902,4083.1717491149902,4083.172580718994,4083.170154571533,4083.171133428812,4083.1698123812675,4083.170344159007,4083.170652695,2900.1689376831055,2900.1723251342773,2900.1731033325195,2900.1706924438477,2900.1708246171474,2900.1689061298966,2900.170303568244,2900.1701958701015
2127.5,11666.200817108154,11666.202842712402,11666.201934814453,11666.19987487793,11666.201616376638,11666.199795976281,11666.20060281083,11666.199724652804,8286.202255249023,8286.200534820557,8286.200750350952,8286.199934005737,8286.201496213675,8286.201243445277,8286.201069127768,8286.19979826454,7874.686931610107,7874.6871910095215,7874.685279846191,7874.682960510254,7874.686917930841,7874.683338940144,7874.685910325497,7874.684611477889,5593.186550140381,5593.186153411865,5593.18625831604,5593.184694290161,5593.186419963837,5593.1865611970425,5593.186172720045,5593.184564129449,4083.1717796325684,4083.171787261963,4083.172618865967,4083.1701583862305,4083.171144783497,4083.1698101609945,4083.170351292938,4083.170660131611,2900.1689109802246,2900.1723709106445,2900.1731510162354,2900.170701980591,2900.1708341389894,2900.1688941270113,2900.1703090034425,2900.1701983595267
2128.5,11666.200813293457,11666.202884674072,11666.20195388794,11666.19987487793,11666.201631695032,11666.199791818857,11666.20061210543,11666.19972175546,8286.202289581299,8286.200546264648,8286.20076751709,8286.199939727783,8286.201512023807,8286.20125669241,8286.201082535088,8286.199797177687,7874.686962127686,7874.687213897705,7874.685287475586,7874.682933807373,7874.686934262514,7874.68331849575,7874.685918830335,7874.684605220333,5593.186561584473,5593.186172485352,5593.186273574829,5593.184698104858,5593.186432674527,5593.186577767134,5593.186186313629,5593.184558684006,4083.1718101501465,4083.1718254089355,4083.1726570129395,4083.1701622009277,4083.1711561381817,4083.1698079407215,4083.170358426869,4083.1706675682217,2900.1688842773438,2900.1724166870117,2900.173198699951,2900.170711517334,2900.1708436608315,2900.168882124126,2900.170314438641,2900.170200848952
2129.5,11666.20080947876,11666.202926635742,11666.201972961426,11666.19987487793,11666.201647013426,11666.199787661433,11666.200621400028,11666.199718858115,8286.202323913574,8286.20055770874,8286.200784683228,8286.19994544983,8286.201527833939,8286.201269939542,8286.201095942408,8286.199796090834,7874.686992645264,7874.687236785889,7874.6852951049805,7874.682907104492,7874.686950594187,7874.683298051357,7874.685927335173,7874.684598962776,5593.186573028564,5593.186191558838,5593.186288833618,5593.184701919556,5593.186445385218,5593.186594337225,5593.186199907213,5593.184553238563,4083.1718406677246,4083.171863555908,4083.172695159912,4083.170166015625,4083.1711674928665,4083.1698057204485,4083.1703655608,4083.1706750048324,2900.168857574463,2900.172462463379,2900.173246383667,2900.170721054077,2900.1708531826735,2900.1688701212406,2900.1703198738396,2900.170203338377
2130.5,11666.200805664062,11666.202968597412,11666.201992034912,11666.19987487793,11666.20166233182,11666.19978350401,11666.200630694628,11666.19971596077,8286.20235824585,8286.200569152832,8286.200801849365,8286.199951171875,8286.20154364407,8286.201283186674,8286.201109349728,8286.19979500398,7874.687023162842,7874.687259674072,7874.685302734375,7874.682880401611,7874.686966925859,7874.683277606964,7874.685935840011,7874.68459270522,5593.186584472656,5593.186210632324,5593.186304092407,5593.184705734253,5593.186458095908,5593.186610907316,5593.186213500798,5593.18454779312,4083.1718711853027,4083.171901702881,4083.1727333068848,4083.1701698303223,4083.1711788475513,4083.1698035001755,4083.1703726947308,4083.170682441443,2900.168830871582,2900.172508239746,2900.173294067383,2900.1707305908203,2900.1708627045155,2900.1688581183553,2900.170325309038,2900.1702058278024
2131.5,11666.200801849365,11666.203010559082,11666.202011108398,11666.19987487793,11666.201677650213,11666.199779346585,11666.200639989227,11666.199713063426,8286.202392578125,8286.200580596924,8286.200819015503,8286.19995689392,8286.201559454203,8286.201296433806,8286.201122757047,8286.199793917127,7874.68705368042,7874.687282562256,7874.6853103637695,7874.6828536987305,7874.686983257532,7874.683257162571,7874.685944344848,7874.684586447664,5593.186595916748,5593.186229705811,5593.186319351196,5593.18470954895,5593.186470806599,5593.1866274774075,5593.186227094382,5593.184542347677,4083.171901702881,4083.1719398498535,4083.1727714538574,4083.1701736450195,4083.171190202236,4083.1698012799025,4083.1703798286617,4083.170689878054,2900.168804168701,2900.1725540161133,2900.1733417510986,2900.1707401275635,2900.1708722263575,2900.16884611547,2900.1703307442367,2900.1702083172277
2132.5,11666.200798034668,11666.203052520752,11666.202030181885,11666.19987487793,11666.201692968607,11666.199775189161,11666.200649283826,11666.199710166082,8286.2024269104,8286.200592041016,8286.20083618164,8286.199962615967,8286.201575264335,8286.201309680939,8286.201136164367,8286.199792830274,7874.687084197998,7874.687305450439,7874.685317993164,7874.68282699585,7874.686999589205,7874.683236718178,7874.685952849686,7874.684580190107,5593.18660736084,5593.186248779297,5593.186334609985,5593.1847133636475,5593.186483517289,5593.186644047499,5593.186240687966,5593.184536902234,4083.171932220459,4083.171977996826,4083.17280960083,4083.170177459717,4083.171201556921,4083.1697990596294,4083.1703869625926,4083.1706973146647,2900.1687774658203,2900.1725997924805,2900.1733894348145,2900.1707496643066,2900.1708817481995,2900.1688341125846,2900.1703361794353,2900.170210806653
2133.5,11666.20079421997,11666.203094482422,11666.202049255371,11666.19987487793,11666.201708287,11666.199771031737,11666.200658578426,11666.199707268737,8286.202461242676,8286.200603485107,8286.200853347778,8286.199968338013,8286.201591074467,8286.201322928071,8286.201149571687,8286.19979174342,7874.687114715576,7874.687328338623,7874.685325622559,7874.682800292969,7874.6870159208775,7874.683216273785,7874.685961354524,7874.684573932551,5593.186618804932,5593.186267852783,5593.186349868774,5593.184717178345,5593.18649622798,5593.18666061759,5593.186254281551,5593.184531456791,4083.171962738037,4083.172016143799,4083.1728477478027,4083.170181274414,4083.171212911606,4083.1697968393564,4083.1703940965235,4083.1707047512755,2900.1687507629395,2900.1726455688477,2900.1734371185303,2900.17075920105,2900.1708912700415,2900.1688221096992,2900.170341614634,2900.170213296078
2134.5,11666.200790405273,11666.203136444092,11666.202068328857,11666.19987487793,11666.201723605394,11666.199766874313,11666.200667873025,11666.199704371393,8286.202495574951,8286.2006149292,8286.200870513916,8286.199974060059,8286.201606884599,8286.201336175203,8286.201162979007,8286.199790656567,7874.687145233154,7874.687351226807,7874.685333251953,7874.682773590088,7874.68703225255,7874.6831958293915,7874.685969859362,7874.6845676749945,5593.186630249023,5593.1862869262695,5593.1863651275635,5593.184720993042,5593.18650893867,5593.186677187681,5593.186267875135,5593.184526011348,4083.1719932556152,4083.1720542907715,4083.1728858947754,4083.1701850891113,4083.1712242662907,4083.1697946190834,4083.1704012304544,4083.1707121878862,2900.1687240600586,2900.172691345215,2900.173484802246,2900.170768737793,2900.1709007918835,2900.168810106814,2900.1703470498323,2900.1702157855034
2135.5,11666.200786590576,11666.203178405762,11666.202087402344,11666.19987487793,11666.201738923788,11666.19976271689,11666.200677167624,11666.199701474048,8286.202529907227,8286.200626373291,8286.200887680054,8286.199979782104,8286.20162269473,8286.201349422336,8286.201176386327,8286.199789569713,7874.687175750732,7874.68737411499,7874.685340881348,7874.682746887207,7874.687048584223,7874.683175384998,7874.685978364199,7874.684561417438,5593.186641693115,5593.186305999756,5593.1863803863525,5593.184724807739,5593.186521649361,5593.186693757772,5593.186281468719,5593.184520565905,4083.1720237731934,4083.172092437744,4083.172924041748,4083.1701889038086,4083.1712356209755,4083.1697923988104,4083.1704083643854,4083.170719624497,2900.1686973571777,2900.172737121582,2900.173532485962,2900.170778274536,2900.1709103137255,2900.1687981039286,2900.170352485031,2900.1702182749286
2136.5,11666.200782775879,11666.203220367432,11666.20210647583,11666.19987487793,11666.201754242182,11666.199758559465,11666.200686462224,11666.199698576704,8286.202564239502,8286.200637817383,8286.200904846191,8286.19998550415,8286.201638504863,8286.201362669468,8286.201189793646,8286.19978848286,7874.687206268311,7874.687397003174,7874.685348510742,7874.682720184326,7874.6870649158955,7874.683154940605,7874.685986869037,7874.684555159882,5593.186653137207,5593.186325073242,5593.186395645142,5593.1847286224365,5593.186534360051,5593.186710327864,5593.1862950623035,5593.184515120462,4083.1720542907715,4083.172130584717,4083.1729621887207,4083.170192718506,4083.1712469756603,4083.1697901785374,4083.1704154983163,4083.1707270611078,2900.168670654297,2900.172782897949,2900.1735801696777,2900.1707878112793,2900.1709198355675,2900.168786101043,2900.1703579202294,2900.170220764354
2137.5,11666.200778961182,11666.203262329102,11666.202125549316,11666.19987487793,11666.201769560575,11666.199754402041,11666.200695756823,11666.19969567936,8286.202598571777,8286.200649261475,8286.20092201233,8286.199991226196,8286.201654314995,8286.2013759166,8286.201203200966,8286.199787396006,7874.687236785889,7874.687419891357,7874.685356140137,7874.682693481445,7874.687081247568,7874.683134496212,7874.685995373875,7874.684548902325,5593.186664581299,5593.1863441467285,5593.186410903931,5593.184732437134,5593.186547070742,5593.186726897955,5593.186308655888,5593.1845096750185,4083.1720848083496,4083.1721687316895,4083.1730003356934,4083.170196533203,4083.171258330345,4083.1697879582644,4083.170422632247,4083.1707344977185,2900.168643951416,2900.1728286743164,2900.1736278533936,2900.1707973480225,2900.1709293574095,2900.168774098158,2900.170363355428,2900.170223253779
2138.5,11666.200775146484,11666.203304290771,11666.202144622803,11666.19987487793,11666.20178487897,11666.199750244617,11666.200705051422,11666.199692782015,8286.202632904053,8286.200660705566,8286.200939178467,8286.199996948242,8286.201670125127,8286.201389163733,8286.201216608286,8286.199786309153,7874.687267303467,7874.687442779541,7874.685363769531,7874.682666778564,7874.687097579241,7874.683114051819,7874.686003878713,7874.684542644769,5593.186676025391,5593.186363220215,5593.18642616272,5593.184736251831,5593.186559781432,5593.186743468046,5593.186322249472,5593.184504229575,4083.1721153259277,4083.172206878662,4083.173038482666,4083.1702003479004,4083.17126968503,4083.1697857379913,4083.170429766178,4083.1707419343293,2900.168617248535,2900.1728744506836,2900.1736755371094,2900.1708068847656,2900.1709388792515,2900.1687620952725,2900.1703687906265,2900.1702257432044
2139.5,11666.200771331787,11666.203346252441,11666.202163696289,11666.19987487793,11666.201800197363,11666.199746087193,11666.200714346021,11666.19968988467,8286.202667236328,8286.200672149658,8286.200956344604,8286.200002670288,8286.201685935259,8286.201402410865,8286.201230015606,8286.1997852223,7874.687297821045,7874.687465667725,7874.685371398926,7874.682640075684,7874.6871139109135,7874.683093607426,7874.68601238355,7874.684536387213,5593.186687469482,5593.186382293701,5593.186441421509,5593.184740066528,5593.186572492123,5593.186760038137,5593.186335843056,5593.184498784132,4083.172145843506,4083.1722450256348,4083.1730766296387,4083.1702041625977,4083.171281039715,4083.1697835177183,4083.170436900109,4083.17074937094,2900.1685905456543,2900.172920227051,2900.173723220825,2900.170816421509,2900.1709484010935,2900.168750092387,2900.170374225825,2900.1702282326296
2140.5,11666.20076751709,11666.203388214111,11666.202182769775,11666.19987487793,11666.201815515757,11666.19974192977,11666.20072364062,11666.199686987326,8286.202701568604,8286.20068359375,8286.200973510742,8286.200008392334,8286.20170174539,8286.201415657997,8286.201243422925,8286.199784135446,7874.687328338623,7874.687488555908,7874.68537902832,7874.682613372803,7874.687130242586,7874.6830731630325,7874.686020888388,7874.684530129656,5593.186698913574,5593.1864013671875,5593.186456680298,5593.184743881226,5593.186585202813,5593.186776608229,5593.186349436641,5593.184493338689,4083.172176361084,4083.1722831726074,4083.1731147766113,4083.170207977295,4083.1712923943996,4083.1697812974453,4083.17044403404,4083.170756807551,2900.1685638427734,2900.172966003418,2900.173770904541,2900.170825958252,2900.1709579229355,2900.168738089502,2900.1703796610236,2900.170230722055
2141.5,11666.200763702393,11666.203430175781,11666.202201843262,11666.19987487793,11666.20183083415,11666.199737772346,11666.20073293522,11666.199684089981,8286.202735900879,8286.200695037842,8286.20099067688,8286.20001411438,8286.201717555523,8286.20142890513,8286.201256830245,8286.199783048593,7874.687358856201,7874.687511444092,7874.685386657715,7874.682586669922,7874.687146574259,7874.683052718639,7874.686029393226,7874.6845238721,5593.186710357666,5593.186420440674,5593.186471939087,5593.184747695923,5593.186597913504,5593.18679317832,5593.186363030225,5593.184487893246,4083.172206878662,4083.17232131958,4083.173152923584,4083.170211791992,4083.1713037490845,4083.1697790771723,4083.170451167971,4083.1707642441615,2900.1685371398926,2900.173011779785,2900.173818588257,2900.170835494995,2900.1709674447775,2900.1687260866165,2900.170385096222,2900.17023321148
2142.5,11666.200759887695,11666.203472137451,11666.202220916748,11666.19987487793,11666.201846152544,11666.199733614922,11666.20074222982,11666.199681192636,8286.202770233154,8286.200706481934,8286.201007843018,8286.200019836426,8286.201733365655,8286.201442152262,8286.201270237565,8286.199781961739,7874.687389373779,7874.687534332275,7874.685394287109,7874.682559967041,7874.6871629059315,7874.683032274246,7874.686037898064,7874.684517614543,5593.186721801758,5593.18643951416,5593.186487197876,5593.18475151062,5593.186610624194,5593.186809748411,5593.186376623809,5593.184482447803,4083.1722373962402,4083.1723594665527,4083.1731910705566,4083.1702156066895,4083.1713151037693,4083.1697768568993,4083.170458301902,4083.1707716807723,2900.1685104370117,2900.1730575561523,2900.1738662719727,2900.1708450317383,2900.1709769666195,2900.168714083731,2900.1703905314207,2900.1702357009053
2143.5,11666.200756072998,11666.203514099121,11666.202239990234,11666.19987487793,11666.201861470938,11666.199729457498,11666.200751524419,11666.199678295292,8286.20280456543,8286.200717926025,8286.201025009155,8286.200025558472,8286.201749175787,8286.201455399394,8286.201283644885,8286.199780874886,7874.687419891357,7874.687557220459,7874.685401916504,7874.68253326416,7874.687179237604,7874.683011829853,7874.686046402901,7874.684511356987,5593.18673324585,5593.1864585876465,5593.186502456665,5593.184755325317,5593.186623334885,5593.186826318502,5593.186390217394,5593.18447700236,4083.1722679138184,4083.1723976135254,4083.1732292175293,4083.1702194213867,4083.171326458454,4083.1697746366262,4083.1704654358327,4083.170779117383,2900.168483734131,2900.1731033325195,2900.1739139556885,2900.1708545684814,2900.1709864884615,2900.168702080846,2900.1703959666193,2900.1702381903306
2144.5,11666.2007522583,11666.203556060791,11666.20225906372,11666.19987487793,11666.201876789331,11666.199725300074,11666.200760819018,11666.199675397947,8286.202838897705,8286.200729370117,8286.201042175293,8286.200031280518,8286.201764985919,8286.201468646526,8286.201297052205,8286.199779788032,7874.687450408936,7874.687580108643,7874.685409545898,7874.682506561279,7874.687195569277,7874.68299138546,7874.686054907739,7874.684505099431,5593.186744689941,5593.186477661133,5593.186517715454,5593.184759140015,5593.186636045575,5593.186842888594,5593.186403810978,5593.184471556917,4083.1722984313965,4083.172435760498,4083.173267364502,4083.170223236084,4083.171337813139,4083.169772416353,4083.1704725697637,4083.170786553994,2900.16845703125,2900.1731491088867,2900.1739616394043,2900.1708641052246,2900.1709960103035,2900.1686900779605,2900.170401401818,2900.170240679756
2145.5,11666.200748443604,11666.203598022461,11666.202278137207,11666.19987487793,11666.201892107725,11666.19972114265,11666.200770113617,11666.199672500603,8286.20287322998,8286.200740814209,8286.20105934143,8286.200037002563,8286.201780796051,8286.201481893659,8286.201310459524,8286.199778701179,7874.687480926514,7874.687602996826,7874.685417175293,7874.682479858398,7874.6872119009495,7874.682970941067,7874.686063412577,7874.684498841874,5593.186756134033,5593.186496734619,5593.186532974243,5593.184762954712,5593.186648756266,5593.186859458685,5593.186417404562,5593.184466111474,4083.1723289489746,4083.1724739074707,4083.1733055114746,4083.1702270507812,4083.171349167824,4083.16977019608,4083.1704797036946,4083.1707939906046,2900.168430328369,2900.173194885254,2900.17400932312,2900.170873641968,2900.1710055321455,2900.168678075075,2900.1704068370163,2900.170243169181
2146.5,11666.200744628906,11666.20363998413,11666.202297210693,11666.19987487793,11666.201907426119,11666.199716985226,11666.200779408216,11666.199669603258,8286.202907562256,8286.2007522583,8286.201076507568,8286.20004272461,8286.201796606183,8286.201495140791,8286.201323866844,8286.199777614325,7874.687511444092,7874.68762588501,7874.6854248046875,7874.682453155518,7874.687228232622,7874.682950496674,7874.686071917415,7874.684492584318,5593.186767578125,5593.1865158081055,5593.186548233032,5593.184766769409,5593.186661466956,5593.186876028776,5593.1864309981465,5593.184460666031,4083.1723594665527,4083.1725120544434,4083.1733436584473,4083.1702308654785,4083.1713605225086,4083.169767975807,4083.1704868376255,4083.1708014272153,2900.1684036254883,2900.173240661621,2900.174057006836,2900.170883178711,2900.1710150539875,2900.16866607219,2900.170412272215,2900.1702456586063
2147.5,11666.200740814209,11666.2036819458,11666.20231628418,11666.19987487793,11666.201922744513,11666.199712827802,11666.200788702816,11666.199666705914,8286.202941894531,8286.200763702393,8286.201093673706,8286.200048446655,8286.201812416315,8286.201508387923,8286.201337274164,8286.199776527472,7874.68754196167,7874.687648773193,7874.685432434082,7874.682426452637,7874.687244564295,7874.68293005228,7874.686080422252,7874.6844863267615,5593.186779022217,5593.186534881592,5593.186563491821,5593.184770584106,5593.186674177647,5593.186892598867,5593.186444591731,5593.184455220588,4083.172389984131,4083.172550201416,4083.17338180542,4083.170234680176,4083.1713718771935,4083.169765755534,4083.1704939715564,4083.170808863826,2900.1683769226074,2900.1732864379883,2900.1741046905518,2900.170892715454,2900.1710245758295,2900.1686540693045,2900.1704177074134,2900.1702481480315
2148.5,11666.200736999512,11666.20372390747,11666.202335357666,11666.19987487793,11666.201938062906,11666.199708670378,11666.200797997415,11666.19966380857,8286.202976226807,8286.200775146484,8286.201110839844,8286.200054168701,8286.201828226447,8286.201521635056,8286.201350681484,8286.199775440618,7874.687572479248,7874.687671661377,7874.685440063477,7874.682399749756,7874.6872608959675,7874.682909607887,7874.68608892709,7874.684480069205,5593.186790466309,5593.186553955078,5593.18657875061,5593.184774398804,5593.186686888337,5593.186909168959,5593.186458185315,5593.1844497751445,4083.172420501709,4083.1725883483887,4083.1734199523926,4083.170238494873,4083.1713832318783,4083.169763535261,4083.1705011054873,4083.170816300437,2900.1683502197266,2900.1733322143555,2900.1741523742676,2900.1709022521973,2900.1710340976715,2900.168642066419,2900.170423142612,2900.170250637457
2149.5,11666.200733184814,11666.20376586914,11666.202354431152,11666.19987487793,11666.2019533813,11666.199704512954,11666.200807292014,11666.199660911225,8286.203010559082,8286.200786590576,8286.201128005981,8286.200059890747,8286.20184403658,8286.201534882188,8286.201364088804,8286.199774353765,7874.687602996826,7874.687694549561,7874.685447692871,7874.682373046875,7874.68727722764,7874.682889163494,7874.686097431928,7874.684473811649,5593.1868019104,5593.186573028564,5593.186594009399,5593.184778213501,5593.186699599028,5593.18692573905,5593.186471778899,5593.184444329701,4083.172451019287,4083.1726264953613,4083.1734580993652,4083.1702423095703,4083.171394586563,4083.169761314988,4083.1705082394183,4083.1708237370476,2900.1683235168457,2900.1733779907227,2900.1742000579834,2900.1709117889404,2900.1710436195135,2900.168630063534,2900.1704285778105,2900.170253126882
2150.5,11666.200729370117,11666.20380783081,11666.202373504639,11666.19987487793,11666.201968699694,11666.19970035553,11666.200816586614,11666.19965801388,8286.203044891357,8286.200798034668,8286.20114517212,8286.200065612793,8286.201859846711,8286.20154812932,8286.201377496123,8286.199773266912,7874.687633514404,7874.687717437744,7874.685455322266,7874.682346343994,7874.687293559313,7874.682868719101,7874.686105936766,7874.684467554092,5593.186813354492,5593.186592102051,5593.1866092681885,5593.184782028198,5593.186712309718,5593.186942309141,5593.186485372484,5593.184438884258,4083.1724815368652,4083.172664642334,4083.173496246338,4083.1702461242676,4083.171405941248,4083.169759094715,4083.170515373349,4083.1708311736584,2900.168296813965,2900.17342376709,2900.174247741699,2900.1709213256836,2900.1710531413555,2900.1686180606484,2900.170434013009,2900.1702556163073
2151.5,11666.20072555542,11666.20384979248,11666.202392578125,11666.19987487793,11666.201984018087,11666.199696198106,11666.200825881213,11666.199655116536,8286.203079223633,8286.20080947876,8286.201162338257,8286.200071334839,8286.201875656843,8286.201561376452,8286.201390903443,8286.199772180058,7874.687664031982,7874.687740325928,7874.68546295166,7874.682319641113,7874.6873098909855,7874.682848274708,7874.686114441603,7874.684461296536,5593.186824798584,5593.186611175537,5593.1866245269775,5593.1847858428955,5593.186725020409,5593.186958879232,5593.186498966068,5593.184433438815,4083.1725120544434,4083.1727027893066,4083.1735343933105,4083.170249938965,4083.1714172959328,4083.169756874442,4083.17052250728,4083.170838610269,2900.168270111084,2900.173469543457,2900.174295425415,2900.1709308624268,2900.1710626631975,2900.168606057763,2900.1704394482076,2900.1702581057325
2152.5,11666.200721740723,11666.20389175415,11666.202411651611,11666.19987487793,11666.201999336481,11666.199692040682,11666.200835175812,11666.199652219191,8286.203113555908,8286.200820922852,8286.201179504395,8286.200077056885,8286.201891466975,8286.201574623585,8286.201404310763,8286.199771093205,7874.687694549561,7874.687763214111,7874.685470581055,7874.682292938232,7874.687326222658,7874.682827830315,7874.686122946441,7874.68445503898,5593.186836242676,5593.186630249023,5593.186639785767,5593.184789657593,5593.186737731099,5593.186975449324,5593.186512559652,5593.184427993372,4083.1725425720215,4083.1727409362793,4083.173572540283,4083.170253753662,4083.1714286506176,4083.169754654169,4083.170529641211,4083.17084604688,2900.168243408203,2900.173515319824,2900.174343109131,2900.17094039917,2900.1710721850395,2900.1685940548778,2900.170444883406,2900.1702605951577
2153.5,11666.200717926025,11666.20393371582,11666.202430725098,11666.19987487793,11666.202014654875,11666.199687883258,11666.200844470412,11666.199649321847,8286.203147888184,8286.200832366943,8286.201196670532,8286.20008277893,8286.201907277107,8286.201587870717,8286.201417718083,8286.199770006351,7874.687725067139,7874.687786102295,7874.685478210449,7874.682266235352,7874.687342554331,7874.6828073859215,7874.686131451279,7874.684448781423,5593.186847686768,5593.18664932251,5593.186655044556,5593.18479347229,5593.18675044179,5593.186992019415,5593.186526153237,5593.184422547929,4083.1725730895996,4083.172779083252,4083.173610687256,4083.1702575683594,4083.1714400053024,4083.169752433896,4083.170536775142,4083.1708534834906,2900.1682167053223,2900.1735610961914,2900.1743907928467,2900.170949935913,2900.1710817068815,2900.1685820519924,2900.1704503186047,2900.170263084583
2154.5,11666.200714111328,11666.20397567749,11666.202449798584,11666.19987487793,11666.202029973269,11666.199683725834,11666.20085376501,11666.199646424502,8286.203182220459,8286.200843811035,8286.20121383667,8286.200088500977,8286.20192308724,8286.20160111785,8286.201431125402,8286.199768919498,7874.687755584717,7874.6878089904785,7874.685485839844,7874.682239532471,7874.6873588860035,7874.682786941528,7874.686139956117,7874.684442523867,5593.186859130859,5593.186668395996,5593.186670303345,5593.184797286987,5593.18676315248,5593.187008589506,5593.186539746821,5593.184417102486,4083.1726036071777,4083.1728172302246,4083.1736488342285,4083.1702613830566,4083.1714513599873,4083.169750213623,4083.170543909073,4083.1708609201014,2900.1681900024414,2900.1736068725586,2900.1744384765625,2900.1709594726562,2900.1710912287235,2900.168570049107,2900.1704557538033,2900.170265574008
2155.5,11666.20071029663,11666.20401763916,11666.20246887207,11666.19987487793,11666.202045291662,11666.19967956841,11666.20086305961,11666.199643527158,8286.203216552734,8286.200855255127,8286.201231002808,8286.200094223022,8286.201938897371,8286.201614364982,8286.201444532722,8286.199767832644,7874.687786102295,7874.687831878662,7874.685493469238,7874.68221282959,7874.687375217676,7874.682766497135,7874.686148460954,7874.6844362663105,5593.186870574951,5593.186687469482,5593.186685562134,5593.184801101685,5593.186775863171,5593.187025159597,5593.186553340405,5593.184411657043,4083.172634124756,4083.1728553771973,4083.173686981201,4083.170265197754,4083.171462714672,4083.16974799335,4083.170551043004,4083.170868356712,2900.1681632995605,2900.173652648926,2900.1744861602783,2900.1709690093994,2900.1711007505655,2900.1685580462217,2900.170461189002,2900.1702680634335
2156.5,11666.200706481934,11666.20405960083,11666.202487945557,11666.19987487793,11666.202060610056,11666.199675410986,11666.20087235421,11666.199640629813,8286.20325088501,8286.200866699219,8286.201248168945,8286.200099945068,8286.201954707503,8286.201627612114,8286.201457940042,8286.19976674579,7874.687816619873,7874.687854766846,7874.685501098633,7874.682186126709,7874.687391549349,7874.682746052742,7874.686156965792,7874.684430008754,5593.186882019043,5593.186706542969,5593.186700820923,5593.184804916382,5593.186788573861,5593.187041729689,5593.1865669339895,5593.1844062116,4083.172664642334,4083.17289352417,4083.173725128174,4083.170269012451,4083.171474069357,4083.169745773077,4083.1705581769347,4083.170875793323,2900.1681365966797,2900.173698425293,2900.174533843994,2900.1709785461426,2900.1711102724075,2900.1685460433364,2900.1704666242003,2900.1702705528587
2157.5,11666.200702667236,11666.2041015625,11666.202507019043,11666.19987487793,11666.20207592845,11666.199671253562,11666.200881648809,11666.199637732469,8286.203285217285,8286.20087814331,8286.201265335083,8286.200105667114,8286.201970517635,8286.201640859246,8286.201471347362,8286.199765658937,7874.687847137451,7874.687877655029,7874.685508728027,7874.682159423828,7874.6874078810215,7874.682725608349,7874.68616547063,7874.684423751198,5593.186893463135,5593.186725616455,5593.186716079712,5593.184808731079,5593.186801284552,5593.18705829978,5593.186580527574,5593.184400766157,4083.172695159912,4083.1729316711426,4083.1737632751465,4083.1702728271484,4083.1714854240417,4083.169743552804,4083.1705653108656,4083.1708832299337,2900.168109893799,2900.17374420166,2900.17458152771,2900.1709880828857,2900.1711197942495,2900.168534040451,2900.170472059399,2900.170273042284
2158.5,11666.200698852539,11666.20414352417,11666.20252609253,11666.19987487793,11666.202091246843,11666.199667096138,11666.200890943408,11666.199634835124,8286.20331954956,8286.200889587402,8286.20128250122,8286.20011138916,8286.201986327767,8286.201654106379,8286.201484754682,8286.199764572084,7874.687877655029,7874.687900543213,7874.685516357422,7874.682132720947,7874.687424212694,7874.682705163956,7874.686173975468,7874.684417493641,5593.186904907227,5593.186744689941,5593.186731338501,5593.184812545776,5593.186813995242,5593.187074869871,5593.186594121158,5593.1843953207135,4083.1727256774902,4083.1729698181152,4083.173801422119,4083.1702766418457,4083.1714967787266,4083.169741332531,4083.1705724447966,4083.1708906665444,2900.168083190918,2900.1737899780273,2900.174629211426,2900.170997619629,2900.1711293160915,2900.1685220375657,2900.1704774945974,2900.170275531709
2159.5,11666.200695037842,11666.20418548584,11666.202545166016,11666.19987487793,11666.202106565237,11666.199662938714,11666.200900238007,11666.19963193778,8286.203353881836,8286.200901031494,8286.201299667358,8286.200117111206,8286.2020021379,8286.20166735351,8286.201498162001,8286.19976348523,7874.687908172607,7874.6879234313965,7874.685523986816,7874.682106018066,7874.687440544367,7874.6826847195625,7874.686182480305,7874.684411236085,5593.186916351318,5593.186763763428,5593.18674659729,5593.184816360474,5593.186826705933,5593.187091439962,5593.186607714742,5593.18438987527,4083.1727561950684,4083.173007965088,4083.173839569092,4083.170280456543,4083.1715081334114,4083.169739112258,4083.1705795787275,4083.170898103155,2900.168056488037,2900.1738357543945,2900.1746768951416,2900.171007156372,2900.1711388379335,2900.1685100346804,2900.170482929796,2900.1702780211344
2160.5,11666.200691223145,11666.20422744751,11666.202564239502,11666.19987487793,11666.20212188363,11666.19965878129,11666.200909532607,11666.199629040435,8286.203388214111,8286.200912475586,8286.201316833496,8286.200122833252,8286.202017948031,8286.201680600643,8286.201511569321,8286.199762398377,7874.687938690186,7874.68794631958,7874.685531616211,7874.682079315186,7874.6874568760395,7874.682664275169,7874.686190985143,7874.684404978529,5593.18692779541,5593.186782836914,5593.186761856079,5593.184820175171,5593.186839416623,5593.187108010054,5593.186621308327,5593.184384429827,4083.1727867126465,4083.1730461120605,4083.1738777160645,4083.1702842712402,4083.1715194880962,4083.169736891985,4083.1705867126584,4083.170905539766,2900.1680297851562,2900.1738815307617,2900.1747245788574,2900.1710166931152,2900.1711483597755,2900.168498031795,2900.1704883649945,2900.1702805105597
2161.5,11666.200687408447,11666.20426940918,11666.202583312988,11666.19987487793,11666.202137202024,11666.199654623866,11666.200918827206,11666.19962614309,8286.203422546387,8286.200923919678,8286.201333999634,8286.200128555298,8286.202033758163,8286.201693847775,8286.201524976641,8286.199761311524,7874.687969207764,7874.687969207764,7874.6855392456055,7874.682052612305,7874.687473207712,7874.682643830776,7874.686199489981,7874.684398720972,5593.186939239502,5593.1868019104,5593.186777114868,5593.184823989868,5593.186852127314,5593.187124580145,5593.186634901911,5593.184378984384,4083.1728172302246,4083.173084259033,4083.173915863037,4083.1702880859375,4083.171530842781,4083.169734671712,4083.1705938465893,4083.1709129763767,2900.1680030822754,2900.173927307129,2900.1747722625732,2900.1710262298584,2900.1711578816175,2900.1684860289097,2900.170493800193,2900.170282999985
2162.5,11666.20068359375,11666.20431137085,11666.202602386475,11666.19987487793,11666.202152520418,11666.199650466442,11666.200928121805,11666.199623245746,8286.203456878662,8286.20093536377,8286.201351165771,8286.200134277344,8286.202049568295,8286.201707094908,8286.20153838396,8286.19976022467,7874.687999725342,7874.687992095947,7874.685546875,7874.682025909424,7874.687489539385,7874.682623386383,7874.686207994819,7874.684392463416,5593.186950683594,5593.186820983887,5593.186792373657,5593.184827804565,5593.186864838004,5593.187141150236,5593.186648495495,5593.184373538941,4083.1728477478027,4083.173122406006,4083.1739540100098,4083.1702919006348,4083.171542197466,4083.169732451439,4083.1706009805202,4083.1709204129875,2900.1679763793945,2900.173973083496,2900.174819946289,2900.1710357666016,2900.1711674034595,2900.1684740260243,2900.1704992353916,2900.17028548941
2163.5,11666.200679779053,11666.20435333252,11666.202621459961,11666.19987487793,11666.202167838812,11666.199646309018,11666.200937416404,11666.199620348401,8286.203491210938,8286.200946807861,8286.20136833191,8286.20013999939,8286.202065378428,8286.20172034204,8286.20155179128,8286.199759137817,7874.68803024292,7874.688014984131,7874.6855545043945,7874.681999206543,7874.6875058710575,7874.68260294199,7874.686216499656,7874.6843862058595,5593.186962127686,5593.186840057373,5593.186807632446,5593.184831619263,5593.186877548695,5593.187157720327,5593.18666208908,5593.184368093498,4083.172878265381,4083.1731605529785,4083.1739921569824,4083.170295715332,4083.1715535521507,4083.169730231166,4083.170608114451,4083.1709278495982,2900.1679496765137,2900.1740188598633,2900.174867630005,2900.1710453033447,2900.1711769253016,2900.168462023139,2900.17050467059,2900.1702879788354
2164.5,11666.200675964355,11666.20439529419,11666.202640533447,11666.19987487793,11666.202183157206,11666.199642151594,11666.200946711004,11666.199617451057,8286.203525543213,8286.200958251953,8286.201385498047,8286.200145721436,8286.20208118856,8286.201733589172,8286.2015651986,8286.199758050963,7874.688060760498,7874.688037872314,7874.685562133789,7874.681972503662,7874.68752220273,7874.682582497597,7874.686225004494,7874.684379948303,5593.186973571777,5593.186859130859,5593.186822891235,5593.18483543396,5593.186890259385,5593.187174290419,5593.186675682664,5593.184362648055,4083.172908782959,4083.173198699951,4083.174030303955,4083.1702995300293,4083.1715649068356,4083.169728010893,4083.170615248382,4083.170935286209,2900.167922973633,2900.1740646362305,2900.1749153137207,2900.171054840088,2900.1711864471436,2900.1684500202537,2900.1705101057887,2900.1702904682606
2165.5,11666.200672149658,11666.20443725586,11666.202659606934,11666.19987487793,11666.2021984756,11666.19963799417,11666.200956005603,11666.199614553712,8286.203559875488,8286.200969696045,8286.201402664185,8286.200151443481,8286.202096998692,8286.201746836305,8286.20157860592,8286.19975696411,7874.688091278076,7874.688060760498,7874.685569763184,7874.681945800781,7874.687538534403,7874.682562053204,7874.686233509332,7874.684373690747,5593.186985015869,5593.186878204346,5593.186838150024,5593.184839248657,5593.186902970076,5593.18719086051,5593.186689276248,5593.184357202612,4083.172939300537,4083.173236846924,4083.1740684509277,4083.1703033447266,4083.1715762615204,4083.16972579062,4083.170622382313,4083.1709427228197,2900.167896270752,2900.1741104125977,2900.1749629974365,2900.171064376831,2900.1711959689856,2900.1684380173683,2900.1705155409873,2900.170292957686
2166.5,11666.200668334961,11666.20447921753,11666.20267868042,11666.19987487793,11666.202213793993,11666.199633836746,11666.200965300202,11666.199611656368,8286.203594207764,8286.200981140137,8286.201419830322,8286.200157165527,8286.202112808824,8286.201760083437,8286.20159201324,8286.199755877256,7874.688121795654,7874.688083648682,7874.685577392578,7874.6819190979,7874.6875548660755,7874.68254160881,7874.68624201417,7874.68436743319,5593.186996459961,5593.186897277832,5593.1868534088135,5593.1848430633545,5593.186915680766,5593.187207430601,5593.1867028698325,5593.184351757169,4083.1729698181152,4083.1732749938965,4083.1741065979004,4083.170307159424,4083.171587616205,4083.169723570347,4083.170629516244,4083.1709501594305,2900.167869567871,2900.174156188965,2900.1750106811523,2900.171073913574,2900.1712054908276,2900.168426014483,2900.170520976186,2900.170295447111
2167.5,11666.200664520264,11666.2045211792,11666.202697753906,11666.19987487793,11666.202229112387,11666.199629679322,11666.200974594802,11666.199608759023,8286.203628540039,8286.200992584229,8286.20143699646,8286.200162887573,8286.202128618956,8286.20177333057,8286.20160542056,8286.199754790403,7874.688152313232,7874.688106536865,7874.685585021973,7874.6818923950195,7874.687571197748,7874.682521164417,7874.686250519007,7874.684361175634,5593.187007904053,5593.186916351318,5593.1868686676025,5593.184846878052,5593.186928391457,5593.187224000692,5593.186716463417,5593.184346311726,4083.1730003356934,4083.173313140869,4083.174144744873,4083.170310974121,4083.17159897089,4083.169721350074,4083.170636650175,4083.1709575960413,2900.1678428649902,2900.174201965332,2900.175058364868,2900.1710834503174,2900.1712150126696,2900.1684140115976,2900.1705264113843,2900.1702979365364
2168.5,11666.200660705566,11666.20456314087,11666.202716827393,11666.19987487793,11666.20224443078,11666.199625521898,11666.200983889401,11666.199605861679,8286.203662872314,8286.20100402832,8286.201454162598,8286.20016860962,8286.202144429088,8286.201786577702,8286.20161882788,8286.19975370355,7874.688182830811,7874.688129425049,7874.685592651367,7874.681865692139,7874.687587529421,7874.682500720024,7874.686259023845,7874.684354918078,5593.1870193481445,5593.186935424805,5593.186883926392,5593.184850692749,5593.186941102147,5593.187240570784,5593.186730057001,5593.184340866283,4083.1730308532715,4083.173351287842,4083.1741828918457,4083.1703147888184,4083.171610325575,4083.169719129801,4083.170643784106,4083.170965032652,2900.1678161621094,2900.174247741699,2900.175106048584,2900.1710929870605,2900.1712245345116,2900.1684020087123,2900.170531846583,2900.1703004259616
2169.5,11666.20065689087,11666.204605102539,11666.202735900879,11666.19987487793,11666.202259749174,11666.199621364474,11666.200993184,11666.199602964334,8286.20369720459,8286.201015472412,8286.201471328735,8286.200174331665,8286.20216023922,8286.201799824834,8286.2016322352,8286.199752616696,7874.688213348389,7874.688152313232,7874.685600280762,7874.681838989258,7874.6876038610935,7874.682480275631,7874.686267528683,7874.684348660521,5593.187030792236,5593.186954498291,5593.186899185181,5593.184854507446,5593.186953812838,5593.187257140875,5593.186743650585,5593.1843354208395,4083.1730613708496,4083.1733894348145,4083.1742210388184,4083.1703186035156,4083.1716216802597,4083.169716909528,4083.1706509180367,4083.170972469263,2900.1677894592285,2900.1742935180664,2900.1751537323,2900.1711025238037,2900.1712340563536,2900.168390005827,2900.1705372817814,2900.170302915387
2170.5,11666.200653076172,11666.204647064209,11666.202754974365,11666.19987487793,11666.202275067568,11666.19961720705,11666.2010024786,11666.19960006699,8286.203731536865,8286.201026916504,8286.201488494873,8286.200180053711,8286.202176049352,8286.201813071966,8286.201645642519,8286.199751529843,7874.688243865967,7874.688175201416,7874.685607910156,7874.681812286377,7874.687620192766,7874.682459831238,7874.686276033521,7874.684342402965,5593.187042236328,5593.186973571777,5593.18691444397,5593.184858322144,5593.186966523528,5593.187273710966,5593.18675724417,5593.184329975396,4083.1730918884277,4083.173427581787,4083.174259185791,4083.170322418213,4083.1716330349445,4083.1697146892548,4083.1706580519676,4083.1709799058735,2900.1677627563477,2900.1743392944336,2900.1752014160156,2900.171112060547,2900.1712435781956,2900.1683780029416,2900.17054271698,2900.170305404812
2171.5,11666.200649261475,11666.204689025879,11666.202774047852,11666.19987487793,11666.202290385962,11666.199613049626,11666.201011773199,11666.199597169645,8286.20376586914,8286.201038360596,8286.20150566101,8286.200185775757,8286.202191859484,8286.201826319098,8286.201659049839,8286.19975044299,7874.688274383545,7874.6881980896,7874.685615539551,7874.681785583496,7874.687636524439,7874.682439386845,7874.686284538358,7874.684336145408,5593.18705368042,5593.186992645264,5593.186929702759,5593.184862136841,5593.186979234219,5593.187290281057,5593.186770837754,5593.184324529953,4083.173122406006,4083.1734657287598,4083.1742973327637,4083.17032623291,4083.1716443896294,4083.1697124689817,4083.1706651858985,4083.1709873424843,2900.167736053467,2900.174385070801,2900.1752490997314,2900.17112159729,2900.1712531000376,2900.1683660000563,2900.1705481521785,2900.1703078942373
2172.5,11666.200645446777,11666.204730987549,11666.202793121338,11666.19987487793,11666.202305704355,11666.199608892202,11666.201021067798,11666.1995942723,8286.203800201416,8286.201049804688,8286.201522827148,8286.200191497803,8286.202207669616,8286.20183956623,8286.201672457159,8286.199749356136,7874.688304901123,7874.688220977783,7874.685623168945,7874.681758880615,7874.6876528561115,7874.6824189424515,7874.686293043196,7874.684329887852,5593.187065124512,5593.18701171875,5593.186944961548,5593.184865951538,5593.186991944909,5593.187306851149,5593.186784431338,5593.18431908451,4083.173152923584,4083.1735038757324,4083.1743354797363,4083.1703300476074,4083.171655744314,4083.1697102487087,4083.1706723198295,4083.170994779095,2900.167709350586,2900.174430847168,2900.1752967834473,2900.171131134033,2900.1712626218796,2900.168353997171,2900.170553587377,2900.1703103836626
2173.5,11666.20064163208,11666.204772949219,11666.202812194824,11666.19987487793,11666.202321022749,11666.199604734778,11666.201030362397,11666.199591374956,8286.203834533691,8286.20106124878,8286.201539993286,8286.200197219849,8286.202223479748,8286.201852813363,8286.201685864478,8286.199748269282,7874.688335418701,7874.688243865967,7874.68563079834,7874.681732177734,7874.687669187784,7874.682398498058,7874.686301548034,7874.684323630296,5593.1870765686035,5593.187030792236,5593.186960220337,5593.184869766235,5593.1870046556,5593.18732342124,5593.186798024923,5593.184313639067,4083.173183441162,4083.173542022705,4083.174373626709,4083.1703338623047,4083.171667098999,4083.1697080284357,4083.1706794537604,4083.171002215706,2900.167682647705,2900.174476623535,2900.175344467163,2900.1711406707764,2900.1712721437216,2900.1683419942856,2900.1705590225756,2900.170312873088
2174.5,11666.200637817383,11666.204814910889,11666.20283126831,11666.19987487793,11666.202336341143,11666.199600577354,11666.201039656997,11666.199588477612,8286.203868865967,8286.201072692871,8286.201557159424,8286.200202941895,8286.20223928988,8286.201866060495,8286.201699271798,8286.199747182429,7874.688365936279,7874.68826675415,7874.685638427734,7874.6817054748535,7874.687685519457,7874.682378053665,7874.686310052872,7874.684317372739,5593.187088012695,5593.187049865723,5593.186975479126,5593.184873580933,5593.18701736629,5593.187339991331,5593.186811618507,5593.184308193624,4083.1732139587402,4083.1735801696777,4083.1744117736816,4083.170337677002,4083.171678453684,4083.1697058081627,4083.1706865876913,4083.1710096523166,2900.167655944824,2900.1745223999023,2900.175392150879,2900.1711502075195,2900.1712816655636,2900.1683299914002,2900.170564457774,2900.170315362513
2175.5,11666.200634002686,11666.204856872559,11666.202850341797,11666.19987487793,11666.202351659536,11666.19959641993,11666.201048951596,11666.199585580267,8286.203903198242,8286.201084136963,8286.201574325562,8286.20020866394,8286.202255100012,8286.201879307628,8286.201712679118,8286.199746095575,7874.688396453857,7874.688289642334,7874.685646057129,7874.681678771973,7874.6877018511295,7874.682357609272,7874.6863185577095,7874.684311115183,5593.187099456787,5593.187068939209,5593.186990737915,5593.18487739563,5593.187030076981,5593.187356561422,5593.186825212091,5593.184302748181,4083.1732444763184,4083.1736183166504,4083.1744499206543,4083.170341491699,4083.1716898083687,4083.1697035878897,4083.1706937216222,4083.1710170889273,2900.1676292419434,2900.1745681762695,2900.1754398345947,2900.1711597442627,2900.1712911874056,2900.168317988515,2900.1705698929727,2900.1703178519383
2176.5,11666.200630187988,11666.204898834229,11666.202869415283,11666.19987487793,11666.20236697793,11666.199592262506,11666.201058246195,11666.199582682922,8286.203937530518,8286.201095581055,8286.2015914917,8286.200214385986,8286.202270910144,8286.20189255476,8286.201726086438,8286.199745008722,7874.688426971436,7874.688312530518,7874.685653686523,7874.681652069092,7874.687718182802,7874.682337164879,7874.686327062547,7874.684304857627,5593.187110900879,5593.187088012695,5593.187005996704,5593.184881210327,5593.187042787671,5593.187373131514,5593.1868388056755,5593.184297302738,4083.1732749938965,4083.173656463623,4083.174488067627,4083.1703453063965,4083.1717011630535,4083.1697013676167,4083.170700855553,4083.171024525538,2900.1676025390625,2900.1746139526367,2900.1754875183105,2900.171169281006,2900.1713007092476,2900.1683059856296,2900.1705753281713,2900.1703203413635
2177.5,11666.200626373291,11666.204940795898,11666.20288848877,11666.19987487793,11666.202382296324,11666.199588105083,11666.201067540795,11666.199579785578,8286.203971862793,8286.201107025146,8286.201608657837,8286.200220108032,8286.202286720276,8286.201905801892,8286.201739493757,8286.199743921869,7874.688457489014,7874.688335418701,7874.685661315918,7874.681625366211,7874.687734514475,7874.682316720486,7874.686335567385,7874.68429860007,5593.187122344971,5593.187107086182,5593.187021255493,5593.184885025024,5593.187055498362,5593.187389701605,5593.18685239926,5593.184291857295,4083.1733055114746,4083.1736946105957,4083.1745262145996,4083.1703491210938,4083.1717125177383,4083.1696991473436,4083.170707989484,4083.171031962149,2900.1675758361816,2900.174659729004,2900.1755352020264,2900.171178817749,2900.1713102310896,2900.168293982744,2900.17058076337,2900.170322830789
2178.5,11666.200622558594,11666.204982757568,11666.202907562256,11666.19987487793,11666.202397614717,11666.199583947659,11666.201076835394,11666.199576888233,8286.204006195068,8286.201118469238,8286.201625823975,8286.200225830078,8286.202302530408,8286.201919049025,8286.201752901077,8286.199742835015,7874.688488006592,7874.688358306885,7874.6856689453125,7874.68159866333,7874.6877508461475,7874.6822962760925,7874.686344072223,7874.684292342514,5593.1871337890625,5593.187126159668,5593.187036514282,5593.184888839722,5593.187068209052,5593.187406271696,5593.186865992844,5593.184286411852,4083.1733360290527,4083.1737327575684,4083.1745643615723,4083.170352935791,4083.171723872423,4083.1696969270706,4083.170715123415,4083.1710393987596,2900.167549133301,2900.174705505371,2900.175582885742,2900.171188354492,2900.1713197529316,2900.168281979859,2900.1705861985683,2900.170325320214
2179.5,11666.200618743896,11666.205024719238,11666.202926635742,11666.19987487793,11666.202412933111,11666.199579790235,11666.201086129993,11666.199573990889,8286.204040527344,8286.20112991333,8286.201642990112,8286.200231552124,8286.20231834054,8286.201932296157,8286.201766308397,8286.199741748162,7874.68851852417,7874.688381195068,7874.685676574707,7874.681571960449,7874.68776717782,7874.682275831699,7874.6863525770605,7874.684286084957,5593.187145233154,5593.187145233154,5593.187051773071,5593.184892654419,5593.187080919743,5593.187422841787,5593.186879586428,5593.184280966409,4083.173366546631,4083.173770904541,4083.174602508545,4083.1703567504883,4083.171735227108,4083.1696947067976,4083.170722257346,4083.1710468353704,2900.16752243042,2900.1747512817383,2900.175630569458,2900.1711978912354,2900.1713292747736,2900.1682699769735,2900.170591633767,2900.1703278096393
2180.5,11666.2006149292,11666.205066680908,11666.202945709229,11666.19987487793,11666.202428251505,11666.19957563281,11666.201095424592,11666.199571093544,8286.20407485962,8286.201141357422,8286.20166015625,8286.20023727417,8286.202334150672,8286.20194554329,8286.201779715717,8286.199740661308,7874.688549041748,7874.688404083252,7874.685684204102,7874.681545257568,7874.687783509493,7874.682255387306,7874.686361081898,7874.684279827401,5593.187156677246,5593.187164306641,5593.18706703186,5593.184896469116,5593.187093630433,5593.187439411879,5593.186893180013,5593.1842755209655,4083.173397064209,4083.1738090515137,4083.1746406555176,4083.1703605651855,4083.171746581793,4083.1696924865246,4083.170729391277,4083.171054271981,2900.167495727539,2900.1747970581055,2900.175678253174,2900.1712074279785,2900.1713387966156,2900.168257974088,2900.1705970689654,2900.1703302990645
2181.5,11666.200611114502,11666.205108642578,11666.202964782715,11666.19987487793,11666.202443569899,11666.199571475387,11666.201104719192,11666.1995681962,8286.204109191895,8286.201152801514,8286.201677322388,8286.200242996216,8286.202349960804,8286.201958790421,8286.201793123037,8286.199739574455,7874.688579559326,7874.688426971436,7874.685691833496,7874.6815185546875,7874.6877998411655,7874.682234942913,7874.686369586736,7874.684273569845,5593.187168121338,5593.187183380127,5593.187082290649,5593.1849002838135,5593.187106341124,5593.18745598197,5593.186906773597,5593.184270075522,4083.173427581787,4083.1738471984863,4083.1746788024902,4083.170364379883,4083.1717579364777,4083.1696902662516,4083.1707365252078,4083.171061708592,2900.167469024658,2900.1748428344727,2900.1757259368896,2900.1712169647217,2900.1713483184576,2900.168245971203,2900.170602504164,2900.1703327884898
2182.5,11666.200607299805,11666.205150604248,11666.202983856201,11666.19987487793,11666.202458888292,11666.199567317963,11666.201114013791,11666.199565298855,8286.20414352417,8286.201164245605,8286.201694488525,8286.200248718262,8286.202365770936,8286.201972037554,8286.201806530356,8286.199738487601,7874.688610076904,7874.688449859619,7874.685699462891,7874.681491851807,7874.687816172838,7874.68221449852,7874.686378091574,7874.684267312288,5593.18717956543,5593.187202453613,5593.1870975494385,5593.184904098511,5593.187119051814,5593.187472552061,5593.186920367181,5593.184264630079,4083.1734580993652,4083.173885345459,4083.174716949463,4083.17036819458,4083.1717692911625,4083.1696880459785,4083.1707436591387,4083.1710691452026,2900.1674423217773,2900.17488861084,2900.1757736206055,2900.171226501465,2900.1713578402996,2900.1682339683175,2900.1706079393625,2900.170335277915
2183.5,11666.200603485107,11666.205192565918,11666.203002929688,11666.19987487793,11666.202474206686,11666.199563160539,11666.20112330839,11666.19956240151,8286.204177856445,8286.201175689697,8286.201711654663,8286.200254440308,8286.202381581068,8286.201985284686,8286.201819937676,8286.199737400748,7874.688640594482,7874.688472747803,7874.685707092285,7874.681465148926,7874.687832504511,7874.682194054127,7874.6863865964115,7874.684261054732,5593.1871910095215,5593.1872215271,5593.1871128082275,5593.184907913208,5593.187131762505,5593.187489122152,5593.186933960766,5593.184259184636,4083.1734886169434,4083.1739234924316,4083.1747550964355,4083.1703720092773,4083.1717806458473,4083.1696858257055,4083.1707507930696,4083.1710765818134,2900.1674156188965,2900.174934387207,2900.1758213043213,2900.171236038208,2900.1713673621416,2900.168221965432,2900.170613374561,2900.1703377673402
2184.5,11666.20059967041,11666.205234527588,11666.203022003174,11666.19987487793,11666.20248952508,11666.199559003115,11666.20113260299,11666.199559504166,8286.20421218872,8286.201187133789,8286.2017288208,8286.200260162354,8286.2023973912,8286.201998531818,8286.201833344996,8286.199736313894,7874.688671112061,7874.688495635986,7874.68571472168,7874.681438446045,7874.687848836184,7874.682173609734,7874.686395101249,7874.6842547971755,5593.187202453613,5593.187240600586,5593.187128067017,5593.184911727905,5593.187144473195,5593.187505692244,5593.18694755435,5593.184253739193,4083.1735191345215,4083.1739616394043,4083.174793243408,4083.1703758239746,4083.171792000532,4083.1696836054325,4083.1707579270005,4083.171084018424,2900.1673889160156,2900.174980163574,2900.175868988037,2900.171245574951,2900.1713768839836,2900.168209962547,2900.1706188097596,2900.1703402567655
2185.5,11666.200595855713,11666.205276489258,11666.20304107666,11666.19987487793,11666.202504843473,11666.19955484569,11666.201141897589,11666.199556606822,8286.204246520996,8286.20119857788,8286.201745986938,8286.2002658844,8286.202413201332,8286.20201177895,8286.201846752316,8286.199735227041,7874.688701629639,7874.68851852417,7874.685722351074,7874.681411743164,7874.687865167856,7874.68215316534,7874.686403606087,7874.684248539619,5593.187213897705,5593.187259674072,5593.187143325806,5593.1849155426025,5593.187157183886,5593.187522262335,5593.186961147934,5593.18424829375,4083.1735496520996,4083.173999786377,4083.174831390381,4083.170379638672,4083.171803355217,4083.1696813851595,4083.1707650609314,4083.171091455035,2900.1673622131348,2900.1750259399414,2900.175916671753,2900.1712551116943,2900.1713864058256,2900.1681979596615,2900.170624244958,2900.1703427461907
2186.5,11666.200592041016,11666.205318450928,11666.203060150146,11666.19987487793,11666.202520161867,11666.199550688267,11666.201151192188,11666.199553709477,8286.204280853271,8286.201210021973,8286.201763153076,8286.200271606445,8286.202429011464,8286.202025026083,8286.201860159636,8286.199734140188,7874.688732147217,7874.6885414123535,7874.685729980469,7874.681385040283,7874.687881499529,7874.682132720947,7874.686412110925,7874.684242282063,5593.187225341797,5593.187278747559,5593.187158584595,5593.1849193573,5593.187169894576,5593.187538832426,5593.1869747415185,5593.184242848307,4083.1735801696777,4083.1740379333496,4083.1748695373535,4083.170383453369,4083.171814709902,4083.1696791648865,4083.1707721948624,4083.1710988916457,2900.167335510254,2900.1750717163086,2900.1759643554688,2900.1712646484375,2900.1713959276676,2900.168185956776,2900.1706296801567,2900.170345235616
2187.5,11666.200588226318,11666.205360412598,11666.203079223633,11666.19987487793,11666.20253548026,11666.199546530843,11666.201160486788,11666.199550812133,8286.204315185547,8286.201221466064,8286.201780319214,8286.200277328491,8286.202444821596,8286.202038273215,8286.201873566955,8286.199733053334,7874.688762664795,7874.688564300537,7874.685737609863,7874.681358337402,7874.687897831202,7874.682112276554,7874.6864206157625,7874.684236024506,5593.187236785889,5593.187297821045,5593.187173843384,5593.184923171997,5593.187182605267,5593.187555402517,5593.186988335103,5593.184237402864,4083.173610687256,4083.1740760803223,4083.174907684326,4083.1703872680664,4083.1718260645866,4083.1696769446135,4083.1707793287933,4083.1711063282564,2900.167308807373,2900.175117492676,2900.1760120391846,2900.1712741851807,2900.1714054495096,2900.168173953891,2900.1706351153553,2900.170347725041
2188.5,11666.200584411621,11666.205402374268,11666.20309829712,11666.19987487793,11666.202550798655,11666.199542373419,11666.201169781387,11666.199547914788,8286.204349517822,8286.201232910156,8286.201797485352,8286.200283050537,8286.202460631728,8286.202051520348,8286.201886974275,8286.19973196648,7874.688793182373,7874.688587188721,7874.685745239258,7874.6813316345215,7874.687914162874,7874.682091832161,7874.6864291206,7874.68422976695,5593.1872482299805,5593.187316894531,5593.187189102173,5593.184926986694,5593.187195315957,5593.187571972609,5593.187001928687,5593.184231957421,4083.173641204834,4083.174114227295,4083.174945831299,4083.1703910827637,4083.1718374192715,4083.1696747243404,4083.170786462724,4083.171113764867,2900.167282104492,2900.175163269043,2900.1760597229004,2900.171283721924,2900.1714149713516,2900.1681619510055,2900.170640550554,2900.1703502144665
2189.5,11666.200580596924,11666.205444335938,11666.203117370605,11666.19987487793,11666.202566117048,11666.199538215995,11666.201179075986,11666.199545017444,8286.204383850098,8286.201244354248,8286.20181465149,8286.200288772583,8286.20247644186,8286.20206476748,8286.201900381595,8286.199730879627,7874.688823699951,7874.688610076904,7874.685752868652,7874.681304931641,7874.687930494547,7874.682071387768,7874.686437625438,7874.684223509394,5593.187259674072,5593.187335968018,5593.187204360962,5593.184930801392,5593.187208026648,5593.1875885427,5593.187015522271,5593.184226511978,4083.173671722412,4083.1741523742676,4083.1749839782715,4083.170394897461,4083.1718487739563,4083.1696725040674,4083.170793596655,4083.171121201478,2900.1672554016113,2900.17520904541,2900.176107406616,2900.171293258667,2900.1714244931936,2900.16814994812,2900.1706459857523,2900.1703527038917
2190.5,11666.200576782227,11666.205486297607,11666.203136444092,11666.19987487793,11666.202581435442,11666.19953405857,11666.201188370585,11666.199542120099,8286.204418182373,8286.20125579834,8286.201831817627,8286.200294494629,8286.202492251992,8286.202078014612,8286.201913788915,8286.199729792774,7874.688854217529,7874.688632965088,7874.685760498047,7874.68127822876,7874.68794682622,7874.682050943375,7874.686446130276,7874.684217251837,5593.187271118164,5593.187355041504,5593.187219619751,5593.184934616089,5593.187220737338,5593.187605112791,5593.187029115856,5593.1842210665345,4083.1737022399902,4083.1741905212402,4083.175022125244,4083.170398712158,4083.171860128641,4083.1696702837944,4083.170800730586,4083.1711286380887,2900.1672286987305,2900.1752548217773,2900.176155090332,2900.17130279541,2900.1714340150356,2900.168137945235,2900.170651420951,2900.170355193317
2191.5,11666.20057296753,11666.205528259277,11666.203155517578,11666.19987487793,11666.202596753836,11666.199529901147,11666.201197665185,11666.199539222755,8286.204452514648,8286.201267242432,8286.201848983765,8286.200300216675,8286.202508062124,8286.202091261744,8286.201927196234,8286.19972870592,7874.688884735107,7874.6886558532715,7874.685768127441,7874.681251525879,7874.687963157892,7874.6820304989815,7874.6864546351135,7874.684210994281,5593.187282562256,5593.18737411499,5593.18723487854,5593.184938430786,5593.187233448029,5593.187621682882,5593.18704270944,5593.184215621091,4083.1737327575684,4083.174228668213,4083.175060272217,4083.1704025268555,4083.171871483326,4083.1696680635214,4083.170807864517,4083.1711360746995,2900.1672019958496,2900.1753005981445,2900.176202774048,2900.1713123321533,2900.1714435368776,2900.1681259423494,2900.1706568561494,2900.170357682742
2192.5,11666.200569152832,11666.205570220947,11666.203174591064,11666.19987487793,11666.20261207223,11666.199525743723,11666.201206959784,11666.19953632541,8286.204486846924,8286.201278686523,8286.201866149902,8286.20030593872,8286.202523872256,8286.202104508877,8286.201940603554,8286.199727619067,7874.688915252686,7874.688678741455,7874.685775756836,7874.681224822998,7874.687979489565,7874.682010054588,7874.686463139951,7874.6842047367245,5593.187294006348,5593.187393188477,5593.187250137329,5593.184942245483,5593.187246158719,5593.187638252974,5593.187056303024,5593.184210175648,4083.1737632751465,4083.1742668151855,4083.1750984191895,4083.1704063415527,4083.171882838011,4083.1696658432484,4083.170814998448,4083.17114351131,2900.1671752929688,2900.1753463745117,2900.1762504577637,2900.1713218688965,2900.1714530587196,2900.168113939464,2900.170662291348,2900.1703601721674
2193.5,11666.200565338135,11666.205612182617,11666.20319366455,11666.19987487793,11666.202627390623,11666.199521586299,11666.201216254383,11666.199533428065,8286.2045211792,8286.201290130615,8286.20188331604,8286.200311660767,8286.202539682388,8286.20211775601,8286.201954010874,8286.199726532213,7874.688945770264,7874.688701629639,7874.6857833862305,7874.681198120117,7874.687995821238,7874.681989610195,7874.686471644789,7874.684198479168,5593.187305450439,5593.187412261963,5593.187265396118,5593.184946060181,5593.18725886941,5593.187654823065,5593.187069896609,5593.184204730205,4083.1737937927246,4083.174304962158,4083.175136566162,4083.17041015625,4083.1718941926956,4083.1696636229753,4083.170822132379,4083.171150947921,2900.167148590088,2900.175392150879,2900.1762981414795,2900.1713314056396,2900.1714625805616,2900.1681019365788,2900.1706677265465,2900.1703626615927
2194.5,11666.200561523438,11666.205654144287,11666.203212738037,11666.19987487793,11666.202642709017,11666.199517428875,11666.201225548983,11666.199530530721,8286.204555511475,8286.201301574707,8286.201900482178,8286.200317382812,8286.20255549252,8286.202131003141,8286.201967418194,8286.19972544536,7874.688976287842,7874.688724517822,7874.685791015625,7874.681171417236,7874.68801215291,7874.681969165802,7874.686480149627,7874.684192221612,5593.187316894531,5593.187431335449,5593.187280654907,5593.184949874878,5593.1872715801,5593.187671393156,5593.187083490193,5593.184199284762,4083.1738243103027,4083.174343109131,4083.1751747131348,4083.1704139709473,4083.1719055473804,4083.1696614027023,4083.1708292663097,4083.1711583845317,2900.167121887207,2900.175437927246,2900.1763458251953,2900.171340942383,2900.1714721024036,2900.1680899336934,2900.170673161745,2900.170365151018
2195.5,11666.20055770874,11666.205696105957,11666.203231811523,11666.19987487793,11666.20265802741,11666.199513271451,11666.201234843582,11666.199527633376,8286.20458984375,8286.201313018799,8286.201917648315,8286.200323104858,8286.202571302652,8286.202144250274,8286.201980825514,8286.199724358507,7874.68900680542,7874.688747406006,7874.6857986450195,7874.6811447143555,7874.688028484583,7874.681948721409,7874.6864886544645,7874.684185964055,5593.187328338623,5593.187450408936,5593.187295913696,5593.184953689575,5593.187284290791,5593.187687963247,5593.187097083777,5593.184193839319,4083.173854827881,4083.1743812561035,4083.1752128601074,4083.1704177856445,4083.1719169020653,4083.1696591824293,4083.1708364002407,4083.1711658211425,2900.167095184326,2900.1754837036133,2900.176393508911,2900.171350479126,2900.1714816242456,2900.168077930808,2900.1706785969436,2900.170367640443
2196.5,11666.200553894043,11666.205738067627,11666.20325088501,11666.19987487793,11666.202673345804,11666.199509114027,11666.201244138181,11666.199524736032,8286.204624176025,8286.20132446289,8286.201934814453,8286.200328826904,8286.202587112784,8286.202157497406,8286.201994232833,8286.199723271653,7874.689037322998,7874.688770294189,7874.685806274414,7874.681118011475,7874.688044816256,7874.681928277016,7874.686497159302,7874.684179706499,5593.187339782715,5593.187469482422,5593.187311172485,5593.1849575042725,5593.187297001481,5593.187704533339,5593.1871106773615,5593.184188393876,4083.173885345459,4083.174419403076,4083.17525100708,4083.170421600342,4083.17192825675,4083.1696569621563,4083.1708435341716,4083.1711732577533,2900.1670684814453,2900.1755294799805,2900.176441192627,2900.171360015869,2900.1714911460876,2900.1680659279227,2900.170684032142,2900.1703701298684
2197.5,11666.200550079346,11666.205780029297,11666.203269958496,11666.19987487793,11666.202688664198,11666.199504956603,11666.20125343278,11666.199521838687,8286.2046585083,8286.201335906982,8286.20195198059,8286.20033454895,8286.202602922916,8286.202170744538,8286.202007640153,8286.1997221848,7874.689067840576,7874.688793182373,7874.685813903809,7874.681091308594,7874.688061147928,7874.6819078326225,7874.68650566414,7874.684173448943,5593.187351226807,5593.187488555908,5593.187326431274,5593.18496131897,5593.187309712172,5593.18772110343,5593.187124270946,5593.184182948433,4083.173915863037,4083.174457550049,4083.1752891540527,4083.170425415039,4083.171939611435,4083.1696547418833,4083.1708506681025,4083.171180694364,2900.1670417785645,2900.1755752563477,2900.176488876343,2900.1713695526123,2900.1715006679296,2900.1680539250374,2900.1706894673407,2900.1703726192936
2198.5,11666.200546264648,11666.205821990967,11666.203289031982,11666.19987487793,11666.202703982592,11666.199500799179,11666.20126272738,11666.199518941343,8286.204692840576,8286.201347351074,8286.201969146729,8286.200340270996,8286.202618733048,8286.20218399167,8286.202021047473,8286.199721097946,7874.689098358154,7874.688816070557,7874.685821533203,7874.681064605713,7874.688077479601,7874.681887388229,7874.686514168978,7874.684167191386,5593.187362670898,5593.1875076293945,5593.1873416900635,5593.184965133667,5593.187322422862,5593.187737673521,5593.18713786453,5593.18417750299,4083.1739463806152,4083.1744956970215,4083.1753273010254,4083.1704292297363,4083.1719509661198,4083.1696525216103,4083.1708578020334,4083.1711881309748,2900.1670150756836,2900.175621032715,2900.1765365600586,2900.1713790893555,2900.1715101897717,2900.168041922152,2900.1706949025393,2900.170375108719
2199.5,11666.200542449951,11666.205863952637,11666.203308105469,11666.19987487793,11666.202719300985,11666.199496641755,11666.20127202198,11666.199516043998,8286.204727172852,8286.201358795166,8286.201986312866,8286.200345993042,8286.20263454318,8286.202197238803,8286.202034454793,8286.199720011093,7874.689128875732,7874.68883895874,7874.685829162598,7874.681037902832,7874.688093811274,7874.681866943836,7874.6865226738155,7874.68416093383,5593.18737411499,5593.187526702881,5593.1873569488525,5593.184968948364,5593.187335133553,5593.187754243612,5593.187151458114,5593.184172057547,4083.1739768981934,4083.174533843994,4083.175365447998,4083.1704330444336,4083.1719623208046,4083.1696503013372,4083.1708649359643,4083.1711955675855,2900.1669883728027,2900.175666809082,2900.1765842437744,2900.1713886260986,2900.1715197116137,2900.1680299192667,2900.170700337738,2900.170377598144
2200.5,11666.200538635254,11666.205905914307,11666.203327178955,11666.19987487793,11666.202734619379,11666.199492484331,11666.201281316578,11666.199513146654,8286.204761505127,8286.201370239258,8286.202003479004,8286.200351715088,8286.202650353312,8286.202210485935,8286.202047862113,8286.19971892424,7874.689159393311,7874.688861846924,7874.685836791992,7874.681011199951,7874.688110142946,7874.681846499443,7874.686531178653,7874.6841546762735,5593.187385559082,5593.187545776367,5593.187372207642,5593.1849727630615,5593.187347844243,5593.1877708137035,5593.187165051699,5593.184166612104,4083.1740074157715,4083.174571990967,4083.1754035949707,4083.170436859131,4083.1719736754894,4083.169648081064,4083.1708720698953,4083.1712030041963,2900.166961669922,2900.175712585449,2900.1766319274902,2900.171398162842,2900.1715292334557,2900.1680179163814,2900.1707057729363,2900.1703800875694
2201.5,11666.200534820557,11666.205947875977,11666.203346252441,11666.19987487793,11666.202749937773,11666.199488326907,11666.201290611178,11666.19951024931,8286.204795837402,8286.20138168335,8286.202020645142,8286.200357437134,8286.202666163445,8286.202223733068,8286.202061269432,8286.199717837386,7874.689189910889,7874.688884735107,7874.685844421387,7874.68098449707,7874.688126474619,7874.68182605505,7874.686539683491,7874.684148418717,5593.187397003174,5593.1875648498535,5593.187387466431,5593.184976577759,5593.187360554934,5593.187787383795,5593.187178645283,5593.1841611666605,4083.1740379333496,4083.1746101379395,4083.1754417419434,4083.170440673828,4083.1719850301743,4083.169645860791,4083.170879203826,4083.171210440807,2900.166934967041,2900.1757583618164,2900.176679611206,2900.171407699585,2900.1715387552977,2900.168005913496,2900.170711208135,2900.1703825769946
2202.5,11666.20053100586,11666.205989837646,11666.203365325928,11666.19987487793,11666.202765256166,11666.199484169483,11666.201299905777,11666.199507351965,8286.204830169678,8286.201393127441,8286.20203781128,8286.20036315918,8286.202681973577,8286.2022369802,8286.202074676752,8286.199716750532,7874.689220428467,7874.688907623291,7874.685852050781,7874.680957794189,7874.688142806292,7874.681805610657,7874.686548188329,7874.684142161161,5593.187408447266,5593.18758392334,5593.18740272522,5593.184980392456,5593.187373265624,5593.187803953886,5593.187192238867,5593.184155721217,4083.1740684509277,4083.174648284912,4083.175479888916,4083.1704444885254,4083.171996384859,4083.169643640518,4083.170886337757,4083.171217877418,2900.16690826416,2900.1758041381836,2900.176727294922,2900.171417236328,2900.1715482771397,2900.1679939106107,2900.1707166433334,2900.17038506642
2203.5,11666.200527191162,11666.206031799316,11666.203384399414,11666.19987487793,11666.20278057456,11666.19948001206,11666.201309200376,11666.19950445462,8286.204864501953,8286.201404571533,8286.202054977417,8286.200368881226,8286.202697783709,8286.202250227332,8286.202088084072,8286.199715663679,7874.689250946045,7874.688930511475,7874.685859680176,7874.680931091309,7874.688159137964,7874.681785166264,7874.6865566931665,7874.684135903604,5593.187419891357,5593.187602996826,5593.187417984009,5593.184984207153,5593.1873859763145,5593.187820523977,5593.187205832452,5593.184150275774,4083.174098968506,4083.1746864318848,4083.1755180358887,4083.1704483032227,4083.172007739544,4083.169641420245,4083.170893471688,4083.1712253140286,2900.1668815612793,2900.175849914551,2900.1767749786377,2900.1714267730713,2900.1715577989817,2900.1679819077253,2900.170722078532,2900.170387555845
2204.5,11666.200523376465,11666.206073760986,11666.2034034729,11666.19987487793,11666.202795892954,11666.199475854635,11666.201318494976,11666.199501557276,8286.204898834229,8286.201416015625,8286.202072143555,8286.200374603271,8286.20271359384,8286.202263474464,8286.202101491392,8286.199714576825,7874.689281463623,7874.688953399658,7874.68586730957,7874.680904388428,7874.688175469637,7874.68176472187,7874.686565198004,7874.684129646048,5593.187431335449,5593.1876220703125,5593.187433242798,5593.184988021851,5593.187398687005,5593.1878370940685,5593.187219426036,5593.184144830331,4083.174129486084,4083.1747245788574,4083.1755561828613,4083.17045211792,4083.1720190942287,4083.169639199972,4083.170900605619,4083.1712327506393,2900.1668548583984,2900.175895690918,2900.1768226623535,2900.1714363098145,2900.1715673208237,2900.16796990484,2900.1707275137305,2900.1703900452703
2205.5,11666.200519561768,11666.206115722656,11666.203422546387,11666.19987487793,11666.202811211348,11666.199471697211,11666.201327789575,11666.199498659931,8286.204933166504,8286.201427459717,8286.202089309692,8286.200380325317,8286.202729403973,8286.202276721597,8286.202114898711,8286.199713489972,7874.689311981201,7874.688976287842,7874.685874938965,7874.680877685547,7874.68819180131,7874.681744277477,7874.686573702842,7874.684123388492,5593.187442779541,5593.187641143799,5593.187448501587,5593.184991836548,5593.1874113976955,5593.18785366416,5593.18723301962,5593.184139384888,4083.174160003662,4083.17476272583,4083.175594329834,4083.170455932617,4083.1720304489136,4083.169636979699,4083.17090773955,4083.17124018725,2900.1668281555176,2900.175941467285,2900.1768703460693,2900.1714458465576,2900.1715768426657,2900.1679579019547,2900.170732948929,2900.1703925346956
2206.5,11666.20051574707,11666.206157684326,11666.203441619873,11666.19987487793,11666.202826529741,11666.199467539787,11666.201337084174,11666.199495762587,8286.20496749878,8286.201438903809,8286.20210647583,8286.200386047363,8286.202745214105,8286.202289968729,8286.202128306031,8286.199712403119,7874.689342498779,7874.688999176025,7874.685882568359,7874.680850982666,7874.688208132982,7874.681723833084,7874.68658220768,7874.684117130935,5593.187454223633,5593.187660217285,5593.187463760376,5593.184995651245,5593.187424108386,5593.187870234251,5593.1872466132045,5593.184133939445,4083.1741905212402,4083.1748008728027,4083.1756324768066,4083.1704597473145,4083.1720418035984,4083.169634759426,4083.170914873481,4083.171247623861,2900.1668014526367,2900.1759872436523,2900.176918029785,2900.171455383301,2900.1715863645077,2900.1679458990693,2900.1707383841276,2900.170395024121
2207.5,11666.200511932373,11666.206199645996,11666.20346069336,11666.19987487793,11666.202841848135,11666.199463382363,11666.201346378773,11666.199492865242,8286.205001831055,8286.2014503479,8286.202123641968,8286.20039176941,8286.202761024237,8286.202303215861,8286.202141713351,8286.199711316265,7874.689373016357,7874.689022064209,7874.685890197754,7874.680824279785,7874.688224464655,7874.681703388691,7874.6865907125175,7874.684110873379,5593.187465667725,5593.1876792907715,5593.187479019165,5593.184999465942,5593.1874368190765,5593.187886804342,5593.187260206789,5593.184128494002,4083.1742210388184,4083.1748390197754,4083.1756706237793,4083.1704635620117,4083.1720531582832,4083.169632539153,4083.1709220074117,4083.1712550604716,2900.166774749756,2900.1760330200195,2900.176965713501,2900.171464920044,2900.1715958863497,2900.167933896184,2900.170743819326,2900.170397513546
2208.5,11666.200508117676,11666.206241607666,11666.203479766846,11666.19987487793,11666.202857166529,11666.19945922494,11666.201355673373,11666.199489967898,8286.20503616333,8286.201461791992,8286.202140808105,8286.200397491455,8286.202776834369,8286.202316462994,8286.20215512067,8286.199710229412,7874.689403533936,7874.689044952393,7874.685897827148,7874.680797576904,7874.688240796328,7874.681682944298,7874.686599217355,7874.684104615822,5593.187477111816,5593.187698364258,5593.187494277954,5593.18500328064,5593.187449529767,5593.1879033744335,5593.187273800373,5593.184123048559,4083.1742515563965,4083.174877166748,4083.175708770752,4083.170467376709,4083.172064512968,4083.16963031888,4083.1709291413426,4083.1712624970824,2900.166748046875,2900.1760787963867,2900.177013397217,2900.171474456787,2900.1716054081917,2900.1679218932986,2900.1707492545247,2900.1704000029713
2209.5,11666.200504302979,11666.206283569336,11666.203498840332,11666.19987487793,11666.202872484922,11666.199455067515,11666.201364967972,11666.199487070553,8286.205070495605,8286.201473236084,8286.202157974243,8286.200403213501,8286.2027926445,8286.202329710126,8286.20216852799,8286.199709142558,7874.689434051514,7874.689067840576,7874.685905456543,7874.680770874023,7874.688257128,7874.681662499905,7874.686607722193,7874.684098358266,5593.187488555908,5593.187717437744,5593.187509536743,5593.185007095337,5593.1874622404575,5593.187919944525,5593.187287393957,5593.184117603116,4083.1742820739746,4083.1749153137207,4083.1757469177246,4083.1704711914062,4083.172075867653,4083.169628098607,4083.1709362752736,4083.171269933693,2900.166721343994,2900.176124572754,2900.1770610809326,2900.1714839935303,2900.1716149300337,2900.1679098904133,2900.1707546897233,2900.1704024923965
2210.5,11666.200500488281,11666.206325531006,11666.203517913818,11666.19987487793,11666.202887803316,11666.199450910091,11666.201374262571,11666.199484173208,8286.20510482788,8286.201484680176,8286.20217514038,8286.200408935547,8286.202808454633,8286.202342957258,8286.20218193531,8286.199708055705,7874.689464569092,7874.68909072876,7874.6859130859375,7874.680744171143,7874.688273459673,7874.6816420555115,7874.686616227031,7874.68409210071,5593.1875,5593.1877365112305,5593.187524795532,5593.185010910034,5593.187474951148,5593.187936514616,5593.187300987542,5593.184112157673,4083.1743125915527,4083.1749534606934,4083.1757850646973,4083.1704750061035,4083.1720872223377,4083.169625878334,4083.1709434092045,4083.171277370304,2900.1666946411133,2900.176170349121,2900.1771087646484,2900.1714935302734,2900.1716244518757,2900.167897887528,2900.170760124922,2900.170404981822
2211.5,11666.200496673584,11666.206367492676,11666.203536987305,11666.19987487793,11666.20290312171,11666.199446752667,11666.20138355717,11666.199481275864,8286.205139160156,8286.201496124268,8286.202192306519,8286.200414657593,8286.202824264765,8286.20235620439,8286.20219534263,8286.199706968851,7874.68949508667,7874.689113616943,7874.685920715332,7874.680717468262,7874.688289791346,7874.681621611118,7874.6866247318685,7874.684085843153,5593.187511444092,5593.187755584717,5593.187540054321,5593.185014724731,5593.1874876618385,5593.187953084707,5593.187314581126,5593.18410671223,4083.174343109131,4083.174991607666,4083.17582321167,4083.170478820801,4083.1720985770226,4083.169623658061,4083.1709505431354,4083.1712848069146,2900.1666679382324,2900.1762161254883,2900.1771564483643,2900.1715030670166,2900.1716339737177,2900.1678858846426,2900.1707655601203,2900.170407471247
2212.5,11666.200492858887,11666.206409454346,11666.203556060791,11666.19987487793,11666.202918440104,11666.199442595243,11666.20139285177,11666.19947837852,8286.205173492432,8286.20150756836,8286.202209472656,8286.200420379639,8286.202840074897,8286.202369451523,8286.20220874995,8286.199705881998,7874.689525604248,7874.689136505127,7874.685928344727,7874.680690765381,7874.688306123018,7874.681601166725,7874.686633236706,7874.684079585597,5593.187522888184,5593.187774658203,5593.18755531311,5593.185018539429,5593.187500372529,5593.1879696547985,5593.18732817471,5593.1841012667865,4083.174373626709,4083.1750297546387,4083.1758613586426,4083.170482635498,4083.1721099317074,4083.169621437788,4083.1709576770663,4083.1712922435254,2900.1666412353516,2900.1762619018555,2900.17720413208,2900.1715126037598,2900.1716434955597,2900.1678738817573,2900.170770995319,2900.1704099606723
2213.5,11666.20048904419,11666.206451416016,11666.203575134277,11666.19987487793,11666.202933758497,11666.19943843782,11666.20140214637,11666.199475481175,8286.205207824707,8286.201519012451,8286.202226638794,8286.200426101685,8286.202855885029,8286.202382698655,8286.20222215727,8286.199704795144,7874.689556121826,7874.689159393311,7874.685935974121,7874.6806640625,7874.688322454691,7874.681580722332,7874.686641741544,7874.6840733280405,5593.187534332275,5593.187793731689,5593.187570571899,5593.185022354126,5593.1875130832195,5593.18798622489,5593.187341768295,5593.184095821343,4083.174404144287,4083.1750679016113,4083.1758995056152,4083.1704864501953,4083.172121286392,4083.169619217515,4083.1709648109972,4083.171299680136,2900.1666145324707,2900.1763076782227,2900.177251815796,2900.171522140503,2900.1716530174017,2900.167861878872,2900.1707764305174,2900.1704124500975
2214.5,11666.200485229492,11666.206493377686,11666.203594207764,11666.19987487793,11666.202949076891,11666.199434280396,11666.201411440969,11666.19947258383,8286.205242156982,8286.201530456543,8286.202243804932,8286.20043182373,8286.20287169516,8286.202395945787,8286.20223556459,8286.199703708291,7874.689586639404,7874.689182281494,7874.685943603516,7874.680637359619,7874.688338786364,7874.681560277939,7874.686650246382,7874.684067070484,5593.187545776367,5593.187812805176,5593.1875858306885,5593.185026168823,5593.18752579391,5593.188002794981,5593.187355361879,5593.1840903759,4083.1744346618652,4083.175106048584,4083.175937652588,4083.1704902648926,4083.172132641077,4083.169616997242,4083.170971944928,4083.171307116747,2900.16658782959,2900.17635345459,2900.1772994995117,2900.171531677246,2900.1716625392437,2900.1678498759866,2900.170781865716,2900.1704149395227
2215.5,11666.200481414795,11666.206535339355,11666.20361328125,11666.19987487793,11666.202964395285,11666.199430122972,11666.201420735568,11666.199469686486,8286.205276489258,8286.201541900635,8286.20226097107,8286.200437545776,8286.202887505293,8286.20240919292,8286.20224897191,8286.199702621438,7874.689617156982,7874.689205169678,7874.68595123291,7874.680610656738,7874.688355118036,7874.681539833546,7874.6866587512195,7874.684060812928,5593.187557220459,5593.187831878662,5593.1876010894775,5593.1850299835205,5593.1875385046005,5593.188019365072,5593.187368955463,5593.184084930457,4083.1744651794434,4083.1751441955566,4083.1759757995605,4083.17049407959,4083.172143995762,4083.169614776969,4083.170979078859,4083.1713145533577,2900.166561126709,2900.176399230957,2900.1773471832275,2900.1715412139893,2900.1716720610857,2900.1678378731012,2900.1707873009145,2900.170417428948
2216.5,11666.200477600098,11666.206577301025,11666.203632354736,11666.19987487793,11666.202979713678,11666.199425965548,11666.201430030167,11666.199466789141,8286.205310821533,8286.201553344727,8286.202278137207,8286.200443267822,8286.202903315425,8286.202422440052,8286.202262379229,8286.199701534584,7874.689647674561,7874.689228057861,7874.685958862305,7874.680583953857,7874.688371449709,7874.6815193891525,7874.686667256057,7874.684054555371,5593.187568664551,5593.187850952148,5593.187616348267,5593.185033798218,5593.187551215291,5593.1880359351635,5593.1873825490475,5593.184079485014,4083.1744956970215,4083.1751823425293,4083.176013946533,4083.170497894287,4083.1721553504467,4083.169612556696,4083.17098621279,4083.1713219899684,2900.166534423828,2900.176445007324,2900.1773948669434,2900.1715507507324,2900.1716815829277,2900.167825870216,2900.170792736113,2900.170419918373
2217.5,11666.2004737854,11666.206619262695,11666.203651428223,11666.19987487793,11666.202995032072,11666.199421808124,11666.201439324766,11666.199463891797,8286.205345153809,8286.201564788818,8286.202295303345,8286.200448989868,8286.202919125557,8286.202435687184,8286.202275786549,8286.19970044773,7874.689678192139,7874.689250946045,7874.685966491699,7874.680557250977,7874.688387781382,7874.681498944759,7874.686675760895,7874.684048297815,5593.187580108643,5593.187870025635,5593.187631607056,5593.185037612915,5593.1875639259815,5593.188052505255,5593.187396142632,5593.184074039571,4083.1745262145996,4083.175220489502,4083.176052093506,4083.1705017089844,4083.1721667051315,4083.169610336423,4083.170993346721,4083.171329426579,2900.1665077209473,2900.1764907836914,2900.177442550659,2900.1715602874756,2900.1716911047697,2900.1678138673306,2900.1707981713116,2900.1704224077985
2218.5,11666.200469970703,11666.206661224365,11666.203670501709,11666.19987487793,11666.203010350466,11666.1994176507,11666.201448619366,11666.199460994452,8286.205379486084,8286.20157623291,8286.202312469482,8286.200454711914,8286.202934935689,8286.202448934317,8286.202289193869,8286.199699360877,7874.689708709717,7874.6892738342285,7874.685974121094,7874.680530548096,7874.688404113054,7874.681478500366,7874.686684265733,7874.684042040259,5593.187591552734,5593.187889099121,5593.187646865845,5593.185041427612,5593.187576636672,5593.188069075346,5593.187409736216,5593.184068594128,4083.1745567321777,4083.1752586364746,4083.1760902404785,4083.1705055236816,4083.1721780598164,4083.16960811615,4083.171000480652,4083.17133686319,2900.1664810180664,2900.1765365600586,2900.177490234375,2900.1715698242188,2900.1717006266117,2900.167801864445,2900.17080360651,2900.1704248972237
2219.5,11666.200466156006,11666.206703186035,11666.203689575195,11666.19987487793,11666.20302566886,11666.199413493276,11666.201457913965,11666.199458097108,8286.20541381836,8286.201587677002,8286.20232963562,8286.20046043396,8286.202950745821,8286.202462181449,8286.202302601188,8286.199698274024,7874.689739227295,7874.689296722412,7874.685981750488,7874.680503845215,7874.688420444727,7874.681458055973,7874.6866927705705,7874.684035782702,5593.187602996826,5593.187908172607,5593.187662124634,5593.18504524231,5593.1875893473625,5593.188085645437,5593.1874233298,5593.184063148685,4083.174587249756,4083.1752967834473,4083.176128387451,4083.170509338379,4083.172189414501,4083.169605895877,4083.171007614583,4083.1713442998007,2900.1664543151855,2900.176582336426,2900.177537918091,2900.171579360962,2900.1717101484537,2900.16778986156,2900.1708090417087,2900.170427386649
2220.5,11666.200462341309,11666.206745147705,11666.203708648682,11666.19987487793,11666.203040987253,11666.199409335852,11666.201467208564,11666.199455199763,8286.205448150635,8286.201599121094,8286.202346801758,8286.200466156006,8286.202966555953,8286.202475428581,8286.202316008508,8286.19969718717,7874.689769744873,7874.689319610596,7874.685989379883,7874.680477142334,7874.6884367764,7874.68143761158,7874.686701275408,7874.684029525146,5593.187614440918,5593.187927246094,5593.187677383423,5593.185049057007,5593.187602058053,5593.1881022155285,5593.187436923385,5593.184057703242,4083.174617767334,4083.17533493042,4083.176166534424,4083.170513153076,4083.172200769186,4083.169603675604,4083.1710147485137,4083.1713517364115,2900.1664276123047,2900.176628112793,2900.1775856018066,2900.171588897705,2900.1717196702957,2900.1677778586745,2900.1708144769073,2900.170429876074
2221.5,11666.200458526611,11666.206787109375,11666.203727722168,11666.19987487793,11666.203056305647,11666.199405178428,11666.201476503164,11666.199452302419,8286.20548248291,8286.201610565186,8286.202363967896,8286.200471878052,8286.202982366085,8286.202488675714,8286.202329415828,8286.199696100317,7874.689800262451,7874.689342498779,7874.685997009277,7874.680450439453,7874.688453108072,7874.681417167187,7874.686709780246,7874.6840232675895,5593.18762588501,5593.18794631958,5593.187692642212,5593.185052871704,5593.1876147687435,5593.18811878562,5593.187450516969,5593.184052257799,4083.174648284912,4083.1753730773926,4083.1762046813965,4083.1705169677734,4083.172212123871,4083.169601455331,4083.1710218824446,4083.171359173022,2900.166400909424,2900.17667388916,2900.1776332855225,2900.1715984344482,2900.1717291921377,2900.167765855789,2900.170819912106,2900.1704323654994
2222.5,11666.200454711914,11666.206829071045,11666.203746795654,11666.19987487793,11666.20307162404,11666.199401021004,11666.201485797763,11666.199449405074,8286.205516815186,8286.201622009277,8286.202381134033,8286.200477600098,8286.202998176217,8286.202501922846,8286.202342823148,8286.199695013463,7874.689830780029,7874.689365386963,7874.686004638672,7874.680423736572,7874.688469439745,7874.681396722794,7874.686718285084,7874.684017010033,5593.187637329102,5593.187965393066,5593.187707901001,5593.185056686401,5593.187627479434,5593.188135355711,5593.187464110553,5593.1840468123555,4083.1746788024902,4083.1754112243652,4083.176242828369,4083.1705207824707,4083.1722234785557,4083.169599235058,4083.1710290163755,4083.171366609633,2900.166374206543,2900.1767196655273,2900.1776809692383,2900.1716079711914,2900.1717387139797,2900.167753852904,2900.1708253473043,2900.1704348549247
2223.5,11666.200450897217,11666.206871032715,11666.20376586914,11666.19987487793,11666.203086942434,11666.19939686358,11666.201495092362,11666.19944650773,8286.205551147461,8286.20163345337,8286.20239830017,8286.200483322144,8286.20301398635,8286.202515169978,8286.202356230468,8286.19969392661,7874.689861297607,7874.6893882751465,7874.686012268066,7874.680397033691,7874.688485771418,7874.6813762784,7874.6867267899215,7874.684010752477,5593.187648773193,5593.187984466553,5593.18772315979,5593.185060501099,5593.1876401901245,5593.188151925802,5593.187477704138,5593.184041366912,4083.1747093200684,4083.175449371338,4083.176280975342,4083.170524597168,4083.1722348332405,4083.169597014785,4083.1710361503065,4083.1713740462437,2900.166347503662,2900.1767654418945,2900.177728652954,2900.1716175079346,2900.1717482358217,2900.1677418500185,2900.170830782503,2900.17043734435
2224.5,11666.20044708252,11666.206912994385,11666.203784942627,11666.19987487793,11666.203102260828,11666.199392706156,11666.201504386961,11666.199443610385,8286.205585479736,8286.201644897461,8286.202415466309,8286.20048904419,8286.203029796481,8286.20252841711,8286.202369637787,8286.199692839757,7874.689891815186,7874.68941116333,7874.686019897461,7874.680370330811,7874.68850210309,7874.681355834007,7874.686735294759,7874.68400449492,5593.187660217285,5593.188003540039,5593.187738418579,5593.185064315796,5593.187652900815,5593.1881684958935,5593.187491297722,5593.184035921469,4083.1747398376465,4083.1754875183105,4083.1763191223145,4083.1705284118652,4083.1722461879253,4083.169594794512,4083.1710432842374,4083.1713814828545,2900.1663208007812,2900.1768112182617,2900.17777633667,2900.1716270446777,2900.1717577576637,2900.167729847133,2900.1708362177014,2900.170439833775
2225.5,11666.200443267822,11666.206954956055,11666.203804016113,11666.19987487793,11666.203117579222,11666.199388548732,11666.20151368156,11666.19944071304,8286.205619812012,8286.201656341553,8286.202432632446,8286.200494766235,8286.203045606613,8286.202541664243,8286.202383045107,8286.199691752903,7874.689922332764,7874.689434051514,7874.6860275268555,7874.68034362793,7874.688518434763,7874.681335389614,7874.686743799597,7874.683998237364,5593.187671661377,5593.188022613525,5593.187753677368,5593.185068130493,5593.1876656115055,5593.188185065985,5593.187504891306,5593.184030476026,4083.1747703552246,4083.175525665283,4083.176357269287,4083.1705322265625,4083.17225754261,4083.169592574239,4083.1710504181683,4083.1713889194652,2900.1662940979004,2900.176856994629,2900.1778240203857,2900.171636581421,2900.1717672795057,2900.167717844248,2900.1708416529,2900.1704423232004
2226.5,11666.200439453125,11666.206996917725,11666.2038230896,11666.19987487793,11666.203132897615,11666.199384391308,11666.20152297616,11666.199437815696,8286.205654144287,8286.201667785645,8286.202449798584,8286.200500488281,8286.203061416745,8286.202554911375,8286.202396452427,8286.19969066605,7874.689952850342,7874.689456939697,7874.68603515625,7874.680316925049,7874.688534766436,7874.681314945221,7874.686752304435,7874.683991979808,5593.187683105469,5593.188041687012,5593.187768936157,5593.18507194519,5593.187678322196,5593.188201636076,5593.1875184848905,5593.184025030583,4083.1748008728027,4083.175563812256,4083.1763954162598,4083.1705360412598,4083.172268897295,4083.1695903539658,4083.1710575520992,4083.171396356076,2900.1662673950195,2900.176902770996,2900.1778717041016,2900.171646118164,2900.1717768013477,2900.1677058413625,2900.1708470880985,2900.1704448126256
2227.5,11666.200435638428,11666.207038879395,11666.203842163086,11666.19987487793,11666.20314821601,11666.199380233884,11666.20153227076,11666.199434918351,8286.205688476562,8286.201679229736,8286.202466964722,8286.200506210327,8286.203077226877,8286.202568158507,8286.202409859747,8286.199689579196,7874.68998336792,7874.689479827881,7874.6860427856445,7874.680290222168,7874.688551098108,7874.681294500828,7874.6867608092725,7874.683985722251,5593.187694549561,5593.188060760498,5593.187784194946,5593.185075759888,5593.1876910328865,5593.188218206167,5593.187532078475,5593.18401958514,4083.174831390381,4083.1756019592285,4083.1764335632324,4083.170539855957,4083.17228025198,4083.1695881336927,4083.17106468603,4083.1714037926868,2900.1662406921387,2900.1769485473633,2900.1779193878174,2900.171655654907,2900.1717863231897,2900.167693838477,2900.170852523297,2900.170447302051
2228.5,11666.20043182373,11666.207080841064,11666.203861236572,11666.19987487793,11666.203163534403,11666.19937607646,11666.201541565359,11666.199432021007,8286.205722808838,8286.201690673828,8286.20248413086,8286.200511932373,8286.20309303701,8286.20258140564,8286.202423267066,8286.199688492343,7874.690013885498,7874.689502716064,7874.686050415039,7874.680263519287,7874.688567429781,7874.681274056435,7874.68676931411,7874.683979464695,5593.187705993652,5593.188079833984,5593.187799453735,5593.185079574585,5593.187703743577,5593.1882347762585,5593.187545672059,5593.184014139697,4083.174861907959,4083.175640106201,4083.176471710205,4083.1705436706543,4083.1722916066647,4083.1695859134197,4083.171071819961,4083.1714112292975,2900.166213989258,2900.1769943237305,2900.177967071533,2900.1716651916504,2900.1717958450317,2900.167681835592,2900.1708579584956,2900.170449791476
2229.5,11666.200428009033,11666.207122802734,11666.203880310059,11666.19987487793,11666.203178852797,11666.199371919036,11666.201550859958,11666.199429123662,8286.205757141113,8286.20170211792,8286.202501296997,8286.200517654419,8286.203108847141,8286.202594652772,8286.202436674386,8286.19968740549,7874.690044403076,7874.689525604248,7874.686058044434,7874.680236816406,7874.688583761454,7874.6812536120415,7874.686777818948,7874.6839732071385,5593.187717437744,5593.188098907471,5593.187814712524,5593.185083389282,5593.1877164542675,5593.18825134635,5593.187559265643,5593.184008694254,4083.174892425537,4083.175678253174,4083.1765098571777,4083.1705474853516,4083.1723029613495,4083.1695836931467,4083.171078953892,4083.1714186659083,2900.166187286377,2900.1770401000977,2900.178014755249,2900.1716747283936,2900.1718053668737,2900.1676698327065,2900.170863393694,2900.1704522809014
2230.5,11666.200424194336,11666.207164764404,11666.203899383545,11666.19987487793,11666.20319417119,11666.199367761612,11666.201560154557,11666.199426226318,8286.205791473389,8286.201713562012,8286.202518463135,8286.200523376465,8286.203124657273,8286.202607899904,8286.202450081706,8286.199686318636,7874.690074920654,7874.689548492432,7874.686065673828,7874.680210113525,7874.688600093126,7874.681233167648,7874.686786323786,7874.683966949582,5593.187728881836,5593.188117980957,5593.1878299713135,5593.1850872039795,5593.187729164958,5593.188267916441,5593.187572859228,5593.184003248811,4083.1749229431152,4083.1757164001465,4083.1765480041504,4083.170551300049,4083.1723143160343,4083.1695814728737,4083.171086087823,4083.171426102519,2900.166160583496,2900.177085876465,2900.178062438965,2900.1716842651367,2900.1718148887157,2900.167657829821,2900.1708688288927,2900.1704547703266
2231.5,11666.200420379639,11666.207206726074,11666.203918457031,11666.19987487793,11666.203209489584,11666.199363604188,11666.201569449157,11666.199423328973,8286.205825805664,8286.201725006104,8286.202535629272,8286.20052909851,8286.203140467405,8286.202621147037,8286.202463489026,8286.199685231782,7874.690105438232,7874.689571380615,7874.686073303223,7874.6801834106445,7874.688616424799,7874.681212723255,7874.6867948286235,7874.683960692026,5593.187740325928,5593.188137054443,5593.1878452301025,5593.185091018677,5593.1877418756485,5593.188284486532,5593.187586452812,5593.183997803368,4083.1749534606934,4083.175754547119,4083.176586151123,4083.170555114746,4083.172325670719,4083.1695792526007,4083.171093221754,4083.17143353913,2900.1661338806152,2900.177131652832,2900.1781101226807,2900.17169380188,2900.1718244105577,2900.1676458269358,2900.1708742640913,2900.170457259752
2232.5,11666.200416564941,11666.207248687744,11666.203937530518,11666.19987487793,11666.203224807978,11666.199359446764,11666.201578743756,11666.199420431629,8286.20586013794,8286.201736450195,8286.20255279541,8286.200534820557,8286.203156277537,8286.202634394169,8286.202476896346,8286.199684144929,7874.690135955811,7874.689594268799,7874.686080932617,7874.680156707764,7874.688632756472,7874.681192278862,7874.686803333461,7874.683954434469,5593.1877517700195,5593.18815612793,5593.187860488892,5593.185094833374,5593.187754586339,5593.1883010566235,5593.187600046396,5593.183992357925,4083.1749839782715,4083.175792694092,4083.1766242980957,4083.1705589294434,4083.172337025404,4083.1695770323277,4083.1711003556848,4083.1714409757406,2900.1661071777344,2900.177177429199,2900.1781578063965,2900.171703338623,2900.1718339323997,2900.1676338240504,2900.17087969929,2900.170459749177
2233.5,11666.200412750244,11666.207290649414,11666.203956604004,11666.19987487793,11666.203240126371,11666.19935528934,11666.201588038355,11666.199417534284,8286.205894470215,8286.201747894287,8286.202569961548,8286.200540542603,8286.20317208767,8286.202647641301,8286.202490303665,8286.199683058076,7874.690166473389,7874.689617156982,7874.686088562012,7874.680130004883,7874.688649088144,7874.681171834469,7874.686811838299,7874.683948176913,5593.187763214111,5593.188175201416,5593.187875747681,5593.185098648071,5593.1877672970295,5593.188317626715,5593.187613639981,5593.1839869124815,4083.1750144958496,4083.1758308410645,4083.1766624450684,4083.1705627441406,4083.172348380089,4083.1695748120546,4083.1711074896157,4083.1714484123513,2900.1660804748535,2900.1772232055664,2900.1782054901123,2900.171712875366,2900.1718434542418,2900.167621821165,2900.1708851344883,2900.1704622386023
2234.5,11666.200408935547,11666.207332611084,11666.20397567749,11666.19987487793,11666.203255444765,11666.199351131916,11666.201597332954,11666.19941463694,8286.20592880249,8286.201759338379,8286.202587127686,8286.200546264648,8286.203187897801,8286.202660888433,8286.202503710985,8286.199681971222,7874.690196990967,7874.689640045166,7874.686096191406,7874.680103302002,7874.688665419817,7874.681151390076,7874.686820343137,7874.683941919357,5593.187774658203,5593.188194274902,5593.18789100647,5593.185102462769,5593.18778000772,5593.188334196806,5593.187627233565,5593.183981467038,4083.1750450134277,4083.175868988037,4083.176700592041,4083.170566558838,4083.1723597347736,4083.1695725917816,4083.1711146235466,4083.171455848962,2900.1660537719727,2900.1772689819336,2900.178253173828,2900.1717224121094,2900.1718529760838,2900.1676098182797,2900.170890569687,2900.1704647280276
2235.5,11666.20040512085,11666.207374572754,11666.203994750977,11666.19987487793,11666.203270763159,11666.199346974492,11666.201606627554,11666.199411739595,8286.205963134766,8286.20177078247,8286.202604293823,8286.200551986694,8286.203203707933,8286.202674135566,8286.202517118305,8286.199680884369,7874.690227508545,7874.68966293335,7874.686103820801,7874.680076599121,7874.68868175149,7874.6811309456825,7874.6868288479745,7874.6839356618,5593.187786102295,5593.188213348389,5593.187906265259,5593.185106277466,5593.1877927184105,5593.188350766897,5593.187640827149,5593.183976021595,4083.175075531006,4083.1759071350098,4083.1767387390137,4083.170570373535,4083.1723710894585,4083.1695703715086,4083.1711217574775,4083.171463285573,2900.166027069092,2900.177314758301,2900.178300857544,2900.1717319488525,2900.1718624979258,2900.1675978153944,2900.1708960048854,2900.170467217453
2236.5,11666.200401306152,11666.207416534424,11666.204013824463,11666.19987487793,11666.203286081553,11666.199342817068,11666.201615922153,11666.19940884225,8286.205997467041,8286.201782226562,8286.202621459961,8286.20055770874,8286.203219518065,8286.202687382698,8286.202530525625,8286.199679797515,7874.690258026123,7874.689685821533,7874.686111450195,7874.68004989624,7874.688698083162,7874.681110501289,7874.686837352812,7874.683929404244,5593.187797546387,5593.188232421875,5593.187921524048,5593.185110092163,5593.187805429101,5593.188367336988,5593.187654420733,5593.183970576152,4083.175106048584,4083.1759452819824,4083.1767768859863,4083.1705741882324,4083.1723824441433,4083.1695681512356,4083.1711288914084,4083.1714707221836,2900.166000366211,2900.177360534668,2900.1783485412598,2900.1717414855957,2900.1718720197678,2900.167585812509,2900.170901440084,2900.170469706878
2237.5,11666.200397491455,11666.207458496094,11666.20403289795,11666.19987487793,11666.203301399946,11666.199338659644,11666.201625216752,11666.199405944906,8286.206031799316,8286.201793670654,8286.202638626099,8286.200563430786,8286.203235328197,8286.20270062983,8286.202543932945,8286.199678710662,7874.690288543701,7874.689708709717,7874.68611907959,7874.680023193359,7874.688714414835,7874.681090056896,7874.68684585765,7874.683923146687,5593.1878089904785,5593.188251495361,5593.187936782837,5593.18511390686,5593.1878181397915,5593.18838390708,5593.187668014318,5593.183965130709,4083.175136566162,4083.175983428955,4083.176815032959,4083.1705780029297,4083.172393798828,4083.1695659309626,4083.1711360253394,4083.1714781587943,2900.16597366333,2900.177406311035,2900.1783962249756,2900.171751022339,2900.1718815416098,2900.1675738096237,2900.1709068752825,2900.1704721963033
2238.5,11666.200393676758,11666.207500457764,11666.204051971436,11666.19987487793,11666.20331671834,11666.19933450222,11666.201634511352,11666.199403047562,8286.206066131592,8286.201805114746,8286.202655792236,8286.200569152832,8286.20325113833,8286.202713876963,8286.202557340264,8286.199677623808,7874.690319061279,7874.6897315979,7874.686126708984,7874.6799964904785,7874.688730746508,7874.681069612503,7874.686854362488,7874.683916889131,5593.18782043457,5593.188270568848,5593.187952041626,5593.185117721558,5593.187830850482,5593.188400477171,5593.187681607902,5593.183959685266,4083.1751670837402,4083.1760215759277,4083.1768531799316,4083.170581817627,4083.172405153513,4083.1695637106895,4083.1711431592703,4083.171485595405,2900.165946960449,2900.1774520874023,2900.1784439086914,2900.171760559082,2900.1718910634518,2900.1675618067384,2900.170912310481,2900.1704746857285
2239.5,11666.20038986206,11666.207542419434,11666.204071044922,11666.19987487793,11666.203332036734,11666.199330344796,11666.20164380595,11666.199400150217,8286.206100463867,8286.201816558838,8286.202672958374,8286.200574874878,8286.203266948462,8286.202727124095,8286.202570747584,8286.199676536955,7874.690349578857,7874.689754486084,7874.686134338379,7874.679969787598,7874.68874707818,7874.68104916811,7874.6868628673255,7874.683910631575,5593.187831878662,5593.188289642334,5593.187967300415,5593.185121536255,5593.1878435611725,5593.188417047262,5593.187695201486,5593.183954239823,4083.1751976013184,4083.1760597229004,4083.1768913269043,4083.170585632324,4083.172416508198,4083.1695614904165,4083.171150293201,4083.171493032016,2900.1659202575684,2900.1774978637695,2900.178491592407,2900.171770095825,2900.1719005852938,2900.167549803853,2900.1709177456796,2900.170477175154
2240.5,11666.200386047363,11666.207584381104,11666.204090118408,11666.19987487793,11666.203347355127,11666.199326187372,11666.20165310055,11666.199397252873,8286.206134796143,8286.20182800293,8286.202690124512,8286.200580596924,8286.203282758594,8286.202740371227,8286.202584154904,8286.199675450101,7874.690380096436,7874.689777374268,7874.686141967773,7874.679943084717,7874.688763409853,7874.681028723717,7874.686871372163,7874.683904374018,5593.187843322754,5593.18830871582,5593.187982559204,5593.185125350952,5593.187856271863,5593.188433617353,5593.187708795071,5593.18394879438,4083.1752281188965,4083.176097869873,4083.176929473877,4083.1705894470215,4083.1724278628826,4083.1695592701435,4083.171157427132,4083.1715004686266,2900.1658935546875,2900.1775436401367,2900.178539276123,2900.1717796325684,2900.171910107136,2900.1675378009677,2900.170923180878,2900.170479664579
2241.5,11666.200382232666,11666.207626342773,11666.204109191895,11666.19987487793,11666.203362673521,11666.199322029948,11666.20166239515,11666.199394355528,8286.206169128418,8286.201839447021,8286.20270729065,8286.20058631897,8286.203298568726,8286.20275361836,8286.202597562224,8286.199674363248,7874.690410614014,7874.689800262451,7874.686149597168,7874.679916381836,7874.688779741526,7874.681008279324,7874.686879877001,7874.683898116462,5593.187854766846,5593.188327789307,5593.187997817993,5593.185129165649,5593.1878689825535,5593.188450187445,5593.187722388655,5593.183943348937,4083.1752586364746,4083.1761360168457,4083.1769676208496,4083.1705932617188,4083.1724392175674,4083.1695570498705,4083.171164561063,4083.1715079052374,2900.1658668518066,2900.177589416504,2900.178586959839,2900.1717891693115,2900.171919628978,2900.1675257980824,2900.1709286160767,2900.1704821540043
2242.5,11666.200378417969,11666.207668304443,11666.20412826538,11666.19987487793,11666.203377991915,11666.199317872524,11666.201671689749,11666.199391458184,8286.206203460693,8286.201850891113,8286.202724456787,8286.200592041016,8286.203314378858,8286.202766865492,8286.202610969543,8286.199673276395,7874.690441131592,7874.689823150635,7874.6861572265625,7874.679889678955,7874.688796073198,7874.68098783493,7874.686888381839,7874.683891858906,5593.1878662109375,5593.188346862793,5593.188013076782,5593.185132980347,5593.187881693244,5593.188466757536,5593.187735982239,5593.183937903494,4083.1752891540527,4083.1761741638184,4083.1770057678223,4083.170597076416,4083.1724505722523,4083.1695548295975,4083.171171694994,4083.171515341848,2900.165840148926,2900.177635192871,2900.1786346435547,2900.1717987060547,2900.17192915082,2900.167513795197,2900.1709340512753,2900.1704846434295
2243.5,11666.200374603271,11666.207710266113,11666.204147338867,11666.19987487793,11666.203393310308,11666.1993137151,11666.201680984348,11666.199388560839,8286.206237792969,8286.201862335205,8286.202741622925,8286.200597763062,8286.20333018899,8286.202780112624,8286.202624376863,8286.199672189541,7874.69047164917,7874.689846038818,7874.686164855957,7874.679862976074,7874.688812404871,7874.680967390537,7874.686896886677,7874.683885601349,5593.187877655029,5593.188365936279,5593.188028335571,5593.185136795044,5593.1878944039345,5593.188483327627,5593.187749575824,5593.183932458051,4083.175319671631,4083.176212310791,4083.177043914795,4083.1706008911133,4083.172461926937,4083.1695526093245,4083.171178828925,4083.171522778459,2900.165813446045,2900.1776809692383,2900.1786823272705,2900.171808242798,2900.171938672662,2900.1675017923117,2900.170939486474,2900.1704871328548
2244.5,11666.200370788574,11666.207752227783,11666.204166412354,11666.19987487793,11666.203408628702,11666.199309557676,11666.201690278947,11666.199385663494,8286.206272125244,8286.201873779297,8286.202758789062,8286.200603485107,8286.203345999122,8286.202793359756,8286.202637784183,8286.199671102688,7874.690502166748,7874.689868927002,7874.686172485352,7874.679836273193,7874.688828736544,7874.680946946144,7874.686905391514,7874.683879343793,5593.187889099121,5593.188385009766,5593.18804359436,5593.185140609741,5593.187907114625,5593.188499897718,5593.187763169408,5593.1839270126075,4083.175350189209,4083.1762504577637,4083.1770820617676,4083.1706047058105,4083.172473281622,4083.1695503890514,4083.171185962856,4083.1715302150697,2900.165786743164,2900.1777267456055,2900.1787300109863,2900.171817779541,2900.171948194504,2900.1674897894263,2900.1709449216723,2900.17048962228
2245.5,11666.200366973877,11666.207794189453,11666.20418548584,11666.19987487793,11666.203423947096,11666.199305400252,11666.201699573547,11666.19938276615,8286.20630645752,8286.201885223389,8286.2027759552,8286.200609207153,8286.203361809254,8286.202806606889,8286.202651191503,8286.199670015834,7874.690532684326,7874.689891815186,7874.686180114746,7874.6798095703125,7874.688845068216,7874.680926501751,7874.686913896352,7874.683873086236,5593.187900543213,5593.188404083252,5593.188058853149,5593.1851444244385,5593.1879198253155,5593.18851646781,5593.187776762992,5593.183921567164,4083.175380706787,4083.1762886047363,4083.1771202087402,4083.170608520508,4083.1724846363068,4083.1695481687784,4083.1711930967867,4083.1715376516804,2900.165760040283,2900.1777725219727,2900.178777694702,2900.171827316284,2900.171957716346,2900.167477786541,2900.170950356871,2900.1704921117052
2246.5,11666.20036315918,11666.207836151123,11666.204204559326,11666.19987487793,11666.20343926549,11666.199301242828,11666.201708868146,11666.199379868805,8286.206340789795,8286.20189666748,8286.202793121338,8286.2006149292,8286.203377619386,8286.202819854021,8286.202664598823,8286.19966892898,7874.690563201904,7874.689914703369,7874.686187744141,7874.679782867432,7874.688861399889,7874.680906057358,7874.68692240119,7874.68386682868,5593.187911987305,5593.188423156738,5593.1880741119385,5593.185148239136,5593.187932536006,5593.188533037901,5593.187790356576,5593.183916121721,4083.1754112243652,4083.176326751709,4083.177158355713,4083.170612335205,4083.1724959909916,4083.1695459485054,4083.1712002307177,4083.171545088291,2900.1657333374023,2900.17781829834,2900.178825378418,2900.1718368530273,2900.171967238188,2900.1674657836556,2900.1709557920694,2900.1704946011305
2247.5,11666.200359344482,11666.207878112793,11666.204223632812,11666.19987487793,11666.203454583883,11666.199297085404,11666.201718162745,11666.19937697146,8286.20637512207,8286.201908111572,8286.202810287476,8286.200620651245,8286.203393429518,8286.202833101153,8286.202678006142,8286.199667842127,7874.690593719482,7874.689937591553,7874.686195373535,7874.679756164551,7874.688877731562,7874.680885612965,7874.686930906028,7874.683860571124,5593.1879234313965,5593.188442230225,5593.1880893707275,5593.185152053833,5593.1879452466965,5593.188549607992,5593.187803950161,5593.183910676278,4083.1754417419434,4083.1763648986816,4083.1771965026855,4083.1706161499023,4083.1725073456764,4083.1695437282324,4083.1712073646486,4083.171552524902,2900.1657066345215,2900.177864074707,2900.178873062134,2900.1718463897705,2900.17197676003,2900.1674537807703,2900.170961227268,2900.1704970905557
2248.5,11666.200355529785,11666.207920074463,11666.204242706299,11666.19987487793,11666.203469902277,11666.19929292798,11666.201727457345,11666.199374074116,8286.206409454346,8286.201919555664,8286.202827453613,8286.200626373291,8286.20340923965,8286.202846348286,8286.202691413462,8286.199666755274,7874.690624237061,7874.689960479736,7874.68620300293,7874.67972946167,7874.688894063234,7874.6808651685715,7874.686939410865,7874.683854313567,5593.187934875488,5593.188461303711,5593.188104629517,5593.18515586853,5593.187957957387,5593.188566178083,5593.187817543745,5593.183905230835,4083.1754722595215,4083.1764030456543,4083.177234649658,4083.1706199645996,4083.1725187003613,4083.1695415079594,4083.1712144985795,4083.1715599615127,2900.1656799316406,2900.177909851074,2900.1789207458496,2900.1718559265137,2900.171986281872,2900.167441777885,2900.1709666624665,2900.170499579981
2249.5,11666.200351715088,11666.207962036133,11666.204261779785,11666.19987487793,11666.20348522067,11666.199288770556,11666.201736751944,11666.199371176772,8286.206443786621,8286.201930999756,8286.202844619751,8286.200632095337,8286.203425049782,8286.202859595418,8286.202704820782,8286.19966566842,7874.690654754639,7874.68998336792,7874.686210632324,7874.679702758789,7874.688910394907,7874.680844724178,7874.686947915703,7874.683848056011,5593.18794631958,5593.188480377197,5593.188119888306,5593.1851596832275,5593.1879706680775,5593.188582748175,5593.187831137329,5593.183899785392,4083.1755027770996,4083.176441192627,4083.177272796631,4083.170623779297,4083.172530055046,4083.1695392876863,4083.1712216325104,4083.1715673981234,2900.1656532287598,2900.1779556274414,2900.1789684295654,2900.171865463257,2900.171995803714,2900.1674297749996,2900.170972097665,2900.170502069406
2250.5,11666.20034790039,11666.208003997803,11666.204280853271,11666.19987487793,11666.203500539064,11666.199284613132,11666.201746046543,11666.199368279427,8286.206478118896,8286.201942443848,8286.202861785889,8286.200637817383,8286.203440859914,8286.20287284255,8286.202718228102,8286.199664581567,7874.690685272217,7874.6900062561035,7874.686218261719,7874.679676055908,7874.68892672658,7874.680824279785,7874.686956420541,7874.6838417984545,5593.187957763672,5593.188499450684,5593.188135147095,5593.185163497925,5593.187983378768,5593.188599318266,5593.187844730914,5593.183894339949,4083.1755332946777,4083.1764793395996,4083.1773109436035,4083.170627593994,4083.172541409731,4083.1695370674133,4083.1712287664413,4083.171574834734,2900.165626525879,2900.1780014038086,2900.1790161132812,2900.171875,2900.172005325556,2900.1674177721143,2900.1709775328636,2900.1705045588315
2251.5,11666.200344085693,11666.208045959473,11666.204299926758,11666.19987487793,11666.203515857458,11666.199280455709,11666.201755341142,11666.199365382083,8286.206512451172,8286.20195388794,8286.202878952026,8286.200643539429,8286.203456670046,8286.202886089683,8286.202731635422,8286.199663494714,7874.690715789795,7874.690029144287,7874.686225891113,7874.679649353027,7874.688943058252,7874.680803835392,7874.686964925379,7874.683835540898,5593.187969207764,5593.18851852417,5593.188150405884,5593.185167312622,5593.1879960894585,5593.188615888357,5593.187858324498,5593.183888894506,4083.175563812256,4083.1765174865723,4083.177349090576,4083.1706314086914,4083.1725527644157,4083.1695348471403,4083.1712359003723,4083.171582271345,2900.165599822998,2900.178047180176,2900.179063796997,2900.171884536743,2900.172014847398,2900.167405769229,2900.170982968062,2900.1705070482567
2252.5,11666.200340270996,11666.208087921143,11666.204319000244,11666.19987487793,11666.203531175852,11666.199276298285,11666.201764635742,11666.199362484738,8286.206546783447,8286.201965332031,8286.202896118164,8286.200649261475,8286.203472480178,8286.202899336815,8286.202745042741,8286.19966240786,7874.690746307373,7874.690052032471,7874.686233520508,7874.6796226501465,7874.688959389925,7874.680783390999,7874.686973430216,7874.683829283342,5593.1879806518555,5593.188537597656,5593.188165664673,5593.185171127319,5593.188008800149,5593.188632458448,5593.187871918082,5593.183883449063,4083.175594329834,4083.176555633545,4083.177387237549,4083.1706352233887,4083.1725641191006,4083.1695326268673,4083.171243034303,4083.1715897079557,2900.165573120117,2900.178092956543,2900.179111480713,2900.1718940734863,2900.17202436924,2900.1673937663436,2900.1709884032607,2900.170509537682
2253.5,11666.200336456299,11666.208129882812,11666.20433807373,11666.19987487793,11666.203546494246,11666.19927214086,11666.201773930341,11666.199359587394,8286.206581115723,8286.201976776123,8286.202913284302,8286.20065498352,8286.20348829031,8286.202912583947,8286.202758450061,8286.199661321007,7874.690776824951,7874.690074920654,7874.686241149902,7874.679595947266,7874.688975721598,7874.680762946606,7874.686981935054,7874.683823025785,5593.187992095947,5593.188556671143,5593.188180923462,5593.185174942017,5593.1880215108395,5593.18864902854,5593.1878855116665,5593.18387800362,4083.175624847412,4083.1765937805176,4083.1774253845215,4083.170639038086,4083.1725754737854,4083.1695304065943,4083.171250168234,4083.1715971445665,2900.1655464172363,2900.17813873291,2900.1791591644287,2900.1719036102295,2900.172033891082,2900.1673817634583,2900.1709938384593,2900.170512027107
2254.5,11666.200332641602,11666.208171844482,11666.204357147217,11666.19987487793,11666.20356181264,11666.199267983437,11666.20178322494,11666.19935669005,8286.206615447998,8286.201988220215,8286.20293045044,8286.200660705566,8286.203504100442,8286.20292583108,8286.20277185738,8286.199660234153,7874.690807342529,7874.690097808838,7874.686248779297,7874.679569244385,7874.68899205327,7874.6807425022125,7874.686990439892,7874.683816768229,5593.188003540039,5593.188575744629,5593.188196182251,5593.185178756714,5593.18803422153,5593.188665598631,5593.187899105251,5593.1838725581765,4083.1756553649902,4083.1766319274902,4083.177463531494,4083.170642852783,4083.1725868284702,4083.1695281863213,4083.171257302165,4083.1716045811772,2900.1655197143555,2900.1781845092773,2900.1792068481445,2900.1719131469727,2900.172043412924,2900.167369760573,2900.170999273658,2900.1705145165324
2255.5,11666.200328826904,11666.208213806152,11666.204376220703,11666.19987487793,11666.203577131033,11666.199263826013,11666.20179251954,11666.199353792705,8286.206649780273,8286.201999664307,8286.202947616577,8286.200666427612,8286.203519910574,8286.202939078212,8286.2027852647,8286.1996591473,7874.690837860107,7874.6901206970215,7874.686256408691,7874.679542541504,7874.689008384943,7874.680722057819,7874.68699894473,7874.683810510673,5593.188014984131,5593.188594818115,5593.18821144104,5593.185182571411,5593.1880469322205,5593.188682168722,5593.187912698835,5593.183867112733,4083.1756858825684,4083.176670074463,4083.177501678467,4083.1706466674805,4083.172598183155,4083.1695259660482,4083.171264436096,4083.171612017788,2900.1654930114746,2900.1782302856445,2900.1792545318604,2900.171922683716,2900.172052934766,2900.1673577576876,2900.1710047088563,2900.1705170059577
2256.5,11666.200325012207,11666.208255767822,11666.20439529419,11666.19987487793,11666.203592449427,11666.199259668589,11666.201801814139,11666.19935089536,8286.206684112549,8286.202011108398,8286.202964782715,8286.200672149658,8286.203535720706,8286.202952325344,8286.20279867202,8286.199658060446,7874.690868377686,7874.690143585205,7874.686264038086,7874.679515838623,7874.689024716616,7874.680701613426,7874.687007449567,7874.683804253116,5593.188026428223,5593.188613891602,5593.188226699829,5593.185186386108,5593.188059642911,5593.188698738813,5593.187926292419,5593.18386166729,4083.1757164001465,4083.1767082214355,4083.1775398254395,4083.1706504821777,4083.17260953784,4083.169523745775,4083.171271570027,4083.1716194543988,2900.1654663085938,2900.1782760620117,2900.179302215576,2900.171932220459,2900.172062456608,2900.167345754802,2900.171010144055,2900.170519495383
2257.5,11666.20032119751,11666.208297729492,11666.204414367676,11666.19987487793,11666.20360776782,11666.199255511165,11666.201811108738,11666.199347998016,8286.206718444824,8286.20202255249,8286.202981948853,8286.200677871704,8286.203551530838,8286.202965572476,8286.20281207934,8286.199656973593,7874.690898895264,7874.690166473389,7874.6862716674805,7874.679489135742,7874.689041048288,7874.680681169033,7874.687015954405,7874.68379799556,5593.188037872314,5593.188632965088,5593.188241958618,5593.185190200806,5593.1880723536015,5593.188715308905,5593.187939886004,5593.183856221847,4083.1757469177246,4083.176746368408,4083.177577972412,4083.170654296875,4083.1726208925247,4083.169521525502,4083.171278703958,4083.1716268910095,2900.165439605713,2900.178321838379,2900.179349899292,2900.171941757202,2900.17207197845,2900.167333751917,2900.1710155792534,2900.170521984808
2258.5,11666.200317382812,11666.208339691162,11666.204433441162,11666.19987487793,11666.203623086214,11666.19925135374,11666.201820403337,11666.199345100671,8286.2067527771,8286.202033996582,8286.20299911499,8286.20068359375,8286.20356734097,8286.202978819609,8286.20282548666,8286.19965588674,7874.690929412842,7874.690189361572,7874.686279296875,7874.679462432861,7874.689057379961,7874.68066072464,7874.687024459243,7874.6837917380035,5593.188049316406,5593.188652038574,5593.188257217407,5593.185194015503,5593.188085064292,5593.188731878996,5593.187953479588,5593.183850776404,4083.1757774353027,4083.176784515381,4083.1776161193848,4083.1706581115723,4083.1726322472095,4083.169519305229,4083.1712858378887,4083.1716343276203,2900.165412902832,2900.178367614746,2900.179397583008,2900.1719512939453,2900.172081500292,2900.1673217490315,2900.171021014452,2900.1705244742334
2259.5,11666.200313568115,11666.208381652832,11666.204452514648,11666.19987487793,11666.203638404608,11666.199247196317,11666.201829697937,11666.199342203327,8286.206787109375,8286.202045440674,8286.203016281128,8286.200689315796,8286.203583151102,8286.202992066741,8286.20283889398,8286.199654799886,7874.69095993042,7874.690212249756,7874.6862869262695,7874.6794357299805,7874.689073711634,7874.680640280247,7874.687032964081,7874.683785480447,5593.188060760498,5593.188671112061,5593.188272476196,5593.1851978302,5593.188097774982,5593.188748449087,5593.187967073172,5593.183845330961,4083.175807952881,4083.1768226623535,4083.1776542663574,4083.1706619262695,4083.1726436018944,4083.169517084956,4083.1712929718196,4083.171641764231,2900.165386199951,2900.1784133911133,2900.1794452667236,2900.1719608306885,2900.172091022134,2900.167309746146,2900.1710264496505,2900.1705269636586
2260.5,11666.200309753418,11666.208423614502,11666.204471588135,11666.19987487793,11666.203653723001,11666.199243038893,11666.201838992536,11666.199339305982,8286.20682144165,8286.202056884766,8286.203033447266,8286.200695037842,8286.203598961234,8286.203005313873,8286.2028523013,8286.199653713033,7874.690990447998,7874.690235137939,7874.686294555664,7874.6794090271,7874.689090043306,7874.680619835854,7874.687041468918,7874.683779222891,5593.18807220459,5593.188690185547,5593.188287734985,5593.1852016448975,5593.188110485673,5593.188765019178,5593.187980666757,5593.183839885518,4083.175838470459,4083.176860809326,4083.17769241333,4083.170665740967,4083.172654956579,4083.169514864683,4083.1713001057506,4083.171649200842,2900.1653594970703,2900.1784591674805,2900.1794929504395,2900.1719703674316,2900.172100543976,2900.167297743261,2900.171031884849,2900.170529453084
2261.5,11666.20030593872,11666.208465576172,11666.204490661621,11666.19987487793,11666.203669041395,11666.199238881469,11666.201848287135,11666.199336408637,8286.206855773926,8286.202068328857,8286.203050613403,8286.200700759888,8286.203614771366,8286.203018561006,8286.20286570862,8286.19965262618,7874.691020965576,7874.690258026123,7874.686302185059,7874.679382324219,7874.689106374979,7874.68059939146,7874.687049973756,7874.683772965334,5593.188083648682,5593.188709259033,5593.188302993774,5593.185205459595,5593.188123196363,5593.18878158927,5593.187994260341,5593.183834440075,4083.175868988037,4083.176898956299,4083.1777305603027,4083.170669555664,4083.172666311264,4083.16951264441,4083.1713072396815,4083.1716566374525,2900.1653327941895,2900.1785049438477,2900.1795406341553,2900.171979904175,2900.172110065818,2900.1672857403755,2900.1710373200476,2900.170531942509
2262.5,11666.200302124023,11666.208507537842,11666.204509735107,11666.19987487793,11666.203684359789,11666.199234724045,11666.201857581735,11666.199333511293,8286.206890106201,8286.20207977295,8286.203067779541,8286.200706481934,8286.203630581498,8286.203031808138,8286.20287911594,8286.199651539326,7874.691051483154,7874.690280914307,7874.686309814453,7874.679355621338,7874.689122706652,7874.680578947067,7874.687058478594,7874.683766707778,5593.188095092773,5593.1887283325195,5593.1883182525635,5593.185209274292,5593.188135907054,5593.188798159361,5593.188007853925,5593.183828994632,4083.1758995056152,4083.1769371032715,4083.1777687072754,4083.1706733703613,4083.172677665949,4083.169510424137,4083.1713143736124,4083.1716640740633,2900.1653060913086,2900.178550720215,2900.179588317871,2900.171989440918,2900.17211958766,2900.16727373749,2900.171042755246,2900.1705344319344
2263.5,11666.200298309326,11666.208549499512,11666.204528808594,11666.19987487793,11666.203699678183,11666.19923056662,11666.201866876334,11666.199330613948,8286.206924438477,8286.202091217041,8286.203084945679,8286.20071220398,8286.20364639163,8286.20304505527,8286.202892523259,8286.199650452472,7874.691082000732,7874.69030380249,7874.686317443848,7874.679328918457,7874.689139038324,7874.680558502674,7874.687066983432,7874.683760450222,5593.188106536865,5593.188747406006,5593.1883335113525,5593.185213088989,5593.188148617744,5593.188814729452,5593.1880214475095,5593.183823549189,4083.1759300231934,4083.176975250244,4083.177806854248,4083.1706771850586,4083.1726890206337,4083.169508203864,4083.1713215075433,4083.171671510674,2900.1652793884277,2900.178596496582,2900.179636001587,2900.171998977661,2900.172129109502,2900.167261734605,2900.1710481904447,2900.1705369213596
2264.5,11666.200294494629,11666.208591461182,11666.20454788208,11666.19987487793,11666.203714996576,11666.199226409197,11666.201876170933,11666.199327716604,8286.206958770752,8286.202102661133,8286.203102111816,8286.200717926025,8286.203662201762,8286.203058302402,8286.202905930579,8286.199649365619,7874.691112518311,7874.690326690674,7874.686325073242,7874.679302215576,7874.689155369997,7874.680538058281,7874.687075488269,7874.683754192665,5593.188117980957,5593.188766479492,5593.188348770142,5593.1852169036865,5593.188161328435,5593.188831299543,5593.188035041094,5593.183818103746,4083.1759605407715,4083.177013397217,4083.1778450012207,4083.170680999756,4083.1727003753185,4083.169505983591,4083.1713286414742,4083.171678947285,2900.165252685547,2900.178642272949,2900.1796836853027,2900.1720085144043,2900.172138631344,2900.1672497317195,2900.1710536256433,2900.170539410785
2265.5,11666.200290679932,11666.208633422852,11666.204566955566,11666.19987487793,11666.20373031497,11666.199222251773,11666.201885465533,11666.19932481926,8286.206993103027,8286.202114105225,8286.203119277954,8286.200723648071,8286.203678011894,8286.203071549535,8286.202919337898,8286.199648278765,7874.691143035889,7874.690349578857,7874.686332702637,7874.679275512695,7874.68917170167,7874.680517613888,7874.687083993107,7874.683747935109,5593.188129425049,5593.1887855529785,5593.188364028931,5593.185220718384,5593.188174039125,5593.188847869635,5593.188048634678,5593.1838126583025,4083.1759910583496,4083.1770515441895,4083.1778831481934,4083.170684814453,4083.1727117300034,4083.169503763318,4083.171335775405,4083.1716863838956,2900.165225982666,2900.1786880493164,2900.1797313690186,2900.1720180511475,2900.172148153186,2900.167237728834,2900.171059060842,2900.17054190021
2266.5,11666.200286865234,11666.208675384521,11666.204586029053,11666.19987487793,11666.203745633364,11666.199218094349,11666.201894760132,11666.199321921915,8286.207027435303,8286.202125549316,8286.203136444092,8286.200729370117,8286.203693822026,8286.203084796667,8286.202932745218,8286.199647191912,7874.691173553467,7874.690372467041,7874.686340332031,7874.679248809814,7874.689188033342,7874.680497169495,7874.687092497945,7874.6837416775525,5593.188140869141,5593.188804626465,5593.18837928772,5593.185224533081,5593.188186749816,5593.188864439726,5593.188062228262,5593.183807212859,4083.1760215759277,4083.177089691162,4083.177921295166,4083.1706886291504,4083.172723084688,4083.169501543045,4083.171342909336,4083.1716938205063,2900.165199279785,2900.1787338256836,2900.1797790527344,2900.1720275878906,2900.172157675028,2900.167225725949,2900.1710644960403,2900.1705443896353
2267.5,11666.200283050537,11666.208717346191,11666.204605102539,11666.19987487793,11666.203760951757,11666.199213936925,11666.201904054731,11666.19931902457,8286.207061767578,8286.202136993408,8286.20315361023,8286.200735092163,8286.203709632158,8286.2030980438,8286.202946152538,8286.199646105058,7874.691204071045,7874.690395355225,7874.686347961426,7874.679222106934,7874.689204365015,7874.6804767251015,7874.687101002783,7874.683735419996,5593.188152313232,5593.188823699951,5593.188394546509,5593.185228347778,5593.188199460506,5593.188881009817,5593.188075821847,5593.183801767416,4083.176052093506,4083.1771278381348,4083.1779594421387,4083.1706924438477,4083.172734439373,4083.169499322772,4083.171350043267,4083.171701257117,2900.1651725769043,2900.178779602051,2900.17982673645,2900.172037124634,2900.17216719687,2900.1672137230635,2900.171069931239,2900.1705468790606
2268.5,11666.20027923584,11666.208759307861,11666.204624176025,11666.19987487793,11666.203776270151,11666.199209779501,11666.20191334933,11666.199316127226,8286.207096099854,8286.2021484375,8286.203170776367,8286.200740814209,8286.20372544229,8286.203111290932,8286.202959559858,8286.199645018205,7874.691234588623,7874.690418243408,7874.68635559082,7874.679195404053,7874.689220696688,7874.680456280708,7874.68710950762,7874.68372916244,5593.188163757324,5593.1888427734375,5593.188409805298,5593.185232162476,5593.188212171197,5593.188897579908,5593.188089415431,5593.183796321973,4083.176082611084,4083.1771659851074,4083.1779975891113,4083.170696258545,4083.172745794058,4083.169497102499,4083.171357177198,4083.171708693728,2900.1651458740234,2900.178825378418,2900.179874420166,2900.172046661377,2900.172176718712,2900.167201720178,2900.1710753664374,2900.170549368486
2269.5,11666.200275421143,11666.208801269531,11666.204643249512,11666.19987487793,11666.203791588545,11666.199205622077,11666.20192264393,11666.199313229881,8286.207130432129,8286.202159881592,8286.203187942505,8286.200746536255,8286.203741252422,8286.203124538064,8286.202972967178,8286.199643931352,7874.691265106201,7874.690441131592,7874.686363220215,7874.679168701172,7874.68923702836,7874.680435836315,7874.687118012458,7874.683722904883,5593.188175201416,5593.188861846924,5593.188425064087,5593.185235977173,5593.188224881887,5593.18891415,5593.188103009015,5593.18379087653,4083.176113128662,4083.17720413208,4083.178035736084,4083.170700073242,4083.1727571487427,4083.169494882226,4083.171364311129,4083.1717161303386,2900.1651191711426,2900.178871154785,2900.179922103882,2900.17205619812,2900.172186240554,2900.167189717293,2900.171080801636,2900.170551857911
2270.5,11666.200271606445,11666.208843231201,11666.204662322998,11666.19987487793,11666.203806906939,11666.199201464653,11666.201931938529,11666.199310332537,8286.207164764404,8286.202171325684,8286.203205108643,8286.2007522583,8286.203757062554,8286.203137785196,8286.202986374497,8286.199642844498,7874.691295623779,7874.690464019775,7874.686370849609,7874.679141998291,7874.689253360033,7874.680415391922,7874.687126517296,7874.683716647327,5593.188186645508,5593.18888092041,5593.188440322876,5593.18523979187,5593.188237592578,5593.188930720091,5593.1881166026,5593.183785431087,4083.1761436462402,4083.1772422790527,4083.1780738830566,4083.1707038879395,4083.1727685034275,4083.169492661953,4083.17137144506,4083.1717235669494,2900.1650924682617,2900.1789169311523,2900.1799697875977,2900.1720657348633,2900.172195762396,2900.1671777144074,2900.1710862368345,2900.1705543473363
2271.5,11666.200267791748,11666.208885192871,11666.204681396484,11666.19987487793,11666.203822225332,11666.199197307229,11666.201941233128,11666.199307435192,8286.20719909668,8286.202182769775,8286.20322227478,8286.200757980347,8286.203772872686,8286.203151032329,8286.202999781817,8286.199641757645,7874.691326141357,7874.690486907959,7874.686378479004,7874.67911529541,7874.689269691706,7874.680394947529,7874.687135022134,7874.683710389771,5593.1881980896,5593.1888999938965,5593.188455581665,5593.185243606567,5593.188250303268,5593.188947290182,5593.188130196184,5593.183779985644,4083.1761741638184,4083.1772804260254,4083.1781120300293,4083.1707077026367,4083.1727798581123,4083.16949044168,4083.1713785789907,4083.17173100356,2900.165065765381,2900.1789627075195,2900.1800174713135,2900.1720752716064,2900.172205284238,2900.167165711522,2900.171091672033,2900.1705568367615
2272.5,11666.20026397705,11666.208927154541,11666.20470046997,11666.19987487793,11666.203837543726,11666.199193149805,11666.201950527728,11666.199304537848,8286.207233428955,8286.202194213867,8286.203239440918,8286.200763702393,8286.203788682818,8286.20316427946,8286.203013189137,8286.199640670791,7874.691356658936,7874.690509796143,7874.686386108398,7874.679088592529,7874.689286023378,7874.680374503136,7874.687143526971,7874.683704132214,5593.188209533691,5593.188919067383,5593.188470840454,5593.185247421265,5593.188263013959,5593.188963860273,5593.188143789768,5593.183774540201,4083.1762046813965,4083.177318572998,4083.178150177002,4083.170711517334,4083.172791212797,4083.169488221407,4083.1713857129216,4083.171738440171,2900.1650390625,2900.1790084838867,2900.1800651550293,2900.1720848083496,2900.17221480608,2900.1671537086368,2900.1710971072316,2900.170559326187
2273.5,11666.200260162354,11666.208969116211,11666.204719543457,11666.19987487793,11666.20385286212,11666.199188992381,11666.201959822327,11666.199301640503,8286.20726776123,8286.202205657959,8286.203256607056,8286.200769424438,8286.20380449295,8286.203177526593,8286.203026596457,8286.199639583938,7874.691387176514,7874.690532684326,7874.686393737793,7874.679061889648,7874.689302355051,7874.6803540587425,7874.687152031809,7874.683697874658,5593.188220977783,5593.188938140869,5593.188486099243,5593.185251235962,5593.188275724649,5593.188980430365,5593.1881573833525,5593.183769094758,4083.1762351989746,4083.1773567199707,4083.1781883239746,4083.1707153320312,4083.172802567482,4083.169486001134,4083.1713928468525,4083.1717458767816,2900.165012359619,2900.179054260254,2900.180112838745,2900.172094345093,2900.172224327922,2900.1671417057514,2900.17110254243,2900.170561815612
2274.5,11666.200256347656,11666.20901107788,11666.204738616943,11666.19987487793,11666.203868180513,11666.199184834957,11666.201969116926,11666.199298743159,8286.207302093506,8286.20221710205,8286.203273773193,8286.200775146484,8286.203820303082,8286.203190773726,8286.203040003777,8286.199638497084,7874.691417694092,7874.69055557251,7874.6864013671875,7874.679035186768,7874.689318686724,7874.680333614349,7874.687160536647,7874.683691617101,5593.188232421875,5593.1889572143555,5593.188501358032,5593.185255050659,5593.18828843534,5593.188997000456,5593.188170976937,5593.183763649315,4083.1762657165527,4083.1773948669434,4083.1782264709473,4083.1707191467285,4083.172813922167,4083.169483780861,4083.1713999807835,4083.1717533133924,2900.1649856567383,2900.179100036621,2900.180160522461,2900.172103881836,2900.172233849764,2900.167129702866,2900.1711079776287,2900.1705643050373
2275.5,11666.200252532959,11666.20905303955,11666.20475769043,11666.19987487793,11666.203883498907,11666.199180677533,11666.201978411525,11666.199295845814,8286.207336425781,8286.202228546143,8286.203290939331,8286.20078086853,8286.203836113214,8286.203204020858,8286.203053411096,8286.199637410231,7874.69144821167,7874.690578460693,7874.686408996582,7874.679008483887,7874.689335018396,7874.680313169956,7874.687169041485,7874.683685359545,5593.188243865967,5593.188976287842,5593.188516616821,5593.185258865356,5593.18830114603,5593.189013570547,5593.188184570521,5593.183758203872,4083.176296234131,4083.177433013916,4083.17826461792,4083.170722961426,4083.1728252768517,4083.169481560588,4083.1714071147144,4083.171760750003,2900.1649589538574,2900.1791458129883,2900.1802082061768,2900.172113418579,2900.172243371606,2900.1671176999807,2900.1711134128273,2900.1705667944625
2276.5,11666.200248718262,11666.20909500122,11666.204776763916,11666.19987487793,11666.2038988173,11666.19917652011,11666.201987706125,11666.19929294847,8286.207370758057,8286.202239990234,8286.203308105469,8286.200786590576,8286.203851923347,8286.20321726799,8286.203066818416,8286.199636323377,7874.691478729248,7874.690601348877,7874.686416625977,7874.678981781006,7874.689351350069,7874.680292725563,7874.687177546322,7874.683679101989,5593.188255310059,5593.188995361328,5593.18853187561,5593.185262680054,5593.188313856721,5593.189030140638,5593.188198164105,5593.183752758428,4083.176326751709,4083.1774711608887,4083.1783027648926,4083.170726776123,4083.1728366315365,4083.169479340315,4083.1714142486453,4083.171768186614,2900.1649322509766,2900.1791915893555,2900.1802558898926,2900.1721229553223,2900.172252893448,2900.1671056970954,2900.171118848026,2900.1705692838877
2277.5,11666.200244903564,11666.20913696289,11666.204795837402,11666.19987487793,11666.203914135695,11666.199172362685,11666.201997000724,11666.199290051125,8286.207405090332,8286.202251434326,8286.203325271606,8286.200792312622,8286.203867733479,8286.203230515122,8286.203080225736,8286.199635236524,7874.691509246826,7874.690624237061,7874.686424255371,7874.678955078125,7874.689367681742,7874.68027228117,7874.68718605116,7874.683672844432,5593.18826675415,5593.189014434814,5593.188547134399,5593.185266494751,5593.188326567411,5593.18904671073,5593.18821175769,5593.183747312985,4083.176357269287,4083.1775093078613,4083.1783409118652,4083.1707305908203,4083.1728479862213,4083.169477120042,4083.171421382576,4083.1717756232247,2900.1649055480957,2900.1792373657227,2900.1803035736084,2900.1721324920654,2900.17226241529,2900.16709369421,2900.1711242832243,2900.170571773313
2278.5,11666.200241088867,11666.20917892456,11666.204814910889,11666.19987487793,11666.203929454088,11666.199168205261,11666.202006295323,11666.19928715378,8286.207439422607,8286.202262878418,8286.203342437744,8286.200798034668,8286.20388354361,8286.203243762255,8286.203093633056,8286.19963414967,7874.691539764404,7874.690647125244,7874.686431884766,7874.678928375244,7874.689384013414,7874.680251836777,7874.687194555998,7874.683666586876,5593.188278198242,5593.189033508301,5593.1885623931885,5593.185270309448,5593.188339278102,5593.189063280821,5593.188225351274,5593.183741867542,4083.1763877868652,4083.177547454834,4083.178379058838,4083.1707344055176,4083.172859340906,4083.169474899769,4083.171428516507,4083.1717830598354,2900.164878845215,2900.17928314209,2900.180351257324,2900.1721420288086,2900.172271937132,2900.1670816913247,2900.171129718423,2900.1705742627382
2279.5,11666.20023727417,11666.20922088623,11666.204833984375,11666.19987487793,11666.203944772482,11666.199164047837,11666.202015589923,11666.199284256436,8286.207473754883,8286.20227432251,8286.203359603882,8286.200803756714,8286.203899353743,8286.203257009387,8286.203107040375,8286.199633062817,7874.691570281982,7874.690670013428,7874.68643951416,7874.678901672363,7874.689400345087,7874.680231392384,7874.687203060836,7874.6836603293195,5593.188289642334,5593.189052581787,5593.1885776519775,5593.1852741241455,5593.188351988792,5593.189079850912,5593.188238944858,5593.183736422099,4083.1764183044434,4083.1775856018066,4083.1784172058105,4083.170738220215,4083.172870695591,4083.169472679496,4083.171435650438,4083.171790496446,2900.164852142334,2900.179328918457,2900.18039894104,2900.1721515655518,2900.172281458974,2900.1670696884394,2900.1711351536214,2900.1705767521635
2280.5,11666.200233459473,11666.2092628479,11666.204853057861,11666.19987487793,11666.203960090876,11666.199159890413,11666.202024884522,11666.199281359091,8286.207508087158,8286.202285766602,8286.20337677002,8286.20080947876,8286.203915163875,8286.20327025652,8286.203120447695,8286.199631975964,7874.691600799561,7874.690692901611,7874.686447143555,7874.678874969482,7874.68941667676,7874.68021094799,7874.687211565673,7874.683654071763,5593.188301086426,5593.189071655273,5593.188592910767,5593.185277938843,5593.188364699483,5593.189096421003,5593.188252538443,5593.183730976656,4083.1764488220215,4083.1776237487793,4083.178455352783,4083.170742034912,4083.172882050276,4083.169470459223,4083.171442784369,4083.171797933057,2900.164825439453,2900.179374694824,2900.180446624756,2900.172161102295,2900.172290980816,2900.167057685554,2900.17114058882,2900.1705792415887
2281.5,11666.200229644775,11666.20930480957,11666.204872131348,11666.19987487793,11666.20397540927,11666.19915573299,11666.202034179121,11666.199278461747,8286.207542419434,8286.202297210693,8286.203393936157,8286.200815200806,8286.203930974007,8286.203283503652,8286.203133855015,8286.19963088911,7874.691631317139,7874.690715789795,7874.686454772949,7874.678848266602,7874.689433008432,7874.680190503597,7874.687220070511,7874.683647814207,5593.188312530518,5593.18909072876,5593.188608169556,5593.18528175354,5593.188377410173,5593.189112991095,5593.188266132027,5593.183725531213,4083.1764793395996,4083.177661895752,4083.178493499756,4083.1707458496094,4083.1728934049606,4083.16946823895,4083.1714499183,4083.1718053696677,2900.1647987365723,2900.1794204711914,2900.1804943084717,2900.172170639038,2900.172300502658,2900.1670456826687,2900.1711460240185,2900.170581731014
2282.5,11666.200225830078,11666.20934677124,11666.204891204834,11666.19987487793,11666.203990727663,11666.199151575565,11666.20204347372,11666.199275564402,8286.207576751709,8286.202308654785,8286.203411102295,8286.200820922852,8286.203946784139,8286.203296750784,8286.203147262335,8286.199629802257,7874.691661834717,7874.6907386779785,7874.686462402344,7874.678821563721,7874.689449340105,7874.680170059204,7874.687228575349,7874.68364155665,5593.188323974609,5593.189109802246,5593.188623428345,5593.185285568237,5593.188390120864,5593.189129561186,5593.188279725611,5593.18372008577,4083.1765098571777,4083.1777000427246,4083.1785316467285,4083.1707496643066,4083.1729047596455,4083.1694660186768,4083.171457052231,4083.1718128062785,2900.1647720336914,2900.1794662475586,2900.1805419921875,2900.1721801757812,2900.1723100245,2900.1670336797833,2900.171151459217,2900.170584220439
2283.5,11666.20022201538,11666.20938873291,11666.20491027832,11666.19987487793,11666.204006046057,11666.199147418141,11666.20205276832,11666.199272667058,8286.207611083984,8286.202320098877,8286.203428268433,8286.200826644897,8286.20396259427,8286.203309997916,8286.203160669655,8286.199628715403,7874.691692352295,7874.690761566162,7874.686470031738,7874.67879486084,7874.689465671778,7874.680149614811,7874.687237080187,7874.683635299094,5593.188335418701,5593.189128875732,5593.188638687134,5593.185289382935,5593.188402831554,5593.189146131277,5593.1882933191955,5593.183714640327,4083.176540374756,4083.1777381896973,4083.178569793701,4083.170753479004,4083.1729161143303,4083.1694637984037,4083.1714641861618,4083.171820242889,2900.1647453308105,2900.179512023926,2900.1805896759033,2900.1721897125244,2900.172319546342,2900.167021676898,2900.1711568944156,2900.1705867098644
2284.5,11666.200218200684,11666.20943069458,11666.204929351807,11666.19987487793,11666.20402136445,11666.199143260717,11666.20206206292,11666.199269769713,8286.20764541626,8286.202331542969,8286.20344543457,8286.200832366943,8286.203978404403,8286.203323245049,8286.203174076974,8286.19962762855,7874.691722869873,7874.690784454346,7874.686477661133,7874.678768157959,7874.68948200345,7874.680129170418,7874.687245585024,7874.683629041538,5593.188346862793,5593.189147949219,5593.188653945923,5593.185293197632,5593.188415542245,5593.189162701368,5593.18830691278,5593.183709194884,4083.176570892334,4083.17777633667,4083.178607940674,4083.170757293701,4083.172927469015,4083.1694615781307,4083.1714713200927,4083.1718276795,2900.1647186279297,2900.179557800293,2900.180637359619,2900.1721992492676,2900.172329068184,2900.1670096740127,2900.171162329614,2900.1705891992897
2285.5,11666.200214385986,11666.20947265625,11666.204948425293,11666.19987487793,11666.204036682844,11666.199139103293,11666.202071357518,11666.199266872369,8286.207679748535,8286.20234298706,8286.203462600708,8286.20083808899,8286.203994214535,8286.20333649218,8286.203187484294,8286.199626541696,7874.691753387451,7874.690807342529,7874.686485290527,7874.678741455078,7874.689498335123,7874.680108726025,7874.687254089862,7874.683622783981,5593.188358306885,5593.189167022705,5593.188669204712,5593.185297012329,5593.188428252935,5593.18917927146,5593.188320506364,5593.183703749441,4083.176601409912,4083.1778144836426,4083.1786460876465,4083.1707611083984,4083.1729388237,4083.1694593578577,4083.1714784540236,4083.1718351161107,2900.164691925049,2900.17960357666,2900.180685043335,2900.1722087860107,2900.172338590026,2900.1669976711273,2900.1711677648127,2900.170591688715
2286.5,11666.200210571289,11666.20951461792,11666.20496749878,11666.19987487793,11666.204052001238,11666.19913494587,11666.202080652118,11666.199263975024,8286.20771408081,8286.202354431152,8286.203479766846,8286.200843811035,8286.204010024667,8286.203349739313,8286.203200891614,8286.199625454843,7874.691783905029,7874.690830230713,7874.686492919922,7874.678714752197,7874.689514666796,7874.6800882816315,7874.6872625947,7874.683616526425,5593.188369750977,5593.189186096191,5593.188684463501,5593.185300827026,5593.188440963626,5593.189195841551,5593.188334099948,5593.1836983039975,4083.1766319274902,4083.1778526306152,4083.178684234619,4083.1707649230957,4083.172950178385,4083.1694571375847,4083.1714855879545,4083.1718425527215,2900.164665222168,2900.1796493530273,2900.180732727051,2900.172218322754,2900.172348111868,2900.166985668242,2900.1711732000113,2900.17059417814
2287.5,11666.200206756592,11666.20955657959,11666.204986572266,11666.19987487793,11666.204067319632,11666.199130788445,11666.202089946717,11666.19926107768,8286.207748413086,8286.202365875244,8286.203496932983,8286.200849533081,8286.204025834799,8286.203362986445,8286.203214298934,8286.19962436799,7874.691814422607,7874.6908531188965,7874.686500549316,7874.678688049316,7874.689530998468,7874.680067837238,7874.687271099538,7874.6836102688685,5593.188381195068,5593.189205169678,5593.18869972229,5593.185304641724,5593.188453674316,5593.189212411642,5593.188347693533,5593.183692858554,4083.1766624450684,4083.177890777588,4083.178722381592,4083.170768737793,4083.1729615330696,4083.1694549173117,4083.1714927218854,4083.1718499893323,2900.164638519287,2900.1796951293945,2900.1807804107666,2900.172227859497,2900.17235763371,2900.1669736653566,2900.17117863521,2900.1705966675654
2288.5,11666.200202941895,11666.20959854126,11666.205005645752,11666.19987487793,11666.204082638025,11666.199126631021,11666.202099241316,11666.199258180335,8286.207782745361,8286.202377319336,8286.203514099121,8286.200855255127,8286.20404164493,8286.203376233578,8286.203227706254,8286.199623281136,7874.691844940186,7874.69087600708,7874.686508178711,7874.678661346436,7874.689547330141,7874.680047392845,7874.687279604375,7874.683604011312,5593.18839263916,5593.189224243164,5593.188714981079,5593.185308456421,5593.188466385007,5593.189228981733,5593.188361287117,5593.183687413111,4083.1766929626465,4083.1779289245605,4083.1787605285645,4083.1707725524902,4083.1729728877544,4083.1694526970387,4083.1714998558164,4083.171857425943,2900.1646118164062,2900.1797409057617,2900.1808280944824,2900.1722373962402,2900.172367155552,2900.1669616624713,2900.1711840704083,2900.1705991569906
2289.5,11666.200199127197,11666.20964050293,11666.205024719238,11666.19987487793,11666.204097956419,11666.199122473598,11666.202108535916,11666.19925528299,8286.207817077637,8286.202388763428,8286.203531265259,8286.200860977173,8286.204057455063,8286.20338948071,8286.203241113573,8286.199622194283,7874.691875457764,7874.690898895264,7874.6865158081055,7874.678634643555,7874.689563661814,7874.680026948452,7874.687288109213,7874.683597753756,5593.188404083252,5593.18924331665,5593.188730239868,5593.185312271118,5593.188479095697,5593.189245551825,5593.188374880701,5593.183681967668,4083.1767234802246,4083.177967071533,4083.178798675537,4083.1707763671875,4083.1729842424393,4083.1694504767656,4083.1715069897473,4083.171864862554,2900.1645851135254,2900.179786682129,2900.1808757781982,2900.1722469329834,2900.172376677394,2900.166949659586,2900.171189505607,2900.170601646416
2290.5,11666.2001953125,11666.2096824646,11666.205043792725,11666.19987487793,11666.204113274813,11666.199118316174,11666.202117830515,11666.199252385646,8286.207851409912,8286.20240020752,8286.203548431396,8286.200866699219,8286.204073265195,8286.203402727842,8286.203254520893,8286.19962110743,7874.691905975342,7874.690921783447,7874.6865234375,7874.678607940674,7874.689579993486,7874.680006504059,7874.687296614051,7874.683591496199,5593.188415527344,5593.189262390137,5593.188745498657,5593.185316085815,5593.188491806388,5593.189262121916,5593.188388474286,5593.183676522225,4083.1767539978027,4083.178005218506,4083.1788368225098,4083.1707801818848,4083.172995597124,4083.1694482564926,4083.171514123678,4083.1718722991645,2900.1645584106445,2900.179832458496,2900.180923461914,2900.1722564697266,2900.172386199236,2900.1669376567006,2900.1711949408054,2900.170604135841
2291.5,11666.200191497803,11666.20972442627,11666.205062866211,11666.19987487793,11666.204128593206,11666.19911415875,11666.202127125114,11666.199249488302,8286.207885742188,8286.202411651611,8286.203565597534,8286.200872421265,8286.204089075327,8286.203415974975,8286.203267928213,8286.199620020576,7874.69193649292,7874.690944671631,7874.6865310668945,7874.678581237793,7874.689596325159,7874.679986059666,7874.687305118889,7874.683585238643,5593.188426971436,5593.189281463623,5593.188760757446,5593.185319900513,5593.188504517078,5593.189278692007,5593.18840206787,5593.183671076782,4083.176784515381,4083.1780433654785,4083.1788749694824,4083.170783996582,4083.173006951809,4083.1694460362196,4083.171521257609,4083.1718797357753,2900.1645317077637,2900.1798782348633,2900.18097114563,2900.1722660064697,2900.172395721078,2900.1669256538153,2900.171200376004,2900.1706066252664
2292.5,11666.200187683105,11666.20976638794,11666.205081939697,11666.19987487793,11666.2041439116,11666.199110001326,11666.202136419713,11666.199246590957,8286.207920074463,8286.202423095703,8286.203582763672,8286.20087814331,8286.204104885459,8286.203429222107,8286.203281335533,8286.199618933722,7874.691967010498,7874.690967559814,7874.686538696289,7874.678554534912,7874.689612656832,7874.6799656152725,7874.687313623726,7874.683578981087,5593.188438415527,5593.189300537109,5593.188776016235,5593.18532371521,5593.188517227769,5593.189295262098,5593.188415661454,5593.183665631339,4083.176815032959,4083.178081512451,4083.178913116455,4083.1707878112793,4083.1730183064938,4083.1694438159466,4083.17152839154,4083.171887172386,2900.164505004883,2900.1799240112305,2900.1810188293457,2900.172275543213,2900.17240524292,2900.16691365093,2900.1712058112025,2900.1706091146916
2293.5,11666.200183868408,11666.20980834961,11666.205101013184,11666.19987487793,11666.204159229994,11666.199105843902,11666.202145714313,11666.199243693613,8286.207954406738,8286.202434539795,8286.20359992981,8286.200883865356,8286.204120695591,8286.20344246924,8286.203294742852,8286.199617846869,7874.691997528076,7874.690990447998,7874.686546325684,7874.678527832031,7874.689628988504,7874.679945170879,7874.687322128564,7874.68357272353,5593.188449859619,5593.189319610596,5593.188791275024,5593.185327529907,5593.188529938459,5593.18931183219,5593.1884292550385,5593.183660185896,4083.176845550537,4083.178119659424,4083.1789512634277,4083.1707916259766,4083.1730296611786,4083.1694415956736,4083.171535525471,4083.171894608997,2900.164478302002,2900.1799697875977,2900.1810665130615,2900.172285079956,2900.172414764762,2900.1669016480446,2900.171211246401,2900.170611604117
2294.5,11666.200180053711,11666.20985031128,11666.20512008667,11666.19987487793,11666.204174548388,11666.199101686478,11666.202155008912,11666.199240796268,8286.207988739014,8286.202445983887,8286.203617095947,8286.200889587402,8286.204136505723,8286.203455716372,8286.203308150172,8286.199616760015,7874.692028045654,7874.691013336182,7874.686553955078,7874.67850112915,7874.689645320177,7874.679924726486,7874.687330633402,7874.683566465974,5593.188461303711,5593.189338684082,5593.1888065338135,5593.1853313446045,5593.18854264915,5593.189328402281,5593.188442848623,5593.183654740453,4083.1768760681152,4083.1781578063965,4083.1789894104004,4083.170795440674,4083.1730410158634,4083.1694393754005,4083.171542659402,4083.1719020456076,2900.164451599121,2900.180015563965,2900.1811141967773,2900.172294616699,2900.172424286604,2900.1668896451592,2900.1712166815996,2900.170614093542
2295.5,11666.200176239014,11666.20989227295,11666.205139160156,11666.19987487793,11666.204189866781,11666.199097529054,11666.202164303511,11666.199237898923,8286.208023071289,8286.202457427979,8286.203634262085,8286.200895309448,8286.204152315855,8286.203468963504,8286.203321557492,8286.199615673162,7874.692058563232,7874.691036224365,7874.686561584473,7874.6784744262695,7874.68966165185,7874.679904282093,7874.68733913824,7874.6835602084175,5593.188472747803,5593.189357757568,5593.1888217926025,5593.185335159302,5593.18855535984,5593.189344972372,5593.188456442207,5593.18364929501,4083.1769065856934,4083.178195953369,4083.179027557373,4083.170799255371,4083.1730523705482,4083.1694371551275,4083.171549793333,4083.1719094822183,2900.1644248962402,2900.180061340332,2900.181161880493,2900.1723041534424,2900.172433808446,2900.166877642274,2900.171222116798,2900.1706165829673
2296.5,11666.200172424316,11666.20993423462,11666.205158233643,11666.19987487793,11666.204205185175,11666.19909337163,11666.20217359811,11666.199235001579,8286.208057403564,8286.20246887207,8286.203651428223,8286.200901031494,8286.204168125987,8286.203482210636,8286.203334964812,8286.199614586309,7874.692089080811,7874.691059112549,7874.686569213867,7874.678447723389,7874.689677983522,7874.6798838377,7874.687347643077,7874.683553950861,5593.1884841918945,5593.189376831055,5593.188837051392,5593.185338973999,5593.188568070531,5593.189361542463,5593.188470035791,5593.183643849567,4083.1769371032715,4083.178234100342,4083.1790657043457,4083.1708030700684,4083.173063725233,4083.1694349348545,4083.1715569272637,4083.171916918829,2900.1643981933594,2900.180107116699,2900.181209564209,2900.1723136901855,2900.172443330288,2900.1668656393886,2900.1712275519967,2900.1706190723926
2297.5,11666.20016860962,11666.209976196289,11666.205177307129,11666.19987487793,11666.204220503569,11666.199089214206,11666.20218289271,11666.199232104234,8286.20809173584,8286.202480316162,8286.20366859436,8286.20090675354,8286.204183936119,8286.203495457768,8286.203348372132,8286.199613499455,7874.692119598389,7874.691082000732,7874.686576843262,7874.678421020508,7874.689694315195,7874.679863393307,7874.687356147915,7874.683547693305,5593.188495635986,5593.189395904541,5593.188852310181,5593.185342788696,5593.188580781221,5593.189378112555,5593.188483629376,5593.1836384041235,4083.1769676208496,4083.1782722473145,4083.1791038513184,4083.1708068847656,4083.173075079918,4083.1694327145815,4083.1715640611947,4083.17192435544,2900.1643714904785,2900.1801528930664,2900.181257247925,2900.1723232269287,2900.17245285213,2900.166853636503,2900.1712329871953,2900.170621561818
2298.5,11666.200164794922,11666.210018157959,11666.205196380615,11666.19987487793,11666.204235821962,11666.199085056782,11666.20219218731,11666.19922920689,8286.208126068115,8286.202491760254,8286.203685760498,8286.200912475586,8286.204199746251,8286.2035087049,8286.203361779451,8286.199612412602,7874.692150115967,7874.691104888916,7874.686584472656,7874.678394317627,7874.689710646868,7874.679842948914,7874.687364652753,7874.683541435748,5593.188507080078,5593.189414978027,5593.18886756897,5593.185346603394,5593.188593491912,5593.189394682646,5593.18849722296,5593.18363295868,4083.1769981384277,4083.178310394287,4083.179141998291,4083.170810699463,4083.1730864346027,4083.1694304943085,4083.1715711951256,4083.1719317920506,2900.1643447875977,2900.1801986694336,2900.1813049316406,2900.172332763672,2900.172462373972,2900.166841633618,2900.171238422394,2900.170624051243
2299.5,11666.200160980225,11666.210060119629,11666.205215454102,11666.19987487793,11666.204251140356,11666.199080899358,11666.202201481909,11666.199226309545,8286.20816040039,8286.202503204346,8286.203702926636,8286.200918197632,8286.204215556383,8286.203521952033,8286.203375186771,8286.199611325748,7874.692180633545,7874.6911277771,7874.686592102051,7874.678367614746,7874.68972697854,7874.67982250452,7874.687373157591,7874.683535178192,5593.18851852417,5593.189434051514,5593.188882827759,5593.185350418091,5593.188606202602,5593.189411252737,5593.188510816544,5593.183627513237,4083.177028656006,4083.1783485412598,4083.1791801452637,4083.17081451416,4083.1730977892876,4083.1694282740355,4083.1715783290565,4083.1719392286614,2900.164318084717,2900.180244445801,2900.1813526153564,2900.172342300415,2900.172471895814,2900.1668296307325,2900.1712438575923,2900.1706265406683
2300.5,11666.200157165527,11666.210102081299,11666.205234527588,11666.19987487793,11666.20426645875,11666.199076741934,11666.202210776508,11666.1992234122,8286.208194732666,8286.202514648438,8286.203720092773,8286.200923919678,8286.204231366515,8286.203535199165,8286.203388594091,8286.199610238895,7874.692211151123,7874.691150665283,7874.686599731445,7874.678340911865,7874.689743310213,7874.679802060127,7874.687381662428,7874.683528920636,5593.188529968262,5593.189453125,5593.188898086548,5593.185354232788,5593.188618913293,5593.189427822828,5593.188524410129,5593.183622067794,4083.177059173584,4083.1783866882324,4083.1792182922363,4083.1708183288574,4083.1731091439724,4083.1694260537624,4083.1715854629874,4083.171946665272,2900.164291381836,2900.180290222168,2900.1814002990723,2900.172351837158,2900.172481417656,2900.166817627847,2900.171249292791,2900.1706290300936
