time,ssp119 - sce1,ssp126 - sce1,ssp534 - sce1,ssp434 - sce1,ssp245 - sce1,ssp460 - sce1,ssp370 - sce1,ssp585 - sce1,ssp119 - sce2,ssp126 - sce2,ssp534 - sce2,ssp434 - sce2,ssp245 - sce2,ssp460 - sce2,ssp370 - sce2,ssp585 - sce2,ssp119 - sce3,ssp126 - sce3,ssp534 - sce3,ssp434 - sce3,ssp245 - sce3,ssp460 - sce3,ssp370 - sce3,ssp585 - sce3,ssp119 - sce4,ssp126 - sce4,ssp534 - sce4,ssp434 - sce4,ssp245 - sce4,ssp460 - sce4,ssp370 - sce4,ssp585 - sce4,ssp119 - sce5,ssp126 - sce5,ssp534 - sce5,ssp434 - sce5,ssp245 - sce5,ssp460 - sce5,ssp370 - sce5,ssp585 - sce5,ssp119 - sce6,ssp126 - sce6,ssp534 - sce6,ssp434 - sce6,ssp245 - sce6,ssp460 - sce6,ssp370 - sce6,ssp585 - sce6
2015.5,-0.14507102966308594,-0.22034454345703125,0.015872955322265625,0.023906707763671875,0.03262615203857422,-0.000316619873046875,-0.0005445480346679688,0.0014171600341796875,-0.11411666870117188,-0.43689727783203125,-0.17737579345703125,-0.008943557739257812,-0.0034084320068359375,-0.0066547393798828125,-0.0034084320068359375,0.0002422332763671875,-0.05756378173828125,-0.13187408447265625,-0.2816486358642578,-0.025127410888671875,0.0316009521484375,-0.01305389404296875,0.0020608901977539062,-1.33514404296875e-05,-0.03451347351074219,-0.3347034454345703,0.3668060302734375,-0.00028228759765625,0.0027379989624023438,-0.015760421752929688,-0.017594337463378906,0.0019588470458984375,-0.09023666381835938,-0.17776107788085938,-0.3007526397705078,-0.005359649658203125,-0.015341758728027344,-0.01486968994140625,-0.020633697509765625,-0.0003299713134765625,-0.04334449768066406,-0.12144279479980469,-0.5680389404296875,-0.0024356842041015625,-0.033893585205078125,-0.021416664123535156,-0.006180763244628906,0.003954887390136719
2016.5,-0.14507102966308594,-0.22034454345703125,0.015872955322265625,0.023906707763671875,0.03262615203857422,-0.000316619873046875,-0.0005445480346679688,0.0014171600341796875,-0.11411666870117188,-0.43689727783203125,-0.17737579345703125,-0.008943557739257812,-0.0034084320068359375,-0.0066547393798828125,-0.0034084320068359375,0.0002422332763671875,-0.05756378173828125,-0.13187408447265625,-0.2816486358642578,-0.025127410888671875,0.0316009521484375,-0.01305389404296875,0.0020608901977539062,-1.33514404296875e-05,-0.03451347351074219,-0.3347034454345703,0.3668060302734375,-0.00028228759765625,0.0027379989624023438,-0.015760421752929688,-0.017594337463378906,0.0019588470458984375,-0.09023666381835938,-0.17776107788085938,-0.3007526397705078,-0.005359649658203125,-0.015341758728027344,-0.01486968994140625,-0.020633697509765625,-0.0003299713134765625,-0.04334449768066406,-0.12144279479980469,-0.5680389404296875,-0.0024356842041015625,-0.033893585205078125,-0.021416664123535156,-0.006180763244628906,0.003954887390136719
2017.5,-0.14507102966308594,-0.22034454345703125,0.015872955322265625,0.023906707763671875,0.03262615203857422,-0.000316619873046875,-0.0005445480346679688,0.0014171600341796875,-0.11411666870117188,-0.43689727783203125,-0.17737579345703125,-0.008943557739257812,-0.0034084320068359375,-0.0066547393798828125,-0.0034084320068359375,0.0002422332763671875,-0.05756378173828125,-0.13187408447265625,-0.2816486358642578,-0.025127410888671875,0.0316009521484375,-0.01305389404296875,0.0020608901977539062,-1.33514404296875e-05,-0.03451347351074219,-0.3347034454345703,0.3668060302734375,-0.00028228759765625,0.0027379989624023438,-0.015760421752929688,-0.017594337463378906,0.0019588470458984375,-0.09023666381835938,-0.17776107788085938,-0.3007526397705078,-0.005359649658203125,-0.015341758728027344,-0.01486968994140625,-0.020633697509765625,-0.0003299713134765625,-0.04334449768066406,-0.12144279479980469,-0.5680389404296875,-0.0024356842041015625,-0.033893585205078125,-0.021416664123535156,-0.006180763244628906,0.003954887390136719
2018.5,-0.14507102966308594,-0.22034454345703125,0.015872955322265625,0.023906707763671875,0.03262615203857422,-0.000316619873046875,-0.0005445480346679688,0.0014171600341796875,-0.11411666870117188,-0.43689727783203125,-0.17737579345703125,-0.008943557739257812,-0.0034084320068359375,-0.0066547393798828125,-0.0034084320068359375,0.0002422332763671875,-0.05756378173828125,-0.13187408447265625,-0.2816486358642578,-0.025127410888671875,0.0316009521484375,-0.01305389404296875,0.0020608901977539062,-1.33514404296875e-05,-0.03451347351074219,-0.3347034454345703,0.3668060302734375,-0.00028228759765625,0.0027379989624023438,-0.015760421752929688,-0.017594337463378906,0.0019588470458984375,-0.09023666381835938,-0.17776107788085938,-0.3007526397705078,-0.005359649658203125,-0.015341758728027344,-0.01486968994140625,-0.020633697509765625,-0.0003299713134765625,-0.04334449768066406,-0.12144279479980469,-0.5680389404296875,-0.0024356842041015625,-0.033893585205078125,-0.021416664123535156,-0.006180763244628906,0.003954887390136719
2019.5,-0.14507102966308594,-0.22034454345703125,0.015872955322265625,0.023906707763671875,0.03262615203857422,-0.000316619873046875,-0.0005445480346679688,0.0014171600341796875,-0.11411666870117188,-0.43689727783203125,-0.17737579345703125,-0.008943557739257812,-0.0034084320068359375,-0.0066547393798828125,-0.0034084320068359375,0.0002422332763671875,-0.05756378173828125,-0.13187408447265625,-0.2816486358642578,-0.025127410888671875,0.0316009521484375,-0.01305389404296875,0.0020608901977539062,-1.33514404296875e-05,-0.03451347351074219,-0.3347034454345703,0.3668060302734375,-0.00028228759765625,0.0027379989624023438,-0.015760421752929688,-0.017594337463378906,0.0019588470458984375,-0.09023666381835938,-0.17776107788085938,-0.3007526397705078,-0.005359649658203125,-0.015341758728027344,-0.01486968994140625,-0.020633697509765625,-0.0003299713134765625,-0.04334449768066406,-0.12144279479980469,-0.5680389404296875,-0.0024356842041015625,-0.033893585205078125,-0.021416664123535156,-0.006180763244628906,0.003954887390136719
2020.5,-0.14507102966308594,-0.22034454345703125,0.015872955322265625,0.023906707763671875,0.03262615203857422,-0.000316619873046875,-0.0005445480346679688,0.0014171600341796875,-0.11411666870117188,-0.43689727783203125,-0.17737579345703125,-0.008943557739257812,-0.0034084320068359375,-0.0066547393798828125,-0.0034084320068359375,0.0002422332763671875,-0.05756378173828125,-0.13187408447265625,-0.2816486358642578,-0.025127410888671875,0.0316009521484375,-0.01305389404296875,0.0020608901977539062,-1.33514404296875e-05,-0.03451347351074219,-0.3347034454345703,0.3668060302734375,-0.00028228759765625,0.0027379989624023438,-0.015760421752929688,-0.017594337463378906,0.0019588470458984375,-0.09023666381835938,-0.17776107788085938,-0.3007526397705078,-0.005359649658203125,-0.015341758728027344,-0.01486968994140625,-0.020633697509765625,-0.0003299713134765625,-0.04334449768066406,-0.12144279479980469,-0.5680389404296875,-0.0024356842041015625,-0.033893585205078125,-0.021416664123535156,-0.006180763244628906,0.003954887390136719
2021.5,-0.14507102966308594,-0.22034454345703125,0.015872955322265625,0.023906707763671875,0.03262615203857422,-0.000316619873046875,-0.0005445480346679688,0.0014171600341796875,-0.11411666870117188,-0.43689727783203125,-0.17737579345703125,-0.008943557739257812,-0.0034084320068359375,-0.0066547393798828125,-0.0034084320068359375,0.0002422332763671875,-0.05756378173828125,-0.13187408447265625,-0.2816486358642578,-0.025127410888671875,0.0316009521484375,-0.01305389404296875,0.0020608901977539062,-1.33514404296875e-05,-0.03451347351074219,-0.3347034454345703,0.3668060302734375,-0.00028228759765625,0.0027379989624023438,-0.015760421752929688,-0.017594337463378906,0.0019588470458984375,-0.09023666381835938,-0.17776107788085938,-0.3007526397705078,-0.005359649658203125,-0.015341758728027344,-0.01486968994140625,-0.020633697509765625,-0.0003299713134765625,-0.04334449768066406,-0.12144279479980469,-0.5680389404296875,-0.0024356842041015625,-0.033893585205078125,-0.021416664123535156,-0.006180763244628906,0.003954887390136719
2022.5,-0.14507102966308594,-0.22034454345703125,0.015872955322265625,0.023906707763671875,0.03262615203857422,-0.000316619873046875,-0.0005445480346679688,0.0014171600341796875,-0.11411666870117188,-0.43689727783203125,-0.17737579345703125,-0.008943557739257812,-0.0034084320068359375,-0.0066547393798828125,-0.0034084320068359375,0.0002422332763671875,-0.05756378173828125,-0.13187408447265625,-0.2816486358642578,-0.025127410888671875,0.0316009521484375,-0.01305389404296875,0.0020608901977539062,-1.33514404296875e-05,-0.03451347351074219,-0.3347034454345703,0.3668060302734375,-0.00028228759765625,0.0027379989624023438,-0.015760421752929688,-0.017594337463378906,0.0019588470458984375,-0.09023666381835938,-0.17776107788085938,-0.3007526397705078,-0.005359649658203125,-0.015341758728027344,-0.01486968994140625,-0.020633697509765625,-0.0003299713134765625,-0.04334449768066406,-0.12144279479980469,-0.5680389404296875,-0.0024356842041015625,-0.033893585205078125,-0.021416664123535156,-0.006180763244628906,0.003954887390136719
2023.5,-0.14507102966308594,-0.22034454345703125,0.015872955322265625,0.023906707763671875,0.03262615203857422,-0.000316619873046875,-0.0005445480346679688,0.0014171600341796875,-0.11411666870117188,-0.43689727783203125,-0.17737579345703125,-0.008943557739257812,-0.0034084320068359375,-0.0066547393798828125,-0.0034084320068359375,0.0002422332763671875,-0.05756378173828125,-0.13187408447265625,-0.2816486358642578,-0.025127410888671875,0.0316009521484375,-0.01305389404296875,0.0020608901977539062,-1.33514404296875e-05,-0.03451347351074219,-0.3347034454345703,0.3668060302734375,-0.00028228759765625,0.0027379989624023438,-0.015760421752929688,-0.017594337463378906,0.0019588470458984375,-0.09023666381835938,-0.17776107788085938,-0.3007526397705078,-0.005359649658203125,-0.015341758728027344,-0.01486968994140625,-0.020633697509765625,-0.0003299713134765625,-0.04334449768066406,-0.12144279479980469,-0.5680389404296875,-0.0024356842041015625,-0.033893585205078125,-0.021416664123535156,-0.006180763244628906,0.003954887390136719
2024.5,-0.14507102966308594,-0.22034454345703125,0.015872955322265625,0.023906707763671875,0.03262615203857422,-0.000316619873046875,-0.0005445480346679688,0.0014171600341796875,-0.11411666870117188,-0.43689727783203125,-0.17737579345703125,-0.008943557739257812,-0.0034084320068359375,-0.0066547393798828125,-0.0034084320068359375,0.0002422332763671875,-0.05756378173828125,-0.13187408447265625,-0.2816486358642578,-0.025127410888671875,0.0316009521484375,-0.01305389404296875,0.0020608901977539062,-1.33514404296875e-05,-0.03451347351074219,-0.3347034454345703,0.3668060302734375,-0.00028228759765625,0.0027379989624023438,-0.015760421752929688,-0.017594337463378906,0.0019588470458984375,-0.09023666381835938,-0.17776107788085938,-0.3007526397705078,-0.005359649658203125,-0.015341758728027344,-0.01486968994140625,-0.020633697509765625,-0.0003299713134765625,-0.04334449768066406,-0.12144279479980469,-0.5680389404296875,-0.0024356842041015625,-0.033893585205078125,-0.021416664123535156,-0.006180763244628906,0.003954887390136719
2025.5,-0.14507102966308594,-0.22034454345703125,0.015872955322265625,0.023906707763671875,0.03262615203857422,-0.000316619873046875,-0.0005445480346679688,0.0014171600341796875,-0.11411666870117188,-0.43689727783203125,-0.17737579345703125,-0.008943557739257812,-0.0034084320068359375,-0.0066547393798828125,-0.0034084320068359375,0.0002422332763671875,-0.05756378173828125,-0.13187408447265625,-0.2816486358642578,-0.025127410888671875,0.0316009521484375,-0.01305389404296875,0.0020608901977539062,-1.33514404296875e-05,-0.03451347351074219,-0.3347034454345703,0.3668060302734375,-0.00028228759765625,0.0027379989624023438,-0.015760421752929688,-0.017594337463378906,0.0019588470458984375,-0.09023666381835938,-0.17776107788085938,-0.3007526397705078,-0.005359649658203125,-0.015341758728027344,-0.01486968994140625,-0.020633697509765625,-0.0003299713134765625,-0.04334449768066406,-0.12144279479980469,-0.5680389404296875,-0.0024356842041015625,-0.033893585205078125,-0.021416664123535156,-0.006180763244628906,0.003954887390136719
2026.5,-0.14507102966308594,-0.22034454345703125,0.015872955322265625,0.023906707763671875,0.03262615203857422,-0.000316619873046875,-0.0005445480346679688,0.0014171600341796875,-0.11411666870117188,-0.43689727783203125,-0.17737579345703125,-0.008943557739257812,-0.0034084320068359375,-0.0066547393798828125,-0.0034084320068359375,0.0002422332763671875,-0.05756378173828125,-0.13187408447265625,-0.2816486358642578,-0.025127410888671875,0.0316009521484375,-0.01305389404296875,0.0020608901977539062,-1.33514404296875e-05,-0.03451347351074219,-0.3347034454345703,0.3668060302734375,-0.00028228759765625,0.0027379989624023438,-0.015760421752929688,-0.017594337463378906,0.0019588470458984375,-0.09023666381835938,-0.17776107788085938,-0.3007526397705078,-0.005359649658203125,-0.015341758728027344,-0.01486968994140625,-0.020633697509765625,-0.0003299713134765625,-0.04334449768066406,-0.12144279479980469,-0.5680389404296875,-0.0024356842041015625,-0.033893585205078125,-0.021416664123535156,-0.006180763244628906,0.003954887390136719
2027.5,-0.14507102966308594,-0.22034454345703125,0.015872955322265625,0.023906707763671875,0.03262615203857422,-0.000316619873046875,-0.0005445480346679688,0.0014171600341796875,-0.11411666870117188,-0.43689727783203125,-0.17737579345703125,-0.008943557739257812,-0.0034084320068359375,-0.0066547393798828125,-0.0034084320068359375,0.0002422332763671875,-0.05756378173828125,-0.13187408447265625,-0.2816486358642578,-0.025127410888671875,0.0316009521484375,-0.01305389404296875,0.0020608901977539062,-1.33514404296875e-05,-0.03451347351074219,-0.3347034454345703,0.3668060302734375,-0.00028228759765625,0.0027379989624023438,-0.015760421752929688,-0.017594337463378906,0.0019588470458984375,-0.09023666381835938,-0.17776107788085938,-0.3007526397705078,-0.005359649658203125,-0.015341758728027344,-0.01486968994140625,-0.020633697509765625,-0.0003299713134765625,-0.04334449768066406,-0.12144279479980469,-0.5680389404296875,-0.0024356842041015625,-0.033893585205078125,-0.021416664123535156,-0.006180763244628906,0.003954887390136719
2028.5,-0.14507102966308594,-0.22034454345703125,0.015872955322265625,0.023906707763671875,0.03262615203857422,-0.000316619873046875,-0.0005445480346679688,0.0014171600341796875,-0.11411666870117188,-0.43689727783203125,-0.17737579345703125,-0.008943557739257812,-0.0034084320068359375,-0.0066547393798828125,-0.0034084320068359375,0.0002422332763671875,-0.05756378173828125,-0.13187408447265625,-0.2816486358642578,-0.025127410888671875,0.0316009521484375,-0.01305389404296875,0.0020608901977539062,-1.33514404296875e-05,-0.03451347351074219,-0.3347034454345703,0.3668060302734375,-0.00028228759765625,0.0027379989624023438,-0.015760421752929688,-0.017594337463378906,0.0019588470458984375,-0.09023666381835938,-0.17776107788085938,-0.3007526397705078,-0.005359649658203125,-0.015341758728027344,-0.01486968994140625,-0.020633697509765625,-0.0003299713134765625,-0.04334449768066406,-0.12144279479980469,-0.5680389404296875,-0.0024356842041015625,-0.033893585205078125,-0.021416664123535156,-0.006180763244628906,0.003954887390136719
2029.5,-0.14507102966308594,-0.22034454345703125,0.015872955322265625,0.023906707763671875,0.03262615203857422,-0.000316619873046875,-0.0005445480346679688,0.0014171600341796875,-0.11411666870117188,-0.43689727783203125,-0.17737579345703125,-0.008943557739257812,-0.0034084320068359375,-0.0066547393798828125,-0.0034084320068359375,0.0002422332763671875,-0.05756378173828125,-0.13187408447265625,-0.2816486358642578,-0.025127410888671875,0.0316009521484375,-0.01305389404296875,0.0020608901977539062,-1.33514404296875e-05,-0.03451347351074219,-0.3347034454345703,0.3668060302734375,-0.00028228759765625,0.0027379989624023438,-0.015760421752929688,-0.017594337463378906,0.0019588470458984375,-0.09023666381835938,-0.17776107788085938,-0.3007526397705078,-0.005359649658203125,-0.015341758728027344,-0.01486968994140625,-0.020633697509765625,-0.0003299713134765625,-0.04334449768066406,-0.12144279479980469,-0.5680389404296875,-0.0024356842041015625,-0.033893585205078125,-0.021416664123535156,-0.006180763244628906,0.003954887390136719
2030.5,-0.14507102966308594,-0.22034454345703125,0.015872955322265625,0.023906707763671875,0.03262615203857422,-0.000316619873046875,-0.0005445480346679688,0.0014171600341796875,-0.11411666870117188,-0.43689727783203125,-0.17737579345703125,-0.008943557739257812,-0.0034084320068359375,-0.0066547393798828125,-0.0034084320068359375,0.0002422332763671875,-0.05756378173828125,-0.13187408447265625,-0.2816486358642578,-0.025127410888671875,0.0316009521484375,-0.01305389404296875,0.0020608901977539062,-1.33514404296875e-05,-0.03451347351074219,-0.3347034454345703,0.3668060302734375,-0.00028228759765625,0.0027379989624023438,-0.015760421752929688,-0.017594337463378906,0.0019588470458984375,-0.09023666381835938,-0.17776107788085938,-0.3007526397705078,-0.005359649658203125,-0.015341758728027344,-0.01486968994140625,-0.020633697509765625,-0.0003299713134765625,-0.04334449768066406,-0.12144279479980469,-0.5680389404296875,-0.0024356842041015625,-0.033893585205078125,-0.021416664123535156,-0.006180763244628906,0.003954887390136719
2031.5,-0.14507102966308594,-0.22034454345703125,0.015872955322265625,0.023906707763671875,0.03262615203857422,-0.000316619873046875,-0.0005445480346679688,0.0014171600341796875,-0.11411666870117188,-0.43689727783203125,-0.17737579345703125,-0.008943557739257812,-0.0034084320068359375,-0.0066547393798828125,-0.0034084320068359375,0.0002422332763671875,-0.05756378173828125,-0.13187408447265625,-0.2816486358642578,-0.025127410888671875,0.0316009521484375,-0.01305389404296875,0.0020608901977539062,-1.33514404296875e-05,-0.03451347351074219,-0.3347034454345703,0.3668060302734375,-0.00028228759765625,0.0027379989624023438,-0.015760421752929688,-0.017594337463378906,0.0019588470458984375,-0.09023666381835938,-0.17776107788085938,-0.3007526397705078,-0.005359649658203125,-0.015341758728027344,-0.01486968994140625,-0.020633697509765625,-0.0003299713134765625,-0.04334449768066406,-0.12144279479980469,-0.5680389404296875,-0.0024356842041015625,-0.033893585205078125,-0.021416664123535156,-0.006180763244628906,0.003954887390136719
2032.5,-0.14507102966308594,-0.22034454345703125,0.015872955322265625,0.023906707763671875,0.03262615203857422,-0.000316619873046875,-0.0005445480346679688,0.0014171600341796875,-0.11411666870117188,-0.43689727783203125,-0.17737579345703125,-0.008943557739257812,-0.0034084320068359375,-0.0066547393798828125,-0.0034084320068359375,0.0002422332763671875,-0.05756378173828125,-0.13187408447265625,-0.2816486358642578,-0.025127410888671875,0.0316009521484375,-0.01305389404296875,0.0020608901977539062,-1.33514404296875e-05,-0.03451347351074219,-0.3347034454345703,0.3668060302734375,-0.00028228759765625,0.0027379989624023438,-0.015760421752929688,-0.017594337463378906,0.0019588470458984375,-0.09023666381835938,-0.17776107788085938,-0.3007526397705078,-0.005359649658203125,-0.015341758728027344,-0.01486968994140625,-0.020633697509765625,-0.0003299713134765625,-0.04334449768066406,-0.12144279479980469,-0.5680389404296875,-0.0024356842041015625,-0.033893585205078125,-0.021416664123535156,-0.006180763244628906,0.003954887390136719
2033.5,-0.14507102966308594,-0.22034454345703125,0.015872955322265625,0.023906707763671875,0.03262615203857422,-0.000316619873046875,-0.0005445480346679688,0.0014171600341796875,-0.11411666870117188,-0.43689727783203125,-0.17737579345703125,-0.008943557739257812,-0.0034084320068359375,-0.0066547393798828125,-0.0034084320068359375,0.0002422332763671875,-0.05756378173828125,-0.13187408447265625,-0.2816486358642578,-0.025127410888671875,0.0316009521484375,-0.01305389404296875,0.0020608901977539062,-1.33514404296875e-05,-0.03451347351074219,-0.3347034454345703,0.3668060302734375,-0.00028228759765625,0.0027379989624023438,-0.015760421752929688,-0.017594337463378906,0.0019588470458984375,-0.09023666381835938,-0.17776107788085938,-0.3007526397705078,-0.005359649658203125,-0.015341758728027344,-0.01486968994140625,-0.020633697509765625,-0.0003299713134765625,-0.04334449768066406,-0.12144279479980469,-0.5680389404296875,-0.0024356842041015625,-0.033893585205078125,-0.021416664123535156,-0.006180763244628906,0.003954887390136719
2034.5,-0.14507102966308594,-0.22034454345703125,0.015872955322265625,0.023906707763671875,0.03262615203857422,-0.000316619873046875,-0.0005445480346679688,0.0014171600341796875,-0.11411666870117188,-0.43689727783203125,-0.17737579345703125,-0.008943557739257812,-0.0034084320068359375,-0.0066547393798828125,-0.0034084320068359375,0.0002422332763671875,-0.05756378173828125,-0.13187408447265625,-0.2816486358642578,-0.025127410888671875,0.0316009521484375,-0.01305389404296875,0.0020608901977539062,-1.33514404296875e-05,-0.03451347351074219,-0.3347034454345703,0.3668060302734375,-0.00028228759765625,0.0027379989624023438,-0.015760421752929688,-0.017594337463378906,0.0019588470458984375,-0.09023666381835938,-0.17776107788085938,-0.3007526397705078,-0.005359649658203125,-0.015341758728027344,-0.01486968994140625,-0.020633697509765625,-0.0003299713134765625,-0.04334449768066406,-0.12144279479980469,-0.5680389404296875,-0.0024356842041015625,-0.033893585205078125,-0.021416664123535156,-0.006180763244628906,0.003954887390136719
2035.5,-0.14507102966308594,-0.22034454345703125,0.015872955322265625,0.023906707763671875,0.03262615203857422,-0.000316619873046875,-0.0005445480346679688,0.0014171600341796875,-0.11411666870117188,-0.43689727783203125,-0.17737579345703125,-0.008943557739257812,-0.0034084320068359375,-0.0066547393798828125,-0.0034084320068359375,0.0002422332763671875,-0.05756378173828125,-0.13187408447265625,-0.2816486358642578,-0.025127410888671875,0.0316009521484375,-0.01305389404296875,0.0020608901977539062,-1.33514404296875e-05,-0.03451347351074219,-0.3347034454345703,0.3668060302734375,-0.00028228759765625,0.0027379989624023438,-0.015760421752929688,-0.017594337463378906,0.0019588470458984375,-0.09023666381835938,-0.17776107788085938,-0.3007526397705078,-0.005359649658203125,-0.015341758728027344,-0.01486968994140625,-0.020633697509765625,-0.0003299713134765625,-0.04334449768066406,-0.12144279479980469,-0.5680389404296875,-0.0024356842041015625,-0.033893585205078125,-0.021416664123535156,-0.006180763244628906,0.003954887390136719
2036.5,-0.14507102966308594,-0.22034454345703125,0.015872955322265625,0.023906707763671875,0.03262615203857422,-0.000316619873046875,-0.0005445480346679688,0.0014171600341796875,-0.11411666870117188,-0.43689727783203125,-0.17737579345703125,-0.008943557739257812,-0.0034084320068359375,-0.0066547393798828125,-0.0034084320068359375,0.0002422332763671875,-0.05756378173828125,-0.13187408447265625,-0.2816486358642578,-0.025127410888671875,0.0316009521484375,-0.01305389404296875,0.0020608901977539062,-1.33514404296875e-05,-0.03451347351074219,-0.3347034454345703,0.3668060302734375,-0.00028228759765625,0.0027379989624023438,-0.015760421752929688,-0.017594337463378906,0.0019588470458984375,-0.09023666381835938,-0.17776107788085938,-0.3007526397705078,-0.005359649658203125,-0.015341758728027344,-0.01486968994140625,-0.020633697509765625,-0.0003299713134765625,-0.04334449768066406,-0.12144279479980469,-0.5680389404296875,-0.0024356842041015625,-0.033893585205078125,-0.021416664123535156,-0.006180763244628906,0.003954887390136719
2037.5,-0.14507102966308594,-0.22034454345703125,0.015872955322265625,0.023906707763671875,0.03262615203857422,-0.000316619873046875,-0.0005445480346679688,0.0014171600341796875,-0.11411666870117188,-0.43689727783203125,-0.17737579345703125,-0.008943557739257812,-0.0034084320068359375,-0.0066547393798828125,-0.0034084320068359375,0.0002422332763671875,-0.05756378173828125,-0.13187408447265625,-0.2816486358642578,-0.025127410888671875,0.0316009521484375,-0.01305389404296875,0.0020608901977539062,-1.33514404296875e-05,-0.03451347351074219,-0.3347034454345703,0.3668060302734375,-0.00028228759765625,0.0027379989624023438,-0.015760421752929688,-0.017594337463378906,0.0019588470458984375,-0.09023666381835938,-0.17776107788085938,-0.3007526397705078,-0.005359649658203125,-0.015341758728027344,-0.01486968994140625,-0.020633697509765625,-0.0003299713134765625,-0.04334449768066406,-0.12144279479980469,-0.5680389404296875,-0.0024356842041015625,-0.033893585205078125,-0.021416664123535156,-0.006180763244628906,0.003954887390136719
2038.5,-0.14507102966308594,-0.22034454345703125,0.015872955322265625,0.023906707763671875,0.03262615203857422,-0.000316619873046875,-0.0005445480346679688,0.0014171600341796875,-0.11411666870117188,-0.43689727783203125,-0.17737579345703125,-0.008943557739257812,-0.0034084320068359375,-0.0066547393798828125,-0.0034084320068359375,0.0002422332763671875,-0.05756378173828125,-0.13187408447265625,-0.2816486358642578,-0.025127410888671875,0.0316009521484375,-0.01305389404296875,0.0020608901977539062,-1.33514404296875e-05,-0.03451347351074219,-0.3347034454345703,0.3668060302734375,-0.00028228759765625,0.0027379989624023438,-0.015760421752929688,-0.017594337463378906,0.0019588470458984375,-0.09023666381835938,-0.17776107788085938,-0.3007526397705078,-0.005359649658203125,-0.015341758728027344,-0.01486968994140625,-0.020633697509765625,-0.0003299713134765625,-0.04334449768066406,-0.12144279479980469,-0.5680389404296875,-0.0024356842041015625,-0.033893585205078125,-0.021416664123535156,-0.006180763244628906,0.003954887390136719
2039.5,-0.14507102966308594,-0.22034454345703125,0.015872955322265625,0.023906707763671875,0.03262615203857422,-0.000316619873046875,-0.0005445480346679688,0.0014171600341796875,-0.11411666870117188,-0.43689727783203125,-0.17737579345703125,-0.008943557739257812,-0.0034084320068359375,-0.0066547393798828125,-0.0034084320068359375,0.0002422332763671875,-0.05756378173828125,-0.13187408447265625,-0.2816486358642578,-0.025127410888671875,0.0316009521484375,-0.01305389404296875,0.0020608901977539062,-1.33514404296875e-05,-0.03451347351074219,-0.3347034454345703,0.3668060302734375,-0.00028228759765625,0.0027379989624023438,-0.015760421752929688,-0.017594337463378906,0.0019588470458984375,-0.09023666381835938,-0.17776107788085938,-0.3007526397705078,-0.005359649658203125,-0.015341758728027344,-0.01486968994140625,-0.020633697509765625,-0.0003299713134765625,-0.04334449768066406,-0.12144279479980469,-0.5680389404296875,-0.0024356842041015625,-0.033893585205078125,-0.021416664123535156,-0.006180763244628906,0.003954887390136719
2040.5,-0.14507102966308594,-0.22034454345703125,0.015872955322265625,0.023906707763671875,0.03262615203857422,-0.000316619873046875,-0.0005445480346679688,0.0014171600341796875,-0.11411666870117188,-0.43689727783203125,-0.17737579345703125,-0.008943557739257812,-0.0034084320068359375,-0.0066547393798828125,-0.0034084320068359375,0.0002422332763671875,-0.05756378173828125,-0.13187408447265625,-0.2816486358642578,-0.025127410888671875,0.0316009521484375,-0.01305389404296875,0.0020608901977539062,-1.33514404296875e-05,-0.03451347351074219,-0.3347034454345703,0.3668060302734375,-0.00028228759765625,0.0027379989624023438,-0.015760421752929688,-0.017594337463378906,0.0019588470458984375,-0.09023666381835938,-0.17776107788085938,-0.3007526397705078,-0.005359649658203125,-0.015341758728027344,-0.01486968994140625,-0.020633697509765625,-0.0003299713134765625,-0.04334449768066406,-0.12144279479980469,-0.5680389404296875,-0.0024356842041015625,-0.033893585205078125,-0.021416664123535156,-0.006180763244628906,0.003954887390136719
2041.5,-0.14507102966308594,-0.22034454345703125,0.015872955322265625,0.023906707763671875,0.03262615203857422,-0.000316619873046875,-0.0005445480346679688,0.0014171600341796875,-0.11411666870117188,-0.43689727783203125,-0.17737579345703125,-0.008943557739257812,-0.0034084320068359375,-0.0066547393798828125,-0.0034084320068359375,0.0002422332763671875,-0.05756378173828125,-0.13187408447265625,-0.2816486358642578,-0.025127410888671875,0.0316009521484375,-0.01305389404296875,0.0020608901977539062,-1.33514404296875e-05,-0.03451347351074219,-0.3347034454345703,0.3668060302734375,-0.00028228759765625,0.0027379989624023438,-0.015760421752929688,-0.017594337463378906,0.0019588470458984375,-0.09023666381835938,-0.17776107788085938,-0.3007526397705078,-0.005359649658203125,-0.015341758728027344,-0.01486968994140625,-0.020633697509765625,-0.0003299713134765625,-0.04334449768066406,-0.12144279479980469,-0.5680389404296875,-0.0024356842041015625,-0.033893585205078125,-0.021416664123535156,-0.006180763244628906,0.003954887390136719
2042.5,-0.14507102966308594,-0.22034454345703125,0.015872955322265625,0.023906707763671875,0.03262615203857422,-0.000316619873046875,-0.0005445480346679688,0.0014171600341796875,-0.11411666870117188,-0.43689727783203125,-0.17737579345703125,-0.008943557739257812,-0.0034084320068359375,-0.0066547393798828125,-0.0034084320068359375,0.0002422332763671875,-0.05756378173828125,-0.13187408447265625,-0.2816486358642578,-0.025127410888671875,0.0316009521484375,-0.01305389404296875,0.0020608901977539062,-1.33514404296875e-05,-0.03451347351074219,-0.3347034454345703,0.3668060302734375,-0.00028228759765625,0.0027379989624023438,-0.015760421752929688,-0.017594337463378906,0.0019588470458984375,-0.09023666381835938,-0.17776107788085938,-0.3007526397705078,-0.005359649658203125,-0.015341758728027344,-0.01486968994140625,-0.020633697509765625,-0.0003299713134765625,-0.04334449768066406,-0.12144279479980469,-0.5680389404296875,-0.0024356842041015625,-0.033893585205078125,-0.021416664123535156,-0.006180763244628906,0.003954887390136719
2043.5,-0.14507102966308594,-0.22034454345703125,0.015872955322265625,0.023906707763671875,0.03262615203857422,-0.000316619873046875,-0.0005445480346679688,0.0014171600341796875,-0.11411666870117188,-0.43689727783203125,-0.17737579345703125,-0.008943557739257812,-0.0034084320068359375,-0.0066547393798828125,-0.0034084320068359375,0.0002422332763671875,-0.05756378173828125,-0.13187408447265625,-0.2816486358642578,-0.025127410888671875,0.0316009521484375,-0.01305389404296875,0.0020608901977539062,-1.33514404296875e-05,-0.03451347351074219,-0.3347034454345703,0.3668060302734375,-0.00028228759765625,0.0027379989624023438,-0.015760421752929688,-0.017594337463378906,0.0019588470458984375,-0.09023666381835938,-0.17776107788085938,-0.3007526397705078,-0.005359649658203125,-0.015341758728027344,-0.01486968994140625,-0.020633697509765625,-0.0003299713134765625,-0.04334449768066406,-0.12144279479980469,-0.5680389404296875,-0.0024356842041015625,-0.033893585205078125,-0.021416664123535156,-0.006180763244628906,0.003954887390136719
2044.5,-0.14507102966308594,-0.22034454345703125,0.015872955322265625,0.023906707763671875,0.03262615203857422,-0.000316619873046875,-0.0005445480346679688,0.0014171600341796875,-0.11411666870117188,-0.43689727783203125,-0.17737579345703125,-0.008943557739257812,-0.0034084320068359375,-0.0066547393798828125,-0.0034084320068359375,0.0002422332763671875,-0.05756378173828125,-0.13187408447265625,-0.2816486358642578,-0.025127410888671875,0.0316009521484375,-0.01305389404296875,0.0020608901977539062,-1.33514404296875e-05,-0.03451347351074219,-0.3347034454345703,0.3668060302734375,-0.00028228759765625,0.0027379989624023438,-0.015760421752929688,-0.017594337463378906,0.0019588470458984375,-0.09023666381835938,-0.17776107788085938,-0.3007526397705078,-0.005359649658203125,-0.015341758728027344,-0.01486968994140625,-0.020633697509765625,-0.0003299713134765625,-0.04334449768066406,-0.12144279479980469,-0.5680389404296875,-0.0024356842041015625,-0.033893585205078125,-0.021416664123535156,-0.006180763244628906,0.003954887390136719
2045.5,-0.14507102966308594,-0.22034454345703125,0.015872955322265625,0.023906707763671875,0.03262615203857422,-0.000316619873046875,-0.0005445480346679688,0.0014171600341796875,-0.11411666870117188,-0.43689727783203125,-0.17737579345703125,-0.008943557739257812,-0.0034084320068359375,-0.0066547393798828125,-0.0034084320068359375,0.0002422332763671875,-0.05756378173828125,-0.13187408447265625,-0.2816486358642578,-0.025127410888671875,0.0316009521484375,-0.01305389404296875,0.0020608901977539062,-1.33514404296875e-05,-0.03451347351074219,-0.3347034454345703,0.3668060302734375,-0.00028228759765625,0.0027379989624023438,-0.015760421752929688,-0.017594337463378906,0.0019588470458984375,-0.09023666381835938,-0.17776107788085938,-0.3007526397705078,-0.005359649658203125,-0.015341758728027344,-0.01486968994140625,-0.020633697509765625,-0.0003299713134765625,-0.04334449768066406,-0.12144279479980469,-0.5680389404296875,-0.0024356842041015625,-0.033893585205078125,-0.021416664123535156,-0.006180763244628906,0.003954887390136719
2046.5,-0.14507102966308594,-0.22034454345703125,0.015872955322265625,0.023906707763671875,0.03262615203857422,-0.000316619873046875,-0.0005445480346679688,0.0014171600341796875,-0.11411666870117188,-0.43689727783203125,-0.17737579345703125,-0.008943557739257812,-0.0034084320068359375,-0.0066547393798828125,-0.0034084320068359375,0.0002422332763671875,-0.05756378173828125,-0.13187408447265625,-0.2816486358642578,-0.025127410888671875,0.0316009521484375,-0.01305389404296875,0.0020608901977539062,-1.33514404296875e-05,-0.03451347351074219,-0.3347034454345703,0.3668060302734375,-0.00028228759765625,0.0027379989624023438,-0.015760421752929688,-0.017594337463378906,0.0019588470458984375,-0.09023666381835938,-0.17776107788085938,-0.3007526397705078,-0.005359649658203125,-0.015341758728027344,-0.01486968994140625,-0.020633697509765625,-0.0003299713134765625,-0.04334449768066406,-0.12144279479980469,-0.5680389404296875,-0.0024356842041015625,-0.033893585205078125,-0.021416664123535156,-0.006180763244628906,0.003954887390136719
2047.5,-0.14507102966308594,-0.22034454345703125,0.015872955322265625,0.023906707763671875,0.03262615203857422,-0.000316619873046875,-0.0005445480346679688,0.0014171600341796875,-0.11411666870117188,-0.43689727783203125,-0.17737579345703125,-0.008943557739257812,-0.0034084320068359375,-0.0066547393798828125,-0.0034084320068359375,0.0002422332763671875,-0.05756378173828125,-0.13187408447265625,-0.2816486358642578,-0.025127410888671875,0.0316009521484375,-0.01305389404296875,0.0020608901977539062,-1.33514404296875e-05,-0.03451347351074219,-0.3347034454345703,0.3668060302734375,-0.00028228759765625,0.0027379989624023438,-0.015760421752929688,-0.017594337463378906,0.0019588470458984375,-0.09023666381835938,-0.17776107788085938,-0.3007526397705078,-0.005359649658203125,-0.015341758728027344,-0.01486968994140625,-0.020633697509765625,-0.0003299713134765625,-0.04334449768066406,-0.12144279479980469,-0.5680389404296875,-0.0024356842041015625,-0.033893585205078125,-0.021416664123535156,-0.006180763244628906,0.003954887390136719
2048.5,-0.14507102966308594,-0.22034454345703125,0.015872955322265625,0.023906707763671875,0.03262615203857422,-0.000316619873046875,-0.0005445480346679688,0.0014171600341796875,-0.11411666870117188,-0.43689727783203125,-0.17737579345703125,-0.008943557739257812,-0.0034084320068359375,-0.0066547393798828125,-0.0034084320068359375,0.0002422332763671875,-0.05756378173828125,-0.13187408447265625,-0.2816486358642578,-0.025127410888671875,0.0316009521484375,-0.01305389404296875,0.0020608901977539062,-1.33514404296875e-05,-0.03451347351074219,-0.3347034454345703,0.3668060302734375,-0.00028228759765625,0.0027379989624023438,-0.015760421752929688,-0.017594337463378906,0.0019588470458984375,-0.09023666381835938,-0.17776107788085938,-0.3007526397705078,-0.005359649658203125,-0.015341758728027344,-0.01486968994140625,-0.020633697509765625,-0.0003299713134765625,-0.04334449768066406,-0.12144279479980469,-0.5680389404296875,-0.0024356842041015625,-0.033893585205078125,-0.021416664123535156,-0.006180763244628906,0.003954887390136719
2049.5,-0.14507102966308594,-0.22034454345703125,0.015872955322265625,0.023906707763671875,0.03262615203857422,-0.000316619873046875,-0.0005445480346679688,0.0014171600341796875,-0.11411666870117188,-0.43689727783203125,-0.17737579345703125,-0.008943557739257812,-0.0034084320068359375,-0.0066547393798828125,-0.0034084320068359375,0.0002422332763671875,-0.05756378173828125,-0.13187408447265625,-0.2816486358642578,-0.025127410888671875,0.0316009521484375,-0.01305389404296875,0.0020608901977539062,-1.33514404296875e-05,-0.03451347351074219,-0.3347034454345703,0.3668060302734375,-0.00028228759765625,0.0027379989624023438,-0.015760421752929688,-0.017594337463378906,0.0019588470458984375,-0.09023666381835938,-0.17776107788085938,-0.3007526397705078,-0.005359649658203125,-0.015341758728027344,-0.01486968994140625,-0.020633697509765625,-0.0003299713134765625,-0.04334449768066406,-0.12144279479980469,-0.5680389404296875,-0.0024356842041015625,-0.033893585205078125,-0.021416664123535156,-0.006180763244628906,0.003954887390136719
2050.5,-0.14507102966308594,-0.22034454345703125,0.015872955322265625,0.023906707763671875,0.03262615203857422,-0.000316619873046875,-0.0005445480346679688,0.0014171600341796875,-0.11411666870117188,-0.43689727783203125,-0.17737579345703125,-0.008943557739257812,-0.0034084320068359375,-0.0066547393798828125,-0.0034084320068359375,0.0002422332763671875,-0.05756378173828125,-0.13187408447265625,-0.2816486358642578,-0.025127410888671875,0.0316009521484375,-0.01305389404296875,0.0020608901977539062,-1.33514404296875e-05,-0.03451347351074219,-0.3347034454345703,0.3668060302734375,-0.00028228759765625,0.0027379989624023438,-0.015760421752929688,-0.017594337463378906,0.0019588470458984375,-0.09023666381835938,-0.17776107788085938,-0.3007526397705078,-0.005359649658203125,-0.015341758728027344,-0.01486968994140625,-0.020633697509765625,-0.0003299713134765625,-0.04334449768066406,-0.12144279479980469,-0.5680389404296875,-0.0024356842041015625,-0.033893585205078125,-0.021416664123535156,-0.006180763244628906,0.003954887390136719
2051.5,-0.14507102966308594,-0.22034454345703125,0.015872955322265625,0.023906707763671875,0.03262615203857422,-0.000316619873046875,-0.0005445480346679688,0.0014171600341796875,-0.11411666870117188,-0.43689727783203125,-0.17737579345703125,-0.008943557739257812,-0.0034084320068359375,-0.0066547393798828125,-0.0034084320068359375,0.0002422332763671875,-0.05756378173828125,-0.13187408447265625,-0.2816486358642578,-0.025127410888671875,0.0316009521484375,-0.01305389404296875,0.0020608901977539062,-1.33514404296875e-05,-0.03451347351074219,-0.3347034454345703,0.3668060302734375,-0.00028228759765625,0.0027379989624023438,-0.015760421752929688,-0.017594337463378906,0.0019588470458984375,-0.09023666381835938,-0.17776107788085938,-0.3007526397705078,-0.005359649658203125,-0.015341758728027344,-0.01486968994140625,-0.020633697509765625,-0.0003299713134765625,-0.04334449768066406,-0.12144279479980469,-0.5680389404296875,-0.0024356842041015625,-0.033893585205078125,-0.021416664123535156,-0.006180763244628906,0.003954887390136719
2052.5,-0.14507102966308594,-0.22034454345703125,0.015872955322265625,0.023906707763671875,0.03262615203857422,-0.000316619873046875,-0.0005445480346679688,0.0014171600341796875,-0.11411666870117188,-0.43689727783203125,-0.17737579345703125,-0.008943557739257812,-0.0034084320068359375,-0.0066547393798828125,-0.0034084320068359375,0.0002422332763671875,-0.05756378173828125,-0.13187408447265625,-0.2816486358642578,-0.025127410888671875,0.0316009521484375,-0.01305389404296875,0.0020608901977539062,-1.33514404296875e-05,-0.03451347351074219,-0.3347034454345703,0.3668060302734375,-0.00028228759765625,0.0027379989624023438,-0.015760421752929688,-0.017594337463378906,0.0019588470458984375,-0.09023666381835938,-0.17776107788085938,-0.3007526397705078,-0.005359649658203125,-0.015341758728027344,-0.01486968994140625,-0.020633697509765625,-0.0003299713134765625,-0.04334449768066406,-0.12144279479980469,-0.5680389404296875,-0.0024356842041015625,-0.033893585205078125,-0.021416664123535156,-0.006180763244628906,0.003954887390136719
2053.5,-0.14507102966308594,-0.22034454345703125,0.015872955322265625,0.023906707763671875,0.03262615203857422,-0.000316619873046875,-0.0005445480346679688,0.0014171600341796875,-0.11411666870117188,-0.43689727783203125,-0.17737579345703125,-0.008943557739257812,-0.0034084320068359375,-0.0066547393798828125,-0.0034084320068359375,0.0002422332763671875,-0.05756378173828125,-0.13187408447265625,-0.2816486358642578,-0.025127410888671875,0.0316009521484375,-0.01305389404296875,0.0020608901977539062,-1.33514404296875e-05,-0.03451347351074219,-0.3347034454345703,0.3668060302734375,-0.00028228759765625,0.0027379989624023438,-0.015760421752929688,-0.017594337463378906,0.0019588470458984375,-0.09023666381835938,-0.17776107788085938,-0.3007526397705078,-0.005359649658203125,-0.015341758728027344,-0.01486968994140625,-0.020633697509765625,-0.0003299713134765625,-0.04334449768066406,-0.12144279479980469,-0.5680389404296875,-0.0024356842041015625,-0.033893585205078125,-0.021416664123535156,-0.006180763244628906,0.003954887390136719
2054.5,-0.14507102966308594,-0.22034454345703125,0.015872955322265625,0.023906707763671875,0.03262615203857422,-0.000316619873046875,-0.0005445480346679688,0.0014171600341796875,-0.11411666870117188,-0.43689727783203125,-0.17737579345703125,-0.008943557739257812,-0.0034084320068359375,-0.0066547393798828125,-0.0034084320068359375,0.0002422332763671875,-0.05756378173828125,-0.13187408447265625,-0.2816486358642578,-0.025127410888671875,0.0316009521484375,-0.01305389404296875,0.0020608901977539062,-1.33514404296875e-05,-0.03451347351074219,-0.3347034454345703,0.3668060302734375,-0.00028228759765625,0.0027379989624023438,-0.015760421752929688,-0.017594337463378906,0.0019588470458984375,-0.09023666381835938,-0.17776107788085938,-0.3007526397705078,-0.005359649658203125,-0.015341758728027344,-0.01486968994140625,-0.020633697509765625,-0.0003299713134765625,-0.04334449768066406,-0.12144279479980469,-0.5680389404296875,-0.0024356842041015625,-0.033893585205078125,-0.021416664123535156,-0.006180763244628906,0.003954887390136719
2055.5,-0.14507102966308594,-0.22034454345703125,0.015872955322265625,0.023906707763671875,0.03262615203857422,-0.000316619873046875,-0.0005445480346679688,0.0014171600341796875,-0.11411666870117188,-0.43689727783203125,-0.17737579345703125,-0.008943557739257812,-0.0034084320068359375,-0.0066547393798828125,-0.0034084320068359375,0.0002422332763671875,-0.05756378173828125,-0.13187408447265625,-0.2816486358642578,-0.025127410888671875,0.0316009521484375,-0.01305389404296875,0.0020608901977539062,-1.33514404296875e-05,-0.03451347351074219,-0.3347034454345703,0.3668060302734375,-0.00028228759765625,0.0027379989624023438,-0.015760421752929688,-0.017594337463378906,0.0019588470458984375,-0.09023666381835938,-0.17776107788085938,-0.3007526397705078,-0.005359649658203125,-0.015341758728027344,-0.01486968994140625,-0.020633697509765625,-0.0003299713134765625,-0.04334449768066406,-0.12144279479980469,-0.5680389404296875,-0.0024356842041015625,-0.033893585205078125,-0.021416664123535156,-0.006180763244628906,0.003954887390136719
2056.5,-0.14507102966308594,-0.22034454345703125,0.015872955322265625,0.023906707763671875,0.03262615203857422,-0.000316619873046875,-0.0005445480346679688,0.0014171600341796875,-0.11411666870117188,-0.43689727783203125,-0.17737579345703125,-0.008943557739257812,-0.0034084320068359375,-0.0066547393798828125,-0.0034084320068359375,0.0002422332763671875,-0.05756378173828125,-0.13187408447265625,-0.2816486358642578,-0.025127410888671875,0.0316009521484375,-0.01305389404296875,0.0020608901977539062,-1.33514404296875e-05,-0.03451347351074219,-0.3347034454345703,0.3668060302734375,-0.00028228759765625,0.0027379989624023438,-0.015760421752929688,-0.017594337463378906,0.0019588470458984375,-0.09023666381835938,-0.17776107788085938,-0.3007526397705078,-0.005359649658203125,-0.015341758728027344,-0.01486968994140625,-0.020633697509765625,-0.0003299713134765625,-0.04334449768066406,-0.12144279479980469,-0.5680389404296875,-0.0024356842041015625,-0.033893585205078125,-0.021416664123535156,-0.006180763244628906,0.003954887390136719
2057.5,-0.14507102966308594,-0.22034454345703125,0.015872955322265625,0.023906707763671875,0.03262615203857422,-0.000316619873046875,-0.0005445480346679688,0.0014171600341796875,-0.11411666870117188,-0.43689727783203125,-0.17737579345703125,-0.008943557739257812,-0.0034084320068359375,-0.0066547393798828125,-0.0034084320068359375,0.0002422332763671875,-0.05756378173828125,-0.13187408447265625,-0.2816486358642578,-0.025127410888671875,0.0316009521484375,-0.01305389404296875,0.0020608901977539062,-1.33514404296875e-05,-0.03451347351074219,-0.3347034454345703,0.3668060302734375,-0.00028228759765625,0.0027379989624023438,-0.015760421752929688,-0.017594337463378906,0.0019588470458984375,-0.09023666381835938,-0.17776107788085938,-0.3007526397705078,-0.005359649658203125,-0.015341758728027344,-0.01486968994140625,-0.020633697509765625,-0.0003299713134765625,-0.04334449768066406,-0.12144279479980469,-0.5680389404296875,-0.0024356842041015625,-0.033893585205078125,-0.021416664123535156,-0.006180763244628906,0.003954887390136719
2058.5,-0.14507102966308594,-0.22034454345703125,0.015872955322265625,0.023906707763671875,0.03262615203857422,-0.000316619873046875,-0.0005445480346679688,0.0014171600341796875,-0.11411666870117188,-0.43689727783203125,-0.17737579345703125,-0.008943557739257812,-0.0034084320068359375,-0.0066547393798828125,-0.0034084320068359375,0.0002422332763671875,-0.05756378173828125,-0.13187408447265625,-0.2816486358642578,-0.025127410888671875,0.0316009521484375,-0.01305389404296875,0.0020608901977539062,-1.33514404296875e-05,-0.03451347351074219,-0.3347034454345703,0.3668060302734375,-0.00028228759765625,0.0027379989624023438,-0.015760421752929688,-0.017594337463378906,0.0019588470458984375,-0.09023666381835938,-0.17776107788085938,-0.3007526397705078,-0.005359649658203125,-0.015341758728027344,-0.01486968994140625,-0.020633697509765625,-0.0003299713134765625,-0.04334449768066406,-0.12144279479980469,-0.5680389404296875,-0.0024356842041015625,-0.033893585205078125,-0.021416664123535156,-0.006180763244628906,0.003954887390136719
2059.5,-0.14507102966308594,-0.22034454345703125,0.015872955322265625,0.023906707763671875,0.03262615203857422,-0.000316619873046875,-0.0005445480346679688,0.0014171600341796875,-0.11411666870117188,-0.43689727783203125,-0.17737579345703125,-0.008943557739257812,-0.0034084320068359375,-0.0066547393798828125,-0.0034084320068359375,0.0002422332763671875,-0.05756378173828125,-0.13187408447265625,-0.2816486358642578,-0.025127410888671875,0.0316009521484375,-0.01305389404296875,0.0020608901977539062,-1.33514404296875e-05,-0.03451347351074219,-0.3347034454345703,0.3668060302734375,-0.00028228759765625,0.0027379989624023438,-0.015760421752929688,-0.017594337463378906,0.0019588470458984375,-0.09023666381835938,-0.17776107788085938,-0.3007526397705078,-0.005359649658203125,-0.015341758728027344,-0.01486968994140625,-0.020633697509765625,-0.0003299713134765625,-0.04334449768066406,-0.12144279479980469,-0.5680389404296875,-0.0024356842041015625,-0.033893585205078125,-0.021416664123535156,-0.006180763244628906,0.003954887390136719
2060.5,-0.14507102966308594,-0.22034454345703125,0.015872955322265625,0.023906707763671875,0.03262615203857422,-0.000316619873046875,-0.0005445480346679688,0.0014171600341796875,-0.11411666870117188,-0.43689727783203125,-0.17737579345703125,-0.008943557739257812,-0.0034084320068359375,-0.0066547393798828125,-0.0034084320068359375,0.0002422332763671875,-0.05756378173828125,-0.13187408447265625,-0.2816486358642578,-0.025127410888671875,0.0316009521484375,-0.01305389404296875,0.0020608901977539062,-1.33514404296875e-05,-0.03451347351074219,-0.3347034454345703,0.3668060302734375,-0.00028228759765625,0.0027379989624023438,-0.015760421752929688,-0.017594337463378906,0.0019588470458984375,-0.09023666381835938,-0.17776107788085938,-0.3007526397705078,-0.005359649658203125,-0.015341758728027344,-0.01486968994140625,-0.020633697509765625,-0.0003299713134765625,-0.04334449768066406,-0.12144279479980469,-0.5680389404296875,-0.0024356842041015625,-0.033893585205078125,-0.021416664123535156,-0.006180763244628906,0.003954887390136719
2061.5,-0.14507102966308594,-0.22034454345703125,0.015872955322265625,0.023906707763671875,0.03262615203857422,-0.000316619873046875,-0.0005445480346679688,0.0014171600341796875,-0.11411666870117188,-0.43689727783203125,-0.17737579345703125,-0.008943557739257812,-0.0034084320068359375,-0.0066547393798828125,-0.0034084320068359375,0.0002422332763671875,-0.05756378173828125,-0.13187408447265625,-0.2816486358642578,-0.025127410888671875,0.0316009521484375,-0.01305389404296875,0.0020608901977539062,-1.33514404296875e-05,-0.03451347351074219,-0.3347034454345703,0.3668060302734375,-0.00028228759765625,0.0027379989624023438,-0.015760421752929688,-0.017594337463378906,0.0019588470458984375,-0.09023666381835938,-0.17776107788085938,-0.3007526397705078,-0.005359649658203125,-0.015341758728027344,-0.01486968994140625,-0.020633697509765625,-0.0003299713134765625,-0.04334449768066406,-0.12144279479980469,-0.5680389404296875,-0.0024356842041015625,-0.033893585205078125,-0.021416664123535156,-0.006180763244628906,0.003954887390136719
2062.5,-0.14507102966308594,-0.22034454345703125,0.015872955322265625,0.023906707763671875,0.03262615203857422,-0.000316619873046875,-0.0005445480346679688,0.0014171600341796875,-0.11411666870117188,-0.43689727783203125,-0.17737579345703125,-0.008943557739257812,-0.0034084320068359375,-0.0066547393798828125,-0.0034084320068359375,0.0002422332763671875,-0.05756378173828125,-0.13187408447265625,-0.2816486358642578,-0.025127410888671875,0.0316009521484375,-0.01305389404296875,0.0020608901977539062,-1.33514404296875e-05,-0.03451347351074219,-0.3347034454345703,0.3668060302734375,-0.00028228759765625,0.0027379989624023438,-0.015760421752929688,-0.017594337463378906,0.0019588470458984375,-0.09023666381835938,-0.17776107788085938,-0.3007526397705078,-0.005359649658203125,-0.015341758728027344,-0.01486968994140625,-0.020633697509765625,-0.0003299713134765625,-0.04334449768066406,-0.12144279479980469,-0.5680389404296875,-0.0024356842041015625,-0.033893585205078125,-0.021416664123535156,-0.006180763244628906,0.003954887390136719
2063.5,-0.14507102966308594,-0.22034454345703125,0.015872955322265625,0.023906707763671875,0.03262615203857422,-0.000316619873046875,-0.0005445480346679688,0.0014171600341796875,-0.11411666870117188,-0.43689727783203125,-0.17737579345703125,-0.008943557739257812,-0.0034084320068359375,-0.0066547393798828125,-0.0034084320068359375,0.0002422332763671875,-0.05756378173828125,-0.13187408447265625,-0.2816486358642578,-0.025127410888671875,0.0316009521484375,-0.01305389404296875,0.0020608901977539062,-1.33514404296875e-05,-0.03451347351074219,-0.3347034454345703,0.3668060302734375,-0.00028228759765625,0.0027379989624023438,-0.015760421752929688,-0.017594337463378906,0.0019588470458984375,-0.09023666381835938,-0.17776107788085938,-0.3007526397705078,-0.005359649658203125,-0.015341758728027344,-0.01486968994140625,-0.020633697509765625,-0.0003299713134765625,-0.04334449768066406,-0.12144279479980469,-0.5680389404296875,-0.0024356842041015625,-0.033893585205078125,-0.021416664123535156,-0.006180763244628906,0.003954887390136719
2064.5,-0.14507102966308594,-0.22034454345703125,0.015872955322265625,0.023906707763671875,0.03262615203857422,-0.000316619873046875,-0.0005445480346679688,0.0014171600341796875,-0.11411666870117188,-0.43689727783203125,-0.17737579345703125,-0.008943557739257812,-0.0034084320068359375,-0.0066547393798828125,-0.0034084320068359375,0.0002422332763671875,-0.05756378173828125,-0.13187408447265625,-0.2816486358642578,-0.025127410888671875,0.0316009521484375,-0.01305389404296875,0.0020608901977539062,-1.33514404296875e-05,-0.03451347351074219,-0.3347034454345703,0.3668060302734375,-0.00028228759765625,0.0027379989624023438,-0.015760421752929688,-0.017594337463378906,0.0019588470458984375,-0.09023666381835938,-0.17776107788085938,-0.3007526397705078,-0.005359649658203125,-0.015341758728027344,-0.01486968994140625,-0.020633697509765625,-0.0003299713134765625,-0.04334449768066406,-0.12144279479980469,-0.5680389404296875,-0.0024356842041015625,-0.033893585205078125,-0.021416664123535156,-0.006180763244628906,0.003954887390136719
2065.5,-0.14507102966308594,-0.22034454345703125,0.015872955322265625,0.023906707763671875,0.03262615203857422,-0.000316619873046875,-0.0005445480346679688,0.0014171600341796875,-0.11411666870117188,-0.43689727783203125,-0.17737579345703125,-0.008943557739257812,-0.0034084320068359375,-0.0066547393798828125,-0.0034084320068359375,0.0002422332763671875,-0.05756378173828125,-0.13187408447265625,-0.2816486358642578,-0.025127410888671875,0.0316009521484375,-0.01305389404296875,0.0020608901977539062,-1.33514404296875e-05,-0.03451347351074219,-0.3347034454345703,0.3668060302734375,-0.00028228759765625,0.0027379989624023438,-0.015760421752929688,-0.017594337463378906,0.0019588470458984375,-0.09023666381835938,-0.17776107788085938,-0.3007526397705078,-0.005359649658203125,-0.015341758728027344,-0.01486968994140625,-0.020633697509765625,-0.0003299713134765625,-0.04334449768066406,-0.12144279479980469,-0.5680389404296875,-0.0024356842041015625,-0.033893585205078125,-0.021416664123535156,-0.006180763244628906,0.003954887390136719
2066.5,-0.14507102966308594,-0.22034454345703125,0.015872955322265625,0.023906707763671875,0.03262615203857422,-0.000316619873046875,-0.0005445480346679688,0.0014171600341796875,-0.11411666870117188,-0.43689727783203125,-0.17737579345703125,-0.008943557739257812,-0.0034084320068359375,-0.0066547393798828125,-0.0034084320068359375,0.0002422332763671875,-0.05756378173828125,-0.13187408447265625,-0.2816486358642578,-0.025127410888671875,0.0316009521484375,-0.01305389404296875,0.0020608901977539062,-1.33514404296875e-05,-0.03451347351074219,-0.3347034454345703,0.3668060302734375,-0.00028228759765625,0.0027379989624023438,-0.015760421752929688,-0.017594337463378906,0.0019588470458984375,-0.09023666381835938,-0.17776107788085938,-0.3007526397705078,-0.005359649658203125,-0.015341758728027344,-0.01486968994140625,-0.020633697509765625,-0.0003299713134765625,-0.04334449768066406,-0.12144279479980469,-0.5680389404296875,-0.0024356842041015625,-0.033893585205078125,-0.021416664123535156,-0.006180763244628906,0.003954887390136719
2067.5,-0.14507102966308594,-0.22034454345703125,0.015872955322265625,0.023906707763671875,0.03262615203857422,-0.000316619873046875,-0.0005445480346679688,0.0014171600341796875,-0.11411666870117188,-0.43689727783203125,-0.17737579345703125,-0.008943557739257812,-0.0034084320068359375,-0.0066547393798828125,-0.0034084320068359375,0.0002422332763671875,-0.05756378173828125,-0.13187408447265625,-0.2816486358642578,-0.025127410888671875,0.0316009521484375,-0.01305389404296875,0.0020608901977539062,-1.33514404296875e-05,-0.03451347351074219,-0.3347034454345703,0.3668060302734375,-0.00028228759765625,0.0027379989624023438,-0.015760421752929688,-0.017594337463378906,0.0019588470458984375,-0.09023666381835938,-0.17776107788085938,-0.3007526397705078,-0.005359649658203125,-0.015341758728027344,-0.01486968994140625,-0.020633697509765625,-0.0003299713134765625,-0.04334449768066406,-0.12144279479980469,-0.5680389404296875,-0.0024356842041015625,-0.033893585205078125,-0.021416664123535156,-0.006180763244628906,0.003954887390136719
2068.5,-0.14507102966308594,-0.22034454345703125,0.015872955322265625,0.023906707763671875,0.03262615203857422,-0.000316619873046875,-0.0005445480346679688,0.0014171600341796875,-0.11411666870117188,-0.43689727783203125,-0.17737579345703125,-0.008943557739257812,-0.0034084320068359375,-0.0066547393798828125,-0.0034084320068359375,0.0002422332763671875,-0.05756378173828125,-0.13187408447265625,-0.2816486358642578,-0.025127410888671875,0.0316009521484375,-0.01305389404296875,0.0020608901977539062,-1.33514404296875e-05,-0.03451347351074219,-0.3347034454345703,0.3668060302734375,-0.00028228759765625,0.0027379989624023438,-0.015760421752929688,-0.017594337463378906,0.0019588470458984375,-0.09023666381835938,-0.17776107788085938,-0.3007526397705078,-0.005359649658203125,-0.015341758728027344,-0.01486968994140625,-0.020633697509765625,-0.0003299713134765625,-0.04334449768066406,-0.12144279479980469,-0.5680389404296875,-0.0024356842041015625,-0.033893585205078125,-0.021416664123535156,-0.006180763244628906,0.003954887390136719
2069.5,-0.14507102966308594,-0.22034454345703125,0.015872955322265625,0.023906707763671875,0.03262615203857422,-0.000316619873046875,-0.0005445480346679688,0.0014171600341796875,-0.11411666870117188,-0.43689727783203125,-0.17737579345703125,-0.008943557739257812,-0.0034084320068359375,-0.0066547393798828125,-0.0034084320068359375,0.0002422332763671875,-0.05756378173828125,-0.13187408447265625,-0.2816486358642578,-0.025127410888671875,0.0316009521484375,-0.01305389404296875,0.0020608901977539062,-1.33514404296875e-05,-0.03451347351074219,-0.3347034454345703,0.3668060302734375,-0.00028228759765625,0.0027379989624023438,-0.015760421752929688,-0.017594337463378906,0.0019588470458984375,-0.09023666381835938,-0.17776107788085938,-0.3007526397705078,-0.005359649658203125,-0.015341758728027344,-0.01486968994140625,-0.020633697509765625,-0.0003299713134765625,-0.04334449768066406,-0.12144279479980469,-0.5680389404296875,-0.0024356842041015625,-0.033893585205078125,-0.021416664123535156,-0.006180763244628906,0.003954887390136719
2070.5,-0.14507102966308594,-0.22034454345703125,0.015872955322265625,0.023906707763671875,0.03262615203857422,-0.000316619873046875,-0.0005445480346679688,0.0014171600341796875,-0.11411666870117188,-0.43689727783203125,-0.17737579345703125,-0.008943557739257812,-0.0034084320068359375,-0.0066547393798828125,-0.0034084320068359375,0.0002422332763671875,-0.05756378173828125,-0.13187408447265625,-0.2816486358642578,-0.025127410888671875,0.0316009521484375,-0.01305389404296875,0.0020608901977539062,-1.33514404296875e-05,-0.03451347351074219,-0.3347034454345703,0.3668060302734375,-0.00028228759765625,0.0027379989624023438,-0.015760421752929688,-0.017594337463378906,0.0019588470458984375,-0.09023666381835938,-0.17776107788085938,-0.3007526397705078,-0.005359649658203125,-0.015341758728027344,-0.01486968994140625,-0.020633697509765625,-0.0003299713134765625,-0.04334449768066406,-0.12144279479980469,-0.5680389404296875,-0.0024356842041015625,-0.033893585205078125,-0.021416664123535156,-0.006180763244628906,0.003954887390136719
2071.5,-0.14507102966308594,-0.22034454345703125,0.015872955322265625,0.023906707763671875,0.03262615203857422,-0.000316619873046875,-0.0005445480346679688,0.0014171600341796875,-0.11411666870117188,-0.43689727783203125,-0.17737579345703125,-0.008943557739257812,-0.0034084320068359375,-0.0066547393798828125,-0.0034084320068359375,0.0002422332763671875,-0.05756378173828125,-0.13187408447265625,-0.2816486358642578,-0.025127410888671875,0.0316009521484375,-0.01305389404296875,0.0020608901977539062,-1.33514404296875e-05,-0.03451347351074219,-0.3347034454345703,0.3668060302734375,-0.00028228759765625,0.0027379989624023438,-0.015760421752929688,-0.017594337463378906,0.0019588470458984375,-0.09023666381835938,-0.17776107788085938,-0.3007526397705078,-0.005359649658203125,-0.015341758728027344,-0.01486968994140625,-0.020633697509765625,-0.0003299713134765625,-0.04334449768066406,-0.12144279479980469,-0.5680389404296875,-0.0024356842041015625,-0.033893585205078125,-0.021416664123535156,-0.006180763244628906,0.003954887390136719
2072.5,-0.14507102966308594,-0.22034454345703125,0.015872955322265625,0.023906707763671875,0.03262615203857422,-0.000316619873046875,-0.0005445480346679688,0.0014171600341796875,-0.11411666870117188,-0.43689727783203125,-0.17737579345703125,-0.008943557739257812,-0.0034084320068359375,-0.0066547393798828125,-0.0034084320068359375,0.0002422332763671875,-0.05756378173828125,-0.13187408447265625,-0.2816486358642578,-0.025127410888671875,0.0316009521484375,-0.01305389404296875,0.0020608901977539062,-1.33514404296875e-05,-0.03451347351074219,-0.3347034454345703,0.3668060302734375,-0.00028228759765625,0.0027379989624023438,-0.015760421752929688,-0.017594337463378906,0.0019588470458984375,-0.09023666381835938,-0.17776107788085938,-0.3007526397705078,-0.005359649658203125,-0.015341758728027344,-0.01486968994140625,-0.020633697509765625,-0.0003299713134765625,-0.04334449768066406,-0.12144279479980469,-0.5680389404296875,-0.0024356842041015625,-0.033893585205078125,-0.021416664123535156,-0.006180763244628906,0.003954887390136719
2073.5,-0.14507102966308594,-0.22034454345703125,0.015872955322265625,0.023906707763671875,0.03262615203857422,-0.000316619873046875,-0.0005445480346679688,0.0014171600341796875,-0.11411666870117188,-0.43689727783203125,-0.17737579345703125,-0.008943557739257812,-0.0034084320068359375,-0.0066547393798828125,-0.0034084320068359375,0.0002422332763671875,-0.05756378173828125,-0.13187408447265625,-0.2816486358642578,-0.025127410888671875,0.0316009521484375,-0.01305389404296875,0.0020608901977539062,-1.33514404296875e-05,-0.03451347351074219,-0.3347034454345703,0.3668060302734375,-0.00028228759765625,0.0027379989624023438,-0.015760421752929688,-0.017594337463378906,0.0019588470458984375,-0.09023666381835938,-0.17776107788085938,-0.3007526397705078,-0.005359649658203125,-0.015341758728027344,-0.01486968994140625,-0.020633697509765625,-0.0003299713134765625,-0.04334449768066406,-0.12144279479980469,-0.5680389404296875,-0.0024356842041015625,-0.033893585205078125,-0.021416664123535156,-0.006180763244628906,0.003954887390136719
2074.5,-0.14507102966308594,-0.22034454345703125,0.015872955322265625,0.023906707763671875,0.03262615203857422,-0.000316619873046875,-0.0005445480346679688,0.0014171600341796875,-0.11411666870117188,-0.43689727783203125,-0.17737579345703125,-0.008943557739257812,-0.0034084320068359375,-0.0066547393798828125,-0.0034084320068359375,0.0002422332763671875,-0.05756378173828125,-0.13187408447265625,-0.2816486358642578,-0.025127410888671875,0.0316009521484375,-0.01305389404296875,0.0020608901977539062,-1.33514404296875e-05,-0.03451347351074219,-0.3347034454345703,0.3668060302734375,-0.00028228759765625,0.0027379989624023438,-0.015760421752929688,-0.017594337463378906,0.0019588470458984375,-0.09023666381835938,-0.17776107788085938,-0.3007526397705078,-0.005359649658203125,-0.015341758728027344,-0.01486968994140625,-0.020633697509765625,-0.0003299713134765625,-0.04334449768066406,-0.12144279479980469,-0.5680389404296875,-0.0024356842041015625,-0.033893585205078125,-0.021416664123535156,-0.006180763244628906,0.003954887390136719
2075.5,-0.14507102966308594,-0.22034454345703125,0.015872955322265625,0.023906707763671875,0.03262615203857422,-0.000316619873046875,-0.0005445480346679688,0.0014171600341796875,-0.11411666870117188,-0.43689727783203125,-0.17737579345703125,-0.008943557739257812,-0.0034084320068359375,-0.0066547393798828125,-0.0034084320068359375,0.0002422332763671875,-0.05756378173828125,-0.13187408447265625,-0.2816486358642578,-0.025127410888671875,0.0316009521484375,-0.01305389404296875,0.0020608901977539062,-1.33514404296875e-05,-0.03451347351074219,-0.3347034454345703,0.3668060302734375,-0.00028228759765625,0.0027379989624023438,-0.015760421752929688,-0.017594337463378906,0.0019588470458984375,-0.09023666381835938,-0.17776107788085938,-0.3007526397705078,-0.005359649658203125,-0.015341758728027344,-0.01486968994140625,-0.020633697509765625,-0.0003299713134765625,-0.04334449768066406,-0.12144279479980469,-0.5680389404296875,-0.0024356842041015625,-0.033893585205078125,-0.021416664123535156,-0.006180763244628906,0.003954887390136719
2076.5,-0.14507102966308594,-0.22034454345703125,0.015872955322265625,0.023906707763671875,0.03262615203857422,-0.000316619873046875,-0.0005445480346679688,0.0014171600341796875,-0.11411666870117188,-0.43689727783203125,-0.17737579345703125,-0.008943557739257812,-0.0034084320068359375,-0.0066547393798828125,-0.0034084320068359375,0.0002422332763671875,-0.05756378173828125,-0.13187408447265625,-0.2816486358642578,-0.025127410888671875,0.0316009521484375,-0.01305389404296875,0.0020608901977539062,-1.33514404296875e-05,-0.03451347351074219,-0.3347034454345703,0.3668060302734375,-0.00028228759765625,0.0027379989624023438,-0.015760421752929688,-0.017594337463378906,0.0019588470458984375,-0.09023666381835938,-0.17776107788085938,-0.3007526397705078,-0.005359649658203125,-0.015341758728027344,-0.01486968994140625,-0.020633697509765625,-0.0003299713134765625,-0.04334449768066406,-0.12144279479980469,-0.5680389404296875,-0.0024356842041015625,-0.033893585205078125,-0.021416664123535156,-0.006180763244628906,0.003954887390136719
2077.5,-0.14507102966308594,-0.22034454345703125,0.015872955322265625,0.023906707763671875,0.03262615203857422,-0.000316619873046875,-0.0005445480346679688,0.0014171600341796875,-0.11411666870117188,-0.43689727783203125,-0.17737579345703125,-0.008943557739257812,-0.0034084320068359375,-0.0066547393798828125,-0.0034084320068359375,0.0002422332763671875,-0.05756378173828125,-0.13187408447265625,-0.2816486358642578,-0.025127410888671875,0.0316009521484375,-0.01305389404296875,0.0020608901977539062,-1.33514404296875e-05,-0.03451347351074219,-0.3347034454345703,0.3668060302734375,-0.00028228759765625,0.0027379989624023438,-0.015760421752929688,-0.017594337463378906,0.0019588470458984375,-0.09023666381835938,-0.17776107788085938,-0.3007526397705078,-0.005359649658203125,-0.015341758728027344,-0.01486968994140625,-0.020633697509765625,-0.0003299713134765625,-0.04334449768066406,-0.12144279479980469,-0.5680389404296875,-0.0024356842041015625,-0.033893585205078125,-0.021416664123535156,-0.006180763244628906,0.003954887390136719
2078.5,-0.14507102966308594,-0.22034454345703125,0.015872955322265625,0.023906707763671875,0.03262615203857422,-0.000316619873046875,-0.0005445480346679688,0.0014171600341796875,-0.11411666870117188,-0.43689727783203125,-0.17737579345703125,-0.008943557739257812,-0.0034084320068359375,-0.0066547393798828125,-0.0034084320068359375,0.0002422332763671875,-0.05756378173828125,-0.13187408447265625,-0.2816486358642578,-0.025127410888671875,0.0316009521484375,-0.01305389404296875,0.0020608901977539062,-1.33514404296875e-05,-0.03451347351074219,-0.3347034454345703,0.3668060302734375,-0.00028228759765625,0.0027379989624023438,-0.015760421752929688,-0.017594337463378906,0.0019588470458984375,-0.09023666381835938,-0.17776107788085938,-0.3007526397705078,-0.005359649658203125,-0.015341758728027344,-0.01486968994140625,-0.020633697509765625,-0.0003299713134765625,-0.04334449768066406,-0.12144279479980469,-0.5680389404296875,-0.0024356842041015625,-0.033893585205078125,-0.021416664123535156,-0.006180763244628906,0.003954887390136719
2079.5,-0.14507102966308594,-0.22034454345703125,0.015872955322265625,0.023906707763671875,0.03262615203857422,-0.000316619873046875,-0.0005445480346679688,0.0014171600341796875,-0.11411666870117188,-0.43689727783203125,-0.17737579345703125,-0.008943557739257812,-0.0034084320068359375,-0.0066547393798828125,-0.0034084320068359375,0.0002422332763671875,-0.05756378173828125,-0.13187408447265625,-0.2816486358642578,-0.025127410888671875,0.0316009521484375,-0.01305389404296875,0.0020608901977539062,-1.33514404296875e-05,-0.03451347351074219,-0.3347034454345703,0.3668060302734375,-0.00028228759765625,0.0027379989624023438,-0.015760421752929688,-0.017594337463378906,0.0019588470458984375,-0.09023666381835938,-0.17776107788085938,-0.3007526397705078,-0.005359649658203125,-0.015341758728027344,-0.01486968994140625,-0.020633697509765625,-0.0003299713134765625,-0.04334449768066406,-0.12144279479980469,-0.5680389404296875,-0.0024356842041015625,-0.033893585205078125,-0.021416664123535156,-0.006180763244628906,0.003954887390136719
2080.5,-0.14507102966308594,-0.22034454345703125,0.015872955322265625,0.023906707763671875,0.03262615203857422,-0.000316619873046875,-0.0005445480346679688,0.0014171600341796875,-0.11411666870117188,-0.43689727783203125,-0.17737579345703125,-0.008943557739257812,-0.0034084320068359375,-0.0066547393798828125,-0.0034084320068359375,0.0002422332763671875,-0.05756378173828125,-0.13187408447265625,-0.2816486358642578,-0.025127410888671875,0.0316009521484375,-0.01305389404296875,0.0020608901977539062,-1.33514404296875e-05,-0.03451347351074219,-0.3347034454345703,0.3668060302734375,-0.00028228759765625,0.0027379989624023438,-0.015760421752929688,-0.017594337463378906,0.0019588470458984375,-0.09023666381835938,-0.17776107788085938,-0.3007526397705078,-0.005359649658203125,-0.015341758728027344,-0.01486968994140625,-0.020633697509765625,-0.0003299713134765625,-0.04334449768066406,-0.12144279479980469,-0.5680389404296875,-0.0024356842041015625,-0.033893585205078125,-0.021416664123535156,-0.006180763244628906,0.003954887390136719
2081.5,-0.14507102966308594,-0.22034454345703125,0.015872955322265625,0.023906707763671875,0.03262615203857422,-0.000316619873046875,-0.0005445480346679688,0.0014171600341796875,-0.11411666870117188,-0.43689727783203125,-0.17737579345703125,-0.008943557739257812,-0.0034084320068359375,-0.0066547393798828125,-0.0034084320068359375,0.0002422332763671875,-0.05756378173828125,-0.13187408447265625,-0.2816486358642578,-0.025127410888671875,0.0316009521484375,-0.01305389404296875,0.0020608901977539062,-1.33514404296875e-05,-0.03451347351074219,-0.3347034454345703,0.3668060302734375,-0.00028228759765625,0.0027379989624023438,-0.015760421752929688,-0.017594337463378906,0.0019588470458984375,-0.09023666381835938,-0.17776107788085938,-0.3007526397705078,-0.005359649658203125,-0.015341758728027344,-0.01486968994140625,-0.020633697509765625,-0.0003299713134765625,-0.04334449768066406,-0.12144279479980469,-0.5680389404296875,-0.0024356842041015625,-0.033893585205078125,-0.021416664123535156,-0.006180763244628906,0.003954887390136719
2082.5,-0.14507102966308594,-0.22034454345703125,0.015872955322265625,0.023906707763671875,0.03262615203857422,-0.000316619873046875,-0.0005445480346679688,0.0014171600341796875,-0.11411666870117188,-0.43689727783203125,-0.17737579345703125,-0.008943557739257812,-0.0034084320068359375,-0.0066547393798828125,-0.0034084320068359375,0.0002422332763671875,-0.05756378173828125,-0.13187408447265625,-0.2816486358642578,-0.025127410888671875,0.0316009521484375,-0.01305389404296875,0.0020608901977539062,-1.33514404296875e-05,-0.03451347351074219,-0.3347034454345703,0.3668060302734375,-0.00028228759765625,0.0027379989624023438,-0.015760421752929688,-0.017594337463378906,0.0019588470458984375,-0.09023666381835938,-0.17776107788085938,-0.3007526397705078,-0.005359649658203125,-0.015341758728027344,-0.01486968994140625,-0.020633697509765625,-0.0003299713134765625,-0.04334449768066406,-0.12144279479980469,-0.5680389404296875,-0.0024356842041015625,-0.033893585205078125,-0.021416664123535156,-0.006180763244628906,0.003954887390136719
2083.5,-0.14507102966308594,-0.22034454345703125,0.015872955322265625,0.023906707763671875,0.03262615203857422,-0.000316619873046875,-0.0005445480346679688,0.0014171600341796875,-0.11411666870117188,-0.43689727783203125,-0.17737579345703125,-0.008943557739257812,-0.0034084320068359375,-0.0066547393798828125,-0.0034084320068359375,0.0002422332763671875,-0.05756378173828125,-0.13187408447265625,-0.2816486358642578,-0.025127410888671875,0.0316009521484375,-0.01305389404296875,0.0020608901977539062,-1.33514404296875e-05,-0.03451347351074219,-0.3347034454345703,0.3668060302734375,-0.00028228759765625,0.0027379989624023438,-0.015760421752929688,-0.017594337463378906,0.0019588470458984375,-0.09023666381835938,-0.17776107788085938,-0.3007526397705078,-0.005359649658203125,-0.015341758728027344,-0.01486968994140625,-0.020633697509765625,-0.0003299713134765625,-0.04334449768066406,-0.12144279479980469,-0.5680389404296875,-0.0024356842041015625,-0.033893585205078125,-0.021416664123535156,-0.006180763244628906,0.003954887390136719
2084.5,-0.14507102966308594,-0.22034454345703125,0.015872955322265625,0.023906707763671875,0.03262615203857422,-0.000316619873046875,-0.0005445480346679688,0.0014171600341796875,-0.11411666870117188,-0.43689727783203125,-0.17737579345703125,-0.008943557739257812,-0.0034084320068359375,-0.0066547393798828125,-0.0034084320068359375,0.0002422332763671875,-0.05756378173828125,-0.13187408447265625,-0.2816486358642578,-0.025127410888671875,0.0316009521484375,-0.01305389404296875,0.0020608901977539062,-1.33514404296875e-05,-0.03451347351074219,-0.3347034454345703,0.3668060302734375,-0.00028228759765625,0.0027379989624023438,-0.015760421752929688,-0.017594337463378906,0.0019588470458984375,-0.09023666381835938,-0.17776107788085938,-0.3007526397705078,-0.005359649658203125,-0.015341758728027344,-0.01486968994140625,-0.020633697509765625,-0.0003299713134765625,-0.04334449768066406,-0.12144279479980469,-0.5680389404296875,-0.0024356842041015625,-0.033893585205078125,-0.021416664123535156,-0.006180763244628906,0.003954887390136719
2085.5,-0.14507102966308594,-0.22034454345703125,0.015872955322265625,0.023906707763671875,0.03262615203857422,-0.000316619873046875,-0.0005445480346679688,0.0014171600341796875,-0.11411666870117188,-0.43689727783203125,-0.17737579345703125,-0.008943557739257812,-0.0034084320068359375,-0.0066547393798828125,-0.0034084320068359375,0.0002422332763671875,-0.05756378173828125,-0.13187408447265625,-0.2816486358642578,-0.025127410888671875,0.0316009521484375,-0.01305389404296875,0.0020608901977539062,-1.33514404296875e-05,-0.03451347351074219,-0.3347034454345703,0.3668060302734375,-0.00028228759765625,0.0027379989624023438,-0.015760421752929688,-0.017594337463378906,0.0019588470458984375,-0.09023666381835938,-0.17776107788085938,-0.3007526397705078,-0.005359649658203125,-0.015341758728027344,-0.01486968994140625,-0.020633697509765625,-0.0003299713134765625,-0.04334449768066406,-0.12144279479980469,-0.5680389404296875,-0.0024356842041015625,-0.033893585205078125,-0.021416664123535156,-0.006180763244628906,0.003954887390136719
2086.5,-0.14507102966308594,-0.22034454345703125,0.015872955322265625,0.023906707763671875,0.03262615203857422,-0.000316619873046875,-0.0005445480346679688,0.0014171600341796875,-0.11411666870117188,-0.43689727783203125,-0.17737579345703125,-0.008943557739257812,-0.0034084320068359375,-0.0066547393798828125,-0.0034084320068359375,0.0002422332763671875,-0.05756378173828125,-0.13187408447265625,-0.2816486358642578,-0.025127410888671875,0.0316009521484375,-0.01305389404296875,0.0020608901977539062,-1.33514404296875e-05,-0.03451347351074219,-0.3347034454345703,0.3668060302734375,-0.00028228759765625,0.0027379989624023438,-0.015760421752929688,-0.017594337463378906,0.0019588470458984375,-0.09023666381835938,-0.17776107788085938,-0.3007526397705078,-0.005359649658203125,-0.015341758728027344,-0.01486968994140625,-0.020633697509765625,-0.0003299713134765625,-0.04334449768066406,-0.12144279479980469,-0.5680389404296875,-0.0024356842041015625,-0.033893585205078125,-0.021416664123535156,-0.006180763244628906,0.003954887390136719
2087.5,-0.14507102966308594,-0.22034454345703125,0.015872955322265625,0.023906707763671875,0.03262615203857422,-0.000316619873046875,-0.0005445480346679688,0.0014171600341796875,-0.11411666870117188,-0.43689727783203125,-0.17737579345703125,-0.008943557739257812,-0.0034084320068359375,-0.0066547393798828125,-0.0034084320068359375,0.0002422332763671875,-0.05756378173828125,-0.13187408447265625,-0.2816486358642578,-0.025127410888671875,0.0316009521484375,-0.01305389404296875,0.0020608901977539062,-1.33514404296875e-05,-0.03451347351074219,-0.3347034454345703,0.3668060302734375,-0.00028228759765625,0.0027379989624023438,-0.015760421752929688,-0.017594337463378906,0.0019588470458984375,-0.09023666381835938,-0.17776107788085938,-0.3007526397705078,-0.005359649658203125,-0.015341758728027344,-0.01486968994140625,-0.020633697509765625,-0.0003299713134765625,-0.04334449768066406,-0.12144279479980469,-0.5680389404296875,-0.0024356842041015625,-0.033893585205078125,-0.021416664123535156,-0.006180763244628906,0.003954887390136719
2088.5,-0.14507102966308594,-0.22034454345703125,0.015872955322265625,0.023906707763671875,0.03262615203857422,-0.000316619873046875,-0.0005445480346679688,0.0014171600341796875,-0.11411666870117188,-0.43689727783203125,-0.17737579345703125,-0.008943557739257812,-0.0034084320068359375,-0.0066547393798828125,-0.0034084320068359375,0.0002422332763671875,-0.05756378173828125,-0.13187408447265625,-0.2816486358642578,-0.025127410888671875,0.0316009521484375,-0.01305389404296875,0.0020608901977539062,-1.33514404296875e-05,-0.03451347351074219,-0.3347034454345703,0.3668060302734375,-0.00028228759765625,0.0027379989624023438,-0.015760421752929688,-0.017594337463378906,0.0019588470458984375,-0.09023666381835938,-0.17776107788085938,-0.3007526397705078,-0.005359649658203125,-0.015341758728027344,-0.01486968994140625,-0.020633697509765625,-0.0003299713134765625,-0.04334449768066406,-0.12144279479980469,-0.5680389404296875,-0.0024356842041015625,-0.033893585205078125,-0.021416664123535156,-0.006180763244628906,0.003954887390136719
2089.5,-0.14507102966308594,-0.22034454345703125,0.015872955322265625,0.023906707763671875,0.03262615203857422,-0.000316619873046875,-0.0005445480346679688,0.0014171600341796875,-0.11411666870117188,-0.43689727783203125,-0.17737579345703125,-0.008943557739257812,-0.0034084320068359375,-0.0066547393798828125,-0.0034084320068359375,0.0002422332763671875,-0.05756378173828125,-0.13187408447265625,-0.2816486358642578,-0.025127410888671875,0.0316009521484375,-0.01305389404296875,0.0020608901977539062,-1.33514404296875e-05,-0.03451347351074219,-0.3347034454345703,0.3668060302734375,-0.00028228759765625,0.0027379989624023438,-0.015760421752929688,-0.017594337463378906,0.0019588470458984375,-0.09023666381835938,-0.17776107788085938,-0.3007526397705078,-0.005359649658203125,-0.015341758728027344,-0.01486968994140625,-0.020633697509765625,-0.0003299713134765625,-0.04334449768066406,-0.12144279479980469,-0.5680389404296875,-0.0024356842041015625,-0.033893585205078125,-0.021416664123535156,-0.006180763244628906,0.003954887390136719
2090.5,-0.14507102966308594,-0.22034454345703125,0.015872955322265625,0.023906707763671875,0.03262615203857422,-0.000316619873046875,-0.0005445480346679688,0.0014171600341796875,-0.11411666870117188,-0.43689727783203125,-0.17737579345703125,-0.008943557739257812,-0.0034084320068359375,-0.0066547393798828125,-0.0034084320068359375,0.0002422332763671875,-0.05756378173828125,-0.13187408447265625,-0.2816486358642578,-0.025127410888671875,0.0316009521484375,-0.01305389404296875,0.0020608901977539062,-1.33514404296875e-05,-0.03451347351074219,-0.3347034454345703,0.3668060302734375,-0.00028228759765625,0.0027379989624023438,-0.015760421752929688,-0.017594337463378906,0.0019588470458984375,-0.09023666381835938,-0.17776107788085938,-0.3007526397705078,-0.005359649658203125,-0.015341758728027344,-0.01486968994140625,-0.020633697509765625,-0.0003299713134765625,-0.04334449768066406,-0.12144279479980469,-0.5680389404296875,-0.0024356842041015625,-0.033893585205078125,-0.021416664123535156,-0.006180763244628906,0.003954887390136719
2091.5,-0.14507102966308594,-0.22034454345703125,0.015872955322265625,0.023906707763671875,0.03262615203857422,-0.000316619873046875,-0.0005445480346679688,0.0014171600341796875,-0.11411666870117188,-0.43689727783203125,-0.17737579345703125,-0.008943557739257812,-0.0034084320068359375,-0.0066547393798828125,-0.0034084320068359375,0.0002422332763671875,-0.05756378173828125,-0.13187408447265625,-0.2816486358642578,-0.025127410888671875,0.0316009521484375,-0.01305389404296875,0.0020608901977539062,-1.33514404296875e-05,-0.03451347351074219,-0.3347034454345703,0.3668060302734375,-0.00028228759765625,0.0027379989624023438,-0.015760421752929688,-0.017594337463378906,0.0019588470458984375,-0.09023666381835938,-0.17776107788085938,-0.3007526397705078,-0.005359649658203125,-0.015341758728027344,-0.01486968994140625,-0.020633697509765625,-0.0003299713134765625,-0.04334449768066406,-0.12144279479980469,-0.5680389404296875,-0.0024356842041015625,-0.033893585205078125,-0.021416664123535156,-0.006180763244628906,0.003954887390136719
2092.5,-0.14507102966308594,-0.22034454345703125,0.015872955322265625,0.023906707763671875,0.03262615203857422,-0.000316619873046875,-0.0005445480346679688,0.0014171600341796875,-0.11411666870117188,-0.43689727783203125,-0.17737579345703125,-0.008943557739257812,-0.0034084320068359375,-0.0066547393798828125,-0.0034084320068359375,0.0002422332763671875,-0.05756378173828125,-0.13187408447265625,-0.2816486358642578,-0.025127410888671875,0.0316009521484375,-0.01305389404296875,0.0020608901977539062,-1.33514404296875e-05,-0.03451347351074219,-0.3347034454345703,0.3668060302734375,-0.00028228759765625,0.0027379989624023438,-0.015760421752929688,-0.017594337463378906,0.0019588470458984375,-0.09023666381835938,-0.17776107788085938,-0.3007526397705078,-0.005359649658203125,-0.015341758728027344,-0.01486968994140625,-0.020633697509765625,-0.0003299713134765625,-0.04334449768066406,-0.12144279479980469,-0.5680389404296875,-0.0024356842041015625,-0.033893585205078125,-0.021416664123535156,-0.006180763244628906,0.003954887390136719
2093.5,-0.14507102966308594,-0.22034454345703125,0.015872955322265625,0.023906707763671875,0.03262615203857422,-0.000316619873046875,-0.0005445480346679688,0.0014171600341796875,-0.11411666870117188,-0.43689727783203125,-0.17737579345703125,-0.008943557739257812,-0.0034084320068359375,-0.0066547393798828125,-0.0034084320068359375,0.0002422332763671875,-0.05756378173828125,-0.13187408447265625,-0.2816486358642578,-0.025127410888671875,0.0316009521484375,-0.01305389404296875,0.0020608901977539062,-1.33514404296875e-05,-0.03451347351074219,-0.3347034454345703,0.3668060302734375,-0.00028228759765625,0.0027379989624023438,-0.015760421752929688,-0.017594337463378906,0.0019588470458984375,-0.09023666381835938,-0.17776107788085938,-0.3007526397705078,-0.005359649658203125,-0.015341758728027344,-0.01486968994140625,-0.020633697509765625,-0.0003299713134765625,-0.04334449768066406,-0.12144279479980469,-0.5680389404296875,-0.0024356842041015625,-0.033893585205078125,-0.021416664123535156,-0.006180763244628906,0.003954887390136719
2094.5,-0.14507102966308594,-0.22034454345703125,0.015872955322265625,0.023906707763671875,0.03262615203857422,-0.000316619873046875,-0.0005445480346679688,0.0014171600341796875,-0.11411666870117188,-0.43689727783203125,-0.17737579345703125,-0.008943557739257812,-0.0034084320068359375,-0.0066547393798828125,-0.0034084320068359375,0.0002422332763671875,-0.05756378173828125,-0.13187408447265625,-0.2816486358642578,-0.025127410888671875,0.0316009521484375,-0.01305389404296875,0.0020608901977539062,-1.33514404296875e-05,-0.03451347351074219,-0.3347034454345703,0.3668060302734375,-0.00028228759765625,0.0027379989624023438,-0.015760421752929688,-0.017594337463378906,0.0019588470458984375,-0.09023666381835938,-0.17776107788085938,-0.3007526397705078,-0.005359649658203125,-0.015341758728027344,-0.01486968994140625,-0.020633697509765625,-0.0003299713134765625,-0.04334449768066406,-0.12144279479980469,-0.5680389404296875,-0.0024356842041015625,-0.033893585205078125,-0.021416664123535156,-0.006180763244628906,0.003954887390136719
2095.5,-0.14507102966308594,-0.22034454345703125,0.015872955322265625,0.023906707763671875,0.03262615203857422,-0.000316619873046875,-0.0005445480346679688,0.0014171600341796875,-0.11411666870117188,-0.43689727783203125,-0.17737579345703125,-0.008943557739257812,-0.0034084320068359375,-0.0066547393798828125,-0.0034084320068359375,0.0002422332763671875,-0.05756378173828125,-0.13187408447265625,-0.2816486358642578,-0.025127410888671875,0.0316009521484375,-0.01305389404296875,0.0020608901977539062,-1.33514404296875e-05,-0.03451347351074219,-0.3347034454345703,0.3668060302734375,-0.00028228759765625,0.0027379989624023438,-0.015760421752929688,-0.017594337463378906,0.0019588470458984375,-0.09023666381835938,-0.17776107788085938,-0.3007526397705078,-0.005359649658203125,-0.015341758728027344,-0.01486968994140625,-0.020633697509765625,-0.0003299713134765625,-0.04334449768066406,-0.12144279479980469,-0.5680389404296875,-0.0024356842041015625,-0.033893585205078125,-0.021416664123535156,-0.006180763244628906,0.003954887390136719
2096.5,-0.14507102966308594,-0.22034454345703125,0.015872955322265625,0.023906707763671875,0.03262615203857422,-0.000316619873046875,-0.0005445480346679688,0.0014171600341796875,-0.11411666870117188,-0.43689727783203125,-0.17737579345703125,-0.008943557739257812,-0.0034084320068359375,-0.0066547393798828125,-0.0034084320068359375,0.0002422332763671875,-0.05756378173828125,-0.13187408447265625,-0.2816486358642578,-0.025127410888671875,0.0316009521484375,-0.01305389404296875,0.0020608901977539062,-1.33514404296875e-05,-0.03451347351074219,-0.3347034454345703,0.3668060302734375,-0.00028228759765625,0.0027379989624023438,-0.015760421752929688,-0.017594337463378906,0.0019588470458984375,-0.09023666381835938,-0.17776107788085938,-0.3007526397705078,-0.005359649658203125,-0.015341758728027344,-0.01486968994140625,-0.020633697509765625,-0.0003299713134765625,-0.04334449768066406,-0.12144279479980469,-0.5680389404296875,-0.0024356842041015625,-0.033893585205078125,-0.021416664123535156,-0.006180763244628906,0.003954887390136719
2097.5,-0.14507102966308594,-0.22034454345703125,0.015872955322265625,0.023906707763671875,0.03262615203857422,-0.000316619873046875,-0.0005445480346679688,0.0014171600341796875,-0.11411666870117188,-0.43689727783203125,-0.17737579345703125,-0.008943557739257812,-0.0034084320068359375,-0.0066547393798828125,-0.0034084320068359375,0.0002422332763671875,-0.05756378173828125,-0.13187408447265625,-0.2816486358642578,-0.025127410888671875,0.0316009521484375,-0.01305389404296875,0.0020608901977539062,-1.33514404296875e-05,-0.03451347351074219,-0.3347034454345703,0.3668060302734375,-0.00028228759765625,0.0027379989624023438,-0.015760421752929688,-0.017594337463378906,0.0019588470458984375,-0.09023666381835938,-0.17776107788085938,-0.3007526397705078,-0.005359649658203125,-0.015341758728027344,-0.01486968994140625,-0.020633697509765625,-0.0003299713134765625,-0.04334449768066406,-0.12144279479980469,-0.5680389404296875,-0.0024356842041015625,-0.033893585205078125,-0.021416664123535156,-0.006180763244628906,0.003954887390136719
2098.5,-0.14507102966308594,-0.22034454345703125,0.015872955322265625,0.023906707763671875,0.03262615203857422,-0.000316619873046875,-0.0005445480346679688,0.0014171600341796875,-0.11411666870117188,-0.43689727783203125,-0.17737579345703125,-0.008943557739257812,-0.0034084320068359375,-0.0066547393798828125,-0.0034084320068359375,0.0002422332763671875,-0.05756378173828125,-0.13187408447265625,-0.2816486358642578,-0.025127410888671875,0.0316009521484375,-0.01305389404296875,0.0020608901977539062,-1.33514404296875e-05,-0.03451347351074219,-0.3347034454345703,0.3668060302734375,-0.00028228759765625,0.0027379989624023438,-0.015760421752929688,-0.017594337463378906,0.0019588470458984375,-0.09023666381835938,-0.17776107788085938,-0.3007526397705078,-0.005359649658203125,-0.015341758728027344,-0.01486968994140625,-0.020633697509765625,-0.0003299713134765625,-0.04334449768066406,-0.12144279479980469,-0.5680389404296875,-0.0024356842041015625,-0.033893585205078125,-0.021416664123535156,-0.006180763244628906,0.003954887390136719
2099.5,-0.14507102966308594,-0.22034454345703125,0.015872955322265625,0.023906707763671875,0.03262615203857422,-0.000316619873046875,-0.0005445480346679688,0.0014171600341796875,-0.11411666870117188,-0.43689727783203125,-0.17737579345703125,-0.008943557739257812,-0.0034084320068359375,-0.0066547393798828125,-0.0034084320068359375,0.0002422332763671875,-0.05756378173828125,-0.13187408447265625,-0.2816486358642578,-0.025127410888671875,0.0316009521484375,-0.01305389404296875,0.0020608901977539062,-1.33514404296875e-05,-0.03451347351074219,-0.3347034454345703,0.3668060302734375,-0.00028228759765625,0.0027379989624023438,-0.015760421752929688,-0.017594337463378906,0.0019588470458984375,-0.09023666381835938,-0.17776107788085938,-0.3007526397705078,-0.005359649658203125,-0.015341758728027344,-0.01486968994140625,-0.020633697509765625,-0.0003299713134765625,-0.04334449768066406,-0.12144279479980469,-0.5680389404296875,-0.0024356842041015625,-0.033893585205078125,-0.021416664123535156,-0.006180763244628906,0.003954887390136719
2100.5,-0.14507102966308594,-0.22034454345703125,0.015872955322265625,0.023906707763671875,0.03262615203857422,-0.000316619873046875,-0.0005445480346679688,0.0014171600341796875,-0.11411666870117188,-0.43689727783203125,-0.17737579345703125,-0.008943557739257812,-0.0034084320068359375,-0.0066547393798828125,-0.0034084320068359375,0.0002422332763671875,-0.05756378173828125,-0.13187408447265625,-0.2816486358642578,-0.025127410888671875,0.0316009521484375,-0.01305389404296875,0.0020608901977539062,-1.33514404296875e-05,-0.03451347351074219,-0.3347034454345703,0.3668060302734375,-0.00028228759765625,0.0027379989624023438,-0.015760421752929688,-0.017594337463378906,0.0019588470458984375,-0.09023666381835938,-0.17776107788085938,-0.3007526397705078,-0.005359649658203125,-0.015341758728027344,-0.01486968994140625,-0.020633697509765625,-0.0003299713134765625,-0.04334449768066406,-0.12144279479980469,-0.5680389404296875,-0.0024356842041015625,-0.033893585205078125,-0.021416664123535156,-0.006180763244628906,0.003954887390136719
2101.5,-0.14507102966308594,-0.22034454345703125,0.015872955322265625,0.023906707763671875,0.03262615203857422,-0.000316619873046875,-0.0005445480346679688,0.0014171600341796875,-0.11411666870117188,-0.43689727783203125,-0.17737579345703125,-0.008943557739257812,-0.0034084320068359375,-0.0066547393798828125,-0.0034084320068359375,0.0002422332763671875,-0.05756378173828125,-0.13187408447265625,-0.2816486358642578,-0.025127410888671875,0.0316009521484375,-0.01305389404296875,0.0020608901977539062,-1.33514404296875e-05,-0.03451347351074219,-0.3347034454345703,0.3668060302734375,-0.00028228759765625,0.0027379989624023438,-0.015760421752929688,-0.017594337463378906,0.0019588470458984375,-0.09023666381835938,-0.17776107788085938,-0.3007526397705078,-0.005359649658203125,-0.015341758728027344,-0.01486968994140625,-0.020633697509765625,-0.0003299713134765625,-0.04334449768066406,-0.12144279479980469,-0.5680389404296875,-0.0024356842041015625,-0.033893585205078125,-0.021416664123535156,-0.006180763244628906,0.003954887390136719
2102.5,-0.14507102966308594,-0.22034454345703125,0.015872955322265625,0.023906707763671875,0.03262615203857422,-0.000316619873046875,-0.0005445480346679688,0.0014171600341796875,-0.11411666870117188,-0.43689727783203125,-0.17737579345703125,-0.008943557739257812,-0.0034084320068359375,-0.0066547393798828125,-0.0034084320068359375,0.0002422332763671875,-0.05756378173828125,-0.13187408447265625,-0.2816486358642578,-0.025127410888671875,0.0316009521484375,-0.01305389404296875,0.0020608901977539062,-1.33514404296875e-05,-0.03451347351074219,-0.3347034454345703,0.3668060302734375,-0.00028228759765625,0.0027379989624023438,-0.015760421752929688,-0.017594337463378906,0.0019588470458984375,-0.09023666381835938,-0.17776107788085938,-0.3007526397705078,-0.005359649658203125,-0.015341758728027344,-0.01486968994140625,-0.020633697509765625,-0.0003299713134765625,-0.04334449768066406,-0.12144279479980469,-0.5680389404296875,-0.0024356842041015625,-0.033893585205078125,-0.021416664123535156,-0.006180763244628906,0.003954887390136719
2103.5,-0.14507102966308594,-0.22034454345703125,0.015872955322265625,0.023906707763671875,0.03262615203857422,-0.000316619873046875,-0.0005445480346679688,0.0014171600341796875,-0.11411666870117188,-0.43689727783203125,-0.17737579345703125,-0.008943557739257812,-0.0034084320068359375,-0.0066547393798828125,-0.0034084320068359375,0.0002422332763671875,-0.05756378173828125,-0.13187408447265625,-0.2816486358642578,-0.025127410888671875,0.0316009521484375,-0.01305389404296875,0.0020608901977539062,-1.33514404296875e-05,-0.03451347351074219,-0.3347034454345703,0.3668060302734375,-0.00028228759765625,0.0027379989624023438,-0.015760421752929688,-0.017594337463378906,0.0019588470458984375,-0.09023666381835938,-0.17776107788085938,-0.3007526397705078,-0.005359649658203125,-0.015341758728027344,-0.01486968994140625,-0.020633697509765625,-0.0003299713134765625,-0.04334449768066406,-0.12144279479980469,-0.5680389404296875,-0.0024356842041015625,-0.033893585205078125,-0.021416664123535156,-0.006180763244628906,0.003954887390136719
2104.5,-0.14507102966308594,-0.22034454345703125,0.015872955322265625,0.023906707763671875,0.03262615203857422,-0.000316619873046875,-0.0005445480346679688,0.0014171600341796875,-0.11411666870117188,-0.43689727783203125,-0.17737579345703125,-0.008943557739257812,-0.0034084320068359375,-0.0066547393798828125,-0.0034084320068359375,0.0002422332763671875,-0.05756378173828125,-0.13187408447265625,-0.2816486358642578,-0.025127410888671875,0.0316009521484375,-0.01305389404296875,0.0020608901977539062,-1.33514404296875e-05,-0.03451347351074219,-0.3347034454345703,0.3668060302734375,-0.00028228759765625,0.0027379989624023438,-0.015760421752929688,-0.017594337463378906,0.0019588470458984375,-0.09023666381835938,-0.17776107788085938,-0.3007526397705078,-0.005359649658203125,-0.015341758728027344,-0.01486968994140625,-0.020633697509765625,-0.0003299713134765625,-0.04334449768066406,-0.12144279479980469,-0.5680389404296875,-0.0024356842041015625,-0.033893585205078125,-0.021416664123535156,-0.006180763244628906,0.003954887390136719
2105.5,-0.14507102966308594,-0.22034454345703125,0.015872955322265625,0.023906707763671875,0.03262615203857422,-0.000316619873046875,-0.0005445480346679688,0.0014171600341796875,-0.11411666870117188,-0.43689727783203125,-0.17737579345703125,-0.008943557739257812,-0.0034084320068359375,-0.0066547393798828125,-0.0034084320068359375,0.0002422332763671875,-0.05756378173828125,-0.13187408447265625,-0.2816486358642578,-0.025127410888671875,0.0316009521484375,-0.01305389404296875,0.0020608901977539062,-1.33514404296875e-05,-0.03451347351074219,-0.3347034454345703,0.3668060302734375,-0.00028228759765625,0.0027379989624023438,-0.015760421752929688,-0.017594337463378906,0.0019588470458984375,-0.09023666381835938,-0.17776107788085938,-0.3007526397705078,-0.005359649658203125,-0.015341758728027344,-0.01486968994140625,-0.020633697509765625,-0.0003299713134765625,-0.04334449768066406,-0.12144279479980469,-0.5680389404296875,-0.0024356842041015625,-0.033893585205078125,-0.021416664123535156,-0.006180763244628906,0.003954887390136719
2106.5,-0.14507102966308594,-0.22034454345703125,0.015872955322265625,0.023906707763671875,0.03262615203857422,-0.000316619873046875,-0.0005445480346679688,0.0014171600341796875,-0.11411666870117188,-0.43689727783203125,-0.17737579345703125,-0.008943557739257812,-0.0034084320068359375,-0.0066547393798828125,-0.0034084320068359375,0.0002422332763671875,-0.05756378173828125,-0.13187408447265625,-0.2816486358642578,-0.025127410888671875,0.0316009521484375,-0.01305389404296875,0.0020608901977539062,-1.33514404296875e-05,-0.03451347351074219,-0.3347034454345703,0.3668060302734375,-0.00028228759765625,0.0027379989624023438,-0.015760421752929688,-0.017594337463378906,0.0019588470458984375,-0.09023666381835938,-0.17776107788085938,-0.3007526397705078,-0.005359649658203125,-0.015341758728027344,-0.01486968994140625,-0.020633697509765625,-0.0003299713134765625,-0.04334449768066406,-0.12144279479980469,-0.5680389404296875,-0.0024356842041015625,-0.033893585205078125,-0.021416664123535156,-0.006180763244628906,0.003954887390136719
2107.5,-0.14507102966308594,-0.22034454345703125,0.015872955322265625,0.023906707763671875,0.03262615203857422,-0.000316619873046875,-0.0005445480346679688,0.0014171600341796875,-0.11411666870117188,-0.43689727783203125,-0.17737579345703125,-0.008943557739257812,-0.0034084320068359375,-0.0066547393798828125,-0.0034084320068359375,0.0002422332763671875,-0.05756378173828125,-0.13187408447265625,-0.2816486358642578,-0.025127410888671875,0.0316009521484375,-0.01305389404296875,0.0020608901977539062,-1.33514404296875e-05,-0.03451347351074219,-0.3347034454345703,0.3668060302734375,-0.00028228759765625,0.0027379989624023438,-0.015760421752929688,-0.017594337463378906,0.0019588470458984375,-0.09023666381835938,-0.17776107788085938,-0.3007526397705078,-0.005359649658203125,-0.015341758728027344,-0.01486968994140625,-0.020633697509765625,-0.0003299713134765625,-0.04334449768066406,-0.12144279479980469,-0.5680389404296875,-0.0024356842041015625,-0.033893585205078125,-0.021416664123535156,-0.006180763244628906,0.003954887390136719
2108.5,-0.14507102966308594,-0.22034454345703125,0.015872955322265625,0.023906707763671875,0.03262615203857422,-0.000316619873046875,-0.0005445480346679688,0.0014171600341796875,-0.11411666870117188,-0.43689727783203125,-0.17737579345703125,-0.008943557739257812,-0.0034084320068359375,-0.0066547393798828125,-0.0034084320068359375,0.0002422332763671875,-0.05756378173828125,-0.13187408447265625,-0.2816486358642578,-0.025127410888671875,0.0316009521484375,-0.01305389404296875,0.0020608901977539062,-1.33514404296875e-05,-0.03451347351074219,-0.3347034454345703,0.3668060302734375,-0.00028228759765625,0.0027379989624023438,-0.015760421752929688,-0.017594337463378906,0.0019588470458984375,-0.09023666381835938,-0.17776107788085938,-0.3007526397705078,-0.005359649658203125,-0.015341758728027344,-0.01486968994140625,-0.020633697509765625,-0.0003299713134765625,-0.04334449768066406,-0.12144279479980469,-0.5680389404296875,-0.0024356842041015625,-0.033893585205078125,-0.021416664123535156,-0.006180763244628906,0.003954887390136719
2109.5,-0.14507102966308594,-0.22034454345703125,0.015872955322265625,0.023906707763671875,0.03262615203857422,-0.000316619873046875,-0.0005445480346679688,0.0014171600341796875,-0.11411666870117188,-0.43689727783203125,-0.17737579345703125,-0.008943557739257812,-0.0034084320068359375,-0.0066547393798828125,-0.0034084320068359375,0.0002422332763671875,-0.05756378173828125,-0.13187408447265625,-0.2816486358642578,-0.025127410888671875,0.0316009521484375,-0.01305389404296875,0.0020608901977539062,-1.33514404296875e-05,-0.03451347351074219,-0.3347034454345703,0.3668060302734375,-0.00028228759765625,0.0027379989624023438,-0.015760421752929688,-0.017594337463378906,0.0019588470458984375,-0.09023666381835938,-0.17776107788085938,-0.3007526397705078,-0.005359649658203125,-0.015341758728027344,-0.01486968994140625,-0.020633697509765625,-0.0003299713134765625,-0.04334449768066406,-0.12144279479980469,-0.5680389404296875,-0.0024356842041015625,-0.033893585205078125,-0.021416664123535156,-0.006180763244628906,0.003954887390136719
2110.5,-0.14507102966308594,-0.22034454345703125,0.015872955322265625,0.023906707763671875,0.03262615203857422,-0.000316619873046875,-0.0005445480346679688,0.0014171600341796875,-0.11411666870117188,-0.43689727783203125,-0.17737579345703125,-0.008943557739257812,-0.0034084320068359375,-0.0066547393798828125,-0.0034084320068359375,0.0002422332763671875,-0.05756378173828125,-0.13187408447265625,-0.2816486358642578,-0.025127410888671875,0.0316009521484375,-0.01305389404296875,0.0020608901977539062,-1.33514404296875e-05,-0.03451347351074219,-0.3347034454345703,0.3668060302734375,-0.00028228759765625,0.0027379989624023438,-0.015760421752929688,-0.017594337463378906,0.0019588470458984375,-0.09023666381835938,-0.17776107788085938,-0.3007526397705078,-0.005359649658203125,-0.015341758728027344,-0.01486968994140625,-0.020633697509765625,-0.0003299713134765625,-0.04334449768066406,-0.12144279479980469,-0.5680389404296875,-0.0024356842041015625,-0.033893585205078125,-0.021416664123535156,-0.006180763244628906,0.003954887390136719
2111.5,-0.14507102966308594,-0.22034454345703125,0.015872955322265625,0.023906707763671875,0.03262615203857422,-0.000316619873046875,-0.0005445480346679688,0.0014171600341796875,-0.11411666870117188,-0.43689727783203125,-0.17737579345703125,-0.008943557739257812,-0.0034084320068359375,-0.0066547393798828125,-0.0034084320068359375,0.0002422332763671875,-0.05756378173828125,-0.13187408447265625,-0.2816486358642578,-0.025127410888671875,0.0316009521484375,-0.01305389404296875,0.0020608901977539062,-1.33514404296875e-05,-0.03451347351074219,-0.3347034454345703,0.3668060302734375,-0.00028228759765625,0.0027379989624023438,-0.015760421752929688,-0.017594337463378906,0.0019588470458984375,-0.09023666381835938,-0.17776107788085938,-0.3007526397705078,-0.005359649658203125,-0.015341758728027344,-0.01486968994140625,-0.020633697509765625,-0.0003299713134765625,-0.04334449768066406,-0.12144279479980469,-0.5680389404296875,-0.0024356842041015625,-0.033893585205078125,-0.021416664123535156,-0.006180763244628906,0.003954887390136719
2112.5,-0.14507102966308594,-0.22034454345703125,0.015872955322265625,0.023906707763671875,0.03262615203857422,-0.000316619873046875,-0.0005445480346679688,0.0014171600341796875,-0.11411666870117188,-0.43689727783203125,-0.17737579345703125,-0.008943557739257812,-0.0034084320068359375,-0.0066547393798828125,-0.0034084320068359375,0.0002422332763671875,-0.05756378173828125,-0.13187408447265625,-0.2816486358642578,-0.025127410888671875,0.0316009521484375,-0.01305389404296875,0.0020608901977539062,-1.33514404296875e-05,-0.03451347351074219,-0.3347034454345703,0.3668060302734375,-0.00028228759765625,0.0027379989624023438,-0.015760421752929688,-0.017594337463378906,0.0019588470458984375,-0.09023666381835938,-0.17776107788085938,-0.3007526397705078,-0.005359649658203125,-0.015341758728027344,-0.01486968994140625,-0.020633697509765625,-0.0003299713134765625,-0.04334449768066406,-0.12144279479980469,-0.5680389404296875,-0.0024356842041015625,-0.033893585205078125,-0.021416664123535156,-0.006180763244628906,0.003954887390136719
2113.5,-0.14507102966308594,-0.22034454345703125,0.015872955322265625,0.023906707763671875,0.03262615203857422,-0.000316619873046875,-0.0005445480346679688,0.0014171600341796875,-0.11411666870117188,-0.43689727783203125,-0.17737579345703125,-0.008943557739257812,-0.0034084320068359375,-0.0066547393798828125,-0.0034084320068359375,0.0002422332763671875,-0.05756378173828125,-0.13187408447265625,-0.2816486358642578,-0.025127410888671875,0.0316009521484375,-0.01305389404296875,0.0020608901977539062,-1.33514404296875e-05,-0.03451347351074219,-0.3347034454345703,0.3668060302734375,-0.00028228759765625,0.0027379989624023438,-0.015760421752929688,-0.017594337463378906,0.0019588470458984375,-0.09023666381835938,-0.17776107788085938,-0.3007526397705078,-0.005359649658203125,-0.015341758728027344,-0.01486968994140625,-0.020633697509765625,-0.0003299713134765625,-0.04334449768066406,-0.12144279479980469,-0.5680389404296875,-0.0024356842041015625,-0.033893585205078125,-0.021416664123535156,-0.006180763244628906,0.003954887390136719
2114.5,-0.14507102966308594,-0.22034454345703125,0.015872955322265625,0.023906707763671875,0.03262615203857422,-0.000316619873046875,-0.0005445480346679688,0.0014171600341796875,-0.11411666870117188,-0.43689727783203125,-0.17737579345703125,-0.008943557739257812,-0.0034084320068359375,-0.0066547393798828125,-0.0034084320068359375,0.0002422332763671875,-0.05756378173828125,-0.13187408447265625,-0.2816486358642578,-0.025127410888671875,0.0316009521484375,-0.01305389404296875,0.0020608901977539062,-1.33514404296875e-05,-0.03451347351074219,-0.3347034454345703,0.3668060302734375,-0.00028228759765625,0.0027379989624023438,-0.015760421752929688,-0.017594337463378906,0.0019588470458984375,-0.09023666381835938,-0.17776107788085938,-0.3007526397705078,-0.005359649658203125,-0.015341758728027344,-0.01486968994140625,-0.020633697509765625,-0.0003299713134765625,-0.04334449768066406,-0.12144279479980469,-0.5680389404296875,-0.0024356842041015625,-0.033893585205078125,-0.021416664123535156,-0.006180763244628906,0.003954887390136719
2115.5,-0.14507102966308594,-0.22034454345703125,0.015872955322265625,0.023906707763671875,0.03262615203857422,-0.000316619873046875,-0.0005445480346679688,0.0014171600341796875,-0.11411666870117188,-0.43689727783203125,-0.17737579345703125,-0.008943557739257812,-0.0034084320068359375,-0.0066547393798828125,-0.0034084320068359375,0.0002422332763671875,-0.05756378173828125,-0.13187408447265625,-0.2816486358642578,-0.025127410888671875,0.0316009521484375,-0.01305389404296875,0.0020608901977539062,-1.33514404296875e-05,-0.03451347351074219,-0.3347034454345703,0.3668060302734375,-0.00028228759765625,0.0027379989624023438,-0.015760421752929688,-0.017594337463378906,0.0019588470458984375,-0.09023666381835938,-0.17776107788085938,-0.3007526397705078,-0.005359649658203125,-0.015341758728027344,-0.01486968994140625,-0.020633697509765625,-0.0003299713134765625,-0.04334449768066406,-0.12144279479980469,-0.5680389404296875,-0.0024356842041015625,-0.033893585205078125,-0.021416664123535156,-0.006180763244628906,0.003954887390136719
2116.5,-0.14507102966308594,-0.22034454345703125,0.015872955322265625,0.023906707763671875,0.03262615203857422,-0.000316619873046875,-0.0005445480346679688,0.0014171600341796875,-0.11411666870117188,-0.43689727783203125,-0.17737579345703125,-0.008943557739257812,-0.0034084320068359375,-0.0066547393798828125,-0.0034084320068359375,0.0002422332763671875,-0.05756378173828125,-0.13187408447265625,-0.2816486358642578,-0.025127410888671875,0.0316009521484375,-0.01305389404296875,0.0020608901977539062,-1.33514404296875e-05,-0.03451347351074219,-0.3347034454345703,0.3668060302734375,-0.00028228759765625,0.0027379989624023438,-0.015760421752929688,-0.017594337463378906,0.0019588470458984375,-0.09023666381835938,-0.17776107788085938,-0.3007526397705078,-0.005359649658203125,-0.015341758728027344,-0.01486968994140625,-0.020633697509765625,-0.0003299713134765625,-0.04334449768066406,-0.12144279479980469,-0.5680389404296875,-0.0024356842041015625,-0.033893585205078125,-0.021416664123535156,-0.006180763244628906,0.003954887390136719
2117.5,-0.14507102966308594,-0.22034454345703125,0.015872955322265625,0.023906707763671875,0.03262615203857422,-0.000316619873046875,-0.0005445480346679688,0.0014171600341796875,-0.11411666870117188,-0.43689727783203125,-0.17737579345703125,-0.008943557739257812,-0.0034084320068359375,-0.0066547393798828125,-0.0034084320068359375,0.0002422332763671875,-0.05756378173828125,-0.13187408447265625,-0.2816486358642578,-0.025127410888671875,0.0316009521484375,-0.01305389404296875,0.0020608901977539062,-1.33514404296875e-05,-0.03451347351074219,-0.3347034454345703,0.3668060302734375,-0.00028228759765625,0.0027379989624023438,-0.015760421752929688,-0.017594337463378906,0.0019588470458984375,-0.09023666381835938,-0.17776107788085938,-0.3007526397705078,-0.005359649658203125,-0.015341758728027344,-0.01486968994140625,-0.020633697509765625,-0.0003299713134765625,-0.04334449768066406,-0.12144279479980469,-0.5680389404296875,-0.0024356842041015625,-0.033893585205078125,-0.021416664123535156,-0.006180763244628906,0.003954887390136719
2118.5,-0.14507102966308594,-0.22034454345703125,0.015872955322265625,0.023906707763671875,0.03262615203857422,-0.000316619873046875,-0.0005445480346679688,0.0014171600341796875,-0.11411666870117188,-0.43689727783203125,-0.17737579345703125,-0.008943557739257812,-0.0034084320068359375,-0.0066547393798828125,-0.0034084320068359375,0.0002422332763671875,-0.05756378173828125,-0.13187408447265625,-0.2816486358642578,-0.025127410888671875,0.0316009521484375,-0.01305389404296875,0.0020608901977539062,-1.33514404296875e-05,-0.03451347351074219,-0.3347034454345703,0.3668060302734375,-0.00028228759765625,0.0027379989624023438,-0.015760421752929688,-0.017594337463378906,0.0019588470458984375,-0.09023666381835938,-0.17776107788085938,-0.3007526397705078,-0.005359649658203125,-0.015341758728027344,-0.01486968994140625,-0.020633697509765625,-0.0003299713134765625,-0.04334449768066406,-0.12144279479980469,-0.5680389404296875,-0.0024356842041015625,-0.033893585205078125,-0.021416664123535156,-0.006180763244628906,0.003954887390136719
2119.5,-0.14507102966308594,-0.22034454345703125,0.015872955322265625,0.023906707763671875,0.03262615203857422,-0.000316619873046875,-0.0005445480346679688,0.0014171600341796875,-0.11411666870117188,-0.43689727783203125,-0.17737579345703125,-0.008943557739257812,-0.0034084320068359375,-0.0066547393798828125,-0.0034084320068359375,0.0002422332763671875,-0.05756378173828125,-0.13187408447265625,-0.2816486358642578,-0.025127410888671875,0.0316009521484375,-0.01305389404296875,0.0020608901977539062,-1.33514404296875e-05,-0.03451347351074219,-0.3347034454345703,0.3668060302734375,-0.00028228759765625,0.0027379989624023438,-0.015760421752929688,-0.017594337463378906,0.0019588470458984375,-0.09023666381835938,-0.17776107788085938,-0.3007526397705078,-0.005359649658203125,-0.015341758728027344,-0.01486968994140625,-0.020633697509765625,-0.0003299713134765625,-0.04334449768066406,-0.12144279479980469,-0.5680389404296875,-0.0024356842041015625,-0.033893585205078125,-0.021416664123535156,-0.006180763244628906,0.003954887390136719
2120.5,-0.14507102966308594,-0.22034454345703125,0.015872955322265625,0.023906707763671875,0.03262615203857422,-0.000316619873046875,-0.0005445480346679688,0.0014171600341796875,-0.11411666870117188,-0.43689727783203125,-0.17737579345703125,-0.008943557739257812,-0.0034084320068359375,-0.0066547393798828125,-0.0034084320068359375,0.0002422332763671875,-0.05756378173828125,-0.13187408447265625,-0.2816486358642578,-0.025127410888671875,0.0316009521484375,-0.01305389404296875,0.0020608901977539062,-1.33514404296875e-05,-0.03451347351074219,-0.3347034454345703,0.3668060302734375,-0.00028228759765625,0.0027379989624023438,-0.015760421752929688,-0.017594337463378906,0.0019588470458984375,-0.09023666381835938,-0.17776107788085938,-0.3007526397705078,-0.005359649658203125,-0.015341758728027344,-0.01486968994140625,-0.020633697509765625,-0.0003299713134765625,-0.04334449768066406,-0.12144279479980469,-0.5680389404296875,-0.0024356842041015625,-0.033893585205078125,-0.021416664123535156,-0.006180763244628906,0.003954887390136719
2121.5,-0.14507102966308594,-0.22034454345703125,0.015872955322265625,0.023906707763671875,0.03262615203857422,-0.000316619873046875,-0.0005445480346679688,0.0014171600341796875,-0.11411666870117188,-0.43689727783203125,-0.17737579345703125,-0.008943557739257812,-0.0034084320068359375,-0.0066547393798828125,-0.0034084320068359375,0.0002422332763671875,-0.05756378173828125,-0.13187408447265625,-0.2816486358642578,-0.025127410888671875,0.0316009521484375,-0.01305389404296875,0.0020608901977539062,-1.33514404296875e-05,-0.03451347351074219,-0.3347034454345703,0.3668060302734375,-0.00028228759765625,0.0027379989624023438,-0.015760421752929688,-0.017594337463378906,0.0019588470458984375,-0.09023666381835938,-0.17776107788085938,-0.3007526397705078,-0.005359649658203125,-0.015341758728027344,-0.01486968994140625,-0.020633697509765625,-0.0003299713134765625,-0.04334449768066406,-0.12144279479980469,-0.5680389404296875,-0.0024356842041015625,-0.033893585205078125,-0.021416664123535156,-0.006180763244628906,0.003954887390136719
2122.5,-0.14507102966308594,-0.22034454345703125,0.015872955322265625,0.023906707763671875,0.03262615203857422,-0.000316619873046875,-0.0005445480346679688,0.0014171600341796875,-0.11411666870117188,-0.43689727783203125,-0.17737579345703125,-0.008943557739257812,-0.0034084320068359375,-0.0066547393798828125,-0.0034084320068359375,0.0002422332763671875,-0.05756378173828125,-0.13187408447265625,-0.2816486358642578,-0.025127410888671875,0.0316009521484375,-0.01305389404296875,0.0020608901977539062,-1.33514404296875e-05,-0.03451347351074219,-0.3347034454345703,0.3668060302734375,-0.00028228759765625,0.0027379989624023438,-0.015760421752929688,-0.017594337463378906,0.0019588470458984375,-0.09023666381835938,-0.17776107788085938,-0.3007526397705078,-0.005359649658203125,-0.015341758728027344,-0.01486968994140625,-0.020633697509765625,-0.0003299713134765625,-0.04334449768066406,-0.12144279479980469,-0.5680389404296875,-0.0024356842041015625,-0.033893585205078125,-0.021416664123535156,-0.006180763244628906,0.003954887390136719
2123.5,-0.14507102966308594,-0.22034454345703125,0.015872955322265625,0.023906707763671875,0.03262615203857422,-0.000316619873046875,-0.0005445480346679688,0.0014171600341796875,-0.11411666870117188,-0.43689727783203125,-0.17737579345703125,-0.008943557739257812,-0.0034084320068359375,-0.0066547393798828125,-0.0034084320068359375,0.0002422332763671875,-0.05756378173828125,-0.13187408447265625,-0.2816486358642578,-0.025127410888671875,0.0316009521484375,-0.01305389404296875,0.0020608901977539062,-1.33514404296875e-05,-0.03451347351074219,-0.3347034454345703,0.3668060302734375,-0.00028228759765625,0.0027379989624023438,-0.015760421752929688,-0.017594337463378906,0.0019588470458984375,-0.09023666381835938,-0.17776107788085938,-0.3007526397705078,-0.005359649658203125,-0.015341758728027344,-0.01486968994140625,-0.020633697509765625,-0.0003299713134765625,-0.04334449768066406,-0.12144279479980469,-0.5680389404296875,-0.0024356842041015625,-0.033893585205078125,-0.021416664123535156,-0.006180763244628906,0.003954887390136719
2124.5,-0.14507102966308594,-0.22034454345703125,0.015872955322265625,0.023906707763671875,0.03262615203857422,-0.000316619873046875,-0.0005445480346679688,0.0014171600341796875,-0.11411666870117188,-0.43689727783203125,-0.17737579345703125,-0.008943557739257812,-0.0034084320068359375,-0.0066547393798828125,-0.0034084320068359375,0.0002422332763671875,-0.05756378173828125,-0.13187408447265625,-0.2816486358642578,-0.025127410888671875,0.0316009521484375,-0.01305389404296875,0.0020608901977539062,-1.33514404296875e-05,-0.03451347351074219,-0.3347034454345703,0.3668060302734375,-0.00028228759765625,0.0027379989624023438,-0.015760421752929688,-0.017594337463378906,0.0019588470458984375,-0.09023666381835938,-0.17776107788085938,-0.3007526397705078,-0.005359649658203125,-0.015341758728027344,-0.01486968994140625,-0.020633697509765625,-0.0003299713134765625,-0.04334449768066406,-0.12144279479980469,-0.5680389404296875,-0.0024356842041015625,-0.033893585205078125,-0.021416664123535156,-0.006180763244628906,0.003954887390136719
2125.5,-0.14507102966308594,-0.22034454345703125,0.015872955322265625,0.023906707763671875,0.03262615203857422,-0.000316619873046875,-0.0005445480346679688,0.0014171600341796875,-0.11411666870117188,-0.43689727783203125,-0.17737579345703125,-0.008943557739257812,-0.0034084320068359375,-0.0066547393798828125,-0.0034084320068359375,0.0002422332763671875,-0.05756378173828125,-0.13187408447265625,-0.2816486358642578,-0.025127410888671875,0.0316009521484375,-0.01305389404296875,0.0020608901977539062,-1.33514404296875e-05,-0.03451347351074219,-0.3347034454345703,0.3668060302734375,-0.00028228759765625,0.0027379989624023438,-0.015760421752929688,-0.017594337463378906,0.0019588470458984375,-0.09023666381835938,-0.17776107788085938,-0.3007526397705078,-0.005359649658203125,-0.015341758728027344,-0.01486968994140625,-0.020633697509765625,-0.0003299713134765625,-0.04334449768066406,-0.12144279479980469,-0.5680389404296875,-0.0024356842041015625,-0.033893585205078125,-0.021416664123535156,-0.006180763244628906,0.003954887390136719
2126.5,-0.14507102966308594,-0.22034454345703125,0.015872955322265625,0.023906707763671875,0.03262615203857422,-0.000316619873046875,-0.0005445480346679688,0.0014171600341796875,-0.11411666870117188,-0.43689727783203125,-0.17737579345703125,-0.008943557739257812,-0.0034084320068359375,-0.0066547393798828125,-0.0034084320068359375,0.0002422332763671875,-0.05756378173828125,-0.13187408447265625,-0.2816486358642578,-0.025127410888671875,0.0316009521484375,-0.01305389404296875,0.0020608901977539062,-1.33514404296875e-05,-0.03451347351074219,-0.3347034454345703,0.3668060302734375,-0.00028228759765625,0.0027379989624023438,-0.015760421752929688,-0.017594337463378906,0.0019588470458984375,-0.09023666381835938,-0.17776107788085938,-0.3007526397705078,-0.005359649658203125,-0.015341758728027344,-0.01486968994140625,-0.020633697509765625,-0.0003299713134765625,-0.04334449768066406,-0.12144279479980469,-0.5680389404296875,-0.0024356842041015625,-0.033893585205078125,-0.021416664123535156,-0.006180763244628906,0.003954887390136719
2127.5,-0.14507102966308594,-0.22034454345703125,0.015872955322265625,0.023906707763671875,0.03262615203857422,-0.000316619873046875,-0.0005445480346679688,0.0014171600341796875,-0.11411666870117188,-0.43689727783203125,-0.17737579345703125,-0.008943557739257812,-0.0034084320068359375,-0.0066547393798828125,-0.0034084320068359375,0.0002422332763671875,-0.05756378173828125,-0.13187408447265625,-0.2816486358642578,-0.025127410888671875,0.0316009521484375,-0.01305389404296875,0.0020608901977539062,-1.33514404296875e-05,-0.03451347351074219,-0.3347034454345703,0.3668060302734375,-0.00028228759765625,0.0027379989624023438,-0.015760421752929688,-0.017594337463378906,0.0019588470458984375,-0.09023666381835938,-0.17776107788085938,-0.3007526397705078,-0.005359649658203125,-0.015341758728027344,-0.01486968994140625,-0.020633697509765625,-0.0003299713134765625,-0.04334449768066406,-0.12144279479980469,-0.5680389404296875,-0.0024356842041015625,-0.033893585205078125,-0.021416664123535156,-0.006180763244628906,0.003954887390136719
2128.5,-0.14507102966308594,-0.22034454345703125,0.015872955322265625,0.023906707763671875,0.03262615203857422,-0.000316619873046875,-0.0005445480346679688,0.0014171600341796875,-0.11411666870117188,-0.43689727783203125,-0.17737579345703125,-0.008943557739257812,-0.0034084320068359375,-0.0066547393798828125,-0.0034084320068359375,0.0002422332763671875,-0.05756378173828125,-0.13187408447265625,-0.2816486358642578,-0.025127410888671875,0.0316009521484375,-0.01305389404296875,0.0020608901977539062,-1.33514404296875e-05,-0.03451347351074219,-0.3347034454345703,0.3668060302734375,-0.00028228759765625,0.0027379989624023438,-0.015760421752929688,-0.017594337463378906,0.0019588470458984375,-0.09023666381835938,-0.17776107788085938,-0.3007526397705078,-0.005359649658203125,-0.015341758728027344,-0.01486968994140625,-0.020633697509765625,-0.0003299713134765625,-0.04334449768066406,-0.12144279479980469,-0.5680389404296875,-0.0024356842041015625,-0.033893585205078125,-0.021416664123535156,-0.006180763244628906,0.003954887390136719
2129.5,-0.14507102966308594,-0.22034454345703125,0.015872955322265625,0.023906707763671875,0.03262615203857422,-0.000316619873046875,-0.0005445480346679688,0.0014171600341796875,-0.11411666870117188,-0.43689727783203125,-0.17737579345703125,-0.008943557739257812,-0.0034084320068359375,-0.0066547393798828125,-0.0034084320068359375,0.0002422332763671875,-0.05756378173828125,-0.13187408447265625,-0.2816486358642578,-0.025127410888671875,0.0316009521484375,-0.01305389404296875,0.0020608901977539062,-1.33514404296875e-05,-0.03451347351074219,-0.3347034454345703,0.3668060302734375,-0.00028228759765625,0.0027379989624023438,-0.015760421752929688,-0.017594337463378906,0.0019588470458984375,-0.09023666381835938,-0.17776107788085938,-0.3007526397705078,-0.005359649658203125,-0.015341758728027344,-0.01486968994140625,-0.020633697509765625,-0.0003299713134765625,-0.04334449768066406,-0.12144279479980469,-0.5680389404296875,-0.0024356842041015625,-0.033893585205078125,-0.021416664123535156,-0.006180763244628906,0.003954887390136719
2130.5,-0.14507102966308594,-0.22034454345703125,0.015872955322265625,0.023906707763671875,0.03262615203857422,-0.000316619873046875,-0.0005445480346679688,0.0014171600341796875,-0.11411666870117188,-0.43689727783203125,-0.17737579345703125,-0.008943557739257812,-0.0034084320068359375,-0.0066547393798828125,-0.0034084320068359375,0.0002422332763671875,-0.05756378173828125,-0.13187408447265625,-0.2816486358642578,-0.025127410888671875,0.0316009521484375,-0.01305389404296875,0.0020608901977539062,-1.33514404296875e-05,-0.03451347351074219,-0.3347034454345703,0.3668060302734375,-0.00028228759765625,0.0027379989624023438,-0.015760421752929688,-0.017594337463378906,0.0019588470458984375,-0.09023666381835938,-0.17776107788085938,-0.3007526397705078,-0.005359649658203125,-0.015341758728027344,-0.01486968994140625,-0.020633697509765625,-0.0003299713134765625,-0.04334449768066406,-0.12144279479980469,-0.5680389404296875,-0.0024356842041015625,-0.033893585205078125,-0.021416664123535156,-0.006180763244628906,0.003954887390136719
2131.5,-0.14507102966308594,-0.22034454345703125,0.015872955322265625,0.023906707763671875,0.03262615203857422,-0.000316619873046875,-0.0005445480346679688,0.0014171600341796875,-0.11411666870117188,-0.43689727783203125,-0.17737579345703125,-0.008943557739257812,-0.0034084320068359375,-0.0066547393798828125,-0.0034084320068359375,0.0002422332763671875,-0.05756378173828125,-0.13187408447265625,-0.2816486358642578,-0.025127410888671875,0.0316009521484375,-0.01305389404296875,0.0020608901977539062,-1.33514404296875e-05,-0.03451347351074219,-0.3347034454345703,0.3668060302734375,-0.00028228759765625,0.0027379989624023438,-0.015760421752929688,-0.017594337463378906,0.0019588470458984375,-0.09023666381835938,-0.17776107788085938,-0.3007526397705078,-0.005359649658203125,-0.015341758728027344,-0.01486968994140625,-0.020633697509765625,-0.0003299713134765625,-0.04334449768066406,-0.12144279479980469,-0.5680389404296875,-0.0024356842041015625,-0.033893585205078125,-0.021416664123535156,-0.006180763244628906,0.003954887390136719
2132.5,-0.14507102966308594,-0.22034454345703125,0.015872955322265625,0.023906707763671875,0.03262615203857422,-0.000316619873046875,-0.0005445480346679688,0.0014171600341796875,-0.11411666870117188,-0.43689727783203125,-0.17737579345703125,-0.008943557739257812,-0.0034084320068359375,-0.0066547393798828125,-0.0034084320068359375,0.0002422332763671875,-0.05756378173828125,-0.13187408447265625,-0.2816486358642578,-0.025127410888671875,0.0316009521484375,-0.01305389404296875,0.0020608901977539062,-1.33514404296875e-05,-0.03451347351074219,-0.3347034454345703,0.3668060302734375,-0.00028228759765625,0.0027379989624023438,-0.015760421752929688,-0.017594337463378906,0.0019588470458984375,-0.09023666381835938,-0.17776107788085938,-0.3007526397705078,-0.005359649658203125,-0.015341758728027344,-0.01486968994140625,-0.020633697509765625,-0.0003299713134765625,-0.04334449768066406,-0.12144279479980469,-0.5680389404296875,-0.0024356842041015625,-0.033893585205078125,-0.021416664123535156,-0.006180763244628906,0.003954887390136719
2133.5,-0.14507102966308594,-0.22034454345703125,0.015872955322265625,0.023906707763671875,0.03262615203857422,-0.000316619873046875,-0.0005445480346679688,0.0014171600341796875,-0.11411666870117188,-0.43689727783203125,-0.17737579345703125,-0.008943557739257812,-0.0034084320068359375,-0.0066547393798828125,-0.0034084320068359375,0.0002422332763671875,-0.05756378173828125,-0.13187408447265625,-0.2816486358642578,-0.025127410888671875,0.0316009521484375,-0.01305389404296875,0.0020608901977539062,-1.33514404296875e-05,-0.03451347351074219,-0.3347034454345703,0.3668060302734375,-0.00028228759765625,0.0027379989624023438,-0.015760421752929688,-0.017594337463378906,0.0019588470458984375,-0.09023666381835938,-0.17776107788085938,-0.3007526397705078,-0.005359649658203125,-0.015341758728027344,-0.01486968994140625,-0.020633697509765625,-0.0003299713134765625,-0.04334449768066406,-0.12144279479980469,-0.5680389404296875,-0.0024356842041015625,-0.033893585205078125,-0.021416664123535156,-0.006180763244628906,0.003954887390136719
2134.5,-0.14507102966308594,-0.22034454345703125,0.015872955322265625,0.023906707763671875,0.03262615203857422,-0.000316619873046875,-0.0005445480346679688,0.0014171600341796875,-0.11411666870117188,-0.43689727783203125,-0.17737579345703125,-0.008943557739257812,-0.0034084320068359375,-0.0066547393798828125,-0.0034084320068359375,0.0002422332763671875,-0.05756378173828125,-0.13187408447265625,-0.2816486358642578,-0.025127410888671875,0.0316009521484375,-0.01305389404296875,0.0020608901977539062,-1.33514404296875e-05,-0.03451347351074219,-0.3347034454345703,0.3668060302734375,-0.00028228759765625,0.0027379989624023438,-0.015760421752929688,-0.017594337463378906,0.0019588470458984375,-0.09023666381835938,-0.17776107788085938,-0.3007526397705078,-0.005359649658203125,-0.015341758728027344,-0.01486968994140625,-0.020633697509765625,-0.0003299713134765625,-0.04334449768066406,-0.12144279479980469,-0.5680389404296875,-0.0024356842041015625,-0.033893585205078125,-0.021416664123535156,-0.006180763244628906,0.003954887390136719
2135.5,-0.14507102966308594,-0.22034454345703125,0.015872955322265625,0.023906707763671875,0.03262615203857422,-0.000316619873046875,-0.0005445480346679688,0.0014171600341796875,-0.11411666870117188,-0.43689727783203125,-0.17737579345703125,-0.008943557739257812,-0.0034084320068359375,-0.0066547393798828125,-0.0034084320068359375,0.0002422332763671875,-0.05756378173828125,-0.13187408447265625,-0.2816486358642578,-0.025127410888671875,0.0316009521484375,-0.01305389404296875,0.0020608901977539062,-1.33514404296875e-05,-0.03451347351074219,-0.3347034454345703,0.3668060302734375,-0.00028228759765625,0.0027379989624023438,-0.015760421752929688,-0.017594337463378906,0.0019588470458984375,-0.09023666381835938,-0.17776107788085938,-0.3007526397705078,-0.005359649658203125,-0.015341758728027344,-0.01486968994140625,-0.020633697509765625,-0.0003299713134765625,-0.04334449768066406,-0.12144279479980469,-0.5680389404296875,-0.0024356842041015625,-0.033893585205078125,-0.021416664123535156,-0.006180763244628906,0.003954887390136719
2136.5,-0.14507102966308594,-0.22034454345703125,0.015872955322265625,0.023906707763671875,0.03262615203857422,-0.000316619873046875,-0.0005445480346679688,0.0014171600341796875,-0.11411666870117188,-0.43689727783203125,-0.17737579345703125,-0.008943557739257812,-0.0034084320068359375,-0.0066547393798828125,-0.0034084320068359375,0.0002422332763671875,-0.05756378173828125,-0.13187408447265625,-0.2816486358642578,-0.025127410888671875,0.0316009521484375,-0.01305389404296875,0.0020608901977539062,-1.33514404296875e-05,-0.03451347351074219,-0.3347034454345703,0.3668060302734375,-0.00028228759765625,0.0027379989624023438,-0.015760421752929688,-0.017594337463378906,0.0019588470458984375,-0.09023666381835938,-0.17776107788085938,-0.3007526397705078,-0.005359649658203125,-0.015341758728027344,-0.01486968994140625,-0.020633697509765625,-0.0003299713134765625,-0.04334449768066406,-0.12144279479980469,-0.5680389404296875,-0.0024356842041015625,-0.033893585205078125,-0.021416664123535156,-0.006180763244628906,0.003954887390136719
2137.5,-0.14507102966308594,-0.22034454345703125,0.015872955322265625,0.023906707763671875,0.03262615203857422,-0.000316619873046875,-0.0005445480346679688,0.0014171600341796875,-0.11411666870117188,-0.43689727783203125,-0.17737579345703125,-0.008943557739257812,-0.0034084320068359375,-0.0066547393798828125,-0.0034084320068359375,0.0002422332763671875,-0.05756378173828125,-0.13187408447265625,-0.2816486358642578,-0.025127410888671875,0.0316009521484375,-0.01305389404296875,0.0020608901977539062,-1.33514404296875e-05,-0.03451347351074219,-0.3347034454345703,0.3668060302734375,-0.00028228759765625,0.0027379989624023438,-0.015760421752929688,-0.017594337463378906,0.0019588470458984375,-0.09023666381835938,-0.17776107788085938,-0.3007526397705078,-0.005359649658203125,-0.015341758728027344,-0.01486968994140625,-0.020633697509765625,-0.0003299713134765625,-0.04334449768066406,-0.12144279479980469,-0.5680389404296875,-0.0024356842041015625,-0.033893585205078125,-0.021416664123535156,-0.006180763244628906,0.003954887390136719
2138.5,-0.14507102966308594,-0.22034454345703125,0.015872955322265625,0.023906707763671875,0.03262615203857422,-0.000316619873046875,-0.0005445480346679688,0.0014171600341796875,-0.11411666870117188,-0.43689727783203125,-0.17737579345703125,-0.008943557739257812,-0.0034084320068359375,-0.0066547393798828125,-0.0034084320068359375,0.0002422332763671875,-0.05756378173828125,-0.13187408447265625,-0.2816486358642578,-0.025127410888671875,0.0316009521484375,-0.01305389404296875,0.0020608901977539062,-1.33514404296875e-05,-0.03451347351074219,-0.3347034454345703,0.3668060302734375,-0.00028228759765625,0.0027379989624023438,-0.015760421752929688,-0.017594337463378906,0.0019588470458984375,-0.09023666381835938,-0.17776107788085938,-0.3007526397705078,-0.005359649658203125,-0.015341758728027344,-0.01486968994140625,-0.020633697509765625,-0.0003299713134765625,-0.04334449768066406,-0.12144279479980469,-0.5680389404296875,-0.0024356842041015625,-0.033893585205078125,-0.021416664123535156,-0.006180763244628906,0.003954887390136719
2139.5,-0.14507102966308594,-0.22034454345703125,0.015872955322265625,0.023906707763671875,0.03262615203857422,-0.000316619873046875,-0.0005445480346679688,0.0014171600341796875,-0.11411666870117188,-0.43689727783203125,-0.17737579345703125,-0.008943557739257812,-0.0034084320068359375,-0.0066547393798828125,-0.0034084320068359375,0.0002422332763671875,-0.05756378173828125,-0.13187408447265625,-0.2816486358642578,-0.025127410888671875,0.0316009521484375,-0.01305389404296875,0.0020608901977539062,-1.33514404296875e-05,-0.03451347351074219,-0.3347034454345703,0.3668060302734375,-0.00028228759765625,0.0027379989624023438,-0.015760421752929688,-0.017594337463378906,0.0019588470458984375,-0.09023666381835938,-0.17776107788085938,-0.3007526397705078,-0.005359649658203125,-0.015341758728027344,-0.01486968994140625,-0.020633697509765625,-0.0003299713134765625,-0.04334449768066406,-0.12144279479980469,-0.5680389404296875,-0.0024356842041015625,-0.033893585205078125,-0.021416664123535156,-0.006180763244628906,0.003954887390136719
2140.5,-0.14507102966308594,-0.22034454345703125,0.015872955322265625,0.023906707763671875,0.03262615203857422,-0.000316619873046875,-0.0005445480346679688,0.0014171600341796875,-0.11411666870117188,-0.43689727783203125,-0.17737579345703125,-0.008943557739257812,-0.0034084320068359375,-0.0066547393798828125,-0.0034084320068359375,0.0002422332763671875,-0.05756378173828125,-0.13187408447265625,-0.2816486358642578,-0.025127410888671875,0.0316009521484375,-0.01305389404296875,0.0020608901977539062,-1.33514404296875e-05,-0.03451347351074219,-0.3347034454345703,0.3668060302734375,-0.00028228759765625,0.0027379989624023438,-0.015760421752929688,-0.017594337463378906,0.0019588470458984375,-0.09023666381835938,-0.17776107788085938,-0.3007526397705078,-0.005359649658203125,-0.015341758728027344,-0.01486968994140625,-0.020633697509765625,-0.0003299713134765625,-0.04334449768066406,-0.12144279479980469,-0.5680389404296875,-0.0024356842041015625,-0.033893585205078125,-0.021416664123535156,-0.006180763244628906,0.003954887390136719
2141.5,-0.14507102966308594,-0.22034454345703125,0.015872955322265625,0.023906707763671875,0.03262615203857422,-0.000316619873046875,-0.0005445480346679688,0.0014171600341796875,-0.11411666870117188,-0.43689727783203125,-0.17737579345703125,-0.008943557739257812,-0.0034084320068359375,-0.0066547393798828125,-0.0034084320068359375,0.0002422332763671875,-0.05756378173828125,-0.13187408447265625,-0.2816486358642578,-0.025127410888671875,0.0316009521484375,-0.01305389404296875,0.0020608901977539062,-1.33514404296875e-05,-0.03451347351074219,-0.3347034454345703,0.3668060302734375,-0.00028228759765625,0.0027379989624023438,-0.015760421752929688,-0.017594337463378906,0.0019588470458984375,-0.09023666381835938,-0.17776107788085938,-0.3007526397705078,-0.005359649658203125,-0.015341758728027344,-0.01486968994140625,-0.020633697509765625,-0.0003299713134765625,-0.04334449768066406,-0.12144279479980469,-0.5680389404296875,-0.0024356842041015625,-0.033893585205078125,-0.021416664123535156,-0.006180763244628906,0.003954887390136719
2142.5,-0.14507102966308594,-0.22034454345703125,0.015872955322265625,0.023906707763671875,0.03262615203857422,-0.000316619873046875,-0.0005445480346679688,0.0014171600341796875,-0.11411666870117188,-0.43689727783203125,-0.17737579345703125,-0.008943557739257812,-0.0034084320068359375,-0.0066547393798828125,-0.0034084320068359375,0.0002422332763671875,-0.05756378173828125,-0.13187408447265625,-0.2816486358642578,-0.025127410888671875,0.0316009521484375,-0.01305389404296875,0.0020608901977539062,-1.33514404296875e-05,-0.03451347351074219,-0.3347034454345703,0.3668060302734375,-0.00028228759765625,0.0027379989624023438,-0.015760421752929688,-0.017594337463378906,0.0019588470458984375,-0.09023666381835938,-0.17776107788085938,-0.3007526397705078,-0.005359649658203125,-0.015341758728027344,-0.01486968994140625,-0.020633697509765625,-0.0003299713134765625,-0.04334449768066406,-0.12144279479980469,-0.5680389404296875,-0.0024356842041015625,-0.033893585205078125,-0.021416664123535156,-0.006180763244628906,0.003954887390136719
2143.5,-0.14507102966308594,-0.22034454345703125,0.015872955322265625,0.023906707763671875,0.03262615203857422,-0.000316619873046875,-0.0005445480346679688,0.0014171600341796875,-0.11411666870117188,-0.43689727783203125,-0.17737579345703125,-0.008943557739257812,-0.0034084320068359375,-0.0066547393798828125,-0.0034084320068359375,0.0002422332763671875,-0.05756378173828125,-0.13187408447265625,-0.2816486358642578,-0.025127410888671875,0.0316009521484375,-0.01305389404296875,0.0020608901977539062,-1.33514404296875e-05,-0.03451347351074219,-0.3347034454345703,0.3668060302734375,-0.00028228759765625,0.0027379989624023438,-0.015760421752929688,-0.017594337463378906,0.0019588470458984375,-0.09023666381835938,-0.17776107788085938,-0.3007526397705078,-0.005359649658203125,-0.015341758728027344,-0.01486968994140625,-0.020633697509765625,-0.0003299713134765625,-0.04334449768066406,-0.12144279479980469,-0.5680389404296875,-0.0024356842041015625,-0.033893585205078125,-0.021416664123535156,-0.006180763244628906,0.003954887390136719
2144.5,-0.14507102966308594,-0.22034454345703125,0.015872955322265625,0.023906707763671875,0.03262615203857422,-0.000316619873046875,-0.0005445480346679688,0.0014171600341796875,-0.11411666870117188,-0.43689727783203125,-0.17737579345703125,-0.008943557739257812,-0.0034084320068359375,-0.0066547393798828125,-0.0034084320068359375,0.0002422332763671875,-0.05756378173828125,-0.13187408447265625,-0.2816486358642578,-0.025127410888671875,0.0316009521484375,-0.01305389404296875,0.0020608901977539062,-1.33514404296875e-05,-0.03451347351074219,-0.3347034454345703,0.3668060302734375,-0.00028228759765625,0.0027379989624023438,-0.015760421752929688,-0.017594337463378906,0.0019588470458984375,-0.09023666381835938,-0.17776107788085938,-0.3007526397705078,-0.005359649658203125,-0.015341758728027344,-0.01486968994140625,-0.020633697509765625,-0.0003299713134765625,-0.04334449768066406,-0.12144279479980469,-0.5680389404296875,-0.0024356842041015625,-0.033893585205078125,-0.021416664123535156,-0.006180763244628906,0.003954887390136719
2145.5,-0.14507102966308594,-0.22034454345703125,0.015872955322265625,0.023906707763671875,0.03262615203857422,-0.000316619873046875,-0.0005445480346679688,0.0014171600341796875,-0.11411666870117188,-0.43689727783203125,-0.17737579345703125,-0.008943557739257812,-0.0034084320068359375,-0.0066547393798828125,-0.0034084320068359375,0.0002422332763671875,-0.05756378173828125,-0.13187408447265625,-0.2816486358642578,-0.025127410888671875,0.0316009521484375,-0.01305389404296875,0.0020608901977539062,-1.33514404296875e-05,-0.03451347351074219,-0.3347034454345703,0.3668060302734375,-0.00028228759765625,0.0027379989624023438,-0.015760421752929688,-0.017594337463378906,0.0019588470458984375,-0.09023666381835938,-0.17776107788085938,-0.3007526397705078,-0.005359649658203125,-0.015341758728027344,-0.01486968994140625,-0.020633697509765625,-0.0003299713134765625,-0.04334449768066406,-0.12144279479980469,-0.5680389404296875,-0.0024356842041015625,-0.033893585205078125,-0.021416664123535156,-0.006180763244628906,0.003954887390136719
2146.5,-0.14507102966308594,-0.22034454345703125,0.015872955322265625,0.023906707763671875,0.03262615203857422,-0.000316619873046875,-0.0005445480346679688,0.0014171600341796875,-0.11411666870117188,-0.43689727783203125,-0.17737579345703125,-0.008943557739257812,-0.0034084320068359375,-0.0066547393798828125,-0.0034084320068359375,0.0002422332763671875,-0.05756378173828125,-0.13187408447265625,-0.2816486358642578,-0.025127410888671875,0.0316009521484375,-0.01305389404296875,0.0020608901977539062,-1.33514404296875e-05,-0.03451347351074219,-0.3347034454345703,0.3668060302734375,-0.00028228759765625,0.0027379989624023438,-0.015760421752929688,-0.017594337463378906,0.0019588470458984375,-0.09023666381835938,-0.17776107788085938,-0.3007526397705078,-0.005359649658203125,-0.015341758728027344,-0.01486968994140625,-0.020633697509765625,-0.0003299713134765625,-0.04334449768066406,-0.12144279479980469,-0.5680389404296875,-0.0024356842041015625,-0.033893585205078125,-0.021416664123535156,-0.006180763244628906,0.003954887390136719
2147.5,-0.14507102966308594,-0.22034454345703125,0.015872955322265625,0.023906707763671875,0.03262615203857422,-0.000316619873046875,-0.0005445480346679688,0.0014171600341796875,-0.11411666870117188,-0.43689727783203125,-0.17737579345703125,-0.008943557739257812,-0.0034084320068359375,-0.0066547393798828125,-0.0034084320068359375,0.0002422332763671875,-0.05756378173828125,-0.13187408447265625,-0.2816486358642578,-0.025127410888671875,0.0316009521484375,-0.01305389404296875,0.0020608901977539062,-1.33514404296875e-05,-0.03451347351074219,-0.3347034454345703,0.3668060302734375,-0.00028228759765625,0.0027379989624023438,-0.015760421752929688,-0.017594337463378906,0.0019588470458984375,-0.09023666381835938,-0.17776107788085938,-0.3007526397705078,-0.005359649658203125,-0.015341758728027344,-0.01486968994140625,-0.020633697509765625,-0.0003299713134765625,-0.04334449768066406,-0.12144279479980469,-0.5680389404296875,-0.0024356842041015625,-0.033893585205078125,-0.021416664123535156,-0.006180763244628906,0.003954887390136719
2148.5,-0.14507102966308594,-0.22034454345703125,0.015872955322265625,0.023906707763671875,0.03262615203857422,-0.000316619873046875,-0.0005445480346679688,0.0014171600341796875,-0.11411666870117188,-0.43689727783203125,-0.17737579345703125,-0.008943557739257812,-0.0034084320068359375,-0.0066547393798828125,-0.0034084320068359375,0.0002422332763671875,-0.05756378173828125,-0.13187408447265625,-0.2816486358642578,-0.025127410888671875,0.0316009521484375,-0.01305389404296875,0.0020608901977539062,-1.33514404296875e-05,-0.03451347351074219,-0.3347034454345703,0.3668060302734375,-0.00028228759765625,0.0027379989624023438,-0.015760421752929688,-0.017594337463378906,0.0019588470458984375,-0.09023666381835938,-0.17776107788085938,-0.3007526397705078,-0.005359649658203125,-0.015341758728027344,-0.01486968994140625,-0.020633697509765625,-0.0003299713134765625,-0.04334449768066406,-0.12144279479980469,-0.5680389404296875,-0.0024356842041015625,-0.033893585205078125,-0.021416664123535156,-0.006180763244628906,0.003954887390136719
2149.5,-0.14507102966308594,-0.22034454345703125,0.015872955322265625,0.023906707763671875,0.03262615203857422,-0.000316619873046875,-0.0005445480346679688,0.0014171600341796875,-0.11411666870117188,-0.43689727783203125,-0.17737579345703125,-0.008943557739257812,-0.0034084320068359375,-0.0066547393798828125,-0.0034084320068359375,0.0002422332763671875,-0.05756378173828125,-0.13187408447265625,-0.2816486358642578,-0.025127410888671875,0.0316009521484375,-0.01305389404296875,0.0020608901977539062,-1.33514404296875e-05,-0.03451347351074219,-0.3347034454345703,0.3668060302734375,-0.00028228759765625,0.0027379989624023438,-0.015760421752929688,-0.017594337463378906,0.0019588470458984375,-0.09023666381835938,-0.17776107788085938,-0.3007526397705078,-0.005359649658203125,-0.015341758728027344,-0.01486968994140625,-0.020633697509765625,-0.0003299713134765625,-0.04334449768066406,-0.12144279479980469,-0.5680389404296875,-0.0024356842041015625,-0.033893585205078125,-0.021416664123535156,-0.006180763244628906,0.003954887390136719
2150.5,-0.14507102966308594,-0.22034454345703125,0.015872955322265625,0.023906707763671875,0.03262615203857422,-0.000316619873046875,-0.0005445480346679688,0.0014171600341796875,-0.11411666870117188,-0.43689727783203125,-0.17737579345703125,-0.008943557739257812,-0.0034084320068359375,-0.0066547393798828125,-0.0034084320068359375,0.0002422332763671875,-0.05756378173828125,-0.13187408447265625,-0.2816486358642578,-0.025127410888671875,0.0316009521484375,-0.01305389404296875,0.0020608901977539062,-1.33514404296875e-05,-0.03451347351074219,-0.3347034454345703,0.3668060302734375,-0.00028228759765625,0.0027379989624023438,-0.015760421752929688,-0.017594337463378906,0.0019588470458984375,-0.09023666381835938,-0.17776107788085938,-0.3007526397705078,-0.005359649658203125,-0.015341758728027344,-0.01486968994140625,-0.020633697509765625,-0.0003299713134765625,-0.04334449768066406,-0.12144279479980469,-0.5680389404296875,-0.0024356842041015625,-0.033893585205078125,-0.021416664123535156,-0.006180763244628906,0.003954887390136719
2151.5,-0.14507102966308594,-0.22034454345703125,0.015872955322265625,0.023906707763671875,0.03262615203857422,-0.000316619873046875,-0.0005445480346679688,0.0014171600341796875,-0.11411666870117188,-0.43689727783203125,-0.17737579345703125,-0.008943557739257812,-0.0034084320068359375,-0.0066547393798828125,-0.0034084320068359375,0.0002422332763671875,-0.05756378173828125,-0.13187408447265625,-0.2816486358642578,-0.025127410888671875,0.0316009521484375,-0.01305389404296875,0.0020608901977539062,-1.33514404296875e-05,-0.03451347351074219,-0.3347034454345703,0.3668060302734375,-0.00028228759765625,0.0027379989624023438,-0.015760421752929688,-0.017594337463378906,0.0019588470458984375,-0.09023666381835938,-0.17776107788085938,-0.3007526397705078,-0.005359649658203125,-0.015341758728027344,-0.01486968994140625,-0.020633697509765625,-0.0003299713134765625,-0.04334449768066406,-0.12144279479980469,-0.5680389404296875,-0.0024356842041015625,-0.033893585205078125,-0.021416664123535156,-0.006180763244628906,0.003954887390136719
2152.5,-0.14507102966308594,-0.22034454345703125,0.015872955322265625,0.023906707763671875,0.03262615203857422,-0.000316619873046875,-0.0005445480346679688,0.0014171600341796875,-0.11411666870117188,-0.43689727783203125,-0.17737579345703125,-0.008943557739257812,-0.0034084320068359375,-0.0066547393798828125,-0.0034084320068359375,0.0002422332763671875,-0.05756378173828125,-0.13187408447265625,-0.2816486358642578,-0.025127410888671875,0.0316009521484375,-0.01305389404296875,0.0020608901977539062,-1.33514404296875e-05,-0.03451347351074219,-0.3347034454345703,0.3668060302734375,-0.00028228759765625,0.0027379989624023438,-0.015760421752929688,-0.017594337463378906,0.0019588470458984375,-0.09023666381835938,-0.17776107788085938,-0.3007526397705078,-0.005359649658203125,-0.015341758728027344,-0.01486968994140625,-0.020633697509765625,-0.0003299713134765625,-0.04334449768066406,-0.12144279479980469,-0.5680389404296875,-0.0024356842041015625,-0.033893585205078125,-0.021416664123535156,-0.006180763244628906,0.003954887390136719
2153.5,-0.14507102966308594,-0.22034454345703125,0.015872955322265625,0.023906707763671875,0.03262615203857422,-0.000316619873046875,-0.0005445480346679688,0.0014171600341796875,-0.11411666870117188,-0.43689727783203125,-0.17737579345703125,-0.008943557739257812,-0.0034084320068359375,-0.0066547393798828125,-0.0034084320068359375,0.0002422332763671875,-0.05756378173828125,-0.13187408447265625,-0.2816486358642578,-0.025127410888671875,0.0316009521484375,-0.01305389404296875,0.0020608901977539062,-1.33514404296875e-05,-0.03451347351074219,-0.3347034454345703,0.3668060302734375,-0.00028228759765625,0.0027379989624023438,-0.015760421752929688,-0.017594337463378906,0.0019588470458984375,-0.09023666381835938,-0.17776107788085938,-0.3007526397705078,-0.005359649658203125,-0.015341758728027344,-0.01486968994140625,-0.020633697509765625,-0.0003299713134765625,-0.04334449768066406,-0.12144279479980469,-0.5680389404296875,-0.0024356842041015625,-0.033893585205078125,-0.021416664123535156,-0.006180763244628906,0.003954887390136719
2154.5,-0.14507102966308594,-0.22034454345703125,0.015872955322265625,0.023906707763671875,0.03262615203857422,-0.000316619873046875,-0.0005445480346679688,0.0014171600341796875,-0.11411666870117188,-0.43689727783203125,-0.17737579345703125,-0.008943557739257812,-0.0034084320068359375,-0.0066547393798828125,-0.0034084320068359375,0.0002422332763671875,-0.05756378173828125,-0.13187408447265625,-0.2816486358642578,-0.025127410888671875,0.0316009521484375,-0.01305389404296875,0.0020608901977539062,-1.33514404296875e-05,-0.03451347351074219,-0.3347034454345703,0.3668060302734375,-0.00028228759765625,0.0027379989624023438,-0.015760421752929688,-0.017594337463378906,0.0019588470458984375,-0.09023666381835938,-0.17776107788085938,-0.3007526397705078,-0.005359649658203125,-0.015341758728027344,-0.01486968994140625,-0.020633697509765625,-0.0003299713134765625,-0.04334449768066406,-0.12144279479980469,-0.5680389404296875,-0.0024356842041015625,-0.033893585205078125,-0.021416664123535156,-0.006180763244628906,0.003954887390136719
2155.5,-0.14507102966308594,-0.22034454345703125,0.015872955322265625,0.023906707763671875,0.03262615203857422,-0.000316619873046875,-0.0005445480346679688,0.0014171600341796875,-0.11411666870117188,-0.43689727783203125,-0.17737579345703125,-0.008943557739257812,-0.0034084320068359375,-0.0066547393798828125,-0.0034084320068359375,0.0002422332763671875,-0.05756378173828125,-0.13187408447265625,-0.2816486358642578,-0.025127410888671875,0.0316009521484375,-0.01305389404296875,0.0020608901977539062,-1.33514404296875e-05,-0.03451347351074219,-0.3347034454345703,0.3668060302734375,-0.00028228759765625,0.0027379989624023438,-0.015760421752929688,-0.017594337463378906,0.0019588470458984375,-0.09023666381835938,-0.17776107788085938,-0.3007526397705078,-0.005359649658203125,-0.015341758728027344,-0.01486968994140625,-0.020633697509765625,-0.0003299713134765625,-0.04334449768066406,-0.12144279479980469,-0.5680389404296875,-0.0024356842041015625,-0.033893585205078125,-0.021416664123535156,-0.006180763244628906,0.003954887390136719
2156.5,-0.14507102966308594,-0.22034454345703125,0.015872955322265625,0.023906707763671875,0.03262615203857422,-0.000316619873046875,-0.0005445480346679688,0.0014171600341796875,-0.11411666870117188,-0.43689727783203125,-0.17737579345703125,-0.008943557739257812,-0.0034084320068359375,-0.0066547393798828125,-0.0034084320068359375,0.0002422332763671875,-0.05756378173828125,-0.13187408447265625,-0.2816486358642578,-0.025127410888671875,0.0316009521484375,-0.01305389404296875,0.0020608901977539062,-1.33514404296875e-05,-0.03451347351074219,-0.3347034454345703,0.3668060302734375,-0.00028228759765625,0.0027379989624023438,-0.015760421752929688,-0.017594337463378906,0.0019588470458984375,-0.09023666381835938,-0.17776107788085938,-0.3007526397705078,-0.005359649658203125,-0.015341758728027344,-0.01486968994140625,-0.020633697509765625,-0.0003299713134765625,-0.04334449768066406,-0.12144279479980469,-0.5680389404296875,-0.0024356842041015625,-0.033893585205078125,-0.021416664123535156,-0.006180763244628906,0.003954887390136719
2157.5,-0.14507102966308594,-0.22034454345703125,0.015872955322265625,0.023906707763671875,0.03262615203857422,-0.000316619873046875,-0.0005445480346679688,0.0014171600341796875,-0.11411666870117188,-0.43689727783203125,-0.17737579345703125,-0.008943557739257812,-0.0034084320068359375,-0.0066547393798828125,-0.0034084320068359375,0.0002422332763671875,-0.05756378173828125,-0.13187408447265625,-0.2816486358642578,-0.025127410888671875,0.0316009521484375,-0.01305389404296875,0.0020608901977539062,-1.33514404296875e-05,-0.03451347351074219,-0.3347034454345703,0.3668060302734375,-0.00028228759765625,0.0027379989624023438,-0.015760421752929688,-0.017594337463378906,0.0019588470458984375,-0.09023666381835938,-0.17776107788085938,-0.3007526397705078,-0.005359649658203125,-0.015341758728027344,-0.01486968994140625,-0.020633697509765625,-0.0003299713134765625,-0.04334449768066406,-0.12144279479980469,-0.5680389404296875,-0.0024356842041015625,-0.033893585205078125,-0.021416664123535156,-0.006180763244628906,0.003954887390136719
2158.5,-0.14507102966308594,-0.22034454345703125,0.015872955322265625,0.023906707763671875,0.03262615203857422,-0.000316619873046875,-0.0005445480346679688,0.0014171600341796875,-0.11411666870117188,-0.43689727783203125,-0.17737579345703125,-0.008943557739257812,-0.0034084320068359375,-0.0066547393798828125,-0.0034084320068359375,0.0002422332763671875,-0.05756378173828125,-0.13187408447265625,-0.2816486358642578,-0.025127410888671875,0.0316009521484375,-0.01305389404296875,0.0020608901977539062,-1.33514404296875e-05,-0.03451347351074219,-0.3347034454345703,0.3668060302734375,-0.00028228759765625,0.0027379989624023438,-0.015760421752929688,-0.017594337463378906,0.0019588470458984375,-0.09023666381835938,-0.17776107788085938,-0.3007526397705078,-0.005359649658203125,-0.015341758728027344,-0.01486968994140625,-0.020633697509765625,-0.0003299713134765625,-0.04334449768066406,-0.12144279479980469,-0.5680389404296875,-0.0024356842041015625,-0.033893585205078125,-0.021416664123535156,-0.006180763244628906,0.003954887390136719
2159.5,-0.14507102966308594,-0.22034454345703125,0.015872955322265625,0.023906707763671875,0.03262615203857422,-0.000316619873046875,-0.0005445480346679688,0.0014171600341796875,-0.11411666870117188,-0.43689727783203125,-0.17737579345703125,-0.008943557739257812,-0.0034084320068359375,-0.0066547393798828125,-0.0034084320068359375,0.0002422332763671875,-0.05756378173828125,-0.13187408447265625,-0.2816486358642578,-0.025127410888671875,0.0316009521484375,-0.01305389404296875,0.0020608901977539062,-1.33514404296875e-05,-0.03451347351074219,-0.3347034454345703,0.3668060302734375,-0.00028228759765625,0.0027379989624023438,-0.015760421752929688,-0.017594337463378906,0.0019588470458984375,-0.09023666381835938,-0.17776107788085938,-0.3007526397705078,-0.005359649658203125,-0.015341758728027344,-0.01486968994140625,-0.020633697509765625,-0.0003299713134765625,-0.04334449768066406,-0.12144279479980469,-0.5680389404296875,-0.0024356842041015625,-0.033893585205078125,-0.021416664123535156,-0.006180763244628906,0.003954887390136719
2160.5,-0.14507102966308594,-0.22034454345703125,0.015872955322265625,0.023906707763671875,0.03262615203857422,-0.000316619873046875,-0.0005445480346679688,0.0014171600341796875,-0.11411666870117188,-0.43689727783203125,-0.17737579345703125,-0.008943557739257812,-0.0034084320068359375,-0.0066547393798828125,-0.0034084320068359375,0.0002422332763671875,-0.05756378173828125,-0.13187408447265625,-0.2816486358642578,-0.025127410888671875,0.0316009521484375,-0.01305389404296875,0.0020608901977539062,-1.33514404296875e-05,-0.03451347351074219,-0.3347034454345703,0.3668060302734375,-0.00028228759765625,0.0027379989624023438,-0.015760421752929688,-0.017594337463378906,0.0019588470458984375,-0.09023666381835938,-0.17776107788085938,-0.3007526397705078,-0.005359649658203125,-0.015341758728027344,-0.01486968994140625,-0.020633697509765625,-0.0003299713134765625,-0.04334449768066406,-0.12144279479980469,-0.5680389404296875,-0.0024356842041015625,-0.033893585205078125,-0.021416664123535156,-0.006180763244628906,0.003954887390136719
2161.5,-0.14507102966308594,-0.22034454345703125,0.015872955322265625,0.023906707763671875,0.03262615203857422,-0.000316619873046875,-0.0005445480346679688,0.0014171600341796875,-0.11411666870117188,-0.43689727783203125,-0.17737579345703125,-0.008943557739257812,-0.0034084320068359375,-0.0066547393798828125,-0.0034084320068359375,0.0002422332763671875,-0.05756378173828125,-0.13187408447265625,-0.2816486358642578,-0.025127410888671875,0.0316009521484375,-0.01305389404296875,0.0020608901977539062,-1.33514404296875e-05,-0.03451347351074219,-0.3347034454345703,0.3668060302734375,-0.00028228759765625,0.0027379989624023438,-0.015760421752929688,-0.017594337463378906,0.0019588470458984375,-0.09023666381835938,-0.17776107788085938,-0.3007526397705078,-0.005359649658203125,-0.015341758728027344,-0.01486968994140625,-0.020633697509765625,-0.0003299713134765625,-0.04334449768066406,-0.12144279479980469,-0.5680389404296875,-0.0024356842041015625,-0.033893585205078125,-0.021416664123535156,-0.006180763244628906,0.003954887390136719
2162.5,-0.14507102966308594,-0.22034454345703125,0.015872955322265625,0.023906707763671875,0.03262615203857422,-0.000316619873046875,-0.0005445480346679688,0.0014171600341796875,-0.11411666870117188,-0.43689727783203125,-0.17737579345703125,-0.008943557739257812,-0.0034084320068359375,-0.0066547393798828125,-0.0034084320068359375,0.0002422332763671875,-0.05756378173828125,-0.13187408447265625,-0.2816486358642578,-0.025127410888671875,0.0316009521484375,-0.01305389404296875,0.0020608901977539062,-1.33514404296875e-05,-0.03451347351074219,-0.3347034454345703,0.3668060302734375,-0.00028228759765625,0.0027379989624023438,-0.015760421752929688,-0.017594337463378906,0.0019588470458984375,-0.09023666381835938,-0.17776107788085938,-0.3007526397705078,-0.005359649658203125,-0.015341758728027344,-0.01486968994140625,-0.020633697509765625,-0.0003299713134765625,-0.04334449768066406,-0.12144279479980469,-0.5680389404296875,-0.0024356842041015625,-0.033893585205078125,-0.021416664123535156,-0.006180763244628906,0.003954887390136719
2163.5,-0.14507102966308594,-0.22034454345703125,0.015872955322265625,0.023906707763671875,0.03262615203857422,-0.000316619873046875,-0.0005445480346679688,0.0014171600341796875,-0.11411666870117188,-0.43689727783203125,-0.17737579345703125,-0.008943557739257812,-0.0034084320068359375,-0.0066547393798828125,-0.0034084320068359375,0.0002422332763671875,-0.05756378173828125,-0.13187408447265625,-0.2816486358642578,-0.025127410888671875,0.0316009521484375,-0.01305389404296875,0.0020608901977539062,-1.33514404296875e-05,-0.03451347351074219,-0.3347034454345703,0.3668060302734375,-0.00028228759765625,0.0027379989624023438,-0.015760421752929688,-0.017594337463378906,0.0019588470458984375,-0.09023666381835938,-0.17776107788085938,-0.3007526397705078,-0.005359649658203125,-0.015341758728027344,-0.01486968994140625,-0.020633697509765625,-0.0003299713134765625,-0.04334449768066406,-0.12144279479980469,-0.5680389404296875,-0.0024356842041015625,-0.033893585205078125,-0.021416664123535156,-0.006180763244628906,0.003954887390136719
2164.5,-0.14507102966308594,-0.22034454345703125,0.015872955322265625,0.023906707763671875,0.03262615203857422,-0.000316619873046875,-0.0005445480346679688,0.0014171600341796875,-0.11411666870117188,-0.43689727783203125,-0.17737579345703125,-0.008943557739257812,-0.0034084320068359375,-0.0066547393798828125,-0.0034084320068359375,0.0002422332763671875,-0.05756378173828125,-0.13187408447265625,-0.2816486358642578,-0.025127410888671875,0.0316009521484375,-0.01305389404296875,0.0020608901977539062,-1.33514404296875e-05,-0.03451347351074219,-0.3347034454345703,0.3668060302734375,-0.00028228759765625,0.0027379989624023438,-0.015760421752929688,-0.017594337463378906,0.0019588470458984375,-0.09023666381835938,-0.17776107788085938,-0.3007526397705078,-0.005359649658203125,-0.015341758728027344,-0.01486968994140625,-0.020633697509765625,-0.0003299713134765625,-0.04334449768066406,-0.12144279479980469,-0.5680389404296875,-0.0024356842041015625,-0.033893585205078125,-0.021416664123535156,-0.006180763244628906,0.003954887390136719
2165.5,-0.14507102966308594,-0.22034454345703125,0.015872955322265625,0.023906707763671875,0.03262615203857422,-0.000316619873046875,-0.0005445480346679688,0.0014171600341796875,-0.11411666870117188,-0.43689727783203125,-0.17737579345703125,-0.008943557739257812,-0.0034084320068359375,-0.0066547393798828125,-0.0034084320068359375,0.0002422332763671875,-0.05756378173828125,-0.13187408447265625,-0.2816486358642578,-0.025127410888671875,0.0316009521484375,-0.01305389404296875,0.0020608901977539062,-1.33514404296875e-05,-0.03451347351074219,-0.3347034454345703,0.3668060302734375,-0.00028228759765625,0.0027379989624023438,-0.015760421752929688,-0.017594337463378906,0.0019588470458984375,-0.09023666381835938,-0.17776107788085938,-0.3007526397705078,-0.005359649658203125,-0.015341758728027344,-0.01486968994140625,-0.020633697509765625,-0.0003299713134765625,-0.04334449768066406,-0.12144279479980469,-0.5680389404296875,-0.0024356842041015625,-0.033893585205078125,-0.021416664123535156,-0.006180763244628906,0.003954887390136719
2166.5,-0.14507102966308594,-0.22034454345703125,0.015872955322265625,0.023906707763671875,0.03262615203857422,-0.000316619873046875,-0.0005445480346679688,0.0014171600341796875,-0.11411666870117188,-0.43689727783203125,-0.17737579345703125,-0.008943557739257812,-0.0034084320068359375,-0.0066547393798828125,-0.0034084320068359375,0.0002422332763671875,-0.05756378173828125,-0.13187408447265625,-0.2816486358642578,-0.025127410888671875,0.0316009521484375,-0.01305389404296875,0.0020608901977539062,-1.33514404296875e-05,-0.03451347351074219,-0.3347034454345703,0.3668060302734375,-0.00028228759765625,0.0027379989624023438,-0.015760421752929688,-0.017594337463378906,0.0019588470458984375,-0.09023666381835938,-0.17776107788085938,-0.3007526397705078,-0.005359649658203125,-0.015341758728027344,-0.01486968994140625,-0.020633697509765625,-0.0003299713134765625,-0.04334449768066406,-0.12144279479980469,-0.5680389404296875,-0.0024356842041015625,-0.033893585205078125,-0.021416664123535156,-0.006180763244628906,0.003954887390136719
2167.5,-0.14507102966308594,-0.22034454345703125,0.015872955322265625,0.023906707763671875,0.03262615203857422,-0.000316619873046875,-0.0005445480346679688,0.0014171600341796875,-0.11411666870117188,-0.43689727783203125,-0.17737579345703125,-0.008943557739257812,-0.0034084320068359375,-0.0066547393798828125,-0.0034084320068359375,0.0002422332763671875,-0.05756378173828125,-0.13187408447265625,-0.2816486358642578,-0.025127410888671875,0.0316009521484375,-0.01305389404296875,0.0020608901977539062,-1.33514404296875e-05,-0.03451347351074219,-0.3347034454345703,0.3668060302734375,-0.00028228759765625,0.0027379989624023438,-0.015760421752929688,-0.017594337463378906,0.0019588470458984375,-0.09023666381835938,-0.17776107788085938,-0.3007526397705078,-0.005359649658203125,-0.015341758728027344,-0.01486968994140625,-0.020633697509765625,-0.0003299713134765625,-0.04334449768066406,-0.12144279479980469,-0.5680389404296875,-0.0024356842041015625,-0.033893585205078125,-0.021416664123535156,-0.006180763244628906,0.003954887390136719
2168.5,-0.14507102966308594,-0.22034454345703125,0.015872955322265625,0.023906707763671875,0.03262615203857422,-0.000316619873046875,-0.0005445480346679688,0.0014171600341796875,-0.11411666870117188,-0.43689727783203125,-0.17737579345703125,-0.008943557739257812,-0.0034084320068359375,-0.0066547393798828125,-0.0034084320068359375,0.0002422332763671875,-0.05756378173828125,-0.13187408447265625,-0.2816486358642578,-0.025127410888671875,0.0316009521484375,-0.01305389404296875,0.0020608901977539062,-1.33514404296875e-05,-0.03451347351074219,-0.3347034454345703,0.3668060302734375,-0.00028228759765625,0.0027379989624023438,-0.015760421752929688,-0.017594337463378906,0.0019588470458984375,-0.09023666381835938,-0.17776107788085938,-0.3007526397705078,-0.005359649658203125,-0.015341758728027344,-0.01486968994140625,-0.020633697509765625,-0.0003299713134765625,-0.04334449768066406,-0.12144279479980469,-0.5680389404296875,-0.0024356842041015625,-0.033893585205078125,-0.021416664123535156,-0.006180763244628906,0.003954887390136719
2169.5,-0.14507102966308594,-0.22034454345703125,0.015872955322265625,0.023906707763671875,0.03262615203857422,-0.000316619873046875,-0.0005445480346679688,0.0014171600341796875,-0.11411666870117188,-0.43689727783203125,-0.17737579345703125,-0.008943557739257812,-0.0034084320068359375,-0.0066547393798828125,-0.0034084320068359375,0.0002422332763671875,-0.05756378173828125,-0.13187408447265625,-0.2816486358642578,-0.025127410888671875,0.0316009521484375,-0.01305389404296875,0.0020608901977539062,-1.33514404296875e-05,-0.03451347351074219,-0.3347034454345703,0.3668060302734375,-0.00028228759765625,0.0027379989624023438,-0.015760421752929688,-0.017594337463378906,0.0019588470458984375,-0.09023666381835938,-0.17776107788085938,-0.3007526397705078,-0.005359649658203125,-0.015341758728027344,-0.01486968994140625,-0.020633697509765625,-0.0003299713134765625,-0.04334449768066406,-0.12144279479980469,-0.5680389404296875,-0.0024356842041015625,-0.033893585205078125,-0.021416664123535156,-0.006180763244628906,0.003954887390136719
2170.5,-0.14507102966308594,-0.22034454345703125,0.015872955322265625,0.023906707763671875,0.03262615203857422,-0.000316619873046875,-0.0005445480346679688,0.0014171600341796875,-0.11411666870117188,-0.43689727783203125,-0.17737579345703125,-0.008943557739257812,-0.0034084320068359375,-0.0066547393798828125,-0.0034084320068359375,0.0002422332763671875,-0.05756378173828125,-0.13187408447265625,-0.2816486358642578,-0.025127410888671875,0.0316009521484375,-0.01305389404296875,0.0020608901977539062,-1.33514404296875e-05,-0.03451347351074219,-0.3347034454345703,0.3668060302734375,-0.00028228759765625,0.0027379989624023438,-0.015760421752929688,-0.017594337463378906,0.0019588470458984375,-0.09023666381835938,-0.17776107788085938,-0.3007526397705078,-0.005359649658203125,-0.015341758728027344,-0.01486968994140625,-0.020633697509765625,-0.0003299713134765625,-0.04334449768066406,-0.12144279479980469,-0.5680389404296875,-0.0024356842041015625,-0.033893585205078125,-0.021416664123535156,-0.006180763244628906,0.003954887390136719
2171.5,-0.14507102966308594,-0.22034454345703125,0.015872955322265625,0.023906707763671875,0.03262615203857422,-0.000316619873046875,-0.0005445480346679688,0.0014171600341796875,-0.11411666870117188,-0.43689727783203125,-0.17737579345703125,-0.008943557739257812,-0.0034084320068359375,-0.0066547393798828125,-0.0034084320068359375,0.0002422332763671875,-0.05756378173828125,-0.13187408447265625,-0.2816486358642578,-0.025127410888671875,0.0316009521484375,-0.01305389404296875,0.0020608901977539062,-1.33514404296875e-05,-0.03451347351074219,-0.3347034454345703,0.3668060302734375,-0.00028228759765625,0.0027379989624023438,-0.015760421752929688,-0.017594337463378906,0.0019588470458984375,-0.09023666381835938,-0.17776107788085938,-0.3007526397705078,-0.005359649658203125,-0.015341758728027344,-0.01486968994140625,-0.020633697509765625,-0.0003299713134765625,-0.04334449768066406,-0.12144279479980469,-0.5680389404296875,-0.0024356842041015625,-0.033893585205078125,-0.021416664123535156,-0.006180763244628906,0.003954887390136719
2172.5,-0.14507102966308594,-0.22034454345703125,0.015872955322265625,0.023906707763671875,0.03262615203857422,-0.000316619873046875,-0.0005445480346679688,0.0014171600341796875,-0.11411666870117188,-0.43689727783203125,-0.17737579345703125,-0.008943557739257812,-0.0034084320068359375,-0.0066547393798828125,-0.0034084320068359375,0.0002422332763671875,-0.05756378173828125,-0.13187408447265625,-0.2816486358642578,-0.025127410888671875,0.0316009521484375,-0.01305389404296875,0.0020608901977539062,-1.33514404296875e-05,-0.03451347351074219,-0.3347034454345703,0.3668060302734375,-0.00028228759765625,0.0027379989624023438,-0.015760421752929688,-0.017594337463378906,0.0019588470458984375,-0.09023666381835938,-0.17776107788085938,-0.3007526397705078,-0.005359649658203125,-0.015341758728027344,-0.01486968994140625,-0.020633697509765625,-0.0003299713134765625,-0.04334449768066406,-0.12144279479980469,-0.5680389404296875,-0.0024356842041015625,-0.033893585205078125,-0.021416664123535156,-0.006180763244628906,0.003954887390136719
2173.5,-0.14507102966308594,-0.22034454345703125,0.015872955322265625,0.023906707763671875,0.03262615203857422,-0.000316619873046875,-0.0005445480346679688,0.0014171600341796875,-0.11411666870117188,-0.43689727783203125,-0.17737579345703125,-0.008943557739257812,-0.0034084320068359375,-0.0066547393798828125,-0.0034084320068359375,0.0002422332763671875,-0.05756378173828125,-0.13187408447265625,-0.2816486358642578,-0.025127410888671875,0.0316009521484375,-0.01305389404296875,0.0020608901977539062,-1.33514404296875e-05,-0.03451347351074219,-0.3347034454345703,0.3668060302734375,-0.00028228759765625,0.0027379989624023438,-0.015760421752929688,-0.017594337463378906,0.0019588470458984375,-0.09023666381835938,-0.17776107788085938,-0.3007526397705078,-0.005359649658203125,-0.015341758728027344,-0.01486968994140625,-0.020633697509765625,-0.0003299713134765625,-0.04334449768066406,-0.12144279479980469,-0.5680389404296875,-0.0024356842041015625,-0.033893585205078125,-0.021416664123535156,-0.006180763244628906,0.003954887390136719
2174.5,-0.14507102966308594,-0.22034454345703125,0.015872955322265625,0.023906707763671875,0.03262615203857422,-0.000316619873046875,-0.0005445480346679688,0.0014171600341796875,-0.11411666870117188,-0.43689727783203125,-0.17737579345703125,-0.008943557739257812,-0.0034084320068359375,-0.0066547393798828125,-0.0034084320068359375,0.0002422332763671875,-0.05756378173828125,-0.13187408447265625,-0.2816486358642578,-0.025127410888671875,0.0316009521484375,-0.01305389404296875,0.0020608901977539062,-1.33514404296875e-05,-0.03451347351074219,-0.3347034454345703,0.3668060302734375,-0.00028228759765625,0.0027379989624023438,-0.015760421752929688,-0.017594337463378906,0.0019588470458984375,-0.09023666381835938,-0.17776107788085938,-0.3007526397705078,-0.005359649658203125,-0.015341758728027344,-0.01486968994140625,-0.020633697509765625,-0.0003299713134765625,-0.04334449768066406,-0.12144279479980469,-0.5680389404296875,-0.0024356842041015625,-0.033893585205078125,-0.021416664123535156,-0.006180763244628906,0.003954887390136719
2175.5,-0.14507102966308594,-0.22034454345703125,0.015872955322265625,0.023906707763671875,0.03262615203857422,-0.000316619873046875,-0.0005445480346679688,0.0014171600341796875,-0.11411666870117188,-0.43689727783203125,-0.17737579345703125,-0.008943557739257812,-0.0034084320068359375,-0.0066547393798828125,-0.0034084320068359375,0.0002422332763671875,-0.05756378173828125,-0.13187408447265625,-0.2816486358642578,-0.025127410888671875,0.0316009521484375,-0.01305389404296875,0.0020608901977539062,-1.33514404296875e-05,-0.03451347351074219,-0.3347034454345703,0.3668060302734375,-0.00028228759765625,0.0027379989624023438,-0.015760421752929688,-0.017594337463378906,0.0019588470458984375,-0.09023666381835938,-0.17776107788085938,-0.3007526397705078,-0.005359649658203125,-0.015341758728027344,-0.01486968994140625,-0.020633697509765625,-0.0003299713134765625,-0.04334449768066406,-0.12144279479980469,-0.5680389404296875,-0.0024356842041015625,-0.033893585205078125,-0.021416664123535156,-0.006180763244628906,0.003954887390136719
2176.5,-0.14507102966308594,-0.22034454345703125,0.015872955322265625,0.023906707763671875,0.03262615203857422,-0.000316619873046875,-0.0005445480346679688,0.0014171600341796875,-0.11411666870117188,-0.43689727783203125,-0.17737579345703125,-0.008943557739257812,-0.0034084320068359375,-0.0066547393798828125,-0.0034084320068359375,0.0002422332763671875,-0.05756378173828125,-0.13187408447265625,-0.2816486358642578,-0.025127410888671875,0.0316009521484375,-0.01305389404296875,0.0020608901977539062,-1.33514404296875e-05,-0.03451347351074219,-0.3347034454345703,0.3668060302734375,-0.00028228759765625,0.0027379989624023438,-0.015760421752929688,-0.017594337463378906,0.0019588470458984375,-0.09023666381835938,-0.17776107788085938,-0.3007526397705078,-0.005359649658203125,-0.015341758728027344,-0.01486968994140625,-0.020633697509765625,-0.0003299713134765625,-0.04334449768066406,-0.12144279479980469,-0.5680389404296875,-0.0024356842041015625,-0.033893585205078125,-0.021416664123535156,-0.006180763244628906,0.003954887390136719
2177.5,-0.14507102966308594,-0.22034454345703125,0.015872955322265625,0.023906707763671875,0.03262615203857422,-0.000316619873046875,-0.0005445480346679688,0.0014171600341796875,-0.11411666870117188,-0.43689727783203125,-0.17737579345703125,-0.008943557739257812,-0.0034084320068359375,-0.0066547393798828125,-0.0034084320068359375,0.0002422332763671875,-0.05756378173828125,-0.13187408447265625,-0.2816486358642578,-0.025127410888671875,0.0316009521484375,-0.01305389404296875,0.0020608901977539062,-1.33514404296875e-05,-0.03451347351074219,-0.3347034454345703,0.3668060302734375,-0.00028228759765625,0.0027379989624023438,-0.015760421752929688,-0.017594337463378906,0.0019588470458984375,-0.09023666381835938,-0.17776107788085938,-0.3007526397705078,-0.005359649658203125,-0.015341758728027344,-0.01486968994140625,-0.020633697509765625,-0.0003299713134765625,-0.04334449768066406,-0.12144279479980469,-0.5680389404296875,-0.0024356842041015625,-0.033893585205078125,-0.021416664123535156,-0.006180763244628906,0.003954887390136719
2178.5,-0.14507102966308594,-0.22034454345703125,0.015872955322265625,0.023906707763671875,0.03262615203857422,-0.000316619873046875,-0.0005445480346679688,0.0014171600341796875,-0.11411666870117188,-0.43689727783203125,-0.17737579345703125,-0.008943557739257812,-0.0034084320068359375,-0.0066547393798828125,-0.0034084320068359375,0.0002422332763671875,-0.05756378173828125,-0.13187408447265625,-0.2816486358642578,-0.025127410888671875,0.0316009521484375,-0.01305389404296875,0.0020608901977539062,-1.33514404296875e-05,-0.03451347351074219,-0.3347034454345703,0.3668060302734375,-0.00028228759765625,0.0027379989624023438,-0.015760421752929688,-0.017594337463378906,0.0019588470458984375,-0.09023666381835938,-0.17776107788085938,-0.3007526397705078,-0.005359649658203125,-0.015341758728027344,-0.01486968994140625,-0.020633697509765625,-0.0003299713134765625,-0.04334449768066406,-0.12144279479980469,-0.5680389404296875,-0.0024356842041015625,-0.033893585205078125,-0.021416664123535156,-0.006180763244628906,0.003954887390136719
2179.5,-0.14507102966308594,-0.22034454345703125,0.015872955322265625,0.023906707763671875,0.03262615203857422,-0.000316619873046875,-0.0005445480346679688,0.0014171600341796875,-0.11411666870117188,-0.43689727783203125,-0.17737579345703125,-0.008943557739257812,-0.0034084320068359375,-0.0066547393798828125,-0.0034084320068359375,0.0002422332763671875,-0.05756378173828125,-0.13187408447265625,-0.2816486358642578,-0.025127410888671875,0.0316009521484375,-0.01305389404296875,0.0020608901977539062,-1.33514404296875e-05,-0.03451347351074219,-0.3347034454345703,0.3668060302734375,-0.00028228759765625,0.0027379989624023438,-0.015760421752929688,-0.017594337463378906,0.0019588470458984375,-0.09023666381835938,-0.17776107788085938,-0.3007526397705078,-0.005359649658203125,-0.015341758728027344,-0.01486968994140625,-0.020633697509765625,-0.0003299713134765625,-0.04334449768066406,-0.12144279479980469,-0.5680389404296875,-0.0024356842041015625,-0.033893585205078125,-0.021416664123535156,-0.006180763244628906,0.003954887390136719
2180.5,-0.14507102966308594,-0.22034454345703125,0.015872955322265625,0.023906707763671875,0.03262615203857422,-0.000316619873046875,-0.0005445480346679688,0.0014171600341796875,-0.11411666870117188,-0.43689727783203125,-0.17737579345703125,-0.008943557739257812,-0.0034084320068359375,-0.0066547393798828125,-0.0034084320068359375,0.0002422332763671875,-0.05756378173828125,-0.13187408447265625,-0.2816486358642578,-0.025127410888671875,0.0316009521484375,-0.01305389404296875,0.0020608901977539062,-1.33514404296875e-05,-0.03451347351074219,-0.3347034454345703,0.3668060302734375,-0.00028228759765625,0.0027379989624023438,-0.015760421752929688,-0.017594337463378906,0.0019588470458984375,-0.09023666381835938,-0.17776107788085938,-0.3007526397705078,-0.005359649658203125,-0.015341758728027344,-0.01486968994140625,-0.020633697509765625,-0.0003299713134765625,-0.04334449768066406,-0.12144279479980469,-0.5680389404296875,-0.0024356842041015625,-0.033893585205078125,-0.021416664123535156,-0.006180763244628906,0.003954887390136719
2181.5,-0.14507102966308594,-0.22034454345703125,0.015872955322265625,0.023906707763671875,0.03262615203857422,-0.000316619873046875,-0.0005445480346679688,0.0014171600341796875,-0.11411666870117188,-0.43689727783203125,-0.17737579345703125,-0.008943557739257812,-0.0034084320068359375,-0.0066547393798828125,-0.0034084320068359375,0.0002422332763671875,-0.05756378173828125,-0.13187408447265625,-0.2816486358642578,-0.025127410888671875,0.0316009521484375,-0.01305389404296875,0.0020608901977539062,-1.33514404296875e-05,-0.03451347351074219,-0.3347034454345703,0.3668060302734375,-0.00028228759765625,0.0027379989624023438,-0.015760421752929688,-0.017594337463378906,0.0019588470458984375,-0.09023666381835938,-0.17776107788085938,-0.3007526397705078,-0.005359649658203125,-0.015341758728027344,-0.01486968994140625,-0.020633697509765625,-0.0003299713134765625,-0.04334449768066406,-0.12144279479980469,-0.5680389404296875,-0.0024356842041015625,-0.033893585205078125,-0.021416664123535156,-0.006180763244628906,0.003954887390136719
2182.5,-0.14507102966308594,-0.22034454345703125,0.015872955322265625,0.023906707763671875,0.03262615203857422,-0.000316619873046875,-0.0005445480346679688,0.0014171600341796875,-0.11411666870117188,-0.43689727783203125,-0.17737579345703125,-0.008943557739257812,-0.0034084320068359375,-0.0066547393798828125,-0.0034084320068359375,0.0002422332763671875,-0.05756378173828125,-0.13187408447265625,-0.2816486358642578,-0.025127410888671875,0.0316009521484375,-0.01305389404296875,0.0020608901977539062,-1.33514404296875e-05,-0.03451347351074219,-0.3347034454345703,0.3668060302734375,-0.00028228759765625,0.0027379989624023438,-0.015760421752929688,-0.017594337463378906,0.0019588470458984375,-0.09023666381835938,-0.17776107788085938,-0.3007526397705078,-0.005359649658203125,-0.015341758728027344,-0.01486968994140625,-0.020633697509765625,-0.0003299713134765625,-0.04334449768066406,-0.12144279479980469,-0.5680389404296875,-0.0024356842041015625,-0.033893585205078125,-0.021416664123535156,-0.006180763244628906,0.003954887390136719
2183.5,-0.14507102966308594,-0.22034454345703125,0.015872955322265625,0.023906707763671875,0.03262615203857422,-0.000316619873046875,-0.0005445480346679688,0.0014171600341796875,-0.11411666870117188,-0.43689727783203125,-0.17737579345703125,-0.008943557739257812,-0.0034084320068359375,-0.0066547393798828125,-0.0034084320068359375,0.0002422332763671875,-0.05756378173828125,-0.13187408447265625,-0.2816486358642578,-0.025127410888671875,0.0316009521484375,-0.01305389404296875,0.0020608901977539062,-1.33514404296875e-05,-0.03451347351074219,-0.3347034454345703,0.3668060302734375,-0.00028228759765625,0.0027379989624023438,-0.015760421752929688,-0.017594337463378906,0.0019588470458984375,-0.09023666381835938,-0.17776107788085938,-0.3007526397705078,-0.005359649658203125,-0.015341758728027344,-0.01486968994140625,-0.020633697509765625,-0.0003299713134765625,-0.04334449768066406,-0.12144279479980469,-0.5680389404296875,-0.0024356842041015625,-0.033893585205078125,-0.021416664123535156,-0.006180763244628906,0.003954887390136719
2184.5,-0.14507102966308594,-0.22034454345703125,0.015872955322265625,0.023906707763671875,0.03262615203857422,-0.000316619873046875,-0.0005445480346679688,0.0014171600341796875,-0.11411666870117188,-0.43689727783203125,-0.17737579345703125,-0.008943557739257812,-0.0034084320068359375,-0.0066547393798828125,-0.0034084320068359375,0.0002422332763671875,-0.05756378173828125,-0.13187408447265625,-0.2816486358642578,-0.025127410888671875,0.0316009521484375,-0.01305389404296875,0.0020608901977539062,-1.33514404296875e-05,-0.03451347351074219,-0.3347034454345703,0.3668060302734375,-0.00028228759765625,0.0027379989624023438,-0.015760421752929688,-0.017594337463378906,0.0019588470458984375,-0.09023666381835938,-0.17776107788085938,-0.3007526397705078,-0.005359649658203125,-0.015341758728027344,-0.01486968994140625,-0.020633697509765625,-0.0003299713134765625,-0.04334449768066406,-0.12144279479980469,-0.5680389404296875,-0.0024356842041015625,-0.033893585205078125,-0.021416664123535156,-0.006180763244628906,0.003954887390136719
2185.5,-0.14507102966308594,-0.22034454345703125,0.015872955322265625,0.023906707763671875,0.03262615203857422,-0.000316619873046875,-0.0005445480346679688,0.0014171600341796875,-0.11411666870117188,-0.43689727783203125,-0.17737579345703125,-0.008943557739257812,-0.0034084320068359375,-0.0066547393798828125,-0.0034084320068359375,0.0002422332763671875,-0.05756378173828125,-0.13187408447265625,-0.2816486358642578,-0.025127410888671875,0.0316009521484375,-0.01305389404296875,0.0020608901977539062,-1.33514404296875e-05,-0.03451347351074219,-0.3347034454345703,0.3668060302734375,-0.00028228759765625,0.0027379989624023438,-0.015760421752929688,-0.017594337463378906,0.0019588470458984375,-0.09023666381835938,-0.17776107788085938,-0.3007526397705078,-0.005359649658203125,-0.015341758728027344,-0.01486968994140625,-0.020633697509765625,-0.0003299713134765625,-0.04334449768066406,-0.12144279479980469,-0.5680389404296875,-0.0024356842041015625,-0.033893585205078125,-0.021416664123535156,-0.006180763244628906,0.003954887390136719
2186.5,-0.14507102966308594,-0.22034454345703125,0.015872955322265625,0.023906707763671875,0.03262615203857422,-0.000316619873046875,-0.0005445480346679688,0.0014171600341796875,-0.11411666870117188,-0.43689727783203125,-0.17737579345703125,-0.008943557739257812,-0.0034084320068359375,-0.0066547393798828125,-0.0034084320068359375,0.0002422332763671875,-0.05756378173828125,-0.13187408447265625,-0.2816486358642578,-0.025127410888671875,0.0316009521484375,-0.01305389404296875,0.0020608901977539062,-1.33514404296875e-05,-0.03451347351074219,-0.3347034454345703,0.3668060302734375,-0.00028228759765625,0.0027379989624023438,-0.015760421752929688,-0.017594337463378906,0.0019588470458984375,-0.09023666381835938,-0.17776107788085938,-0.3007526397705078,-0.005359649658203125,-0.015341758728027344,-0.01486968994140625,-0.020633697509765625,-0.0003299713134765625,-0.04334449768066406,-0.12144279479980469,-0.5680389404296875,-0.0024356842041015625,-0.033893585205078125,-0.021416664123535156,-0.006180763244628906,0.003954887390136719
2187.5,-0.14507102966308594,-0.22034454345703125,0.015872955322265625,0.023906707763671875,0.03262615203857422,-0.000316619873046875,-0.0005445480346679688,0.0014171600341796875,-0.11411666870117188,-0.43689727783203125,-0.17737579345703125,-0.008943557739257812,-0.0034084320068359375,-0.0066547393798828125,-0.0034084320068359375,0.0002422332763671875,-0.05756378173828125,-0.13187408447265625,-0.2816486358642578,-0.025127410888671875,0.0316009521484375,-0.01305389404296875,0.0020608901977539062,-1.33514404296875e-05,-0.03451347351074219,-0.3347034454345703,0.3668060302734375,-0.00028228759765625,0.0027379989624023438,-0.015760421752929688,-0.017594337463378906,0.0019588470458984375,-0.09023666381835938,-0.17776107788085938,-0.3007526397705078,-0.005359649658203125,-0.015341758728027344,-0.01486968994140625,-0.020633697509765625,-0.0003299713134765625,-0.04334449768066406,-0.12144279479980469,-0.5680389404296875,-0.0024356842041015625,-0.033893585205078125,-0.021416664123535156,-0.006180763244628906,0.003954887390136719
2188.5,-0.14507102966308594,-0.22034454345703125,0.015872955322265625,0.023906707763671875,0.03262615203857422,-0.000316619873046875,-0.0005445480346679688,0.0014171600341796875,-0.11411666870117188,-0.43689727783203125,-0.17737579345703125,-0.008943557739257812,-0.0034084320068359375,-0.0066547393798828125,-0.0034084320068359375,0.0002422332763671875,-0.05756378173828125,-0.13187408447265625,-0.2816486358642578,-0.025127410888671875,0.0316009521484375,-0.01305389404296875,0.0020608901977539062,-1.33514404296875e-05,-0.03451347351074219,-0.3347034454345703,0.3668060302734375,-0.00028228759765625,0.0027379989624023438,-0.015760421752929688,-0.017594337463378906,0.0019588470458984375,-0.09023666381835938,-0.17776107788085938,-0.3007526397705078,-0.005359649658203125,-0.015341758728027344,-0.01486968994140625,-0.020633697509765625,-0.0003299713134765625,-0.04334449768066406,-0.12144279479980469,-0.5680389404296875,-0.0024356842041015625,-0.033893585205078125,-0.021416664123535156,-0.006180763244628906,0.003954887390136719
2189.5,-0.14507102966308594,-0.22034454345703125,0.015872955322265625,0.023906707763671875,0.03262615203857422,-0.000316619873046875,-0.0005445480346679688,0.0014171600341796875,-0.11411666870117188,-0.43689727783203125,-0.17737579345703125,-0.008943557739257812,-0.0034084320068359375,-0.0066547393798828125,-0.0034084320068359375,0.0002422332763671875,-0.05756378173828125,-0.13187408447265625,-0.2816486358642578,-0.025127410888671875,0.0316009521484375,-0.01305389404296875,0.0020608901977539062,-1.33514404296875e-05,-0.03451347351074219,-0.3347034454345703,0.3668060302734375,-0.00028228759765625,0.0027379989624023438,-0.015760421752929688,-0.017594337463378906,0.0019588470458984375,-0.09023666381835938,-0.17776107788085938,-0.3007526397705078,-0.005359649658203125,-0.015341758728027344,-0.01486968994140625,-0.020633697509765625,-0.0003299713134765625,-0.04334449768066406,-0.12144279479980469,-0.5680389404296875,-0.0024356842041015625,-0.033893585205078125,-0.021416664123535156,-0.006180763244628906,0.003954887390136719
2190.5,-0.14507102966308594,-0.22034454345703125,0.015872955322265625,0.023906707763671875,0.03262615203857422,-0.000316619873046875,-0.0005445480346679688,0.0014171600341796875,-0.11411666870117188,-0.43689727783203125,-0.17737579345703125,-0.008943557739257812,-0.0034084320068359375,-0.0066547393798828125,-0.0034084320068359375,0.0002422332763671875,-0.05756378173828125,-0.13187408447265625,-0.2816486358642578,-0.025127410888671875,0.0316009521484375,-0.01305389404296875,0.0020608901977539062,-1.33514404296875e-05,-0.03451347351074219,-0.3347034454345703,0.3668060302734375,-0.00028228759765625,0.0027379989624023438,-0.015760421752929688,-0.017594337463378906,0.0019588470458984375,-0.09023666381835938,-0.17776107788085938,-0.3007526397705078,-0.005359649658203125,-0.015341758728027344,-0.01486968994140625,-0.020633697509765625,-0.0003299713134765625,-0.04334449768066406,-0.12144279479980469,-0.5680389404296875,-0.0024356842041015625,-0.033893585205078125,-0.021416664123535156,-0.006180763244628906,0.003954887390136719
2191.5,-0.14507102966308594,-0.22034454345703125,0.015872955322265625,0.023906707763671875,0.03262615203857422,-0.000316619873046875,-0.0005445480346679688,0.0014171600341796875,-0.11411666870117188,-0.43689727783203125,-0.17737579345703125,-0.008943557739257812,-0.0034084320068359375,-0.0066547393798828125,-0.0034084320068359375,0.0002422332763671875,-0.05756378173828125,-0.13187408447265625,-0.2816486358642578,-0.025127410888671875,0.0316009521484375,-0.01305389404296875,0.0020608901977539062,-1.33514404296875e-05,-0.03451347351074219,-0.3347034454345703,0.3668060302734375,-0.00028228759765625,0.0027379989624023438,-0.015760421752929688,-0.017594337463378906,0.0019588470458984375,-0.09023666381835938,-0.17776107788085938,-0.3007526397705078,-0.005359649658203125,-0.015341758728027344,-0.01486968994140625,-0.020633697509765625,-0.0003299713134765625,-0.04334449768066406,-0.12144279479980469,-0.5680389404296875,-0.0024356842041015625,-0.033893585205078125,-0.021416664123535156,-0.006180763244628906,0.003954887390136719
2192.5,-0.14507102966308594,-0.22034454345703125,0.015872955322265625,0.023906707763671875,0.03262615203857422,-0.000316619873046875,-0.0005445480346679688,0.0014171600341796875,-0.11411666870117188,-0.43689727783203125,-0.17737579345703125,-0.008943557739257812,-0.0034084320068359375,-0.0066547393798828125,-0.0034084320068359375,0.0002422332763671875,-0.05756378173828125,-0.13187408447265625,-0.2816486358642578,-0.025127410888671875,0.0316009521484375,-0.01305389404296875,0.0020608901977539062,-1.33514404296875e-05,-0.03451347351074219,-0.3347034454345703,0.3668060302734375,-0.00028228759765625,0.0027379989624023438,-0.015760421752929688,-0.017594337463378906,0.0019588470458984375,-0.09023666381835938,-0.17776107788085938,-0.3007526397705078,-0.005359649658203125,-0.015341758728027344,-0.01486968994140625,-0.020633697509765625,-0.0003299713134765625,-0.04334449768066406,-0.12144279479980469,-0.5680389404296875,-0.0024356842041015625,-0.033893585205078125,-0.021416664123535156,-0.006180763244628906,0.003954887390136719
2193.5,-0.14507102966308594,-0.22034454345703125,0.015872955322265625,0.023906707763671875,0.03262615203857422,-0.000316619873046875,-0.0005445480346679688,0.0014171600341796875,-0.11411666870117188,-0.43689727783203125,-0.17737579345703125,-0.008943557739257812,-0.0034084320068359375,-0.0066547393798828125,-0.0034084320068359375,0.0002422332763671875,-0.05756378173828125,-0.13187408447265625,-0.2816486358642578,-0.025127410888671875,0.0316009521484375,-0.01305389404296875,0.0020608901977539062,-1.33514404296875e-05,-0.03451347351074219,-0.3347034454345703,0.3668060302734375,-0.00028228759765625,0.0027379989624023438,-0.015760421752929688,-0.017594337463378906,0.0019588470458984375,-0.09023666381835938,-0.17776107788085938,-0.3007526397705078,-0.005359649658203125,-0.015341758728027344,-0.01486968994140625,-0.020633697509765625,-0.0003299713134765625,-0.04334449768066406,-0.12144279479980469,-0.5680389404296875,-0.0024356842041015625,-0.033893585205078125,-0.021416664123535156,-0.006180763244628906,0.003954887390136719
2194.5,-0.14507102966308594,-0.22034454345703125,0.015872955322265625,0.023906707763671875,0.03262615203857422,-0.000316619873046875,-0.0005445480346679688,0.0014171600341796875,-0.11411666870117188,-0.43689727783203125,-0.17737579345703125,-0.008943557739257812,-0.0034084320068359375,-0.0066547393798828125,-0.0034084320068359375,0.0002422332763671875,-0.05756378173828125,-0.13187408447265625,-0.2816486358642578,-0.025127410888671875,0.0316009521484375,-0.01305389404296875,0.0020608901977539062,-1.33514404296875e-05,-0.03451347351074219,-0.3347034454345703,0.3668060302734375,-0.00028228759765625,0.0027379989624023438,-0.015760421752929688,-0.017594337463378906,0.0019588470458984375,-0.09023666381835938,-0.17776107788085938,-0.3007526397705078,-0.005359649658203125,-0.015341758728027344,-0.01486968994140625,-0.020633697509765625,-0.0003299713134765625,-0.04334449768066406,-0.12144279479980469,-0.5680389404296875,-0.0024356842041015625,-0.033893585205078125,-0.021416664123535156,-0.006180763244628906,0.003954887390136719
2195.5,-0.14507102966308594,-0.22034454345703125,0.015872955322265625,0.023906707763671875,0.03262615203857422,-0.000316619873046875,-0.0005445480346679688,0.0014171600341796875,-0.11411666870117188,-0.43689727783203125,-0.17737579345703125,-0.008943557739257812,-0.0034084320068359375,-0.0066547393798828125,-0.0034084320068359375,0.0002422332763671875,-0.05756378173828125,-0.13187408447265625,-0.2816486358642578,-0.025127410888671875,0.0316009521484375,-0.01305389404296875,0.0020608901977539062,-1.33514404296875e-05,-0.03451347351074219,-0.3347034454345703,0.3668060302734375,-0.00028228759765625,0.0027379989624023438,-0.015760421752929688,-0.017594337463378906,0.0019588470458984375,-0.09023666381835938,-0.17776107788085938,-0.3007526397705078,-0.005359649658203125,-0.015341758728027344,-0.01486968994140625,-0.020633697509765625,-0.0003299713134765625,-0.04334449768066406,-0.12144279479980469,-0.5680389404296875,-0.0024356842041015625,-0.033893585205078125,-0.021416664123535156,-0.006180763244628906,0.003954887390136719
2196.5,-0.14507102966308594,-0.22034454345703125,0.015872955322265625,0.023906707763671875,0.03262615203857422,-0.000316619873046875,-0.0005445480346679688,0.0014171600341796875,-0.11411666870117188,-0.43689727783203125,-0.17737579345703125,-0.008943557739257812,-0.0034084320068359375,-0.0066547393798828125,-0.0034084320068359375,0.0002422332763671875,-0.05756378173828125,-0.13187408447265625,-0.2816486358642578,-0.025127410888671875,0.0316009521484375,-0.01305389404296875,0.0020608901977539062,-1.33514404296875e-05,-0.03451347351074219,-0.3347034454345703,0.3668060302734375,-0.00028228759765625,0.0027379989624023438,-0.015760421752929688,-0.017594337463378906,0.0019588470458984375,-0.09023666381835938,-0.17776107788085938,-0.3007526397705078,-0.005359649658203125,-0.015341758728027344,-0.01486968994140625,-0.020633697509765625,-0.0003299713134765625,-0.04334449768066406,-0.12144279479980469,-0.5680389404296875,-0.0024356842041015625,-0.033893585205078125,-0.021416664123535156,-0.006180763244628906,0.003954887390136719
2197.5,-0.14507102966308594,-0.22034454345703125,0.015872955322265625,0.023906707763671875,0.03262615203857422,-0.000316619873046875,-0.0005445480346679688,0.0014171600341796875,-0.11411666870117188,-0.43689727783203125,-0.17737579345703125,-0.008943557739257812,-0.0034084320068359375,-0.0066547393798828125,-0.0034084320068359375,0.0002422332763671875,-0.05756378173828125,-0.13187408447265625,-0.2816486358642578,-0.025127410888671875,0.0316009521484375,-0.01305389404296875,0.0020608901977539062,-1.33514404296875e-05,-0.03451347351074219,-0.3347034454345703,0.3668060302734375,-0.00028228759765625,0.0027379989624023438,-0.015760421752929688,-0.017594337463378906,0.0019588470458984375,-0.09023666381835938,-0.17776107788085938,-0.3007526397705078,-0.005359649658203125,-0.015341758728027344,-0.01486968994140625,-0.020633697509765625,-0.0003299713134765625,-0.04334449768066406,-0.12144279479980469,-0.5680389404296875,-0.0024356842041015625,-0.033893585205078125,-0.021416664123535156,-0.006180763244628906,0.003954887390136719
2198.5,-0.14507102966308594,-0.22034454345703125,0.015872955322265625,0.023906707763671875,0.03262615203857422,-0.000316619873046875,-0.0005445480346679688,0.0014171600341796875,-0.11411666870117188,-0.43689727783203125,-0.17737579345703125,-0.008943557739257812,-0.0034084320068359375,-0.0066547393798828125,-0.0034084320068359375,0.0002422332763671875,-0.05756378173828125,-0.13187408447265625,-0.2816486358642578,-0.025127410888671875,0.0316009521484375,-0.01305389404296875,0.0020608901977539062,-1.33514404296875e-05,-0.03451347351074219,-0.3347034454345703,0.3668060302734375,-0.00028228759765625,0.0027379989624023438,-0.015760421752929688,-0.017594337463378906,0.0019588470458984375,-0.09023666381835938,-0.17776107788085938,-0.3007526397705078,-0.005359649658203125,-0.015341758728027344,-0.01486968994140625,-0.020633697509765625,-0.0003299713134765625,-0.04334449768066406,-0.12144279479980469,-0.5680389404296875,-0.0024356842041015625,-0.033893585205078125,-0.021416664123535156,-0.006180763244628906,0.003954887390136719
2199.5,-0.14507102966308594,-0.22034454345703125,0.015872955322265625,0.023906707763671875,0.03262615203857422,-0.000316619873046875,-0.0005445480346679688,0.0014171600341796875,-0.11411666870117188,-0.43689727783203125,-0.17737579345703125,-0.008943557739257812,-0.0034084320068359375,-0.0066547393798828125,-0.0034084320068359375,0.0002422332763671875,-0.05756378173828125,-0.13187408447265625,-0.2816486358642578,-0.025127410888671875,0.0316009521484375,-0.01305389404296875,0.0020608901977539062,-1.33514404296875e-05,-0.03451347351074219,-0.3347034454345703,0.3668060302734375,-0.00028228759765625,0.0027379989624023438,-0.015760421752929688,-0.017594337463378906,0.0019588470458984375,-0.09023666381835938,-0.17776107788085938,-0.3007526397705078,-0.005359649658203125,-0.015341758728027344,-0.01486968994140625,-0.020633697509765625,-0.0003299713134765625,-0.04334449768066406,-0.12144279479980469,-0.5680389404296875,-0.0024356842041015625,-0.033893585205078125,-0.021416664123535156,-0.006180763244628906,0.003954887390136719
2200.5,-0.14507102966308594,-0.22034454345703125,0.015872955322265625,0.023906707763671875,0.03262615203857422,-0.000316619873046875,-0.0005445480346679688,0.0014171600341796875,-0.11411666870117188,-0.43689727783203125,-0.17737579345703125,-0.008943557739257812,-0.0034084320068359375,-0.0066547393798828125,-0.0034084320068359375,0.0002422332763671875,-0.05756378173828125,-0.13187408447265625,-0.2816486358642578,-0.025127410888671875,0.0316009521484375,-0.01305389404296875,0.0020608901977539062,-1.33514404296875e-05,-0.03451347351074219,-0.3347034454345703,0.3668060302734375,-0.00028228759765625,0.0027379989624023438,-0.015760421752929688,-0.017594337463378906,0.0019588470458984375,-0.09023666381835938,-0.17776107788085938,-0.3007526397705078,-0.005359649658203125,-0.015341758728027344,-0.01486968994140625,-0.020633697509765625,-0.0003299713134765625,-0.04334449768066406,-0.12144279479980469,-0.5680389404296875,-0.0024356842041015625,-0.033893585205078125,-0.021416664123535156,-0.006180763244628906,0.003954887390136719
2201.5,-0.14507102966308594,-0.22034454345703125,0.015872955322265625,0.023906707763671875,0.03262615203857422,-0.000316619873046875,-0.0005445480346679688,0.0014171600341796875,-0.11411666870117188,-0.43689727783203125,-0.17737579345703125,-0.008943557739257812,-0.0034084320068359375,-0.0066547393798828125,-0.0034084320068359375,0.0002422332763671875,-0.05756378173828125,-0.13187408447265625,-0.2816486358642578,-0.025127410888671875,0.0316009521484375,-0.01305389404296875,0.0020608901977539062,-1.33514404296875e-05,-0.03451347351074219,-0.3347034454345703,0.3668060302734375,-0.00028228759765625,0.0027379989624023438,-0.015760421752929688,-0.017594337463378906,0.0019588470458984375,-0.09023666381835938,-0.17776107788085938,-0.3007526397705078,-0.005359649658203125,-0.015341758728027344,-0.01486968994140625,-0.020633697509765625,-0.0003299713134765625,-0.04334449768066406,-0.12144279479980469,-0.5680389404296875,-0.0024356842041015625,-0.033893585205078125,-0.021416664123535156,-0.006180763244628906,0.003954887390136719
2202.5,-0.14507102966308594,-0.22034454345703125,0.015872955322265625,0.023906707763671875,0.03262615203857422,-0.000316619873046875,-0.0005445480346679688,0.0014171600341796875,-0.11411666870117188,-0.43689727783203125,-0.17737579345703125,-0.008943557739257812,-0.0034084320068359375,-0.0066547393798828125,-0.0034084320068359375,0.0002422332763671875,-0.05756378173828125,-0.13187408447265625,-0.2816486358642578,-0.025127410888671875,0.0316009521484375,-0.01305389404296875,0.0020608901977539062,-1.33514404296875e-05,-0.03451347351074219,-0.3347034454345703,0.3668060302734375,-0.00028228759765625,0.0027379989624023438,-0.015760421752929688,-0.017594337463378906,0.0019588470458984375,-0.09023666381835938,-0.17776107788085938,-0.3007526397705078,-0.005359649658203125,-0.015341758728027344,-0.01486968994140625,-0.020633697509765625,-0.0003299713134765625,-0.04334449768066406,-0.12144279479980469,-0.5680389404296875,-0.0024356842041015625,-0.033893585205078125,-0.021416664123535156,-0.006180763244628906,0.003954887390136719
2203.5,-0.14507102966308594,-0.22034454345703125,0.015872955322265625,0.023906707763671875,0.03262615203857422,-0.000316619873046875,-0.0005445480346679688,0.0014171600341796875,-0.11411666870117188,-0.43689727783203125,-0.17737579345703125,-0.008943557739257812,-0.0034084320068359375,-0.0066547393798828125,-0.0034084320068359375,0.0002422332763671875,-0.05756378173828125,-0.13187408447265625,-0.2816486358642578,-0.025127410888671875,0.0316009521484375,-0.01305389404296875,0.0020608901977539062,-1.33514404296875e-05,-0.03451347351074219,-0.3347034454345703,0.3668060302734375,-0.00028228759765625,0.0027379989624023438,-0.015760421752929688,-0.017594337463378906,0.0019588470458984375,-0.09023666381835938,-0.17776107788085938,-0.3007526397705078,-0.005359649658203125,-0.015341758728027344,-0.01486968994140625,-0.020633697509765625,-0.0003299713134765625,-0.04334449768066406,-0.12144279479980469,-0.5680389404296875,-0.0024356842041015625,-0.033893585205078125,-0.021416664123535156,-0.006180763244628906,0.003954887390136719
2204.5,-0.14507102966308594,-0.22034454345703125,0.015872955322265625,0.023906707763671875,0.03262615203857422,-0.000316619873046875,-0.0005445480346679688,0.0014171600341796875,-0.11411666870117188,-0.43689727783203125,-0.17737579345703125,-0.008943557739257812,-0.0034084320068359375,-0.0066547393798828125,-0.0034084320068359375,0.0002422332763671875,-0.05756378173828125,-0.13187408447265625,-0.2816486358642578,-0.025127410888671875,0.0316009521484375,-0.01305389404296875,0.0020608901977539062,-1.33514404296875e-05,-0.03451347351074219,-0.3347034454345703,0.3668060302734375,-0.00028228759765625,0.0027379989624023438,-0.015760421752929688,-0.017594337463378906,0.0019588470458984375,-0.09023666381835938,-0.17776107788085938,-0.3007526397705078,-0.005359649658203125,-0.015341758728027344,-0.01486968994140625,-0.020633697509765625,-0.0003299713134765625,-0.04334449768066406,-0.12144279479980469,-0.5680389404296875,-0.0024356842041015625,-0.033893585205078125,-0.021416664123535156,-0.006180763244628906,0.003954887390136719
2205.5,-0.14507102966308594,-0.22034454345703125,0.015872955322265625,0.023906707763671875,0.03262615203857422,-0.000316619873046875,-0.0005445480346679688,0.0014171600341796875,-0.11411666870117188,-0.43689727783203125,-0.17737579345703125,-0.008943557739257812,-0.0034084320068359375,-0.0066547393798828125,-0.0034084320068359375,0.0002422332763671875,-0.05756378173828125,-0.13187408447265625,-0.2816486358642578,-0.025127410888671875,0.0316009521484375,-0.01305389404296875,0.0020608901977539062,-1.33514404296875e-05,-0.03451347351074219,-0.3347034454345703,0.3668060302734375,-0.00028228759765625,0.0027379989624023438,-0.015760421752929688,-0.017594337463378906,0.0019588470458984375,-0.09023666381835938,-0.17776107788085938,-0.3007526397705078,-0.005359649658203125,-0.015341758728027344,-0.01486968994140625,-0.020633697509765625,-0.0003299713134765625,-0.04334449768066406,-0.12144279479980469,-0.5680389404296875,-0.0024356842041015625,-0.033893585205078125,-0.021416664123535156,-0.006180763244628906,0.003954887390136719
2206.5,-0.14507102966308594,-0.22034454345703125,0.015872955322265625,0.023906707763671875,0.03262615203857422,-0.000316619873046875,-0.0005445480346679688,0.0014171600341796875,-0.11411666870117188,-0.43689727783203125,-0.17737579345703125,-0.008943557739257812,-0.0034084320068359375,-0.0066547393798828125,-0.0034084320068359375,0.0002422332763671875,-0.05756378173828125,-0.13187408447265625,-0.2816486358642578,-0.025127410888671875,0.0316009521484375,-0.01305389404296875,0.0020608901977539062,-1.33514404296875e-05,-0.03451347351074219,-0.3347034454345703,0.3668060302734375,-0.00028228759765625,0.0027379989624023438,-0.015760421752929688,-0.017594337463378906,0.0019588470458984375,-0.09023666381835938,-0.17776107788085938,-0.3007526397705078,-0.005359649658203125,-0.015341758728027344,-0.01486968994140625,-0.020633697509765625,-0.0003299713134765625,-0.04334449768066406,-0.12144279479980469,-0.5680389404296875,-0.0024356842041015625,-0.033893585205078125,-0.021416664123535156,-0.006180763244628906,0.003954887390136719
2207.5,-0.14507102966308594,-0.22034454345703125,0.015872955322265625,0.023906707763671875,0.03262615203857422,-0.000316619873046875,-0.0005445480346679688,0.0014171600341796875,-0.11411666870117188,-0.43689727783203125,-0.17737579345703125,-0.008943557739257812,-0.0034084320068359375,-0.0066547393798828125,-0.0034084320068359375,0.0002422332763671875,-0.05756378173828125,-0.13187408447265625,-0.2816486358642578,-0.025127410888671875,0.0316009521484375,-0.01305389404296875,0.0020608901977539062,-1.33514404296875e-05,-0.03451347351074219,-0.3347034454345703,0.3668060302734375,-0.00028228759765625,0.0027379989624023438,-0.015760421752929688,-0.017594337463378906,0.0019588470458984375,-0.09023666381835938,-0.17776107788085938,-0.3007526397705078,-0.005359649658203125,-0.015341758728027344,-0.01486968994140625,-0.020633697509765625,-0.0003299713134765625,-0.04334449768066406,-0.12144279479980469,-0.5680389404296875,-0.0024356842041015625,-0.033893585205078125,-0.021416664123535156,-0.006180763244628906,0.003954887390136719
2208.5,-0.14507102966308594,-0.22034454345703125,0.015872955322265625,0.023906707763671875,0.03262615203857422,-0.000316619873046875,-0.0005445480346679688,0.0014171600341796875,-0.11411666870117188,-0.43689727783203125,-0.17737579345703125,-0.008943557739257812,-0.0034084320068359375,-0.0066547393798828125,-0.0034084320068359375,0.0002422332763671875,-0.05756378173828125,-0.13187408447265625,-0.2816486358642578,-0.025127410888671875,0.0316009521484375,-0.01305389404296875,0.0020608901977539062,-1.33514404296875e-05,-0.03451347351074219,-0.3347034454345703,0.3668060302734375,-0.00028228759765625,0.0027379989624023438,-0.015760421752929688,-0.017594337463378906,0.0019588470458984375,-0.09023666381835938,-0.17776107788085938,-0.3007526397705078,-0.005359649658203125,-0.015341758728027344,-0.01486968994140625,-0.020633697509765625,-0.0003299713134765625,-0.04334449768066406,-0.12144279479980469,-0.5680389404296875,-0.0024356842041015625,-0.033893585205078125,-0.021416664123535156,-0.006180763244628906,0.003954887390136719
2209.5,-0.14507102966308594,-0.22034454345703125,0.015872955322265625,0.023906707763671875,0.03262615203857422,-0.000316619873046875,-0.0005445480346679688,0.0014171600341796875,-0.11411666870117188,-0.43689727783203125,-0.17737579345703125,-0.008943557739257812,-0.0034084320068359375,-0.0066547393798828125,-0.0034084320068359375,0.0002422332763671875,-0.05756378173828125,-0.13187408447265625,-0.2816486358642578,-0.025127410888671875,0.0316009521484375,-0.01305389404296875,0.0020608901977539062,-1.33514404296875e-05,-0.03451347351074219,-0.3347034454345703,0.3668060302734375,-0.00028228759765625,0.0027379989624023438,-0.015760421752929688,-0.017594337463378906,0.0019588470458984375,-0.09023666381835938,-0.17776107788085938,-0.3007526397705078,-0.005359649658203125,-0.015341758728027344,-0.01486968994140625,-0.020633697509765625,-0.0003299713134765625,-0.04334449768066406,-0.12144279479980469,-0.5680389404296875,-0.0024356842041015625,-0.033893585205078125,-0.021416664123535156,-0.006180763244628906,0.003954887390136719
2210.5,-0.14507102966308594,-0.22034454345703125,0.015872955322265625,0.023906707763671875,0.03262615203857422,-0.000316619873046875,-0.0005445480346679688,0.0014171600341796875,-0.11411666870117188,-0.43689727783203125,-0.17737579345703125,-0.008943557739257812,-0.0034084320068359375,-0.0066547393798828125,-0.0034084320068359375,0.0002422332763671875,-0.05756378173828125,-0.13187408447265625,-0.2816486358642578,-0.025127410888671875,0.0316009521484375,-0.01305389404296875,0.0020608901977539062,-1.33514404296875e-05,-0.03451347351074219,-0.3347034454345703,0.3668060302734375,-0.00028228759765625,0.0027379989624023438,-0.015760421752929688,-0.017594337463378906,0.0019588470458984375,-0.09023666381835938,-0.17776107788085938,-0.3007526397705078,-0.005359649658203125,-0.015341758728027344,-0.01486968994140625,-0.020633697509765625,-0.0003299713134765625,-0.04334449768066406,-0.12144279479980469,-0.5680389404296875,-0.0024356842041015625,-0.033893585205078125,-0.021416664123535156,-0.006180763244628906,0.003954887390136719
2211.5,-0.14507102966308594,-0.22034454345703125,0.015872955322265625,0.023906707763671875,0.03262615203857422,-0.000316619873046875,-0.0005445480346679688,0.0014171600341796875,-0.11411666870117188,-0.43689727783203125,-0.17737579345703125,-0.008943557739257812,-0.0034084320068359375,-0.0066547393798828125,-0.0034084320068359375,0.0002422332763671875,-0.05756378173828125,-0.13187408447265625,-0.2816486358642578,-0.025127410888671875,0.0316009521484375,-0.01305389404296875,0.0020608901977539062,-1.33514404296875e-05,-0.03451347351074219,-0.3347034454345703,0.3668060302734375,-0.00028228759765625,0.0027379989624023438,-0.015760421752929688,-0.017594337463378906,0.0019588470458984375,-0.09023666381835938,-0.17776107788085938,-0.3007526397705078,-0.005359649658203125,-0.015341758728027344,-0.01486968994140625,-0.020633697509765625,-0.0003299713134765625,-0.04334449768066406,-0.12144279479980469,-0.5680389404296875,-0.0024356842041015625,-0.033893585205078125,-0.021416664123535156,-0.006180763244628906,0.003954887390136719
2212.5,-0.14507102966308594,-0.22034454345703125,0.015872955322265625,0.023906707763671875,0.03262615203857422,-0.000316619873046875,-0.0005445480346679688,0.0014171600341796875,-0.11411666870117188,-0.43689727783203125,-0.17737579345703125,-0.008943557739257812,-0.0034084320068359375,-0.0066547393798828125,-0.0034084320068359375,0.0002422332763671875,-0.05756378173828125,-0.13187408447265625,-0.2816486358642578,-0.025127410888671875,0.0316009521484375,-0.01305389404296875,0.0020608901977539062,-1.33514404296875e-05,-0.03451347351074219,-0.3347034454345703,0.3668060302734375,-0.00028228759765625,0.0027379989624023438,-0.015760421752929688,-0.017594337463378906,0.0019588470458984375,-0.09023666381835938,-0.17776107788085938,-0.3007526397705078,-0.005359649658203125,-0.015341758728027344,-0.01486968994140625,-0.020633697509765625,-0.0003299713134765625,-0.04334449768066406,-0.12144279479980469,-0.5680389404296875,-0.0024356842041015625,-0.033893585205078125,-0.021416664123535156,-0.006180763244628906,0.003954887390136719
2213.5,-0.14507102966308594,-0.22034454345703125,0.015872955322265625,0.023906707763671875,0.03262615203857422,-0.000316619873046875,-0.0005445480346679688,0.0014171600341796875,-0.11411666870117188,-0.43689727783203125,-0.17737579345703125,-0.008943557739257812,-0.0034084320068359375,-0.0066547393798828125,-0.0034084320068359375,0.0002422332763671875,-0.05756378173828125,-0.13187408447265625,-0.2816486358642578,-0.025127410888671875,0.0316009521484375,-0.01305389404296875,0.0020608901977539062,-1.33514404296875e-05,-0.03451347351074219,-0.3347034454345703,0.3668060302734375,-0.00028228759765625,0.0027379989624023438,-0.015760421752929688,-0.017594337463378906,0.0019588470458984375,-0.09023666381835938,-0.17776107788085938,-0.3007526397705078,-0.005359649658203125,-0.015341758728027344,-0.01486968994140625,-0.020633697509765625,-0.0003299713134765625,-0.04334449768066406,-0.12144279479980469,-0.5680389404296875,-0.0024356842041015625,-0.033893585205078125,-0.021416664123535156,-0.006180763244628906,0.003954887390136719
2214.5,-0.14507102966308594,-0.22034454345703125,0.015872955322265625,0.023906707763671875,0.03262615203857422,-0.000316619873046875,-0.0005445480346679688,0.0014171600341796875,-0.11411666870117188,-0.43689727783203125,-0.17737579345703125,-0.008943557739257812,-0.0034084320068359375,-0.0066547393798828125,-0.0034084320068359375,0.0002422332763671875,-0.05756378173828125,-0.13187408447265625,-0.2816486358642578,-0.025127410888671875,0.0316009521484375,-0.01305389404296875,0.0020608901977539062,-1.33514404296875e-05,-0.03451347351074219,-0.3347034454345703,0.3668060302734375,-0.00028228759765625,0.0027379989624023438,-0.015760421752929688,-0.017594337463378906,0.0019588470458984375,-0.09023666381835938,-0.17776107788085938,-0.3007526397705078,-0.005359649658203125,-0.015341758728027344,-0.01486968994140625,-0.020633697509765625,-0.0003299713134765625,-0.04334449768066406,-0.12144279479980469,-0.5680389404296875,-0.0024356842041015625,-0.033893585205078125,-0.021416664123535156,-0.006180763244628906,0.003954887390136719
2215.5,-0.14507102966308594,-0.22034454345703125,0.015872955322265625,0.023906707763671875,0.03262615203857422,-0.000316619873046875,-0.0005445480346679688,0.0014171600341796875,-0.11411666870117188,-0.43689727783203125,-0.17737579345703125,-0.008943557739257812,-0.0034084320068359375,-0.0066547393798828125,-0.0034084320068359375,0.0002422332763671875,-0.05756378173828125,-0.13187408447265625,-0.2816486358642578,-0.025127410888671875,0.0316009521484375,-0.01305389404296875,0.0020608901977539062,-1.33514404296875e-05,-0.03451347351074219,-0.3347034454345703,0.3668060302734375,-0.00028228759765625,0.0027379989624023438,-0.015760421752929688,-0.017594337463378906,0.0019588470458984375,-0.09023666381835938,-0.17776107788085938,-0.3007526397705078,-0.005359649658203125,-0.015341758728027344,-0.01486968994140625,-0.020633697509765625,-0.0003299713134765625,-0.04334449768066406,-0.12144279479980469,-0.5680389404296875,-0.0024356842041015625,-0.033893585205078125,-0.021416664123535156,-0.006180763244628906,0.003954887390136719
2216.5,-0.14507102966308594,-0.22034454345703125,0.015872955322265625,0.023906707763671875,0.03262615203857422,-0.000316619873046875,-0.0005445480346679688,0.0014171600341796875,-0.11411666870117188,-0.43689727783203125,-0.17737579345703125,-0.008943557739257812,-0.0034084320068359375,-0.0066547393798828125,-0.0034084320068359375,0.0002422332763671875,-0.05756378173828125,-0.13187408447265625,-0.2816486358642578,-0.025127410888671875,0.0316009521484375,-0.01305389404296875,0.0020608901977539062,-1.33514404296875e-05,-0.03451347351074219,-0.3347034454345703,0.3668060302734375,-0.00028228759765625,0.0027379989624023438,-0.015760421752929688,-0.017594337463378906,0.0019588470458984375,-0.09023666381835938,-0.17776107788085938,-0.3007526397705078,-0.005359649658203125,-0.015341758728027344,-0.01486968994140625,-0.020633697509765625,-0.0003299713134765625,-0.04334449768066406,-0.12144279479980469,-0.5680389404296875,-0.0024356842041015625,-0.033893585205078125,-0.021416664123535156,-0.006180763244628906,0.003954887390136719
2217.5,-0.14507102966308594,-0.22034454345703125,0.015872955322265625,0.023906707763671875,0.03262615203857422,-0.000316619873046875,-0.0005445480346679688,0.0014171600341796875,-0.11411666870117188,-0.43689727783203125,-0.17737579345703125,-0.008943557739257812,-0.0034084320068359375,-0.0066547393798828125,-0.0034084320068359375,0.0002422332763671875,-0.05756378173828125,-0.13187408447265625,-0.2816486358642578,-0.025127410888671875,0.0316009521484375,-0.01305389404296875,0.0020608901977539062,-1.33514404296875e-05,-0.03451347351074219,-0.3347034454345703,0.3668060302734375,-0.00028228759765625,0.0027379989624023438,-0.015760421752929688,-0.017594337463378906,0.0019588470458984375,-0.09023666381835938,-0.17776107788085938,-0.3007526397705078,-0.005359649658203125,-0.015341758728027344,-0.01486968994140625,-0.020633697509765625,-0.0003299713134765625,-0.04334449768066406,-0.12144279479980469,-0.5680389404296875,-0.0024356842041015625,-0.033893585205078125,-0.021416664123535156,-0.006180763244628906,0.003954887390136719
2218.5,-0.14507102966308594,-0.22034454345703125,0.015872955322265625,0.023906707763671875,0.03262615203857422,-0.000316619873046875,-0.0005445480346679688,0.0014171600341796875,-0.11411666870117188,-0.43689727783203125,-0.17737579345703125,-0.008943557739257812,-0.0034084320068359375,-0.0066547393798828125,-0.0034084320068359375,0.0002422332763671875,-0.05756378173828125,-0.13187408447265625,-0.2816486358642578,-0.025127410888671875,0.0316009521484375,-0.01305389404296875,0.0020608901977539062,-1.33514404296875e-05,-0.03451347351074219,-0.3347034454345703,0.3668060302734375,-0.00028228759765625,0.0027379989624023438,-0.015760421752929688,-0.017594337463378906,0.0019588470458984375,-0.09023666381835938,-0.17776107788085938,-0.3007526397705078,-0.005359649658203125,-0.015341758728027344,-0.01486968994140625,-0.020633697509765625,-0.0003299713134765625,-0.04334449768066406,-0.12144279479980469,-0.5680389404296875,-0.0024356842041015625,-0.033893585205078125,-0.021416664123535156,-0.006180763244628906,0.003954887390136719
2219.5,-0.14507102966308594,-0.22034454345703125,0.015872955322265625,0.023906707763671875,0.03262615203857422,-0.000316619873046875,-0.0005445480346679688,0.0014171600341796875,-0.11411666870117188,-0.43689727783203125,-0.17737579345703125,-0.008943557739257812,-0.0034084320068359375,-0.0066547393798828125,-0.0034084320068359375,0.0002422332763671875,-0.05756378173828125,-0.13187408447265625,-0.2816486358642578,-0.025127410888671875,0.0316009521484375,-0.01305389404296875,0.0020608901977539062,-1.33514404296875e-05,-0.03451347351074219,-0.3347034454345703,0.3668060302734375,-0.00028228759765625,0.0027379989624023438,-0.015760421752929688,-0.017594337463378906,0.0019588470458984375,-0.09023666381835938,-0.17776107788085938,-0.3007526397705078,-0.005359649658203125,-0.015341758728027344,-0.01486968994140625,-0.020633697509765625,-0.0003299713134765625,-0.04334449768066406,-0.12144279479980469,-0.5680389404296875,-0.0024356842041015625,-0.033893585205078125,-0.021416664123535156,-0.006180763244628906,0.003954887390136719
2220.5,-0.14507102966308594,-0.22034454345703125,0.015872955322265625,0.023906707763671875,0.03262615203857422,-0.000316619873046875,-0.0005445480346679688,0.0014171600341796875,-0.11411666870117188,-0.43689727783203125,-0.17737579345703125,-0.008943557739257812,-0.0034084320068359375,-0.0066547393798828125,-0.0034084320068359375,0.0002422332763671875,-0.05756378173828125,-0.13187408447265625,-0.2816486358642578,-0.025127410888671875,0.0316009521484375,-0.01305389404296875,0.0020608901977539062,-1.33514404296875e-05,-0.03451347351074219,-0.3347034454345703,0.3668060302734375,-0.00028228759765625,0.0027379989624023438,-0.015760421752929688,-0.017594337463378906,0.0019588470458984375,-0.09023666381835938,-0.17776107788085938,-0.3007526397705078,-0.005359649658203125,-0.015341758728027344,-0.01486968994140625,-0.020633697509765625,-0.0003299713134765625,-0.04334449768066406,-0.12144279479980469,-0.5680389404296875,-0.0024356842041015625,-0.033893585205078125,-0.021416664123535156,-0.006180763244628906,0.003954887390136719
2221.5,-0.14507102966308594,-0.22034454345703125,0.015872955322265625,0.023906707763671875,0.03262615203857422,-0.000316619873046875,-0.0005445480346679688,0.0014171600341796875,-0.11411666870117188,-0.43689727783203125,-0.17737579345703125,-0.008943557739257812,-0.0034084320068359375,-0.0066547393798828125,-0.0034084320068359375,0.0002422332763671875,-0.05756378173828125,-0.13187408447265625,-0.2816486358642578,-0.025127410888671875,0.0316009521484375,-0.01305389404296875,0.0020608901977539062,-1.33514404296875e-05,-0.03451347351074219,-0.3347034454345703,0.3668060302734375,-0.00028228759765625,0.0027379989624023438,-0.015760421752929688,-0.017594337463378906,0.0019588470458984375,-0.09023666381835938,-0.17776107788085938,-0.3007526397705078,-0.005359649658203125,-0.015341758728027344,-0.01486968994140625,-0.020633697509765625,-0.0003299713134765625,-0.04334449768066406,-0.12144279479980469,-0.5680389404296875,-0.0024356842041015625,-0.033893585205078125,-0.021416664123535156,-0.006180763244628906,0.003954887390136719
2222.5,-0.14507102966308594,-0.22034454345703125,0.015872955322265625,0.023906707763671875,0.03262615203857422,-0.000316619873046875,-0.0005445480346679688,0.0014171600341796875,-0.11411666870117188,-0.43689727783203125,-0.17737579345703125,-0.008943557739257812,-0.0034084320068359375,-0.0066547393798828125,-0.0034084320068359375,0.0002422332763671875,-0.05756378173828125,-0.13187408447265625,-0.2816486358642578,-0.025127410888671875,0.0316009521484375,-0.01305389404296875,0.0020608901977539062,-1.33514404296875e-05,-0.03451347351074219,-0.3347034454345703,0.3668060302734375,-0.00028228759765625,0.0027379989624023438,-0.015760421752929688,-0.017594337463378906,0.0019588470458984375,-0.09023666381835938,-0.17776107788085938,-0.3007526397705078,-0.005359649658203125,-0.015341758728027344,-0.01486968994140625,-0.020633697509765625,-0.0003299713134765625,-0.04334449768066406,-0.12144279479980469,-0.5680389404296875,-0.0024356842041015625,-0.033893585205078125,-0.021416664123535156,-0.006180763244628906,0.003954887390136719
2223.5,-0.14507102966308594,-0.22034454345703125,0.015872955322265625,0.023906707763671875,0.03262615203857422,-0.000316619873046875,-0.0005445480346679688,0.0014171600341796875,-0.11411666870117188,-0.43689727783203125,-0.17737579345703125,-0.008943557739257812,-0.0034084320068359375,-0.0066547393798828125,-0.0034084320068359375,0.0002422332763671875,-0.05756378173828125,-0.13187408447265625,-0.2816486358642578,-0.025127410888671875,0.0316009521484375,-0.01305389404296875,0.0020608901977539062,-1.33514404296875e-05,-0.03451347351074219,-0.3347034454345703,0.3668060302734375,-0.00028228759765625,0.0027379989624023438,-0.015760421752929688,-0.017594337463378906,0.0019588470458984375,-0.09023666381835938,-0.17776107788085938,-0.3007526397705078,-0.005359649658203125,-0.015341758728027344,-0.01486968994140625,-0.020633697509765625,-0.0003299713134765625,-0.04334449768066406,-0.12144279479980469,-0.5680389404296875,-0.0024356842041015625,-0.033893585205078125,-0.021416664123535156,-0.006180763244628906,0.003954887390136719
2224.5,-0.14507102966308594,-0.22034454345703125,0.015872955322265625,0.023906707763671875,0.03262615203857422,-0.000316619873046875,-0.0005445480346679688,0.0014171600341796875,-0.11411666870117188,-0.43689727783203125,-0.17737579345703125,-0.008943557739257812,-0.0034084320068359375,-0.0066547393798828125,-0.0034084320068359375,0.0002422332763671875,-0.05756378173828125,-0.13187408447265625,-0.2816486358642578,-0.025127410888671875,0.0316009521484375,-0.01305389404296875,0.0020608901977539062,-1.33514404296875e-05,-0.03451347351074219,-0.3347034454345703,0.3668060302734375,-0.00028228759765625,0.0027379989624023438,-0.015760421752929688,-0.017594337463378906,0.0019588470458984375,-0.09023666381835938,-0.17776107788085938,-0.3007526397705078,-0.005359649658203125,-0.015341758728027344,-0.01486968994140625,-0.020633697509765625,-0.0003299713134765625,-0.04334449768066406,-0.12144279479980469,-0.5680389404296875,-0.0024356842041015625,-0.033893585205078125,-0.021416664123535156,-0.006180763244628906,0.003954887390136719
2225.5,-0.14507102966308594,-0.22034454345703125,0.015872955322265625,0.023906707763671875,0.03262615203857422,-0.000316619873046875,-0.0005445480346679688,0.0014171600341796875,-0.11411666870117188,-0.43689727783203125,-0.17737579345703125,-0.008943557739257812,-0.0034084320068359375,-0.0066547393798828125,-0.0034084320068359375,0.0002422332763671875,-0.05756378173828125,-0.13187408447265625,-0.2816486358642578,-0.025127410888671875,0.0316009521484375,-0.01305389404296875,0.0020608901977539062,-1.33514404296875e-05,-0.03451347351074219,-0.3347034454345703,0.3668060302734375,-0.00028228759765625,0.0027379989624023438,-0.015760421752929688,-0.017594337463378906,0.0019588470458984375,-0.09023666381835938,-0.17776107788085938,-0.3007526397705078,-0.005359649658203125,-0.015341758728027344,-0.01486968994140625,-0.020633697509765625,-0.0003299713134765625,-0.04334449768066406,-0.12144279479980469,-0.5680389404296875,-0.0024356842041015625,-0.033893585205078125,-0.021416664123535156,-0.006180763244628906,0.003954887390136719
2226.5,-0.14507102966308594,-0.22034454345703125,0.015872955322265625,0.023906707763671875,0.03262615203857422,-0.000316619873046875,-0.0005445480346679688,0.0014171600341796875,-0.11411666870117188,-0.43689727783203125,-0.17737579345703125,-0.008943557739257812,-0.0034084320068359375,-0.0066547393798828125,-0.0034084320068359375,0.0002422332763671875,-0.05756378173828125,-0.13187408447265625,-0.2816486358642578,-0.025127410888671875,0.0316009521484375,-0.01305389404296875,0.0020608901977539062,-1.33514404296875e-05,-0.03451347351074219,-0.3347034454345703,0.3668060302734375,-0.00028228759765625,0.0027379989624023438,-0.015760421752929688,-0.017594337463378906,0.0019588470458984375,-0.09023666381835938,-0.17776107788085938,-0.3007526397705078,-0.005359649658203125,-0.015341758728027344,-0.01486968994140625,-0.020633697509765625,-0.0003299713134765625,-0.04334449768066406,-0.12144279479980469,-0.5680389404296875,-0.0024356842041015625,-0.033893585205078125,-0.021416664123535156,-0.006180763244628906,0.003954887390136719
2227.5,-0.14507102966308594,-0.22034454345703125,0.015872955322265625,0.023906707763671875,0.03262615203857422,-0.000316619873046875,-0.0005445480346679688,0.0014171600341796875,-0.11411666870117188,-0.43689727783203125,-0.17737579345703125,-0.008943557739257812,-0.0034084320068359375,-0.0066547393798828125,-0.0034084320068359375,0.0002422332763671875,-0.05756378173828125,-0.13187408447265625,-0.2816486358642578,-0.025127410888671875,0.0316009521484375,-0.01305389404296875,0.0020608901977539062,-1.33514404296875e-05,-0.03451347351074219,-0.3347034454345703,0.3668060302734375,-0.00028228759765625,0.0027379989624023438,-0.015760421752929688,-0.017594337463378906,0.0019588470458984375,-0.09023666381835938,-0.17776107788085938,-0.3007526397705078,-0.005359649658203125,-0.015341758728027344,-0.01486968994140625,-0.020633697509765625,-0.0003299713134765625,-0.04334449768066406,-0.12144279479980469,-0.5680389404296875,-0.0024356842041015625,-0.033893585205078125,-0.021416664123535156,-0.006180763244628906,0.003954887390136719
2228.5,-0.14507102966308594,-0.22034454345703125,0.015872955322265625,0.023906707763671875,0.03262615203857422,-0.000316619873046875,-0.0005445480346679688,0.0014171600341796875,-0.11411666870117188,-0.43689727783203125,-0.17737579345703125,-0.008943557739257812,-0.0034084320068359375,-0.0066547393798828125,-0.0034084320068359375,0.0002422332763671875,-0.05756378173828125,-0.13187408447265625,-0.2816486358642578,-0.025127410888671875,0.0316009521484375,-0.01305389404296875,0.0020608901977539062,-1.33514404296875e-05,-0.03451347351074219,-0.3347034454345703,0.3668060302734375,-0.00028228759765625,0.0027379989624023438,-0.015760421752929688,-0.017594337463378906,0.0019588470458984375,-0.09023666381835938,-0.17776107788085938,-0.3007526397705078,-0.005359649658203125,-0.015341758728027344,-0.01486968994140625,-0.020633697509765625,-0.0003299713134765625,-0.04334449768066406,-0.12144279479980469,-0.5680389404296875,-0.0024356842041015625,-0.033893585205078125,-0.021416664123535156,-0.006180763244628906,0.003954887390136719
2229.5,-0.14507102966308594,-0.22034454345703125,0.015872955322265625,0.023906707763671875,0.03262615203857422,-0.000316619873046875,-0.0005445480346679688,0.0014171600341796875,-0.11411666870117188,-0.43689727783203125,-0.17737579345703125,-0.008943557739257812,-0.0034084320068359375,-0.0066547393798828125,-0.0034084320068359375,0.0002422332763671875,-0.05756378173828125,-0.13187408447265625,-0.2816486358642578,-0.025127410888671875,0.0316009521484375,-0.01305389404296875,0.0020608901977539062,-1.33514404296875e-05,-0.03451347351074219,-0.3347034454345703,0.3668060302734375,-0.00028228759765625,0.0027379989624023438,-0.015760421752929688,-0.017594337463378906,0.0019588470458984375,-0.09023666381835938,-0.17776107788085938,-0.3007526397705078,-0.005359649658203125,-0.015341758728027344,-0.01486968994140625,-0.020633697509765625,-0.0003299713134765625,-0.04334449768066406,-0.12144279479980469,-0.5680389404296875,-0.0024356842041015625,-0.033893585205078125,-0.021416664123535156,-0.006180763244628906,0.003954887390136719
2230.5,-0.14507102966308594,-0.22034454345703125,0.015872955322265625,0.023906707763671875,0.03262615203857422,-0.000316619873046875,-0.0005445480346679688,0.0014171600341796875,-0.11411666870117188,-0.43689727783203125,-0.17737579345703125,-0.008943557739257812,-0.0034084320068359375,-0.0066547393798828125,-0.0034084320068359375,0.0002422332763671875,-0.05756378173828125,-0.13187408447265625,-0.2816486358642578,-0.025127410888671875,0.0316009521484375,-0.01305389404296875,0.0020608901977539062,-1.33514404296875e-05,-0.03451347351074219,-0.3347034454345703,0.3668060302734375,-0.00028228759765625,0.0027379989624023438,-0.015760421752929688,-0.017594337463378906,0.0019588470458984375,-0.09023666381835938,-0.17776107788085938,-0.3007526397705078,-0.005359649658203125,-0.015341758728027344,-0.01486968994140625,-0.020633697509765625,-0.0003299713134765625,-0.04334449768066406,-0.12144279479980469,-0.5680389404296875,-0.0024356842041015625,-0.033893585205078125,-0.021416664123535156,-0.006180763244628906,0.003954887390136719
2231.5,-0.14507102966308594,-0.22034454345703125,0.015872955322265625,0.023906707763671875,0.03262615203857422,-0.000316619873046875,-0.0005445480346679688,0.0014171600341796875,-0.11411666870117188,-0.43689727783203125,-0.17737579345703125,-0.008943557739257812,-0.0034084320068359375,-0.0066547393798828125,-0.0034084320068359375,0.0002422332763671875,-0.05756378173828125,-0.13187408447265625,-0.2816486358642578,-0.025127410888671875,0.0316009521484375,-0.01305389404296875,0.0020608901977539062,-1.33514404296875e-05,-0.03451347351074219,-0.3347034454345703,0.3668060302734375,-0.00028228759765625,0.0027379989624023438,-0.015760421752929688,-0.017594337463378906,0.0019588470458984375,-0.09023666381835938,-0.17776107788085938,-0.3007526397705078,-0.005359649658203125,-0.015341758728027344,-0.01486968994140625,-0.020633697509765625,-0.0003299713134765625,-0.04334449768066406,-0.12144279479980469,-0.5680389404296875,-0.0024356842041015625,-0.033893585205078125,-0.021416664123535156,-0.006180763244628906,0.003954887390136719
2232.5,-0.14507102966308594,-0.22034454345703125,0.015872955322265625,0.023906707763671875,0.03262615203857422,-0.000316619873046875,-0.0005445480346679688,0.0014171600341796875,-0.11411666870117188,-0.43689727783203125,-0.17737579345703125,-0.008943557739257812,-0.0034084320068359375,-0.0066547393798828125,-0.0034084320068359375,0.0002422332763671875,-0.05756378173828125,-0.13187408447265625,-0.2816486358642578,-0.025127410888671875,0.0316009521484375,-0.01305389404296875,0.0020608901977539062,-1.33514404296875e-05,-0.03451347351074219,-0.3347034454345703,0.3668060302734375,-0.00028228759765625,0.0027379989624023438,-0.015760421752929688,-0.017594337463378906,0.0019588470458984375,-0.09023666381835938,-0.17776107788085938,-0.3007526397705078,-0.005359649658203125,-0.015341758728027344,-0.01486968994140625,-0.020633697509765625,-0.0003299713134765625,-0.04334449768066406,-0.12144279479980469,-0.5680389404296875,-0.0024356842041015625,-0.033893585205078125,-0.021416664123535156,-0.006180763244628906,0.003954887390136719
2233.5,-0.14507102966308594,-0.22034454345703125,0.015872955322265625,0.023906707763671875,0.03262615203857422,-0.000316619873046875,-0.0005445480346679688,0.0014171600341796875,-0.11411666870117188,-0.43689727783203125,-0.17737579345703125,-0.008943557739257812,-0.0034084320068359375,-0.0066547393798828125,-0.0034084320068359375,0.0002422332763671875,-0.05756378173828125,-0.13187408447265625,-0.2816486358642578,-0.025127410888671875,0.0316009521484375,-0.01305389404296875,0.0020608901977539062,-1.33514404296875e-05,-0.03451347351074219,-0.3347034454345703,0.3668060302734375,-0.00028228759765625,0.0027379989624023438,-0.015760421752929688,-0.017594337463378906,0.0019588470458984375,-0.09023666381835938,-0.17776107788085938,-0.3007526397705078,-0.005359649658203125,-0.015341758728027344,-0.01486968994140625,-0.020633697509765625,-0.0003299713134765625,-0.04334449768066406,-0.12144279479980469,-0.5680389404296875,-0.0024356842041015625,-0.033893585205078125,-0.021416664123535156,-0.006180763244628906,0.003954887390136719
2234.5,-0.14507102966308594,-0.22034454345703125,0.015872955322265625,0.023906707763671875,0.03262615203857422,-0.000316619873046875,-0.0005445480346679688,0.0014171600341796875,-0.11411666870117188,-0.43689727783203125,-0.17737579345703125,-0.008943557739257812,-0.0034084320068359375,-0.0066547393798828125,-0.0034084320068359375,0.0002422332763671875,-0.05756378173828125,-0.13187408447265625,-0.2816486358642578,-0.025127410888671875,0.0316009521484375,-0.01305389404296875,0.0020608901977539062,-1.33514404296875e-05,-0.03451347351074219,-0.3347034454345703,0.3668060302734375,-0.00028228759765625,0.0027379989624023438,-0.015760421752929688,-0.017594337463378906,0.0019588470458984375,-0.09023666381835938,-0.17776107788085938,-0.3007526397705078,-0.005359649658203125,-0.015341758728027344,-0.01486968994140625,-0.020633697509765625,-0.0003299713134765625,-0.04334449768066406,-0.12144279479980469,-0.5680389404296875,-0.0024356842041015625,-0.033893585205078125,-0.021416664123535156,-0.006180763244628906,0.003954887390136719
2235.5,-0.14507102966308594,-0.22034454345703125,0.015872955322265625,0.023906707763671875,0.03262615203857422,-0.000316619873046875,-0.0005445480346679688,0.0014171600341796875,-0.11411666870117188,-0.43689727783203125,-0.17737579345703125,-0.008943557739257812,-0.0034084320068359375,-0.0066547393798828125,-0.0034084320068359375,0.0002422332763671875,-0.05756378173828125,-0.13187408447265625,-0.2816486358642578,-0.025127410888671875,0.0316009521484375,-0.01305389404296875,0.0020608901977539062,-1.33514404296875e-05,-0.03451347351074219,-0.3347034454345703,0.3668060302734375,-0.00028228759765625,0.0027379989624023438,-0.015760421752929688,-0.017594337463378906,0.0019588470458984375,-0.09023666381835938,-0.17776107788085938,-0.3007526397705078,-0.005359649658203125,-0.015341758728027344,-0.01486968994140625,-0.020633697509765625,-0.0003299713134765625,-0.04334449768066406,-0.12144279479980469,-0.5680389404296875,-0.0024356842041015625,-0.033893585205078125,-0.021416664123535156,-0.006180763244628906,0.003954887390136719
2236.5,-0.14507102966308594,-0.22034454345703125,0.015872955322265625,0.023906707763671875,0.03262615203857422,-0.000316619873046875,-0.0005445480346679688,0.0014171600341796875,-0.11411666870117188,-0.43689727783203125,-0.17737579345703125,-0.008943557739257812,-0.0034084320068359375,-0.0066547393798828125,-0.0034084320068359375,0.0002422332763671875,-0.05756378173828125,-0.13187408447265625,-0.2816486358642578,-0.025127410888671875,0.0316009521484375,-0.01305389404296875,0.0020608901977539062,-1.33514404296875e-05,-0.03451347351074219,-0.3347034454345703,0.3668060302734375,-0.00028228759765625,0.0027379989624023438,-0.015760421752929688,-0.017594337463378906,0.0019588470458984375,-0.09023666381835938,-0.17776107788085938,-0.3007526397705078,-0.005359649658203125,-0.015341758728027344,-0.01486968994140625,-0.020633697509765625,-0.0003299713134765625,-0.04334449768066406,-0.12144279479980469,-0.5680389404296875,-0.0024356842041015625,-0.033893585205078125,-0.021416664123535156,-0.006180763244628906,0.003954887390136719
2237.5,-0.14507102966308594,-0.22034454345703125,0.015872955322265625,0.023906707763671875,0.03262615203857422,-0.000316619873046875,-0.0005445480346679688,0.0014171600341796875,-0.11411666870117188,-0.43689727783203125,-0.17737579345703125,-0.008943557739257812,-0.0034084320068359375,-0.0066547393798828125,-0.0034084320068359375,0.0002422332763671875,-0.05756378173828125,-0.13187408447265625,-0.2816486358642578,-0.025127410888671875,0.0316009521484375,-0.01305389404296875,0.0020608901977539062,-1.33514404296875e-05,-0.03451347351074219,-0.3347034454345703,0.3668060302734375,-0.00028228759765625,0.0027379989624023438,-0.015760421752929688,-0.017594337463378906,0.0019588470458984375,-0.09023666381835938,-0.17776107788085938,-0.3007526397705078,-0.005359649658203125,-0.015341758728027344,-0.01486968994140625,-0.020633697509765625,-0.0003299713134765625,-0.04334449768066406,-0.12144279479980469,-0.5680389404296875,-0.0024356842041015625,-0.033893585205078125,-0.021416664123535156,-0.006180763244628906,0.003954887390136719
2238.5,-0.14507102966308594,-0.22034454345703125,0.015872955322265625,0.023906707763671875,0.03262615203857422,-0.000316619873046875,-0.0005445480346679688,0.0014171600341796875,-0.11411666870117188,-0.43689727783203125,-0.17737579345703125,-0.008943557739257812,-0.0034084320068359375,-0.0066547393798828125,-0.0034084320068359375,0.0002422332763671875,-0.05756378173828125,-0.13187408447265625,-0.2816486358642578,-0.025127410888671875,0.0316009521484375,-0.01305389404296875,0.0020608901977539062,-1.33514404296875e-05,-0.03451347351074219,-0.3347034454345703,0.3668060302734375,-0.00028228759765625,0.0027379989624023438,-0.015760421752929688,-0.017594337463378906,0.0019588470458984375,-0.09023666381835938,-0.17776107788085938,-0.3007526397705078,-0.005359649658203125,-0.015341758728027344,-0.01486968994140625,-0.020633697509765625,-0.0003299713134765625,-0.04334449768066406,-0.12144279479980469,-0.5680389404296875,-0.0024356842041015625,-0.033893585205078125,-0.021416664123535156,-0.006180763244628906,0.003954887390136719
2239.5,-0.14507102966308594,-0.22034454345703125,0.015872955322265625,0.023906707763671875,0.03262615203857422,-0.000316619873046875,-0.0005445480346679688,0.0014171600341796875,-0.11411666870117188,-0.43689727783203125,-0.17737579345703125,-0.008943557739257812,-0.0034084320068359375,-0.0066547393798828125,-0.0034084320068359375,0.0002422332763671875,-0.05756378173828125,-0.13187408447265625,-0.2816486358642578,-0.025127410888671875,0.0316009521484375,-0.01305389404296875,0.0020608901977539062,-1.33514404296875e-05,-0.03451347351074219,-0.3347034454345703,0.3668060302734375,-0.00028228759765625,0.0027379989624023438,-0.015760421752929688,-0.017594337463378906,0.0019588470458984375,-0.09023666381835938,-0.17776107788085938,-0.3007526397705078,-0.005359649658203125,-0.015341758728027344,-0.01486968994140625,-0.020633697509765625,-0.0003299713134765625,-0.04334449768066406,-0.12144279479980469,-0.5680389404296875,-0.0024356842041015625,-0.033893585205078125,-0.021416664123535156,-0.006180763244628906,0.003954887390136719
2240.5,-0.14507102966308594,-0.22034454345703125,0.015872955322265625,0.023906707763671875,0.03262615203857422,-0.000316619873046875,-0.0005445480346679688,0.0014171600341796875,-0.11411666870117188,-0.43689727783203125,-0.17737579345703125,-0.008943557739257812,-0.0034084320068359375,-0.0066547393798828125,-0.0034084320068359375,0.0002422332763671875,-0.05756378173828125,-0.13187408447265625,-0.2816486358642578,-0.025127410888671875,0.0316009521484375,-0.01305389404296875,0.0020608901977539062,-1.33514404296875e-05,-0.03451347351074219,-0.3347034454345703,0.3668060302734375,-0.00028228759765625,0.0027379989624023438,-0.015760421752929688,-0.017594337463378906,0.0019588470458984375,-0.09023666381835938,-0.17776107788085938,-0.3007526397705078,-0.005359649658203125,-0.015341758728027344,-0.01486968994140625,-0.020633697509765625,-0.0003299713134765625,-0.04334449768066406,-0.12144279479980469,-0.5680389404296875,-0.0024356842041015625,-0.033893585205078125,-0.021416664123535156,-0.006180763244628906,0.003954887390136719
2241.5,-0.14507102966308594,-0.22034454345703125,0.015872955322265625,0.023906707763671875,0.03262615203857422,-0.000316619873046875,-0.0005445480346679688,0.0014171600341796875,-0.11411666870117188,-0.43689727783203125,-0.17737579345703125,-0.008943557739257812,-0.0034084320068359375,-0.0066547393798828125,-0.0034084320068359375,0.0002422332763671875,-0.05756378173828125,-0.13187408447265625,-0.2816486358642578,-0.025127410888671875,0.0316009521484375,-0.01305389404296875,0.0020608901977539062,-1.33514404296875e-05,-0.03451347351074219,-0.3347034454345703,0.3668060302734375,-0.00028228759765625,0.0027379989624023438,-0.015760421752929688,-0.017594337463378906,0.0019588470458984375,-0.09023666381835938,-0.17776107788085938,-0.3007526397705078,-0.005359649658203125,-0.015341758728027344,-0.01486968994140625,-0.020633697509765625,-0.0003299713134765625,-0.04334449768066406,-0.12144279479980469,-0.5680389404296875,-0.0024356842041015625,-0.033893585205078125,-0.021416664123535156,-0.006180763244628906,0.003954887390136719
2242.5,-0.14507102966308594,-0.22034454345703125,0.015872955322265625,0.023906707763671875,0.03262615203857422,-0.000316619873046875,-0.0005445480346679688,0.0014171600341796875,-0.11411666870117188,-0.43689727783203125,-0.17737579345703125,-0.008943557739257812,-0.0034084320068359375,-0.0066547393798828125,-0.0034084320068359375,0.0002422332763671875,-0.05756378173828125,-0.13187408447265625,-0.2816486358642578,-0.025127410888671875,0.0316009521484375,-0.01305389404296875,0.0020608901977539062,-1.33514404296875e-05,-0.03451347351074219,-0.3347034454345703,0.3668060302734375,-0.00028228759765625,0.0027379989624023438,-0.015760421752929688,-0.017594337463378906,0.0019588470458984375,-0.09023666381835938,-0.17776107788085938,-0.3007526397705078,-0.005359649658203125,-0.015341758728027344,-0.01486968994140625,-0.020633697509765625,-0.0003299713134765625,-0.04334449768066406,-0.12144279479980469,-0.5680389404296875,-0.0024356842041015625,-0.033893585205078125,-0.021416664123535156,-0.006180763244628906,0.003954887390136719
2243.5,-0.14507102966308594,-0.22034454345703125,0.015872955322265625,0.023906707763671875,0.03262615203857422,-0.000316619873046875,-0.0005445480346679688,0.0014171600341796875,-0.11411666870117188,-0.43689727783203125,-0.17737579345703125,-0.008943557739257812,-0.0034084320068359375,-0.0066547393798828125,-0.0034084320068359375,0.0002422332763671875,-0.05756378173828125,-0.13187408447265625,-0.2816486358642578,-0.025127410888671875,0.0316009521484375,-0.01305389404296875,0.0020608901977539062,-1.33514404296875e-05,-0.03451347351074219,-0.3347034454345703,0.3668060302734375,-0.00028228759765625,0.0027379989624023438,-0.015760421752929688,-0.017594337463378906,0.0019588470458984375,-0.09023666381835938,-0.17776107788085938,-0.3007526397705078,-0.005359649658203125,-0.015341758728027344,-0.01486968994140625,-0.020633697509765625,-0.0003299713134765625,-0.04334449768066406,-0.12144279479980469,-0.5680389404296875,-0.0024356842041015625,-0.033893585205078125,-0.021416664123535156,-0.006180763244628906,0.003954887390136719
2244.5,-0.14507102966308594,-0.22034454345703125,0.015872955322265625,0.023906707763671875,0.03262615203857422,-0.000316619873046875,-0.0005445480346679688,0.0014171600341796875,-0.11411666870117188,-0.43689727783203125,-0.17737579345703125,-0.008943557739257812,-0.0034084320068359375,-0.0066547393798828125,-0.0034084320068359375,0.0002422332763671875,-0.05756378173828125,-0.13187408447265625,-0.2816486358642578,-0.025127410888671875,0.0316009521484375,-0.01305389404296875,0.0020608901977539062,-1.33514404296875e-05,-0.03451347351074219,-0.3347034454345703,0.3668060302734375,-0.00028228759765625,0.0027379989624023438,-0.015760421752929688,-0.017594337463378906,0.0019588470458984375,-0.09023666381835938,-0.17776107788085938,-0.3007526397705078,-0.005359649658203125,-0.015341758728027344,-0.01486968994140625,-0.020633697509765625,-0.0003299713134765625,-0.04334449768066406,-0.12144279479980469,-0.5680389404296875,-0.0024356842041015625,-0.033893585205078125,-0.021416664123535156,-0.006180763244628906,0.003954887390136719
2245.5,-0.14507102966308594,-0.22034454345703125,0.015872955322265625,0.023906707763671875,0.03262615203857422,-0.000316619873046875,-0.0005445480346679688,0.0014171600341796875,-0.11411666870117188,-0.43689727783203125,-0.17737579345703125,-0.008943557739257812,-0.0034084320068359375,-0.0066547393798828125,-0.0034084320068359375,0.0002422332763671875,-0.05756378173828125,-0.13187408447265625,-0.2816486358642578,-0.025127410888671875,0.0316009521484375,-0.01305389404296875,0.0020608901977539062,-1.33514404296875e-05,-0.03451347351074219,-0.3347034454345703,0.3668060302734375,-0.00028228759765625,0.0027379989624023438,-0.015760421752929688,-0.017594337463378906,0.0019588470458984375,-0.09023666381835938,-0.17776107788085938,-0.3007526397705078,-0.005359649658203125,-0.015341758728027344,-0.01486968994140625,-0.020633697509765625,-0.0003299713134765625,-0.04334449768066406,-0.12144279479980469,-0.5680389404296875,-0.0024356842041015625,-0.033893585205078125,-0.021416664123535156,-0.006180763244628906,0.003954887390136719
2246.5,-0.14507102966308594,-0.22034454345703125,0.015872955322265625,0.023906707763671875,0.03262615203857422,-0.000316619873046875,-0.0005445480346679688,0.0014171600341796875,-0.11411666870117188,-0.43689727783203125,-0.17737579345703125,-0.008943557739257812,-0.0034084320068359375,-0.0066547393798828125,-0.0034084320068359375,0.0002422332763671875,-0.05756378173828125,-0.13187408447265625,-0.2816486358642578,-0.025127410888671875,0.0316009521484375,-0.01305389404296875,0.0020608901977539062,-1.33514404296875e-05,-0.03451347351074219,-0.3347034454345703,0.3668060302734375,-0.00028228759765625,0.0027379989624023438,-0.015760421752929688,-0.017594337463378906,0.0019588470458984375,-0.09023666381835938,-0.17776107788085938,-0.3007526397705078,-0.005359649658203125,-0.015341758728027344,-0.01486968994140625,-0.020633697509765625,-0.0003299713134765625,-0.04334449768066406,-0.12144279479980469,-0.5680389404296875,-0.0024356842041015625,-0.033893585205078125,-0.021416664123535156,-0.006180763244628906,0.003954887390136719
2247.5,-0.14507102966308594,-0.22034454345703125,0.015872955322265625,0.023906707763671875,0.03262615203857422,-0.000316619873046875,-0.0005445480346679688,0.0014171600341796875,-0.11411666870117188,-0.43689727783203125,-0.17737579345703125,-0.008943557739257812,-0.0034084320068359375,-0.0066547393798828125,-0.0034084320068359375,0.0002422332763671875,-0.05756378173828125,-0.13187408447265625,-0.2816486358642578,-0.025127410888671875,0.0316009521484375,-0.01305389404296875,0.0020608901977539062,-1.33514404296875e-05,-0.03451347351074219,-0.3347034454345703,0.3668060302734375,-0.00028228759765625,0.0027379989624023438,-0.015760421752929688,-0.017594337463378906,0.0019588470458984375,-0.09023666381835938,-0.17776107788085938,-0.3007526397705078,-0.005359649658203125,-0.015341758728027344,-0.01486968994140625,-0.020633697509765625,-0.0003299713134765625,-0.04334449768066406,-0.12144279479980469,-0.5680389404296875,-0.0024356842041015625,-0.033893585205078125,-0.021416664123535156,-0.006180763244628906,0.003954887390136719
2248.5,-0.14507102966308594,-0.22034454345703125,0.015872955322265625,0.023906707763671875,0.03262615203857422,-0.000316619873046875,-0.0005445480346679688,0.0014171600341796875,-0.11411666870117188,-0.43689727783203125,-0.17737579345703125,-0.008943557739257812,-0.0034084320068359375,-0.0066547393798828125,-0.0034084320068359375,0.0002422332763671875,-0.05756378173828125,-0.13187408447265625,-0.2816486358642578,-0.025127410888671875,0.0316009521484375,-0.01305389404296875,0.0020608901977539062,-1.33514404296875e-05,-0.03451347351074219,-0.3347034454345703,0.3668060302734375,-0.00028228759765625,0.0027379989624023438,-0.015760421752929688,-0.017594337463378906,0.0019588470458984375,-0.09023666381835938,-0.17776107788085938,-0.3007526397705078,-0.005359649658203125,-0.015341758728027344,-0.01486968994140625,-0.020633697509765625,-0.0003299713134765625,-0.04334449768066406,-0.12144279479980469,-0.5680389404296875,-0.0024356842041015625,-0.033893585205078125,-0.021416664123535156,-0.006180763244628906,0.003954887390136719
2249.5,-0.14507102966308594,-0.22034454345703125,0.015872955322265625,0.023906707763671875,0.03262615203857422,-0.000316619873046875,-0.0005445480346679688,0.0014171600341796875,-0.11411666870117188,-0.43689727783203125,-0.17737579345703125,-0.008943557739257812,-0.0034084320068359375,-0.0066547393798828125,-0.0034084320068359375,0.0002422332763671875,-0.05756378173828125,-0.13187408447265625,-0.2816486358642578,-0.025127410888671875,0.0316009521484375,-0.01305389404296875,0.0020608901977539062,-1.33514404296875e-05,-0.03451347351074219,-0.3347034454345703,0.3668060302734375,-0.00028228759765625,0.0027379989624023438,-0.015760421752929688,-0.017594337463378906,0.0019588470458984375,-0.09023666381835938,-0.17776107788085938,-0.3007526397705078,-0.005359649658203125,-0.015341758728027344,-0.01486968994140625,-0.020633697509765625,-0.0003299713134765625,-0.04334449768066406,-0.12144279479980469,-0.5680389404296875,-0.0024356842041015625,-0.033893585205078125,-0.021416664123535156,-0.006180763244628906,0.003954887390136719
2250.5,-0.14507102966308594,-0.22034454345703125,0.015872955322265625,0.023906707763671875,0.03262615203857422,-0.000316619873046875,-0.0005445480346679688,0.0014171600341796875,-0.11411666870117188,-0.43689727783203125,-0.17737579345703125,-0.008943557739257812,-0.0034084320068359375,-0.0066547393798828125,-0.0034084320068359375,0.0002422332763671875,-0.05756378173828125,-0.13187408447265625,-0.2816486358642578,-0.025127410888671875,0.0316009521484375,-0.01305389404296875,0.0020608901977539062,-1.33514404296875e-05,-0.03451347351074219,-0.3347034454345703,0.3668060302734375,-0.00028228759765625,0.0027379989624023438,-0.015760421752929688,-0.017594337463378906,0.0019588470458984375,-0.09023666381835938,-0.17776107788085938,-0.3007526397705078,-0.005359649658203125,-0.015341758728027344,-0.01486968994140625,-0.020633697509765625,-0.0003299713134765625,-0.04334449768066406,-0.12144279479980469,-0.5680389404296875,-0.0024356842041015625,-0.033893585205078125,-0.021416664123535156,-0.006180763244628906,0.003954887390136719
2251.5,-0.14507102966308594,-0.22034454345703125,0.015872955322265625,0.023906707763671875,0.03262615203857422,-0.000316619873046875,-0.0005445480346679688,0.0014171600341796875,-0.11411666870117188,-0.43689727783203125,-0.17737579345703125,-0.008943557739257812,-0.0034084320068359375,-0.0066547393798828125,-0.0034084320068359375,0.0002422332763671875,-0.05756378173828125,-0.13187408447265625,-0.2816486358642578,-0.025127410888671875,0.0316009521484375,-0.01305389404296875,0.0020608901977539062,-1.33514404296875e-05,-0.03451347351074219,-0.3347034454345703,0.3668060302734375,-0.00028228759765625,0.0027379989624023438,-0.015760421752929688,-0.017594337463378906,0.0019588470458984375,-0.09023666381835938,-0.17776107788085938,-0.3007526397705078,-0.005359649658203125,-0.015341758728027344,-0.01486968994140625,-0.020633697509765625,-0.0003299713134765625,-0.04334449768066406,-0.12144279479980469,-0.5680389404296875,-0.0024356842041015625,-0.033893585205078125,-0.021416664123535156,-0.006180763244628906,0.003954887390136719
2252.5,-0.14507102966308594,-0.22034454345703125,0.015872955322265625,0.023906707763671875,0.03262615203857422,-0.000316619873046875,-0.0005445480346679688,0.0014171600341796875,-0.11411666870117188,-0.43689727783203125,-0.17737579345703125,-0.008943557739257812,-0.0034084320068359375,-0.0066547393798828125,-0.0034084320068359375,0.0002422332763671875,-0.05756378173828125,-0.13187408447265625,-0.2816486358642578,-0.025127410888671875,0.0316009521484375,-0.01305389404296875,0.0020608901977539062,-1.33514404296875e-05,-0.03451347351074219,-0.3347034454345703,0.3668060302734375,-0.00028228759765625,0.0027379989624023438,-0.015760421752929688,-0.017594337463378906,0.0019588470458984375,-0.09023666381835938,-0.17776107788085938,-0.3007526397705078,-0.005359649658203125,-0.015341758728027344,-0.01486968994140625,-0.020633697509765625,-0.0003299713134765625,-0.04334449768066406,-0.12144279479980469,-0.5680389404296875,-0.0024356842041015625,-0.033893585205078125,-0.021416664123535156,-0.006180763244628906,0.003954887390136719
2253.5,-0.14507102966308594,-0.22034454345703125,0.015872955322265625,0.023906707763671875,0.03262615203857422,-0.000316619873046875,-0.0005445480346679688,0.0014171600341796875,-0.11411666870117188,-0.43689727783203125,-0.17737579345703125,-0.008943557739257812,-0.0034084320068359375,-0.0066547393798828125,-0.0034084320068359375,0.0002422332763671875,-0.05756378173828125,-0.13187408447265625,-0.2816486358642578,-0.025127410888671875,0.0316009521484375,-0.01305389404296875,0.0020608901977539062,-1.33514404296875e-05,-0.03451347351074219,-0.3347034454345703,0.3668060302734375,-0.00028228759765625,0.0027379989624023438,-0.015760421752929688,-0.017594337463378906,0.0019588470458984375,-0.09023666381835938,-0.17776107788085938,-0.3007526397705078,-0.005359649658203125,-0.015341758728027344,-0.01486968994140625,-0.020633697509765625,-0.0003299713134765625,-0.04334449768066406,-0.12144279479980469,-0.5680389404296875,-0.0024356842041015625,-0.033893585205078125,-0.021416664123535156,-0.006180763244628906,0.003954887390136719
2254.5,-0.14507102966308594,-0.22034454345703125,0.015872955322265625,0.023906707763671875,0.03262615203857422,-0.000316619873046875,-0.0005445480346679688,0.0014171600341796875,-0.11411666870117188,-0.43689727783203125,-0.17737579345703125,-0.008943557739257812,-0.0034084320068359375,-0.0066547393798828125,-0.0034084320068359375,0.0002422332763671875,-0.05756378173828125,-0.13187408447265625,-0.2816486358642578,-0.025127410888671875,0.0316009521484375,-0.01305389404296875,0.0020608901977539062,-1.33514404296875e-05,-0.03451347351074219,-0.3347034454345703,0.3668060302734375,-0.00028228759765625,0.0027379989624023438,-0.015760421752929688,-0.017594337463378906,0.0019588470458984375,-0.09023666381835938,-0.17776107788085938,-0.3007526397705078,-0.005359649658203125,-0.015341758728027344,-0.01486968994140625,-0.020633697509765625,-0.0003299713134765625,-0.04334449768066406,-0.12144279479980469,-0.5680389404296875,-0.0024356842041015625,-0.033893585205078125,-0.021416664123535156,-0.006180763244628906,0.003954887390136719
2255.5,-0.14507102966308594,-0.22034454345703125,0.015872955322265625,0.023906707763671875,0.03262615203857422,-0.000316619873046875,-0.0005445480346679688,0.0014171600341796875,-0.11411666870117188,-0.43689727783203125,-0.17737579345703125,-0.008943557739257812,-0.0034084320068359375,-0.0066547393798828125,-0.0034084320068359375,0.0002422332763671875,-0.05756378173828125,-0.13187408447265625,-0.2816486358642578,-0.025127410888671875,0.0316009521484375,-0.01305389404296875,0.0020608901977539062,-1.33514404296875e-05,-0.03451347351074219,-0.3347034454345703,0.3668060302734375,-0.00028228759765625,0.0027379989624023438,-0.015760421752929688,-0.017594337463378906,0.0019588470458984375,-0.09023666381835938,-0.17776107788085938,-0.3007526397705078,-0.005359649658203125,-0.015341758728027344,-0.01486968994140625,-0.020633697509765625,-0.0003299713134765625,-0.04334449768066406,-0.12144279479980469,-0.5680389404296875,-0.0024356842041015625,-0.033893585205078125,-0.021416664123535156,-0.006180763244628906,0.003954887390136719
2256.5,-0.14507102966308594,-0.22034454345703125,0.015872955322265625,0.023906707763671875,0.03262615203857422,-0.000316619873046875,-0.0005445480346679688,0.0014171600341796875,-0.11411666870117188,-0.43689727783203125,-0.17737579345703125,-0.008943557739257812,-0.0034084320068359375,-0.0066547393798828125,-0.0034084320068359375,0.0002422332763671875,-0.05756378173828125,-0.13187408447265625,-0.2816486358642578,-0.025127410888671875,0.0316009521484375,-0.01305389404296875,0.0020608901977539062,-1.33514404296875e-05,-0.03451347351074219,-0.3347034454345703,0.3668060302734375,-0.00028228759765625,0.0027379989624023438,-0.015760421752929688,-0.017594337463378906,0.0019588470458984375,-0.09023666381835938,-0.17776107788085938,-0.3007526397705078,-0.005359649658203125,-0.015341758728027344,-0.01486968994140625,-0.020633697509765625,-0.0003299713134765625,-0.04334449768066406,-0.12144279479980469,-0.5680389404296875,-0.0024356842041015625,-0.033893585205078125,-0.021416664123535156,-0.006180763244628906,0.003954887390136719
2257.5,-0.14507102966308594,-0.22034454345703125,0.015872955322265625,0.023906707763671875,0.03262615203857422,-0.000316619873046875,-0.0005445480346679688,0.0014171600341796875,-0.11411666870117188,-0.43689727783203125,-0.17737579345703125,-0.008943557739257812,-0.0034084320068359375,-0.0066547393798828125,-0.0034084320068359375,0.0002422332763671875,-0.05756378173828125,-0.13187408447265625,-0.2816486358642578,-0.025127410888671875,0.0316009521484375,-0.01305389404296875,0.0020608901977539062,-1.33514404296875e-05,-0.03451347351074219,-0.3347034454345703,0.3668060302734375,-0.00028228759765625,0.0027379989624023438,-0.015760421752929688,-0.017594337463378906,0.0019588470458984375,-0.09023666381835938,-0.17776107788085938,-0.3007526397705078,-0.005359649658203125,-0.015341758728027344,-0.01486968994140625,-0.020633697509765625,-0.0003299713134765625,-0.04334449768066406,-0.12144279479980469,-0.5680389404296875,-0.0024356842041015625,-0.033893585205078125,-0.021416664123535156,-0.006180763244628906,0.003954887390136719
2258.5,-0.14507102966308594,-0.22034454345703125,0.015872955322265625,0.023906707763671875,0.03262615203857422,-0.000316619873046875,-0.0005445480346679688,0.0014171600341796875,-0.11411666870117188,-0.43689727783203125,-0.17737579345703125,-0.008943557739257812,-0.0034084320068359375,-0.0066547393798828125,-0.0034084320068359375,0.0002422332763671875,-0.05756378173828125,-0.13187408447265625,-0.2816486358642578,-0.025127410888671875,0.0316009521484375,-0.01305389404296875,0.0020608901977539062,-1.33514404296875e-05,-0.03451347351074219,-0.3347034454345703,0.3668060302734375,-0.00028228759765625,0.0027379989624023438,-0.015760421752929688,-0.017594337463378906,0.0019588470458984375,-0.09023666381835938,-0.17776107788085938,-0.3007526397705078,-0.005359649658203125,-0.015341758728027344,-0.01486968994140625,-0.020633697509765625,-0.0003299713134765625,-0.04334449768066406,-0.12144279479980469,-0.5680389404296875,-0.0024356842041015625,-0.033893585205078125,-0.021416664123535156,-0.006180763244628906,0.003954887390136719
2259.5,-0.14507102966308594,-0.22034454345703125,0.015872955322265625,0.023906707763671875,0.03262615203857422,-0.000316619873046875,-0.0005445480346679688,0.0014171600341796875,-0.11411666870117188,-0.43689727783203125,-0.17737579345703125,-0.008943557739257812,-0.0034084320068359375,-0.0066547393798828125,-0.0034084320068359375,0.0002422332763671875,-0.05756378173828125,-0.13187408447265625,-0.2816486358642578,-0.025127410888671875,0.0316009521484375,-0.01305389404296875,0.0020608901977539062,-1.33514404296875e-05,-0.03451347351074219,-0.3347034454345703,0.3668060302734375,-0.00028228759765625,0.0027379989624023438,-0.015760421752929688,-0.017594337463378906,0.0019588470458984375,-0.09023666381835938,-0.17776107788085938,-0.3007526397705078,-0.005359649658203125,-0.015341758728027344,-0.01486968994140625,-0.020633697509765625,-0.0003299713134765625,-0.04334449768066406,-0.12144279479980469,-0.5680389404296875,-0.0024356842041015625,-0.033893585205078125,-0.021416664123535156,-0.006180763244628906,0.003954887390136719
2260.5,-0.14507102966308594,-0.22034454345703125,0.015872955322265625,0.023906707763671875,0.03262615203857422,-0.000316619873046875,-0.0005445480346679688,0.0014171600341796875,-0.11411666870117188,-0.43689727783203125,-0.17737579345703125,-0.008943557739257812,-0.0034084320068359375,-0.0066547393798828125,-0.0034084320068359375,0.0002422332763671875,-0.05756378173828125,-0.13187408447265625,-0.2816486358642578,-0.025127410888671875,0.0316009521484375,-0.01305389404296875,0.0020608901977539062,-1.33514404296875e-05,-0.03451347351074219,-0.3347034454345703,0.3668060302734375,-0.00028228759765625,0.0027379989624023438,-0.015760421752929688,-0.017594337463378906,0.0019588470458984375,-0.09023666381835938,-0.17776107788085938,-0.3007526397705078,-0.005359649658203125,-0.015341758728027344,-0.01486968994140625,-0.020633697509765625,-0.0003299713134765625,-0.04334449768066406,-0.12144279479980469,-0.5680389404296875,-0.0024356842041015625,-0.033893585205078125,-0.021416664123535156,-0.006180763244628906,0.003954887390136719
2261.5,-0.14507102966308594,-0.22034454345703125,0.015872955322265625,0.023906707763671875,0.03262615203857422,-0.000316619873046875,-0.0005445480346679688,0.0014171600341796875,-0.11411666870117188,-0.43689727783203125,-0.17737579345703125,-0.008943557739257812,-0.0034084320068359375,-0.0066547393798828125,-0.0034084320068359375,0.0002422332763671875,-0.05756378173828125,-0.13187408447265625,-0.2816486358642578,-0.025127410888671875,0.0316009521484375,-0.01305389404296875,0.0020608901977539062,-1.33514404296875e-05,-0.03451347351074219,-0.3347034454345703,0.3668060302734375,-0.00028228759765625,0.0027379989624023438,-0.015760421752929688,-0.017594337463378906,0.0019588470458984375,-0.09023666381835938,-0.17776107788085938,-0.3007526397705078,-0.005359649658203125,-0.015341758728027344,-0.01486968994140625,-0.020633697509765625,-0.0003299713134765625,-0.04334449768066406,-0.12144279479980469,-0.5680389404296875,-0.0024356842041015625,-0.033893585205078125,-0.021416664123535156,-0.006180763244628906,0.003954887390136719
2262.5,-0.14507102966308594,-0.22034454345703125,0.015872955322265625,0.023906707763671875,0.03262615203857422,-0.000316619873046875,-0.0005445480346679688,0.0014171600341796875,-0.11411666870117188,-0.43689727783203125,-0.17737579345703125,-0.008943557739257812,-0.0034084320068359375,-0.0066547393798828125,-0.0034084320068359375,0.0002422332763671875,-0.05756378173828125,-0.13187408447265625,-0.2816486358642578,-0.025127410888671875,0.0316009521484375,-0.01305389404296875,0.0020608901977539062,-1.33514404296875e-05,-0.03451347351074219,-0.3347034454345703,0.3668060302734375,-0.00028228759765625,0.0027379989624023438,-0.015760421752929688,-0.017594337463378906,0.0019588470458984375,-0.09023666381835938,-0.17776107788085938,-0.3007526397705078,-0.005359649658203125,-0.015341758728027344,-0.01486968994140625,-0.020633697509765625,-0.0003299713134765625,-0.04334449768066406,-0.12144279479980469,-0.5680389404296875,-0.0024356842041015625,-0.033893585205078125,-0.021416664123535156,-0.006180763244628906,0.003954887390136719
2263.5,-0.14507102966308594,-0.22034454345703125,0.015872955322265625,0.023906707763671875,0.03262615203857422,-0.000316619873046875,-0.0005445480346679688,0.0014171600341796875,-0.11411666870117188,-0.43689727783203125,-0.17737579345703125,-0.008943557739257812,-0.0034084320068359375,-0.0066547393798828125,-0.0034084320068359375,0.0002422332763671875,-0.05756378173828125,-0.13187408447265625,-0.2816486358642578,-0.025127410888671875,0.0316009521484375,-0.01305389404296875,0.0020608901977539062,-1.33514404296875e-05,-0.03451347351074219,-0.3347034454345703,0.3668060302734375,-0.00028228759765625,0.0027379989624023438,-0.015760421752929688,-0.017594337463378906,0.0019588470458984375,-0.09023666381835938,-0.17776107788085938,-0.3007526397705078,-0.005359649658203125,-0.015341758728027344,-0.01486968994140625,-0.020633697509765625,-0.0003299713134765625,-0.04334449768066406,-0.12144279479980469,-0.5680389404296875,-0.0024356842041015625,-0.033893585205078125,-0.021416664123535156,-0.006180763244628906,0.003954887390136719
2264.5,-0.14507102966308594,-0.22034454345703125,0.015872955322265625,0.023906707763671875,0.03262615203857422,-0.000316619873046875,-0.0005445480346679688,0.0014171600341796875,-0.11411666870117188,-0.43689727783203125,-0.17737579345703125,-0.008943557739257812,-0.0034084320068359375,-0.0066547393798828125,-0.0034084320068359375,0.0002422332763671875,-0.05756378173828125,-0.13187408447265625,-0.2816486358642578,-0.025127410888671875,0.0316009521484375,-0.01305389404296875,0.0020608901977539062,-1.33514404296875e-05,-0.03451347351074219,-0.3347034454345703,0.3668060302734375,-0.00028228759765625,0.0027379989624023438,-0.015760421752929688,-0.017594337463378906,0.0019588470458984375,-0.09023666381835938,-0.17776107788085938,-0.3007526397705078,-0.005359649658203125,-0.015341758728027344,-0.01486968994140625,-0.020633697509765625,-0.0003299713134765625,-0.04334449768066406,-0.12144279479980469,-0.5680389404296875,-0.0024356842041015625,-0.033893585205078125,-0.021416664123535156,-0.006180763244628906,0.003954887390136719
2265.5,-0.14507102966308594,-0.22034454345703125,0.015872955322265625,0.023906707763671875,0.03262615203857422,-0.000316619873046875,-0.0005445480346679688,0.0014171600341796875,-0.11411666870117188,-0.43689727783203125,-0.17737579345703125,-0.008943557739257812,-0.0034084320068359375,-0.0066547393798828125,-0.0034084320068359375,0.0002422332763671875,-0.05756378173828125,-0.13187408447265625,-0.2816486358642578,-0.025127410888671875,0.0316009521484375,-0.01305389404296875,0.0020608901977539062,-1.33514404296875e-05,-0.03451347351074219,-0.3347034454345703,0.3668060302734375,-0.00028228759765625,0.0027379989624023438,-0.015760421752929688,-0.017594337463378906,0.0019588470458984375,-0.09023666381835938,-0.17776107788085938,-0.3007526397705078,-0.005359649658203125,-0.015341758728027344,-0.01486968994140625,-0.020633697509765625,-0.0003299713134765625,-0.04334449768066406,-0.12144279479980469,-0.5680389404296875,-0.0024356842041015625,-0.033893585205078125,-0.021416664123535156,-0.006180763244628906,0.003954887390136719
2266.5,-0.14507102966308594,-0.22034454345703125,0.015872955322265625,0.023906707763671875,0.03262615203857422,-0.000316619873046875,-0.0005445480346679688,0.0014171600341796875,-0.11411666870117188,-0.43689727783203125,-0.17737579345703125,-0.008943557739257812,-0.0034084320068359375,-0.0066547393798828125,-0.0034084320068359375,0.0002422332763671875,-0.05756378173828125,-0.13187408447265625,-0.2816486358642578,-0.025127410888671875,0.0316009521484375,-0.01305389404296875,0.0020608901977539062,-1.33514404296875e-05,-0.03451347351074219,-0.3347034454345703,0.3668060302734375,-0.00028228759765625,0.0027379989624023438,-0.015760421752929688,-0.017594337463378906,0.0019588470458984375,-0.09023666381835938,-0.17776107788085938,-0.3007526397705078,-0.005359649658203125,-0.015341758728027344,-0.01486968994140625,-0.020633697509765625,-0.0003299713134765625,-0.04334449768066406,-0.12144279479980469,-0.5680389404296875,-0.0024356842041015625,-0.033893585205078125,-0.021416664123535156,-0.006180763244628906,0.003954887390136719
2267.5,-0.14507102966308594,-0.22034454345703125,0.015872955322265625,0.023906707763671875,0.03262615203857422,-0.000316619873046875,-0.0005445480346679688,0.0014171600341796875,-0.11411666870117188,-0.43689727783203125,-0.17737579345703125,-0.008943557739257812,-0.0034084320068359375,-0.0066547393798828125,-0.0034084320068359375,0.0002422332763671875,-0.05756378173828125,-0.13187408447265625,-0.2816486358642578,-0.025127410888671875,0.0316009521484375,-0.01305389404296875,0.0020608901977539062,-1.33514404296875e-05,-0.03451347351074219,-0.3347034454345703,0.3668060302734375,-0.00028228759765625,0.0027379989624023438,-0.015760421752929688,-0.017594337463378906,0.0019588470458984375,-0.09023666381835938,-0.17776107788085938,-0.3007526397705078,-0.005359649658203125,-0.015341758728027344,-0.01486968994140625,-0.020633697509765625,-0.0003299713134765625,-0.04334449768066406,-0.12144279479980469,-0.5680389404296875,-0.0024356842041015625,-0.033893585205078125,-0.021416664123535156,-0.006180763244628906,0.003954887390136719
2268.5,-0.14507102966308594,-0.22034454345703125,0.015872955322265625,0.023906707763671875,0.03262615203857422,-0.000316619873046875,-0.0005445480346679688,0.0014171600341796875,-0.11411666870117188,-0.43689727783203125,-0.17737579345703125,-0.008943557739257812,-0.0034084320068359375,-0.0066547393798828125,-0.0034084320068359375,0.0002422332763671875,-0.05756378173828125,-0.13187408447265625,-0.2816486358642578,-0.025127410888671875,0.0316009521484375,-0.01305389404296875,0.0020608901977539062,-1.33514404296875e-05,-0.03451347351074219,-0.3347034454345703,0.3668060302734375,-0.00028228759765625,0.0027379989624023438,-0.015760421752929688,-0.017594337463378906,0.0019588470458984375,-0.09023666381835938,-0.17776107788085938,-0.3007526397705078,-0.005359649658203125,-0.015341758728027344,-0.01486968994140625,-0.020633697509765625,-0.0003299713134765625,-0.04334449768066406,-0.12144279479980469,-0.5680389404296875,-0.0024356842041015625,-0.033893585205078125,-0.021416664123535156,-0.006180763244628906,0.003954887390136719
2269.5,-0.14507102966308594,-0.22034454345703125,0.015872955322265625,0.023906707763671875,0.03262615203857422,-0.000316619873046875,-0.0005445480346679688,0.0014171600341796875,-0.11411666870117188,-0.43689727783203125,-0.17737579345703125,-0.008943557739257812,-0.0034084320068359375,-0.0066547393798828125,-0.0034084320068359375,0.0002422332763671875,-0.05756378173828125,-0.13187408447265625,-0.2816486358642578,-0.025127410888671875,0.0316009521484375,-0.01305389404296875,0.0020608901977539062,-1.33514404296875e-05,-0.03451347351074219,-0.3347034454345703,0.3668060302734375,-0.00028228759765625,0.0027379989624023438,-0.015760421752929688,-0.017594337463378906,0.0019588470458984375,-0.09023666381835938,-0.17776107788085938,-0.3007526397705078,-0.005359649658203125,-0.015341758728027344,-0.01486968994140625,-0.020633697509765625,-0.0003299713134765625,-0.04334449768066406,-0.12144279479980469,-0.5680389404296875,-0.0024356842041015625,-0.033893585205078125,-0.021416664123535156,-0.006180763244628906,0.003954887390136719
2270.5,-0.14507102966308594,-0.22034454345703125,0.015872955322265625,0.023906707763671875,0.03262615203857422,-0.000316619873046875,-0.0005445480346679688,0.0014171600341796875,-0.11411666870117188,-0.43689727783203125,-0.17737579345703125,-0.008943557739257812,-0.0034084320068359375,-0.0066547393798828125,-0.0034084320068359375,0.0002422332763671875,-0.05756378173828125,-0.13187408447265625,-0.2816486358642578,-0.025127410888671875,0.0316009521484375,-0.01305389404296875,0.0020608901977539062,-1.33514404296875e-05,-0.03451347351074219,-0.3347034454345703,0.3668060302734375,-0.00028228759765625,0.0027379989624023438,-0.015760421752929688,-0.017594337463378906,0.0019588470458984375,-0.09023666381835938,-0.17776107788085938,-0.3007526397705078,-0.005359649658203125,-0.015341758728027344,-0.01486968994140625,-0.020633697509765625,-0.0003299713134765625,-0.04334449768066406,-0.12144279479980469,-0.5680389404296875,-0.0024356842041015625,-0.033893585205078125,-0.021416664123535156,-0.006180763244628906,0.003954887390136719
2271.5,-0.14507102966308594,-0.22034454345703125,0.015872955322265625,0.023906707763671875,0.03262615203857422,-0.000316619873046875,-0.0005445480346679688,0.0014171600341796875,-0.11411666870117188,-0.43689727783203125,-0.17737579345703125,-0.008943557739257812,-0.0034084320068359375,-0.0066547393798828125,-0.0034084320068359375,0.0002422332763671875,-0.05756378173828125,-0.13187408447265625,-0.2816486358642578,-0.025127410888671875,0.0316009521484375,-0.01305389404296875,0.0020608901977539062,-1.33514404296875e-05,-0.03451347351074219,-0.3347034454345703,0.3668060302734375,-0.00028228759765625,0.0027379989624023438,-0.015760421752929688,-0.017594337463378906,0.0019588470458984375,-0.09023666381835938,-0.17776107788085938,-0.3007526397705078,-0.005359649658203125,-0.015341758728027344,-0.01486968994140625,-0.020633697509765625,-0.0003299713134765625,-0.04334449768066406,-0.12144279479980469,-0.5680389404296875,-0.0024356842041015625,-0.033893585205078125,-0.021416664123535156,-0.006180763244628906,0.003954887390136719
2272.5,-0.14507102966308594,-0.22034454345703125,0.015872955322265625,0.023906707763671875,0.03262615203857422,-0.000316619873046875,-0.0005445480346679688,0.0014171600341796875,-0.11411666870117188,-0.43689727783203125,-0.17737579345703125,-0.008943557739257812,-0.0034084320068359375,-0.0066547393798828125,-0.0034084320068359375,0.0002422332763671875,-0.05756378173828125,-0.13187408447265625,-0.2816486358642578,-0.025127410888671875,0.0316009521484375,-0.01305389404296875,0.0020608901977539062,-1.33514404296875e-05,-0.03451347351074219,-0.3347034454345703,0.3668060302734375,-0.00028228759765625,0.0027379989624023438,-0.015760421752929688,-0.017594337463378906,0.0019588470458984375,-0.09023666381835938,-0.17776107788085938,-0.3007526397705078,-0.005359649658203125,-0.015341758728027344,-0.01486968994140625,-0.020633697509765625,-0.0003299713134765625,-0.04334449768066406,-0.12144279479980469,-0.5680389404296875,-0.0024356842041015625,-0.033893585205078125,-0.021416664123535156,-0.006180763244628906,0.003954887390136719
2273.5,-0.14507102966308594,-0.22034454345703125,0.015872955322265625,0.023906707763671875,0.03262615203857422,-0.000316619873046875,-0.0005445480346679688,0.0014171600341796875,-0.11411666870117188,-0.43689727783203125,-0.17737579345703125,-0.008943557739257812,-0.0034084320068359375,-0.0066547393798828125,-0.0034084320068359375,0.0002422332763671875,-0.05756378173828125,-0.13187408447265625,-0.2816486358642578,-0.025127410888671875,0.0316009521484375,-0.01305389404296875,0.0020608901977539062,-1.33514404296875e-05,-0.03451347351074219,-0.3347034454345703,0.3668060302734375,-0.00028228759765625,0.0027379989624023438,-0.015760421752929688,-0.017594337463378906,0.0019588470458984375,-0.09023666381835938,-0.17776107788085938,-0.3007526397705078,-0.005359649658203125,-0.015341758728027344,-0.01486968994140625,-0.020633697509765625,-0.0003299713134765625,-0.04334449768066406,-0.12144279479980469,-0.5680389404296875,-0.0024356842041015625,-0.033893585205078125,-0.021416664123535156,-0.006180763244628906,0.003954887390136719
2274.5,-0.14507102966308594,-0.22034454345703125,0.015872955322265625,0.023906707763671875,0.03262615203857422,-0.000316619873046875,-0.0005445480346679688,0.0014171600341796875,-0.11411666870117188,-0.43689727783203125,-0.17737579345703125,-0.008943557739257812,-0.0034084320068359375,-0.0066547393798828125,-0.0034084320068359375,0.0002422332763671875,-0.05756378173828125,-0.13187408447265625,-0.2816486358642578,-0.025127410888671875,0.0316009521484375,-0.01305389404296875,0.0020608901977539062,-1.33514404296875e-05,-0.03451347351074219,-0.3347034454345703,0.3668060302734375,-0.00028228759765625,0.0027379989624023438,-0.015760421752929688,-0.017594337463378906,0.0019588470458984375,-0.09023666381835938,-0.17776107788085938,-0.3007526397705078,-0.005359649658203125,-0.015341758728027344,-0.01486968994140625,-0.020633697509765625,-0.0003299713134765625,-0.04334449768066406,-0.12144279479980469,-0.5680389404296875,-0.0024356842041015625,-0.033893585205078125,-0.021416664123535156,-0.006180763244628906,0.003954887390136719
2275.5,-0.14507102966308594,-0.22034454345703125,0.015872955322265625,0.023906707763671875,0.03262615203857422,-0.000316619873046875,-0.0005445480346679688,0.0014171600341796875,-0.11411666870117188,-0.43689727783203125,-0.17737579345703125,-0.008943557739257812,-0.0034084320068359375,-0.0066547393798828125,-0.0034084320068359375,0.0002422332763671875,-0.05756378173828125,-0.13187408447265625,-0.2816486358642578,-0.025127410888671875,0.0316009521484375,-0.01305389404296875,0.0020608901977539062,-1.33514404296875e-05,-0.03451347351074219,-0.3347034454345703,0.3668060302734375,-0.00028228759765625,0.0027379989624023438,-0.015760421752929688,-0.017594337463378906,0.0019588470458984375,-0.09023666381835938,-0.17776107788085938,-0.3007526397705078,-0.005359649658203125,-0.015341758728027344,-0.01486968994140625,-0.020633697509765625,-0.0003299713134765625,-0.04334449768066406,-0.12144279479980469,-0.5680389404296875,-0.0024356842041015625,-0.033893585205078125,-0.021416664123535156,-0.006180763244628906,0.003954887390136719
2276.5,-0.14507102966308594,-0.22034454345703125,0.015872955322265625,0.023906707763671875,0.03262615203857422,-0.000316619873046875,-0.0005445480346679688,0.0014171600341796875,-0.11411666870117188,-0.43689727783203125,-0.17737579345703125,-0.008943557739257812,-0.0034084320068359375,-0.0066547393798828125,-0.0034084320068359375,0.0002422332763671875,-0.05756378173828125,-0.13187408447265625,-0.2816486358642578,-0.025127410888671875,0.0316009521484375,-0.01305389404296875,0.0020608901977539062,-1.33514404296875e-05,-0.03451347351074219,-0.3347034454345703,0.3668060302734375,-0.00028228759765625,0.0027379989624023438,-0.015760421752929688,-0.017594337463378906,0.0019588470458984375,-0.09023666381835938,-0.17776107788085938,-0.3007526397705078,-0.005359649658203125,-0.015341758728027344,-0.01486968994140625,-0.020633697509765625,-0.0003299713134765625,-0.04334449768066406,-0.12144279479980469,-0.5680389404296875,-0.0024356842041015625,-0.033893585205078125,-0.021416664123535156,-0.006180763244628906,0.003954887390136719
2277.5,-0.14507102966308594,-0.22034454345703125,0.015872955322265625,0.023906707763671875,0.03262615203857422,-0.000316619873046875,-0.0005445480346679688,0.0014171600341796875,-0.11411666870117188,-0.43689727783203125,-0.17737579345703125,-0.008943557739257812,-0.0034084320068359375,-0.0066547393798828125,-0.0034084320068359375,0.0002422332763671875,-0.05756378173828125,-0.13187408447265625,-0.2816486358642578,-0.025127410888671875,0.0316009521484375,-0.01305389404296875,0.0020608901977539062,-1.33514404296875e-05,-0.03451347351074219,-0.3347034454345703,0.3668060302734375,-0.00028228759765625,0.0027379989624023438,-0.015760421752929688,-0.017594337463378906,0.0019588470458984375,-0.09023666381835938,-0.17776107788085938,-0.3007526397705078,-0.005359649658203125,-0.015341758728027344,-0.01486968994140625,-0.020633697509765625,-0.0003299713134765625,-0.04334449768066406,-0.12144279479980469,-0.5680389404296875,-0.0024356842041015625,-0.033893585205078125,-0.021416664123535156,-0.006180763244628906,0.003954887390136719
2278.5,-0.14507102966308594,-0.22034454345703125,0.015872955322265625,0.023906707763671875,0.03262615203857422,-0.000316619873046875,-0.0005445480346679688,0.0014171600341796875,-0.11411666870117188,-0.43689727783203125,-0.17737579345703125,-0.008943557739257812,-0.0034084320068359375,-0.0066547393798828125,-0.0034084320068359375,0.0002422332763671875,-0.05756378173828125,-0.13187408447265625,-0.2816486358642578,-0.025127410888671875,0.0316009521484375,-0.01305389404296875,0.0020608901977539062,-1.33514404296875e-05,-0.03451347351074219,-0.3347034454345703,0.3668060302734375,-0.00028228759765625,0.0027379989624023438,-0.015760421752929688,-0.017594337463378906,0.0019588470458984375,-0.09023666381835938,-0.17776107788085938,-0.3007526397705078,-0.005359649658203125,-0.015341758728027344,-0.01486968994140625,-0.020633697509765625,-0.0003299713134765625,-0.04334449768066406,-0.12144279479980469,-0.5680389404296875,-0.0024356842041015625,-0.033893585205078125,-0.021416664123535156,-0.006180763244628906,0.003954887390136719
2279.5,-0.14507102966308594,-0.22034454345703125,0.015872955322265625,0.023906707763671875,0.03262615203857422,-0.000316619873046875,-0.0005445480346679688,0.0014171600341796875,-0.11411666870117188,-0.43689727783203125,-0.17737579345703125,-0.008943557739257812,-0.0034084320068359375,-0.0066547393798828125,-0.0034084320068359375,0.0002422332763671875,-0.05756378173828125,-0.13187408447265625,-0.2816486358642578,-0.025127410888671875,0.0316009521484375,-0.01305389404296875,0.0020608901977539062,-1.33514404296875e-05,-0.03451347351074219,-0.3347034454345703,0.3668060302734375,-0.00028228759765625,0.0027379989624023438,-0.015760421752929688,-0.017594337463378906,0.0019588470458984375,-0.09023666381835938,-0.17776107788085938,-0.3007526397705078,-0.005359649658203125,-0.015341758728027344,-0.01486968994140625,-0.020633697509765625,-0.0003299713134765625,-0.04334449768066406,-0.12144279479980469,-0.5680389404296875,-0.0024356842041015625,-0.033893585205078125,-0.021416664123535156,-0.006180763244628906,0.003954887390136719
2280.5,-0.14507102966308594,-0.22034454345703125,0.015872955322265625,0.023906707763671875,0.03262615203857422,-0.000316619873046875,-0.0005445480346679688,0.0014171600341796875,-0.11411666870117188,-0.43689727783203125,-0.17737579345703125,-0.008943557739257812,-0.0034084320068359375,-0.0066547393798828125,-0.0034084320068359375,0.0002422332763671875,-0.05756378173828125,-0.13187408447265625,-0.2816486358642578,-0.025127410888671875,0.0316009521484375,-0.01305389404296875,0.0020608901977539062,-1.33514404296875e-05,-0.03451347351074219,-0.3347034454345703,0.3668060302734375,-0.00028228759765625,0.0027379989624023438,-0.015760421752929688,-0.017594337463378906,0.0019588470458984375,-0.09023666381835938,-0.17776107788085938,-0.3007526397705078,-0.005359649658203125,-0.015341758728027344,-0.01486968994140625,-0.020633697509765625,-0.0003299713134765625,-0.04334449768066406,-0.12144279479980469,-0.5680389404296875,-0.0024356842041015625,-0.033893585205078125,-0.021416664123535156,-0.006180763244628906,0.003954887390136719
2281.5,-0.14507102966308594,-0.22034454345703125,0.015872955322265625,0.023906707763671875,0.03262615203857422,-0.000316619873046875,-0.0005445480346679688,0.0014171600341796875,-0.11411666870117188,-0.43689727783203125,-0.17737579345703125,-0.008943557739257812,-0.0034084320068359375,-0.0066547393798828125,-0.0034084320068359375,0.0002422332763671875,-0.05756378173828125,-0.13187408447265625,-0.2816486358642578,-0.025127410888671875,0.0316009521484375,-0.01305389404296875,0.0020608901977539062,-1.33514404296875e-05,-0.03451347351074219,-0.3347034454345703,0.3668060302734375,-0.00028228759765625,0.0027379989624023438,-0.015760421752929688,-0.017594337463378906,0.0019588470458984375,-0.09023666381835938,-0.17776107788085938,-0.3007526397705078,-0.005359649658203125,-0.015341758728027344,-0.01486968994140625,-0.020633697509765625,-0.0003299713134765625,-0.04334449768066406,-0.12144279479980469,-0.5680389404296875,-0.0024356842041015625,-0.033893585205078125,-0.021416664123535156,-0.006180763244628906,0.003954887390136719
2282.5,-0.14507102966308594,-0.22034454345703125,0.015872955322265625,0.023906707763671875,0.03262615203857422,-0.000316619873046875,-0.0005445480346679688,0.0014171600341796875,-0.11411666870117188,-0.43689727783203125,-0.17737579345703125,-0.008943557739257812,-0.0034084320068359375,-0.0066547393798828125,-0.0034084320068359375,0.0002422332763671875,-0.05756378173828125,-0.13187408447265625,-0.2816486358642578,-0.025127410888671875,0.0316009521484375,-0.01305389404296875,0.0020608901977539062,-1.33514404296875e-05,-0.03451347351074219,-0.3347034454345703,0.3668060302734375,-0.00028228759765625,0.0027379989624023438,-0.015760421752929688,-0.017594337463378906,0.0019588470458984375,-0.09023666381835938,-0.17776107788085938,-0.3007526397705078,-0.005359649658203125,-0.015341758728027344,-0.01486968994140625,-0.020633697509765625,-0.0003299713134765625,-0.04334449768066406,-0.12144279479980469,-0.5680389404296875,-0.0024356842041015625,-0.033893585205078125,-0.021416664123535156,-0.006180763244628906,0.003954887390136719
2283.5,-0.14507102966308594,-0.22034454345703125,0.015872955322265625,0.023906707763671875,0.03262615203857422,-0.000316619873046875,-0.0005445480346679688,0.0014171600341796875,-0.11411666870117188,-0.43689727783203125,-0.17737579345703125,-0.008943557739257812,-0.0034084320068359375,-0.0066547393798828125,-0.0034084320068359375,0.0002422332763671875,-0.05756378173828125,-0.13187408447265625,-0.2816486358642578,-0.025127410888671875,0.0316009521484375,-0.01305389404296875,0.0020608901977539062,-1.33514404296875e-05,-0.03451347351074219,-0.3347034454345703,0.3668060302734375,-0.00028228759765625,0.0027379989624023438,-0.015760421752929688,-0.017594337463378906,0.0019588470458984375,-0.09023666381835938,-0.17776107788085938,-0.3007526397705078,-0.005359649658203125,-0.015341758728027344,-0.01486968994140625,-0.020633697509765625,-0.0003299713134765625,-0.04334449768066406,-0.12144279479980469,-0.5680389404296875,-0.0024356842041015625,-0.033893585205078125,-0.021416664123535156,-0.006180763244628906,0.003954887390136719
2284.5,-0.14507102966308594,-0.22034454345703125,0.015872955322265625,0.023906707763671875,0.03262615203857422,-0.000316619873046875,-0.0005445480346679688,0.0014171600341796875,-0.11411666870117188,-0.43689727783203125,-0.17737579345703125,-0.008943557739257812,-0.0034084320068359375,-0.0066547393798828125,-0.0034084320068359375,0.0002422332763671875,-0.05756378173828125,-0.13187408447265625,-0.2816486358642578,-0.025127410888671875,0.0316009521484375,-0.01305389404296875,0.0020608901977539062,-1.33514404296875e-05,-0.03451347351074219,-0.3347034454345703,0.3668060302734375,-0.00028228759765625,0.0027379989624023438,-0.015760421752929688,-0.017594337463378906,0.0019588470458984375,-0.09023666381835938,-0.17776107788085938,-0.3007526397705078,-0.005359649658203125,-0.015341758728027344,-0.01486968994140625,-0.020633697509765625,-0.0003299713134765625,-0.04334449768066406,-0.12144279479980469,-0.5680389404296875,-0.0024356842041015625,-0.033893585205078125,-0.021416664123535156,-0.006180763244628906,0.003954887390136719
2285.5,-0.14507102966308594,-0.22034454345703125,0.015872955322265625,0.023906707763671875,0.03262615203857422,-0.000316619873046875,-0.0005445480346679688,0.0014171600341796875,-0.11411666870117188,-0.43689727783203125,-0.17737579345703125,-0.008943557739257812,-0.0034084320068359375,-0.0066547393798828125,-0.0034084320068359375,0.0002422332763671875,-0.05756378173828125,-0.13187408447265625,-0.2816486358642578,-0.025127410888671875,0.0316009521484375,-0.01305389404296875,0.0020608901977539062,-1.33514404296875e-05,-0.03451347351074219,-0.3347034454345703,0.3668060302734375,-0.00028228759765625,0.0027379989624023438,-0.015760421752929688,-0.017594337463378906,0.0019588470458984375,-0.09023666381835938,-0.17776107788085938,-0.3007526397705078,-0.005359649658203125,-0.015341758728027344,-0.01486968994140625,-0.020633697509765625,-0.0003299713134765625,-0.04334449768066406,-0.12144279479980469,-0.5680389404296875,-0.0024356842041015625,-0.033893585205078125,-0.021416664123535156,-0.006180763244628906,0.003954887390136719
2286.5,-0.14507102966308594,-0.22034454345703125,0.015872955322265625,0.023906707763671875,0.03262615203857422,-0.000316619873046875,-0.0005445480346679688,0.0014171600341796875,-0.11411666870117188,-0.43689727783203125,-0.17737579345703125,-0.008943557739257812,-0.0034084320068359375,-0.0066547393798828125,-0.0034084320068359375,0.0002422332763671875,-0.05756378173828125,-0.13187408447265625,-0.2816486358642578,-0.025127410888671875,0.0316009521484375,-0.01305389404296875,0.0020608901977539062,-1.33514404296875e-05,-0.03451347351074219,-0.3347034454345703,0.3668060302734375,-0.00028228759765625,0.0027379989624023438,-0.015760421752929688,-0.017594337463378906,0.0019588470458984375,-0.09023666381835938,-0.17776107788085938,-0.3007526397705078,-0.005359649658203125,-0.015341758728027344,-0.01486968994140625,-0.020633697509765625,-0.0003299713134765625,-0.04334449768066406,-0.12144279479980469,-0.5680389404296875,-0.0024356842041015625,-0.033893585205078125,-0.021416664123535156,-0.006180763244628906,0.003954887390136719
2287.5,-0.14507102966308594,-0.22034454345703125,0.015872955322265625,0.023906707763671875,0.03262615203857422,-0.000316619873046875,-0.0005445480346679688,0.0014171600341796875,-0.11411666870117188,-0.43689727783203125,-0.17737579345703125,-0.008943557739257812,-0.0034084320068359375,-0.0066547393798828125,-0.0034084320068359375,0.0002422332763671875,-0.05756378173828125,-0.13187408447265625,-0.2816486358642578,-0.025127410888671875,0.0316009521484375,-0.01305389404296875,0.0020608901977539062,-1.33514404296875e-05,-0.03451347351074219,-0.3347034454345703,0.3668060302734375,-0.00028228759765625,0.0027379989624023438,-0.015760421752929688,-0.017594337463378906,0.0019588470458984375,-0.09023666381835938,-0.17776107788085938,-0.3007526397705078,-0.005359649658203125,-0.015341758728027344,-0.01486968994140625,-0.020633697509765625,-0.0003299713134765625,-0.04334449768066406,-0.12144279479980469,-0.5680389404296875,-0.0024356842041015625,-0.033893585205078125,-0.021416664123535156,-0.006180763244628906,0.003954887390136719
2288.5,-0.14507102966308594,-0.22034454345703125,0.015872955322265625,0.023906707763671875,0.03262615203857422,-0.000316619873046875,-0.0005445480346679688,0.0014171600341796875,-0.11411666870117188,-0.43689727783203125,-0.17737579345703125,-0.008943557739257812,-0.0034084320068359375,-0.0066547393798828125,-0.0034084320068359375,0.0002422332763671875,-0.05756378173828125,-0.13187408447265625,-0.2816486358642578,-0.025127410888671875,0.0316009521484375,-0.01305389404296875,0.0020608901977539062,-1.33514404296875e-05,-0.03451347351074219,-0.3347034454345703,0.3668060302734375,-0.00028228759765625,0.0027379989624023438,-0.015760421752929688,-0.017594337463378906,0.0019588470458984375,-0.09023666381835938,-0.17776107788085938,-0.3007526397705078,-0.005359649658203125,-0.015341758728027344,-0.01486968994140625,-0.020633697509765625,-0.0003299713134765625,-0.04334449768066406,-0.12144279479980469,-0.5680389404296875,-0.0024356842041015625,-0.033893585205078125,-0.021416664123535156,-0.006180763244628906,0.003954887390136719
2289.5,-0.14507102966308594,-0.22034454345703125,0.015872955322265625,0.023906707763671875,0.03262615203857422,-0.000316619873046875,-0.0005445480346679688,0.0014171600341796875,-0.11411666870117188,-0.43689727783203125,-0.17737579345703125,-0.008943557739257812,-0.0034084320068359375,-0.0066547393798828125,-0.0034084320068359375,0.0002422332763671875,-0.05756378173828125,-0.13187408447265625,-0.2816486358642578,-0.025127410888671875,0.0316009521484375,-0.01305389404296875,0.0020608901977539062,-1.33514404296875e-05,-0.03451347351074219,-0.3347034454345703,0.3668060302734375,-0.00028228759765625,0.0027379989624023438,-0.015760421752929688,-0.017594337463378906,0.0019588470458984375,-0.09023666381835938,-0.17776107788085938,-0.3007526397705078,-0.005359649658203125,-0.015341758728027344,-0.01486968994140625,-0.020633697509765625,-0.0003299713134765625,-0.04334449768066406,-0.12144279479980469,-0.5680389404296875,-0.0024356842041015625,-0.033893585205078125,-0.021416664123535156,-0.006180763244628906,0.003954887390136719
2290.5,-0.14507102966308594,-0.22034454345703125,0.015872955322265625,0.023906707763671875,0.03262615203857422,-0.000316619873046875,-0.0005445480346679688,0.0014171600341796875,-0.11411666870117188,-0.43689727783203125,-0.17737579345703125,-0.008943557739257812,-0.0034084320068359375,-0.0066547393798828125,-0.0034084320068359375,0.0002422332763671875,-0.05756378173828125,-0.13187408447265625,-0.2816486358642578,-0.025127410888671875,0.0316009521484375,-0.01305389404296875,0.0020608901977539062,-1.33514404296875e-05,-0.03451347351074219,-0.3347034454345703,0.3668060302734375,-0.00028228759765625,0.0027379989624023438,-0.015760421752929688,-0.017594337463378906,0.0019588470458984375,-0.09023666381835938,-0.17776107788085938,-0.3007526397705078,-0.005359649658203125,-0.015341758728027344,-0.01486968994140625,-0.020633697509765625,-0.0003299713134765625,-0.04334449768066406,-0.12144279479980469,-0.5680389404296875,-0.0024356842041015625,-0.033893585205078125,-0.021416664123535156,-0.006180763244628906,0.003954887390136719
2291.5,-0.14507102966308594,-0.22034454345703125,0.015872955322265625,0.023906707763671875,0.03262615203857422,-0.000316619873046875,-0.0005445480346679688,0.0014171600341796875,-0.11411666870117188,-0.43689727783203125,-0.17737579345703125,-0.008943557739257812,-0.0034084320068359375,-0.0066547393798828125,-0.0034084320068359375,0.0002422332763671875,-0.05756378173828125,-0.13187408447265625,-0.2816486358642578,-0.025127410888671875,0.0316009521484375,-0.01305389404296875,0.0020608901977539062,-1.33514404296875e-05,-0.03451347351074219,-0.3347034454345703,0.3668060302734375,-0.00028228759765625,0.0027379989624023438,-0.015760421752929688,-0.017594337463378906,0.0019588470458984375,-0.09023666381835938,-0.17776107788085938,-0.3007526397705078,-0.005359649658203125,-0.015341758728027344,-0.01486968994140625,-0.020633697509765625,-0.0003299713134765625,-0.04334449768066406,-0.12144279479980469,-0.5680389404296875,-0.0024356842041015625,-0.033893585205078125,-0.021416664123535156,-0.006180763244628906,0.003954887390136719
2292.5,-0.14507102966308594,-0.22034454345703125,0.015872955322265625,0.023906707763671875,0.03262615203857422,-0.000316619873046875,-0.0005445480346679688,0.0014171600341796875,-0.11411666870117188,-0.43689727783203125,-0.17737579345703125,-0.008943557739257812,-0.0034084320068359375,-0.0066547393798828125,-0.0034084320068359375,0.0002422332763671875,-0.05756378173828125,-0.13187408447265625,-0.2816486358642578,-0.025127410888671875,0.0316009521484375,-0.01305389404296875,0.0020608901977539062,-1.33514404296875e-05,-0.03451347351074219,-0.3347034454345703,0.3668060302734375,-0.00028228759765625,0.0027379989624023438,-0.015760421752929688,-0.017594337463378906,0.0019588470458984375,-0.09023666381835938,-0.17776107788085938,-0.3007526397705078,-0.005359649658203125,-0.015341758728027344,-0.01486968994140625,-0.020633697509765625,-0.0003299713134765625,-0.04334449768066406,-0.12144279479980469,-0.5680389404296875,-0.0024356842041015625,-0.033893585205078125,-0.021416664123535156,-0.006180763244628906,0.003954887390136719
2293.5,-0.14507102966308594,-0.22034454345703125,0.015872955322265625,0.023906707763671875,0.03262615203857422,-0.000316619873046875,-0.0005445480346679688,0.0014171600341796875,-0.11411666870117188,-0.43689727783203125,-0.17737579345703125,-0.008943557739257812,-0.0034084320068359375,-0.0066547393798828125,-0.0034084320068359375,0.0002422332763671875,-0.05756378173828125,-0.13187408447265625,-0.2816486358642578,-0.025127410888671875,0.0316009521484375,-0.01305389404296875,0.0020608901977539062,-1.33514404296875e-05,-0.03451347351074219,-0.3347034454345703,0.3668060302734375,-0.00028228759765625,0.0027379989624023438,-0.015760421752929688,-0.017594337463378906,0.0019588470458984375,-0.09023666381835938,-0.17776107788085938,-0.3007526397705078,-0.005359649658203125,-0.015341758728027344,-0.01486968994140625,-0.020633697509765625,-0.0003299713134765625,-0.04334449768066406,-0.12144279479980469,-0.5680389404296875,-0.0024356842041015625,-0.033893585205078125,-0.021416664123535156,-0.006180763244628906,0.003954887390136719
2294.5,-0.14507102966308594,-0.22034454345703125,0.015872955322265625,0.023906707763671875,0.03262615203857422,-0.000316619873046875,-0.0005445480346679688,0.0014171600341796875,-0.11411666870117188,-0.43689727783203125,-0.17737579345703125,-0.008943557739257812,-0.0034084320068359375,-0.0066547393798828125,-0.0034084320068359375,0.0002422332763671875,-0.05756378173828125,-0.13187408447265625,-0.2816486358642578,-0.025127410888671875,0.0316009521484375,-0.01305389404296875,0.0020608901977539062,-1.33514404296875e-05,-0.03451347351074219,-0.3347034454345703,0.3668060302734375,-0.00028228759765625,0.0027379989624023438,-0.015760421752929688,-0.017594337463378906,0.0019588470458984375,-0.09023666381835938,-0.17776107788085938,-0.3007526397705078,-0.005359649658203125,-0.015341758728027344,-0.01486968994140625,-0.020633697509765625,-0.0003299713134765625,-0.04334449768066406,-0.12144279479980469,-0.5680389404296875,-0.0024356842041015625,-0.033893585205078125,-0.021416664123535156,-0.006180763244628906,0.003954887390136719
2295.5,-0.14507102966308594,-0.22034454345703125,0.015872955322265625,0.023906707763671875,0.03262615203857422,-0.000316619873046875,-0.0005445480346679688,0.0014171600341796875,-0.11411666870117188,-0.43689727783203125,-0.17737579345703125,-0.008943557739257812,-0.0034084320068359375,-0.0066547393798828125,-0.0034084320068359375,0.0002422332763671875,-0.05756378173828125,-0.13187408447265625,-0.2816486358642578,-0.025127410888671875,0.0316009521484375,-0.01305389404296875,0.0020608901977539062,-1.33514404296875e-05,-0.03451347351074219,-0.3347034454345703,0.3668060302734375,-0.00028228759765625,0.0027379989624023438,-0.015760421752929688,-0.017594337463378906,0.0019588470458984375,-0.09023666381835938,-0.17776107788085938,-0.3007526397705078,-0.005359649658203125,-0.015341758728027344,-0.01486968994140625,-0.020633697509765625,-0.0003299713134765625,-0.04334449768066406,-0.12144279479980469,-0.5680389404296875,-0.0024356842041015625,-0.033893585205078125,-0.021416664123535156,-0.006180763244628906,0.003954887390136719
2296.5,-0.14507102966308594,-0.22034454345703125,0.015872955322265625,0.023906707763671875,0.03262615203857422,-0.000316619873046875,-0.0005445480346679688,0.0014171600341796875,-0.11411666870117188,-0.43689727783203125,-0.17737579345703125,-0.008943557739257812,-0.0034084320068359375,-0.0066547393798828125,-0.0034084320068359375,0.0002422332763671875,-0.05756378173828125,-0.13187408447265625,-0.2816486358642578,-0.025127410888671875,0.0316009521484375,-0.01305389404296875,0.0020608901977539062,-1.33514404296875e-05,-0.03451347351074219,-0.3347034454345703,0.3668060302734375,-0.00028228759765625,0.0027379989624023438,-0.015760421752929688,-0.017594337463378906,0.0019588470458984375,-0.09023666381835938,-0.17776107788085938,-0.3007526397705078,-0.005359649658203125,-0.015341758728027344,-0.01486968994140625,-0.020633697509765625,-0.0003299713134765625,-0.04334449768066406,-0.12144279479980469,-0.5680389404296875,-0.0024356842041015625,-0.033893585205078125,-0.021416664123535156,-0.006180763244628906,0.003954887390136719
2297.5,-0.14507102966308594,-0.22034454345703125,0.015872955322265625,0.023906707763671875,0.03262615203857422,-0.000316619873046875,-0.0005445480346679688,0.0014171600341796875,-0.11411666870117188,-0.43689727783203125,-0.17737579345703125,-0.008943557739257812,-0.0034084320068359375,-0.0066547393798828125,-0.0034084320068359375,0.0002422332763671875,-0.05756378173828125,-0.13187408447265625,-0.2816486358642578,-0.025127410888671875,0.0316009521484375,-0.01305389404296875,0.0020608901977539062,-1.33514404296875e-05,-0.03451347351074219,-0.3347034454345703,0.3668060302734375,-0.00028228759765625,0.0027379989624023438,-0.015760421752929688,-0.017594337463378906,0.0019588470458984375,-0.09023666381835938,-0.17776107788085938,-0.3007526397705078,-0.005359649658203125,-0.015341758728027344,-0.01486968994140625,-0.020633697509765625,-0.0003299713134765625,-0.04334449768066406,-0.12144279479980469,-0.5680389404296875,-0.0024356842041015625,-0.033893585205078125,-0.021416664123535156,-0.006180763244628906,0.003954887390136719
2298.5,-0.14507102966308594,-0.22034454345703125,0.015872955322265625,0.023906707763671875,0.03262615203857422,-0.000316619873046875,-0.0005445480346679688,0.0014171600341796875,-0.11411666870117188,-0.43689727783203125,-0.17737579345703125,-0.008943557739257812,-0.0034084320068359375,-0.0066547393798828125,-0.0034084320068359375,0.0002422332763671875,-0.05756378173828125,-0.13187408447265625,-0.2816486358642578,-0.025127410888671875,0.0316009521484375,-0.01305389404296875,0.0020608901977539062,-1.33514404296875e-05,-0.03451347351074219,-0.3347034454345703,0.3668060302734375,-0.00028228759765625,0.0027379989624023438,-0.015760421752929688,-0.017594337463378906,0.0019588470458984375,-0.09023666381835938,-0.17776107788085938,-0.3007526397705078,-0.005359649658203125,-0.015341758728027344,-0.01486968994140625,-0.020633697509765625,-0.0003299713134765625,-0.04334449768066406,-0.12144279479980469,-0.5680389404296875,-0.0024356842041015625,-0.033893585205078125,-0.021416664123535156,-0.006180763244628906,0.003954887390136719
2299.5,-0.14507102966308594,-0.22034454345703125,0.015872955322265625,0.023906707763671875,0.03262615203857422,-0.000316619873046875,-0.0005445480346679688,0.0014171600341796875,-0.11411666870117188,-0.43689727783203125,-0.17737579345703125,-0.008943557739257812,-0.0034084320068359375,-0.0066547393798828125,-0.0034084320068359375,0.0002422332763671875,-0.05756378173828125,-0.13187408447265625,-0.2816486358642578,-0.025127410888671875,0.0316009521484375,-0.01305389404296875,0.0020608901977539062,-1.33514404296875e-05,-0.03451347351074219,-0.3347034454345703,0.3668060302734375,-0.00028228759765625,0.0027379989624023438,-0.015760421752929688,-0.017594337463378906,0.0019588470458984375,-0.09023666381835938,-0.17776107788085938,-0.3007526397705078,-0.005359649658203125,-0.015341758728027344,-0.01486968994140625,-0.020633697509765625,-0.0003299713134765625,-0.04334449768066406,-0.12144279479980469,-0.5680389404296875,-0.0024356842041015625,-0.033893585205078125,-0.021416664123535156,-0.006180763244628906,0.003954887390136719
2300.5,-0.14507102966308594,-0.22034454345703125,0.015872955322265625,0.023906707763671875,0.03262615203857422,-0.000316619873046875,-0.0005445480346679688,0.0014171600341796875,-0.11411666870117188,-0.43689727783203125,-0.17737579345703125,-0.008943557739257812,-0.0034084320068359375,-0.0066547393798828125,-0.0034084320068359375,0.0002422332763671875,-0.05756378173828125,-0.13187408447265625,-0.2816486358642578,-0.025127410888671875,0.0316009521484375,-0.01305389404296875,0.0020608901977539062,-1.33514404296875e-05,-0.03451347351074219,-0.3347034454345703,0.3668060302734375,-0.00028228759765625,0.0027379989624023438,-0.015760421752929688,-0.017594337463378906,0.0019588470458984375,-0.09023666381835938,-0.17776107788085938,-0.3007526397705078,-0.005359649658203125,-0.015341758728027344,-0.01486968994140625,-0.020633697509765625,-0.0003299713134765625,-0.04334449768066406,-0.12144279479980469,-0.5680389404296875,-0.0024356842041015625,-0.033893585205078125,-0.021416664123535156,-0.006180763244628906,0.003954887390136719
