time,ssp119 - sce1,ssp126 - sce1,ssp534 - sce1,ssp434 - sce1,ssp245 - sce1,ssp460 - sce1,ssp370 - sce1,ssp585 - sce1,ssp119 - sce2,ssp126 - sce2,ssp534 - sce2,ssp434 - sce2,ssp245 - sce2,ssp460 - sce2,ssp370 - sce2,ssp585 - sce2,ssp119 - sce3,ssp126 - sce3,ssp534 - sce3,ssp434 - sce3,ssp245 - sce3,ssp460 - sce3,ssp370 - sce3,ssp585 - sce3,ssp119 - sce4,ssp126 - sce4,ssp534 - sce4,ssp434 - sce4,ssp245 - sce4,ssp460 - sce4,ssp370 - sce4,ssp585 - sce4,ssp119 - sce5,ssp126 - sce5,ssp534 - sce5,ssp434 - sce5,ssp245 - sce5,ssp460 - sce5,ssp370 - sce5,ssp585 - sce5,ssp119 - sce6,ssp126 - sce6,ssp534 - sce6,ssp434 - sce6,ssp245 - sce6,ssp460 - sce6,ssp370 - sce6,ssp585 - sce6
2015.5,0.14434814453125,0.990875244140625,0.526947021484375,0.430206298828125,0.095947265625,0.578277587890625,0.089630126953125,0.07025146484375,0.45782470703125,1.257965087890625,0.4830322265625,0.256561279296875,0.15167236328125,0.282379150390625,0.11907958984375,0.102813720703125,0.862701416015625,1.34503173828125,0.98431396484375,0.138702392578125,0.124664306640625,0.155609130859375,0.148773193359375,0.130035400390625,1.108489990234375,2.05224609375,1.205078125,0.274322509765625,0.250030517578125,0.068695068359375,0.21514892578125,0.18743896484375,1.286346435546875,1.997100830078125,1.326019287109375,0.822998046875,0.281463623046875,0.527435302734375,0.215576171875,0.204681396484375,1.66119384765625,2.399688720703125,1.89764404296875,1.048065185546875,0.361328125,0.1907958984375,0.2977294921875,0.280670166015625
2016.5,0.14434814453125,0.990875244140625,0.526947021484375,0.430206298828125,0.095947265625,0.578277587890625,0.089630126953125,0.07025146484375,0.45782470703125,1.257965087890625,0.4830322265625,0.256561279296875,0.15167236328125,0.282379150390625,0.11907958984375,0.102813720703125,0.862701416015625,1.34503173828125,0.98431396484375,0.138702392578125,0.124664306640625,0.155609130859375,0.148773193359375,0.130035400390625,1.108489990234375,2.05224609375,1.205078125,0.274322509765625,0.250030517578125,0.068695068359375,0.21514892578125,0.18743896484375,1.286346435546875,1.997100830078125,1.326019287109375,0.822998046875,0.281463623046875,0.527435302734375,0.215576171875,0.204681396484375,1.66119384765625,2.399688720703125,1.89764404296875,1.048065185546875,0.361328125,0.1907958984375,0.2977294921875,0.280670166015625
2017.5,0.14434814453125,0.990875244140625,0.526947021484375,0.430206298828125,0.095947265625,0.578277587890625,0.089630126953125,0.07025146484375,0.45782470703125,1.257965087890625,0.4830322265625,0.256561279296875,0.15167236328125,0.282379150390625,0.11907958984375,0.102813720703125,0.862701416015625,1.34503173828125,0.98431396484375,0.138702392578125,0.124664306640625,0.155609130859375,0.148773193359375,0.130035400390625,1.108489990234375,2.05224609375,1.205078125,0.274322509765625,0.250030517578125,0.068695068359375,0.21514892578125,0.18743896484375,1.286346435546875,1.997100830078125,1.326019287109375,0.822998046875,0.281463623046875,0.527435302734375,0.215576171875,0.204681396484375,1.66119384765625,2.399688720703125,1.89764404296875,1.048065185546875,0.361328125,0.1907958984375,0.2977294921875,0.280670166015625
2018.5,0.14434814453125,0.990875244140625,0.526947021484375,0.430206298828125,0.095947265625,0.578277587890625,0.089630126953125,0.07025146484375,0.45782470703125,1.257965087890625,0.4830322265625,0.256561279296875,0.15167236328125,0.282379150390625,0.11907958984375,0.102813720703125,0.862701416015625,1.34503173828125,0.98431396484375,0.138702392578125,0.124664306640625,0.155609130859375,0.148773193359375,0.130035400390625,1.108489990234375,2.05224609375,1.205078125,0.274322509765625,0.250030517578125,0.068695068359375,0.21514892578125,0.18743896484375,1.286346435546875,1.997100830078125,1.326019287109375,0.822998046875,0.281463623046875,0.527435302734375,0.215576171875,0.204681396484375,1.66119384765625,2.399688720703125,1.89764404296875,1.048065185546875,0.361328125,0.1907958984375,0.2977294921875,0.280670166015625
2019.5,0.14434814453125,0.990875244140625,0.526947021484375,0.430206298828125,0.095947265625,0.578277587890625,0.089630126953125,0.07025146484375,0.45782470703125,1.257965087890625,0.4830322265625,0.256561279296875,0.15167236328125,0.282379150390625,0.11907958984375,0.102813720703125,0.862701416015625,1.34503173828125,0.98431396484375,0.138702392578125,0.124664306640625,0.155609130859375,0.148773193359375,0.130035400390625,1.108489990234375,2.05224609375,1.205078125,0.274322509765625,0.250030517578125,0.068695068359375,0.21514892578125,0.18743896484375,1.286346435546875,1.997100830078125,1.326019287109375,0.822998046875,0.281463623046875,0.527435302734375,0.215576171875,0.204681396484375,1.66119384765625,2.399688720703125,1.89764404296875,1.048065185546875,0.361328125,0.1907958984375,0.2977294921875,0.280670166015625
2020.5,0.14434814453125,0.990875244140625,0.526947021484375,0.430206298828125,0.095947265625,0.578277587890625,0.089630126953125,0.07025146484375,0.45782470703125,1.257965087890625,0.4830322265625,0.256561279296875,0.15167236328125,0.282379150390625,0.11907958984375,0.102813720703125,0.862701416015625,1.34503173828125,0.98431396484375,0.138702392578125,0.124664306640625,0.155609130859375,0.148773193359375,0.130035400390625,1.108489990234375,2.05224609375,1.205078125,0.274322509765625,0.250030517578125,0.068695068359375,0.21514892578125,0.18743896484375,1.286346435546875,1.997100830078125,1.326019287109375,0.822998046875,0.281463623046875,0.527435302734375,0.215576171875,0.204681396484375,1.66119384765625,2.399688720703125,1.89764404296875,1.048065185546875,0.361328125,0.1907958984375,0.2977294921875,0.280670166015625
2021.5,0.14434814453125,0.990875244140625,0.526947021484375,0.430206298828125,0.095947265625,0.578277587890625,0.089630126953125,0.07025146484375,0.45782470703125,1.257965087890625,0.4830322265625,0.256561279296875,0.15167236328125,0.282379150390625,0.11907958984375,0.102813720703125,0.862701416015625,1.34503173828125,0.98431396484375,0.138702392578125,0.124664306640625,0.155609130859375,0.148773193359375,0.130035400390625,1.108489990234375,2.05224609375,1.205078125,0.274322509765625,0.250030517578125,0.068695068359375,0.21514892578125,0.18743896484375,1.286346435546875,1.997100830078125,1.326019287109375,0.822998046875,0.281463623046875,0.527435302734375,0.215576171875,0.204681396484375,1.66119384765625,2.399688720703125,1.89764404296875,1.048065185546875,0.361328125,0.1907958984375,0.2977294921875,0.280670166015625
2022.5,0.14434814453125,0.990875244140625,0.526947021484375,0.430206298828125,0.095947265625,0.578277587890625,0.089630126953125,0.07025146484375,0.45782470703125,1.257965087890625,0.4830322265625,0.256561279296875,0.15167236328125,0.282379150390625,0.11907958984375,0.102813720703125,0.862701416015625,1.34503173828125,0.98431396484375,0.138702392578125,0.124664306640625,0.155609130859375,0.148773193359375,0.130035400390625,1.108489990234375,2.05224609375,1.205078125,0.274322509765625,0.250030517578125,0.068695068359375,0.21514892578125,0.18743896484375,1.286346435546875,1.997100830078125,1.326019287109375,0.822998046875,0.281463623046875,0.527435302734375,0.215576171875,0.204681396484375,1.66119384765625,2.399688720703125,1.89764404296875,1.048065185546875,0.361328125,0.1907958984375,0.2977294921875,0.280670166015625
2023.5,0.14434814453125,0.990875244140625,0.526947021484375,0.430206298828125,0.095947265625,0.578277587890625,0.089630126953125,0.07025146484375,0.45782470703125,1.257965087890625,0.4830322265625,0.256561279296875,0.15167236328125,0.282379150390625,0.11907958984375,0.102813720703125,0.862701416015625,1.34503173828125,0.98431396484375,0.138702392578125,0.124664306640625,0.155609130859375,0.148773193359375,0.130035400390625,1.108489990234375,2.05224609375,1.205078125,0.274322509765625,0.250030517578125,0.068695068359375,0.21514892578125,0.18743896484375,1.286346435546875,1.997100830078125,1.326019287109375,0.822998046875,0.281463623046875,0.527435302734375,0.215576171875,0.204681396484375,1.66119384765625,2.399688720703125,1.89764404296875,1.048065185546875,0.361328125,0.1907958984375,0.2977294921875,0.280670166015625
2024.5,0.14434814453125,0.990875244140625,0.526947021484375,0.430206298828125,0.095947265625,0.578277587890625,0.089630126953125,0.07025146484375,0.45782470703125,1.257965087890625,0.4830322265625,0.256561279296875,0.15167236328125,0.282379150390625,0.11907958984375,0.102813720703125,0.862701416015625,1.34503173828125,0.98431396484375,0.138702392578125,0.124664306640625,0.155609130859375,0.148773193359375,0.130035400390625,1.108489990234375,2.05224609375,1.205078125,0.274322509765625,0.250030517578125,0.068695068359375,0.21514892578125,0.18743896484375,1.286346435546875,1.997100830078125,1.326019287109375,0.822998046875,0.281463623046875,0.527435302734375,0.215576171875,0.204681396484375,1.66119384765625,2.399688720703125,1.89764404296875,1.048065185546875,0.361328125,0.1907958984375,0.2977294921875,0.280670166015625
2025.5,0.14434814453125,0.990875244140625,0.526947021484375,0.430206298828125,0.095947265625,0.578277587890625,0.089630126953125,0.07025146484375,0.45782470703125,1.257965087890625,0.4830322265625,0.256561279296875,0.15167236328125,0.282379150390625,0.11907958984375,0.102813720703125,0.862701416015625,1.34503173828125,0.98431396484375,0.138702392578125,0.124664306640625,0.155609130859375,0.148773193359375,0.130035400390625,1.108489990234375,2.05224609375,1.205078125,0.274322509765625,0.250030517578125,0.068695068359375,0.21514892578125,0.18743896484375,1.286346435546875,1.997100830078125,1.326019287109375,0.822998046875,0.281463623046875,0.527435302734375,0.215576171875,0.204681396484375,1.66119384765625,2.399688720703125,1.89764404296875,1.048065185546875,0.361328125,0.1907958984375,0.2977294921875,0.280670166015625
2026.5,0.14434814453125,0.990875244140625,0.526947021484375,0.430206298828125,0.095947265625,0.578277587890625,0.089630126953125,0.07025146484375,0.45782470703125,1.257965087890625,0.4830322265625,0.256561279296875,0.15167236328125,0.282379150390625,0.11907958984375,0.102813720703125,0.862701416015625,1.34503173828125,0.98431396484375,0.138702392578125,0.124664306640625,0.155609130859375,0.148773193359375,0.130035400390625,1.108489990234375,2.05224609375,1.205078125,0.274322509765625,0.250030517578125,0.068695068359375,0.21514892578125,0.18743896484375,1.286346435546875,1.997100830078125,1.326019287109375,0.822998046875,0.281463623046875,0.527435302734375,0.215576171875,0.204681396484375,1.66119384765625,2.399688720703125,1.89764404296875,1.048065185546875,0.361328125,0.1907958984375,0.2977294921875,0.280670166015625
2027.5,0.14434814453125,0.990875244140625,0.526947021484375,0.430206298828125,0.095947265625,0.578277587890625,0.089630126953125,0.07025146484375,0.45782470703125,1.257965087890625,0.4830322265625,0.256561279296875,0.15167236328125,0.282379150390625,0.11907958984375,0.102813720703125,0.862701416015625,1.34503173828125,0.98431396484375,0.138702392578125,0.124664306640625,0.155609130859375,0.148773193359375,0.130035400390625,1.108489990234375,2.05224609375,1.205078125,0.274322509765625,0.250030517578125,0.068695068359375,0.21514892578125,0.18743896484375,1.286346435546875,1.997100830078125,1.326019287109375,0.822998046875,0.281463623046875,0.527435302734375,0.215576171875,0.204681396484375,1.66119384765625,2.399688720703125,1.89764404296875,1.048065185546875,0.361328125,0.1907958984375,0.2977294921875,0.280670166015625
2028.5,0.14434814453125,0.990875244140625,0.526947021484375,0.430206298828125,0.095947265625,0.578277587890625,0.089630126953125,0.07025146484375,0.45782470703125,1.257965087890625,0.4830322265625,0.256561279296875,0.15167236328125,0.282379150390625,0.11907958984375,0.102813720703125,0.862701416015625,1.34503173828125,0.98431396484375,0.138702392578125,0.124664306640625,0.155609130859375,0.148773193359375,0.130035400390625,1.108489990234375,2.05224609375,1.205078125,0.274322509765625,0.250030517578125,0.068695068359375,0.21514892578125,0.18743896484375,1.286346435546875,1.997100830078125,1.326019287109375,0.822998046875,0.281463623046875,0.527435302734375,0.215576171875,0.204681396484375,1.66119384765625,2.399688720703125,1.89764404296875,1.048065185546875,0.361328125,0.1907958984375,0.2977294921875,0.280670166015625
2029.5,0.14434814453125,0.990875244140625,0.526947021484375,0.430206298828125,0.095947265625,0.578277587890625,0.089630126953125,0.07025146484375,0.45782470703125,1.257965087890625,0.4830322265625,0.256561279296875,0.15167236328125,0.282379150390625,0.11907958984375,0.102813720703125,0.862701416015625,1.34503173828125,0.98431396484375,0.138702392578125,0.124664306640625,0.155609130859375,0.148773193359375,0.130035400390625,1.108489990234375,2.05224609375,1.205078125,0.274322509765625,0.250030517578125,0.068695068359375,0.21514892578125,0.18743896484375,1.286346435546875,1.997100830078125,1.326019287109375,0.822998046875,0.281463623046875,0.527435302734375,0.215576171875,0.204681396484375,1.66119384765625,2.399688720703125,1.89764404296875,1.048065185546875,0.361328125,0.1907958984375,0.2977294921875,0.280670166015625
2030.5,0.14434814453125,0.990875244140625,0.526947021484375,0.430206298828125,0.095947265625,0.578277587890625,0.089630126953125,0.07025146484375,0.45782470703125,1.257965087890625,0.4830322265625,0.256561279296875,0.15167236328125,0.282379150390625,0.11907958984375,0.102813720703125,0.862701416015625,1.34503173828125,0.98431396484375,0.138702392578125,0.124664306640625,0.155609130859375,0.148773193359375,0.130035400390625,1.108489990234375,2.05224609375,1.205078125,0.274322509765625,0.250030517578125,0.068695068359375,0.21514892578125,0.18743896484375,1.286346435546875,1.997100830078125,1.326019287109375,0.822998046875,0.281463623046875,0.527435302734375,0.215576171875,0.204681396484375,1.66119384765625,2.399688720703125,1.89764404296875,1.048065185546875,0.361328125,0.1907958984375,0.2977294921875,0.280670166015625
2031.5,0.14434814453125,0.990875244140625,0.526947021484375,0.430206298828125,0.095947265625,0.578277587890625,0.089630126953125,0.07025146484375,0.45782470703125,1.257965087890625,0.4830322265625,0.256561279296875,0.15167236328125,0.282379150390625,0.11907958984375,0.102813720703125,0.862701416015625,1.34503173828125,0.98431396484375,0.138702392578125,0.124664306640625,0.155609130859375,0.148773193359375,0.130035400390625,1.108489990234375,2.05224609375,1.205078125,0.274322509765625,0.250030517578125,0.068695068359375,0.21514892578125,0.18743896484375,1.286346435546875,1.997100830078125,1.326019287109375,0.822998046875,0.281463623046875,0.527435302734375,0.215576171875,0.204681396484375,1.66119384765625,2.399688720703125,1.89764404296875,1.048065185546875,0.361328125,0.1907958984375,0.2977294921875,0.280670166015625
2032.5,0.14434814453125,0.990875244140625,0.526947021484375,0.430206298828125,0.095947265625,0.578277587890625,0.089630126953125,0.07025146484375,0.45782470703125,1.257965087890625,0.4830322265625,0.256561279296875,0.15167236328125,0.282379150390625,0.11907958984375,0.102813720703125,0.862701416015625,1.34503173828125,0.98431396484375,0.138702392578125,0.124664306640625,0.155609130859375,0.148773193359375,0.130035400390625,1.108489990234375,2.05224609375,1.205078125,0.274322509765625,0.250030517578125,0.068695068359375,0.21514892578125,0.18743896484375,1.286346435546875,1.997100830078125,1.326019287109375,0.822998046875,0.281463623046875,0.527435302734375,0.215576171875,0.204681396484375,1.66119384765625,2.399688720703125,1.89764404296875,1.048065185546875,0.361328125,0.1907958984375,0.2977294921875,0.280670166015625
2033.5,0.14434814453125,0.990875244140625,0.526947021484375,0.430206298828125,0.095947265625,0.578277587890625,0.089630126953125,0.07025146484375,0.45782470703125,1.257965087890625,0.4830322265625,0.256561279296875,0.15167236328125,0.282379150390625,0.11907958984375,0.102813720703125,0.862701416015625,1.34503173828125,0.98431396484375,0.138702392578125,0.124664306640625,0.155609130859375,0.148773193359375,0.130035400390625,1.108489990234375,2.05224609375,1.205078125,0.274322509765625,0.250030517578125,0.068695068359375,0.21514892578125,0.18743896484375,1.286346435546875,1.997100830078125,1.326019287109375,0.822998046875,0.281463623046875,0.527435302734375,0.215576171875,0.204681396484375,1.66119384765625,2.399688720703125,1.89764404296875,1.048065185546875,0.361328125,0.1907958984375,0.2977294921875,0.280670166015625
2034.5,0.14434814453125,0.990875244140625,0.526947021484375,0.430206298828125,0.095947265625,0.578277587890625,0.089630126953125,0.07025146484375,0.45782470703125,1.257965087890625,0.4830322265625,0.256561279296875,0.15167236328125,0.282379150390625,0.11907958984375,0.102813720703125,0.862701416015625,1.34503173828125,0.98431396484375,0.138702392578125,0.124664306640625,0.155609130859375,0.148773193359375,0.130035400390625,1.108489990234375,2.05224609375,1.205078125,0.274322509765625,0.250030517578125,0.068695068359375,0.21514892578125,0.18743896484375,1.286346435546875,1.997100830078125,1.326019287109375,0.822998046875,0.281463623046875,0.527435302734375,0.215576171875,0.204681396484375,1.66119384765625,2.399688720703125,1.89764404296875,1.048065185546875,0.361328125,0.1907958984375,0.2977294921875,0.280670166015625
2035.5,0.14434814453125,0.990875244140625,0.526947021484375,0.430206298828125,0.095947265625,0.578277587890625,0.089630126953125,0.07025146484375,0.45782470703125,1.257965087890625,0.4830322265625,0.256561279296875,0.15167236328125,0.282379150390625,0.11907958984375,0.102813720703125,0.862701416015625,1.34503173828125,0.98431396484375,0.138702392578125,0.124664306640625,0.155609130859375,0.148773193359375,0.130035400390625,1.108489990234375,2.05224609375,1.205078125,0.274322509765625,0.250030517578125,0.068695068359375,0.21514892578125,0.18743896484375,1.286346435546875,1.997100830078125,1.326019287109375,0.822998046875,0.281463623046875,0.527435302734375,0.215576171875,0.204681396484375,1.66119384765625,2.399688720703125,1.89764404296875,1.048065185546875,0.361328125,0.1907958984375,0.2977294921875,0.280670166015625
2036.5,0.14434814453125,0.990875244140625,0.526947021484375,0.430206298828125,0.095947265625,0.578277587890625,0.089630126953125,0.07025146484375,0.45782470703125,1.257965087890625,0.4830322265625,0.256561279296875,0.15167236328125,0.282379150390625,0.11907958984375,0.102813720703125,0.862701416015625,1.34503173828125,0.98431396484375,0.138702392578125,0.124664306640625,0.155609130859375,0.148773193359375,0.130035400390625,1.108489990234375,2.05224609375,1.205078125,0.274322509765625,0.250030517578125,0.068695068359375,0.21514892578125,0.18743896484375,1.286346435546875,1.997100830078125,1.326019287109375,0.822998046875,0.281463623046875,0.527435302734375,0.215576171875,0.204681396484375,1.66119384765625,2.399688720703125,1.89764404296875,1.048065185546875,0.361328125,0.1907958984375,0.2977294921875,0.280670166015625
2037.5,0.14434814453125,0.990875244140625,0.526947021484375,0.430206298828125,0.095947265625,0.578277587890625,0.089630126953125,0.07025146484375,0.45782470703125,1.257965087890625,0.4830322265625,0.256561279296875,0.15167236328125,0.282379150390625,0.11907958984375,0.102813720703125,0.862701416015625,1.34503173828125,0.98431396484375,0.138702392578125,0.124664306640625,0.155609130859375,0.148773193359375,0.130035400390625,1.108489990234375,2.05224609375,1.205078125,0.274322509765625,0.250030517578125,0.068695068359375,0.21514892578125,0.18743896484375,1.286346435546875,1.997100830078125,1.326019287109375,0.822998046875,0.281463623046875,0.527435302734375,0.215576171875,0.204681396484375,1.66119384765625,2.399688720703125,1.89764404296875,1.048065185546875,0.361328125,0.1907958984375,0.2977294921875,0.280670166015625
2038.5,0.14434814453125,0.990875244140625,0.526947021484375,0.430206298828125,0.095947265625,0.578277587890625,0.089630126953125,0.07025146484375,0.45782470703125,1.257965087890625,0.4830322265625,0.256561279296875,0.15167236328125,0.282379150390625,0.11907958984375,0.102813720703125,0.862701416015625,1.34503173828125,0.98431396484375,0.138702392578125,0.124664306640625,0.155609130859375,0.148773193359375,0.130035400390625,1.108489990234375,2.05224609375,1.205078125,0.274322509765625,0.250030517578125,0.068695068359375,0.21514892578125,0.18743896484375,1.286346435546875,1.997100830078125,1.326019287109375,0.822998046875,0.281463623046875,0.527435302734375,0.215576171875,0.204681396484375,1.66119384765625,2.399688720703125,1.89764404296875,1.048065185546875,0.361328125,0.1907958984375,0.2977294921875,0.280670166015625
2039.5,0.14434814453125,0.990875244140625,0.526947021484375,0.430206298828125,0.095947265625,0.578277587890625,0.089630126953125,0.07025146484375,0.45782470703125,1.257965087890625,0.4830322265625,0.256561279296875,0.15167236328125,0.282379150390625,0.11907958984375,0.102813720703125,0.862701416015625,1.34503173828125,0.98431396484375,0.138702392578125,0.124664306640625,0.155609130859375,0.148773193359375,0.130035400390625,1.108489990234375,2.05224609375,1.205078125,0.274322509765625,0.250030517578125,0.068695068359375,0.21514892578125,0.18743896484375,1.286346435546875,1.997100830078125,1.326019287109375,0.822998046875,0.281463623046875,0.527435302734375,0.215576171875,0.204681396484375,1.66119384765625,2.399688720703125,1.89764404296875,1.048065185546875,0.361328125,0.1907958984375,0.2977294921875,0.280670166015625
2040.5,0.14434814453125,0.990875244140625,0.526947021484375,0.430206298828125,0.095947265625,0.578277587890625,0.089630126953125,0.07025146484375,0.45782470703125,1.257965087890625,0.4830322265625,0.256561279296875,0.15167236328125,0.282379150390625,0.11907958984375,0.102813720703125,0.862701416015625,1.34503173828125,0.98431396484375,0.138702392578125,0.124664306640625,0.155609130859375,0.148773193359375,0.130035400390625,1.108489990234375,2.05224609375,1.205078125,0.274322509765625,0.250030517578125,0.068695068359375,0.21514892578125,0.18743896484375,1.286346435546875,1.997100830078125,1.326019287109375,0.822998046875,0.281463623046875,0.527435302734375,0.215576171875,0.204681396484375,1.66119384765625,2.399688720703125,1.89764404296875,1.048065185546875,0.361328125,0.1907958984375,0.2977294921875,0.280670166015625
2041.5,0.14434814453125,0.990875244140625,0.526947021484375,0.430206298828125,0.095947265625,0.578277587890625,0.089630126953125,0.07025146484375,0.45782470703125,1.257965087890625,0.4830322265625,0.256561279296875,0.15167236328125,0.282379150390625,0.11907958984375,0.102813720703125,0.862701416015625,1.34503173828125,0.98431396484375,0.138702392578125,0.124664306640625,0.155609130859375,0.148773193359375,0.130035400390625,1.108489990234375,2.05224609375,1.205078125,0.274322509765625,0.250030517578125,0.068695068359375,0.21514892578125,0.18743896484375,1.286346435546875,1.997100830078125,1.326019287109375,0.822998046875,0.281463623046875,0.527435302734375,0.215576171875,0.204681396484375,1.66119384765625,2.399688720703125,1.89764404296875,1.048065185546875,0.361328125,0.1907958984375,0.2977294921875,0.280670166015625
2042.5,0.14434814453125,0.990875244140625,0.526947021484375,0.430206298828125,0.095947265625,0.578277587890625,0.089630126953125,0.07025146484375,0.45782470703125,1.257965087890625,0.4830322265625,0.256561279296875,0.15167236328125,0.282379150390625,0.11907958984375,0.102813720703125,0.862701416015625,1.34503173828125,0.98431396484375,0.138702392578125,0.124664306640625,0.155609130859375,0.148773193359375,0.130035400390625,1.108489990234375,2.05224609375,1.205078125,0.274322509765625,0.250030517578125,0.068695068359375,0.21514892578125,0.18743896484375,1.286346435546875,1.997100830078125,1.326019287109375,0.822998046875,0.281463623046875,0.527435302734375,0.215576171875,0.204681396484375,1.66119384765625,2.399688720703125,1.89764404296875,1.048065185546875,0.361328125,0.1907958984375,0.2977294921875,0.280670166015625
2043.5,0.14434814453125,0.990875244140625,0.526947021484375,0.430206298828125,0.095947265625,0.578277587890625,0.089630126953125,0.07025146484375,0.45782470703125,1.257965087890625,0.4830322265625,0.256561279296875,0.15167236328125,0.282379150390625,0.11907958984375,0.102813720703125,0.862701416015625,1.34503173828125,0.98431396484375,0.138702392578125,0.124664306640625,0.155609130859375,0.148773193359375,0.130035400390625,1.108489990234375,2.05224609375,1.205078125,0.274322509765625,0.250030517578125,0.068695068359375,0.21514892578125,0.18743896484375,1.286346435546875,1.997100830078125,1.326019287109375,0.822998046875,0.281463623046875,0.527435302734375,0.215576171875,0.204681396484375,1.66119384765625,2.399688720703125,1.89764404296875,1.048065185546875,0.361328125,0.1907958984375,0.2977294921875,0.280670166015625
2044.5,0.14434814453125,0.990875244140625,0.526947021484375,0.430206298828125,0.095947265625,0.578277587890625,0.089630126953125,0.07025146484375,0.45782470703125,1.257965087890625,0.4830322265625,0.256561279296875,0.15167236328125,0.282379150390625,0.11907958984375,0.102813720703125,0.862701416015625,1.34503173828125,0.98431396484375,0.138702392578125,0.124664306640625,0.155609130859375,0.148773193359375,0.130035400390625,1.108489990234375,2.05224609375,1.205078125,0.274322509765625,0.250030517578125,0.068695068359375,0.21514892578125,0.18743896484375,1.286346435546875,1.997100830078125,1.326019287109375,0.822998046875,0.281463623046875,0.527435302734375,0.215576171875,0.204681396484375,1.66119384765625,2.399688720703125,1.89764404296875,1.048065185546875,0.361328125,0.1907958984375,0.2977294921875,0.280670166015625
2045.5,0.14434814453125,0.990875244140625,0.526947021484375,0.430206298828125,0.095947265625,0.578277587890625,0.089630126953125,0.07025146484375,0.45782470703125,1.257965087890625,0.4830322265625,0.256561279296875,0.15167236328125,0.282379150390625,0.11907958984375,0.102813720703125,0.862701416015625,1.34503173828125,0.98431396484375,0.138702392578125,0.124664306640625,0.155609130859375,0.148773193359375,0.130035400390625,1.108489990234375,2.05224609375,1.205078125,0.274322509765625,0.250030517578125,0.068695068359375,0.21514892578125,0.18743896484375,1.286346435546875,1.997100830078125,1.326019287109375,0.822998046875,0.281463623046875,0.527435302734375,0.215576171875,0.204681396484375,1.66119384765625,2.399688720703125,1.89764404296875,1.048065185546875,0.361328125,0.1907958984375,0.2977294921875,0.280670166015625
2046.5,0.14434814453125,0.990875244140625,0.526947021484375,0.430206298828125,0.095947265625,0.578277587890625,0.089630126953125,0.07025146484375,0.45782470703125,1.257965087890625,0.4830322265625,0.256561279296875,0.15167236328125,0.282379150390625,0.11907958984375,0.102813720703125,0.862701416015625,1.34503173828125,0.98431396484375,0.138702392578125,0.124664306640625,0.155609130859375,0.148773193359375,0.130035400390625,1.108489990234375,2.05224609375,1.205078125,0.274322509765625,0.250030517578125,0.068695068359375,0.21514892578125,0.18743896484375,1.286346435546875,1.997100830078125,1.326019287109375,0.822998046875,0.281463623046875,0.527435302734375,0.215576171875,0.204681396484375,1.66119384765625,2.399688720703125,1.89764404296875,1.048065185546875,0.361328125,0.1907958984375,0.2977294921875,0.280670166015625
2047.5,0.14434814453125,0.990875244140625,0.526947021484375,0.430206298828125,0.095947265625,0.578277587890625,0.089630126953125,0.07025146484375,0.45782470703125,1.257965087890625,0.4830322265625,0.256561279296875,0.15167236328125,0.282379150390625,0.11907958984375,0.102813720703125,0.862701416015625,1.34503173828125,0.98431396484375,0.138702392578125,0.124664306640625,0.155609130859375,0.148773193359375,0.130035400390625,1.108489990234375,2.05224609375,1.205078125,0.274322509765625,0.250030517578125,0.068695068359375,0.21514892578125,0.18743896484375,1.286346435546875,1.997100830078125,1.326019287109375,0.822998046875,0.281463623046875,0.527435302734375,0.215576171875,0.204681396484375,1.66119384765625,2.399688720703125,1.89764404296875,1.048065185546875,0.361328125,0.1907958984375,0.2977294921875,0.280670166015625
2048.5,0.14434814453125,0.990875244140625,0.526947021484375,0.430206298828125,0.095947265625,0.578277587890625,0.089630126953125,0.07025146484375,0.45782470703125,1.257965087890625,0.4830322265625,0.256561279296875,0.15167236328125,0.282379150390625,0.11907958984375,0.102813720703125,0.862701416015625,1.34503173828125,0.98431396484375,0.138702392578125,0.124664306640625,0.155609130859375,0.148773193359375,0.130035400390625,1.108489990234375,2.05224609375,1.205078125,0.274322509765625,0.250030517578125,0.068695068359375,0.21514892578125,0.18743896484375,1.286346435546875,1.997100830078125,1.326019287109375,0.822998046875,0.281463623046875,0.527435302734375,0.215576171875,0.204681396484375,1.66119384765625,2.399688720703125,1.89764404296875,1.048065185546875,0.361328125,0.1907958984375,0.2977294921875,0.280670166015625
2049.5,0.14434814453125,0.990875244140625,0.526947021484375,0.430206298828125,0.095947265625,0.578277587890625,0.089630126953125,0.07025146484375,0.45782470703125,1.257965087890625,0.4830322265625,0.256561279296875,0.15167236328125,0.282379150390625,0.11907958984375,0.102813720703125,0.862701416015625,1.34503173828125,0.98431396484375,0.138702392578125,0.124664306640625,0.155609130859375,0.148773193359375,0.130035400390625,1.108489990234375,2.05224609375,1.205078125,0.274322509765625,0.250030517578125,0.068695068359375,0.21514892578125,0.18743896484375,1.286346435546875,1.997100830078125,1.326019287109375,0.822998046875,0.281463623046875,0.527435302734375,0.215576171875,0.204681396484375,1.66119384765625,2.399688720703125,1.89764404296875,1.048065185546875,0.361328125,0.1907958984375,0.2977294921875,0.280670166015625
2050.5,0.14434814453125,0.990875244140625,0.526947021484375,0.430206298828125,0.095947265625,0.578277587890625,0.089630126953125,0.07025146484375,0.45782470703125,1.257965087890625,0.4830322265625,0.256561279296875,0.15167236328125,0.282379150390625,0.11907958984375,0.102813720703125,0.862701416015625,1.34503173828125,0.98431396484375,0.138702392578125,0.124664306640625,0.155609130859375,0.148773193359375,0.130035400390625,1.108489990234375,2.05224609375,1.205078125,0.274322509765625,0.250030517578125,0.068695068359375,0.21514892578125,0.18743896484375,1.286346435546875,1.997100830078125,1.326019287109375,0.822998046875,0.281463623046875,0.527435302734375,0.215576171875,0.204681396484375,1.66119384765625,2.399688720703125,1.89764404296875,1.048065185546875,0.361328125,0.1907958984375,0.2977294921875,0.280670166015625
2051.5,0.14434814453125,0.990875244140625,0.526947021484375,0.430206298828125,0.095947265625,0.578277587890625,0.089630126953125,0.07025146484375,0.45782470703125,1.257965087890625,0.4830322265625,0.256561279296875,0.15167236328125,0.282379150390625,0.11907958984375,0.102813720703125,0.862701416015625,1.34503173828125,0.98431396484375,0.138702392578125,0.124664306640625,0.155609130859375,0.148773193359375,0.130035400390625,1.108489990234375,2.05224609375,1.205078125,0.274322509765625,0.250030517578125,0.068695068359375,0.21514892578125,0.18743896484375,1.286346435546875,1.997100830078125,1.326019287109375,0.822998046875,0.281463623046875,0.527435302734375,0.215576171875,0.204681396484375,1.66119384765625,2.399688720703125,1.89764404296875,1.048065185546875,0.361328125,0.1907958984375,0.2977294921875,0.280670166015625
2052.5,0.14434814453125,0.990875244140625,0.526947021484375,0.430206298828125,0.095947265625,0.578277587890625,0.089630126953125,0.07025146484375,0.45782470703125,1.257965087890625,0.4830322265625,0.256561279296875,0.15167236328125,0.282379150390625,0.11907958984375,0.102813720703125,0.862701416015625,1.34503173828125,0.98431396484375,0.138702392578125,0.124664306640625,0.155609130859375,0.148773193359375,0.130035400390625,1.108489990234375,2.05224609375,1.205078125,0.274322509765625,0.250030517578125,0.068695068359375,0.21514892578125,0.18743896484375,1.286346435546875,1.997100830078125,1.326019287109375,0.822998046875,0.281463623046875,0.527435302734375,0.215576171875,0.204681396484375,1.66119384765625,2.399688720703125,1.89764404296875,1.048065185546875,0.361328125,0.1907958984375,0.2977294921875,0.280670166015625
2053.5,0.14434814453125,0.990875244140625,0.526947021484375,0.430206298828125,0.095947265625,0.578277587890625,0.089630126953125,0.07025146484375,0.45782470703125,1.257965087890625,0.4830322265625,0.256561279296875,0.15167236328125,0.282379150390625,0.11907958984375,0.102813720703125,0.862701416015625,1.34503173828125,0.98431396484375,0.138702392578125,0.124664306640625,0.155609130859375,0.148773193359375,0.130035400390625,1.108489990234375,2.05224609375,1.205078125,0.274322509765625,0.250030517578125,0.068695068359375,0.21514892578125,0.18743896484375,1.286346435546875,1.997100830078125,1.326019287109375,0.822998046875,0.281463623046875,0.527435302734375,0.215576171875,0.204681396484375,1.66119384765625,2.399688720703125,1.89764404296875,1.048065185546875,0.361328125,0.1907958984375,0.2977294921875,0.280670166015625
2054.5,0.14434814453125,0.990875244140625,0.526947021484375,0.430206298828125,0.095947265625,0.578277587890625,0.089630126953125,0.07025146484375,0.45782470703125,1.257965087890625,0.4830322265625,0.256561279296875,0.15167236328125,0.282379150390625,0.11907958984375,0.102813720703125,0.862701416015625,1.34503173828125,0.98431396484375,0.138702392578125,0.124664306640625,0.155609130859375,0.148773193359375,0.130035400390625,1.108489990234375,2.05224609375,1.205078125,0.274322509765625,0.250030517578125,0.068695068359375,0.21514892578125,0.18743896484375,1.286346435546875,1.997100830078125,1.326019287109375,0.822998046875,0.281463623046875,0.527435302734375,0.215576171875,0.204681396484375,1.66119384765625,2.399688720703125,1.89764404296875,1.048065185546875,0.361328125,0.1907958984375,0.2977294921875,0.280670166015625
2055.5,0.14434814453125,0.990875244140625,0.526947021484375,0.430206298828125,0.095947265625,0.578277587890625,0.089630126953125,0.07025146484375,0.45782470703125,1.257965087890625,0.4830322265625,0.256561279296875,0.15167236328125,0.282379150390625,0.11907958984375,0.102813720703125,0.862701416015625,1.34503173828125,0.98431396484375,0.138702392578125,0.124664306640625,0.155609130859375,0.148773193359375,0.130035400390625,1.108489990234375,2.05224609375,1.205078125,0.274322509765625,0.250030517578125,0.068695068359375,0.21514892578125,0.18743896484375,1.286346435546875,1.997100830078125,1.326019287109375,0.822998046875,0.281463623046875,0.527435302734375,0.215576171875,0.204681396484375,1.66119384765625,2.399688720703125,1.89764404296875,1.048065185546875,0.361328125,0.1907958984375,0.2977294921875,0.280670166015625
2056.5,0.14434814453125,0.990875244140625,0.526947021484375,0.430206298828125,0.095947265625,0.578277587890625,0.089630126953125,0.07025146484375,0.45782470703125,1.257965087890625,0.4830322265625,0.256561279296875,0.15167236328125,0.282379150390625,0.11907958984375,0.102813720703125,0.862701416015625,1.34503173828125,0.98431396484375,0.138702392578125,0.124664306640625,0.155609130859375,0.148773193359375,0.130035400390625,1.108489990234375,2.05224609375,1.205078125,0.274322509765625,0.250030517578125,0.068695068359375,0.21514892578125,0.18743896484375,1.286346435546875,1.997100830078125,1.326019287109375,0.822998046875,0.281463623046875,0.527435302734375,0.215576171875,0.204681396484375,1.66119384765625,2.399688720703125,1.89764404296875,1.048065185546875,0.361328125,0.1907958984375,0.2977294921875,0.280670166015625
2057.5,0.14434814453125,0.990875244140625,0.526947021484375,0.430206298828125,0.095947265625,0.578277587890625,0.089630126953125,0.07025146484375,0.45782470703125,1.257965087890625,0.4830322265625,0.256561279296875,0.15167236328125,0.282379150390625,0.11907958984375,0.102813720703125,0.862701416015625,1.34503173828125,0.98431396484375,0.138702392578125,0.124664306640625,0.155609130859375,0.148773193359375,0.130035400390625,1.108489990234375,2.05224609375,1.205078125,0.274322509765625,0.250030517578125,0.068695068359375,0.21514892578125,0.18743896484375,1.286346435546875,1.997100830078125,1.326019287109375,0.822998046875,0.281463623046875,0.527435302734375,0.215576171875,0.204681396484375,1.66119384765625,2.399688720703125,1.89764404296875,1.048065185546875,0.361328125,0.1907958984375,0.2977294921875,0.280670166015625
2058.5,0.14434814453125,0.990875244140625,0.526947021484375,0.430206298828125,0.095947265625,0.578277587890625,0.089630126953125,0.07025146484375,0.45782470703125,1.257965087890625,0.4830322265625,0.256561279296875,0.15167236328125,0.282379150390625,0.11907958984375,0.102813720703125,0.862701416015625,1.34503173828125,0.98431396484375,0.138702392578125,0.124664306640625,0.155609130859375,0.148773193359375,0.130035400390625,1.108489990234375,2.05224609375,1.205078125,0.274322509765625,0.250030517578125,0.068695068359375,0.21514892578125,0.18743896484375,1.286346435546875,1.997100830078125,1.326019287109375,0.822998046875,0.281463623046875,0.527435302734375,0.215576171875,0.204681396484375,1.66119384765625,2.399688720703125,1.89764404296875,1.048065185546875,0.361328125,0.1907958984375,0.2977294921875,0.280670166015625
2059.5,0.14434814453125,0.990875244140625,0.526947021484375,0.430206298828125,0.095947265625,0.578277587890625,0.089630126953125,0.07025146484375,0.45782470703125,1.257965087890625,0.4830322265625,0.256561279296875,0.15167236328125,0.282379150390625,0.11907958984375,0.102813720703125,0.862701416015625,1.34503173828125,0.98431396484375,0.138702392578125,0.124664306640625,0.155609130859375,0.148773193359375,0.130035400390625,1.108489990234375,2.05224609375,1.205078125,0.274322509765625,0.250030517578125,0.068695068359375,0.21514892578125,0.18743896484375,1.286346435546875,1.997100830078125,1.326019287109375,0.822998046875,0.281463623046875,0.527435302734375,0.215576171875,0.204681396484375,1.66119384765625,2.399688720703125,1.89764404296875,1.048065185546875,0.361328125,0.1907958984375,0.2977294921875,0.280670166015625
2060.5,0.14434814453125,0.990875244140625,0.526947021484375,0.430206298828125,0.095947265625,0.578277587890625,0.089630126953125,0.07025146484375,0.45782470703125,1.257965087890625,0.4830322265625,0.256561279296875,0.15167236328125,0.282379150390625,0.11907958984375,0.102813720703125,0.862701416015625,1.34503173828125,0.98431396484375,0.138702392578125,0.124664306640625,0.155609130859375,0.148773193359375,0.130035400390625,1.108489990234375,2.05224609375,1.205078125,0.274322509765625,0.250030517578125,0.068695068359375,0.21514892578125,0.18743896484375,1.286346435546875,1.997100830078125,1.326019287109375,0.822998046875,0.281463623046875,0.527435302734375,0.215576171875,0.204681396484375,1.66119384765625,2.399688720703125,1.89764404296875,1.048065185546875,0.361328125,0.1907958984375,0.2977294921875,0.280670166015625
2061.5,0.14434814453125,0.990875244140625,0.526947021484375,0.430206298828125,0.095947265625,0.578277587890625,0.089630126953125,0.07025146484375,0.45782470703125,1.257965087890625,0.4830322265625,0.256561279296875,0.15167236328125,0.282379150390625,0.11907958984375,0.102813720703125,0.862701416015625,1.34503173828125,0.98431396484375,0.138702392578125,0.124664306640625,0.155609130859375,0.148773193359375,0.130035400390625,1.108489990234375,2.05224609375,1.205078125,0.274322509765625,0.250030517578125,0.068695068359375,0.21514892578125,0.18743896484375,1.286346435546875,1.997100830078125,1.326019287109375,0.822998046875,0.281463623046875,0.527435302734375,0.215576171875,0.204681396484375,1.66119384765625,2.399688720703125,1.89764404296875,1.048065185546875,0.361328125,0.1907958984375,0.2977294921875,0.280670166015625
2062.5,0.14434814453125,0.990875244140625,0.526947021484375,0.430206298828125,0.095947265625,0.578277587890625,0.089630126953125,0.07025146484375,0.45782470703125,1.257965087890625,0.4830322265625,0.256561279296875,0.15167236328125,0.282379150390625,0.11907958984375,0.102813720703125,0.862701416015625,1.34503173828125,0.98431396484375,0.138702392578125,0.124664306640625,0.155609130859375,0.148773193359375,0.130035400390625,1.108489990234375,2.05224609375,1.205078125,0.274322509765625,0.250030517578125,0.068695068359375,0.21514892578125,0.18743896484375,1.286346435546875,1.997100830078125,1.326019287109375,0.822998046875,0.281463623046875,0.527435302734375,0.215576171875,0.204681396484375,1.66119384765625,2.399688720703125,1.89764404296875,1.048065185546875,0.361328125,0.1907958984375,0.2977294921875,0.280670166015625
2063.5,0.14434814453125,0.990875244140625,0.526947021484375,0.430206298828125,0.095947265625,0.578277587890625,0.089630126953125,0.07025146484375,0.45782470703125,1.257965087890625,0.4830322265625,0.256561279296875,0.15167236328125,0.282379150390625,0.11907958984375,0.102813720703125,0.862701416015625,1.34503173828125,0.98431396484375,0.138702392578125,0.124664306640625,0.155609130859375,0.148773193359375,0.130035400390625,1.108489990234375,2.05224609375,1.205078125,0.274322509765625,0.250030517578125,0.068695068359375,0.21514892578125,0.18743896484375,1.286346435546875,1.997100830078125,1.326019287109375,0.822998046875,0.281463623046875,0.527435302734375,0.215576171875,0.204681396484375,1.66119384765625,2.399688720703125,1.89764404296875,1.048065185546875,0.361328125,0.1907958984375,0.2977294921875,0.280670166015625
2064.5,0.14434814453125,0.990875244140625,0.526947021484375,0.430206298828125,0.095947265625,0.578277587890625,0.089630126953125,0.07025146484375,0.45782470703125,1.257965087890625,0.4830322265625,0.256561279296875,0.15167236328125,0.282379150390625,0.11907958984375,0.102813720703125,0.862701416015625,1.34503173828125,0.98431396484375,0.138702392578125,0.124664306640625,0.155609130859375,0.148773193359375,0.130035400390625,1.108489990234375,2.05224609375,1.205078125,0.274322509765625,0.250030517578125,0.068695068359375,0.21514892578125,0.18743896484375,1.286346435546875,1.997100830078125,1.326019287109375,0.822998046875,0.281463623046875,0.527435302734375,0.215576171875,0.204681396484375,1.66119384765625,2.399688720703125,1.89764404296875,1.048065185546875,0.361328125,0.1907958984375,0.2977294921875,0.280670166015625
2065.5,0.14434814453125,0.990875244140625,0.526947021484375,0.430206298828125,0.095947265625,0.578277587890625,0.089630126953125,0.07025146484375,0.45782470703125,1.257965087890625,0.4830322265625,0.256561279296875,0.15167236328125,0.282379150390625,0.11907958984375,0.102813720703125,0.862701416015625,1.34503173828125,0.98431396484375,0.138702392578125,0.124664306640625,0.155609130859375,0.148773193359375,0.130035400390625,1.108489990234375,2.05224609375,1.205078125,0.274322509765625,0.250030517578125,0.068695068359375,0.21514892578125,0.18743896484375,1.286346435546875,1.997100830078125,1.326019287109375,0.822998046875,0.281463623046875,0.527435302734375,0.215576171875,0.204681396484375,1.66119384765625,2.399688720703125,1.89764404296875,1.048065185546875,0.361328125,0.1907958984375,0.2977294921875,0.280670166015625
2066.5,0.14434814453125,0.990875244140625,0.526947021484375,0.430206298828125,0.095947265625,0.578277587890625,0.089630126953125,0.07025146484375,0.45782470703125,1.257965087890625,0.4830322265625,0.256561279296875,0.15167236328125,0.282379150390625,0.11907958984375,0.102813720703125,0.862701416015625,1.34503173828125,0.98431396484375,0.138702392578125,0.124664306640625,0.155609130859375,0.148773193359375,0.130035400390625,1.108489990234375,2.05224609375,1.205078125,0.274322509765625,0.250030517578125,0.068695068359375,0.21514892578125,0.18743896484375,1.286346435546875,1.997100830078125,1.326019287109375,0.822998046875,0.281463623046875,0.527435302734375,0.215576171875,0.204681396484375,1.66119384765625,2.399688720703125,1.89764404296875,1.048065185546875,0.361328125,0.1907958984375,0.2977294921875,0.280670166015625
2067.5,0.14434814453125,0.990875244140625,0.526947021484375,0.430206298828125,0.095947265625,0.578277587890625,0.089630126953125,0.07025146484375,0.45782470703125,1.257965087890625,0.4830322265625,0.256561279296875,0.15167236328125,0.282379150390625,0.11907958984375,0.102813720703125,0.862701416015625,1.34503173828125,0.98431396484375,0.138702392578125,0.124664306640625,0.155609130859375,0.148773193359375,0.130035400390625,1.108489990234375,2.05224609375,1.205078125,0.274322509765625,0.250030517578125,0.068695068359375,0.21514892578125,0.18743896484375,1.286346435546875,1.997100830078125,1.326019287109375,0.822998046875,0.281463623046875,0.527435302734375,0.215576171875,0.204681396484375,1.66119384765625,2.399688720703125,1.89764404296875,1.048065185546875,0.361328125,0.1907958984375,0.2977294921875,0.280670166015625
2068.5,0.14434814453125,0.990875244140625,0.526947021484375,0.430206298828125,0.095947265625,0.578277587890625,0.089630126953125,0.07025146484375,0.45782470703125,1.257965087890625,0.4830322265625,0.256561279296875,0.15167236328125,0.282379150390625,0.11907958984375,0.102813720703125,0.862701416015625,1.34503173828125,0.98431396484375,0.138702392578125,0.124664306640625,0.155609130859375,0.148773193359375,0.130035400390625,1.108489990234375,2.05224609375,1.205078125,0.274322509765625,0.250030517578125,0.068695068359375,0.21514892578125,0.18743896484375,1.286346435546875,1.997100830078125,1.326019287109375,0.822998046875,0.281463623046875,0.527435302734375,0.215576171875,0.204681396484375,1.66119384765625,2.399688720703125,1.89764404296875,1.048065185546875,0.361328125,0.1907958984375,0.2977294921875,0.280670166015625
2069.5,0.14434814453125,0.990875244140625,0.526947021484375,0.430206298828125,0.095947265625,0.578277587890625,0.089630126953125,0.07025146484375,0.45782470703125,1.257965087890625,0.4830322265625,0.256561279296875,0.15167236328125,0.282379150390625,0.11907958984375,0.102813720703125,0.862701416015625,1.34503173828125,0.98431396484375,0.138702392578125,0.124664306640625,0.155609130859375,0.148773193359375,0.130035400390625,1.108489990234375,2.05224609375,1.205078125,0.274322509765625,0.250030517578125,0.068695068359375,0.21514892578125,0.18743896484375,1.286346435546875,1.997100830078125,1.326019287109375,0.822998046875,0.281463623046875,0.527435302734375,0.215576171875,0.204681396484375,1.66119384765625,2.399688720703125,1.89764404296875,1.048065185546875,0.361328125,0.1907958984375,0.2977294921875,0.280670166015625
2070.5,0.14434814453125,0.990875244140625,0.526947021484375,0.430206298828125,0.095947265625,0.578277587890625,0.089630126953125,0.07025146484375,0.45782470703125,1.257965087890625,0.4830322265625,0.256561279296875,0.15167236328125,0.282379150390625,0.11907958984375,0.102813720703125,0.862701416015625,1.34503173828125,0.98431396484375,0.138702392578125,0.124664306640625,0.155609130859375,0.148773193359375,0.130035400390625,1.108489990234375,2.05224609375,1.205078125,0.274322509765625,0.250030517578125,0.068695068359375,0.21514892578125,0.18743896484375,1.286346435546875,1.997100830078125,1.326019287109375,0.822998046875,0.281463623046875,0.527435302734375,0.215576171875,0.204681396484375,1.66119384765625,2.399688720703125,1.89764404296875,1.048065185546875,0.361328125,0.1907958984375,0.2977294921875,0.280670166015625
2071.5,0.14434814453125,0.990875244140625,0.526947021484375,0.430206298828125,0.095947265625,0.578277587890625,0.089630126953125,0.07025146484375,0.45782470703125,1.257965087890625,0.4830322265625,0.256561279296875,0.15167236328125,0.282379150390625,0.11907958984375,0.102813720703125,0.862701416015625,1.34503173828125,0.98431396484375,0.138702392578125,0.124664306640625,0.155609130859375,0.148773193359375,0.130035400390625,1.108489990234375,2.05224609375,1.205078125,0.274322509765625,0.250030517578125,0.068695068359375,0.21514892578125,0.18743896484375,1.286346435546875,1.997100830078125,1.326019287109375,0.822998046875,0.281463623046875,0.527435302734375,0.215576171875,0.204681396484375,1.66119384765625,2.399688720703125,1.89764404296875,1.048065185546875,0.361328125,0.1907958984375,0.2977294921875,0.280670166015625
2072.5,0.14434814453125,0.990875244140625,0.526947021484375,0.430206298828125,0.095947265625,0.578277587890625,0.089630126953125,0.07025146484375,0.45782470703125,1.257965087890625,0.4830322265625,0.256561279296875,0.15167236328125,0.282379150390625,0.11907958984375,0.102813720703125,0.862701416015625,1.34503173828125,0.98431396484375,0.138702392578125,0.124664306640625,0.155609130859375,0.148773193359375,0.130035400390625,1.108489990234375,2.05224609375,1.205078125,0.274322509765625,0.250030517578125,0.068695068359375,0.21514892578125,0.18743896484375,1.286346435546875,1.997100830078125,1.326019287109375,0.822998046875,0.281463623046875,0.527435302734375,0.215576171875,0.204681396484375,1.66119384765625,2.399688720703125,1.89764404296875,1.048065185546875,0.361328125,0.1907958984375,0.2977294921875,0.280670166015625
2073.5,0.14434814453125,0.990875244140625,0.526947021484375,0.430206298828125,0.095947265625,0.578277587890625,0.089630126953125,0.07025146484375,0.45782470703125,1.257965087890625,0.4830322265625,0.256561279296875,0.15167236328125,0.282379150390625,0.11907958984375,0.102813720703125,0.862701416015625,1.34503173828125,0.98431396484375,0.138702392578125,0.124664306640625,0.155609130859375,0.148773193359375,0.130035400390625,1.108489990234375,2.05224609375,1.205078125,0.274322509765625,0.250030517578125,0.068695068359375,0.21514892578125,0.18743896484375,1.286346435546875,1.997100830078125,1.326019287109375,0.822998046875,0.281463623046875,0.527435302734375,0.215576171875,0.204681396484375,1.66119384765625,2.399688720703125,1.89764404296875,1.048065185546875,0.361328125,0.1907958984375,0.2977294921875,0.280670166015625
2074.5,0.14434814453125,0.990875244140625,0.526947021484375,0.430206298828125,0.095947265625,0.578277587890625,0.089630126953125,0.07025146484375,0.45782470703125,1.257965087890625,0.4830322265625,0.256561279296875,0.15167236328125,0.282379150390625,0.11907958984375,0.102813720703125,0.862701416015625,1.34503173828125,0.98431396484375,0.138702392578125,0.124664306640625,0.155609130859375,0.148773193359375,0.130035400390625,1.108489990234375,2.05224609375,1.205078125,0.274322509765625,0.250030517578125,0.068695068359375,0.21514892578125,0.18743896484375,1.286346435546875,1.997100830078125,1.326019287109375,0.822998046875,0.281463623046875,0.527435302734375,0.215576171875,0.204681396484375,1.66119384765625,2.399688720703125,1.89764404296875,1.048065185546875,0.361328125,0.1907958984375,0.2977294921875,0.280670166015625
2075.5,0.14434814453125,0.990875244140625,0.526947021484375,0.430206298828125,0.095947265625,0.578277587890625,0.089630126953125,0.07025146484375,0.45782470703125,1.257965087890625,0.4830322265625,0.256561279296875,0.15167236328125,0.282379150390625,0.11907958984375,0.102813720703125,0.862701416015625,1.34503173828125,0.98431396484375,0.138702392578125,0.124664306640625,0.155609130859375,0.148773193359375,0.130035400390625,1.108489990234375,2.05224609375,1.205078125,0.274322509765625,0.250030517578125,0.068695068359375,0.21514892578125,0.18743896484375,1.286346435546875,1.997100830078125,1.326019287109375,0.822998046875,0.281463623046875,0.527435302734375,0.215576171875,0.204681396484375,1.66119384765625,2.399688720703125,1.89764404296875,1.048065185546875,0.361328125,0.1907958984375,0.2977294921875,0.280670166015625
2076.5,0.14434814453125,0.990875244140625,0.526947021484375,0.430206298828125,0.095947265625,0.578277587890625,0.089630126953125,0.07025146484375,0.45782470703125,1.257965087890625,0.4830322265625,0.256561279296875,0.15167236328125,0.282379150390625,0.11907958984375,0.102813720703125,0.862701416015625,1.34503173828125,0.98431396484375,0.138702392578125,0.124664306640625,0.155609130859375,0.148773193359375,0.130035400390625,1.108489990234375,2.05224609375,1.205078125,0.274322509765625,0.250030517578125,0.068695068359375,0.21514892578125,0.18743896484375,1.286346435546875,1.997100830078125,1.326019287109375,0.822998046875,0.281463623046875,0.527435302734375,0.215576171875,0.204681396484375,1.66119384765625,2.399688720703125,1.89764404296875,1.048065185546875,0.361328125,0.1907958984375,0.2977294921875,0.280670166015625
2077.5,0.14434814453125,0.990875244140625,0.526947021484375,0.430206298828125,0.095947265625,0.578277587890625,0.089630126953125,0.07025146484375,0.45782470703125,1.257965087890625,0.4830322265625,0.256561279296875,0.15167236328125,0.282379150390625,0.11907958984375,0.102813720703125,0.862701416015625,1.34503173828125,0.98431396484375,0.138702392578125,0.124664306640625,0.155609130859375,0.148773193359375,0.130035400390625,1.108489990234375,2.05224609375,1.205078125,0.274322509765625,0.250030517578125,0.068695068359375,0.21514892578125,0.18743896484375,1.286346435546875,1.997100830078125,1.326019287109375,0.822998046875,0.281463623046875,0.527435302734375,0.215576171875,0.204681396484375,1.66119384765625,2.399688720703125,1.89764404296875,1.048065185546875,0.361328125,0.1907958984375,0.2977294921875,0.280670166015625
2078.5,0.14434814453125,0.990875244140625,0.526947021484375,0.430206298828125,0.095947265625,0.578277587890625,0.089630126953125,0.07025146484375,0.45782470703125,1.257965087890625,0.4830322265625,0.256561279296875,0.15167236328125,0.282379150390625,0.11907958984375,0.102813720703125,0.862701416015625,1.34503173828125,0.98431396484375,0.138702392578125,0.124664306640625,0.155609130859375,0.148773193359375,0.130035400390625,1.108489990234375,2.05224609375,1.205078125,0.274322509765625,0.250030517578125,0.068695068359375,0.21514892578125,0.18743896484375,1.286346435546875,1.997100830078125,1.326019287109375,0.822998046875,0.281463623046875,0.527435302734375,0.215576171875,0.204681396484375,1.66119384765625,2.399688720703125,1.89764404296875,1.048065185546875,0.361328125,0.1907958984375,0.2977294921875,0.280670166015625
2079.5,0.14434814453125,0.990875244140625,0.526947021484375,0.430206298828125,0.095947265625,0.578277587890625,0.089630126953125,0.07025146484375,0.45782470703125,1.257965087890625,0.4830322265625,0.256561279296875,0.15167236328125,0.282379150390625,0.11907958984375,0.102813720703125,0.862701416015625,1.34503173828125,0.98431396484375,0.138702392578125,0.124664306640625,0.155609130859375,0.148773193359375,0.130035400390625,1.108489990234375,2.05224609375,1.205078125,0.274322509765625,0.250030517578125,0.068695068359375,0.21514892578125,0.18743896484375,1.286346435546875,1.997100830078125,1.326019287109375,0.822998046875,0.281463623046875,0.527435302734375,0.215576171875,0.204681396484375,1.66119384765625,2.399688720703125,1.89764404296875,1.048065185546875,0.361328125,0.1907958984375,0.2977294921875,0.280670166015625
2080.5,0.14434814453125,0.990875244140625,0.526947021484375,0.430206298828125,0.095947265625,0.578277587890625,0.089630126953125,0.07025146484375,0.45782470703125,1.257965087890625,0.4830322265625,0.256561279296875,0.15167236328125,0.282379150390625,0.11907958984375,0.102813720703125,0.862701416015625,1.34503173828125,0.98431396484375,0.138702392578125,0.124664306640625,0.155609130859375,0.148773193359375,0.130035400390625,1.108489990234375,2.05224609375,1.205078125,0.274322509765625,0.250030517578125,0.068695068359375,0.21514892578125,0.18743896484375,1.286346435546875,1.997100830078125,1.326019287109375,0.822998046875,0.281463623046875,0.527435302734375,0.215576171875,0.204681396484375,1.66119384765625,2.399688720703125,1.89764404296875,1.048065185546875,0.361328125,0.1907958984375,0.2977294921875,0.280670166015625
2081.5,0.14434814453125,0.990875244140625,0.526947021484375,0.430206298828125,0.095947265625,0.578277587890625,0.089630126953125,0.07025146484375,0.45782470703125,1.257965087890625,0.4830322265625,0.256561279296875,0.15167236328125,0.282379150390625,0.11907958984375,0.102813720703125,0.862701416015625,1.34503173828125,0.98431396484375,0.138702392578125,0.124664306640625,0.155609130859375,0.148773193359375,0.130035400390625,1.108489990234375,2.05224609375,1.205078125,0.274322509765625,0.250030517578125,0.068695068359375,0.21514892578125,0.18743896484375,1.286346435546875,1.997100830078125,1.326019287109375,0.822998046875,0.281463623046875,0.527435302734375,0.215576171875,0.204681396484375,1.66119384765625,2.399688720703125,1.89764404296875,1.048065185546875,0.361328125,0.1907958984375,0.2977294921875,0.280670166015625
2082.5,0.14434814453125,0.990875244140625,0.526947021484375,0.430206298828125,0.095947265625,0.578277587890625,0.089630126953125,0.07025146484375,0.45782470703125,1.257965087890625,0.4830322265625,0.256561279296875,0.15167236328125,0.282379150390625,0.11907958984375,0.102813720703125,0.862701416015625,1.34503173828125,0.98431396484375,0.138702392578125,0.124664306640625,0.155609130859375,0.148773193359375,0.130035400390625,1.108489990234375,2.05224609375,1.205078125,0.274322509765625,0.250030517578125,0.068695068359375,0.21514892578125,0.18743896484375,1.286346435546875,1.997100830078125,1.326019287109375,0.822998046875,0.281463623046875,0.527435302734375,0.215576171875,0.204681396484375,1.66119384765625,2.399688720703125,1.89764404296875,1.048065185546875,0.361328125,0.1907958984375,0.2977294921875,0.280670166015625
2083.5,0.14434814453125,0.990875244140625,0.526947021484375,0.430206298828125,0.095947265625,0.578277587890625,0.089630126953125,0.07025146484375,0.45782470703125,1.257965087890625,0.4830322265625,0.256561279296875,0.15167236328125,0.282379150390625,0.11907958984375,0.102813720703125,0.862701416015625,1.34503173828125,0.98431396484375,0.138702392578125,0.124664306640625,0.155609130859375,0.148773193359375,0.130035400390625,1.108489990234375,2.05224609375,1.205078125,0.274322509765625,0.250030517578125,0.068695068359375,0.21514892578125,0.18743896484375,1.286346435546875,1.997100830078125,1.326019287109375,0.822998046875,0.281463623046875,0.527435302734375,0.215576171875,0.204681396484375,1.66119384765625,2.399688720703125,1.89764404296875,1.048065185546875,0.361328125,0.1907958984375,0.2977294921875,0.280670166015625
2084.5,0.14434814453125,0.990875244140625,0.526947021484375,0.430206298828125,0.095947265625,0.578277587890625,0.089630126953125,0.07025146484375,0.45782470703125,1.257965087890625,0.4830322265625,0.256561279296875,0.15167236328125,0.282379150390625,0.11907958984375,0.102813720703125,0.862701416015625,1.34503173828125,0.98431396484375,0.138702392578125,0.124664306640625,0.155609130859375,0.148773193359375,0.130035400390625,1.108489990234375,2.05224609375,1.205078125,0.274322509765625,0.250030517578125,0.068695068359375,0.21514892578125,0.18743896484375,1.286346435546875,1.997100830078125,1.326019287109375,0.822998046875,0.281463623046875,0.527435302734375,0.215576171875,0.204681396484375,1.66119384765625,2.399688720703125,1.89764404296875,1.048065185546875,0.361328125,0.1907958984375,0.2977294921875,0.280670166015625
2085.5,0.14434814453125,0.990875244140625,0.526947021484375,0.430206298828125,0.095947265625,0.578277587890625,0.089630126953125,0.07025146484375,0.45782470703125,1.257965087890625,0.4830322265625,0.256561279296875,0.15167236328125,0.282379150390625,0.11907958984375,0.102813720703125,0.862701416015625,1.34503173828125,0.98431396484375,0.138702392578125,0.124664306640625,0.155609130859375,0.148773193359375,0.130035400390625,1.108489990234375,2.05224609375,1.205078125,0.274322509765625,0.250030517578125,0.068695068359375,0.21514892578125,0.18743896484375,1.286346435546875,1.997100830078125,1.326019287109375,0.822998046875,0.281463623046875,0.527435302734375,0.215576171875,0.204681396484375,1.66119384765625,2.399688720703125,1.89764404296875,1.048065185546875,0.361328125,0.1907958984375,0.2977294921875,0.280670166015625
2086.5,0.14434814453125,0.990875244140625,0.526947021484375,0.430206298828125,0.095947265625,0.578277587890625,0.089630126953125,0.07025146484375,0.45782470703125,1.257965087890625,0.4830322265625,0.256561279296875,0.15167236328125,0.282379150390625,0.11907958984375,0.102813720703125,0.862701416015625,1.34503173828125,0.98431396484375,0.138702392578125,0.124664306640625,0.155609130859375,0.148773193359375,0.130035400390625,1.108489990234375,2.05224609375,1.205078125,0.274322509765625,0.250030517578125,0.068695068359375,0.21514892578125,0.18743896484375,1.286346435546875,1.997100830078125,1.326019287109375,0.822998046875,0.281463623046875,0.527435302734375,0.215576171875,0.204681396484375,1.66119384765625,2.399688720703125,1.89764404296875,1.048065185546875,0.361328125,0.1907958984375,0.2977294921875,0.280670166015625
2087.5,0.14434814453125,0.990875244140625,0.526947021484375,0.430206298828125,0.095947265625,0.578277587890625,0.089630126953125,0.07025146484375,0.45782470703125,1.257965087890625,0.4830322265625,0.256561279296875,0.15167236328125,0.282379150390625,0.11907958984375,0.102813720703125,0.862701416015625,1.34503173828125,0.98431396484375,0.138702392578125,0.124664306640625,0.155609130859375,0.148773193359375,0.130035400390625,1.108489990234375,2.05224609375,1.205078125,0.274322509765625,0.250030517578125,0.068695068359375,0.21514892578125,0.18743896484375,1.286346435546875,1.997100830078125,1.326019287109375,0.822998046875,0.281463623046875,0.527435302734375,0.215576171875,0.204681396484375,1.66119384765625,2.399688720703125,1.89764404296875,1.048065185546875,0.361328125,0.1907958984375,0.2977294921875,0.280670166015625
2088.5,0.14434814453125,0.990875244140625,0.526947021484375,0.430206298828125,0.095947265625,0.578277587890625,0.089630126953125,0.07025146484375,0.45782470703125,1.257965087890625,0.4830322265625,0.256561279296875,0.15167236328125,0.282379150390625,0.11907958984375,0.102813720703125,0.862701416015625,1.34503173828125,0.98431396484375,0.138702392578125,0.124664306640625,0.155609130859375,0.148773193359375,0.130035400390625,1.108489990234375,2.05224609375,1.205078125,0.274322509765625,0.250030517578125,0.068695068359375,0.21514892578125,0.18743896484375,1.286346435546875,1.997100830078125,1.326019287109375,0.822998046875,0.281463623046875,0.527435302734375,0.215576171875,0.204681396484375,1.66119384765625,2.399688720703125,1.89764404296875,1.048065185546875,0.361328125,0.1907958984375,0.2977294921875,0.280670166015625
2089.5,0.14434814453125,0.990875244140625,0.526947021484375,0.430206298828125,0.095947265625,0.578277587890625,0.089630126953125,0.07025146484375,0.45782470703125,1.257965087890625,0.4830322265625,0.256561279296875,0.15167236328125,0.282379150390625,0.11907958984375,0.102813720703125,0.862701416015625,1.34503173828125,0.98431396484375,0.138702392578125,0.124664306640625,0.155609130859375,0.148773193359375,0.130035400390625,1.108489990234375,2.05224609375,1.205078125,0.274322509765625,0.250030517578125,0.068695068359375,0.21514892578125,0.18743896484375,1.286346435546875,1.997100830078125,1.326019287109375,0.822998046875,0.281463623046875,0.527435302734375,0.215576171875,0.204681396484375,1.66119384765625,2.399688720703125,1.89764404296875,1.048065185546875,0.361328125,0.1907958984375,0.2977294921875,0.280670166015625
2090.5,0.14434814453125,0.990875244140625,0.526947021484375,0.430206298828125,0.095947265625,0.578277587890625,0.089630126953125,0.07025146484375,0.45782470703125,1.257965087890625,0.4830322265625,0.256561279296875,0.15167236328125,0.282379150390625,0.11907958984375,0.102813720703125,0.862701416015625,1.34503173828125,0.98431396484375,0.138702392578125,0.124664306640625,0.155609130859375,0.148773193359375,0.130035400390625,1.108489990234375,2.05224609375,1.205078125,0.274322509765625,0.250030517578125,0.068695068359375,0.21514892578125,0.18743896484375,1.286346435546875,1.997100830078125,1.326019287109375,0.822998046875,0.281463623046875,0.527435302734375,0.215576171875,0.204681396484375,1.66119384765625,2.399688720703125,1.89764404296875,1.048065185546875,0.361328125,0.1907958984375,0.2977294921875,0.280670166015625
2091.5,0.14434814453125,0.990875244140625,0.526947021484375,0.430206298828125,0.095947265625,0.578277587890625,0.089630126953125,0.07025146484375,0.45782470703125,1.257965087890625,0.4830322265625,0.256561279296875,0.15167236328125,0.282379150390625,0.11907958984375,0.102813720703125,0.862701416015625,1.34503173828125,0.98431396484375,0.138702392578125,0.124664306640625,0.155609130859375,0.148773193359375,0.130035400390625,1.108489990234375,2.05224609375,1.205078125,0.274322509765625,0.250030517578125,0.068695068359375,0.21514892578125,0.18743896484375,1.286346435546875,1.997100830078125,1.326019287109375,0.822998046875,0.281463623046875,0.527435302734375,0.215576171875,0.204681396484375,1.66119384765625,2.399688720703125,1.89764404296875,1.048065185546875,0.361328125,0.1907958984375,0.2977294921875,0.280670166015625
2092.5,0.14434814453125,0.990875244140625,0.526947021484375,0.430206298828125,0.095947265625,0.578277587890625,0.089630126953125,0.07025146484375,0.45782470703125,1.257965087890625,0.4830322265625,0.256561279296875,0.15167236328125,0.282379150390625,0.11907958984375,0.102813720703125,0.862701416015625,1.34503173828125,0.98431396484375,0.138702392578125,0.124664306640625,0.155609130859375,0.148773193359375,0.130035400390625,1.108489990234375,2.05224609375,1.205078125,0.274322509765625,0.250030517578125,0.068695068359375,0.21514892578125,0.18743896484375,1.286346435546875,1.997100830078125,1.326019287109375,0.822998046875,0.281463623046875,0.527435302734375,0.215576171875,0.204681396484375,1.66119384765625,2.399688720703125,1.89764404296875,1.048065185546875,0.361328125,0.1907958984375,0.2977294921875,0.280670166015625
2093.5,0.14434814453125,0.990875244140625,0.526947021484375,0.430206298828125,0.095947265625,0.578277587890625,0.089630126953125,0.07025146484375,0.45782470703125,1.257965087890625,0.4830322265625,0.256561279296875,0.15167236328125,0.282379150390625,0.11907958984375,0.102813720703125,0.862701416015625,1.34503173828125,0.98431396484375,0.138702392578125,0.124664306640625,0.155609130859375,0.148773193359375,0.130035400390625,1.108489990234375,2.05224609375,1.205078125,0.274322509765625,0.250030517578125,0.068695068359375,0.21514892578125,0.18743896484375,1.286346435546875,1.997100830078125,1.326019287109375,0.822998046875,0.281463623046875,0.527435302734375,0.215576171875,0.204681396484375,1.66119384765625,2.399688720703125,1.89764404296875,1.048065185546875,0.361328125,0.1907958984375,0.2977294921875,0.280670166015625
2094.5,0.14434814453125,0.990875244140625,0.526947021484375,0.430206298828125,0.095947265625,0.578277587890625,0.089630126953125,0.07025146484375,0.45782470703125,1.257965087890625,0.4830322265625,0.256561279296875,0.15167236328125,0.282379150390625,0.11907958984375,0.102813720703125,0.862701416015625,1.34503173828125,0.98431396484375,0.138702392578125,0.124664306640625,0.155609130859375,0.148773193359375,0.130035400390625,1.108489990234375,2.05224609375,1.205078125,0.274322509765625,0.250030517578125,0.068695068359375,0.21514892578125,0.18743896484375,1.286346435546875,1.997100830078125,1.326019287109375,0.822998046875,0.281463623046875,0.527435302734375,0.215576171875,0.204681396484375,1.66119384765625,2.399688720703125,1.89764404296875,1.048065185546875,0.361328125,0.1907958984375,0.2977294921875,0.280670166015625
2095.5,0.14434814453125,0.990875244140625,0.526947021484375,0.430206298828125,0.095947265625,0.578277587890625,0.089630126953125,0.07025146484375,0.45782470703125,1.257965087890625,0.4830322265625,0.256561279296875,0.15167236328125,0.282379150390625,0.11907958984375,0.102813720703125,0.862701416015625,1.34503173828125,0.98431396484375,0.138702392578125,0.124664306640625,0.155609130859375,0.148773193359375,0.130035400390625,1.108489990234375,2.05224609375,1.205078125,0.274322509765625,0.250030517578125,0.068695068359375,0.21514892578125,0.18743896484375,1.286346435546875,1.997100830078125,1.326019287109375,0.822998046875,0.281463623046875,0.527435302734375,0.215576171875,0.204681396484375,1.66119384765625,2.399688720703125,1.89764404296875,1.048065185546875,0.361328125,0.1907958984375,0.2977294921875,0.280670166015625
2096.5,0.14434814453125,0.990875244140625,0.526947021484375,0.430206298828125,0.095947265625,0.578277587890625,0.089630126953125,0.07025146484375,0.45782470703125,1.257965087890625,0.4830322265625,0.256561279296875,0.15167236328125,0.282379150390625,0.11907958984375,0.102813720703125,0.862701416015625,1.34503173828125,0.98431396484375,0.138702392578125,0.124664306640625,0.155609130859375,0.148773193359375,0.130035400390625,1.108489990234375,2.05224609375,1.205078125,0.274322509765625,0.250030517578125,0.068695068359375,0.21514892578125,0.18743896484375,1.286346435546875,1.997100830078125,1.326019287109375,0.822998046875,0.281463623046875,0.527435302734375,0.215576171875,0.204681396484375,1.66119384765625,2.399688720703125,1.89764404296875,1.048065185546875,0.361328125,0.1907958984375,0.2977294921875,0.280670166015625
2097.5,0.14434814453125,0.990875244140625,0.526947021484375,0.430206298828125,0.095947265625,0.578277587890625,0.089630126953125,0.07025146484375,0.45782470703125,1.257965087890625,0.4830322265625,0.256561279296875,0.15167236328125,0.282379150390625,0.11907958984375,0.102813720703125,0.862701416015625,1.34503173828125,0.98431396484375,0.138702392578125,0.124664306640625,0.155609130859375,0.148773193359375,0.130035400390625,1.108489990234375,2.05224609375,1.205078125,0.274322509765625,0.250030517578125,0.068695068359375,0.21514892578125,0.18743896484375,1.286346435546875,1.997100830078125,1.326019287109375,0.822998046875,0.281463623046875,0.527435302734375,0.215576171875,0.204681396484375,1.66119384765625,2.399688720703125,1.89764404296875,1.048065185546875,0.361328125,0.1907958984375,0.2977294921875,0.280670166015625
2098.5,0.14434814453125,0.990875244140625,0.526947021484375,0.430206298828125,0.095947265625,0.578277587890625,0.089630126953125,0.07025146484375,0.45782470703125,1.257965087890625,0.4830322265625,0.256561279296875,0.15167236328125,0.282379150390625,0.11907958984375,0.102813720703125,0.862701416015625,1.34503173828125,0.98431396484375,0.138702392578125,0.124664306640625,0.155609130859375,0.148773193359375,0.130035400390625,1.108489990234375,2.05224609375,1.205078125,0.274322509765625,0.250030517578125,0.068695068359375,0.21514892578125,0.18743896484375,1.286346435546875,1.997100830078125,1.326019287109375,0.822998046875,0.281463623046875,0.527435302734375,0.215576171875,0.204681396484375,1.66119384765625,2.399688720703125,1.89764404296875,1.048065185546875,0.361328125,0.1907958984375,0.2977294921875,0.280670166015625
2099.5,0.14434814453125,0.990875244140625,0.526947021484375,0.430206298828125,0.095947265625,0.578277587890625,0.089630126953125,0.07025146484375,0.45782470703125,1.257965087890625,0.4830322265625,0.256561279296875,0.15167236328125,0.282379150390625,0.11907958984375,0.102813720703125,0.862701416015625,1.34503173828125,0.98431396484375,0.138702392578125,0.124664306640625,0.155609130859375,0.148773193359375,0.130035400390625,1.108489990234375,2.05224609375,1.205078125,0.274322509765625,0.250030517578125,0.068695068359375,0.21514892578125,0.18743896484375,1.286346435546875,1.997100830078125,1.326019287109375,0.822998046875,0.281463623046875,0.527435302734375,0.215576171875,0.204681396484375,1.66119384765625,2.399688720703125,1.89764404296875,1.048065185546875,0.361328125,0.1907958984375,0.2977294921875,0.280670166015625
2100.5,0.14434814453125,0.990875244140625,0.526947021484375,0.430206298828125,0.095947265625,0.578277587890625,0.089630126953125,0.07025146484375,0.45782470703125,1.257965087890625,0.4830322265625,0.256561279296875,0.15167236328125,0.282379150390625,0.11907958984375,0.102813720703125,0.862701416015625,1.34503173828125,0.98431396484375,0.138702392578125,0.124664306640625,0.155609130859375,0.148773193359375,0.130035400390625,1.108489990234375,2.05224609375,1.205078125,0.274322509765625,0.250030517578125,0.068695068359375,0.21514892578125,0.18743896484375,1.286346435546875,1.997100830078125,1.326019287109375,0.822998046875,0.281463623046875,0.527435302734375,0.215576171875,0.204681396484375,1.66119384765625,2.399688720703125,1.89764404296875,1.048065185546875,0.361328125,0.1907958984375,0.2977294921875,0.280670166015625
2101.5,0.14434814453125,0.990875244140625,0.526947021484375,0.430206298828125,0.095947265625,0.578277587890625,0.089630126953125,0.07025146484375,0.45782470703125,1.257965087890625,0.4830322265625,0.256561279296875,0.15167236328125,0.282379150390625,0.11907958984375,0.102813720703125,0.862701416015625,1.34503173828125,0.98431396484375,0.138702392578125,0.124664306640625,0.155609130859375,0.148773193359375,0.130035400390625,1.108489990234375,2.05224609375,1.205078125,0.274322509765625,0.250030517578125,0.068695068359375,0.21514892578125,0.18743896484375,1.286346435546875,1.997100830078125,1.326019287109375,0.822998046875,0.281463623046875,0.527435302734375,0.215576171875,0.204681396484375,1.66119384765625,2.399688720703125,1.89764404296875,1.048065185546875,0.361328125,0.1907958984375,0.2977294921875,0.280670166015625
2102.5,0.14434814453125,0.990875244140625,0.526947021484375,0.430206298828125,0.095947265625,0.578277587890625,0.089630126953125,0.07025146484375,0.45782470703125,1.257965087890625,0.4830322265625,0.256561279296875,0.15167236328125,0.282379150390625,0.11907958984375,0.102813720703125,0.862701416015625,1.34503173828125,0.98431396484375,0.138702392578125,0.124664306640625,0.155609130859375,0.148773193359375,0.130035400390625,1.108489990234375,2.05224609375,1.205078125,0.274322509765625,0.250030517578125,0.068695068359375,0.21514892578125,0.18743896484375,1.286346435546875,1.997100830078125,1.326019287109375,0.822998046875,0.281463623046875,0.527435302734375,0.215576171875,0.204681396484375,1.66119384765625,2.399688720703125,1.89764404296875,1.048065185546875,0.361328125,0.1907958984375,0.2977294921875,0.280670166015625
2103.5,0.14434814453125,0.990875244140625,0.526947021484375,0.430206298828125,0.095947265625,0.578277587890625,0.089630126953125,0.07025146484375,0.45782470703125,1.257965087890625,0.4830322265625,0.256561279296875,0.15167236328125,0.282379150390625,0.11907958984375,0.102813720703125,0.862701416015625,1.34503173828125,0.98431396484375,0.138702392578125,0.124664306640625,0.155609130859375,0.148773193359375,0.130035400390625,1.108489990234375,2.05224609375,1.205078125,0.274322509765625,0.250030517578125,0.068695068359375,0.21514892578125,0.18743896484375,1.286346435546875,1.997100830078125,1.326019287109375,0.822998046875,0.281463623046875,0.527435302734375,0.215576171875,0.204681396484375,1.66119384765625,2.399688720703125,1.89764404296875,1.048065185546875,0.361328125,0.1907958984375,0.2977294921875,0.280670166015625
2104.5,0.14434814453125,0.990875244140625,0.526947021484375,0.430206298828125,0.095947265625,0.578277587890625,0.089630126953125,0.07025146484375,0.45782470703125,1.257965087890625,0.4830322265625,0.256561279296875,0.15167236328125,0.282379150390625,0.11907958984375,0.102813720703125,0.862701416015625,1.34503173828125,0.98431396484375,0.138702392578125,0.124664306640625,0.155609130859375,0.148773193359375,0.130035400390625,1.108489990234375,2.05224609375,1.205078125,0.274322509765625,0.250030517578125,0.068695068359375,0.21514892578125,0.18743896484375,1.286346435546875,1.997100830078125,1.326019287109375,0.822998046875,0.281463623046875,0.527435302734375,0.215576171875,0.204681396484375,1.66119384765625,2.399688720703125,1.89764404296875,1.048065185546875,0.361328125,0.1907958984375,0.2977294921875,0.280670166015625
2105.5,0.14434814453125,0.990875244140625,0.526947021484375,0.430206298828125,0.095947265625,0.578277587890625,0.089630126953125,0.07025146484375,0.45782470703125,1.257965087890625,0.4830322265625,0.256561279296875,0.15167236328125,0.282379150390625,0.11907958984375,0.102813720703125,0.862701416015625,1.34503173828125,0.98431396484375,0.138702392578125,0.124664306640625,0.155609130859375,0.148773193359375,0.130035400390625,1.108489990234375,2.05224609375,1.205078125,0.274322509765625,0.250030517578125,0.068695068359375,0.21514892578125,0.18743896484375,1.286346435546875,1.997100830078125,1.326019287109375,0.822998046875,0.281463623046875,0.527435302734375,0.215576171875,0.204681396484375,1.66119384765625,2.399688720703125,1.89764404296875,1.048065185546875,0.361328125,0.1907958984375,0.2977294921875,0.280670166015625
2106.5,0.14434814453125,0.990875244140625,0.526947021484375,0.430206298828125,0.095947265625,0.578277587890625,0.089630126953125,0.07025146484375,0.45782470703125,1.257965087890625,0.4830322265625,0.256561279296875,0.15167236328125,0.282379150390625,0.11907958984375,0.102813720703125,0.862701416015625,1.34503173828125,0.98431396484375,0.138702392578125,0.124664306640625,0.155609130859375,0.148773193359375,0.130035400390625,1.108489990234375,2.05224609375,1.205078125,0.274322509765625,0.250030517578125,0.068695068359375,0.21514892578125,0.18743896484375,1.286346435546875,1.997100830078125,1.326019287109375,0.822998046875,0.281463623046875,0.527435302734375,0.215576171875,0.204681396484375,1.66119384765625,2.399688720703125,1.89764404296875,1.048065185546875,0.361328125,0.1907958984375,0.2977294921875,0.280670166015625
2107.5,0.14434814453125,0.990875244140625,0.526947021484375,0.430206298828125,0.095947265625,0.578277587890625,0.089630126953125,0.07025146484375,0.45782470703125,1.257965087890625,0.4830322265625,0.256561279296875,0.15167236328125,0.282379150390625,0.11907958984375,0.102813720703125,0.862701416015625,1.34503173828125,0.98431396484375,0.138702392578125,0.124664306640625,0.155609130859375,0.148773193359375,0.130035400390625,1.108489990234375,2.05224609375,1.205078125,0.274322509765625,0.250030517578125,0.068695068359375,0.21514892578125,0.18743896484375,1.286346435546875,1.997100830078125,1.326019287109375,0.822998046875,0.281463623046875,0.527435302734375,0.215576171875,0.204681396484375,1.66119384765625,2.399688720703125,1.89764404296875,1.048065185546875,0.361328125,0.1907958984375,0.2977294921875,0.280670166015625
2108.5,0.14434814453125,0.990875244140625,0.526947021484375,0.430206298828125,0.095947265625,0.578277587890625,0.089630126953125,0.07025146484375,0.45782470703125,1.257965087890625,0.4830322265625,0.256561279296875,0.15167236328125,0.282379150390625,0.11907958984375,0.102813720703125,0.862701416015625,1.34503173828125,0.98431396484375,0.138702392578125,0.124664306640625,0.155609130859375,0.148773193359375,0.130035400390625,1.108489990234375,2.05224609375,1.205078125,0.274322509765625,0.250030517578125,0.068695068359375,0.21514892578125,0.18743896484375,1.286346435546875,1.997100830078125,1.326019287109375,0.822998046875,0.281463623046875,0.527435302734375,0.215576171875,0.204681396484375,1.66119384765625,2.399688720703125,1.89764404296875,1.048065185546875,0.361328125,0.1907958984375,0.2977294921875,0.280670166015625
2109.5,0.14434814453125,0.990875244140625,0.526947021484375,0.430206298828125,0.095947265625,0.578277587890625,0.089630126953125,0.07025146484375,0.45782470703125,1.257965087890625,0.4830322265625,0.256561279296875,0.15167236328125,0.282379150390625,0.11907958984375,0.102813720703125,0.862701416015625,1.34503173828125,0.98431396484375,0.138702392578125,0.124664306640625,0.155609130859375,0.148773193359375,0.130035400390625,1.108489990234375,2.05224609375,1.205078125,0.274322509765625,0.250030517578125,0.068695068359375,0.21514892578125,0.18743896484375,1.286346435546875,1.997100830078125,1.326019287109375,0.822998046875,0.281463623046875,0.527435302734375,0.215576171875,0.204681396484375,1.66119384765625,2.399688720703125,1.89764404296875,1.048065185546875,0.361328125,0.1907958984375,0.2977294921875,0.280670166015625
2110.5,0.14434814453125,0.990875244140625,0.526947021484375,0.430206298828125,0.095947265625,0.578277587890625,0.089630126953125,0.07025146484375,0.45782470703125,1.257965087890625,0.4830322265625,0.256561279296875,0.15167236328125,0.282379150390625,0.11907958984375,0.102813720703125,0.862701416015625,1.34503173828125,0.98431396484375,0.138702392578125,0.124664306640625,0.155609130859375,0.148773193359375,0.130035400390625,1.108489990234375,2.05224609375,1.205078125,0.274322509765625,0.250030517578125,0.068695068359375,0.21514892578125,0.18743896484375,1.286346435546875,1.997100830078125,1.326019287109375,0.822998046875,0.281463623046875,0.527435302734375,0.215576171875,0.204681396484375,1.66119384765625,2.399688720703125,1.89764404296875,1.048065185546875,0.361328125,0.1907958984375,0.2977294921875,0.280670166015625
2111.5,0.14434814453125,0.990875244140625,0.526947021484375,0.430206298828125,0.095947265625,0.578277587890625,0.089630126953125,0.07025146484375,0.45782470703125,1.257965087890625,0.4830322265625,0.256561279296875,0.15167236328125,0.282379150390625,0.11907958984375,0.102813720703125,0.862701416015625,1.34503173828125,0.98431396484375,0.138702392578125,0.124664306640625,0.155609130859375,0.148773193359375,0.130035400390625,1.108489990234375,2.05224609375,1.205078125,0.274322509765625,0.250030517578125,0.068695068359375,0.21514892578125,0.18743896484375,1.286346435546875,1.997100830078125,1.326019287109375,0.822998046875,0.281463623046875,0.527435302734375,0.215576171875,0.204681396484375,1.66119384765625,2.399688720703125,1.89764404296875,1.048065185546875,0.361328125,0.1907958984375,0.2977294921875,0.280670166015625
2112.5,0.14434814453125,0.990875244140625,0.526947021484375,0.430206298828125,0.095947265625,0.578277587890625,0.089630126953125,0.07025146484375,0.45782470703125,1.257965087890625,0.4830322265625,0.256561279296875,0.15167236328125,0.282379150390625,0.11907958984375,0.102813720703125,0.862701416015625,1.34503173828125,0.98431396484375,0.138702392578125,0.124664306640625,0.155609130859375,0.148773193359375,0.130035400390625,1.108489990234375,2.05224609375,1.205078125,0.274322509765625,0.250030517578125,0.068695068359375,0.21514892578125,0.18743896484375,1.286346435546875,1.997100830078125,1.326019287109375,0.822998046875,0.281463623046875,0.527435302734375,0.215576171875,0.204681396484375,1.66119384765625,2.399688720703125,1.89764404296875,1.048065185546875,0.361328125,0.1907958984375,0.2977294921875,0.280670166015625
2113.5,0.14434814453125,0.990875244140625,0.526947021484375,0.430206298828125,0.095947265625,0.578277587890625,0.089630126953125,0.07025146484375,0.45782470703125,1.257965087890625,0.4830322265625,0.256561279296875,0.15167236328125,0.282379150390625,0.11907958984375,0.102813720703125,0.862701416015625,1.34503173828125,0.98431396484375,0.138702392578125,0.124664306640625,0.155609130859375,0.148773193359375,0.130035400390625,1.108489990234375,2.05224609375,1.205078125,0.274322509765625,0.250030517578125,0.068695068359375,0.21514892578125,0.18743896484375,1.286346435546875,1.997100830078125,1.326019287109375,0.822998046875,0.281463623046875,0.527435302734375,0.215576171875,0.204681396484375,1.66119384765625,2.399688720703125,1.89764404296875,1.048065185546875,0.361328125,0.1907958984375,0.2977294921875,0.280670166015625
2114.5,0.14434814453125,0.990875244140625,0.526947021484375,0.430206298828125,0.095947265625,0.578277587890625,0.089630126953125,0.07025146484375,0.45782470703125,1.257965087890625,0.4830322265625,0.256561279296875,0.15167236328125,0.282379150390625,0.11907958984375,0.102813720703125,0.862701416015625,1.34503173828125,0.98431396484375,0.138702392578125,0.124664306640625,0.155609130859375,0.148773193359375,0.130035400390625,1.108489990234375,2.05224609375,1.205078125,0.274322509765625,0.250030517578125,0.068695068359375,0.21514892578125,0.18743896484375,1.286346435546875,1.997100830078125,1.326019287109375,0.822998046875,0.281463623046875,0.527435302734375,0.215576171875,0.204681396484375,1.66119384765625,2.399688720703125,1.89764404296875,1.048065185546875,0.361328125,0.1907958984375,0.2977294921875,0.280670166015625
2115.5,0.14434814453125,0.990875244140625,0.526947021484375,0.430206298828125,0.095947265625,0.578277587890625,0.089630126953125,0.07025146484375,0.45782470703125,1.257965087890625,0.4830322265625,0.256561279296875,0.15167236328125,0.282379150390625,0.11907958984375,0.102813720703125,0.862701416015625,1.34503173828125,0.98431396484375,0.138702392578125,0.124664306640625,0.155609130859375,0.148773193359375,0.130035400390625,1.108489990234375,2.05224609375,1.205078125,0.274322509765625,0.250030517578125,0.068695068359375,0.21514892578125,0.18743896484375,1.286346435546875,1.997100830078125,1.326019287109375,0.822998046875,0.281463623046875,0.527435302734375,0.215576171875,0.204681396484375,1.66119384765625,2.399688720703125,1.89764404296875,1.048065185546875,0.361328125,0.1907958984375,0.2977294921875,0.280670166015625
2116.5,0.14434814453125,0.990875244140625,0.526947021484375,0.430206298828125,0.095947265625,0.578277587890625,0.089630126953125,0.07025146484375,0.45782470703125,1.257965087890625,0.4830322265625,0.256561279296875,0.15167236328125,0.282379150390625,0.11907958984375,0.102813720703125,0.862701416015625,1.34503173828125,0.98431396484375,0.138702392578125,0.124664306640625,0.155609130859375,0.148773193359375,0.130035400390625,1.108489990234375,2.05224609375,1.205078125,0.274322509765625,0.250030517578125,0.068695068359375,0.21514892578125,0.18743896484375,1.286346435546875,1.997100830078125,1.326019287109375,0.822998046875,0.281463623046875,0.527435302734375,0.215576171875,0.204681396484375,1.66119384765625,2.399688720703125,1.89764404296875,1.048065185546875,0.361328125,0.1907958984375,0.2977294921875,0.280670166015625
2117.5,0.14434814453125,0.990875244140625,0.526947021484375,0.430206298828125,0.095947265625,0.578277587890625,0.089630126953125,0.07025146484375,0.45782470703125,1.257965087890625,0.4830322265625,0.256561279296875,0.15167236328125,0.282379150390625,0.11907958984375,0.102813720703125,0.862701416015625,1.34503173828125,0.98431396484375,0.138702392578125,0.124664306640625,0.155609130859375,0.148773193359375,0.130035400390625,1.108489990234375,2.05224609375,1.205078125,0.274322509765625,0.250030517578125,0.068695068359375,0.21514892578125,0.18743896484375,1.286346435546875,1.997100830078125,1.326019287109375,0.822998046875,0.281463623046875,0.527435302734375,0.215576171875,0.204681396484375,1.66119384765625,2.399688720703125,1.89764404296875,1.048065185546875,0.361328125,0.1907958984375,0.2977294921875,0.280670166015625
2118.5,0.14434814453125,0.990875244140625,0.526947021484375,0.430206298828125,0.095947265625,0.578277587890625,0.089630126953125,0.07025146484375,0.45782470703125,1.257965087890625,0.4830322265625,0.256561279296875,0.15167236328125,0.282379150390625,0.11907958984375,0.102813720703125,0.862701416015625,1.34503173828125,0.98431396484375,0.138702392578125,0.124664306640625,0.155609130859375,0.148773193359375,0.130035400390625,1.108489990234375,2.05224609375,1.205078125,0.274322509765625,0.250030517578125,0.068695068359375,0.21514892578125,0.18743896484375,1.286346435546875,1.997100830078125,1.326019287109375,0.822998046875,0.281463623046875,0.527435302734375,0.215576171875,0.204681396484375,1.66119384765625,2.399688720703125,1.89764404296875,1.048065185546875,0.361328125,0.1907958984375,0.2977294921875,0.280670166015625
2119.5,0.14434814453125,0.990875244140625,0.526947021484375,0.430206298828125,0.095947265625,0.578277587890625,0.089630126953125,0.07025146484375,0.45782470703125,1.257965087890625,0.4830322265625,0.256561279296875,0.15167236328125,0.282379150390625,0.11907958984375,0.102813720703125,0.862701416015625,1.34503173828125,0.98431396484375,0.138702392578125,0.124664306640625,0.155609130859375,0.148773193359375,0.130035400390625,1.108489990234375,2.05224609375,1.205078125,0.274322509765625,0.250030517578125,0.068695068359375,0.21514892578125,0.18743896484375,1.286346435546875,1.997100830078125,1.326019287109375,0.822998046875,0.281463623046875,0.527435302734375,0.215576171875,0.204681396484375,1.66119384765625,2.399688720703125,1.89764404296875,1.048065185546875,0.361328125,0.1907958984375,0.2977294921875,0.280670166015625
2120.5,0.14434814453125,0.990875244140625,0.526947021484375,0.430206298828125,0.095947265625,0.578277587890625,0.089630126953125,0.07025146484375,0.45782470703125,1.257965087890625,0.4830322265625,0.256561279296875,0.15167236328125,0.282379150390625,0.11907958984375,0.102813720703125,0.862701416015625,1.34503173828125,0.98431396484375,0.138702392578125,0.124664306640625,0.155609130859375,0.148773193359375,0.130035400390625,1.108489990234375,2.05224609375,1.205078125,0.274322509765625,0.250030517578125,0.068695068359375,0.21514892578125,0.18743896484375,1.286346435546875,1.997100830078125,1.326019287109375,0.822998046875,0.281463623046875,0.527435302734375,0.215576171875,0.204681396484375,1.66119384765625,2.399688720703125,1.89764404296875,1.048065185546875,0.361328125,0.1907958984375,0.2977294921875,0.280670166015625
2121.5,0.14434814453125,0.990875244140625,0.526947021484375,0.430206298828125,0.095947265625,0.578277587890625,0.089630126953125,0.07025146484375,0.45782470703125,1.257965087890625,0.4830322265625,0.256561279296875,0.15167236328125,0.282379150390625,0.11907958984375,0.102813720703125,0.862701416015625,1.34503173828125,0.98431396484375,0.138702392578125,0.124664306640625,0.155609130859375,0.148773193359375,0.130035400390625,1.108489990234375,2.05224609375,1.205078125,0.274322509765625,0.250030517578125,0.068695068359375,0.21514892578125,0.18743896484375,1.286346435546875,1.997100830078125,1.326019287109375,0.822998046875,0.281463623046875,0.527435302734375,0.215576171875,0.204681396484375,1.66119384765625,2.399688720703125,1.89764404296875,1.048065185546875,0.361328125,0.1907958984375,0.2977294921875,0.280670166015625
2122.5,0.14434814453125,0.990875244140625,0.526947021484375,0.430206298828125,0.095947265625,0.578277587890625,0.089630126953125,0.07025146484375,0.45782470703125,1.257965087890625,0.4830322265625,0.256561279296875,0.15167236328125,0.282379150390625,0.11907958984375,0.102813720703125,0.862701416015625,1.34503173828125,0.98431396484375,0.138702392578125,0.124664306640625,0.155609130859375,0.148773193359375,0.130035400390625,1.108489990234375,2.05224609375,1.205078125,0.274322509765625,0.250030517578125,0.068695068359375,0.21514892578125,0.18743896484375,1.286346435546875,1.997100830078125,1.326019287109375,0.822998046875,0.281463623046875,0.527435302734375,0.215576171875,0.204681396484375,1.66119384765625,2.399688720703125,1.89764404296875,1.048065185546875,0.361328125,0.1907958984375,0.2977294921875,0.280670166015625
2123.5,0.14434814453125,0.990875244140625,0.526947021484375,0.430206298828125,0.095947265625,0.578277587890625,0.089630126953125,0.07025146484375,0.45782470703125,1.257965087890625,0.4830322265625,0.256561279296875,0.15167236328125,0.282379150390625,0.11907958984375,0.102813720703125,0.862701416015625,1.34503173828125,0.98431396484375,0.138702392578125,0.124664306640625,0.155609130859375,0.148773193359375,0.130035400390625,1.108489990234375,2.05224609375,1.205078125,0.274322509765625,0.250030517578125,0.068695068359375,0.21514892578125,0.18743896484375,1.286346435546875,1.997100830078125,1.326019287109375,0.822998046875,0.281463623046875,0.527435302734375,0.215576171875,0.204681396484375,1.66119384765625,2.399688720703125,1.89764404296875,1.048065185546875,0.361328125,0.1907958984375,0.2977294921875,0.280670166015625
2124.5,0.14434814453125,0.990875244140625,0.526947021484375,0.430206298828125,0.095947265625,0.578277587890625,0.089630126953125,0.07025146484375,0.45782470703125,1.257965087890625,0.4830322265625,0.256561279296875,0.15167236328125,0.282379150390625,0.11907958984375,0.102813720703125,0.862701416015625,1.34503173828125,0.98431396484375,0.138702392578125,0.124664306640625,0.155609130859375,0.148773193359375,0.130035400390625,1.108489990234375,2.05224609375,1.205078125,0.274322509765625,0.250030517578125,0.068695068359375,0.21514892578125,0.18743896484375,1.286346435546875,1.997100830078125,1.326019287109375,0.822998046875,0.281463623046875,0.527435302734375,0.215576171875,0.204681396484375,1.66119384765625,2.399688720703125,1.89764404296875,1.048065185546875,0.361328125,0.1907958984375,0.2977294921875,0.280670166015625
2125.5,0.14434814453125,0.990875244140625,0.526947021484375,0.430206298828125,0.095947265625,0.578277587890625,0.089630126953125,0.07025146484375,0.45782470703125,1.257965087890625,0.4830322265625,0.256561279296875,0.15167236328125,0.282379150390625,0.11907958984375,0.102813720703125,0.862701416015625,1.34503173828125,0.98431396484375,0.138702392578125,0.124664306640625,0.155609130859375,0.148773193359375,0.130035400390625,1.108489990234375,2.05224609375,1.205078125,0.274322509765625,0.250030517578125,0.068695068359375,0.21514892578125,0.18743896484375,1.286346435546875,1.997100830078125,1.326019287109375,0.822998046875,0.281463623046875,0.527435302734375,0.215576171875,0.204681396484375,1.66119384765625,2.399688720703125,1.89764404296875,1.048065185546875,0.361328125,0.1907958984375,0.2977294921875,0.280670166015625
2126.5,0.14434814453125,0.990875244140625,0.526947021484375,0.430206298828125,0.095947265625,0.578277587890625,0.089630126953125,0.07025146484375,0.45782470703125,1.257965087890625,0.4830322265625,0.256561279296875,0.15167236328125,0.282379150390625,0.11907958984375,0.102813720703125,0.862701416015625,1.34503173828125,0.98431396484375,0.138702392578125,0.124664306640625,0.155609130859375,0.148773193359375,0.130035400390625,1.108489990234375,2.05224609375,1.205078125,0.274322509765625,0.250030517578125,0.068695068359375,0.21514892578125,0.18743896484375,1.286346435546875,1.997100830078125,1.326019287109375,0.822998046875,0.281463623046875,0.527435302734375,0.215576171875,0.204681396484375,1.66119384765625,2.399688720703125,1.89764404296875,1.048065185546875,0.361328125,0.1907958984375,0.2977294921875,0.280670166015625
2127.5,0.14434814453125,0.990875244140625,0.526947021484375,0.430206298828125,0.095947265625,0.578277587890625,0.089630126953125,0.07025146484375,0.45782470703125,1.257965087890625,0.4830322265625,0.256561279296875,0.15167236328125,0.282379150390625,0.11907958984375,0.102813720703125,0.862701416015625,1.34503173828125,0.98431396484375,0.138702392578125,0.124664306640625,0.155609130859375,0.148773193359375,0.130035400390625,1.108489990234375,2.05224609375,1.205078125,0.274322509765625,0.250030517578125,0.068695068359375,0.21514892578125,0.18743896484375,1.286346435546875,1.997100830078125,1.326019287109375,0.822998046875,0.281463623046875,0.527435302734375,0.215576171875,0.204681396484375,1.66119384765625,2.399688720703125,1.89764404296875,1.048065185546875,0.361328125,0.1907958984375,0.2977294921875,0.280670166015625
2128.5,0.14434814453125,0.990875244140625,0.526947021484375,0.430206298828125,0.095947265625,0.578277587890625,0.089630126953125,0.07025146484375,0.45782470703125,1.257965087890625,0.4830322265625,0.256561279296875,0.15167236328125,0.282379150390625,0.11907958984375,0.102813720703125,0.862701416015625,1.34503173828125,0.98431396484375,0.138702392578125,0.124664306640625,0.155609130859375,0.148773193359375,0.130035400390625,1.108489990234375,2.05224609375,1.205078125,0.274322509765625,0.250030517578125,0.068695068359375,0.21514892578125,0.18743896484375,1.286346435546875,1.997100830078125,1.326019287109375,0.822998046875,0.281463623046875,0.527435302734375,0.215576171875,0.204681396484375,1.66119384765625,2.399688720703125,1.89764404296875,1.048065185546875,0.361328125,0.1907958984375,0.2977294921875,0.280670166015625
2129.5,0.14434814453125,0.990875244140625,0.526947021484375,0.430206298828125,0.095947265625,0.578277587890625,0.089630126953125,0.07025146484375,0.45782470703125,1.257965087890625,0.4830322265625,0.256561279296875,0.15167236328125,0.282379150390625,0.11907958984375,0.102813720703125,0.862701416015625,1.34503173828125,0.98431396484375,0.138702392578125,0.124664306640625,0.155609130859375,0.148773193359375,0.130035400390625,1.108489990234375,2.05224609375,1.205078125,0.274322509765625,0.250030517578125,0.068695068359375,0.21514892578125,0.18743896484375,1.286346435546875,1.997100830078125,1.326019287109375,0.822998046875,0.281463623046875,0.527435302734375,0.215576171875,0.204681396484375,1.66119384765625,2.399688720703125,1.89764404296875,1.048065185546875,0.361328125,0.1907958984375,0.2977294921875,0.280670166015625
2130.5,0.14434814453125,0.990875244140625,0.526947021484375,0.430206298828125,0.095947265625,0.578277587890625,0.089630126953125,0.07025146484375,0.45782470703125,1.257965087890625,0.4830322265625,0.256561279296875,0.15167236328125,0.282379150390625,0.11907958984375,0.102813720703125,0.862701416015625,1.34503173828125,0.98431396484375,0.138702392578125,0.124664306640625,0.155609130859375,0.148773193359375,0.130035400390625,1.108489990234375,2.05224609375,1.205078125,0.274322509765625,0.250030517578125,0.068695068359375,0.21514892578125,0.18743896484375,1.286346435546875,1.997100830078125,1.326019287109375,0.822998046875,0.281463623046875,0.527435302734375,0.215576171875,0.204681396484375,1.66119384765625,2.399688720703125,1.89764404296875,1.048065185546875,0.361328125,0.1907958984375,0.2977294921875,0.280670166015625
2131.5,0.14434814453125,0.990875244140625,0.526947021484375,0.430206298828125,0.095947265625,0.578277587890625,0.089630126953125,0.07025146484375,0.45782470703125,1.257965087890625,0.4830322265625,0.256561279296875,0.15167236328125,0.282379150390625,0.11907958984375,0.102813720703125,0.862701416015625,1.34503173828125,0.98431396484375,0.138702392578125,0.124664306640625,0.155609130859375,0.148773193359375,0.130035400390625,1.108489990234375,2.05224609375,1.205078125,0.274322509765625,0.250030517578125,0.068695068359375,0.21514892578125,0.18743896484375,1.286346435546875,1.997100830078125,1.326019287109375,0.822998046875,0.281463623046875,0.527435302734375,0.215576171875,0.204681396484375,1.66119384765625,2.399688720703125,1.89764404296875,1.048065185546875,0.361328125,0.1907958984375,0.2977294921875,0.280670166015625
2132.5,0.14434814453125,0.990875244140625,0.526947021484375,0.430206298828125,0.095947265625,0.578277587890625,0.089630126953125,0.07025146484375,0.45782470703125,1.257965087890625,0.4830322265625,0.256561279296875,0.15167236328125,0.282379150390625,0.11907958984375,0.102813720703125,0.862701416015625,1.34503173828125,0.98431396484375,0.138702392578125,0.124664306640625,0.155609130859375,0.148773193359375,0.130035400390625,1.108489990234375,2.05224609375,1.205078125,0.274322509765625,0.250030517578125,0.068695068359375,0.21514892578125,0.18743896484375,1.286346435546875,1.997100830078125,1.326019287109375,0.822998046875,0.281463623046875,0.527435302734375,0.215576171875,0.204681396484375,1.66119384765625,2.399688720703125,1.89764404296875,1.048065185546875,0.361328125,0.1907958984375,0.2977294921875,0.280670166015625
2133.5,0.14434814453125,0.990875244140625,0.526947021484375,0.430206298828125,0.095947265625,0.578277587890625,0.089630126953125,0.07025146484375,0.45782470703125,1.257965087890625,0.4830322265625,0.256561279296875,0.15167236328125,0.282379150390625,0.11907958984375,0.102813720703125,0.862701416015625,1.34503173828125,0.98431396484375,0.138702392578125,0.124664306640625,0.155609130859375,0.148773193359375,0.130035400390625,1.108489990234375,2.05224609375,1.205078125,0.274322509765625,0.250030517578125,0.068695068359375,0.21514892578125,0.18743896484375,1.286346435546875,1.997100830078125,1.326019287109375,0.822998046875,0.281463623046875,0.527435302734375,0.215576171875,0.204681396484375,1.66119384765625,2.399688720703125,1.89764404296875,1.048065185546875,0.361328125,0.1907958984375,0.2977294921875,0.280670166015625
2134.5,0.14434814453125,0.990875244140625,0.526947021484375,0.430206298828125,0.095947265625,0.578277587890625,0.089630126953125,0.07025146484375,0.45782470703125,1.257965087890625,0.4830322265625,0.256561279296875,0.15167236328125,0.282379150390625,0.11907958984375,0.102813720703125,0.862701416015625,1.34503173828125,0.98431396484375,0.138702392578125,0.124664306640625,0.155609130859375,0.148773193359375,0.130035400390625,1.108489990234375,2.05224609375,1.205078125,0.274322509765625,0.250030517578125,0.068695068359375,0.21514892578125,0.18743896484375,1.286346435546875,1.997100830078125,1.326019287109375,0.822998046875,0.281463623046875,0.527435302734375,0.215576171875,0.204681396484375,1.66119384765625,2.399688720703125,1.89764404296875,1.048065185546875,0.361328125,0.1907958984375,0.2977294921875,0.280670166015625
2135.5,0.14434814453125,0.990875244140625,0.526947021484375,0.430206298828125,0.095947265625,0.578277587890625,0.089630126953125,0.07025146484375,0.45782470703125,1.257965087890625,0.4830322265625,0.256561279296875,0.15167236328125,0.282379150390625,0.11907958984375,0.102813720703125,0.862701416015625,1.34503173828125,0.98431396484375,0.138702392578125,0.124664306640625,0.155609130859375,0.148773193359375,0.130035400390625,1.108489990234375,2.05224609375,1.205078125,0.274322509765625,0.250030517578125,0.068695068359375,0.21514892578125,0.18743896484375,1.286346435546875,1.997100830078125,1.326019287109375,0.822998046875,0.281463623046875,0.527435302734375,0.215576171875,0.204681396484375,1.66119384765625,2.399688720703125,1.89764404296875,1.048065185546875,0.361328125,0.1907958984375,0.2977294921875,0.280670166015625
2136.5,0.14434814453125,0.990875244140625,0.526947021484375,0.430206298828125,0.095947265625,0.578277587890625,0.089630126953125,0.07025146484375,0.45782470703125,1.257965087890625,0.4830322265625,0.256561279296875,0.15167236328125,0.282379150390625,0.11907958984375,0.102813720703125,0.862701416015625,1.34503173828125,0.98431396484375,0.138702392578125,0.124664306640625,0.155609130859375,0.148773193359375,0.130035400390625,1.108489990234375,2.05224609375,1.205078125,0.274322509765625,0.250030517578125,0.068695068359375,0.21514892578125,0.18743896484375,1.286346435546875,1.997100830078125,1.326019287109375,0.822998046875,0.281463623046875,0.527435302734375,0.215576171875,0.204681396484375,1.66119384765625,2.399688720703125,1.89764404296875,1.048065185546875,0.361328125,0.1907958984375,0.2977294921875,0.280670166015625
2137.5,0.14434814453125,0.990875244140625,0.526947021484375,0.430206298828125,0.095947265625,0.578277587890625,0.089630126953125,0.07025146484375,0.45782470703125,1.257965087890625,0.4830322265625,0.256561279296875,0.15167236328125,0.282379150390625,0.11907958984375,0.102813720703125,0.862701416015625,1.34503173828125,0.98431396484375,0.138702392578125,0.124664306640625,0.155609130859375,0.148773193359375,0.130035400390625,1.108489990234375,2.05224609375,1.205078125,0.274322509765625,0.250030517578125,0.068695068359375,0.21514892578125,0.18743896484375,1.286346435546875,1.997100830078125,1.326019287109375,0.822998046875,0.281463623046875,0.527435302734375,0.215576171875,0.204681396484375,1.66119384765625,2.399688720703125,1.89764404296875,1.048065185546875,0.361328125,0.1907958984375,0.2977294921875,0.280670166015625
2138.5,0.14434814453125,0.990875244140625,0.526947021484375,0.430206298828125,0.095947265625,0.578277587890625,0.089630126953125,0.07025146484375,0.45782470703125,1.257965087890625,0.4830322265625,0.256561279296875,0.15167236328125,0.282379150390625,0.11907958984375,0.102813720703125,0.862701416015625,1.34503173828125,0.98431396484375,0.138702392578125,0.124664306640625,0.155609130859375,0.148773193359375,0.130035400390625,1.108489990234375,2.05224609375,1.205078125,0.274322509765625,0.250030517578125,0.068695068359375,0.21514892578125,0.18743896484375,1.286346435546875,1.997100830078125,1.326019287109375,0.822998046875,0.281463623046875,0.527435302734375,0.215576171875,0.204681396484375,1.66119384765625,2.399688720703125,1.89764404296875,1.048065185546875,0.361328125,0.1907958984375,0.2977294921875,0.280670166015625
2139.5,0.14434814453125,0.990875244140625,0.526947021484375,0.430206298828125,0.095947265625,0.578277587890625,0.089630126953125,0.07025146484375,0.45782470703125,1.257965087890625,0.4830322265625,0.256561279296875,0.15167236328125,0.282379150390625,0.11907958984375,0.102813720703125,0.862701416015625,1.34503173828125,0.98431396484375,0.138702392578125,0.124664306640625,0.155609130859375,0.148773193359375,0.130035400390625,1.108489990234375,2.05224609375,1.205078125,0.274322509765625,0.250030517578125,0.068695068359375,0.21514892578125,0.18743896484375,1.286346435546875,1.997100830078125,1.326019287109375,0.822998046875,0.281463623046875,0.527435302734375,0.215576171875,0.204681396484375,1.66119384765625,2.399688720703125,1.89764404296875,1.048065185546875,0.361328125,0.1907958984375,0.2977294921875,0.280670166015625
2140.5,0.14434814453125,0.990875244140625,0.526947021484375,0.430206298828125,0.095947265625,0.578277587890625,0.089630126953125,0.07025146484375,0.45782470703125,1.257965087890625,0.4830322265625,0.256561279296875,0.15167236328125,0.282379150390625,0.11907958984375,0.102813720703125,0.862701416015625,1.34503173828125,0.98431396484375,0.138702392578125,0.124664306640625,0.155609130859375,0.148773193359375,0.130035400390625,1.108489990234375,2.05224609375,1.205078125,0.274322509765625,0.250030517578125,0.068695068359375,0.21514892578125,0.18743896484375,1.286346435546875,1.997100830078125,1.326019287109375,0.822998046875,0.281463623046875,0.527435302734375,0.215576171875,0.204681396484375,1.66119384765625,2.399688720703125,1.89764404296875,1.048065185546875,0.361328125,0.1907958984375,0.2977294921875,0.280670166015625
2141.5,0.14434814453125,0.990875244140625,0.526947021484375,0.430206298828125,0.095947265625,0.578277587890625,0.089630126953125,0.07025146484375,0.45782470703125,1.257965087890625,0.4830322265625,0.256561279296875,0.15167236328125,0.282379150390625,0.11907958984375,0.102813720703125,0.862701416015625,1.34503173828125,0.98431396484375,0.138702392578125,0.124664306640625,0.155609130859375,0.148773193359375,0.130035400390625,1.108489990234375,2.05224609375,1.205078125,0.274322509765625,0.250030517578125,0.068695068359375,0.21514892578125,0.18743896484375,1.286346435546875,1.997100830078125,1.326019287109375,0.822998046875,0.281463623046875,0.527435302734375,0.215576171875,0.204681396484375,1.66119384765625,2.399688720703125,1.89764404296875,1.048065185546875,0.361328125,0.1907958984375,0.2977294921875,0.280670166015625
2142.5,0.14434814453125,0.990875244140625,0.526947021484375,0.430206298828125,0.095947265625,0.578277587890625,0.089630126953125,0.07025146484375,0.45782470703125,1.257965087890625,0.4830322265625,0.256561279296875,0.15167236328125,0.282379150390625,0.11907958984375,0.102813720703125,0.862701416015625,1.34503173828125,0.98431396484375,0.138702392578125,0.124664306640625,0.155609130859375,0.148773193359375,0.130035400390625,1.108489990234375,2.05224609375,1.205078125,0.274322509765625,0.250030517578125,0.068695068359375,0.21514892578125,0.18743896484375,1.286346435546875,1.997100830078125,1.326019287109375,0.822998046875,0.281463623046875,0.527435302734375,0.215576171875,0.204681396484375,1.66119384765625,2.399688720703125,1.89764404296875,1.048065185546875,0.361328125,0.1907958984375,0.2977294921875,0.280670166015625
2143.5,0.14434814453125,0.990875244140625,0.526947021484375,0.430206298828125,0.095947265625,0.578277587890625,0.089630126953125,0.07025146484375,0.45782470703125,1.257965087890625,0.4830322265625,0.256561279296875,0.15167236328125,0.282379150390625,0.11907958984375,0.102813720703125,0.862701416015625,1.34503173828125,0.98431396484375,0.138702392578125,0.124664306640625,0.155609130859375,0.148773193359375,0.130035400390625,1.108489990234375,2.05224609375,1.205078125,0.274322509765625,0.250030517578125,0.068695068359375,0.21514892578125,0.18743896484375,1.286346435546875,1.997100830078125,1.326019287109375,0.822998046875,0.281463623046875,0.527435302734375,0.215576171875,0.204681396484375,1.66119384765625,2.399688720703125,1.89764404296875,1.048065185546875,0.361328125,0.1907958984375,0.2977294921875,0.280670166015625
2144.5,0.14434814453125,0.990875244140625,0.526947021484375,0.430206298828125,0.095947265625,0.578277587890625,0.089630126953125,0.07025146484375,0.45782470703125,1.257965087890625,0.4830322265625,0.256561279296875,0.15167236328125,0.282379150390625,0.11907958984375,0.102813720703125,0.862701416015625,1.34503173828125,0.98431396484375,0.138702392578125,0.124664306640625,0.155609130859375,0.148773193359375,0.130035400390625,1.108489990234375,2.05224609375,1.205078125,0.274322509765625,0.250030517578125,0.068695068359375,0.21514892578125,0.18743896484375,1.286346435546875,1.997100830078125,1.326019287109375,0.822998046875,0.281463623046875,0.527435302734375,0.215576171875,0.204681396484375,1.66119384765625,2.399688720703125,1.89764404296875,1.048065185546875,0.361328125,0.1907958984375,0.2977294921875,0.280670166015625
2145.5,0.14434814453125,0.990875244140625,0.526947021484375,0.430206298828125,0.095947265625,0.578277587890625,0.089630126953125,0.07025146484375,0.45782470703125,1.257965087890625,0.4830322265625,0.256561279296875,0.15167236328125,0.282379150390625,0.11907958984375,0.102813720703125,0.862701416015625,1.34503173828125,0.98431396484375,0.138702392578125,0.124664306640625,0.155609130859375,0.148773193359375,0.130035400390625,1.108489990234375,2.05224609375,1.205078125,0.274322509765625,0.250030517578125,0.068695068359375,0.21514892578125,0.18743896484375,1.286346435546875,1.997100830078125,1.326019287109375,0.822998046875,0.281463623046875,0.527435302734375,0.215576171875,0.204681396484375,1.66119384765625,2.399688720703125,1.89764404296875,1.048065185546875,0.361328125,0.1907958984375,0.2977294921875,0.280670166015625
2146.5,0.14434814453125,0.990875244140625,0.526947021484375,0.430206298828125,0.095947265625,0.578277587890625,0.089630126953125,0.07025146484375,0.45782470703125,1.257965087890625,0.4830322265625,0.256561279296875,0.15167236328125,0.282379150390625,0.11907958984375,0.102813720703125,0.862701416015625,1.34503173828125,0.98431396484375,0.138702392578125,0.124664306640625,0.155609130859375,0.148773193359375,0.130035400390625,1.108489990234375,2.05224609375,1.205078125,0.274322509765625,0.250030517578125,0.068695068359375,0.21514892578125,0.18743896484375,1.286346435546875,1.997100830078125,1.326019287109375,0.822998046875,0.281463623046875,0.527435302734375,0.215576171875,0.204681396484375,1.66119384765625,2.399688720703125,1.89764404296875,1.048065185546875,0.361328125,0.1907958984375,0.2977294921875,0.280670166015625
2147.5,0.14434814453125,0.990875244140625,0.526947021484375,0.430206298828125,0.095947265625,0.578277587890625,0.089630126953125,0.07025146484375,0.45782470703125,1.257965087890625,0.4830322265625,0.256561279296875,0.15167236328125,0.282379150390625,0.11907958984375,0.102813720703125,0.862701416015625,1.34503173828125,0.98431396484375,0.138702392578125,0.124664306640625,0.155609130859375,0.148773193359375,0.130035400390625,1.108489990234375,2.05224609375,1.205078125,0.274322509765625,0.250030517578125,0.068695068359375,0.21514892578125,0.18743896484375,1.286346435546875,1.997100830078125,1.326019287109375,0.822998046875,0.281463623046875,0.527435302734375,0.215576171875,0.204681396484375,1.66119384765625,2.399688720703125,1.89764404296875,1.048065185546875,0.361328125,0.1907958984375,0.2977294921875,0.280670166015625
2148.5,0.14434814453125,0.990875244140625,0.526947021484375,0.430206298828125,0.095947265625,0.578277587890625,0.089630126953125,0.07025146484375,0.45782470703125,1.257965087890625,0.4830322265625,0.256561279296875,0.15167236328125,0.282379150390625,0.11907958984375,0.102813720703125,0.862701416015625,1.34503173828125,0.98431396484375,0.138702392578125,0.124664306640625,0.155609130859375,0.148773193359375,0.130035400390625,1.108489990234375,2.05224609375,1.205078125,0.274322509765625,0.250030517578125,0.068695068359375,0.21514892578125,0.18743896484375,1.286346435546875,1.997100830078125,1.326019287109375,0.822998046875,0.281463623046875,0.527435302734375,0.215576171875,0.204681396484375,1.66119384765625,2.399688720703125,1.89764404296875,1.048065185546875,0.361328125,0.1907958984375,0.2977294921875,0.280670166015625
2149.5,0.14434814453125,0.990875244140625,0.526947021484375,0.430206298828125,0.095947265625,0.578277587890625,0.089630126953125,0.07025146484375,0.45782470703125,1.257965087890625,0.4830322265625,0.256561279296875,0.15167236328125,0.282379150390625,0.11907958984375,0.102813720703125,0.862701416015625,1.34503173828125,0.98431396484375,0.138702392578125,0.124664306640625,0.155609130859375,0.148773193359375,0.130035400390625,1.108489990234375,2.05224609375,1.205078125,0.274322509765625,0.250030517578125,0.068695068359375,0.21514892578125,0.18743896484375,1.286346435546875,1.997100830078125,1.326019287109375,0.822998046875,0.281463623046875,0.527435302734375,0.215576171875,0.204681396484375,1.66119384765625,2.399688720703125,1.89764404296875,1.048065185546875,0.361328125,0.1907958984375,0.2977294921875,0.280670166015625
2150.5,0.14434814453125,0.990875244140625,0.526947021484375,0.430206298828125,0.095947265625,0.578277587890625,0.089630126953125,0.07025146484375,0.45782470703125,1.257965087890625,0.4830322265625,0.256561279296875,0.15167236328125,0.282379150390625,0.11907958984375,0.102813720703125,0.862701416015625,1.34503173828125,0.98431396484375,0.138702392578125,0.124664306640625,0.155609130859375,0.148773193359375,0.130035400390625,1.108489990234375,2.05224609375,1.205078125,0.274322509765625,0.250030517578125,0.068695068359375,0.21514892578125,0.18743896484375,1.286346435546875,1.997100830078125,1.326019287109375,0.822998046875,0.281463623046875,0.527435302734375,0.215576171875,0.204681396484375,1.66119384765625,2.399688720703125,1.89764404296875,1.048065185546875,0.361328125,0.1907958984375,0.2977294921875,0.280670166015625
2151.5,0.14434814453125,0.990875244140625,0.526947021484375,0.430206298828125,0.095947265625,0.578277587890625,0.089630126953125,0.07025146484375,0.45782470703125,1.257965087890625,0.4830322265625,0.256561279296875,0.15167236328125,0.282379150390625,0.11907958984375,0.102813720703125,0.862701416015625,1.34503173828125,0.98431396484375,0.138702392578125,0.124664306640625,0.155609130859375,0.148773193359375,0.130035400390625,1.108489990234375,2.05224609375,1.205078125,0.274322509765625,0.250030517578125,0.068695068359375,0.21514892578125,0.18743896484375,1.286346435546875,1.997100830078125,1.326019287109375,0.822998046875,0.281463623046875,0.527435302734375,0.215576171875,0.204681396484375,1.66119384765625,2.399688720703125,1.89764404296875,1.048065185546875,0.361328125,0.1907958984375,0.2977294921875,0.280670166015625
2152.5,0.14434814453125,0.990875244140625,0.526947021484375,0.430206298828125,0.095947265625,0.578277587890625,0.089630126953125,0.07025146484375,0.45782470703125,1.257965087890625,0.4830322265625,0.256561279296875,0.15167236328125,0.282379150390625,0.11907958984375,0.102813720703125,0.862701416015625,1.34503173828125,0.98431396484375,0.138702392578125,0.124664306640625,0.155609130859375,0.148773193359375,0.130035400390625,1.108489990234375,2.05224609375,1.205078125,0.274322509765625,0.250030517578125,0.068695068359375,0.21514892578125,0.18743896484375,1.286346435546875,1.997100830078125,1.326019287109375,0.822998046875,0.281463623046875,0.527435302734375,0.215576171875,0.204681396484375,1.66119384765625,2.399688720703125,1.89764404296875,1.048065185546875,0.361328125,0.1907958984375,0.2977294921875,0.280670166015625
2153.5,0.14434814453125,0.990875244140625,0.526947021484375,0.430206298828125,0.095947265625,0.578277587890625,0.089630126953125,0.07025146484375,0.45782470703125,1.257965087890625,0.4830322265625,0.256561279296875,0.15167236328125,0.282379150390625,0.11907958984375,0.102813720703125,0.862701416015625,1.34503173828125,0.98431396484375,0.138702392578125,0.124664306640625,0.155609130859375,0.148773193359375,0.130035400390625,1.108489990234375,2.05224609375,1.205078125,0.274322509765625,0.250030517578125,0.068695068359375,0.21514892578125,0.18743896484375,1.286346435546875,1.997100830078125,1.326019287109375,0.822998046875,0.281463623046875,0.527435302734375,0.215576171875,0.204681396484375,1.66119384765625,2.399688720703125,1.89764404296875,1.048065185546875,0.361328125,0.1907958984375,0.2977294921875,0.280670166015625
2154.5,0.14434814453125,0.990875244140625,0.526947021484375,0.430206298828125,0.095947265625,0.578277587890625,0.089630126953125,0.07025146484375,0.45782470703125,1.257965087890625,0.4830322265625,0.256561279296875,0.15167236328125,0.282379150390625,0.11907958984375,0.102813720703125,0.862701416015625,1.34503173828125,0.98431396484375,0.138702392578125,0.124664306640625,0.155609130859375,0.148773193359375,0.130035400390625,1.108489990234375,2.05224609375,1.205078125,0.274322509765625,0.250030517578125,0.068695068359375,0.21514892578125,0.18743896484375,1.286346435546875,1.997100830078125,1.326019287109375,0.822998046875,0.281463623046875,0.527435302734375,0.215576171875,0.204681396484375,1.66119384765625,2.399688720703125,1.89764404296875,1.048065185546875,0.361328125,0.1907958984375,0.2977294921875,0.280670166015625
2155.5,0.14434814453125,0.990875244140625,0.526947021484375,0.430206298828125,0.095947265625,0.578277587890625,0.089630126953125,0.07025146484375,0.45782470703125,1.257965087890625,0.4830322265625,0.256561279296875,0.15167236328125,0.282379150390625,0.11907958984375,0.102813720703125,0.862701416015625,1.34503173828125,0.98431396484375,0.138702392578125,0.124664306640625,0.155609130859375,0.148773193359375,0.130035400390625,1.108489990234375,2.05224609375,1.205078125,0.274322509765625,0.250030517578125,0.068695068359375,0.21514892578125,0.18743896484375,1.286346435546875,1.997100830078125,1.326019287109375,0.822998046875,0.281463623046875,0.527435302734375,0.215576171875,0.204681396484375,1.66119384765625,2.399688720703125,1.89764404296875,1.048065185546875,0.361328125,0.1907958984375,0.2977294921875,0.280670166015625
2156.5,0.14434814453125,0.990875244140625,0.526947021484375,0.430206298828125,0.095947265625,0.578277587890625,0.089630126953125,0.07025146484375,0.45782470703125,1.257965087890625,0.4830322265625,0.256561279296875,0.15167236328125,0.282379150390625,0.11907958984375,0.102813720703125,0.862701416015625,1.34503173828125,0.98431396484375,0.138702392578125,0.124664306640625,0.155609130859375,0.148773193359375,0.130035400390625,1.108489990234375,2.05224609375,1.205078125,0.274322509765625,0.250030517578125,0.068695068359375,0.21514892578125,0.18743896484375,1.286346435546875,1.997100830078125,1.326019287109375,0.822998046875,0.281463623046875,0.527435302734375,0.215576171875,0.204681396484375,1.66119384765625,2.399688720703125,1.89764404296875,1.048065185546875,0.361328125,0.1907958984375,0.2977294921875,0.280670166015625
2157.5,0.14434814453125,0.990875244140625,0.526947021484375,0.430206298828125,0.095947265625,0.578277587890625,0.089630126953125,0.07025146484375,0.45782470703125,1.257965087890625,0.4830322265625,0.256561279296875,0.15167236328125,0.282379150390625,0.11907958984375,0.102813720703125,0.862701416015625,1.34503173828125,0.98431396484375,0.138702392578125,0.124664306640625,0.155609130859375,0.148773193359375,0.130035400390625,1.108489990234375,2.05224609375,1.205078125,0.274322509765625,0.250030517578125,0.068695068359375,0.21514892578125,0.18743896484375,1.286346435546875,1.997100830078125,1.326019287109375,0.822998046875,0.281463623046875,0.527435302734375,0.215576171875,0.204681396484375,1.66119384765625,2.399688720703125,1.89764404296875,1.048065185546875,0.361328125,0.1907958984375,0.2977294921875,0.280670166015625
2158.5,0.14434814453125,0.990875244140625,0.526947021484375,0.430206298828125,0.095947265625,0.578277587890625,0.089630126953125,0.07025146484375,0.45782470703125,1.257965087890625,0.4830322265625,0.256561279296875,0.15167236328125,0.282379150390625,0.11907958984375,0.102813720703125,0.862701416015625,1.34503173828125,0.98431396484375,0.138702392578125,0.124664306640625,0.155609130859375,0.148773193359375,0.130035400390625,1.108489990234375,2.05224609375,1.205078125,0.274322509765625,0.250030517578125,0.068695068359375,0.21514892578125,0.18743896484375,1.286346435546875,1.997100830078125,1.326019287109375,0.822998046875,0.281463623046875,0.527435302734375,0.215576171875,0.204681396484375,1.66119384765625,2.399688720703125,1.89764404296875,1.048065185546875,0.361328125,0.1907958984375,0.2977294921875,0.280670166015625
2159.5,0.14434814453125,0.990875244140625,0.526947021484375,0.430206298828125,0.095947265625,0.578277587890625,0.089630126953125,0.07025146484375,0.45782470703125,1.257965087890625,0.4830322265625,0.256561279296875,0.15167236328125,0.282379150390625,0.11907958984375,0.102813720703125,0.862701416015625,1.34503173828125,0.98431396484375,0.138702392578125,0.124664306640625,0.155609130859375,0.148773193359375,0.130035400390625,1.108489990234375,2.05224609375,1.205078125,0.274322509765625,0.250030517578125,0.068695068359375,0.21514892578125,0.18743896484375,1.286346435546875,1.997100830078125,1.326019287109375,0.822998046875,0.281463623046875,0.527435302734375,0.215576171875,0.204681396484375,1.66119384765625,2.399688720703125,1.89764404296875,1.048065185546875,0.361328125,0.1907958984375,0.2977294921875,0.280670166015625
2160.5,0.14434814453125,0.990875244140625,0.526947021484375,0.430206298828125,0.095947265625,0.578277587890625,0.089630126953125,0.07025146484375,0.45782470703125,1.257965087890625,0.4830322265625,0.256561279296875,0.15167236328125,0.282379150390625,0.11907958984375,0.102813720703125,0.862701416015625,1.34503173828125,0.98431396484375,0.138702392578125,0.124664306640625,0.155609130859375,0.148773193359375,0.130035400390625,1.108489990234375,2.05224609375,1.205078125,0.274322509765625,0.250030517578125,0.068695068359375,0.21514892578125,0.18743896484375,1.286346435546875,1.997100830078125,1.326019287109375,0.822998046875,0.281463623046875,0.527435302734375,0.215576171875,0.204681396484375,1.66119384765625,2.399688720703125,1.89764404296875,1.048065185546875,0.361328125,0.1907958984375,0.2977294921875,0.280670166015625
2161.5,0.14434814453125,0.990875244140625,0.526947021484375,0.430206298828125,0.095947265625,0.578277587890625,0.089630126953125,0.07025146484375,0.45782470703125,1.257965087890625,0.4830322265625,0.256561279296875,0.15167236328125,0.282379150390625,0.11907958984375,0.102813720703125,0.862701416015625,1.34503173828125,0.98431396484375,0.138702392578125,0.124664306640625,0.155609130859375,0.148773193359375,0.130035400390625,1.108489990234375,2.05224609375,1.205078125,0.274322509765625,0.250030517578125,0.068695068359375,0.21514892578125,0.18743896484375,1.286346435546875,1.997100830078125,1.326019287109375,0.822998046875,0.281463623046875,0.527435302734375,0.215576171875,0.204681396484375,1.66119384765625,2.399688720703125,1.89764404296875,1.048065185546875,0.361328125,0.1907958984375,0.2977294921875,0.280670166015625
2162.5,0.14434814453125,0.990875244140625,0.526947021484375,0.430206298828125,0.095947265625,0.578277587890625,0.089630126953125,0.07025146484375,0.45782470703125,1.257965087890625,0.4830322265625,0.256561279296875,0.15167236328125,0.282379150390625,0.11907958984375,0.102813720703125,0.862701416015625,1.34503173828125,0.98431396484375,0.138702392578125,0.124664306640625,0.155609130859375,0.148773193359375,0.130035400390625,1.108489990234375,2.05224609375,1.205078125,0.274322509765625,0.250030517578125,0.068695068359375,0.21514892578125,0.18743896484375,1.286346435546875,1.997100830078125,1.326019287109375,0.822998046875,0.281463623046875,0.527435302734375,0.215576171875,0.204681396484375,1.66119384765625,2.399688720703125,1.89764404296875,1.048065185546875,0.361328125,0.1907958984375,0.2977294921875,0.280670166015625
2163.5,0.14434814453125,0.990875244140625,0.526947021484375,0.430206298828125,0.095947265625,0.578277587890625,0.089630126953125,0.07025146484375,0.45782470703125,1.257965087890625,0.4830322265625,0.256561279296875,0.15167236328125,0.282379150390625,0.11907958984375,0.102813720703125,0.862701416015625,1.34503173828125,0.98431396484375,0.138702392578125,0.124664306640625,0.155609130859375,0.148773193359375,0.130035400390625,1.108489990234375,2.05224609375,1.205078125,0.274322509765625,0.250030517578125,0.068695068359375,0.21514892578125,0.18743896484375,1.286346435546875,1.997100830078125,1.326019287109375,0.822998046875,0.281463623046875,0.527435302734375,0.215576171875,0.204681396484375,1.66119384765625,2.399688720703125,1.89764404296875,1.048065185546875,0.361328125,0.1907958984375,0.2977294921875,0.280670166015625
2164.5,0.14434814453125,0.990875244140625,0.526947021484375,0.430206298828125,0.095947265625,0.578277587890625,0.089630126953125,0.07025146484375,0.45782470703125,1.257965087890625,0.4830322265625,0.256561279296875,0.15167236328125,0.282379150390625,0.11907958984375,0.102813720703125,0.862701416015625,1.34503173828125,0.98431396484375,0.138702392578125,0.124664306640625,0.155609130859375,0.148773193359375,0.130035400390625,1.108489990234375,2.05224609375,1.205078125,0.274322509765625,0.250030517578125,0.068695068359375,0.21514892578125,0.18743896484375,1.286346435546875,1.997100830078125,1.326019287109375,0.822998046875,0.281463623046875,0.527435302734375,0.215576171875,0.204681396484375,1.66119384765625,2.399688720703125,1.89764404296875,1.048065185546875,0.361328125,0.1907958984375,0.2977294921875,0.280670166015625
2165.5,0.14434814453125,0.990875244140625,0.526947021484375,0.430206298828125,0.095947265625,0.578277587890625,0.089630126953125,0.07025146484375,0.45782470703125,1.257965087890625,0.4830322265625,0.256561279296875,0.15167236328125,0.282379150390625,0.11907958984375,0.102813720703125,0.862701416015625,1.34503173828125,0.98431396484375,0.138702392578125,0.124664306640625,0.155609130859375,0.148773193359375,0.130035400390625,1.108489990234375,2.05224609375,1.205078125,0.274322509765625,0.250030517578125,0.068695068359375,0.21514892578125,0.18743896484375,1.286346435546875,1.997100830078125,1.326019287109375,0.822998046875,0.281463623046875,0.527435302734375,0.215576171875,0.204681396484375,1.66119384765625,2.399688720703125,1.89764404296875,1.048065185546875,0.361328125,0.1907958984375,0.2977294921875,0.280670166015625
2166.5,0.14434814453125,0.990875244140625,0.526947021484375,0.430206298828125,0.095947265625,0.578277587890625,0.089630126953125,0.07025146484375,0.45782470703125,1.257965087890625,0.4830322265625,0.256561279296875,0.15167236328125,0.282379150390625,0.11907958984375,0.102813720703125,0.862701416015625,1.34503173828125,0.98431396484375,0.138702392578125,0.124664306640625,0.155609130859375,0.148773193359375,0.130035400390625,1.108489990234375,2.05224609375,1.205078125,0.274322509765625,0.250030517578125,0.068695068359375,0.21514892578125,0.18743896484375,1.286346435546875,1.997100830078125,1.326019287109375,0.822998046875,0.281463623046875,0.527435302734375,0.215576171875,0.204681396484375,1.66119384765625,2.399688720703125,1.89764404296875,1.048065185546875,0.361328125,0.1907958984375,0.2977294921875,0.280670166015625
2167.5,0.14434814453125,0.990875244140625,0.526947021484375,0.430206298828125,0.095947265625,0.578277587890625,0.089630126953125,0.07025146484375,0.45782470703125,1.257965087890625,0.4830322265625,0.256561279296875,0.15167236328125,0.282379150390625,0.11907958984375,0.102813720703125,0.862701416015625,1.34503173828125,0.98431396484375,0.138702392578125,0.124664306640625,0.155609130859375,0.148773193359375,0.130035400390625,1.108489990234375,2.05224609375,1.205078125,0.274322509765625,0.250030517578125,0.068695068359375,0.21514892578125,0.18743896484375,1.286346435546875,1.997100830078125,1.326019287109375,0.822998046875,0.281463623046875,0.527435302734375,0.215576171875,0.204681396484375,1.66119384765625,2.399688720703125,1.89764404296875,1.048065185546875,0.361328125,0.1907958984375,0.2977294921875,0.280670166015625
2168.5,0.14434814453125,0.990875244140625,0.526947021484375,0.430206298828125,0.095947265625,0.578277587890625,0.089630126953125,0.07025146484375,0.45782470703125,1.257965087890625,0.4830322265625,0.256561279296875,0.15167236328125,0.282379150390625,0.11907958984375,0.102813720703125,0.862701416015625,1.34503173828125,0.98431396484375,0.138702392578125,0.124664306640625,0.155609130859375,0.148773193359375,0.130035400390625,1.108489990234375,2.05224609375,1.205078125,0.274322509765625,0.250030517578125,0.068695068359375,0.21514892578125,0.18743896484375,1.286346435546875,1.997100830078125,1.326019287109375,0.822998046875,0.281463623046875,0.527435302734375,0.215576171875,0.204681396484375,1.66119384765625,2.399688720703125,1.89764404296875,1.048065185546875,0.361328125,0.1907958984375,0.2977294921875,0.280670166015625
2169.5,0.14434814453125,0.990875244140625,0.526947021484375,0.430206298828125,0.095947265625,0.578277587890625,0.089630126953125,0.07025146484375,0.45782470703125,1.257965087890625,0.4830322265625,0.256561279296875,0.15167236328125,0.282379150390625,0.11907958984375,0.102813720703125,0.862701416015625,1.34503173828125,0.98431396484375,0.138702392578125,0.124664306640625,0.155609130859375,0.148773193359375,0.130035400390625,1.108489990234375,2.05224609375,1.205078125,0.274322509765625,0.250030517578125,0.068695068359375,0.21514892578125,0.18743896484375,1.286346435546875,1.997100830078125,1.326019287109375,0.822998046875,0.281463623046875,0.527435302734375,0.215576171875,0.204681396484375,1.66119384765625,2.399688720703125,1.89764404296875,1.048065185546875,0.361328125,0.1907958984375,0.2977294921875,0.280670166015625
2170.5,0.14434814453125,0.990875244140625,0.526947021484375,0.430206298828125,0.095947265625,0.578277587890625,0.089630126953125,0.07025146484375,0.45782470703125,1.257965087890625,0.4830322265625,0.256561279296875,0.15167236328125,0.282379150390625,0.11907958984375,0.102813720703125,0.862701416015625,1.34503173828125,0.98431396484375,0.138702392578125,0.124664306640625,0.155609130859375,0.148773193359375,0.130035400390625,1.108489990234375,2.05224609375,1.205078125,0.274322509765625,0.250030517578125,0.068695068359375,0.21514892578125,0.18743896484375,1.286346435546875,1.997100830078125,1.326019287109375,0.822998046875,0.281463623046875,0.527435302734375,0.215576171875,0.204681396484375,1.66119384765625,2.399688720703125,1.89764404296875,1.048065185546875,0.361328125,0.1907958984375,0.2977294921875,0.280670166015625
2171.5,0.14434814453125,0.990875244140625,0.526947021484375,0.430206298828125,0.095947265625,0.578277587890625,0.089630126953125,0.07025146484375,0.45782470703125,1.257965087890625,0.4830322265625,0.256561279296875,0.15167236328125,0.282379150390625,0.11907958984375,0.102813720703125,0.862701416015625,1.34503173828125,0.98431396484375,0.138702392578125,0.124664306640625,0.155609130859375,0.148773193359375,0.130035400390625,1.108489990234375,2.05224609375,1.205078125,0.274322509765625,0.250030517578125,0.068695068359375,0.21514892578125,0.18743896484375,1.286346435546875,1.997100830078125,1.326019287109375,0.822998046875,0.281463623046875,0.527435302734375,0.215576171875,0.204681396484375,1.66119384765625,2.399688720703125,1.89764404296875,1.048065185546875,0.361328125,0.1907958984375,0.2977294921875,0.280670166015625
2172.5,0.14434814453125,0.990875244140625,0.526947021484375,0.430206298828125,0.095947265625,0.578277587890625,0.089630126953125,0.07025146484375,0.45782470703125,1.257965087890625,0.4830322265625,0.256561279296875,0.15167236328125,0.282379150390625,0.11907958984375,0.102813720703125,0.862701416015625,1.34503173828125,0.98431396484375,0.138702392578125,0.124664306640625,0.155609130859375,0.148773193359375,0.130035400390625,1.108489990234375,2.05224609375,1.205078125,0.274322509765625,0.250030517578125,0.068695068359375,0.21514892578125,0.18743896484375,1.286346435546875,1.997100830078125,1.326019287109375,0.822998046875,0.281463623046875,0.527435302734375,0.215576171875,0.204681396484375,1.66119384765625,2.399688720703125,1.89764404296875,1.048065185546875,0.361328125,0.1907958984375,0.2977294921875,0.280670166015625
2173.5,0.14434814453125,0.990875244140625,0.526947021484375,0.430206298828125,0.095947265625,0.578277587890625,0.089630126953125,0.07025146484375,0.45782470703125,1.257965087890625,0.4830322265625,0.256561279296875,0.15167236328125,0.282379150390625,0.11907958984375,0.102813720703125,0.862701416015625,1.34503173828125,0.98431396484375,0.138702392578125,0.124664306640625,0.155609130859375,0.148773193359375,0.130035400390625,1.108489990234375,2.05224609375,1.205078125,0.274322509765625,0.250030517578125,0.068695068359375,0.21514892578125,0.18743896484375,1.286346435546875,1.997100830078125,1.326019287109375,0.822998046875,0.281463623046875,0.527435302734375,0.215576171875,0.204681396484375,1.66119384765625,2.399688720703125,1.89764404296875,1.048065185546875,0.361328125,0.1907958984375,0.2977294921875,0.280670166015625
2174.5,0.14434814453125,0.990875244140625,0.526947021484375,0.430206298828125,0.095947265625,0.578277587890625,0.089630126953125,0.07025146484375,0.45782470703125,1.257965087890625,0.4830322265625,0.256561279296875,0.15167236328125,0.282379150390625,0.11907958984375,0.102813720703125,0.862701416015625,1.34503173828125,0.98431396484375,0.138702392578125,0.124664306640625,0.155609130859375,0.148773193359375,0.130035400390625,1.108489990234375,2.05224609375,1.205078125,0.274322509765625,0.250030517578125,0.068695068359375,0.21514892578125,0.18743896484375,1.286346435546875,1.997100830078125,1.326019287109375,0.822998046875,0.281463623046875,0.527435302734375,0.215576171875,0.204681396484375,1.66119384765625,2.399688720703125,1.89764404296875,1.048065185546875,0.361328125,0.1907958984375,0.2977294921875,0.280670166015625
2175.5,0.14434814453125,0.990875244140625,0.526947021484375,0.430206298828125,0.095947265625,0.578277587890625,0.089630126953125,0.07025146484375,0.45782470703125,1.257965087890625,0.4830322265625,0.256561279296875,0.15167236328125,0.282379150390625,0.11907958984375,0.102813720703125,0.862701416015625,1.34503173828125,0.98431396484375,0.138702392578125,0.124664306640625,0.155609130859375,0.148773193359375,0.130035400390625,1.108489990234375,2.05224609375,1.205078125,0.274322509765625,0.250030517578125,0.068695068359375,0.21514892578125,0.18743896484375,1.286346435546875,1.997100830078125,1.326019287109375,0.822998046875,0.281463623046875,0.527435302734375,0.215576171875,0.204681396484375,1.66119384765625,2.399688720703125,1.89764404296875,1.048065185546875,0.361328125,0.1907958984375,0.2977294921875,0.280670166015625
2176.5,0.14434814453125,0.990875244140625,0.526947021484375,0.430206298828125,0.095947265625,0.578277587890625,0.089630126953125,0.07025146484375,0.45782470703125,1.257965087890625,0.4830322265625,0.256561279296875,0.15167236328125,0.282379150390625,0.11907958984375,0.102813720703125,0.862701416015625,1.34503173828125,0.98431396484375,0.138702392578125,0.124664306640625,0.155609130859375,0.148773193359375,0.130035400390625,1.108489990234375,2.05224609375,1.205078125,0.274322509765625,0.250030517578125,0.068695068359375,0.21514892578125,0.18743896484375,1.286346435546875,1.997100830078125,1.326019287109375,0.822998046875,0.281463623046875,0.527435302734375,0.215576171875,0.204681396484375,1.66119384765625,2.399688720703125,1.89764404296875,1.048065185546875,0.361328125,0.1907958984375,0.2977294921875,0.280670166015625
2177.5,0.14434814453125,0.990875244140625,0.526947021484375,0.430206298828125,0.095947265625,0.578277587890625,0.089630126953125,0.07025146484375,0.45782470703125,1.257965087890625,0.4830322265625,0.256561279296875,0.15167236328125,0.282379150390625,0.11907958984375,0.102813720703125,0.862701416015625,1.34503173828125,0.98431396484375,0.138702392578125,0.124664306640625,0.155609130859375,0.148773193359375,0.130035400390625,1.108489990234375,2.05224609375,1.205078125,0.274322509765625,0.250030517578125,0.068695068359375,0.21514892578125,0.18743896484375,1.286346435546875,1.997100830078125,1.326019287109375,0.822998046875,0.281463623046875,0.527435302734375,0.215576171875,0.204681396484375,1.66119384765625,2.399688720703125,1.89764404296875,1.048065185546875,0.361328125,0.1907958984375,0.2977294921875,0.280670166015625
2178.5,0.14434814453125,0.990875244140625,0.526947021484375,0.430206298828125,0.095947265625,0.578277587890625,0.089630126953125,0.07025146484375,0.45782470703125,1.257965087890625,0.4830322265625,0.256561279296875,0.15167236328125,0.282379150390625,0.11907958984375,0.102813720703125,0.862701416015625,1.34503173828125,0.98431396484375,0.138702392578125,0.124664306640625,0.155609130859375,0.148773193359375,0.130035400390625,1.108489990234375,2.05224609375,1.205078125,0.274322509765625,0.250030517578125,0.068695068359375,0.21514892578125,0.18743896484375,1.286346435546875,1.997100830078125,1.326019287109375,0.822998046875,0.281463623046875,0.527435302734375,0.215576171875,0.204681396484375,1.66119384765625,2.399688720703125,1.89764404296875,1.048065185546875,0.361328125,0.1907958984375,0.2977294921875,0.280670166015625
2179.5,0.14434814453125,0.990875244140625,0.526947021484375,0.430206298828125,0.095947265625,0.578277587890625,0.089630126953125,0.07025146484375,0.45782470703125,1.257965087890625,0.4830322265625,0.256561279296875,0.15167236328125,0.282379150390625,0.11907958984375,0.102813720703125,0.862701416015625,1.34503173828125,0.98431396484375,0.138702392578125,0.124664306640625,0.155609130859375,0.148773193359375,0.130035400390625,1.108489990234375,2.05224609375,1.205078125,0.274322509765625,0.250030517578125,0.068695068359375,0.21514892578125,0.18743896484375,1.286346435546875,1.997100830078125,1.326019287109375,0.822998046875,0.281463623046875,0.527435302734375,0.215576171875,0.204681396484375,1.66119384765625,2.399688720703125,1.89764404296875,1.048065185546875,0.361328125,0.1907958984375,0.2977294921875,0.280670166015625
2180.5,0.14434814453125,0.990875244140625,0.526947021484375,0.430206298828125,0.095947265625,0.578277587890625,0.089630126953125,0.07025146484375,0.45782470703125,1.257965087890625,0.4830322265625,0.256561279296875,0.15167236328125,0.282379150390625,0.11907958984375,0.102813720703125,0.862701416015625,1.34503173828125,0.98431396484375,0.138702392578125,0.124664306640625,0.155609130859375,0.148773193359375,0.130035400390625,1.108489990234375,2.05224609375,1.205078125,0.274322509765625,0.250030517578125,0.068695068359375,0.21514892578125,0.18743896484375,1.286346435546875,1.997100830078125,1.326019287109375,0.822998046875,0.281463623046875,0.527435302734375,0.215576171875,0.204681396484375,1.66119384765625,2.399688720703125,1.89764404296875,1.048065185546875,0.361328125,0.1907958984375,0.2977294921875,0.280670166015625
2181.5,0.14434814453125,0.990875244140625,0.526947021484375,0.430206298828125,0.095947265625,0.578277587890625,0.089630126953125,0.07025146484375,0.45782470703125,1.257965087890625,0.4830322265625,0.256561279296875,0.15167236328125,0.282379150390625,0.11907958984375,0.102813720703125,0.862701416015625,1.34503173828125,0.98431396484375,0.138702392578125,0.124664306640625,0.155609130859375,0.148773193359375,0.130035400390625,1.108489990234375,2.05224609375,1.205078125,0.274322509765625,0.250030517578125,0.068695068359375,0.21514892578125,0.18743896484375,1.286346435546875,1.997100830078125,1.326019287109375,0.822998046875,0.281463623046875,0.527435302734375,0.215576171875,0.204681396484375,1.66119384765625,2.399688720703125,1.89764404296875,1.048065185546875,0.361328125,0.1907958984375,0.2977294921875,0.280670166015625
2182.5,0.14434814453125,0.990875244140625,0.526947021484375,0.430206298828125,0.095947265625,0.578277587890625,0.089630126953125,0.07025146484375,0.45782470703125,1.257965087890625,0.4830322265625,0.256561279296875,0.15167236328125,0.282379150390625,0.11907958984375,0.102813720703125,0.862701416015625,1.34503173828125,0.98431396484375,0.138702392578125,0.124664306640625,0.155609130859375,0.148773193359375,0.130035400390625,1.108489990234375,2.05224609375,1.205078125,0.274322509765625,0.250030517578125,0.068695068359375,0.21514892578125,0.18743896484375,1.286346435546875,1.997100830078125,1.326019287109375,0.822998046875,0.281463623046875,0.527435302734375,0.215576171875,0.204681396484375,1.66119384765625,2.399688720703125,1.89764404296875,1.048065185546875,0.361328125,0.1907958984375,0.2977294921875,0.280670166015625
2183.5,0.14434814453125,0.990875244140625,0.526947021484375,0.430206298828125,0.095947265625,0.578277587890625,0.089630126953125,0.07025146484375,0.45782470703125,1.257965087890625,0.4830322265625,0.256561279296875,0.15167236328125,0.282379150390625,0.11907958984375,0.102813720703125,0.862701416015625,1.34503173828125,0.98431396484375,0.138702392578125,0.124664306640625,0.155609130859375,0.148773193359375,0.130035400390625,1.108489990234375,2.05224609375,1.205078125,0.274322509765625,0.250030517578125,0.068695068359375,0.21514892578125,0.18743896484375,1.286346435546875,1.997100830078125,1.326019287109375,0.822998046875,0.281463623046875,0.527435302734375,0.215576171875,0.204681396484375,1.66119384765625,2.399688720703125,1.89764404296875,1.048065185546875,0.361328125,0.1907958984375,0.2977294921875,0.280670166015625
2184.5,0.14434814453125,0.990875244140625,0.526947021484375,0.430206298828125,0.095947265625,0.578277587890625,0.089630126953125,0.07025146484375,0.45782470703125,1.257965087890625,0.4830322265625,0.256561279296875,0.15167236328125,0.282379150390625,0.11907958984375,0.102813720703125,0.862701416015625,1.34503173828125,0.98431396484375,0.138702392578125,0.124664306640625,0.155609130859375,0.148773193359375,0.130035400390625,1.108489990234375,2.05224609375,1.205078125,0.274322509765625,0.250030517578125,0.068695068359375,0.21514892578125,0.18743896484375,1.286346435546875,1.997100830078125,1.326019287109375,0.822998046875,0.281463623046875,0.527435302734375,0.215576171875,0.204681396484375,1.66119384765625,2.399688720703125,1.89764404296875,1.048065185546875,0.361328125,0.1907958984375,0.2977294921875,0.280670166015625
2185.5,0.14434814453125,0.990875244140625,0.526947021484375,0.430206298828125,0.095947265625,0.578277587890625,0.089630126953125,0.07025146484375,0.45782470703125,1.257965087890625,0.4830322265625,0.256561279296875,0.15167236328125,0.282379150390625,0.11907958984375,0.102813720703125,0.862701416015625,1.34503173828125,0.98431396484375,0.138702392578125,0.124664306640625,0.155609130859375,0.148773193359375,0.130035400390625,1.108489990234375,2.05224609375,1.205078125,0.274322509765625,0.250030517578125,0.068695068359375,0.21514892578125,0.18743896484375,1.286346435546875,1.997100830078125,1.326019287109375,0.822998046875,0.281463623046875,0.527435302734375,0.215576171875,0.204681396484375,1.66119384765625,2.399688720703125,1.89764404296875,1.048065185546875,0.361328125,0.1907958984375,0.2977294921875,0.280670166015625
2186.5,0.14434814453125,0.990875244140625,0.526947021484375,0.430206298828125,0.095947265625,0.578277587890625,0.089630126953125,0.07025146484375,0.45782470703125,1.257965087890625,0.4830322265625,0.256561279296875,0.15167236328125,0.282379150390625,0.11907958984375,0.102813720703125,0.862701416015625,1.34503173828125,0.98431396484375,0.138702392578125,0.124664306640625,0.155609130859375,0.148773193359375,0.130035400390625,1.108489990234375,2.05224609375,1.205078125,0.274322509765625,0.250030517578125,0.068695068359375,0.21514892578125,0.18743896484375,1.286346435546875,1.997100830078125,1.326019287109375,0.822998046875,0.281463623046875,0.527435302734375,0.215576171875,0.204681396484375,1.66119384765625,2.399688720703125,1.89764404296875,1.048065185546875,0.361328125,0.1907958984375,0.2977294921875,0.280670166015625
2187.5,0.14434814453125,0.990875244140625,0.526947021484375,0.430206298828125,0.095947265625,0.578277587890625,0.089630126953125,0.07025146484375,0.45782470703125,1.257965087890625,0.4830322265625,0.256561279296875,0.15167236328125,0.282379150390625,0.11907958984375,0.102813720703125,0.862701416015625,1.34503173828125,0.98431396484375,0.138702392578125,0.124664306640625,0.155609130859375,0.148773193359375,0.130035400390625,1.108489990234375,2.05224609375,1.205078125,0.274322509765625,0.250030517578125,0.068695068359375,0.21514892578125,0.18743896484375,1.286346435546875,1.997100830078125,1.326019287109375,0.822998046875,0.281463623046875,0.527435302734375,0.215576171875,0.204681396484375,1.66119384765625,2.399688720703125,1.89764404296875,1.048065185546875,0.361328125,0.1907958984375,0.2977294921875,0.280670166015625
2188.5,0.14434814453125,0.990875244140625,0.526947021484375,0.430206298828125,0.095947265625,0.578277587890625,0.089630126953125,0.07025146484375,0.45782470703125,1.257965087890625,0.4830322265625,0.256561279296875,0.15167236328125,0.282379150390625,0.11907958984375,0.102813720703125,0.862701416015625,1.34503173828125,0.98431396484375,0.138702392578125,0.124664306640625,0.155609130859375,0.148773193359375,0.130035400390625,1.108489990234375,2.05224609375,1.205078125,0.274322509765625,0.250030517578125,0.068695068359375,0.21514892578125,0.18743896484375,1.286346435546875,1.997100830078125,1.326019287109375,0.822998046875,0.281463623046875,0.527435302734375,0.215576171875,0.204681396484375,1.66119384765625,2.399688720703125,1.89764404296875,1.048065185546875,0.361328125,0.1907958984375,0.2977294921875,0.280670166015625
2189.5,0.14434814453125,0.990875244140625,0.526947021484375,0.430206298828125,0.095947265625,0.578277587890625,0.089630126953125,0.07025146484375,0.45782470703125,1.257965087890625,0.4830322265625,0.256561279296875,0.15167236328125,0.282379150390625,0.11907958984375,0.102813720703125,0.862701416015625,1.34503173828125,0.98431396484375,0.138702392578125,0.124664306640625,0.155609130859375,0.148773193359375,0.130035400390625,1.108489990234375,2.05224609375,1.205078125,0.274322509765625,0.250030517578125,0.068695068359375,0.21514892578125,0.18743896484375,1.286346435546875,1.997100830078125,1.326019287109375,0.822998046875,0.281463623046875,0.527435302734375,0.215576171875,0.204681396484375,1.66119384765625,2.399688720703125,1.89764404296875,1.048065185546875,0.361328125,0.1907958984375,0.2977294921875,0.280670166015625
2190.5,0.14434814453125,0.990875244140625,0.526947021484375,0.430206298828125,0.095947265625,0.578277587890625,0.089630126953125,0.07025146484375,0.45782470703125,1.257965087890625,0.4830322265625,0.256561279296875,0.15167236328125,0.282379150390625,0.11907958984375,0.102813720703125,0.862701416015625,1.34503173828125,0.98431396484375,0.138702392578125,0.124664306640625,0.155609130859375,0.148773193359375,0.130035400390625,1.108489990234375,2.05224609375,1.205078125,0.274322509765625,0.250030517578125,0.068695068359375,0.21514892578125,0.18743896484375,1.286346435546875,1.997100830078125,1.326019287109375,0.822998046875,0.281463623046875,0.527435302734375,0.215576171875,0.204681396484375,1.66119384765625,2.399688720703125,1.89764404296875,1.048065185546875,0.361328125,0.1907958984375,0.2977294921875,0.280670166015625
2191.5,0.14434814453125,0.990875244140625,0.526947021484375,0.430206298828125,0.095947265625,0.578277587890625,0.089630126953125,0.07025146484375,0.45782470703125,1.257965087890625,0.4830322265625,0.256561279296875,0.15167236328125,0.282379150390625,0.11907958984375,0.102813720703125,0.862701416015625,1.34503173828125,0.98431396484375,0.138702392578125,0.124664306640625,0.155609130859375,0.148773193359375,0.130035400390625,1.108489990234375,2.05224609375,1.205078125,0.274322509765625,0.250030517578125,0.068695068359375,0.21514892578125,0.18743896484375,1.286346435546875,1.997100830078125,1.326019287109375,0.822998046875,0.281463623046875,0.527435302734375,0.215576171875,0.204681396484375,1.66119384765625,2.399688720703125,1.89764404296875,1.048065185546875,0.361328125,0.1907958984375,0.2977294921875,0.280670166015625
2192.5,0.14434814453125,0.990875244140625,0.526947021484375,0.430206298828125,0.095947265625,0.578277587890625,0.089630126953125,0.07025146484375,0.45782470703125,1.257965087890625,0.4830322265625,0.256561279296875,0.15167236328125,0.282379150390625,0.11907958984375,0.102813720703125,0.862701416015625,1.34503173828125,0.98431396484375,0.138702392578125,0.124664306640625,0.155609130859375,0.148773193359375,0.130035400390625,1.108489990234375,2.05224609375,1.205078125,0.274322509765625,0.250030517578125,0.068695068359375,0.21514892578125,0.18743896484375,1.286346435546875,1.997100830078125,1.326019287109375,0.822998046875,0.281463623046875,0.527435302734375,0.215576171875,0.204681396484375,1.66119384765625,2.399688720703125,1.89764404296875,1.048065185546875,0.361328125,0.1907958984375,0.2977294921875,0.280670166015625
2193.5,0.14434814453125,0.990875244140625,0.526947021484375,0.430206298828125,0.095947265625,0.578277587890625,0.089630126953125,0.07025146484375,0.45782470703125,1.257965087890625,0.4830322265625,0.256561279296875,0.15167236328125,0.282379150390625,0.11907958984375,0.102813720703125,0.862701416015625,1.34503173828125,0.98431396484375,0.138702392578125,0.124664306640625,0.155609130859375,0.148773193359375,0.130035400390625,1.108489990234375,2.05224609375,1.205078125,0.274322509765625,0.250030517578125,0.068695068359375,0.21514892578125,0.18743896484375,1.286346435546875,1.997100830078125,1.326019287109375,0.822998046875,0.281463623046875,0.527435302734375,0.215576171875,0.204681396484375,1.66119384765625,2.399688720703125,1.89764404296875,1.048065185546875,0.361328125,0.1907958984375,0.2977294921875,0.280670166015625
2194.5,0.14434814453125,0.990875244140625,0.526947021484375,0.430206298828125,0.095947265625,0.578277587890625,0.089630126953125,0.07025146484375,0.45782470703125,1.257965087890625,0.4830322265625,0.256561279296875,0.15167236328125,0.282379150390625,0.11907958984375,0.102813720703125,0.862701416015625,1.34503173828125,0.98431396484375,0.138702392578125,0.124664306640625,0.155609130859375,0.148773193359375,0.130035400390625,1.108489990234375,2.05224609375,1.205078125,0.274322509765625,0.250030517578125,0.068695068359375,0.21514892578125,0.18743896484375,1.286346435546875,1.997100830078125,1.326019287109375,0.822998046875,0.281463623046875,0.527435302734375,0.215576171875,0.204681396484375,1.66119384765625,2.399688720703125,1.89764404296875,1.048065185546875,0.361328125,0.1907958984375,0.2977294921875,0.280670166015625
2195.5,0.14434814453125,0.990875244140625,0.526947021484375,0.430206298828125,0.095947265625,0.578277587890625,0.089630126953125,0.07025146484375,0.45782470703125,1.257965087890625,0.4830322265625,0.256561279296875,0.15167236328125,0.282379150390625,0.11907958984375,0.102813720703125,0.862701416015625,1.34503173828125,0.98431396484375,0.138702392578125,0.124664306640625,0.155609130859375,0.148773193359375,0.130035400390625,1.108489990234375,2.05224609375,1.205078125,0.274322509765625,0.250030517578125,0.068695068359375,0.21514892578125,0.18743896484375,1.286346435546875,1.997100830078125,1.326019287109375,0.822998046875,0.281463623046875,0.527435302734375,0.215576171875,0.204681396484375,1.66119384765625,2.399688720703125,1.89764404296875,1.048065185546875,0.361328125,0.1907958984375,0.2977294921875,0.280670166015625
2196.5,0.14434814453125,0.990875244140625,0.526947021484375,0.430206298828125,0.095947265625,0.578277587890625,0.089630126953125,0.07025146484375,0.45782470703125,1.257965087890625,0.4830322265625,0.256561279296875,0.15167236328125,0.282379150390625,0.11907958984375,0.102813720703125,0.862701416015625,1.34503173828125,0.98431396484375,0.138702392578125,0.124664306640625,0.155609130859375,0.148773193359375,0.130035400390625,1.108489990234375,2.05224609375,1.205078125,0.274322509765625,0.250030517578125,0.068695068359375,0.21514892578125,0.18743896484375,1.286346435546875,1.997100830078125,1.326019287109375,0.822998046875,0.281463623046875,0.527435302734375,0.215576171875,0.204681396484375,1.66119384765625,2.399688720703125,1.89764404296875,1.048065185546875,0.361328125,0.1907958984375,0.2977294921875,0.280670166015625
2197.5,0.14434814453125,0.990875244140625,0.526947021484375,0.430206298828125,0.095947265625,0.578277587890625,0.089630126953125,0.07025146484375,0.45782470703125,1.257965087890625,0.4830322265625,0.256561279296875,0.15167236328125,0.282379150390625,0.11907958984375,0.102813720703125,0.862701416015625,1.34503173828125,0.98431396484375,0.138702392578125,0.124664306640625,0.155609130859375,0.148773193359375,0.130035400390625,1.108489990234375,2.05224609375,1.205078125,0.274322509765625,0.250030517578125,0.068695068359375,0.21514892578125,0.18743896484375,1.286346435546875,1.997100830078125,1.326019287109375,0.822998046875,0.281463623046875,0.527435302734375,0.215576171875,0.204681396484375,1.66119384765625,2.399688720703125,1.89764404296875,1.048065185546875,0.361328125,0.1907958984375,0.2977294921875,0.280670166015625
2198.5,0.14434814453125,0.990875244140625,0.526947021484375,0.430206298828125,0.095947265625,0.578277587890625,0.089630126953125,0.07025146484375,0.45782470703125,1.257965087890625,0.4830322265625,0.256561279296875,0.15167236328125,0.282379150390625,0.11907958984375,0.102813720703125,0.862701416015625,1.34503173828125,0.98431396484375,0.138702392578125,0.124664306640625,0.155609130859375,0.148773193359375,0.130035400390625,1.108489990234375,2.05224609375,1.205078125,0.274322509765625,0.250030517578125,0.068695068359375,0.21514892578125,0.18743896484375,1.286346435546875,1.997100830078125,1.326019287109375,0.822998046875,0.281463623046875,0.527435302734375,0.215576171875,0.204681396484375,1.66119384765625,2.399688720703125,1.89764404296875,1.048065185546875,0.361328125,0.1907958984375,0.2977294921875,0.280670166015625
2199.5,0.14434814453125,0.990875244140625,0.526947021484375,0.430206298828125,0.095947265625,0.578277587890625,0.089630126953125,0.07025146484375,0.45782470703125,1.257965087890625,0.4830322265625,0.256561279296875,0.15167236328125,0.282379150390625,0.11907958984375,0.102813720703125,0.862701416015625,1.34503173828125,0.98431396484375,0.138702392578125,0.124664306640625,0.155609130859375,0.148773193359375,0.130035400390625,1.108489990234375,2.05224609375,1.205078125,0.274322509765625,0.250030517578125,0.068695068359375,0.21514892578125,0.18743896484375,1.286346435546875,1.997100830078125,1.326019287109375,0.822998046875,0.281463623046875,0.527435302734375,0.215576171875,0.204681396484375,1.66119384765625,2.399688720703125,1.89764404296875,1.048065185546875,0.361328125,0.1907958984375,0.2977294921875,0.280670166015625
2200.5,0.14434814453125,0.990875244140625,0.526947021484375,0.430206298828125,0.095947265625,0.578277587890625,0.089630126953125,0.07025146484375,0.45782470703125,1.257965087890625,0.4830322265625,0.256561279296875,0.15167236328125,0.282379150390625,0.11907958984375,0.102813720703125,0.862701416015625,1.34503173828125,0.98431396484375,0.138702392578125,0.124664306640625,0.155609130859375,0.148773193359375,0.130035400390625,1.108489990234375,2.05224609375,1.205078125,0.274322509765625,0.250030517578125,0.068695068359375,0.21514892578125,0.18743896484375,1.286346435546875,1.997100830078125,1.326019287109375,0.822998046875,0.281463623046875,0.527435302734375,0.215576171875,0.204681396484375,1.66119384765625,2.399688720703125,1.89764404296875,1.048065185546875,0.361328125,0.1907958984375,0.2977294921875,0.280670166015625
2201.5,0.14434814453125,0.990875244140625,0.526947021484375,0.430206298828125,0.095947265625,0.578277587890625,0.089630126953125,0.07025146484375,0.45782470703125,1.257965087890625,0.4830322265625,0.256561279296875,0.15167236328125,0.282379150390625,0.11907958984375,0.102813720703125,0.862701416015625,1.34503173828125,0.98431396484375,0.138702392578125,0.124664306640625,0.155609130859375,0.148773193359375,0.130035400390625,1.108489990234375,2.05224609375,1.205078125,0.274322509765625,0.250030517578125,0.068695068359375,0.21514892578125,0.18743896484375,1.286346435546875,1.997100830078125,1.326019287109375,0.822998046875,0.281463623046875,0.527435302734375,0.215576171875,0.204681396484375,1.66119384765625,2.399688720703125,1.89764404296875,1.048065185546875,0.361328125,0.1907958984375,0.2977294921875,0.280670166015625
2202.5,0.14434814453125,0.990875244140625,0.526947021484375,0.430206298828125,0.095947265625,0.578277587890625,0.089630126953125,0.07025146484375,0.45782470703125,1.257965087890625,0.4830322265625,0.256561279296875,0.15167236328125,0.282379150390625,0.11907958984375,0.102813720703125,0.862701416015625,1.34503173828125,0.98431396484375,0.138702392578125,0.124664306640625,0.155609130859375,0.148773193359375,0.130035400390625,1.108489990234375,2.05224609375,1.205078125,0.274322509765625,0.250030517578125,0.068695068359375,0.21514892578125,0.18743896484375,1.286346435546875,1.997100830078125,1.326019287109375,0.822998046875,0.281463623046875,0.527435302734375,0.215576171875,0.204681396484375,1.66119384765625,2.399688720703125,1.89764404296875,1.048065185546875,0.361328125,0.1907958984375,0.2977294921875,0.280670166015625
2203.5,0.14434814453125,0.990875244140625,0.526947021484375,0.430206298828125,0.095947265625,0.578277587890625,0.089630126953125,0.07025146484375,0.45782470703125,1.257965087890625,0.4830322265625,0.256561279296875,0.15167236328125,0.282379150390625,0.11907958984375,0.102813720703125,0.862701416015625,1.34503173828125,0.98431396484375,0.138702392578125,0.124664306640625,0.155609130859375,0.148773193359375,0.130035400390625,1.108489990234375,2.05224609375,1.205078125,0.274322509765625,0.250030517578125,0.068695068359375,0.21514892578125,0.18743896484375,1.286346435546875,1.997100830078125,1.326019287109375,0.822998046875,0.281463623046875,0.527435302734375,0.215576171875,0.204681396484375,1.66119384765625,2.399688720703125,1.89764404296875,1.048065185546875,0.361328125,0.1907958984375,0.2977294921875,0.280670166015625
2204.5,0.14434814453125,0.990875244140625,0.526947021484375,0.430206298828125,0.095947265625,0.578277587890625,0.089630126953125,0.07025146484375,0.45782470703125,1.257965087890625,0.4830322265625,0.256561279296875,0.15167236328125,0.282379150390625,0.11907958984375,0.102813720703125,0.862701416015625,1.34503173828125,0.98431396484375,0.138702392578125,0.124664306640625,0.155609130859375,0.148773193359375,0.130035400390625,1.108489990234375,2.05224609375,1.205078125,0.274322509765625,0.250030517578125,0.068695068359375,0.21514892578125,0.18743896484375,1.286346435546875,1.997100830078125,1.326019287109375,0.822998046875,0.281463623046875,0.527435302734375,0.215576171875,0.204681396484375,1.66119384765625,2.399688720703125,1.89764404296875,1.048065185546875,0.361328125,0.1907958984375,0.2977294921875,0.280670166015625
2205.5,0.14434814453125,0.990875244140625,0.526947021484375,0.430206298828125,0.095947265625,0.578277587890625,0.089630126953125,0.07025146484375,0.45782470703125,1.257965087890625,0.4830322265625,0.256561279296875,0.15167236328125,0.282379150390625,0.11907958984375,0.102813720703125,0.862701416015625,1.34503173828125,0.98431396484375,0.138702392578125,0.124664306640625,0.155609130859375,0.148773193359375,0.130035400390625,1.108489990234375,2.05224609375,1.205078125,0.274322509765625,0.250030517578125,0.068695068359375,0.21514892578125,0.18743896484375,1.286346435546875,1.997100830078125,1.326019287109375,0.822998046875,0.281463623046875,0.527435302734375,0.215576171875,0.204681396484375,1.66119384765625,2.399688720703125,1.89764404296875,1.048065185546875,0.361328125,0.1907958984375,0.2977294921875,0.280670166015625
2206.5,0.14434814453125,0.990875244140625,0.526947021484375,0.430206298828125,0.095947265625,0.578277587890625,0.089630126953125,0.07025146484375,0.45782470703125,1.257965087890625,0.4830322265625,0.256561279296875,0.15167236328125,0.282379150390625,0.11907958984375,0.102813720703125,0.862701416015625,1.34503173828125,0.98431396484375,0.138702392578125,0.124664306640625,0.155609130859375,0.148773193359375,0.130035400390625,1.108489990234375,2.05224609375,1.205078125,0.274322509765625,0.250030517578125,0.068695068359375,0.21514892578125,0.18743896484375,1.286346435546875,1.997100830078125,1.326019287109375,0.822998046875,0.281463623046875,0.527435302734375,0.215576171875,0.204681396484375,1.66119384765625,2.399688720703125,1.89764404296875,1.048065185546875,0.361328125,0.1907958984375,0.2977294921875,0.280670166015625
2207.5,0.14434814453125,0.990875244140625,0.526947021484375,0.430206298828125,0.095947265625,0.578277587890625,0.089630126953125,0.07025146484375,0.45782470703125,1.257965087890625,0.4830322265625,0.256561279296875,0.15167236328125,0.282379150390625,0.11907958984375,0.102813720703125,0.862701416015625,1.34503173828125,0.98431396484375,0.138702392578125,0.124664306640625,0.155609130859375,0.148773193359375,0.130035400390625,1.108489990234375,2.05224609375,1.205078125,0.274322509765625,0.250030517578125,0.068695068359375,0.21514892578125,0.18743896484375,1.286346435546875,1.997100830078125,1.326019287109375,0.822998046875,0.281463623046875,0.527435302734375,0.215576171875,0.204681396484375,1.66119384765625,2.399688720703125,1.89764404296875,1.048065185546875,0.361328125,0.1907958984375,0.2977294921875,0.280670166015625
2208.5,0.14434814453125,0.990875244140625,0.526947021484375,0.430206298828125,0.095947265625,0.578277587890625,0.089630126953125,0.07025146484375,0.45782470703125,1.257965087890625,0.4830322265625,0.256561279296875,0.15167236328125,0.282379150390625,0.11907958984375,0.102813720703125,0.862701416015625,1.34503173828125,0.98431396484375,0.138702392578125,0.124664306640625,0.155609130859375,0.148773193359375,0.130035400390625,1.108489990234375,2.05224609375,1.205078125,0.274322509765625,0.250030517578125,0.068695068359375,0.21514892578125,0.18743896484375,1.286346435546875,1.997100830078125,1.326019287109375,0.822998046875,0.281463623046875,0.527435302734375,0.215576171875,0.204681396484375,1.66119384765625,2.399688720703125,1.89764404296875,1.048065185546875,0.361328125,0.1907958984375,0.2977294921875,0.280670166015625
2209.5,0.14434814453125,0.990875244140625,0.526947021484375,0.430206298828125,0.095947265625,0.578277587890625,0.089630126953125,0.07025146484375,0.45782470703125,1.257965087890625,0.4830322265625,0.256561279296875,0.15167236328125,0.282379150390625,0.11907958984375,0.102813720703125,0.862701416015625,1.34503173828125,0.98431396484375,0.138702392578125,0.124664306640625,0.155609130859375,0.148773193359375,0.130035400390625,1.108489990234375,2.05224609375,1.205078125,0.274322509765625,0.250030517578125,0.068695068359375,0.21514892578125,0.18743896484375,1.286346435546875,1.997100830078125,1.326019287109375,0.822998046875,0.281463623046875,0.527435302734375,0.215576171875,0.204681396484375,1.66119384765625,2.399688720703125,1.89764404296875,1.048065185546875,0.361328125,0.1907958984375,0.2977294921875,0.280670166015625
2210.5,0.14434814453125,0.990875244140625,0.526947021484375,0.430206298828125,0.095947265625,0.578277587890625,0.089630126953125,0.07025146484375,0.45782470703125,1.257965087890625,0.4830322265625,0.256561279296875,0.15167236328125,0.282379150390625,0.11907958984375,0.102813720703125,0.862701416015625,1.34503173828125,0.98431396484375,0.138702392578125,0.124664306640625,0.155609130859375,0.148773193359375,0.130035400390625,1.108489990234375,2.05224609375,1.205078125,0.274322509765625,0.250030517578125,0.068695068359375,0.21514892578125,0.18743896484375,1.286346435546875,1.997100830078125,1.326019287109375,0.822998046875,0.281463623046875,0.527435302734375,0.215576171875,0.204681396484375,1.66119384765625,2.399688720703125,1.89764404296875,1.048065185546875,0.361328125,0.1907958984375,0.2977294921875,0.280670166015625
2211.5,0.14434814453125,0.990875244140625,0.526947021484375,0.430206298828125,0.095947265625,0.578277587890625,0.089630126953125,0.07025146484375,0.45782470703125,1.257965087890625,0.4830322265625,0.256561279296875,0.15167236328125,0.282379150390625,0.11907958984375,0.102813720703125,0.862701416015625,1.34503173828125,0.98431396484375,0.138702392578125,0.124664306640625,0.155609130859375,0.148773193359375,0.130035400390625,1.108489990234375,2.05224609375,1.205078125,0.274322509765625,0.250030517578125,0.068695068359375,0.21514892578125,0.18743896484375,1.286346435546875,1.997100830078125,1.326019287109375,0.822998046875,0.281463623046875,0.527435302734375,0.215576171875,0.204681396484375,1.66119384765625,2.399688720703125,1.89764404296875,1.048065185546875,0.361328125,0.1907958984375,0.2977294921875,0.280670166015625
2212.5,0.14434814453125,0.990875244140625,0.526947021484375,0.430206298828125,0.095947265625,0.578277587890625,0.089630126953125,0.07025146484375,0.45782470703125,1.257965087890625,0.4830322265625,0.256561279296875,0.15167236328125,0.282379150390625,0.11907958984375,0.102813720703125,0.862701416015625,1.34503173828125,0.98431396484375,0.138702392578125,0.124664306640625,0.155609130859375,0.148773193359375,0.130035400390625,1.108489990234375,2.05224609375,1.205078125,0.274322509765625,0.250030517578125,0.068695068359375,0.21514892578125,0.18743896484375,1.286346435546875,1.997100830078125,1.326019287109375,0.822998046875,0.281463623046875,0.527435302734375,0.215576171875,0.204681396484375,1.66119384765625,2.399688720703125,1.89764404296875,1.048065185546875,0.361328125,0.1907958984375,0.2977294921875,0.280670166015625
2213.5,0.14434814453125,0.990875244140625,0.526947021484375,0.430206298828125,0.095947265625,0.578277587890625,0.089630126953125,0.07025146484375,0.45782470703125,1.257965087890625,0.4830322265625,0.256561279296875,0.15167236328125,0.282379150390625,0.11907958984375,0.102813720703125,0.862701416015625,1.34503173828125,0.98431396484375,0.138702392578125,0.124664306640625,0.155609130859375,0.148773193359375,0.130035400390625,1.108489990234375,2.05224609375,1.205078125,0.274322509765625,0.250030517578125,0.068695068359375,0.21514892578125,0.18743896484375,1.286346435546875,1.997100830078125,1.326019287109375,0.822998046875,0.281463623046875,0.527435302734375,0.215576171875,0.204681396484375,1.66119384765625,2.399688720703125,1.89764404296875,1.048065185546875,0.361328125,0.1907958984375,0.2977294921875,0.280670166015625
2214.5,0.14434814453125,0.990875244140625,0.526947021484375,0.430206298828125,0.095947265625,0.578277587890625,0.089630126953125,0.07025146484375,0.45782470703125,1.257965087890625,0.4830322265625,0.256561279296875,0.15167236328125,0.282379150390625,0.11907958984375,0.102813720703125,0.862701416015625,1.34503173828125,0.98431396484375,0.138702392578125,0.124664306640625,0.155609130859375,0.148773193359375,0.130035400390625,1.108489990234375,2.05224609375,1.205078125,0.274322509765625,0.250030517578125,0.068695068359375,0.21514892578125,0.18743896484375,1.286346435546875,1.997100830078125,1.326019287109375,0.822998046875,0.281463623046875,0.527435302734375,0.215576171875,0.204681396484375,1.66119384765625,2.399688720703125,1.89764404296875,1.048065185546875,0.361328125,0.1907958984375,0.2977294921875,0.280670166015625
2215.5,0.14434814453125,0.990875244140625,0.526947021484375,0.430206298828125,0.095947265625,0.578277587890625,0.089630126953125,0.07025146484375,0.45782470703125,1.257965087890625,0.4830322265625,0.256561279296875,0.15167236328125,0.282379150390625,0.11907958984375,0.102813720703125,0.862701416015625,1.34503173828125,0.98431396484375,0.138702392578125,0.124664306640625,0.155609130859375,0.148773193359375,0.130035400390625,1.108489990234375,2.05224609375,1.205078125,0.274322509765625,0.250030517578125,0.068695068359375,0.21514892578125,0.18743896484375,1.286346435546875,1.997100830078125,1.326019287109375,0.822998046875,0.281463623046875,0.527435302734375,0.215576171875,0.204681396484375,1.66119384765625,2.399688720703125,1.89764404296875,1.048065185546875,0.361328125,0.1907958984375,0.2977294921875,0.280670166015625
2216.5,0.14434814453125,0.990875244140625,0.526947021484375,0.430206298828125,0.095947265625,0.578277587890625,0.089630126953125,0.07025146484375,0.45782470703125,1.257965087890625,0.4830322265625,0.256561279296875,0.15167236328125,0.282379150390625,0.11907958984375,0.102813720703125,0.862701416015625,1.34503173828125,0.98431396484375,0.138702392578125,0.124664306640625,0.155609130859375,0.148773193359375,0.130035400390625,1.108489990234375,2.05224609375,1.205078125,0.274322509765625,0.250030517578125,0.068695068359375,0.21514892578125,0.18743896484375,1.286346435546875,1.997100830078125,1.326019287109375,0.822998046875,0.281463623046875,0.527435302734375,0.215576171875,0.204681396484375,1.66119384765625,2.399688720703125,1.89764404296875,1.048065185546875,0.361328125,0.1907958984375,0.2977294921875,0.280670166015625
2217.5,0.14434814453125,0.990875244140625,0.526947021484375,0.430206298828125,0.095947265625,0.578277587890625,0.089630126953125,0.07025146484375,0.45782470703125,1.257965087890625,0.4830322265625,0.256561279296875,0.15167236328125,0.282379150390625,0.11907958984375,0.102813720703125,0.862701416015625,1.34503173828125,0.98431396484375,0.138702392578125,0.124664306640625,0.155609130859375,0.148773193359375,0.130035400390625,1.108489990234375,2.05224609375,1.205078125,0.274322509765625,0.250030517578125,0.068695068359375,0.21514892578125,0.18743896484375,1.286346435546875,1.997100830078125,1.326019287109375,0.822998046875,0.281463623046875,0.527435302734375,0.215576171875,0.204681396484375,1.66119384765625,2.399688720703125,1.89764404296875,1.048065185546875,0.361328125,0.1907958984375,0.2977294921875,0.280670166015625
2218.5,0.14434814453125,0.990875244140625,0.526947021484375,0.430206298828125,0.095947265625,0.578277587890625,0.089630126953125,0.07025146484375,0.45782470703125,1.257965087890625,0.4830322265625,0.256561279296875,0.15167236328125,0.282379150390625,0.11907958984375,0.102813720703125,0.862701416015625,1.34503173828125,0.98431396484375,0.138702392578125,0.124664306640625,0.155609130859375,0.148773193359375,0.130035400390625,1.108489990234375,2.05224609375,1.205078125,0.274322509765625,0.250030517578125,0.068695068359375,0.21514892578125,0.18743896484375,1.286346435546875,1.997100830078125,1.326019287109375,0.822998046875,0.281463623046875,0.527435302734375,0.215576171875,0.204681396484375,1.66119384765625,2.399688720703125,1.89764404296875,1.048065185546875,0.361328125,0.1907958984375,0.2977294921875,0.280670166015625
2219.5,0.14434814453125,0.990875244140625,0.526947021484375,0.430206298828125,0.095947265625,0.578277587890625,0.089630126953125,0.07025146484375,0.45782470703125,1.257965087890625,0.4830322265625,0.256561279296875,0.15167236328125,0.282379150390625,0.11907958984375,0.102813720703125,0.862701416015625,1.34503173828125,0.98431396484375,0.138702392578125,0.124664306640625,0.155609130859375,0.148773193359375,0.130035400390625,1.108489990234375,2.05224609375,1.205078125,0.274322509765625,0.250030517578125,0.068695068359375,0.21514892578125,0.18743896484375,1.286346435546875,1.997100830078125,1.326019287109375,0.822998046875,0.281463623046875,0.527435302734375,0.215576171875,0.204681396484375,1.66119384765625,2.399688720703125,1.89764404296875,1.048065185546875,0.361328125,0.1907958984375,0.2977294921875,0.280670166015625
2220.5,0.14434814453125,0.990875244140625,0.526947021484375,0.430206298828125,0.095947265625,0.578277587890625,0.089630126953125,0.07025146484375,0.45782470703125,1.257965087890625,0.4830322265625,0.256561279296875,0.15167236328125,0.282379150390625,0.11907958984375,0.102813720703125,0.862701416015625,1.34503173828125,0.98431396484375,0.138702392578125,0.124664306640625,0.155609130859375,0.148773193359375,0.130035400390625,1.108489990234375,2.05224609375,1.205078125,0.274322509765625,0.250030517578125,0.068695068359375,0.21514892578125,0.18743896484375,1.286346435546875,1.997100830078125,1.326019287109375,0.822998046875,0.281463623046875,0.527435302734375,0.215576171875,0.204681396484375,1.66119384765625,2.399688720703125,1.89764404296875,1.048065185546875,0.361328125,0.1907958984375,0.2977294921875,0.280670166015625
2221.5,0.14434814453125,0.990875244140625,0.526947021484375,0.430206298828125,0.095947265625,0.578277587890625,0.089630126953125,0.07025146484375,0.45782470703125,1.257965087890625,0.4830322265625,0.256561279296875,0.15167236328125,0.282379150390625,0.11907958984375,0.102813720703125,0.862701416015625,1.34503173828125,0.98431396484375,0.138702392578125,0.124664306640625,0.155609130859375,0.148773193359375,0.130035400390625,1.108489990234375,2.05224609375,1.205078125,0.274322509765625,0.250030517578125,0.068695068359375,0.21514892578125,0.18743896484375,1.286346435546875,1.997100830078125,1.326019287109375,0.822998046875,0.281463623046875,0.527435302734375,0.215576171875,0.204681396484375,1.66119384765625,2.399688720703125,1.89764404296875,1.048065185546875,0.361328125,0.1907958984375,0.2977294921875,0.280670166015625
2222.5,0.14434814453125,0.990875244140625,0.526947021484375,0.430206298828125,0.095947265625,0.578277587890625,0.089630126953125,0.07025146484375,0.45782470703125,1.257965087890625,0.4830322265625,0.256561279296875,0.15167236328125,0.282379150390625,0.11907958984375,0.102813720703125,0.862701416015625,1.34503173828125,0.98431396484375,0.138702392578125,0.124664306640625,0.155609130859375,0.148773193359375,0.130035400390625,1.108489990234375,2.05224609375,1.205078125,0.274322509765625,0.250030517578125,0.068695068359375,0.21514892578125,0.18743896484375,1.286346435546875,1.997100830078125,1.326019287109375,0.822998046875,0.281463623046875,0.527435302734375,0.215576171875,0.204681396484375,1.66119384765625,2.399688720703125,1.89764404296875,1.048065185546875,0.361328125,0.1907958984375,0.2977294921875,0.280670166015625
2223.5,0.14434814453125,0.990875244140625,0.526947021484375,0.430206298828125,0.095947265625,0.578277587890625,0.089630126953125,0.07025146484375,0.45782470703125,1.257965087890625,0.4830322265625,0.256561279296875,0.15167236328125,0.282379150390625,0.11907958984375,0.102813720703125,0.862701416015625,1.34503173828125,0.98431396484375,0.138702392578125,0.124664306640625,0.155609130859375,0.148773193359375,0.130035400390625,1.108489990234375,2.05224609375,1.205078125,0.274322509765625,0.250030517578125,0.068695068359375,0.21514892578125,0.18743896484375,1.286346435546875,1.997100830078125,1.326019287109375,0.822998046875,0.281463623046875,0.527435302734375,0.215576171875,0.204681396484375,1.66119384765625,2.399688720703125,1.89764404296875,1.048065185546875,0.361328125,0.1907958984375,0.2977294921875,0.280670166015625
2224.5,0.14434814453125,0.990875244140625,0.526947021484375,0.430206298828125,0.095947265625,0.578277587890625,0.089630126953125,0.07025146484375,0.45782470703125,1.257965087890625,0.4830322265625,0.256561279296875,0.15167236328125,0.282379150390625,0.11907958984375,0.102813720703125,0.862701416015625,1.34503173828125,0.98431396484375,0.138702392578125,0.124664306640625,0.155609130859375,0.148773193359375,0.130035400390625,1.108489990234375,2.05224609375,1.205078125,0.274322509765625,0.250030517578125,0.068695068359375,0.21514892578125,0.18743896484375,1.286346435546875,1.997100830078125,1.326019287109375,0.822998046875,0.281463623046875,0.527435302734375,0.215576171875,0.204681396484375,1.66119384765625,2.399688720703125,1.89764404296875,1.048065185546875,0.361328125,0.1907958984375,0.2977294921875,0.280670166015625
2225.5,0.14434814453125,0.990875244140625,0.526947021484375,0.430206298828125,0.095947265625,0.578277587890625,0.089630126953125,0.07025146484375,0.45782470703125,1.257965087890625,0.4830322265625,0.256561279296875,0.15167236328125,0.282379150390625,0.11907958984375,0.102813720703125,0.862701416015625,1.34503173828125,0.98431396484375,0.138702392578125,0.124664306640625,0.155609130859375,0.148773193359375,0.130035400390625,1.108489990234375,2.05224609375,1.205078125,0.274322509765625,0.250030517578125,0.068695068359375,0.21514892578125,0.18743896484375,1.286346435546875,1.997100830078125,1.326019287109375,0.822998046875,0.281463623046875,0.527435302734375,0.215576171875,0.204681396484375,1.66119384765625,2.399688720703125,1.89764404296875,1.048065185546875,0.361328125,0.1907958984375,0.2977294921875,0.280670166015625
2226.5,0.14434814453125,0.990875244140625,0.526947021484375,0.430206298828125,0.095947265625,0.578277587890625,0.089630126953125,0.07025146484375,0.45782470703125,1.257965087890625,0.4830322265625,0.256561279296875,0.15167236328125,0.282379150390625,0.11907958984375,0.102813720703125,0.862701416015625,1.34503173828125,0.98431396484375,0.138702392578125,0.124664306640625,0.155609130859375,0.148773193359375,0.130035400390625,1.108489990234375,2.05224609375,1.205078125,0.274322509765625,0.250030517578125,0.068695068359375,0.21514892578125,0.18743896484375,1.286346435546875,1.997100830078125,1.326019287109375,0.822998046875,0.281463623046875,0.527435302734375,0.215576171875,0.204681396484375,1.66119384765625,2.399688720703125,1.89764404296875,1.048065185546875,0.361328125,0.1907958984375,0.2977294921875,0.280670166015625
2227.5,0.14434814453125,0.990875244140625,0.526947021484375,0.430206298828125,0.095947265625,0.578277587890625,0.089630126953125,0.07025146484375,0.45782470703125,1.257965087890625,0.4830322265625,0.256561279296875,0.15167236328125,0.282379150390625,0.11907958984375,0.102813720703125,0.862701416015625,1.34503173828125,0.98431396484375,0.138702392578125,0.124664306640625,0.155609130859375,0.148773193359375,0.130035400390625,1.108489990234375,2.05224609375,1.205078125,0.274322509765625,0.250030517578125,0.068695068359375,0.21514892578125,0.18743896484375,1.286346435546875,1.997100830078125,1.326019287109375,0.822998046875,0.281463623046875,0.527435302734375,0.215576171875,0.204681396484375,1.66119384765625,2.399688720703125,1.89764404296875,1.048065185546875,0.361328125,0.1907958984375,0.2977294921875,0.280670166015625
2228.5,0.14434814453125,0.990875244140625,0.526947021484375,0.430206298828125,0.095947265625,0.578277587890625,0.089630126953125,0.07025146484375,0.45782470703125,1.257965087890625,0.4830322265625,0.256561279296875,0.15167236328125,0.282379150390625,0.11907958984375,0.102813720703125,0.862701416015625,1.34503173828125,0.98431396484375,0.138702392578125,0.124664306640625,0.155609130859375,0.148773193359375,0.130035400390625,1.108489990234375,2.05224609375,1.205078125,0.274322509765625,0.250030517578125,0.068695068359375,0.21514892578125,0.18743896484375,1.286346435546875,1.997100830078125,1.326019287109375,0.822998046875,0.281463623046875,0.527435302734375,0.215576171875,0.204681396484375,1.66119384765625,2.399688720703125,1.89764404296875,1.048065185546875,0.361328125,0.1907958984375,0.2977294921875,0.280670166015625
2229.5,0.14434814453125,0.990875244140625,0.526947021484375,0.430206298828125,0.095947265625,0.578277587890625,0.089630126953125,0.07025146484375,0.45782470703125,1.257965087890625,0.4830322265625,0.256561279296875,0.15167236328125,0.282379150390625,0.11907958984375,0.102813720703125,0.862701416015625,1.34503173828125,0.98431396484375,0.138702392578125,0.124664306640625,0.155609130859375,0.148773193359375,0.130035400390625,1.108489990234375,2.05224609375,1.205078125,0.274322509765625,0.250030517578125,0.068695068359375,0.21514892578125,0.18743896484375,1.286346435546875,1.997100830078125,1.326019287109375,0.822998046875,0.281463623046875,0.527435302734375,0.215576171875,0.204681396484375,1.66119384765625,2.399688720703125,1.89764404296875,1.048065185546875,0.361328125,0.1907958984375,0.2977294921875,0.280670166015625
2230.5,0.14434814453125,0.990875244140625,0.526947021484375,0.430206298828125,0.095947265625,0.578277587890625,0.089630126953125,0.07025146484375,0.45782470703125,1.257965087890625,0.4830322265625,0.256561279296875,0.15167236328125,0.282379150390625,0.11907958984375,0.102813720703125,0.862701416015625,1.34503173828125,0.98431396484375,0.138702392578125,0.124664306640625,0.155609130859375,0.148773193359375,0.130035400390625,1.108489990234375,2.05224609375,1.205078125,0.274322509765625,0.250030517578125,0.068695068359375,0.21514892578125,0.18743896484375,1.286346435546875,1.997100830078125,1.326019287109375,0.822998046875,0.281463623046875,0.527435302734375,0.215576171875,0.204681396484375,1.66119384765625,2.399688720703125,1.89764404296875,1.048065185546875,0.361328125,0.1907958984375,0.2977294921875,0.280670166015625
2231.5,0.14434814453125,0.990875244140625,0.526947021484375,0.430206298828125,0.095947265625,0.578277587890625,0.089630126953125,0.07025146484375,0.45782470703125,1.257965087890625,0.4830322265625,0.256561279296875,0.15167236328125,0.282379150390625,0.11907958984375,0.102813720703125,0.862701416015625,1.34503173828125,0.98431396484375,0.138702392578125,0.124664306640625,0.155609130859375,0.148773193359375,0.130035400390625,1.108489990234375,2.05224609375,1.205078125,0.274322509765625,0.250030517578125,0.068695068359375,0.21514892578125,0.18743896484375,1.286346435546875,1.997100830078125,1.326019287109375,0.822998046875,0.281463623046875,0.527435302734375,0.215576171875,0.204681396484375,1.66119384765625,2.399688720703125,1.89764404296875,1.048065185546875,0.361328125,0.1907958984375,0.2977294921875,0.280670166015625
2232.5,0.14434814453125,0.990875244140625,0.526947021484375,0.430206298828125,0.095947265625,0.578277587890625,0.089630126953125,0.07025146484375,0.45782470703125,1.257965087890625,0.4830322265625,0.256561279296875,0.15167236328125,0.282379150390625,0.11907958984375,0.102813720703125,0.862701416015625,1.34503173828125,0.98431396484375,0.138702392578125,0.124664306640625,0.155609130859375,0.148773193359375,0.130035400390625,1.108489990234375,2.05224609375,1.205078125,0.274322509765625,0.250030517578125,0.068695068359375,0.21514892578125,0.18743896484375,1.286346435546875,1.997100830078125,1.326019287109375,0.822998046875,0.281463623046875,0.527435302734375,0.215576171875,0.204681396484375,1.66119384765625,2.399688720703125,1.89764404296875,1.048065185546875,0.361328125,0.1907958984375,0.2977294921875,0.280670166015625
2233.5,0.14434814453125,0.990875244140625,0.526947021484375,0.430206298828125,0.095947265625,0.578277587890625,0.089630126953125,0.07025146484375,0.45782470703125,1.257965087890625,0.4830322265625,0.256561279296875,0.15167236328125,0.282379150390625,0.11907958984375,0.102813720703125,0.862701416015625,1.34503173828125,0.98431396484375,0.138702392578125,0.124664306640625,0.155609130859375,0.148773193359375,0.130035400390625,1.108489990234375,2.05224609375,1.205078125,0.274322509765625,0.250030517578125,0.068695068359375,0.21514892578125,0.18743896484375,1.286346435546875,1.997100830078125,1.326019287109375,0.822998046875,0.281463623046875,0.527435302734375,0.215576171875,0.204681396484375,1.66119384765625,2.399688720703125,1.89764404296875,1.048065185546875,0.361328125,0.1907958984375,0.2977294921875,0.280670166015625
2234.5,0.14434814453125,0.990875244140625,0.526947021484375,0.430206298828125,0.095947265625,0.578277587890625,0.089630126953125,0.07025146484375,0.45782470703125,1.257965087890625,0.4830322265625,0.256561279296875,0.15167236328125,0.282379150390625,0.11907958984375,0.102813720703125,0.862701416015625,1.34503173828125,0.98431396484375,0.138702392578125,0.124664306640625,0.155609130859375,0.148773193359375,0.130035400390625,1.108489990234375,2.05224609375,1.205078125,0.274322509765625,0.250030517578125,0.068695068359375,0.21514892578125,0.18743896484375,1.286346435546875,1.997100830078125,1.326019287109375,0.822998046875,0.281463623046875,0.527435302734375,0.215576171875,0.204681396484375,1.66119384765625,2.399688720703125,1.89764404296875,1.048065185546875,0.361328125,0.1907958984375,0.2977294921875,0.280670166015625
2235.5,0.14434814453125,0.990875244140625,0.526947021484375,0.430206298828125,0.095947265625,0.578277587890625,0.089630126953125,0.07025146484375,0.45782470703125,1.257965087890625,0.4830322265625,0.256561279296875,0.15167236328125,0.282379150390625,0.11907958984375,0.102813720703125,0.862701416015625,1.34503173828125,0.98431396484375,0.138702392578125,0.124664306640625,0.155609130859375,0.148773193359375,0.130035400390625,1.108489990234375,2.05224609375,1.205078125,0.274322509765625,0.250030517578125,0.068695068359375,0.21514892578125,0.18743896484375,1.286346435546875,1.997100830078125,1.326019287109375,0.822998046875,0.281463623046875,0.527435302734375,0.215576171875,0.204681396484375,1.66119384765625,2.399688720703125,1.89764404296875,1.048065185546875,0.361328125,0.1907958984375,0.2977294921875,0.280670166015625
2236.5,0.14434814453125,0.990875244140625,0.526947021484375,0.430206298828125,0.095947265625,0.578277587890625,0.089630126953125,0.07025146484375,0.45782470703125,1.257965087890625,0.4830322265625,0.256561279296875,0.15167236328125,0.282379150390625,0.11907958984375,0.102813720703125,0.862701416015625,1.34503173828125,0.98431396484375,0.138702392578125,0.124664306640625,0.155609130859375,0.148773193359375,0.130035400390625,1.108489990234375,2.05224609375,1.205078125,0.274322509765625,0.250030517578125,0.068695068359375,0.21514892578125,0.18743896484375,1.286346435546875,1.997100830078125,1.326019287109375,0.822998046875,0.281463623046875,0.527435302734375,0.215576171875,0.204681396484375,1.66119384765625,2.399688720703125,1.89764404296875,1.048065185546875,0.361328125,0.1907958984375,0.2977294921875,0.280670166015625
2237.5,0.14434814453125,0.990875244140625,0.526947021484375,0.430206298828125,0.095947265625,0.578277587890625,0.089630126953125,0.07025146484375,0.45782470703125,1.257965087890625,0.4830322265625,0.256561279296875,0.15167236328125,0.282379150390625,0.11907958984375,0.102813720703125,0.862701416015625,1.34503173828125,0.98431396484375,0.138702392578125,0.124664306640625,0.155609130859375,0.148773193359375,0.130035400390625,1.108489990234375,2.05224609375,1.205078125,0.274322509765625,0.250030517578125,0.068695068359375,0.21514892578125,0.18743896484375,1.286346435546875,1.997100830078125,1.326019287109375,0.822998046875,0.281463623046875,0.527435302734375,0.215576171875,0.204681396484375,1.66119384765625,2.399688720703125,1.89764404296875,1.048065185546875,0.361328125,0.1907958984375,0.2977294921875,0.280670166015625
2238.5,0.14434814453125,0.990875244140625,0.526947021484375,0.430206298828125,0.095947265625,0.578277587890625,0.089630126953125,0.07025146484375,0.45782470703125,1.257965087890625,0.4830322265625,0.256561279296875,0.15167236328125,0.282379150390625,0.11907958984375,0.102813720703125,0.862701416015625,1.34503173828125,0.98431396484375,0.138702392578125,0.124664306640625,0.155609130859375,0.148773193359375,0.130035400390625,1.108489990234375,2.05224609375,1.205078125,0.274322509765625,0.250030517578125,0.068695068359375,0.21514892578125,0.18743896484375,1.286346435546875,1.997100830078125,1.326019287109375,0.822998046875,0.281463623046875,0.527435302734375,0.215576171875,0.204681396484375,1.66119384765625,2.399688720703125,1.89764404296875,1.048065185546875,0.361328125,0.1907958984375,0.2977294921875,0.280670166015625
2239.5,0.14434814453125,0.990875244140625,0.526947021484375,0.430206298828125,0.095947265625,0.578277587890625,0.089630126953125,0.07025146484375,0.45782470703125,1.257965087890625,0.4830322265625,0.256561279296875,0.15167236328125,0.282379150390625,0.11907958984375,0.102813720703125,0.862701416015625,1.34503173828125,0.98431396484375,0.138702392578125,0.124664306640625,0.155609130859375,0.148773193359375,0.130035400390625,1.108489990234375,2.05224609375,1.205078125,0.274322509765625,0.250030517578125,0.068695068359375,0.21514892578125,0.18743896484375,1.286346435546875,1.997100830078125,1.326019287109375,0.822998046875,0.281463623046875,0.527435302734375,0.215576171875,0.204681396484375,1.66119384765625,2.399688720703125,1.89764404296875,1.048065185546875,0.361328125,0.1907958984375,0.2977294921875,0.280670166015625
2240.5,0.14434814453125,0.990875244140625,0.526947021484375,0.430206298828125,0.095947265625,0.578277587890625,0.089630126953125,0.07025146484375,0.45782470703125,1.257965087890625,0.4830322265625,0.256561279296875,0.15167236328125,0.282379150390625,0.11907958984375,0.102813720703125,0.862701416015625,1.34503173828125,0.98431396484375,0.138702392578125,0.124664306640625,0.155609130859375,0.148773193359375,0.130035400390625,1.108489990234375,2.05224609375,1.205078125,0.274322509765625,0.250030517578125,0.068695068359375,0.21514892578125,0.18743896484375,1.286346435546875,1.997100830078125,1.326019287109375,0.822998046875,0.281463623046875,0.527435302734375,0.215576171875,0.204681396484375,1.66119384765625,2.399688720703125,1.89764404296875,1.048065185546875,0.361328125,0.1907958984375,0.2977294921875,0.280670166015625
2241.5,0.14434814453125,0.990875244140625,0.526947021484375,0.430206298828125,0.095947265625,0.578277587890625,0.089630126953125,0.07025146484375,0.45782470703125,1.257965087890625,0.4830322265625,0.256561279296875,0.15167236328125,0.282379150390625,0.11907958984375,0.102813720703125,0.862701416015625,1.34503173828125,0.98431396484375,0.138702392578125,0.124664306640625,0.155609130859375,0.148773193359375,0.130035400390625,1.108489990234375,2.05224609375,1.205078125,0.274322509765625,0.250030517578125,0.068695068359375,0.21514892578125,0.18743896484375,1.286346435546875,1.997100830078125,1.326019287109375,0.822998046875,0.281463623046875,0.527435302734375,0.215576171875,0.204681396484375,1.66119384765625,2.399688720703125,1.89764404296875,1.048065185546875,0.361328125,0.1907958984375,0.2977294921875,0.280670166015625
2242.5,0.14434814453125,0.990875244140625,0.526947021484375,0.430206298828125,0.095947265625,0.578277587890625,0.089630126953125,0.07025146484375,0.45782470703125,1.257965087890625,0.4830322265625,0.256561279296875,0.15167236328125,0.282379150390625,0.11907958984375,0.102813720703125,0.862701416015625,1.34503173828125,0.98431396484375,0.138702392578125,0.124664306640625,0.155609130859375,0.148773193359375,0.130035400390625,1.108489990234375,2.05224609375,1.205078125,0.274322509765625,0.250030517578125,0.068695068359375,0.21514892578125,0.18743896484375,1.286346435546875,1.997100830078125,1.326019287109375,0.822998046875,0.281463623046875,0.527435302734375,0.215576171875,0.204681396484375,1.66119384765625,2.399688720703125,1.89764404296875,1.048065185546875,0.361328125,0.1907958984375,0.2977294921875,0.280670166015625
2243.5,0.14434814453125,0.990875244140625,0.526947021484375,0.430206298828125,0.095947265625,0.578277587890625,0.089630126953125,0.07025146484375,0.45782470703125,1.257965087890625,0.4830322265625,0.256561279296875,0.15167236328125,0.282379150390625,0.11907958984375,0.102813720703125,0.862701416015625,1.34503173828125,0.98431396484375,0.138702392578125,0.124664306640625,0.155609130859375,0.148773193359375,0.130035400390625,1.108489990234375,2.05224609375,1.205078125,0.274322509765625,0.250030517578125,0.068695068359375,0.21514892578125,0.18743896484375,1.286346435546875,1.997100830078125,1.326019287109375,0.822998046875,0.281463623046875,0.527435302734375,0.215576171875,0.204681396484375,1.66119384765625,2.399688720703125,1.89764404296875,1.048065185546875,0.361328125,0.1907958984375,0.2977294921875,0.280670166015625
2244.5,0.14434814453125,0.990875244140625,0.526947021484375,0.430206298828125,0.095947265625,0.578277587890625,0.089630126953125,0.07025146484375,0.45782470703125,1.257965087890625,0.4830322265625,0.256561279296875,0.15167236328125,0.282379150390625,0.11907958984375,0.102813720703125,0.862701416015625,1.34503173828125,0.98431396484375,0.138702392578125,0.124664306640625,0.155609130859375,0.148773193359375,0.130035400390625,1.108489990234375,2.05224609375,1.205078125,0.274322509765625,0.250030517578125,0.068695068359375,0.21514892578125,0.18743896484375,1.286346435546875,1.997100830078125,1.326019287109375,0.822998046875,0.281463623046875,0.527435302734375,0.215576171875,0.204681396484375,1.66119384765625,2.399688720703125,1.89764404296875,1.048065185546875,0.361328125,0.1907958984375,0.2977294921875,0.280670166015625
2245.5,0.14434814453125,0.990875244140625,0.526947021484375,0.430206298828125,0.095947265625,0.578277587890625,0.089630126953125,0.07025146484375,0.45782470703125,1.257965087890625,0.4830322265625,0.256561279296875,0.15167236328125,0.282379150390625,0.11907958984375,0.102813720703125,0.862701416015625,1.34503173828125,0.98431396484375,0.138702392578125,0.124664306640625,0.155609130859375,0.148773193359375,0.130035400390625,1.108489990234375,2.05224609375,1.205078125,0.274322509765625,0.250030517578125,0.068695068359375,0.21514892578125,0.18743896484375,1.286346435546875,1.997100830078125,1.326019287109375,0.822998046875,0.281463623046875,0.527435302734375,0.215576171875,0.204681396484375,1.66119384765625,2.399688720703125,1.89764404296875,1.048065185546875,0.361328125,0.1907958984375,0.2977294921875,0.280670166015625
2246.5,0.14434814453125,0.990875244140625,0.526947021484375,0.430206298828125,0.095947265625,0.578277587890625,0.089630126953125,0.07025146484375,0.45782470703125,1.257965087890625,0.4830322265625,0.256561279296875,0.15167236328125,0.282379150390625,0.11907958984375,0.102813720703125,0.862701416015625,1.34503173828125,0.98431396484375,0.138702392578125,0.124664306640625,0.155609130859375,0.148773193359375,0.130035400390625,1.108489990234375,2.05224609375,1.205078125,0.274322509765625,0.250030517578125,0.068695068359375,0.21514892578125,0.18743896484375,1.286346435546875,1.997100830078125,1.326019287109375,0.822998046875,0.281463623046875,0.527435302734375,0.215576171875,0.204681396484375,1.66119384765625,2.399688720703125,1.89764404296875,1.048065185546875,0.361328125,0.1907958984375,0.2977294921875,0.280670166015625
2247.5,0.14434814453125,0.990875244140625,0.526947021484375,0.430206298828125,0.095947265625,0.578277587890625,0.089630126953125,0.07025146484375,0.45782470703125,1.257965087890625,0.4830322265625,0.256561279296875,0.15167236328125,0.282379150390625,0.11907958984375,0.102813720703125,0.862701416015625,1.34503173828125,0.98431396484375,0.138702392578125,0.124664306640625,0.155609130859375,0.148773193359375,0.130035400390625,1.108489990234375,2.05224609375,1.205078125,0.274322509765625,0.250030517578125,0.068695068359375,0.21514892578125,0.18743896484375,1.286346435546875,1.997100830078125,1.326019287109375,0.822998046875,0.281463623046875,0.527435302734375,0.215576171875,0.204681396484375,1.66119384765625,2.399688720703125,1.89764404296875,1.048065185546875,0.361328125,0.1907958984375,0.2977294921875,0.280670166015625
2248.5,0.14434814453125,0.990875244140625,0.526947021484375,0.430206298828125,0.095947265625,0.578277587890625,0.089630126953125,0.07025146484375,0.45782470703125,1.257965087890625,0.4830322265625,0.256561279296875,0.15167236328125,0.282379150390625,0.11907958984375,0.102813720703125,0.862701416015625,1.34503173828125,0.98431396484375,0.138702392578125,0.124664306640625,0.155609130859375,0.148773193359375,0.130035400390625,1.108489990234375,2.05224609375,1.205078125,0.274322509765625,0.250030517578125,0.068695068359375,0.21514892578125,0.18743896484375,1.286346435546875,1.997100830078125,1.326019287109375,0.822998046875,0.281463623046875,0.527435302734375,0.215576171875,0.204681396484375,1.66119384765625,2.399688720703125,1.89764404296875,1.048065185546875,0.361328125,0.1907958984375,0.2977294921875,0.280670166015625
2249.5,0.14434814453125,0.990875244140625,0.526947021484375,0.430206298828125,0.095947265625,0.578277587890625,0.089630126953125,0.07025146484375,0.45782470703125,1.257965087890625,0.4830322265625,0.256561279296875,0.15167236328125,0.282379150390625,0.11907958984375,0.102813720703125,0.862701416015625,1.34503173828125,0.98431396484375,0.138702392578125,0.124664306640625,0.155609130859375,0.148773193359375,0.130035400390625,1.108489990234375,2.05224609375,1.205078125,0.274322509765625,0.250030517578125,0.068695068359375,0.21514892578125,0.18743896484375,1.286346435546875,1.997100830078125,1.326019287109375,0.822998046875,0.281463623046875,0.527435302734375,0.215576171875,0.204681396484375,1.66119384765625,2.399688720703125,1.89764404296875,1.048065185546875,0.361328125,0.1907958984375,0.2977294921875,0.280670166015625
2250.5,0.14434814453125,0.990875244140625,0.526947021484375,0.430206298828125,0.095947265625,0.578277587890625,0.089630126953125,0.07025146484375,0.45782470703125,1.257965087890625,0.4830322265625,0.256561279296875,0.15167236328125,0.282379150390625,0.11907958984375,0.102813720703125,0.862701416015625,1.34503173828125,0.98431396484375,0.138702392578125,0.124664306640625,0.155609130859375,0.148773193359375,0.130035400390625,1.108489990234375,2.05224609375,1.205078125,0.274322509765625,0.250030517578125,0.068695068359375,0.21514892578125,0.18743896484375,1.286346435546875,1.997100830078125,1.326019287109375,0.822998046875,0.281463623046875,0.527435302734375,0.215576171875,0.204681396484375,1.66119384765625,2.399688720703125,1.89764404296875,1.048065185546875,0.361328125,0.1907958984375,0.2977294921875,0.280670166015625
2251.5,0.14434814453125,0.990875244140625,0.526947021484375,0.430206298828125,0.095947265625,0.578277587890625,0.089630126953125,0.07025146484375,0.45782470703125,1.257965087890625,0.4830322265625,0.256561279296875,0.15167236328125,0.282379150390625,0.11907958984375,0.102813720703125,0.862701416015625,1.34503173828125,0.98431396484375,0.138702392578125,0.124664306640625,0.155609130859375,0.148773193359375,0.130035400390625,1.108489990234375,2.05224609375,1.205078125,0.274322509765625,0.250030517578125,0.068695068359375,0.21514892578125,0.18743896484375,1.286346435546875,1.997100830078125,1.326019287109375,0.822998046875,0.281463623046875,0.527435302734375,0.215576171875,0.204681396484375,1.66119384765625,2.399688720703125,1.89764404296875,1.048065185546875,0.361328125,0.1907958984375,0.2977294921875,0.280670166015625
2252.5,0.14434814453125,0.990875244140625,0.526947021484375,0.430206298828125,0.095947265625,0.578277587890625,0.089630126953125,0.07025146484375,0.45782470703125,1.257965087890625,0.4830322265625,0.256561279296875,0.15167236328125,0.282379150390625,0.11907958984375,0.102813720703125,0.862701416015625,1.34503173828125,0.98431396484375,0.138702392578125,0.124664306640625,0.155609130859375,0.148773193359375,0.130035400390625,1.108489990234375,2.05224609375,1.205078125,0.274322509765625,0.250030517578125,0.068695068359375,0.21514892578125,0.18743896484375,1.286346435546875,1.997100830078125,1.326019287109375,0.822998046875,0.281463623046875,0.527435302734375,0.215576171875,0.204681396484375,1.66119384765625,2.399688720703125,1.89764404296875,1.048065185546875,0.361328125,0.1907958984375,0.2977294921875,0.280670166015625
2253.5,0.14434814453125,0.990875244140625,0.526947021484375,0.430206298828125,0.095947265625,0.578277587890625,0.089630126953125,0.07025146484375,0.45782470703125,1.257965087890625,0.4830322265625,0.256561279296875,0.15167236328125,0.282379150390625,0.11907958984375,0.102813720703125,0.862701416015625,1.34503173828125,0.98431396484375,0.138702392578125,0.124664306640625,0.155609130859375,0.148773193359375,0.130035400390625,1.108489990234375,2.05224609375,1.205078125,0.274322509765625,0.250030517578125,0.068695068359375,0.21514892578125,0.18743896484375,1.286346435546875,1.997100830078125,1.326019287109375,0.822998046875,0.281463623046875,0.527435302734375,0.215576171875,0.204681396484375,1.66119384765625,2.399688720703125,1.89764404296875,1.048065185546875,0.361328125,0.1907958984375,0.2977294921875,0.280670166015625
2254.5,0.14434814453125,0.990875244140625,0.526947021484375,0.430206298828125,0.095947265625,0.578277587890625,0.089630126953125,0.07025146484375,0.45782470703125,1.257965087890625,0.4830322265625,0.256561279296875,0.15167236328125,0.282379150390625,0.11907958984375,0.102813720703125,0.862701416015625,1.34503173828125,0.98431396484375,0.138702392578125,0.124664306640625,0.155609130859375,0.148773193359375,0.130035400390625,1.108489990234375,2.05224609375,1.205078125,0.274322509765625,0.250030517578125,0.068695068359375,0.21514892578125,0.18743896484375,1.286346435546875,1.997100830078125,1.326019287109375,0.822998046875,0.281463623046875,0.527435302734375,0.215576171875,0.204681396484375,1.66119384765625,2.399688720703125,1.89764404296875,1.048065185546875,0.361328125,0.1907958984375,0.2977294921875,0.280670166015625
2255.5,0.14434814453125,0.990875244140625,0.526947021484375,0.430206298828125,0.095947265625,0.578277587890625,0.089630126953125,0.07025146484375,0.45782470703125,1.257965087890625,0.4830322265625,0.256561279296875,0.15167236328125,0.282379150390625,0.11907958984375,0.102813720703125,0.862701416015625,1.34503173828125,0.98431396484375,0.138702392578125,0.124664306640625,0.155609130859375,0.148773193359375,0.130035400390625,1.108489990234375,2.05224609375,1.205078125,0.274322509765625,0.250030517578125,0.068695068359375,0.21514892578125,0.18743896484375,1.286346435546875,1.997100830078125,1.326019287109375,0.822998046875,0.281463623046875,0.527435302734375,0.215576171875,0.204681396484375,1.66119384765625,2.399688720703125,1.89764404296875,1.048065185546875,0.361328125,0.1907958984375,0.2977294921875,0.280670166015625
2256.5,0.14434814453125,0.990875244140625,0.526947021484375,0.430206298828125,0.095947265625,0.578277587890625,0.089630126953125,0.07025146484375,0.45782470703125,1.257965087890625,0.4830322265625,0.256561279296875,0.15167236328125,0.282379150390625,0.11907958984375,0.102813720703125,0.862701416015625,1.34503173828125,0.98431396484375,0.138702392578125,0.124664306640625,0.155609130859375,0.148773193359375,0.130035400390625,1.108489990234375,2.05224609375,1.205078125,0.274322509765625,0.250030517578125,0.068695068359375,0.21514892578125,0.18743896484375,1.286346435546875,1.997100830078125,1.326019287109375,0.822998046875,0.281463623046875,0.527435302734375,0.215576171875,0.204681396484375,1.66119384765625,2.399688720703125,1.89764404296875,1.048065185546875,0.361328125,0.1907958984375,0.2977294921875,0.280670166015625
2257.5,0.14434814453125,0.990875244140625,0.526947021484375,0.430206298828125,0.095947265625,0.578277587890625,0.089630126953125,0.07025146484375,0.45782470703125,1.257965087890625,0.4830322265625,0.256561279296875,0.15167236328125,0.282379150390625,0.11907958984375,0.102813720703125,0.862701416015625,1.34503173828125,0.98431396484375,0.138702392578125,0.124664306640625,0.155609130859375,0.148773193359375,0.130035400390625,1.108489990234375,2.05224609375,1.205078125,0.274322509765625,0.250030517578125,0.068695068359375,0.21514892578125,0.18743896484375,1.286346435546875,1.997100830078125,1.326019287109375,0.822998046875,0.281463623046875,0.527435302734375,0.215576171875,0.204681396484375,1.66119384765625,2.399688720703125,1.89764404296875,1.048065185546875,0.361328125,0.1907958984375,0.2977294921875,0.280670166015625
2258.5,0.14434814453125,0.990875244140625,0.526947021484375,0.430206298828125,0.095947265625,0.578277587890625,0.089630126953125,0.07025146484375,0.45782470703125,1.257965087890625,0.4830322265625,0.256561279296875,0.15167236328125,0.282379150390625,0.11907958984375,0.102813720703125,0.862701416015625,1.34503173828125,0.98431396484375,0.138702392578125,0.124664306640625,0.155609130859375,0.148773193359375,0.130035400390625,1.108489990234375,2.05224609375,1.205078125,0.274322509765625,0.250030517578125,0.068695068359375,0.21514892578125,0.18743896484375,1.286346435546875,1.997100830078125,1.326019287109375,0.822998046875,0.281463623046875,0.527435302734375,0.215576171875,0.204681396484375,1.66119384765625,2.399688720703125,1.89764404296875,1.048065185546875,0.361328125,0.1907958984375,0.2977294921875,0.280670166015625
2259.5,0.14434814453125,0.990875244140625,0.526947021484375,0.430206298828125,0.095947265625,0.578277587890625,0.089630126953125,0.07025146484375,0.45782470703125,1.257965087890625,0.4830322265625,0.256561279296875,0.15167236328125,0.282379150390625,0.11907958984375,0.102813720703125,0.862701416015625,1.34503173828125,0.98431396484375,0.138702392578125,0.124664306640625,0.155609130859375,0.148773193359375,0.130035400390625,1.108489990234375,2.05224609375,1.205078125,0.274322509765625,0.250030517578125,0.068695068359375,0.21514892578125,0.18743896484375,1.286346435546875,1.997100830078125,1.326019287109375,0.822998046875,0.281463623046875,0.527435302734375,0.215576171875,0.204681396484375,1.66119384765625,2.399688720703125,1.89764404296875,1.048065185546875,0.361328125,0.1907958984375,0.2977294921875,0.280670166015625
2260.5,0.14434814453125,0.990875244140625,0.526947021484375,0.430206298828125,0.095947265625,0.578277587890625,0.089630126953125,0.07025146484375,0.45782470703125,1.257965087890625,0.4830322265625,0.256561279296875,0.15167236328125,0.282379150390625,0.11907958984375,0.102813720703125,0.862701416015625,1.34503173828125,0.98431396484375,0.138702392578125,0.124664306640625,0.155609130859375,0.148773193359375,0.130035400390625,1.108489990234375,2.05224609375,1.205078125,0.274322509765625,0.250030517578125,0.068695068359375,0.21514892578125,0.18743896484375,1.286346435546875,1.997100830078125,1.326019287109375,0.822998046875,0.281463623046875,0.527435302734375,0.215576171875,0.204681396484375,1.66119384765625,2.399688720703125,1.89764404296875,1.048065185546875,0.361328125,0.1907958984375,0.2977294921875,0.280670166015625
2261.5,0.14434814453125,0.990875244140625,0.526947021484375,0.430206298828125,0.095947265625,0.578277587890625,0.089630126953125,0.07025146484375,0.45782470703125,1.257965087890625,0.4830322265625,0.256561279296875,0.15167236328125,0.282379150390625,0.11907958984375,0.102813720703125,0.862701416015625,1.34503173828125,0.98431396484375,0.138702392578125,0.124664306640625,0.155609130859375,0.148773193359375,0.130035400390625,1.108489990234375,2.05224609375,1.205078125,0.274322509765625,0.250030517578125,0.068695068359375,0.21514892578125,0.18743896484375,1.286346435546875,1.997100830078125,1.326019287109375,0.822998046875,0.281463623046875,0.527435302734375,0.215576171875,0.204681396484375,1.66119384765625,2.399688720703125,1.89764404296875,1.048065185546875,0.361328125,0.1907958984375,0.2977294921875,0.280670166015625
2262.5,0.14434814453125,0.990875244140625,0.526947021484375,0.430206298828125,0.095947265625,0.578277587890625,0.089630126953125,0.07025146484375,0.45782470703125,1.257965087890625,0.4830322265625,0.256561279296875,0.15167236328125,0.282379150390625,0.11907958984375,0.102813720703125,0.862701416015625,1.34503173828125,0.98431396484375,0.138702392578125,0.124664306640625,0.155609130859375,0.148773193359375,0.130035400390625,1.108489990234375,2.05224609375,1.205078125,0.274322509765625,0.250030517578125,0.068695068359375,0.21514892578125,0.18743896484375,1.286346435546875,1.997100830078125,1.326019287109375,0.822998046875,0.281463623046875,0.527435302734375,0.215576171875,0.204681396484375,1.66119384765625,2.399688720703125,1.89764404296875,1.048065185546875,0.361328125,0.1907958984375,0.2977294921875,0.280670166015625
2263.5,0.14434814453125,0.990875244140625,0.526947021484375,0.430206298828125,0.095947265625,0.578277587890625,0.089630126953125,0.07025146484375,0.45782470703125,1.257965087890625,0.4830322265625,0.256561279296875,0.15167236328125,0.282379150390625,0.11907958984375,0.102813720703125,0.862701416015625,1.34503173828125,0.98431396484375,0.138702392578125,0.124664306640625,0.155609130859375,0.148773193359375,0.130035400390625,1.108489990234375,2.05224609375,1.205078125,0.274322509765625,0.250030517578125,0.068695068359375,0.21514892578125,0.18743896484375,1.286346435546875,1.997100830078125,1.326019287109375,0.822998046875,0.281463623046875,0.527435302734375,0.215576171875,0.204681396484375,1.66119384765625,2.399688720703125,1.89764404296875,1.048065185546875,0.361328125,0.1907958984375,0.2977294921875,0.280670166015625
2264.5,0.14434814453125,0.990875244140625,0.526947021484375,0.430206298828125,0.095947265625,0.578277587890625,0.089630126953125,0.07025146484375,0.45782470703125,1.257965087890625,0.4830322265625,0.256561279296875,0.15167236328125,0.282379150390625,0.11907958984375,0.102813720703125,0.862701416015625,1.34503173828125,0.98431396484375,0.138702392578125,0.124664306640625,0.155609130859375,0.148773193359375,0.130035400390625,1.108489990234375,2.05224609375,1.205078125,0.274322509765625,0.250030517578125,0.068695068359375,0.21514892578125,0.18743896484375,1.286346435546875,1.997100830078125,1.326019287109375,0.822998046875,0.281463623046875,0.527435302734375,0.215576171875,0.204681396484375,1.66119384765625,2.399688720703125,1.89764404296875,1.048065185546875,0.361328125,0.1907958984375,0.2977294921875,0.280670166015625
2265.5,0.14434814453125,0.990875244140625,0.526947021484375,0.430206298828125,0.095947265625,0.578277587890625,0.089630126953125,0.07025146484375,0.45782470703125,1.257965087890625,0.4830322265625,0.256561279296875,0.15167236328125,0.282379150390625,0.11907958984375,0.102813720703125,0.862701416015625,1.34503173828125,0.98431396484375,0.138702392578125,0.124664306640625,0.155609130859375,0.148773193359375,0.130035400390625,1.108489990234375,2.05224609375,1.205078125,0.274322509765625,0.250030517578125,0.068695068359375,0.21514892578125,0.18743896484375,1.286346435546875,1.997100830078125,1.326019287109375,0.822998046875,0.281463623046875,0.527435302734375,0.215576171875,0.204681396484375,1.66119384765625,2.399688720703125,1.89764404296875,1.048065185546875,0.361328125,0.1907958984375,0.2977294921875,0.280670166015625
2266.5,0.14434814453125,0.990875244140625,0.526947021484375,0.430206298828125,0.095947265625,0.578277587890625,0.089630126953125,0.07025146484375,0.45782470703125,1.257965087890625,0.4830322265625,0.256561279296875,0.15167236328125,0.282379150390625,0.11907958984375,0.102813720703125,0.862701416015625,1.34503173828125,0.98431396484375,0.138702392578125,0.124664306640625,0.155609130859375,0.148773193359375,0.130035400390625,1.108489990234375,2.05224609375,1.205078125,0.274322509765625,0.250030517578125,0.068695068359375,0.21514892578125,0.18743896484375,1.286346435546875,1.997100830078125,1.326019287109375,0.822998046875,0.281463623046875,0.527435302734375,0.215576171875,0.204681396484375,1.66119384765625,2.399688720703125,1.89764404296875,1.048065185546875,0.361328125,0.1907958984375,0.2977294921875,0.280670166015625
2267.5,0.14434814453125,0.990875244140625,0.526947021484375,0.430206298828125,0.095947265625,0.578277587890625,0.089630126953125,0.07025146484375,0.45782470703125,1.257965087890625,0.4830322265625,0.256561279296875,0.15167236328125,0.282379150390625,0.11907958984375,0.102813720703125,0.862701416015625,1.34503173828125,0.98431396484375,0.138702392578125,0.124664306640625,0.155609130859375,0.148773193359375,0.130035400390625,1.108489990234375,2.05224609375,1.205078125,0.274322509765625,0.250030517578125,0.068695068359375,0.21514892578125,0.18743896484375,1.286346435546875,1.997100830078125,1.326019287109375,0.822998046875,0.281463623046875,0.527435302734375,0.215576171875,0.204681396484375,1.66119384765625,2.399688720703125,1.89764404296875,1.048065185546875,0.361328125,0.1907958984375,0.2977294921875,0.280670166015625
2268.5,0.14434814453125,0.990875244140625,0.526947021484375,0.430206298828125,0.095947265625,0.578277587890625,0.089630126953125,0.07025146484375,0.45782470703125,1.257965087890625,0.4830322265625,0.256561279296875,0.15167236328125,0.282379150390625,0.11907958984375,0.102813720703125,0.862701416015625,1.34503173828125,0.98431396484375,0.138702392578125,0.124664306640625,0.155609130859375,0.148773193359375,0.130035400390625,1.108489990234375,2.05224609375,1.205078125,0.274322509765625,0.250030517578125,0.068695068359375,0.21514892578125,0.18743896484375,1.286346435546875,1.997100830078125,1.326019287109375,0.822998046875,0.281463623046875,0.527435302734375,0.215576171875,0.204681396484375,1.66119384765625,2.399688720703125,1.89764404296875,1.048065185546875,0.361328125,0.1907958984375,0.2977294921875,0.280670166015625
2269.5,0.14434814453125,0.990875244140625,0.526947021484375,0.430206298828125,0.095947265625,0.578277587890625,0.089630126953125,0.07025146484375,0.45782470703125,1.257965087890625,0.4830322265625,0.256561279296875,0.15167236328125,0.282379150390625,0.11907958984375,0.102813720703125,0.862701416015625,1.34503173828125,0.98431396484375,0.138702392578125,0.124664306640625,0.155609130859375,0.148773193359375,0.130035400390625,1.108489990234375,2.05224609375,1.205078125,0.274322509765625,0.250030517578125,0.068695068359375,0.21514892578125,0.18743896484375,1.286346435546875,1.997100830078125,1.326019287109375,0.822998046875,0.281463623046875,0.527435302734375,0.215576171875,0.204681396484375,1.66119384765625,2.399688720703125,1.89764404296875,1.048065185546875,0.361328125,0.1907958984375,0.2977294921875,0.280670166015625
2270.5,0.14434814453125,0.990875244140625,0.526947021484375,0.430206298828125,0.095947265625,0.578277587890625,0.089630126953125,0.07025146484375,0.45782470703125,1.257965087890625,0.4830322265625,0.256561279296875,0.15167236328125,0.282379150390625,0.11907958984375,0.102813720703125,0.862701416015625,1.34503173828125,0.98431396484375,0.138702392578125,0.124664306640625,0.155609130859375,0.148773193359375,0.130035400390625,1.108489990234375,2.05224609375,1.205078125,0.274322509765625,0.250030517578125,0.068695068359375,0.21514892578125,0.18743896484375,1.286346435546875,1.997100830078125,1.326019287109375,0.822998046875,0.281463623046875,0.527435302734375,0.215576171875,0.204681396484375,1.66119384765625,2.399688720703125,1.89764404296875,1.048065185546875,0.361328125,0.1907958984375,0.2977294921875,0.280670166015625
2271.5,0.14434814453125,0.990875244140625,0.526947021484375,0.430206298828125,0.095947265625,0.578277587890625,0.089630126953125,0.07025146484375,0.45782470703125,1.257965087890625,0.4830322265625,0.256561279296875,0.15167236328125,0.282379150390625,0.11907958984375,0.102813720703125,0.862701416015625,1.34503173828125,0.98431396484375,0.138702392578125,0.124664306640625,0.155609130859375,0.148773193359375,0.130035400390625,1.108489990234375,2.05224609375,1.205078125,0.274322509765625,0.250030517578125,0.068695068359375,0.21514892578125,0.18743896484375,1.286346435546875,1.997100830078125,1.326019287109375,0.822998046875,0.281463623046875,0.527435302734375,0.215576171875,0.204681396484375,1.66119384765625,2.399688720703125,1.89764404296875,1.048065185546875,0.361328125,0.1907958984375,0.2977294921875,0.280670166015625
2272.5,0.14434814453125,0.990875244140625,0.526947021484375,0.430206298828125,0.095947265625,0.578277587890625,0.089630126953125,0.07025146484375,0.45782470703125,1.257965087890625,0.4830322265625,0.256561279296875,0.15167236328125,0.282379150390625,0.11907958984375,0.102813720703125,0.862701416015625,1.34503173828125,0.98431396484375,0.138702392578125,0.124664306640625,0.155609130859375,0.148773193359375,0.130035400390625,1.108489990234375,2.05224609375,1.205078125,0.274322509765625,0.250030517578125,0.068695068359375,0.21514892578125,0.18743896484375,1.286346435546875,1.997100830078125,1.326019287109375,0.822998046875,0.281463623046875,0.527435302734375,0.215576171875,0.204681396484375,1.66119384765625,2.399688720703125,1.89764404296875,1.048065185546875,0.361328125,0.1907958984375,0.2977294921875,0.280670166015625
2273.5,0.14434814453125,0.990875244140625,0.526947021484375,0.430206298828125,0.095947265625,0.578277587890625,0.089630126953125,0.07025146484375,0.45782470703125,1.257965087890625,0.4830322265625,0.256561279296875,0.15167236328125,0.282379150390625,0.11907958984375,0.102813720703125,0.862701416015625,1.34503173828125,0.98431396484375,0.138702392578125,0.124664306640625,0.155609130859375,0.148773193359375,0.130035400390625,1.108489990234375,2.05224609375,1.205078125,0.274322509765625,0.250030517578125,0.068695068359375,0.21514892578125,0.18743896484375,1.286346435546875,1.997100830078125,1.326019287109375,0.822998046875,0.281463623046875,0.527435302734375,0.215576171875,0.204681396484375,1.66119384765625,2.399688720703125,1.89764404296875,1.048065185546875,0.361328125,0.1907958984375,0.2977294921875,0.280670166015625
2274.5,0.14434814453125,0.990875244140625,0.526947021484375,0.430206298828125,0.095947265625,0.578277587890625,0.089630126953125,0.07025146484375,0.45782470703125,1.257965087890625,0.4830322265625,0.256561279296875,0.15167236328125,0.282379150390625,0.11907958984375,0.102813720703125,0.862701416015625,1.34503173828125,0.98431396484375,0.138702392578125,0.124664306640625,0.155609130859375,0.148773193359375,0.130035400390625,1.108489990234375,2.05224609375,1.205078125,0.274322509765625,0.250030517578125,0.068695068359375,0.21514892578125,0.18743896484375,1.286346435546875,1.997100830078125,1.326019287109375,0.822998046875,0.281463623046875,0.527435302734375,0.215576171875,0.204681396484375,1.66119384765625,2.399688720703125,1.89764404296875,1.048065185546875,0.361328125,0.1907958984375,0.2977294921875,0.280670166015625
2275.5,0.14434814453125,0.990875244140625,0.526947021484375,0.430206298828125,0.095947265625,0.578277587890625,0.089630126953125,0.07025146484375,0.45782470703125,1.257965087890625,0.4830322265625,0.256561279296875,0.15167236328125,0.282379150390625,0.11907958984375,0.102813720703125,0.862701416015625,1.34503173828125,0.98431396484375,0.138702392578125,0.124664306640625,0.155609130859375,0.148773193359375,0.130035400390625,1.108489990234375,2.05224609375,1.205078125,0.274322509765625,0.250030517578125,0.068695068359375,0.21514892578125,0.18743896484375,1.286346435546875,1.997100830078125,1.326019287109375,0.822998046875,0.281463623046875,0.527435302734375,0.215576171875,0.204681396484375,1.66119384765625,2.399688720703125,1.89764404296875,1.048065185546875,0.361328125,0.1907958984375,0.2977294921875,0.280670166015625
2276.5,0.14434814453125,0.990875244140625,0.526947021484375,0.430206298828125,0.095947265625,0.578277587890625,0.089630126953125,0.07025146484375,0.45782470703125,1.257965087890625,0.4830322265625,0.256561279296875,0.15167236328125,0.282379150390625,0.11907958984375,0.102813720703125,0.862701416015625,1.34503173828125,0.98431396484375,0.138702392578125,0.124664306640625,0.155609130859375,0.148773193359375,0.130035400390625,1.108489990234375,2.05224609375,1.205078125,0.274322509765625,0.250030517578125,0.068695068359375,0.21514892578125,0.18743896484375,1.286346435546875,1.997100830078125,1.326019287109375,0.822998046875,0.281463623046875,0.527435302734375,0.215576171875,0.204681396484375,1.66119384765625,2.399688720703125,1.89764404296875,1.048065185546875,0.361328125,0.1907958984375,0.2977294921875,0.280670166015625
2277.5,0.14434814453125,0.990875244140625,0.526947021484375,0.430206298828125,0.095947265625,0.578277587890625,0.089630126953125,0.07025146484375,0.45782470703125,1.257965087890625,0.4830322265625,0.256561279296875,0.15167236328125,0.282379150390625,0.11907958984375,0.102813720703125,0.862701416015625,1.34503173828125,0.98431396484375,0.138702392578125,0.124664306640625,0.155609130859375,0.148773193359375,0.130035400390625,1.108489990234375,2.05224609375,1.205078125,0.274322509765625,0.250030517578125,0.068695068359375,0.21514892578125,0.18743896484375,1.286346435546875,1.997100830078125,1.326019287109375,0.822998046875,0.281463623046875,0.527435302734375,0.215576171875,0.204681396484375,1.66119384765625,2.399688720703125,1.89764404296875,1.048065185546875,0.361328125,0.1907958984375,0.2977294921875,0.280670166015625
2278.5,0.14434814453125,0.990875244140625,0.526947021484375,0.430206298828125,0.095947265625,0.578277587890625,0.089630126953125,0.07025146484375,0.45782470703125,1.257965087890625,0.4830322265625,0.256561279296875,0.15167236328125,0.282379150390625,0.11907958984375,0.102813720703125,0.862701416015625,1.34503173828125,0.98431396484375,0.138702392578125,0.124664306640625,0.155609130859375,0.148773193359375,0.130035400390625,1.108489990234375,2.05224609375,1.205078125,0.274322509765625,0.250030517578125,0.068695068359375,0.21514892578125,0.18743896484375,1.286346435546875,1.997100830078125,1.326019287109375,0.822998046875,0.281463623046875,0.527435302734375,0.215576171875,0.204681396484375,1.66119384765625,2.399688720703125,1.89764404296875,1.048065185546875,0.361328125,0.1907958984375,0.2977294921875,0.280670166015625
2279.5,0.14434814453125,0.990875244140625,0.526947021484375,0.430206298828125,0.095947265625,0.578277587890625,0.089630126953125,0.07025146484375,0.45782470703125,1.257965087890625,0.4830322265625,0.256561279296875,0.15167236328125,0.282379150390625,0.11907958984375,0.102813720703125,0.862701416015625,1.34503173828125,0.98431396484375,0.138702392578125,0.124664306640625,0.155609130859375,0.148773193359375,0.130035400390625,1.108489990234375,2.05224609375,1.205078125,0.274322509765625,0.250030517578125,0.068695068359375,0.21514892578125,0.18743896484375,1.286346435546875,1.997100830078125,1.326019287109375,0.822998046875,0.281463623046875,0.527435302734375,0.215576171875,0.204681396484375,1.66119384765625,2.399688720703125,1.89764404296875,1.048065185546875,0.361328125,0.1907958984375,0.2977294921875,0.280670166015625
2280.5,0.14434814453125,0.990875244140625,0.526947021484375,0.430206298828125,0.095947265625,0.578277587890625,0.089630126953125,0.07025146484375,0.45782470703125,1.257965087890625,0.4830322265625,0.256561279296875,0.15167236328125,0.282379150390625,0.11907958984375,0.102813720703125,0.862701416015625,1.34503173828125,0.98431396484375,0.138702392578125,0.124664306640625,0.155609130859375,0.148773193359375,0.130035400390625,1.108489990234375,2.05224609375,1.205078125,0.274322509765625,0.250030517578125,0.068695068359375,0.21514892578125,0.18743896484375,1.286346435546875,1.997100830078125,1.326019287109375,0.822998046875,0.281463623046875,0.527435302734375,0.215576171875,0.204681396484375,1.66119384765625,2.399688720703125,1.89764404296875,1.048065185546875,0.361328125,0.1907958984375,0.2977294921875,0.280670166015625
2281.5,0.14434814453125,0.990875244140625,0.526947021484375,0.430206298828125,0.095947265625,0.578277587890625,0.089630126953125,0.07025146484375,0.45782470703125,1.257965087890625,0.4830322265625,0.256561279296875,0.15167236328125,0.282379150390625,0.11907958984375,0.102813720703125,0.862701416015625,1.34503173828125,0.98431396484375,0.138702392578125,0.124664306640625,0.155609130859375,0.148773193359375,0.130035400390625,1.108489990234375,2.05224609375,1.205078125,0.274322509765625,0.250030517578125,0.068695068359375,0.21514892578125,0.18743896484375,1.286346435546875,1.997100830078125,1.326019287109375,0.822998046875,0.281463623046875,0.527435302734375,0.215576171875,0.204681396484375,1.66119384765625,2.399688720703125,1.89764404296875,1.048065185546875,0.361328125,0.1907958984375,0.2977294921875,0.280670166015625
2282.5,0.14434814453125,0.990875244140625,0.526947021484375,0.430206298828125,0.095947265625,0.578277587890625,0.089630126953125,0.07025146484375,0.45782470703125,1.257965087890625,0.4830322265625,0.256561279296875,0.15167236328125,0.282379150390625,0.11907958984375,0.102813720703125,0.862701416015625,1.34503173828125,0.98431396484375,0.138702392578125,0.124664306640625,0.155609130859375,0.148773193359375,0.130035400390625,1.108489990234375,2.05224609375,1.205078125,0.274322509765625,0.250030517578125,0.068695068359375,0.21514892578125,0.18743896484375,1.286346435546875,1.997100830078125,1.326019287109375,0.822998046875,0.281463623046875,0.527435302734375,0.215576171875,0.204681396484375,1.66119384765625,2.399688720703125,1.89764404296875,1.048065185546875,0.361328125,0.1907958984375,0.2977294921875,0.280670166015625
2283.5,0.14434814453125,0.990875244140625,0.526947021484375,0.430206298828125,0.095947265625,0.578277587890625,0.089630126953125,0.07025146484375,0.45782470703125,1.257965087890625,0.4830322265625,0.256561279296875,0.15167236328125,0.282379150390625,0.11907958984375,0.102813720703125,0.862701416015625,1.34503173828125,0.98431396484375,0.138702392578125,0.124664306640625,0.155609130859375,0.148773193359375,0.130035400390625,1.108489990234375,2.05224609375,1.205078125,0.274322509765625,0.250030517578125,0.068695068359375,0.21514892578125,0.18743896484375,1.286346435546875,1.997100830078125,1.326019287109375,0.822998046875,0.281463623046875,0.527435302734375,0.215576171875,0.204681396484375,1.66119384765625,2.399688720703125,1.89764404296875,1.048065185546875,0.361328125,0.1907958984375,0.2977294921875,0.280670166015625
2284.5,0.14434814453125,0.990875244140625,0.526947021484375,0.430206298828125,0.095947265625,0.578277587890625,0.089630126953125,0.07025146484375,0.45782470703125,1.257965087890625,0.4830322265625,0.256561279296875,0.15167236328125,0.282379150390625,0.11907958984375,0.102813720703125,0.862701416015625,1.34503173828125,0.98431396484375,0.138702392578125,0.124664306640625,0.155609130859375,0.148773193359375,0.130035400390625,1.108489990234375,2.05224609375,1.205078125,0.274322509765625,0.250030517578125,0.068695068359375,0.21514892578125,0.18743896484375,1.286346435546875,1.997100830078125,1.326019287109375,0.822998046875,0.281463623046875,0.527435302734375,0.215576171875,0.204681396484375,1.66119384765625,2.399688720703125,1.89764404296875,1.048065185546875,0.361328125,0.1907958984375,0.2977294921875,0.280670166015625
2285.5,0.14434814453125,0.990875244140625,0.526947021484375,0.430206298828125,0.095947265625,0.578277587890625,0.089630126953125,0.07025146484375,0.45782470703125,1.257965087890625,0.4830322265625,0.256561279296875,0.15167236328125,0.282379150390625,0.11907958984375,0.102813720703125,0.862701416015625,1.34503173828125,0.98431396484375,0.138702392578125,0.124664306640625,0.155609130859375,0.148773193359375,0.130035400390625,1.108489990234375,2.05224609375,1.205078125,0.274322509765625,0.250030517578125,0.068695068359375,0.21514892578125,0.18743896484375,1.286346435546875,1.997100830078125,1.326019287109375,0.822998046875,0.281463623046875,0.527435302734375,0.215576171875,0.204681396484375,1.66119384765625,2.399688720703125,1.89764404296875,1.048065185546875,0.361328125,0.1907958984375,0.2977294921875,0.280670166015625
2286.5,0.14434814453125,0.990875244140625,0.526947021484375,0.430206298828125,0.095947265625,0.578277587890625,0.089630126953125,0.07025146484375,0.45782470703125,1.257965087890625,0.4830322265625,0.256561279296875,0.15167236328125,0.282379150390625,0.11907958984375,0.102813720703125,0.862701416015625,1.34503173828125,0.98431396484375,0.138702392578125,0.124664306640625,0.155609130859375,0.148773193359375,0.130035400390625,1.108489990234375,2.05224609375,1.205078125,0.274322509765625,0.250030517578125,0.068695068359375,0.21514892578125,0.18743896484375,1.286346435546875,1.997100830078125,1.326019287109375,0.822998046875,0.281463623046875,0.527435302734375,0.215576171875,0.204681396484375,1.66119384765625,2.399688720703125,1.89764404296875,1.048065185546875,0.361328125,0.1907958984375,0.2977294921875,0.280670166015625
2287.5,0.14434814453125,0.990875244140625,0.526947021484375,0.430206298828125,0.095947265625,0.578277587890625,0.089630126953125,0.07025146484375,0.45782470703125,1.257965087890625,0.4830322265625,0.256561279296875,0.15167236328125,0.282379150390625,0.11907958984375,0.102813720703125,0.862701416015625,1.34503173828125,0.98431396484375,0.138702392578125,0.124664306640625,0.155609130859375,0.148773193359375,0.130035400390625,1.108489990234375,2.05224609375,1.205078125,0.274322509765625,0.250030517578125,0.068695068359375,0.21514892578125,0.18743896484375,1.286346435546875,1.997100830078125,1.326019287109375,0.822998046875,0.281463623046875,0.527435302734375,0.215576171875,0.204681396484375,1.66119384765625,2.399688720703125,1.89764404296875,1.048065185546875,0.361328125,0.1907958984375,0.2977294921875,0.280670166015625
2288.5,0.14434814453125,0.990875244140625,0.526947021484375,0.430206298828125,0.095947265625,0.578277587890625,0.089630126953125,0.07025146484375,0.45782470703125,1.257965087890625,0.4830322265625,0.256561279296875,0.15167236328125,0.282379150390625,0.11907958984375,0.102813720703125,0.862701416015625,1.34503173828125,0.98431396484375,0.138702392578125,0.124664306640625,0.155609130859375,0.148773193359375,0.130035400390625,1.108489990234375,2.05224609375,1.205078125,0.274322509765625,0.250030517578125,0.068695068359375,0.21514892578125,0.18743896484375,1.286346435546875,1.997100830078125,1.326019287109375,0.822998046875,0.281463623046875,0.527435302734375,0.215576171875,0.204681396484375,1.66119384765625,2.399688720703125,1.89764404296875,1.048065185546875,0.361328125,0.1907958984375,0.2977294921875,0.280670166015625
2289.5,0.14434814453125,0.990875244140625,0.526947021484375,0.430206298828125,0.095947265625,0.578277587890625,0.089630126953125,0.07025146484375,0.45782470703125,1.257965087890625,0.4830322265625,0.256561279296875,0.15167236328125,0.282379150390625,0.11907958984375,0.102813720703125,0.862701416015625,1.34503173828125,0.98431396484375,0.138702392578125,0.124664306640625,0.155609130859375,0.148773193359375,0.130035400390625,1.108489990234375,2.05224609375,1.205078125,0.274322509765625,0.250030517578125,0.068695068359375,0.21514892578125,0.18743896484375,1.286346435546875,1.997100830078125,1.326019287109375,0.822998046875,0.281463623046875,0.527435302734375,0.215576171875,0.204681396484375,1.66119384765625,2.399688720703125,1.89764404296875,1.048065185546875,0.361328125,0.1907958984375,0.2977294921875,0.280670166015625
2290.5,0.14434814453125,0.990875244140625,0.526947021484375,0.430206298828125,0.095947265625,0.578277587890625,0.089630126953125,0.07025146484375,0.45782470703125,1.257965087890625,0.4830322265625,0.256561279296875,0.15167236328125,0.282379150390625,0.11907958984375,0.102813720703125,0.862701416015625,1.34503173828125,0.98431396484375,0.138702392578125,0.124664306640625,0.155609130859375,0.148773193359375,0.130035400390625,1.108489990234375,2.05224609375,1.205078125,0.274322509765625,0.250030517578125,0.068695068359375,0.21514892578125,0.18743896484375,1.286346435546875,1.997100830078125,1.326019287109375,0.822998046875,0.281463623046875,0.527435302734375,0.215576171875,0.204681396484375,1.66119384765625,2.399688720703125,1.89764404296875,1.048065185546875,0.361328125,0.1907958984375,0.2977294921875,0.280670166015625
2291.5,0.14434814453125,0.990875244140625,0.526947021484375,0.430206298828125,0.095947265625,0.578277587890625,0.089630126953125,0.07025146484375,0.45782470703125,1.257965087890625,0.4830322265625,0.256561279296875,0.15167236328125,0.282379150390625,0.11907958984375,0.102813720703125,0.862701416015625,1.34503173828125,0.98431396484375,0.138702392578125,0.124664306640625,0.155609130859375,0.148773193359375,0.130035400390625,1.108489990234375,2.05224609375,1.205078125,0.274322509765625,0.250030517578125,0.068695068359375,0.21514892578125,0.18743896484375,1.286346435546875,1.997100830078125,1.326019287109375,0.822998046875,0.281463623046875,0.527435302734375,0.215576171875,0.204681396484375,1.66119384765625,2.399688720703125,1.89764404296875,1.048065185546875,0.361328125,0.1907958984375,0.2977294921875,0.280670166015625
2292.5,0.14434814453125,0.990875244140625,0.526947021484375,0.430206298828125,0.095947265625,0.578277587890625,0.089630126953125,0.07025146484375,0.45782470703125,1.257965087890625,0.4830322265625,0.256561279296875,0.15167236328125,0.282379150390625,0.11907958984375,0.102813720703125,0.862701416015625,1.34503173828125,0.98431396484375,0.138702392578125,0.124664306640625,0.155609130859375,0.148773193359375,0.130035400390625,1.108489990234375,2.05224609375,1.205078125,0.274322509765625,0.250030517578125,0.068695068359375,0.21514892578125,0.18743896484375,1.286346435546875,1.997100830078125,1.326019287109375,0.822998046875,0.281463623046875,0.527435302734375,0.215576171875,0.204681396484375,1.66119384765625,2.399688720703125,1.89764404296875,1.048065185546875,0.361328125,0.1907958984375,0.2977294921875,0.280670166015625
2293.5,0.14434814453125,0.990875244140625,0.526947021484375,0.430206298828125,0.095947265625,0.578277587890625,0.089630126953125,0.07025146484375,0.45782470703125,1.257965087890625,0.4830322265625,0.256561279296875,0.15167236328125,0.282379150390625,0.11907958984375,0.102813720703125,0.862701416015625,1.34503173828125,0.98431396484375,0.138702392578125,0.124664306640625,0.155609130859375,0.148773193359375,0.130035400390625,1.108489990234375,2.05224609375,1.205078125,0.274322509765625,0.250030517578125,0.068695068359375,0.21514892578125,0.18743896484375,1.286346435546875,1.997100830078125,1.326019287109375,0.822998046875,0.281463623046875,0.527435302734375,0.215576171875,0.204681396484375,1.66119384765625,2.399688720703125,1.89764404296875,1.048065185546875,0.361328125,0.1907958984375,0.2977294921875,0.280670166015625
2294.5,0.14434814453125,0.990875244140625,0.526947021484375,0.430206298828125,0.095947265625,0.578277587890625,0.089630126953125,0.07025146484375,0.45782470703125,1.257965087890625,0.4830322265625,0.256561279296875,0.15167236328125,0.282379150390625,0.11907958984375,0.102813720703125,0.862701416015625,1.34503173828125,0.98431396484375,0.138702392578125,0.124664306640625,0.155609130859375,0.148773193359375,0.130035400390625,1.108489990234375,2.05224609375,1.205078125,0.274322509765625,0.250030517578125,0.068695068359375,0.21514892578125,0.18743896484375,1.286346435546875,1.997100830078125,1.326019287109375,0.822998046875,0.281463623046875,0.527435302734375,0.215576171875,0.204681396484375,1.66119384765625,2.399688720703125,1.89764404296875,1.048065185546875,0.361328125,0.1907958984375,0.2977294921875,0.280670166015625
2295.5,0.14434814453125,0.990875244140625,0.526947021484375,0.430206298828125,0.095947265625,0.578277587890625,0.089630126953125,0.07025146484375,0.45782470703125,1.257965087890625,0.4830322265625,0.256561279296875,0.15167236328125,0.282379150390625,0.11907958984375,0.102813720703125,0.862701416015625,1.34503173828125,0.98431396484375,0.138702392578125,0.124664306640625,0.155609130859375,0.148773193359375,0.130035400390625,1.108489990234375,2.05224609375,1.205078125,0.274322509765625,0.250030517578125,0.068695068359375,0.21514892578125,0.18743896484375,1.286346435546875,1.997100830078125,1.326019287109375,0.822998046875,0.281463623046875,0.527435302734375,0.215576171875,0.204681396484375,1.66119384765625,2.399688720703125,1.89764404296875,1.048065185546875,0.361328125,0.1907958984375,0.2977294921875,0.280670166015625
2296.5,0.14434814453125,0.990875244140625,0.526947021484375,0.430206298828125,0.095947265625,0.578277587890625,0.089630126953125,0.07025146484375,0.45782470703125,1.257965087890625,0.4830322265625,0.256561279296875,0.15167236328125,0.282379150390625,0.11907958984375,0.102813720703125,0.862701416015625,1.34503173828125,0.98431396484375,0.138702392578125,0.124664306640625,0.155609130859375,0.148773193359375,0.130035400390625,1.108489990234375,2.05224609375,1.205078125,0.274322509765625,0.250030517578125,0.068695068359375,0.21514892578125,0.18743896484375,1.286346435546875,1.997100830078125,1.326019287109375,0.822998046875,0.281463623046875,0.527435302734375,0.215576171875,0.204681396484375,1.66119384765625,2.399688720703125,1.89764404296875,1.048065185546875,0.361328125,0.1907958984375,0.2977294921875,0.280670166015625
2297.5,0.14434814453125,0.990875244140625,0.526947021484375,0.430206298828125,0.095947265625,0.578277587890625,0.089630126953125,0.07025146484375,0.45782470703125,1.257965087890625,0.4830322265625,0.256561279296875,0.15167236328125,0.282379150390625,0.11907958984375,0.102813720703125,0.862701416015625,1.34503173828125,0.98431396484375,0.138702392578125,0.124664306640625,0.155609130859375,0.148773193359375,0.130035400390625,1.108489990234375,2.05224609375,1.205078125,0.274322509765625,0.250030517578125,0.068695068359375,0.21514892578125,0.18743896484375,1.286346435546875,1.997100830078125,1.326019287109375,0.822998046875,0.281463623046875,0.527435302734375,0.215576171875,0.204681396484375,1.66119384765625,2.399688720703125,1.89764404296875,1.048065185546875,0.361328125,0.1907958984375,0.2977294921875,0.280670166015625
2298.5,0.14434814453125,0.990875244140625,0.526947021484375,0.430206298828125,0.095947265625,0.578277587890625,0.089630126953125,0.07025146484375,0.45782470703125,1.257965087890625,0.4830322265625,0.256561279296875,0.15167236328125,0.282379150390625,0.11907958984375,0.102813720703125,0.862701416015625,1.34503173828125,0.98431396484375,0.138702392578125,0.124664306640625,0.155609130859375,0.148773193359375,0.130035400390625,1.108489990234375,2.05224609375,1.205078125,0.274322509765625,0.250030517578125,0.068695068359375,0.21514892578125,0.18743896484375,1.286346435546875,1.997100830078125,1.326019287109375,0.822998046875,0.281463623046875,0.527435302734375,0.215576171875,0.204681396484375,1.66119384765625,2.399688720703125,1.89764404296875,1.048065185546875,0.361328125,0.1907958984375,0.2977294921875,0.280670166015625
2299.5,0.14434814453125,0.990875244140625,0.526947021484375,0.430206298828125,0.095947265625,0.578277587890625,0.089630126953125,0.07025146484375,0.45782470703125,1.257965087890625,0.4830322265625,0.256561279296875,0.15167236328125,0.282379150390625,0.11907958984375,0.102813720703125,0.862701416015625,1.34503173828125,0.98431396484375,0.138702392578125,0.124664306640625,0.155609130859375,0.148773193359375,0.130035400390625,1.108489990234375,2.05224609375,1.205078125,0.274322509765625,0.250030517578125,0.068695068359375,0.21514892578125,0.18743896484375,1.286346435546875,1.997100830078125,1.326019287109375,0.822998046875,0.281463623046875,0.527435302734375,0.215576171875,0.204681396484375,1.66119384765625,2.399688720703125,1.89764404296875,1.048065185546875,0.361328125,0.1907958984375,0.2977294921875,0.280670166015625
2300.5,0.14434814453125,0.990875244140625,0.526947021484375,0.430206298828125,0.095947265625,0.578277587890625,0.089630126953125,0.07025146484375,0.45782470703125,1.257965087890625,0.4830322265625,0.256561279296875,0.15167236328125,0.282379150390625,0.11907958984375,0.102813720703125,0.862701416015625,1.34503173828125,0.98431396484375,0.138702392578125,0.124664306640625,0.155609130859375,0.148773193359375,0.130035400390625,1.108489990234375,2.05224609375,1.205078125,0.274322509765625,0.250030517578125,0.068695068359375,0.21514892578125,0.18743896484375,1.286346435546875,1.997100830078125,1.326019287109375,0.822998046875,0.281463623046875,0.527435302734375,0.215576171875,0.204681396484375,1.66119384765625,2.399688720703125,1.89764404296875,1.048065185546875,0.361328125,0.1907958984375,0.2977294921875,0.280670166015625
