time,ssp119 - base,ssp119 - sce1,ssp119 - sce2,ssp119 - sce3,ssp119 - sce4,ssp119 - sce5,ssp119 - sce6,ssp126 - base,ssp126 - sce1,ssp126 - sce2,ssp126 - sce3,ssp126 - sce4,ssp126 - sce5,ssp126 - sce6,ssp534 - base,ssp534 - sce1,ssp534 - sce2,ssp534 - sce3,ssp534 - sce4,ssp534 - sce5,ssp534 - sce6,ssp434 - base,ssp434 - sce1,ssp434 - sce2,ssp434 - sce3,ssp434 - sce4,ssp434 - sce5,ssp434 - sce6,ssp245 - base,ssp245 - sce1,ssp245 - sce2,ssp245 - sce3,ssp245 - sce4,ssp245 - sce5,ssp245 - sce6,ssp460 - base,ssp460 - sce1,ssp460 - sce2,ssp460 - sce3,ssp460 - sce4,ssp460 - sce5,ssp460 - sce6,ssp370 - base,ssp370 - sce1,ssp370 - sce2,ssp370 - sce3,ssp370 - sce4,ssp370 - sce5,ssp370 - sce6,ssp585 - base,ssp585 - sce1,ssp585 - sce2,ssp585 - sce3,ssp585 - sce4,ssp585 - sce5,ssp585 - sce6
2015.5,39.271324157714844,39.271324157714844,39.271324157714844,39.271324157714844,39.271324157714844,39.271324157714844,39.271324157714844,39.28192901611328,39.28192901611328,39.28192901611328,39.28192901611328,39.28192901611328,39.28192901611328,39.28192901611328,39.5912971496582,39.5912971496582,39.5912971496582,39.5912971496582,39.5912971496582,39.5912971496582,39.5912971496582,39.38457489013672,39.38457489013672,39.38457489013672,39.38457489013672,39.38457489013672,39.38457489013672,39.38457489013672,39.357120513916016,39.357120513916016,39.357120513916016,39.357120513916016,39.357120513916016,39.357120513916016,39.357120513916016,39.38457489013672,39.38457489013672,39.38457489013672,39.38457489013672,39.38457489013672,39.38457489013672,39.38457489013672,39.70991897583008,39.70991897583008,39.70991897583008,39.70991897583008,39.70991897583008,39.70991897583008,39.70991897583008,39.5912971496582,39.5912971496582,39.5912971496582,39.5912971496582,39.5912971496582,39.5912971496582,39.5912971496582
2016.5,78.79154205322266,78.79154205322266,78.79154205322266,78.79154205322266,78.79154205322266,78.79154205322266,78.79154205322266,78.83426284790039,78.83426284790039,78.83426284790039,78.83426284790039,78.83426284790039,78.83426284790039,78.83426284790039,80.08032989501953,80.08032989501953,80.08032989501953,80.08032989501953,80.08032989501953,80.08032989501953,80.08032989501953,79.2477035522461,79.2477035522461,79.2477035522461,79.2477035522461,79.2477035522461,79.2477035522461,79.2477035522461,79.13712310791016,79.13712310791016,79.13712310791016,79.13712310791016,79.13712310791016,79.13712310791016,79.13712310791016,79.24770736694336,79.24770736694336,79.24770736694336,79.24770736694336,79.24770736694336,79.24770736694336,79.24770736694336,80.55810928344727,80.55810928344727,80.55810928344727,80.55810928344727,80.55810928344727,80.55810928344727,80.55810928344727,80.08032989501953,80.08032989501953,80.08032989501953,80.08032989501953,80.08032989501953,80.08032989501953,80.08032989501953
2017.5,118.5606575012207,118.5606575012207,118.5606575012207,118.5606575012207,118.5606575012207,118.5606575012207,118.5606575012207,118.6570053100586,118.6570053100586,118.6570053100586,118.6570053100586,118.6570053100586,118.6570053100586,118.6570053100586,121.46709823608398,121.46709823608398,121.46709823608398,121.46709823608398,121.46709823608398,121.46709823608398,121.46709823608398,119.58938217163086,119.58938217163086,119.58938217163086,119.58938217163086,119.58938217163086,119.58938217163086,119.58938217163086,119.34000396728516,119.34000396728516,119.34000396728516,119.34000396728516,119.34000396728516,119.34000396728516,119.34000396728516,119.58938980102539,119.58938980102539,119.58938980102539,119.58938980102539,119.58938980102539,119.58938980102539,119.58938980102539,122.54457092285156,122.54457092285156,122.54457092285156,122.54457092285156,122.54457092285156,122.54457092285156,122.54457092285156,121.46709823608398,121.46709823608398,121.46709823608398,121.46709823608398,121.46709823608398,121.46709823608398,121.46709823608398
2018.5,158.57867050170898,158.57867050170898,158.57867050170898,158.57867050170898,158.57867050170898,158.57867050170898,158.57867050170898,158.7501564025879,158.7501564025879,158.7501564025879,158.7501564025879,158.7501564025879,158.7501564025879,158.7501564025879,163.75160217285156,163.75160217285156,163.75160217285156,163.75160217285156,163.75160217285156,163.75160217285156,163.75160217285156,160.40961456298828,160.40961456298828,160.40961456298828,160.40961456298828,160.40961456298828,160.40961456298828,160.40961456298828,159.96576309204102,159.96576309204102,159.96576309204102,159.96576309204102,159.96576309204102,159.96576309204102,159.96576309204102,160.4096221923828,160.4096221923828,160.4096221923828,160.4096221923828,160.4096221923828,160.4096221923828,160.4096221923828,165.66930389404297,165.66930389404297,165.66930389404297,165.66930389404297,165.66930389404297,165.66930389404297,165.66930389404297,163.75160217285156,163.75160217285156,163.75160217285156,163.75160217285156,163.75160217285156,163.75160217285156,163.75160217285156
2019.5,198.84558486938477,198.84558486938477,198.84558486938477,198.84558486938477,198.84558486938477,198.84558486938477,198.84558486938477,199.11371231079102,199.11371231079102,199.11371231079102,199.11371231079102,199.11371231079102,199.11371231079102,199.11371231079102,206.93384170532227,206.93384170532227,206.93384170532227,206.93384170532227,206.93384170532227,206.93384170532227,206.93384170532227,201.7083969116211,201.7083969116211,201.7083969116211,201.7083969116211,201.7083969116211,201.7083969116211,201.7083969116211,201.01440048217773,201.01440048217773,201.01440048217773,201.01440048217773,201.01440048217773,201.01440048217773,201.01440048217773,201.70840454101562,201.70840454101562,201.70840454101562,201.70840454101562,201.70840454101562,201.70840454101562,201.70840454101562,209.93230819702148,209.93230819702148,209.93230819702148,209.93230819702148,209.93230819702148,209.93230819702148,209.93230819702148,206.93384170532227,206.93384170532227,206.93384170532227,206.93384170532227,206.93384170532227,206.93384170532227,206.93384170532227
2020.5,238.52849578857422,238.3489875793457,238.3489875793457,238.18230438232422,238.18230438232422,238.01562118530273,238.01562118530273,239.49410247802734,239.3145980834961,239.3145980834961,239.14791107177734,239.14791107177734,238.9812240600586,238.9812240600586,251.0951805114746,250.9156723022461,250.9156723022461,250.7489891052246,250.7489891052246,250.58230590820312,250.58230590820312,243.1234245300293,242.94391632080078,242.94391632080078,242.7772331237793,242.7772331237793,242.6105499267578,242.6105499267578,242.4178009033203,242.23829650878906,242.23829650878906,242.0716094970703,242.0716094970703,241.90492248535156,241.90492248535156,243.5546112060547,243.37510681152344,243.37510681152344,243.2084197998047,243.2084197998047,243.04173278808594,243.04173278808594,255.17666244506836,254.9971580505371,254.9971580505371,254.83047103881836,254.83047103881836,254.6637840270996,254.6637840270996,251.0951805114746,250.9156723022461,250.9156723022461,250.7489891052246,250.7489891052246,250.58230590820312,250.58230590820312
2021.5,276.77136611938477,276.0483512878418,276.0483512878418,275.3769836425781,275.3769836425781,274.70561599731445,274.70561599731445,279.63071060180664,278.9077033996582,278.9077033996582,278.23633193969727,278.23633193969727,277.5649604797363,277.5649604797363,296.3192367553711,295.5962219238281,295.5962219238281,294.92485427856445,294.92485427856445,294.2534866333008,294.2534866333008,284.2823257446289,283.55931091308594,283.55931091308594,282.887939453125,282.887939453125,282.2165718078613,282.2165718078613,284.10595321655273,283.38293838500977,283.38293838500977,282.7115707397461,282.7115707397461,282.04019927978516,282.04019927978516,286.0190315246582,285.2960205078125,285.2960205078125,284.62464904785156,284.62464904785156,283.9532775878906,283.9532775878906,301.24108123779297,300.51807022094727,300.51807022094727,299.8466987609863,299.8466987609863,299.1753273010254,299.1753273010254,296.3192367553711,295.5962219238281,295.5962219238281,294.92485427856445,294.92485427856445,294.2534866333008,294.2534866333008
2022.5,313.5741958618164,311.94367599487305,311.94367599487305,310.4296226501465,310.4296226501465,308.9155731201172,308.9155731201172,319.5235404968262,317.89302825927734,317.89302825927734,316.3789710998535,316.3789710998535,314.8649139404297,314.8649139404297,342.6060104370117,340.97549057006836,340.97549057006836,339.4614372253418,339.4614372253418,337.94738388061523,337.94738388061523,325.1851005554199,323.55458068847656,323.55458068847656,322.04051971435547,322.04051971435547,320.5264701843262,320.5264701843262,326.078857421875,324.4483337402344,324.4483337402344,322.9342842102051,322.9342842102051,321.42022705078125,321.42022705078125,329.1016654968262,327.4711456298828,327.4711456298828,325.95709228515625,325.95709228515625,324.4430351257324,324.4430351257324,348.1255645751953,346.4950485229492,346.4950485229492,344.9809913635254,344.9809913635254,343.4669380187988,343.4669380187988,342.6060104370117,340.97549057006836,340.97549057006836,339.4614372253418,339.4614372253418,337.94738388061523,337.94738388061523
2023.5,348.9369926452637,346.03496170043945,346.03496170043945,343.34022521972656,343.34022521972656,340.6454906463623,340.6454906463623,359.17259216308594,356.2705726623535,356.2705726623535,353.5758285522461,353.5758285522461,350.88108825683594,350.88108825683594,389.95550537109375,387.0534782409668,387.0534782409668,384.3587417602539,384.3587417602539,381.6639976501465,381.6639976501465,365.8317527770996,362.9297218322754,362.9297218322754,360.23497772216797,360.23497772216797,357.5402412414551,357.5402412414551,368.33650970458984,365.4344825744629,365.4344825744629,362.73974990844727,362.73974990844727,360.04500579833984,360.04500579833984,372.8025093078613,369.9004821777344,369.9004821777344,367.2057456970215,367.2057456970215,364.51100158691406,364.51100158691406,395.83011627197266,392.9280891418457,392.9280891418457,390.23334884643555,390.23334884643555,387.53861236572266,387.53861236572266,389.95550537109375,387.0534782409668,387.0534782409668,384.3587417602539,384.3587417602539,381.6639976501465,381.6639976501465
2024.5,382.85974884033203,378.322208404541,378.322208404541,374.1087894439697,374.1087894439697,369.8953685760498,369.8953685760498,398.5778617858887,394.0403366088867,394.0403366088867,389.82690811157227,389.82690811157227,385.6134834289551,385.6134834289551,438.3677177429199,433.83018493652344,433.83018493652344,429.6167640686035,429.6167640686035,425.4033317565918,425.4033317565918,406.2222785949707,401.6847381591797,401.6847381591797,397.47130966186523,397.47130966186523,393.2578887939453,393.2578887939453,410.87891387939453,406.34138107299805,406.34138107299805,402.1279640197754,402.1279640197754,397.91453552246094,397.91453552246094,417.1215629577637,412.5840301513672,412.5840301513672,408.37060928344727,408.37060928344727,404.1571807861328,404.1571807861328,444.35473251342773,439.81719970703125,439.81719970703125,435.6037712097168,435.6037712097168,431.3903503417969,431.3903503417969,438.3677177429199,433.83018493652344,433.83018493652344,429.6167640686035,429.6167640686035,425.4033317565918,425.4033317565918
2025.5,415.3424644470215,408.80541610717773,408.80541610717773,402.73531341552734,402.73531341552734,396.6652069091797,396.6652069091797,437.73935317993164,431.20232009887695,431.20232009887695,425.13220596313477,425.13220596313477,419.0620994567871,419.0620994567871,487.8426513671875,481.3056106567383,481.3056106567383,475.2355041503906,475.2355041503906,469.1653861999512,469.1653861999512,446.3566780090332,439.81962966918945,439.81962966918945,433.74951553344727,433.74951553344727,427.6794090270996,427.6794090270996,453.70606994628906,447.16902923583984,447.16902923583984,441.0989303588867,441.0989303588867,435.02881622314453,435.02881622314453,462.0588264465332,455.52178955078125,455.52178955078125,449.4516792297363,449.4516792297363,443.3815689086914,443.3815689086914,493.69941329956055,487.1623725891113,487.1623725891113,481.0922622680664,481.0922622680664,475.02215576171875,475.02215576171875,487.8426513671875,481.3056106567383,481.3056106567383,475.2355041503906,475.2355041503906,469.1653861999512,469.1653861999512
2026.5,446.38513946533203,437.4845848083496,437.4845848083496,429.2197971343994,429.2197971343994,420.95500564575195,420.95500564575195,476.65706634521484,467.7565269470215,467.7565269470215,459.49172592163086,459.49172592163086,451.22693634033203,451.22693634033203,538.3803024291992,529.4797554016113,529.4797554016113,521.2149620056152,521.2149620056152,512.9501609802246,512.9501609802246,486.2349510192871,477.3343925476074,477.3343925476074,469.0695915222168,469.0695915222168,460.80480194091797,460.80480194091797,496.81797790527344,487.91743087768555,487.91743087768555,479.65264892578125,479.65264892578125,471.3878479003906,471.3878479003906,507.6143035888672,498.7137565612793,498.7137565612793,490.4489631652832,490.4489631652832,482.18416595458984,482.18416595458984,543.8641548156738,534.9636116027832,534.9636116027832,526.6988143920898,526.6988143920898,518.434024810791,518.434024810791,538.3803024291992,529.4797554016113,529.4797554016113,521.2149620056152,521.2149620056152,512.9501609802246,512.9501609802246
2027.5,475.98777770996094,464.3597164154053,464.3597164154053,453.5622444152832,453.5622444152832,442.76476669311523,442.76476669311523,515.3310012817383,503.70295333862305,503.70295333862305,492.90546798706055,492.90546798706055,482.1079921722412,482.1079921722412,589.9806709289551,578.3526191711426,578.3526191711426,567.5551376342773,567.5551376342773,556.7576522827148,556.7576522827148,525.8570976257324,514.2290306091309,514.2290306091309,503.43154525756836,503.43154525756836,492.634069442749,492.634069442749,540.2146415710449,528.5865859985352,528.5865859985352,517.789119720459,517.789119720459,506.9916305541992,506.9916305541992,553.7879905700684,542.1599349975586,542.1599349975586,531.3624610900879,531.3624610900879,520.5649795532227,520.5649795532227,594.8489608764648,583.2209129333496,583.2209129333496,572.4234275817871,572.4234275817871,561.6259536743164,561.6259536743164,589.9806709289551,578.3526191711426,578.3526191711426,567.5551376342773,567.5551376342773,556.7576522827148,556.7576522827148
2028.5,504.15037727355957,489.4308090209961,489.4308090209961,475.76265144348145,475.76265144348145,462.0944881439209,462.0944881439209,553.7611541748047,539.0415992736816,539.0415992736816,525.3734283447266,525.3734283447266,511.70526695251465,511.70526695251465,642.6437606811523,627.924201965332,627.924201965332,614.2560348510742,614.2560348510742,600.5878639221191,600.5878639221191,565.2231178283691,550.5035438537598,550.5035438537598,536.8353729248047,536.8353729248047,523.1672134399414,523.1672134399414,583.896053314209,569.1764907836914,569.1764907836914,555.5083389282227,555.5083389282227,541.8401641845703,541.8401641845703,600.579891204834,585.8603286743164,585.8603286743164,572.1921691894531,572.1921691894531,558.5240020751953,558.5240020751953,646.6538314819336,631.9342765808105,631.9342765808105,618.2661094665527,618.2661094665527,604.5979499816895,604.5979499816895,642.6437606811523,627.924201965332,627.924201965332,614.2560348510742,614.2560348510742,600.5878639221191,600.5878639221191
2029.5,530.8729362487793,512.6978607177734,512.6978607177734,495.82101821899414,495.82101821899414,478.94416999816895,478.94416999816895,591.9475288391113,573.7724685668945,573.7724685668945,556.8956108093262,556.8956108093262,540.0187644958496,540.0187644958496,696.369571685791,678.1945037841797,678.1945037841797,661.3176536560059,661.3176536560059,644.4407958984375,644.4407958984375,604.3330116271973,586.1579322814941,586.1579322814941,569.2810745239258,569.2810745239258,552.4042320251465,552.4042320251465,627.8622169494629,609.6871452331543,609.6871452331543,592.8103103637695,592.8103103637695,575.9334487915039,575.9334487915039,647.9900054931641,629.8149299621582,629.8149299621582,612.9380912780762,612.9380912780762,596.0612373352051,596.0612373352051,699.2787704467773,681.1037101745605,681.1037101745605,664.2268562316895,664.2268562316895,647.3500099182129,647.3500099182129,696.369571685791,678.1945037841797,678.1945037841797,661.3176536560059,661.3176536560059,644.4407958984375,644.4407958984375
2030.5,556.1881160736084,534.3730392456055,534.3730392456055,514.1161956787109,514.1161956787109,493.85934829711914,493.85934829711914,629.6155967712402,607.800537109375,607.800537109375,587.5436763763428,587.5436763763428,567.2868328094482,567.2868328094482,751.3359031677246,729.5208358764648,729.5208358764648,709.2639846801758,709.2639846801758,689.0071296691895,689.0071296691895,642.9679183959961,621.1528396606445,621.1528396606445,600.8959789276123,600.8959789276123,580.6391372680664,580.6391372680664,672.02880859375,650.213737487793,650.213737487793,629.9569053649902,629.9569053649902,609.7000427246094,609.7000427246094,695.8154067993164,674.0003318786621,674.0003318786621,653.7434921264648,653.7434921264648,633.4866371154785,633.4866371154785,752.6184501647949,730.8033905029297,730.8033905029297,710.5465354919434,710.5465354919434,690.2896919250488,690.2896919250488,751.3359031677246,729.5208358764648,729.5208358764648,709.2639846801758,709.2639846801758,689.0071296691895,689.0071296691895
2031.5,580.1294803619385,554.746208190918,554.6744041442871,531.1760387420654,531.0375595092773,507.6058645248413,507.40071392059326,666.4832038879395,641.0999450683594,641.0281448364258,617.5297565460205,617.3912811279297,593.9595890045166,593.7544384002686,807.7255020141602,782.3422355651855,782.270435333252,758.7720565795898,758.6335830688477,735.2018775939941,734.9967269897461,680.9028930664062,655.5196189880371,655.447811126709,631.9494304656982,631.8109512329102,608.3792610168457,608.1741104125977,716.3091735839844,690.9259033203125,690.8541030883789,667.3557434082031,667.2172698974609,643.7855567932129,643.5804100036621,743.847541809082,718.4642715454102,718.392463684082,694.8941040039062,694.7556266784668,671.3239212036133,671.1187705993652,806.5646209716797,781.1813659667969,781.109561920166,757.6111869812012,757.4727058410645,734.041015625,733.835865020752,807.7255020141602,782.3422355651855,782.270435333252,758.7720565795898,758.6335830688477,735.2018775939941,734.9967269897461
2032.5,602.6970310211182,573.8911628723145,573.6019554138184,547.1428670883179,546.585111618042,520.3945665359497,519.568265914917,702.5503463745117,673.7444877624512,673.4552879333496,646.9961757659912,646.4384231567383,620.247880935669,619.4215812683105,865.5383644104004,836.7325019836426,836.4432983398438,809.9841957092285,809.4264488220215,783.2358894348145,782.4095916748047,718.1379356384277,689.3320655822754,689.042854309082,662.5837535858154,662.025993347168,635.8354549407959,635.0091552734375,760.7033081054688,731.8974418640137,731.6082382202148,705.1491546630859,704.5914039611816,678.4008445739746,677.5745468139648,792.0864105224609,763.2805404663086,762.9913330078125,736.5322456359863,735.974494934082,709.7839393615723,708.9576377868652,861.1172828674316,832.3114318847656,832.0222244262695,805.5631256103516,805.0053672790527,778.8148307800293,777.9885292053223,865.5383644104004,836.7325019836426,836.4432983398438,809.9841957092285,809.4264488220215,783.2358894348145,782.4095916748047
2033.5,623.8907680511475,591.8079032897949,591.1556930541992,562.0166816711426,560.7588491439819,532.2254543304443,530.362003326416,737.8170280456543,705.7341690063477,705.0819683074951,675.9429321289062,674.6851024627686,646.1517105102539,644.2882614135742,924.7744903564453,892.6916313171387,892.0394248962402,862.9003982543945,861.642578125,833.1091690063477,831.245719909668,754.6730499267578,722.5901832580566,721.9379692077637,692.7989463806152,691.5411071777344,663.0077209472656,661.1442699432373,805.2112159729004,773.1283493041992,772.4761428833008,743.3371353149414,742.0793113708496,713.5459022521973,711.6824531555176,840.5320091247559,808.4491424560547,807.796932220459,778.6579208374023,777.4000968933105,748.8666915893555,747.0032386779785,916.2764358520508,884.1935920715332,883.5413780212402,854.4023590087891,853.1445198059082,824.6111335754395,822.7476844787598,924.7744903564453,892.6916313171387,892.0394248962402,862.9003982543945,861.642578125,833.1091690063477,831.245719909668
2034.5,643.7106914520264,608.496431350708,607.3356170654297,575.7974824905396,573.5587730407715,543.0985288619995,539.7819271087646,772.2832489013672,737.0689907073975,735.9081840515137,704.3700256347656,702.1313209533691,671.6710777282715,668.3544788360596,985.4338798522949,950.2196273803711,949.0588188171387,917.5206680297852,915.2819709777832,884.8217086791992,881.5051116943359,790.5082359313965,755.2939682006836,754.1331558227539,722.595006942749,720.3562908172607,689.8960552215576,686.5794544219971,849.8328895568848,814.6186256408691,813.4578170776367,781.9196891784668,779.6809844970703,749.2207298278809,745.9041290283203,889.1843414306641,853.9700775146484,852.8092651367188,821.2711296081543,819.0324287414551,788.5721778869629,785.2555732727051,972.0420799255371,936.8278427124023,935.6670227050781,904.1288833618164,901.8901672363281,871.429931640625,868.1133308410645,985.4338798522949,950.2196273803711,949.0588188171387,917.5206680297852,915.2819709777832,884.8217086791992,881.5051116943359
2035.5,662.1568012237549,623.9567441940308,622.1417274475098,588.4852695465088,584.9848833084106,553.0137901306152,547.8280372619629,805.9490051269531,767.7489490509033,765.9339389801025,732.277458190918,728.7770767211914,696.8059825897217,691.6202354431152,1047.5165405273438,1009.3164901733398,1007.5014762878418,973.8450012207031,970.3446311950684,938.3735198974609,933.1877708435059,825.6434860229492,787.4434242248535,785.6284084320068,751.9719371795654,748.4715442657471,716.5004577636719,711.3147048950195,894.5683364868164,856.3682746887207,854.5532646179199,820.8968124389648,817.3964309692383,785.4253273010254,780.239574432373,938.0434074401855,899.8433494567871,898.0283317565918,864.3718719482422,860.8714942932129,828.9003944396973,823.7146377563477,1028.414218902588,990.214183807373,988.3991584777832,954.7426986694336,951.2423057556152,919.2712211608887,914.0854682922363,1047.5165405273438,1009.3164901733398,1007.5014762878418,973.8450012207031,970.3446311950684,938.3735198974609,933.1877708435059
2036.5,679.2290992736816,638.1888446807861,635.5740242004395,600.0800437927246,595.0371809005737,561.9712381362915,554.5003342628479,838.8143005371094,797.7740440368652,795.1592311859131,759.6652297973633,754.6223697662354,721.5564270019531,714.0855293273926,1111.0224647521973,1069.982219696045,1067.3674049377441,1031.8734016418457,1026.8305549621582,993.7645950317383,986.2936973571777,860.0788078308105,819.0385513305664,816.4237308502197,780.9297370910645,775.8868675231934,742.820930480957,735.3500270843506,939.417552947998,898.3772926330566,895.7624816894531,860.2685050964355,855.225643157959,822.1596946716309,814.6887893676758,987.1092071533203,946.0689468383789,943.4541282653809,907.9601440429688,902.9172897338867,869.8513412475586,862.3804321289062,1085.3928527832031,1044.3526153564453,1041.7377891540527,1006.2438049316406,1001.2009353637695,968.1350021362305,960.6640968322754,1111.0224647521973,1069.982219696045,1067.3674049377441,1031.8734016418457,1026.8305549621582,993.7645950317383,986.2936973571777
2037.5,694.9275827407837,651.1927318572998,647.6325073242188,610.5818042755127,603.7156648635864,569.9708728790283,559.7988181114197,870.8791351318359,827.1442794799805,823.584062576294,786.5333385467529,779.6672019958496,745.9224090576172,735.7503623962402,1175.9516487121582,1132.216812133789,1128.6565971374512,1091.6058654785156,1084.73974609375,1050.9949378967285,1040.8228912353516,893.8142013549805,850.0793476104736,846.5191249847412,809.4684066772461,802.6022605895996,768.8574733734131,758.6854190826416,984.3805389404297,940.645679473877,937.0854682922363,900.0347671508789,893.168628692627,859.4238319396973,849.2517738342285,1036.3817405700684,992.6468811035156,989.0866584777832,952.0359497070312,945.1698226928711,911.4250221252441,901.2529602050781,1142.9779739379883,1099.2431411743164,1095.6829109191895,1058.6322021484375,1051.766056060791,1018.0212745666504,1007.8492164611816,1175.9516487121582,1132.216812133789,1128.6565971374512,1091.6058654785156,1084.73974609375,1050.9949378967285,1040.8228912353516
2038.5,709.2522525787354,662.9684047698975,658.317177772522,619.990550994873,611.0203347206116,577.0126938819885,563.7234880924225,902.1435031890869,855.8596515655518,851.2084312438965,812.8817863464355,803.9115715026855,769.9039287567139,756.6147327423096,1242.3041038513184,1196.0202713012695,1191.369052886963,1153.0423965454102,1144.0722045898438,1110.0645446777344,1096.77534866333,926.849666595459,880.5658111572266,875.9145851135254,837.5879459381104,828.6177234649658,794.61008644104,781.3208808898926,1029.4572944641113,983.1734390258789,978.5222244262695,940.1955986022949,931.2253837585449,897.2177391052246,883.9285278320312,1085.8610038757324,1039.5771484375,1034.9259223937988,996.599292755127,987.6290893554688,953.6214370727539,940.3322257995605,1201.169589996338,1154.885757446289,1150.2345275878906,1111.9078903198242,1102.9376678466797,1068.9300384521484,1055.640827178955,1242.3041038513184,1196.0202713012695,1191.369052886963,1153.0423965454102,1144.0722045898438,1110.0645446777344,1096.77534866333
2039.5,722.2031087875366,673.5158634185791,667.6280345916748,628.3062839508057,616.9511914253235,583.0967011451721,566.2743444442749,932.6074104309082,883.9201622009277,878.0323390960693,838.7105712890625,827.3554782867432,793.5009860992432,776.6786403656006,1310.0798225402832,1261.392593383789,1255.5047721862793,1216.182991027832,1204.8279266357422,1170.9734153747559,1154.1510696411133,959.1851959228516,910.4979476928711,904.6101169586182,865.2883548736572,853.933256149292,820.0787696838379,803.2564125061035,1074.647819519043,1025.9605712890625,1020.0727500915527,980.7510032653809,969.3959121704102,935.5414161682129,918.7190551757812,1135.5470008850098,1086.8597450256348,1080.9719200134277,1041.6501693725586,1030.2950859069824,996.4405860900879,979.6182250976562,1259.9676971435547,1211.2804641723633,1205.392635345459,1166.070873260498,1154.7157745361328,1120.8612976074219,1104.038932800293,1310.0798225402832,1261.392593383789,1255.5047721862793,1216.182991027832,1204.8279266357422,1170.9734153747559,1154.1510696411133
2040.5,734.1373510360718,683.1923084259033,675.9222774505615,635.886203289032,621.8654336929321,588.5800943374634,567.8085868358612,962.2985210418701,911.3534736633301,904.0834484100342,864.0473575592041,850.0265884399414,816.7412452697754,795.9697494506836,1377.6871070861816,1326.7420806884766,1319.4720497131348,1279.435947418213,1265.4152069091797,1232.1298446655273,1211.3583488464355,990.7386112213135,939.7935657501221,932.523530960083,892.4874458312988,878.4666709899902,845.1813354492188,824.4098281860352,1119.9257469177246,1068.9807014465332,1061.710678100586,1021.6746101379395,1007.6538391113281,974.3684959411621,953.5969848632812,1185.3351707458496,1134.3901176452637,1127.1200904846191,1087.0840187072754,1073.0632591247559,1039.7779121398926,1019.0063972473145,1319.302146911621,1268.3571166992188,1261.087085723877,1221.0509986877441,1207.0302238464355,1173.7448959350586,1152.9733810424805,1379.3479194641113,1328.4028930664062,1321.1328620910645,1281.0967636108398,1267.0760231018066,1233.790657043457,1213.0191650390625
2041.5,745.4221019744873,692.3648614883423,683.5670275688171,643.097430229187,626.130184173584,593.8299951553345,568.6933370828629,991.2452659606934,938.1880226135254,929.390193939209,888.9205780029297,871.9533348083496,839.6531410217285,814.5164947509766,1443.4900245666504,1390.432804107666,1381.634967803955,1341.165340423584,1324.198127746582,1291.8979110717773,1266.7612686157227,1021.4254398345947,968.3681945800781,959.5703601837158,919.1007499694824,902.1334972381592,869.8333129882812,844.6966552734375,1165.263973236084,1112.2067337036133,1103.4089050292969,1062.9393157958984,1045.972068786621,1013.671875,988.535213470459,1235.1180534362793,1182.060806274414,1173.2629737854004,1132.7933807373047,1115.8261413574219,1083.5259475708008,1058.3892822265625,1379.100845336914,1326.043613433838,1317.2457809448242,1276.7761688232422,1259.8089179992676,1227.5087432861328,1202.3720741271973,1450.1794166564941,1397.1221923828125,1388.3243522644043,1347.854736328125,1330.8875160217285,1298.587303161621,1273.4506607055664
2042.5,756.0573596954346,701.033522605896,690.562285900116,649.9399652481079,629.7454423904419,598.8464040756226,568.9285951256752,1019.4476451873779,964.4238052368164,953.9525737762451,913.3302364349365,893.1357154846191,862.2366714477539,832.3188743591309,1507.4885787963867,1452.4647598266602,1441.993522644043,1401.3711738586426,1381.1766815185547,1350.2776184082031,1320.35982131958,1051.2456798553467,996.2218379974365,985.7506008148193,945.128267288208,924.9337387084961,894.034704208374,864.1168956756592,1210.6625022888184,1155.6386642456055,1145.1674346923828,1104.5451202392578,1084.3505973815918,1053.4515533447266,1023.5337409973145,1284.895652770996,1229.8718070983887,1219.4005699157715,1178.7782554626465,1158.583740234375,1127.6846961975098,1097.7668800354004,1439.3637886047363,1384.3399543762207,1373.8687210083008,1333.2463874816895,1313.051856994629,1282.1528358459473,1252.2350158691406,1522.5743141174316,1467.5504837036133,1457.0792427062988,1416.4569091796875,1396.262409210205,1365.3633499145508,1335.4455490112305
2043.5,766.0431251525879,709.1982917785645,696.9080519676208,656.4138083457947,632.7112085819244,603.6293206214905,568.5143612027168,1046.9056606292725,990.0608234405518,977.7705898284912,937.2763290405273,913.5737323760986,884.4918384552002,849.3768901824951,1569.6827774047852,1512.8379592895508,1500.5477180480957,1460.0534439086914,1436.3508758544922,1407.2689666748047,1372.1540184020996,1080.199333190918,1023.3544940948486,1011.0642547607422,970.569995880127,946.8673915863037,917.7855091094971,882.6705474853516,1256.1213340759277,1199.276496887207,1186.9862632751465,1146.4920234680176,1122.7894248962402,1093.7075309753418,1058.5925674438477,1334.6679649353027,1277.8231239318848,1265.5328826904297,1225.0386428833008,1201.336051940918,1172.2541580200195,1137.1391906738281,1500.0909729003906,1443.2461471557617,1430.955909729004,1390.4616508483887,1366.7590446472168,1337.677173614502,1302.5622024536133,1596.5326118469238,1539.6877746582031,1527.397533416748,1486.9032745361328,1463.2007026672363,1434.118797302246,1399.0038375854492
2044.5,775.3793992996216,716.8591690063477,702.604326248169,662.5189595222473,635.0274827480316,608.1787452697754,567.4506353735924,1073.6193103790283,1015.0990772247314,1000.8442401885986,960.7588577270508,933.2673835754395,906.4186401367188,865.6905422210693,1630.0726165771484,1571.5523986816406,1557.2975540161133,1517.2121543884277,1489.7207107543945,1462.8719520568848,1422.1438522338867,1108.2863998413086,1049.7661628723145,1035.5113201141357,995.4259395599365,967.9344577789307,941.0857257843018,900.3576145172119,1301.6404609680176,1243.1202278137207,1228.865390777588,1188.780029296875,1161.2885551452637,1134.439811706543,1093.7116966247559,1384.4349937438965,1325.914752960205,1311.659912109375,1271.5745429992676,1244.0830764770508,1217.2343368530273,1176.5062141418457,1561.2824058532715,1502.7621803283691,1488.5073432922363,1448.421962738037,1420.930477142334,1394.0817604064941,1353.3536376953125,1672.0543022155762,1613.5340728759766,1599.279224395752,1559.1938400268555,1531.7023963928223,1504.8536376953125,1464.1255264282227
2045.5,784.0661811828613,724.0161538124084,707.6511087417603,668.2554183006287,636.6942650079727,612.4946784973145,565.7374175190926,1099.5885963439941,1039.5385665893555,1023.173526763916,983.7778205871582,952.2166690826416,928.0170764923096,881.2598285675049,1688.658088684082,1628.6080741882324,1612.2430229187012,1572.8473014831543,1541.2861824035645,1517.0865745544434,1470.3293228149414,1135.50687789917,1075.456844329834,1059.0917987823486,1019.6960964202881,988.134937286377,963.9353561401367,917.178092956543,1347.2198905944824,1287.1698570251465,1270.8048210144043,1231.40913772583,1199.8479843139648,1175.6483917236328,1128.8911247253418,1434.19673538208,1374.1466941833496,1357.7816543579102,1318.3859596252441,1286.8248138427734,1262.6252250671387,1215.8679542541504,1622.938087463379,1562.8880653381348,1546.5230255126953,1507.1273231506348,1475.5661582946777,1451.3665924072266,1404.609317779541,1749.1393928527832,1689.0893630981445,1672.7243156433105,1633.3286056518555,1601.7674827575684,1577.5678787231445,1530.8106155395508
2046.5,792.1034717559814,730.669246673584,712.0483984947205,673.6231851577759,637.7115551233292,616.5771188735962,563.3747075200081,1124.8135166168213,1063.3792896270752,1044.7584476470947,1006.3332195281982,970.4215908050537,949.2871494293213,896.0847501754761,1745.4391975402832,1684.0049858093262,1665.384132385254,1626.9588890075684,1591.0472946166992,1569.9128341674805,1516.710433959961,1161.8607692718506,1100.4265384674072,1081.8056907653809,1043.380464553833,1007.4688301086426,986.3343982696533,933.131983757019,1392.8596229553223,1331.425392150879,1312.8045501708984,1274.3793411254883,1238.4677124023438,1217.3332710266113,1164.1308517456055,1483.9531898498535,1422.5189514160156,1403.8981094360352,1365.4728889465332,1329.5612678527832,1308.426830291748,1255.224407196045,1685.0580101013184,1623.6237907409668,1605.0029525756836,1566.5777282714844,1530.6660842895508,1509.531665802002,1456.3292427062988,1827.787883758545,1766.3536529541016,1747.7328071594238,1709.3075714111328,1673.3959693908691,1652.2615203857422,1599.0591049194336
2047.5,799.4912695884705,736.8184475898743,715.7961964607239,678.622260093689,638.0793532133102,620.4260673522949,560.3625054955482,1149.2940731048584,1086.621250152588,1065.5990047454834,1028.4250526428223,987.8821468353271,970.2288570404053,910.1653060913086,1800.4159469604492,1737.7431373596191,1716.7208824157715,1679.5469131469727,1639.0040435791016,1621.350730895996,1561.287181854248,1187.3480739593506,1124.6752452850342,1103.6529941558838,1066.47904586792,1025.936134338379,1008.2828521728516,948.2192869186401,1438.5596504211426,1375.8868255615234,1354.8645782470703,1317.6906471252441,1277.1477432250977,1259.4944534301758,1199.4308815002441,1533.7043571472168,1471.0315208435059,1450.00927734375,1412.8353309631348,1372.29243850708,1354.6391487121582,1294.5755729675293,1747.6421813964844,1684.969367980957,1663.947120666504,1626.773178100586,1586.2302551269531,1568.5769882202148,1508.513412475586,1907.9997749328613,1845.3269424438477,1824.3046913146973,1787.1307373046875,1746.5878562927246,1728.934555053711,1668.870994567871
2048.5,806.2295756340027,742.4637565612793,718.8945024013519,683.2526431083679,637.7976592481136,624.0415239334106,556.700811445713,1173.0302639007568,1109.2644443511963,1085.6951961517334,1050.0533199310303,1004.5983390808105,990.8421993255615,923.5014982223511,1853.5883331298828,1789.8225288391113,1766.2532691955566,1730.6113777160645,1685.1564331054688,1671.4002685546875,1604.0595703125,1211.9687900543213,1148.2029628753662,1124.633710861206,1088.9918384552002,1043.536849975586,1029.78071975708,962.4400024414062,1484.319980621338,1420.55415725708,1396.9849090576172,1361.3430557250977,1315.8880729675293,1302.1319313049316,1234.7912139892578,1583.4502410888672,1519.6844062805176,1496.1151580810547,1460.473289489746,1415.0183219909668,1401.2621803283691,1333.9214553833008,1810.690601348877,1746.9247856140137,1723.3555374145508,1687.7136726379395,1642.258674621582,1628.502555847168,1561.1618309020996,1989.775058746338,1926.0092315673828,1902.4399757385254,1866.798095703125,1821.3431434631348,1807.5869903564453,1740.2462844848633
2049.5,812.3183898925781,747.6051731109619,721.3433163166046,687.5143337249756,636.8664731681347,627.4234883785248,552.389625608921,1196.0220909118652,1131.308874130249,1105.0470218658447,1071.218023300171,1020.5701656341553,1011.12717628479,936.0933256149292,1904.9563598632812,1840.2431564331055,1813.9812965393066,1780.1522789001465,1729.5044631958008,1720.0614471435547,1645.0275955200195,1235.7229194641113,1171.0096950531006,1144.7478408813477,1110.9188442230225,1060.2709789276123,1050.8279991149902,975.794132232666,1530.1406135559082,1465.427391052246,1439.165542602539,1405.3365631103516,1354.688705444336,1345.2457122802734,1270.211841583252,1633.1908378601074,1568.4776039123535,1542.2157554626465,1508.3867645263672,1457.7389183044434,1448.2959289550781,1373.262050628662,1874.203269958496,1809.4900512695312,1783.2282028198242,1749.399211883545,1698.7513389587402,1689.3083724975586,1614.2744979858398,2073.113742828369,2008.4005279541016,1982.1386680603027,1948.3096618652344,1897.6618309020996,1888.2188339233398,1813.1849746704102
2050.5,817.9477949142456,752.4327807426453,723.3327214717865,691.5974154472351,635.4758785665035,630.7620441913605,547.6190305352211,1218.3236484527588,1152.8086338043213,1123.7085781097412,1091.9732570648193,1035.8517227172852,1031.1378841400146,947.9948825836182,1953.6596870422363,1888.144687652588,1859.044620513916,1827.3092803955078,1771.187786102295,1766.4739227294922,1683.3309211730957,1258.6844654083252,1193.1694431304932,1164.069387435913,1132.3340663909912,1076.2125253677368,1071.4986972808838,988.3556785583496,1575.944236755371,1510.4292221069336,1481.3291664123535,1449.593864440918,1393.4723320007324,1388.7584915161133,1305.6154670715332,1682.892505645752,1617.3774719238281,1588.2774200439453,1556.542106628418,1500.420581817627,1495.706745147705,1412.5637130737305,1938.1698150634766,1872.6547966003418,1843.554744720459,1811.8194313049316,1755.697883605957,1750.9840621948242,1667.8410415649414,2158.1922874450684,2092.677276611328,2063.5772132873535,2031.8418884277344,1975.7203788757324,1971.0065307617188,1887.8635177612305
2051.5,823.3131551742554,757.1419439315796,725.4170954227448,695.6972522735596,634.5136224329472,634.2525551319122,543.6101441979408,1239.9905338287354,1173.819320678711,1142.094476699829,1112.3746185302734,1051.1909923553467,1050.9299201965332,960.2875213623047,1998.8140716552734,1932.6428756713867,1900.9180183410645,1871.198143005371,1810.0145530700684,1809.75345993042,1719.1110610961914,1280.9294872283936,1214.7582683563232,1183.0334224700928,1153.3135662078857,1092.1299314498901,1091.8688716888428,1001.2264547348022,1621.6514015197754,1555.4801902770996,1523.7553443908691,1494.0355072021484,1432.851879119873,1432.5908088684082,1341.948387145996,1732.5206604003906,1666.3494300842285,1634.6245880126953,1604.9047393798828,1543.7211227416992,1543.4600524902344,1452.8176231384277,2002.5795822143555,1936.4083633422852,1904.6835250854492,1874.9636726379395,1813.7800331115723,1813.5189781188965,1722.8765602111816,2245.1920433044434,2179.020835876465,2147.295986175537,2117.5761184692383,2056.3925132751465,2056.1314392089844,1965.489028930664
2052.5,828.4144701957703,761.7326617240906,727.9654242992401,699.813844203949,634.6913212090731,637.8950209617615,541.4172125458717,1261.0227489471436,1194.3409385681152,1160.5737056732178,1132.4221096038818,1067.2995910644531,1070.5032863616943,974.0254888534546,2040.4195175170898,1973.7377243041992,1939.9704780578613,1911.8188667297363,1846.6963844299316,1849.9000549316406,1753.4222602844238,1302.4579849243164,1235.7761707305908,1202.008934020996,1173.8573417663574,1108.7348127365112,1111.9385204315186,1015.4607067108154,1667.262107849121,1600.5802993774414,1566.8130645751953,1538.661491394043,1473.5389709472656,1476.7426643371582,1380.264850616455,1782.0753059387207,1715.3934783935547,1681.6262512207031,1653.4746627807617,1588.3521537780762,1591.555850982666,1495.0780220031738,2067.432571411133,2000.750747680664,1966.9835243225098,1938.8319358825684,1873.7094039916992,1876.9131202697754,1780.435302734375,2334.1130180358887,2267.4312133789062,2233.6639671325684,2205.512367248535,2140.389865875244,2143.5935592651367,2047.1157531738281
2053.5,833.2517399787903,766.2049345970154,730.9777081012726,703.9471912384033,636.0089748650789,641.6894419193268,541.0402360260487,1281.4202919006348,1214.373483657837,1179.1462631225586,1152.115728378296,1084.1775169372559,1089.8579807281494,989.2087841033936,2078.4760246276855,2011.4292335510254,1976.2019996643066,1949.1714515686035,1881.2332763671875,1886.9137115478516,1786.2645225524902,1323.2699584960938,1256.2231483459473,1220.995922088623,1193.9653930664062,1126.0271711349487,1131.7076454162598,1031.0584354400635,1712.7763595581055,1645.729549407959,1610.502326965332,1583.4718170166016,1515.533603668213,1521.2140617370605,1420.564853668213,1831.5564460754395,1764.509620666504,1729.2824020385742,1702.251880645752,1634.3136749267578,1639.994140625,1539.344913482666,2132.7287826538086,2065.6819610595703,2030.4547500610352,2003.4242210388184,1935.485996246338,1941.1664772033691,1840.517261505127,2424.9552040100098,2357.9083938598633,2322.6811561584473,2295.6506271362305,2227.712429046631,2233.392890930176,2132.7436904907227
2054.5,837.8249650001526,770.5587620735168,734.4539468288422,708.0972929000854,638.4665835648775,645.635817527771,542.4792144596577,1301.1831645965576,1233.9169578552246,1197.812147140503,1171.4554767608643,1101.8247718811035,1108.9940032958984,1005.8374080657959,2112.9835929870605,2045.7174034118652,2009.6125831604004,1983.2558975219727,1913.6252250671387,1920.7944297790527,1817.6378440856934,1343.3654098510742,1276.0992031097412,1239.9943866729736,1213.6377220153809,1144.0070066452026,1151.1762466430664,1048.019639968872,1758.194149017334,1690.9279403686523,1654.8231315612793,1628.4664840698242,1558.8357772827148,1566.0050010681152,1462.8483963012695,1880.9640769958496,1813.697853088379,1777.5930480957031,1751.236385345459,1681.6056861877441,1688.7749214172363,1585.6182975769043,2198.4682083129883,2131.2019958496094,2095.0971908569336,2068.7405281066895,1999.1098098754883,2006.2790565490723,1903.1224479675293,2517.7186012268066,2450.4523849487305,2414.347568511963,2387.9908905029297,2318.3602027893066,2325.5294342041016,2222.372833251953
2055.5,842.13414478302,774.7941451072693,738.3941407203674,712.2641496658325,642.0641470700502,649.7341480255127,545.7341478168964,1320.3113651275635,1252.9713611602783,1216.571361541748,1190.441354751587,1120.241355895996,1127.91135597229,1023.9113616943359,2143.942222595215,2076.6022338867188,2040.2022228240967,2014.0722045898438,1943.872236251831,1951.5422096252441,1847.5422248840332,1362.7443389892578,1295.404333114624,1259.0043296813965,1232.8743267059326,1162.674319267273,1170.344326019287,1066.3443222045898,1803.515480041504,1736.1754722595215,1699.775478363037,1673.645492553711,1603.4454917907715,1611.1154823303223,1507.1154823303223,1930.298194885254,1862.9581756591797,1826.5581817626953,1800.42818069458,1730.2281913757324,1737.898193359375,1633.8981704711914,2264.650863647461,2197.3108520507812,2160.910858154297,2134.7808570861816,2064.5808486938477,2072.2508583068848,1968.2508506774902,2612.4032096862793,2545.063186645508,2508.663188934326,2482.533172607422,2412.3331871032715,2420.003189086914,2316.003189086914
2056.5,846.1792798042297,778.839280128479,742.4392757415771,716.3092846870422,646.10928209126,653.7792830467224,549.7792828381062,1338.804895401001,1271.4648914337158,1235.0648918151855,1208.9348850250244,1138.7348861694336,1146.4048862457275,1042.4048919677734,2171.3519115448,2104.0119228363037,2067.6119117736816,2041.4818935394287,1971.281925201416,1978.951898574829,1874.9519138336182,1381.406744003296,1314.066738128662,1277.6667346954346,1251.5367317199707,1181.336724281311,1189.0067310333252,1085.006727218628,1848.7403526306152,1781.4003448486328,1745.0003509521484,1718.8703651428223,1648.6703643798828,1656.3403549194336,1552.3403549194336,1979.5588073730469,1912.2187881469727,1875.8187942504883,1849.688793182373,1779.4888038635254,1787.158805847168,1683.1587829589844,2331.276741027832,2263.9367294311523,2227.536735534668,2201.4067344665527,2131.2067260742188,2138.876735687256,2034.8767280578613,2709.009021759033,2641.6689987182617,2605.26900100708,2579.138984680176,2508.9389991760254,2516.609001159668,2412.609001159668
2057.5,849.9603698253632,782.7147133350372,746.3657050132751,720.272322177887,650.1706691533327,657.8299250602722,553.9756281673908,1356.6637535095215,1289.4180927276611,1253.0690898895264,1226.9756908416748,1156.8740406036377,1164.533296585083,1060.6790046691895,2195.212661743164,2127.967016220093,2091.6180000305176,2065.524589538574,1995.4229736328125,2003.0821990966797,1899.227918624878,1399.3526248931885,1332.1069622039795,1295.7579536437988,1269.6645603179932,1199.5629014968872,1207.2221641540527,1103.367862701416,1893.868766784668,1826.623104095459,1790.2741050720215,1764.1807250976562,1694.0790748596191,1701.7383193969727,1597.8840217590332,2028.7459106445312,1961.5002326965332,1925.151237487793,1899.0578422546387,1828.9562034606934,1836.6154594421387,1732.7611389160156,2398.345832824707,2331.100166320801,2294.7511672973633,2268.657772064209,2198.5561141967773,2206.2153816223145,2102.361072540283,2807.536045074463,2740.2903747558594,2703.9413719177246,2677.8479614257812,2607.746326446533,2615.4055786132812,2511.551284790039
2058.5,853.4774148464203,786.5174078941345,750.3228051662445,724.3402633666992,654.5363922864199,662.1631126403809,558.74997356534,1373.8879413604736,1306.9279289245605,1270.7333316802979,1244.750774383545,1174.9469051361084,1182.5736255645752,1079.1604919433594,2215.524471282959,2148.5644760131836,2112.3698654174805,2086.3872966766357,2016.5834617614746,2024.2101516723633,1920.7970294952393,1416.5819816589355,1349.6219692230225,1313.4273662567139,1287.4448146820068,1217.6409349441528,1225.2676620483398,1121.8545207977295,1938.9007186889648,1871.9407081604004,1835.7461166381836,1809.7635765075684,1739.9597091674805,1747.5864181518555,1644.1732749938965,2077.859504699707,2010.8994750976562,1974.7048873901367,1948.7223320007324,1878.9184761047363,1886.5451965332031,1783.1320343017578,2465.8581466674805,2398.898124694824,2362.7035369873047,2336.7209815979004,2266.917106628418,2274.5438346862793,2171.1306800842285,2907.984287261963,2841.024269104004,2804.8296699523926,2778.847099304199,2709.0432472229004,2716.6699600219727,2613.2568283081055
2059.5,856.7304148674011,790.247364282608,754.3105762004852,728.513108253479,659.2064510136843,666.7788457870483,564.102319508791,1390.4774570465088,1323.9944019317627,1288.0576190948486,1262.2601337432861,1192.953477859497,1200.5258750915527,1097.8493537902832,2232.287342071533,2165.804304122925,2129.8675079345703,2104.0700130462646,2034.763391494751,2042.3357563018799,1939.6592464447021,1433.094814300537,1366.611759185791,1330.674970626831,1304.8774909973145,1235.5708265304565,1243.1432285308838,1140.4666996002197,1983.8362159729004,1917.3531608581543,1881.4163856506348,1855.6189155578613,1786.3122634887695,1793.8846473693848,1691.2081146240234,2126.899589538574,2060.416515350342,2024.4797401428223,1998.6822624206543,1929.3756217956543,1936.948013305664,1834.2714653015137,2533.8136825561523,2467.3306198120117,2431.3938369750977,2405.596363067627,2336.2897033691406,2343.862102508545,2241.1855659484863,3010.3537406921387,2943.8706817626953,2907.933895111084,2882.1363983154297,2812.829761505127,2820.4021530151367,2717.725631713867
2060.5,859.7164611816406,793.9016742706299,758.3261096477509,732.7879486083984,664.177937105298,671.6742162704468,570.0297577679157,1406.44229221344,1340.6275005340576,1305.0519409179688,1279.5137615203857,1210.903751373291,1218.4000339508057,1116.755578994751,2246.256845474243,2180.4420709609985,2144.8664989471436,2119.3283109664917,2050.718334197998,2058.2145833969116,1956.570140838623,1448.876124382019,1383.0613327026367,1347.485767364502,1321.9475936889648,1253.33757686615,1260.8338623046875,1159.189401626587,2028.5068321228027,1962.6920433044434,1927.1164894104004,1901.5783233642578,1832.968318939209,1840.4645881652832,1738.8201217651367,2175.7922897338867,2109.9774780273438,2074.401924133301,2048.863754272461,1980.253761291504,1987.7500381469727,1886.105556488037,2602.20166015625,2536.3868560791016,2500.811294555664,2475.2731285095215,2406.663116455078,2414.159397125244,2312.514934539795,3114.522678375244,3048.707878112793,3013.1323204040527,2987.5941314697266,2918.9841346740723,2926.4804153442383,2824.8359603881836
2061.5,862.4325647354126,797.4773483276367,762.3664162158966,737.1617946624756,669.4478603154421,676.8462347984314,576.5292985737324,1421.792712211609,1356.8374919891357,1321.7265644073486,1296.5219249725342,1228.8079929351807,1236.206371307373,1135.8894367218018,2258.209541320801,2193.254337310791,2158.143397331238,2132.9387493133545,2065.224850654602,2072.623194694519,1972.3062744140625,1463.9104957580566,1398.9552745819092,1363.8443412780762,1338.6397075653076,1270.925768852234,1278.3241500854492,1178.007209777832,2072.7394676208496,2007.7842483520508,1972.6733283996582,1947.4687004089355,1879.7547721862793,1887.1531372070312,1786.836196899414,2224.4616737365723,2159.506435394287,2124.3955116271973,2099.1908836364746,2031.4769668579102,2038.875343322754,1938.5583801269531,2671.0109786987305,2606.05574798584,2570.94482421875,2545.74019241333,2478.0262603759766,2485.424633026123,2385.107692718506,3220.3659858703613,3155.410758972168,3120.299831390381,3095.095184326172,3027.381259918213,3034.779640197754,2934.4627075195312
2062.5,864.8787252902985,800.97438621521,766.4314954280853,741.6346468925476,675.0162215977907,682.2949018478394,583.6009414494038,1436.5287189483643,1372.6243772506714,1338.081491470337,1313.2846240997314,1246.6662006378174,1253.9448852539062,1155.2509269714355,2268.145429611206,2204.241102218628,2169.6982040405273,2144.901328086853,2078.2829389572144,2085.5615882873535,1986.8676443099976,1478.1979293823242,1414.2935848236084,1379.750693321228,1354.9538326263428,1288.3354024887085,1295.6140899658203,1196.9201259613037,2116.534122467041,2052.629779815674,2018.086898803711,1993.2900466918945,1926.6716270446777,1933.9502983093262,1835.256332397461,2272.9077491760254,2209.003387451172,2174.4605026245117,2149.663646697998,2083.0452423095703,2090.3239250183105,1991.6299362182617,2740.241653442383,2676.337303161621,2641.7944107055664,2616.9975547790527,2550.379135131836,2557.6578102111816,2458.9638481140137,3327.8836708068848,3263.979316711426,3229.436435699463,3204.6395568847656,3138.021137237549,3145.299819946289,3046.6058654785156
2063.5,867.0549430847168,804.3927879333496,770.5213477611542,746.2065052986145,680.8830209523439,688.0202164649963,591.244686871767,1450.6503133773804,1387.9881563186646,1354.116720199585,1329.8018589019775,1264.4783763885498,1271.6155757904053,1174.8400497436523,2276.064509868622,2213.4023666381836,2179.530919075012,2155.2160482406616,2089.8926000595093,2097.0297651290894,2000.2542514801025,1491.7384243011475,1429.0762634277344,1395.2048225402832,1370.8899688720703,1305.5664796829224,1312.7036819458008,1215.928150177002,2159.890800476074,2097.2286376953125,2063.357208251953,2039.0423622131348,1973.7188835144043,1980.8560676574707,1884.0805358886719,2321.1305084228516,2258.468330383301,2224.596897125244,2200.2820472717285,2134.95858001709,2142.0957832336426,2045.3202209472656,2809.8936767578125,2747.2315063476562,2713.3600692749023,2689.045223236084,2623.7217407226562,2630.85892868042,2534.083393096924,3437.0757179260254,3374.4135513305664,3340.5421180725098,3316.227249145508,3250.9037742614746,3258.040969848633,3161.2654418945312
2064.5,868.9612179994583,807.7325534820557,774.6359732151031,750.8773694038391,687.0482579022646,694.0221791267395,599.4605348408222,1464.157494544983,1402.9288272857666,1369.832251548767,1346.0736293792725,1282.244520187378,1289.2184448242188,1194.6568031311035,2281.966782093048,2220.738130092621,2187.641541481018,2163.8829097747803,2100.053833961487,2107.0277252197266,2012.4660968780518,1504.531982421875,1443.3033113479614,1410.2067317962646,1386.448115348816,1322.6190004348755,1329.5929279327393,1235.0312805175781,2202.8094940185547,2141.580825805664,2108.4842529296875,2084.7256469726562,2020.896541595459,2027.8704528808594,1933.3088073730469,2369.129951477051,2307.901264190674,2274.8046913146973,2251.0460815429688,2187.2169876098633,2194.1909141540527,2099.629238128662,2879.9670486450195,2818.73836517334,2785.6417922973633,2761.8831825256348,2698.054069519043,2705.027988433838,2610.466335296631,3547.9421424865723,3486.7134704589844,3453.6168937683105,3429.8582611083984,3366.0291633605957,3373.0030822753906,3278.441436767578
2065.5,870.597550034523,810.9936830997467,778.7753717899323,755.6472396850586,693.5119329243898,700.300790309906,608.2484863102436,1477.0502634048462,1417.4463930130005,1385.2280855178833,1362.0999355316162,1299.9646320343018,1306.7534923553467,1214.7011890411377,2285.852246284485,2226.2483916282654,2194.0300722122192,2170.901912212372,2108.766640663147,2115.555468559265,2023.503179550171,1516.5786018371582,1456.9747285842896,1424.756417274475,1401.628273010254,1339.4929628372192,1346.281826019287,1254.2295188903809,2245.2902069091797,2185.686336517334,2153.468032836914,2130.339900970459,2068.204601287842,2074.993450164795,1982.9411430358887,2416.9060821533203,2357.3021926879883,2325.0838890075684,2301.9557495117188,2239.8204612731934,2246.6093254089355,2154.556987762451,2950.461769104004,2890.857879638672,2858.639579772949,2835.5114402770996,2773.3761291503906,2780.1649894714355,2688.1126747131348,3660.482936859131,3600.8790588378906,3568.660747528076,3545.5325927734375,3483.3972969055176,3490.1861572265625,3398.1338500976562
2066.5,871.9639390707016,814.1761765480042,782.9395430088043,760.5161156654358,700.2740455418825,706.8560490608215,617.6085393726826,1489.3286180496216,1431.540852546692,1400.304223060608,1377.8807773590088,1317.6387100219727,1324.220718383789,1234.9732074737549,2287.7209026813507,2229.9331521987915,2198.6965112686157,2176.2730555534363,2116.031020641327,2122.612995147705,2033.36549949646,1527.878282546997,1470.0905141830444,1438.8538808822632,1416.4304418563843,1356.1883668899536,1362.7703762054443,1273.5228652954102,2287.332939147949,2229.5451736450195,2198.30855178833,2175.8851203918457,2115.6430587768555,2122.225051879883,2032.9775390625,2464.45890045166,2406.671115875244,2375.43448638916,2353.011054992676,2292.76900100708,2299.3510131835938,2210.103469848633,3021.3778381347656,2963.590057373047,2932.35343170166,2909.9299964904785,2849.687919616699,2856.269931793213,2767.022403717041,3774.698101043701,3716.9103240966797,3685.6736946105957,3663.2502365112305,3603.0081825256348,3609.590187072754,3520.342674255371
2067.5,873.0603853464127,817.2800340652466,787.1284878253937,765.4839978218079,707.3345957547426,713.6879563331604,627.5406949818134,1500.9925594329834,1445.2122058868408,1415.0606632232666,1393.4161548614502,1335.2667560577393,1341.6201210021973,1255.472858428955,2287.572751030326,2231.792411804199,2201.6408581733704,2179.996340036392,2121.8469729423523,2128.2003045082092,2042.053056716919,1538.431025505066,1482.650668144226,1452.4991216659546,1430.8546199798584,1372.7052145004272,1379.0585803985596,1292.9113178253174,2328.9376945495605,2273.157341003418,2243.0058059692383,2221.3613090515137,2163.2119178771973,2169.565269470215,2083.4180068969727,2511.7884063720703,2456.008029937744,2425.85648727417,2404.21199798584,2346.0626106262207,2352.4159774780273,2266.268684387207,3092.7152557373047,3036.934883117676,3006.783348083496,2985.1388511657715,2926.9894409179688,2933.3428077697754,2847.195529937744,3890.587635040283,3834.807273864746,3804.6557273864746,3783.0112075805664,3724.8618125915527,3731.2151794433594,3645.0679092407227
2068.5,873.8868886828423,820.2109124660492,791.19686627388,770.3689384460449,714.4132867604494,720.5269598960876,637.6296985447407,1512.0420875549316,1458.3661088943481,1429.352066040039,1408.5241203308105,1352.5684719085693,1358.6821479797363,1275.7848873138428,2285.4077915996313,2231.731827326119,2202.7177736759186,2181.8898179531097,2125.9342012405396,2132.0478451251984,2049.1505975723267,1548.2368307113647,1494.560848236084,1465.5468015670776,1444.7188625335693,1388.763207435608,1394.8768863677979,1311.979621887207,2370.1044731140137,2316.4284896850586,2287.4144554138184,2266.5865211486816,2210.6308822631836,2216.74454498291,2133.847282409668,2558.8945960998535,2505.2185974121094,2476.2045516967773,2455.376625061035,2399.4209899902344,2405.5346717834473,2322.6373748779297,3164.474021911621,3110.798027038574,3081.7839889526367,3060.9560508728027,3005.0003967285156,3011.1140785217285,2928.2168006896973,4008.1515312194824,3954.4755477905273,3925.461498260498,3904.633544921875,3848.6778984069824,3854.7915802001953,3771.894302368164
2069.5,874.4434492588043,822.8718481063843,794.9953017234802,774.9839367866516,721.2220350056887,727.0960202217102,647.4487588703632,1522.4772024154663,1470.905598640442,1443.029055595398,1423.0176725387573,1369.2557735443115,1375.1297626495361,1295.4825019836426,2281.2260241359472,2229.6544349864125,2201.777881205082,2181.766487941146,2128.0046215057373,2133.878577709198,2054.231330394745,1557.2956972122192,1505.7240896224976,1477.8475437164307,1457.8361673355103,1404.0742626190186,1409.9482536315918,1330.3009872436523,2410.833267211914,2359.2616577148438,2331.385124206543,2311.373752593994,2257.6118659973145,2263.48583984375,2183.838577270508,2605.7774772644043,2554.2058486938477,2526.3293075561523,2506.317943572998,2452.5560569763184,2458.4300498962402,2378.78275680542,3236.6541442871094,3185.08251953125,3157.205986022949,3137.194606781006,3083.4327087402344,3089.306697845459,3009.659412384033,4127.389804840088,4075.818199157715,4047.9416465759277,4027.93025970459,3974.1683616638184,3980.0423583984375,3900.3950805664062
2070.5,874.7280150353909,825.2607889175415,798.5217425823212,779.3269400596619,727.7587881833315,733.3930864334106,656.9958246052265,1532.2011156082153,1482.7338857650757,1455.9948434829712,1436.8000230789185,1385.231873512268,1390.8661756515503,1314.468915939331,2275.642879471183,2226.1756649687886,2199.4366112351418,2180.241780385375,2128.6736639142036,2134.3079330027103,2057.9106850624084,1565.5835971832275,1516.1163654327393,1489.3773193359375,1470.1825046539307,1418.6143503189087,1424.2486543655396,1347.8513889312744,2450.974678039551,2401.5074462890625,2374.768413543701,2355.573600769043,2304.0054664611816,2309.639751434326,2233.242488861084,2652.2559509277344,2602.7886924743652,2576.0496559143066,2556.8548545837402,2505.2867164611816,2510.9210205078125,2434.5237312316895,3309.25399017334,3259.7867431640625,3233.047706604004,3213.8528938293457,3162.2847442626953,3167.9190406799316,3091.521755218506,4248.096088409424,4198.628852844238,4171.889804840088,4152.694984436035,4101.12682723999,4106.76114654541,4030.3638610839844
2071.5,874.7384767690673,827.3756256103516,801.7740793228149,783.395839214325,734.0214377194643,739.4160480499268,666.2687862217426,1541.11434841156,1493.7514944076538,1468.1499519348145,1449.7716941833496,1400.3972940444946,1405.7919082641602,1332.6446495056152,2269.2908820956945,2221.9280429556966,2196.326489031315,2177.948220834136,2128.573854252696,2133.9684357345104,2060.8211879730225,1573.0758352279663,1525.712978363037,1500.1114330291748,1481.7331809997559,1432.3587760925293,1437.7533922195435,1364.6061267852783,2490.375156402588,2443.0123023986816,2417.4107666015625,2399.032516479492,2349.658134460449,2355.052734375,2281.9054679870605,2698.1438903808594,2650.7810096740723,2625.179470062256,2606.8012313842773,2557.42684173584,2562.821460723877,2489.674171447754,3382.2718963623047,3334.9090270996094,3309.307487487793,3290.92924118042,3241.554832458496,3246.9494438171387,3173.802158355713,4370.0582847595215,4322.695426940918,4297.09387588501,4278.715621948242,4229.341213226318,4234.7358474731445,4161.588562011719
2072.5,874.4748344281688,829.2163580656052,804.7523119449615,787.1906344890594,740.00998313725,745.1649050712585,675.2676437199116,1549.2169017791748,1503.9584226608276,1479.4943799972534,1461.9326848983765,1414.7520351409912,1419.90696144104,1350.0097026824951,2262.1700320094824,2216.9115677550435,2192.4475138783455,2174.885808572173,2127.705192014575,2132.8600854575634,2062.9628381729126,1579.7724113464355,1534.5139293670654,1510.0498838424683,1492.4881944656372,1445.3075399398804,1450.4624681472778,1380.5652027130127,2529.0347023010254,2483.776222229004,2459.312187194824,2441.750499725342,2394.569869995117,2399.724781036377,2329.8275146484375,2743.4412956237793,2698.182792663574,2673.7187538146973,2656.1570777893066,2608.9764404296875,2614.1313705444336,2544.2340774536133,3455.7078704833984,3410.4493713378906,3385.985336303711,3368.4236488342285,3321.242988586426,3326.3979148864746,3256.500629425049,4493.27640914917,4448.017929077148,4423.553874969482,4405.9921875,4358.811519622803,4363.966453552246,4294.069183349609
2073.5,873.937088237144,830.7829867601395,807.4564406871796,790.7113261222839,745.7244249135256,750.6396589279175,683.9923970997334,1556.5087752342224,1513.3546705245972,1490.0281286239624,1473.2829961776733,1428.2960968017578,1433.2113342285156,1366.5640754699707,2254.2803292125463,2211.1262398436666,2187.799686253071,2171.0545435994864,2126.0676771849394,2130.982882589102,2064.335635781288,1585.6733255386353,1542.51921749115,1519.1926727294922,1502.447546005249,1457.460641860962,1462.3758821487427,1395.7286176681519,2566.9533157348633,2523.7992095947266,2500.4726753234863,2483.727550506592,2438.7406692504883,2443.655891418457,2377.008628845215,2788.1481742858887,2744.994041442871,2721.667507171631,2704.922393798828,2659.93550491333,2664.850746154785,2598.203456878662,3529.5619049072266,3486.4077758789062,3463.0812454223633,3446.336124420166,3401.34920501709,3406.2644538879395,3339.617160797119,4617.75044631958,4574.596343994141,4551.269786834717,4534.524642944336,4489.537746429443,4494.452980041504,4427.805725097656
2074.5,873.1252381661907,832.0755114555359,809.8864653110504,793.9579138755798,751.164762571454,755.8403081893921,692.4430473148823,1562.9899687767029,1521.9402389526367,1499.751196861267,1483.822627067566,1441.0294780731201,1445.705026626587,1382.3077688217163,2245.6217741817236,2204.572059698403,2182.3830063939095,2166.454426392913,2123.6613103598356,2128.3368276059628,2064.939581334591,1590.7785773277283,1549.728844165802,1527.5397996902466,1511.6112356185913,1468.8180809020996,1473.493634223938,1410.0963697433472,2604.1309928894043,2563.0812644958496,2540.892230987549,2524.963668823242,2482.1705360412598,2486.8460693359375,2423.4488067626953,2832.264518737793,2791.2147636413574,2769.0257263183594,2753.0971755981445,2710.3040351867676,2714.979591369629,2651.582302093506,3603.8340072631836,3562.784248352051,3540.5952224731445,3524.6666679382324,3481.873489379883,3486.5490531921387,3423.1517601013184,4743.480396270752,4702.4306716918945,4680.241603851318,4664.313034057617,4621.519878387451,4626.195426940918,4562.79817199707
2075.5,872.0392842153087,833.0939321517944,812.0423860549927,796.9303975105286,756.3309965878725,760.7668538093567,700.619593411684,1568.6604828834534,1529.7151279449463,1508.6635856628418,1493.5515785217285,1452.9521799087524,1457.3880405426025,1397.2407817840576,2236.194366917014,2197.2490273192525,2176.1974743008614,2161.08545742929,2120.486091300845,2124.921920388937,2064.774674743414,1595.0881671905518,1556.1428089141846,1535.0912647247314,1519.979263305664,1479.379858970642,1483.8157234191895,1423.668459892273,2640.5677375793457,2601.622383117676,2580.5708503723145,2565.4588508605957,2524.8594703674316,2529.2953147888184,2469.148052215576,2875.7903327941895,2836.8449516296387,2815.79341506958,2800.681427001953,2760.0820388793945,2764.517906188965,2704.370616912842,3678.524169921875,3639.5787811279297,3618.52725982666,3603.4152641296387,3562.81583404541,3567.2517127990723,3507.104419708252,4870.466259002686,4831.52091217041,4810.469341278076,4795.357345581055,4754.757930755615,4759.193794250488,4699.046539306641
2076.5,870.6792262652889,833.8382491469383,813.9242029190063,799.6287772655487,761.2231264859438,765.4192957878113,708.5220353901386,1573.5203170776367,1536.6793370246887,1516.7652950286865,1502.4698505401611,1464.0642023086548,1468.2603740692139,1411.3631162643433,2225.998107418418,2189.1571427062154,2169.2430894970894,2154.947635754943,2116.5420197695494,2120.738160699606,2063.84091553092,1598.6020953655243,1561.7611117362976,1541.8470678329468,1527.5516295433044,1489.1459741592407,1493.3421516418457,1436.4448881149292,2676.2635498046875,2639.4225692749023,2619.508533477783,2605.2130966186523,2566.8074684143066,2571.0036277770996,2514.10636138916,2918.725616455078,2881.884609222412,2861.970573425293,2847.675148010254,2809.2695083618164,2813.4656867980957,2756.56840133667,3753.632392883301,3716.791374206543,3696.87735748291,3682.5819206237793,3644.176239013672,3648.3724327087402,3591.47513961792,4998.708034515381,4961.867073059082,4941.95299911499,4927.657562255859,4889.2518882751465,4893.448081970215,4836.550811767578
2077.5,869.0450644353405,834.3084622621536,815.5319160223007,802.0530529022217,765.8411522656679,769.7976336479187,716.1503737270832,1577.56947183609,1542.832866191864,1524.056324481964,1510.5774421691895,1474.3655443191528,1478.3220281600952,1424.674771308899,2215.032995685935,2180.2964058592916,2161.5198524594307,2148.0409618467093,2111.8290957659483,2115.785548776388,2062.138304322958,1601.3203613758087,1566.583752632141,1547.8072085380554,1534.328332901001,1498.1164283752441,1502.072916984558,1448.425654411316,2711.2184295654297,2676.481819152832,2657.7052879333496,2644.2264137268066,2608.014533996582,2611.971004486084,2558.323741912842,2961.0703659057617,2926.3337364196777,2907.557197570801,2894.0783348083496,2857.8664474487305,2861.8229331970215,2808.175651550293,3829.158676147461,3794.422035217285,3775.6455154418945,3762.1666374206543,3725.9547119140625,3729.911220550537,3676.263927459717,5128.205730438232,5093.469139099121,5074.6925621032715,5061.21369934082,5025.001766204834,5028.958274841309,4975.311004638672
2078.5,867.1367988446727,834.504571557045,816.8655253648758,804.2032246589661,770.185074403882,773.9018678665161,723.5046088993549,1580.8079464435577,1548.1757159233093,1530.5366744995117,1517.8743543624878,1483.856206893921,1487.5730028152466,1437.1757459640503,2203.2990326732397,2170.666816778481,2153.0277631878853,2140.365435704589,2106.3473200052977,2110.064085096121,2059.6668408811092,1603.242965221405,1570.610731124878,1552.9716873168945,1540.309374332428,1506.2912197113037,1510.008020401001,1459.610758781433,2745.432373046875,2712.8001403808594,2695.161106109619,2682.498794555664,2648.4806632995605,2652.1974449157715,2601.8001861572266,3002.8245811462402,2970.1923294067383,2952.5532875061035,2939.8909873962402,2905.8728523254395,2909.5896530151367,2859.192367553711,3905.1030197143555,3872.4707565307617,3854.8317337036133,3842.169422149658,3808.1512451171875,3811.868076324463,3761.470775604248,5258.959331512451,5226.327125549316,5208.688045501709,5196.025741577148,5162.007564544678,5165.724388122559,5115.327102661133
2079.5,864.9544293740764,834.4265770316124,817.9250308275223,806.0792925357819,774.254892423749,777.7319982051849,730.5847394764423,1583.2357413768768,1552.7078862190247,1536.206344127655,1524.3605871200562,1492.536190032959,1496.0132970809937,1448.8660411834717,2190.7962164729834,2160.2683754637837,2143.766821682453,2131.9210568517447,2100.096691533923,2103.5737687051296,2056.426524966955,1604.3699071407318,1573.8420479297638,1557.340504169464,1545.4947533607483,1513.6703491210938,1517.1474618911743,1470.0002012252808,2778.9053802490234,2748.37752532959,2731.875991821289,2720.0302391052246,2688.2058639526367,2691.6829566955566,2644.5356941223145,3043.988269805908,3013.4603881835938,2996.9588508605957,2985.1131134033203,2953.2887268066406,2956.765838623047,2909.6185569763184,3981.465431213379,3950.937545776367,3934.436019897461,3922.5902671813965,3890.7658462524414,3894.242992401123,3847.095691680908,5390.968852996826,5360.441017150879,5343.939434051514,5332.093704223633,5300.269268035889,5303.746406555176,5256.59912109375
2080.5,862.4704348901287,834.0469576716423,818.6829115152359,807.6537355184555,778.0230859071016,781.2605040073395,737.3632452785969,1584.976678609848,1556.553198337555,1541.1891565322876,1530.1599617004395,1500.529314994812,1503.7667346000671,1459.869478225708,2177.7558064311743,2149.3323403075337,2133.9682863354683,2122.9390841573477,2093.308469220996,2096.545858949423,2052.6486152112484,1604.7164817750454,1576.292997598648,1560.928953886032,1549.8997654914856,1520.2691111564636,1523.5065364837646,1479.609275817871,2811.5226516723633,2783.0991706848145,2767.735137939453,2756.7059478759766,2727.0753211975098,2730.3127250671387,2686.4154663085938,3084.5154037475586,3056.091896057129,3040.7278594970703,3029.698684692383,3000.0680503845215,3003.3054733276367,2959.408187866211,4058.255126953125,4029.8316192626953,4014.4675903320312,4003.4383964538574,3973.807731628418,3977.045192718506,3933.147891998291,5523.67077255249,5495.2473220825195,5479.8832359313965,5468.854064941406,5439.223384857178,5442.460838317871,5398.563552856445
2081.5,859.6565301278606,833.337427854538,819.1108816564083,808.8982683420181,781.4613686352968,784.4590992927551,743.811840325594,1586.1580194234848,1559.83891415596,1545.6123719215393,1535.3997402191162,1507.9628429412842,1510.960575580597,1470.3133182525635,2164.415485844016,2138.0963946059346,2123.8698404431343,2113.6572009176016,2086.2203358858824,2089.2180381715298,2048.570793956518,1604.29840862751,1577.9792993068695,1563.7527556419373,1553.5401298999786,1526.1032252311707,1529.1009635925293,1488.4537019729614,2843.1661853790283,2816.8470764160156,2802.6205444335938,2792.407917022705,2764.9710426330566,2767.9687576293945,2727.3214988708496,3124.358688354492,3098.03955078125,3083.813014984131,3073.6004066467285,3046.1635208129883,3049.1612548828125,3008.5139694213867,4135.481590270996,4109.162452697754,4094.9359283447266,4084.723300933838,4057.286376953125,4060.284152984619,4019.6368522644043,5656.485942840576,5630.166862487793,5615.940273284912,5605.727676391602,5578.2907371521,5581.288505554199,5540.641220092773
2082.5,856.5127148488536,832.2979874610901,819.208941295743,809.8128908276558,784.5697408467531,787.3277840614319,749.9305250942707,1586.7797638773918,1562.5650334358215,1549.4759912490845,1540.0799221992493,1514.8367748260498,1517.594820022583,1480.1975631713867,2150.7752537578344,2126.5605383589864,2113.471484005451,2104.0754071325064,2078.8322915285826,2081.5903063714504,2044.1930621564388,1603.1156878471375,1578.9009532928467,1565.8119096755981,1556.415846824646,1531.172691822052,1533.930742740631,1496.5334815979004,2873.8359813690186,2849.6212463378906,2836.532215118408,2827.1361503601074,2801.8930282592773,2804.651054382324,2767.253791809082,3163.5181198120117,3139.3033561706543,3126.2143211364746,3116.81827545166,3091.575138092041,3094.333183288574,3056.9359016418457,4213.144813537598,4188.9300537109375,4175.841026306152,4166.444965362549,4141.201789855957,4143.959880828857,4106.562572479248,5789.414348602295,5765.199653625488,5752.11056137085,5742.714508056641,5717.471340179443,5720.22940826416,5682.832138061523
2083.5,853.0389892915264,830.9286369085312,818.9770906567574,810.3976028561592,787.3482027798891,789.8665585517883,755.7192995846272,1586.8419118784368,1564.7315564155579,1552.780014038086,1544.2005076408386,1521.151110649109,1523.6694684028625,1489.522211074829,2136.8351111263037,2114.7247696593404,2102.7732151150703,2094.1937008947134,2071.1443361490965,2073.6626630723476,2039.5154193341732,1601.1683194637299,1579.0579597502947,1567.106416106224,1558.5269157886505,1535.4775114059448,1537.99587392807,1503.8486132621765,2903.5320415496826,2881.421678543091,2869.4701499938965,2860.8906478881836,2837.8412742614746,2840.3596115112305,2806.2123489379883,3201.993698120117,3179.8833084106445,3167.9317741394043,3159.3522911071777,3136.302906036377,3138.821258544922,3104.6739807128906,4291.244804382324,4269.134414672852,4257.182891845703,4248.60338973999,4225.553970336914,4228.072368621826,4193.925067901611,5922.456005096436,5900.345664978027,5888.39408493042,5879.814590454102,5856.76517868042,5859.283561706543,5825.136291503906
2084.5,849.2353529790416,829.2293757200241,818.415329515934,810.6524041295052,789.7967544347048,792.0754225254059,761.1781637966633,1586.344463493675,1566.338483095169,1555.5244407653809,1547.7614967823029,1526.9058499336243,1529.1845197677612,1498.287262916565,2122.595056042075,2102.589089460671,2091.7750356793404,2084.0120841115713,2063.1564683169127,2065.4351077973843,2034.537864536047,1598.456303358078,1578.4503185898066,1567.636274933815,1559.8733370304108,1539.0176830291748,1541.2963576316833,1510.3990969657898,2932.254364013672,2912.2483768463135,2901.43434715271,2893.6714057922363,2872.8157844543457,2875.0944328308105,2844.1971702575684,3239.7854232788086,3219.7794075012207,3208.96537399292,3201.2024536132812,3180.346820831299,3182.6254844665527,3151.7282066345215,4369.781555175781,4349.775543212891,4338.961524963379,4331.198581695557,4310.342910766602,4312.62162399292,4281.724323272705,6055.610897064209,6035.604927062988,6024.790859222412,6017.027923583984,5996.172252655029,5998.450950622559,5967.553680419922
2085.5,845.101806149818,827.2002037763596,817.5236576199532,810.5772948935628,791.9153955727816,793.9543753862381,766.307117253542,1585.2874186299741,1567.3858132362366,1557.709270954132,1550.7628893852234,1532.100993156433,1534.1399745941162,1506.4927186965942,2108.0550904124975,2090.1534987166524,2080.476944744587,2073.530555829406,2054.868690416217,2056.9076410233974,2029.2603991925716,1594.9796392917633,1577.0780296474695,1567.40148589015,1560.4551106095314,1541.7932069301605,1543.8321933746338,1516.1849331855774,2960.0029487609863,2942.1013374328613,2932.4248065948486,2925.478427886963,2906.8165588378906,2908.855514526367,2881.2082557678223,3276.893299102783,3258.991653442383,3249.3151245117188,3242.368766784668,3223.7068824768066,3225.7458572387695,3198.0985832214355,4448.755081176758,4430.853439331055,4421.176918029785,4414.230541229248,4395.568618774414,4397.607646942139,4369.960346221924,6188.879024505615,6170.977439880371,6161.300868988037,6154.3544921875,6135.692577362061,6137.731575012207,6110.08430480957
2086.5,840.6383490422741,824.8411213159561,816.3020752072334,810.1722753718495,793.7041258364916,795.50341796875,771.1061599552631,1583.6707773469388,1567.8735466897488,1559.3345044851303,1553.2046859264374,1536.736539363861,1538.5358333587646,1514.1385774612427,2093.2152142375708,2077.4179974272847,2068.8789432644844,2062.749117001891,2046.2810010164976,2048.080264657736,2023.68302282691,1590.7383272647858,1574.9410927444696,1566.4020489156246,1560.272236570716,1543.8040828704834,1545.6033815145493,1521.2061214447021,2986.7777976989746,2970.9805603027344,2962.4415283203125,2956.3117122650146,2939.843593597412,2941.6428604125977,2917.24560546875,3313.3173217773438,3297.520050048828,3288.9810218811035,3282.8512268066406,3266.3830909729004,3268.1823768615723,3243.7851066589355,4528.165367126465,4512.368103027344,4503.829078674316,4497.699268341064,4481.231086730957,4483.030429840088,4458.633129119873,6322.260402679443,6306.463188171387,6297.924114227295,6291.7943115234375,6275.326137542725,6277.125434875488,6252.728179931641
2087.5,835.8449816564098,822.1521288156509,814.750582754612,809.437345571816,795.1629460602999,796.7225505113602,775.5752928555012,1581.4945397637784,1567.801683858037,1560.4001415967941,1555.086885690689,1540.8124890327454,1542.3720955848694,1521.2248396873474,2078.0754265636206,2064.3825846388936,2056.9810312390327,2051.6677676290274,2037.3934010714293,2038.952977746725,2017.8057354390621,1585.7323677539825,1572.039508357644,1564.6379643380642,1559.324714705348,1545.0503109693527,1546.6099220514297,1525.4626622200012,3012.578908920288,2998.8860454559326,2991.48451423645,2986.1712608337402,2971.8968925476074,2973.456470489502,2952.3092155456543,3349.057487487793,3335.3645935058594,3327.963062286377,3322.649829864502,3308.37544631958,3309.935047149658,3288.787773132324,4608.012413024902,4594.319526672363,4586.917999267578,4581.604755401611,4567.330322265625,4568.889980316162,4547.742671966553,6455.755016326904,6442.062187194824,6434.660610198975,6429.347351074219,6415.072948455811,6416.632545471191,6395.485305786133
2088.5,830.7217039922252,819.133226275444,812.8691801428795,808.3725054934621,796.2918562442064,797.6117730736732,779.7145154774189,1578.7587056420743,1567.1702247411013,1560.9061824679375,1556.4094890356064,1544.328842639923,1545.648761510849,1527.7515058517456,2062.6357283443213,2051.0472613051534,2044.783208668232,2040.2865067571402,2028.2058905810118,2029.525779336691,2011.628537505865,1579.9617607593536,1568.3732764869928,1562.109232276678,1557.6125451773405,1545.531891644001,1546.851815149188,1528.954555273056,3037.4062824249268,3025.817792892456,3019.553762435913,3015.057071685791,3002.976453781128,3004.2963428497314,2986.3990898132324,3384.1138038635254,3372.5252838134766,3366.2612533569336,3361.7645835876465,3349.6839485168457,3351.003860473633,3333.106590270996,4688.296226501465,4676.707710266113,4670.443687438965,4665.947002410889,4653.866325378418,4655.186290740967,4637.288990020752,6589.362880706787,6577.7744216918945,6571.510341644287,6567.013641357422,6554.932994842529,6556.252891540527,6538.355667114258
2089.5,825.2685160497203,815.690070271492,810.5125278830528,806.7958077862859,796.8105586320162,797.9015337228775,783.1085722744465,1575.4632749818265,1565.8848261386156,1560.7072874754667,1556.9905486106873,1547.0053024291992,1548.0962793827057,1533.3033199310303,2046.8961195796728,2037.3176842406392,2032.1401355862617,2028.423387631774,2018.4381722658873,2019.529119104147,2004.736173003912,1573.426505804062,1563.8480532318354,1558.6705130040646,1554.9537805765867,1544.9685271978378,1546.0595089644194,1531.2665452957153,3061.2599182128906,3051.681463241577,3046.5039348602295,3042.7871990203857,3032.80198097229,3033.8929290771484,3019.0999717712402,3418.4862670898438,3408.9077796936035,3403.730251312256,3400.0135383605957,3390.0283012390137,3391.119270324707,3376.3262977600098,4769.016799926758,4759.438316345215,4754.260795593262,4750.54407119751,4740.558792114258,4741.649814605713,4726.85680770874,6723.083980560303,6713.505561828613,6708.327968597412,6704.611236572266,6694.625988006592,6695.716941833496,6680.924011230469
2090.5,819.4915304044262,811.7318099737167,807.5373618006706,804.5263633206487,796.4370825737715,797.3209055662155,785.3367858231068,1571.9124465249479,1564.152722671628,1559.9582785218954,1556.9472612068057,1548.857983469963,1549.7418081760406,1537.7576904296875,2030.9598593562841,2023.200149603188,2019.005696117878,2015.9946690648794,2007.9054221361876,2008.789216607809,1996.8051126897335,1566.175342798233,1558.4156153351068,1554.221169322729,1551.2101587504148,1543.1208735704422,1544.0047032088041,1532.0205814242363,3084.3158855438232,3076.556158065796,3072.3617210388184,3069.350709915161,3061.261459350586,3062.1452560424805,3050.161138534546,3452.1430130004883,3444.3832473754883,3440.1888160705566,3437.1778259277344,3429.0885581970215,3429.972370147705,3417.9882431030273,4850.199485778809,4842.439735412598,4838.245300292969,4835.234294891357,4827.144989013672,4828.028858184814,4816.044696807861,6856.701564788818,6848.941871643066,6844.747371673584,6841.736373901367,6833.647075653076,6834.530891418457,6822.546798706055
2091.5,813.3970303395763,807.2647279500961,803.9499651789665,801.5704552605748,795.1777108162642,795.876171708107,786.4054392874241,1568.4188680909574,1562.2865622788668,1558.971803829074,1556.5922749862075,1550.1995335817337,1550.8979960680008,1541.427265882492,2014.9330782741308,2008.8007870391011,2005.4860189557076,2003.1064807027578,1996.713769838214,1997.4122024476528,1987.941486209631,1558.2583644390106,1552.1260550171137,1548.8112948834896,1546.431772634387,1540.0390239953995,1540.7374917715788,1531.2667571902275,3106.755142211914,3100.622833251953,3097.3080825805664,3094.9285583496094,3088.5358448028564,3089.2342796325684,3079.7635498046875,3485.0512924194336,3478.9189453125,3475.6041984558105,3473.224697113037,3466.8319664001465,3467.530414581299,3458.0596771240234,4931.870338439941,4925.738006591797,4922.42325592041,4920.043743133545,4913.650978088379,4914.349475860596,4904.878704071045,6989.992870330811,6983.8605880737305,6980.54577255249,6978.166275024414,6971.773509979248,6972.471961975098,6963.001266479492
2092.5,806.9850149014965,802.2888239622116,799.7503377795219,797.9280836060643,793.032443806529,793.5673321485519,786.31453230232,1564.982539679855,1560.2863453179598,1557.7478633373976,1555.9255902394652,1551.029953300953,1551.5648432970047,1544.3120458126068,1998.8157763332129,1994.1195965483785,1991.5811060070992,1989.7588225454092,1984.8632163256407,1985.3980766236782,1978.1452930867672,1549.6755712032318,1544.979372754693,1542.4408887326717,1540.6186227053404,1535.722978234291,1536.257873699069,1529.00507158041,3128.577688217163,3123.8814907073975,3121.3430156707764,3119.520746231079,3114.6251373291016,3115.159999847412,3107.907201766968,3517.2111053466797,3512.5148696899414,3509.9763984680176,3508.154155731201,3503.2585258483887,3503.7934036254883,3496.540599822998,5014.029357910156,5009.333137512207,5006.794662475586,5004.972408294678,5000.07674407959,5000.611667633057,4993.358829498291,7122.95788192749,7118.2617111206055,7115.72318649292,7113.900939941406,7109.005275726318,7109.540153503418,7102.287399291992
2093.5,800.2554845670238,796.8040989637375,794.9384796023369,793.5992481186986,790.0012813061476,790.3943868875504,785.0640647634864,1561.6034615300596,1558.1520720273256,1556.286457106471,1554.9472066387534,1551.3492425978184,1551.74234983325,1546.4120302200317,1982.6079535335302,1979.1565771773458,1977.2909544110298,1975.9516945928335,1972.3537606447935,1972.746838182211,1967.4165333211422,1540.4269626140594,1536.975568547845,1535.1099518239498,1533.7707084864378,1530.1727367639542,1530.565849468112,1525.2355253100395,3149.7835216522217,3146.3321285247803,3144.466522216797,3143.127275466919,3139.52933883667,3139.9224185943604,3134.592098236084,3548.6224517822266,3545.1710166931152,3543.3054161071777,3541.9661979675293,3538.368236541748,3538.761333465576,3533.431007385254,5096.676544189453,5093.225120544434,5091.359512329102,5090.020282745361,5086.422294616699,5086.815433502197,5081.4850730896,7255.5966148376465,7252.1452560424805,7250.279598236084,7248.940368652344,7245.342388153076,7245.735481262207,7240.405197143555
2094.5,793.2084402898327,790.8105524778366,789.5143911242485,788.583949752152,786.0842237919569,786.3573361635208,782.6540374979377,1558.2816334031522,1555.8837419301271,1554.5875848978758,1553.6571243032813,1551.1574012488127,1551.4305154383183,1547.7272193431854,1966.3096079677343,1963.9117308333516,1962.6155670285225,1961.6850958913565,1959.1854027956724,1959.4584880769253,1955.7552059590816,1530.5125386714935,1528.1146428734064,1526.8184841573238,1525.8880304545164,1523.3882995843887,1523.6614190787077,1519.9581186175346,3170.3726444244385,3167.97474861145,3166.6786003112793,3165.7481422424316,3163.248447418213,3163.5215339660645,3159.818239212036,3579.2853298187256,3576.887393951416,3575.591251373291,3574.6608238220215,3572.161102294922,3572.4342079162598,3568.7309036254883,5179.8118896484375,5177.413970947266,5176.117813110352,5175.187381744385,5172.687629699707,5172.960781097412,5169.257442474365,7387.909069061279,7385.511207580566,7384.215007781982,7383.284561157227,7380.784816741943,7381.057929992676,7377.354675292969
2095.5,785.8438811162487,784.3081840276718,783.4780723452568,782.8821875527501,781.2812705487013,781.4561802148819,779.0844502672553,1555.017055299133,1553.4813545495272,1552.651246830821,1552.0553431734443,1550.4544292539358,1550.6293401420116,1548.2576131224632,1949.9207434505224,1948.385057516396,1947.5549429059029,1946.9590283483267,1945.358144685626,1945.5330263078213,1943.1613129079342,1519.932299375534,1518.396593824029,1517.5664852559566,1516.970588132739,1515.3696666955948,1515.5445825308561,1513.1728512644768,3190.345054626465,3188.8093490600586,3187.9792499542236,3187.3833503723145,3185.7824630737305,3185.957347869873,3183.585620880127,3609.1997413635254,3607.6639976501465,3606.833902359009,3606.238031387329,3604.637119293213,3604.812023162842,3602.440288543701,5263.435401916504,5261.899673461914,5261.069564819336,5260.473690032959,5258.872749328613,5259.047695159912,5256.675930023193,7519.8952293396,7518.359565734863,7517.529415130615,7516.933532714844,7515.332592010498,7515.507499694824,7513.135818481445
2096.5,778.161807523109,777.2969940900803,776.8295227885246,776.493961520493,775.5924215763807,775.6909180879593,774.3553028330207,1551.809727218002,1550.9449106007814,1550.477443024516,1550.141863130033,1549.240326628089,1549.3388241231441,1548.003211647272,1933.4413561671972,1932.5765553191304,1932.1090810894966,1931.7734891027212,1930.8719834536314,1930.9704519212246,1929.6348532140255,1508.686244726181,1507.8214233070612,1507.3539551198483,1507.0183815211058,1506.116837143898,1506.2153398245573,1504.879723250866,3209.700752258301,3208.835931777954,3208.3684730529785,3208.03289604187,3207.1313858032227,3207.2298583984375,3205.8942470550537,3638.365686416626,3637.500825881958,3637.0333709716797,3636.697822570801,3635.796287536621,3635.8947792053223,3634.5591621398926,5347.547073364258,5346.682235717773,5346.214767456055,5345.879207611084,5344.977653503418,5345.076183319092,5343.740528106689,7651.555126190186,7650.690330505371,7650.222820281982,7649.887268066406,7648.98571395874,7649.084205627441,7647.748626708984
2097.5,770.1622190335765,769.776982665062,769.568742454052,769.4192716553807,769.0176773518324,769.0615502595901,768.4665951952338,1548.6596496365964,1548.27441008389,1548.0661735981703,1547.9166844114661,1547.5150936692953,1547.5589673221111,1546.964014917612,1916.8714480251074,1916.486225195229,1916.277982532978,1916.128481015563,1915.7269210070372,1915.7707649171352,1915.1758268773556,1496.7743747234344,1496.389131322503,1496.1808937489986,1496.0314106196165,1495.6298118829727,1495.6736909598112,1495.078734099865,3228.439739227295,3228.054494857788,3227.8462677001953,3227.696783065796,3227.295217514038,3227.339065551758,3226.744115829468,3666.7831649780273,3666.397882461548,3666.189655303955,3666.0401973724365,3665.638608932495,3665.68247795105,3665.0875186920166,5432.146919250488,5431.761650085449,5431.553421020508,5431.403949737549,5431.002342224121,5431.046245574951,5430.451251983643,7782.888729095459,7782.503517150879,7782.295238494873,7782.145782470703,7781.744167327881,7781.788032531738,7781.193115234375
2098.5,761.8451156476513,761.7481492757797,761.6957313418388,761.6581189110875,761.5570378750563,761.5680772066116,761.4183273538947,1545.566822078079,1545.4698527604342,1545.417438313365,1545.3798070177436,1545.2787302583456,1545.2897696197033,1545.1400227844715,1900.2110209316015,1900.1140690520406,1900.0616453289986,1900.0240021795034,1899.9229573458433,1899.9339672029018,1899.7842348515987,1484.1966903209686,1484.0997169166803,1484.0473020970821,1484.0096763819456,1483.908590912819,1483.9196359366179,1483.7698847651482,3246.5620155334473,3246.465042114258,3246.4126358032227,3246.375009536743,3246.2739582061768,3246.2849712371826,3246.135227203369,3694.452175140381,3694.3551635742188,3694.302759170532,3694.265157699585,3694.164083480835,3694.1751194000244,3694.025365829468,5517.234924316406,5517.137924194336,5517.085517883301,5517.047908782959,5516.946815490723,5516.95788192749,5516.808094024658,7913.896053314209,7913.799110412598,7913.746639251709,7913.709045410156,7913.60795211792,7913.618980407715,7913.469268798828
2099.5,753.210496888496,753.2104943990707,753.2104894518852,753.2105023339391,753.2105031460524,753.2104979753494,753.2104997858405,1542.5312443040311,1542.5312388688326,1542.5312371701002,1542.5312307104468,1542.5312357991934,1542.5312308967113,1542.5312350094318,1883.4600710719824,1883.4600830748677,1883.4600732922554,1883.4600545018911,1883.4600915163755,1883.46005782485,1883.4600752294064,1470.9531905651093,1470.9531810432673,1470.9531792104244,1470.9531778544188,1470.9531742334366,1470.9531747549772,1470.9531752467155,3264.067581176758,3264.0675716400146,3264.0675773620605,3264.0675773620605,3264.0676078796387,3264.067575454712,3264.067581176758,3721.372718811035,3721.3726711273193,3721.3726806640625,3721.372703552246,3721.3727111816406,3721.3727016448975,3721.372699737549,5602.811096191406,5602.811050415039,5602.811058044434,5602.81107711792,5602.811073303223,5602.811084747314,5602.811054229736,8044.577098846436,8044.577125549316,8044.577068328857,8044.577087402344,8044.577068328857,8044.57706451416,8044.577102661133
2100.5,744.3882016995922,744.3881992101669,744.3881942629814,744.3882071450353,744.3882079571486,744.3882027864456,744.3882045969367,1539.4979393742979,1539.4979339390993,1539.497932240367,1539.4979257807136,1539.49793086946,1539.497925966978,1539.4979300796986,1866.6364950984716,1866.636507101357,1866.6364973187447,1866.6364785283804,1866.6365155428648,1866.6364818513393,1866.6364992558956,1457.3454778194427,1457.3454682976007,1457.345466464758,1457.3454651087523,1457.34546148777,1457.3454620093107,1457.345462501049,3281.186212539673,3281.1862030029297,3281.1862087249756,3281.1862087249756,3281.1862392425537,3281.186206817627,3281.186212539673,3747.808813095093,3747.808765411377,3747.80877494812,3747.8087978363037,3747.8088054656982,3747.808795928955,3747.8087940216064,5688.334701538086,5688.334655761719,5688.334663391113,5688.3346824646,5688.334678649902,5688.334690093994,5688.334659576416,8174.645839691162,8174.645866394043,8174.645809173584,8174.64582824707,8174.645809173584,8174.645805358887,8174.645843505859
2101.5,735.5116748670116,735.5116723775864,735.5116674304008,735.5116803124547,735.511681124568,735.511675953865,735.5116777643561,1536.4104025624692,1536.4103971272707,1536.4103954285383,1536.410388968885,1536.4103940576315,1536.4103891551495,1536.41039326787,1849.7586874812841,1849.7586994841695,1849.7586897015572,1849.758670911193,1849.7587079256773,1849.7586742341518,1849.7586916387081,1443.6835343837738,1443.6835248619318,1443.683523029089,1443.6835216730833,1443.6835180521011,1443.6835185736418,1443.68351906538,3298.154067993164,3298.154058456421,3298.154064178467,3298.154064178467,3298.154094696045,3298.154062271118,3298.154067993164,3774.0318126678467,3774.031764984131,3774.031774520874,3774.0317974090576,3774.031805038452,3774.031795501709,3774.0317935943604,5773.25,5773.249954223633,5773.249961853027,5773.249980926514,5773.249977111816,5773.249988555908,5773.24995803833,8303.808330535889,8303.80835723877,8303.80830001831,8303.808319091797,8303.80830001831,8303.808296203613,8303.808334350586
2102.5,726.5809163907543,726.580913901329,726.5809089541435,726.5809218361974,726.5809226483107,726.5809174776077,726.5809192880988,1533.2686341069639,1533.2686286717653,1533.268626973033,1533.2686205133796,1533.2686256021261,1533.268620699644,1533.2686248123646,1832.8266482204199,1832.8266602233052,1832.826650440693,1832.8266316503286,1832.826668664813,1832.8266349732876,1832.8266523778439,1429.9673583507538,1429.9673488289118,1429.967346996069,1429.9673456400633,1429.9673420190811,1429.9673425406218,1429.96734303236,3314.97114944458,3314.971139907837,3314.971145629883,3314.971145629883,3314.971176147461,3314.971143722534,3314.97114944458,3800.0417156219482,3800.0416679382324,3800.0416774749756,3800.041700363159,3800.0417079925537,3800.0416984558105,3800.041696548462,5857.556983947754,5857.556938171387,5857.556945800781,5857.556964874268,5857.55696105957,5857.556972503662,5857.556941986084,8432.064556121826,8432.064582824707,8432.064525604248,8432.064544677734,8432.064525604248,8432.06452178955,8432.064559936523
2103.5,717.5959262708202,717.595923781395,717.5959188342094,717.5959317162633,717.5959325283766,717.5959273576736,717.5959291681647,1530.0726340077817,1530.0726285725832,1530.0726268738508,1530.0726204141974,1530.072625502944,1530.072620600462,1530.0726247131824,1815.8403773158789,1815.8403893187642,1815.8403795361519,1815.8403607457876,1815.840397760272,1815.8403640687466,1815.8403814733028,1416.196950674057,1416.196941152215,1416.1969393193722,1416.1969379633665,1416.1969343423843,1416.196934863925,1416.1969353556633,3331.637456893921,3331.6374473571777,3331.6374530792236,3331.6374530792236,3331.6374835968018,3331.637451171875,3331.637456893921,3825.838523864746,3825.8384761810303,3825.8384857177734,3825.838508605957,3825.8385162353516,3825.8385066986084,3825.8385047912598,5941.255653381348,5941.2556076049805,5941.255615234375,5941.255634307861,5941.255630493164,5941.255641937256,5941.255611419678,8559.41452407837,8559.41455078125,8559.414493560791,8559.414512634277,8559.414493560791,8559.414489746094,8559.414527893066
2104.5,708.556703553535,708.5567010641098,708.5566961169243,708.5567089989781,708.5567098110914,708.5567046403885,708.5567064508796,1526.8224022649229,1526.8223968297243,1526.822395130992,1526.8223886713386,1526.822393760085,1526.822388857603,1526.8223929703236,1798.799874767661,1798.7998867705464,1798.799876987934,1798.7998581975698,1798.7998952120543,1798.7998615205288,1798.799878925085,1402.3723113536835,1402.3723018318415,1402.3722999989986,1402.372298642993,1402.3722950220108,1402.3722955435514,1402.3722960352898,3348.152988433838,3348.1529788970947,3348.1529846191406,3348.1529846191406,3348.1530151367188,3348.152982711792,3348.152988433838,3851.4222354888916,3851.422187805176,3851.422197341919,3851.4222202301025,3851.422227859497,3851.422218322754,3851.4222164154053,6024.346015930176,6024.345970153809,6024.345977783203,6024.345996856689,6024.345993041992,6024.346004486084,6024.345973968506,8685.858226776123,8685.858253479004,8685.858196258545,8685.858215332031,8685.858196258545,8685.858192443848,8685.85823059082
2105.5,699.4632501462474,699.4632476568222,699.4632427096367,699.4632555916905,699.4632564038038,699.4632512331009,699.463253043592,1523.5179386399686,1523.51793320477,1523.5179315060377,1523.5179250463843,1523.5179301351309,1523.5179252326488,1523.5179293453693,1781.7051424831152,1781.7051544860005,1781.7051447033882,1781.705125913024,1781.7051629275084,1781.705129235983,1781.7051466405392,1388.4934403896332,1388.4934308677912,1388.4934290349483,1388.4934276789427,1388.4934240579605,1388.4934245795012,1388.4934250712395,3364.5177459716797,3364.5177364349365,3364.5177421569824,3364.5177421569824,3364.5177726745605,3364.517740249634,3364.5177459716797,3876.7928524017334,3876.7928047180176,3876.7928142547607,3876.7928371429443,3876.792844772339,3876.7928352355957,3876.792833328247,6106.828063964844,6106.828018188477,6106.828025817871,6106.828044891357,6106.82804107666,6106.828052520752,6106.828022003174,8811.395664215088,8811.395690917969,8811.39563369751,8811.395652770996,8811.39563369751,8811.395629882812,8811.395668029785
2106.5,690.3155650952831,690.3155626058578,690.3155576586723,690.3155705407262,690.3155713528395,690.3155661821365,690.3155679926276,1520.1592433713377,1520.159237936139,1520.1592362374067,1520.1592297777534,1520.1592348665,1520.1592299640179,1520.1592340767384,1764.5561785548925,1764.5561905577779,1764.5561807751656,1764.5561619848013,1764.5561989992857,1764.5561653077602,1764.5561827123165,1374.5603377819061,1374.5603282600641,1374.5603264272213,1374.5603250712156,1374.5603214502335,1374.560321971774,1374.5603224635124,3380.731731414795,3380.7317218780518,3380.7317276000977,3380.7317276000977,3380.731758117676,3380.731725692749,3380.731731414795,3901.950372695923,3901.950325012207,3901.95033454895,3901.950357437134,3901.9503650665283,3901.950355529785,3901.9503536224365,6188.701797485352,6188.701751708984,6188.701759338379,6188.701778411865,6188.701774597168,6188.70178604126,6188.701755523682,8936.026859283447,8936.026885986328,8936.02682876587,8936.026847839355,8936.02682876587,8936.026824951172,8936.026863098145
2107.5,681.113648400642,681.1136459112167,681.1136409640312,681.1136538460851,681.1136546581984,681.1136494874954,681.1136512979865,1516.74631645903,1516.7463110238314,1516.746309325099,1516.7463028654456,1516.7463079541922,1516.7463030517101,1516.7463071644306,1747.3529810756445,1747.3529930785298,1747.3529832959175,1747.3529645055532,1747.3530015200377,1747.3529678285122,1747.3529852330685,1360.5730035305023,1360.5729940086603,1360.5729921758175,1360.5729908198118,1360.5729871988297,1360.5729877203703,1360.5729882121086,3396.7949409484863,3396.794931411743,3396.794937133789,3396.794937133789,3396.794967651367,3396.7949352264404,3396.7949409484863,3926.8947982788086,3926.894750595093,3926.894760131836,3926.8947830200195,3926.894790649414,3926.894781112671,3926.8947792053223,6269.967224121094,6269.967178344727,6269.967185974121,6269.967205047607,6269.96720123291,6269.967212677002,6269.967182159424,9059.751796722412,9059.751823425293,9059.751766204834,9059.75178527832,9059.751766204834,9059.751762390137,9059.75180053711
2108.5,671.8575000623241,671.8574975728989,671.8574926257133,671.8575055077672,671.8575063198805,671.8575011491776,671.8575029596686,1513.279158141464,1513.2791527062654,1513.279151007533,1513.2791445478797,1513.2791496366262,1513.2791447341442,1513.2791488468647,1730.0955519527197,1730.095563955605,1730.0955541729927,1730.0955353826284,1730.0955723971128,1730.0955387055874,1730.0955561101437,1346.5314376354218,1346.5314281135798,1346.531426280737,1346.5314249247313,1346.531421303749,1346.5314218252897,1346.531422317028,3412.7073764801025,3412.7073669433594,3412.7073726654053,3412.7073726654053,3412.7074031829834,3412.7073707580566,3412.7073764801025,3951.626127243042,3951.626079559326,3951.6260890960693,3951.626111984253,3951.6261196136475,3951.6261100769043,3951.6261081695557,6350.624336242676,6350.624290466309,6350.624298095703,6350.624317169189,6350.624313354492,6350.624324798584,6350.624294281006,9182.570461273193,9182.570487976074,9182.570430755615,9182.570449829102,9182.570430755615,9182.570426940918,9182.57046508789
2109.5,662.5471191266552,662.5471166372299,662.5471116900444,662.5471245720983,662.5471253842115,662.5471202135086,662.5471220239997,1509.7577679418027,1509.7577625066042,1509.7577608078718,1509.7577543482184,1509.757759436965,1509.757754534483,1509.7577586472034,1712.7838911861181,1712.7839031890035,1712.7838934063911,1712.7838746160269,1712.7839116305113,1712.7838779389858,1712.783895343542,1332.4356400966644,1332.4356305748224,1332.4356287419796,1332.435627385974,1332.4356237649918,1332.4356242865324,1332.4356247782707,3428.4690380096436,3428.4690284729004,3428.4690341949463,3428.4690341949463,3428.4690647125244,3428.4690322875977,3428.4690380096436,3976.144359588623,3976.144311904907,3976.1443214416504,3976.144344329834,3976.1443519592285,3976.1443424224854,3976.1443405151367,6430.673133850098,6430.6730880737305,6430.673095703125,6430.673114776611,6430.673110961914,6430.673122406006,6430.673091888428,9304.48286819458,9304.482894897461,9304.482837677002,9304.482856750488,9304.482837677002,9304.482833862305,9304.482872009277
2110.5,653.1825065473095,653.1825040578842,653.1824991106987,653.1825119927526,653.1825128048658,653.1825076341629,653.182509444654,1506.1821458600461,1506.1821404248476,1506.1821387261152,1506.1821322664618,1506.1821373552084,1506.1821324527264,1506.1821365654469,1695.4179987758398,1695.4180107787251,1695.4180009961128,1695.4179822057486,1695.418019220233,1695.4179855287075,1695.4180029332638,1318.2856109142303,1318.2856013923883,1318.2855995595455,1318.2855982035398,1318.2855945825577,1318.2855951040983,1318.2855955958366,3444.079924583435,3444.079915046692,3444.079920768738,3444.079920768738,3444.079951286316,3444.079918861389,3444.079924583435,4000.449499130249,4000.449451446533,4000.4494609832764,4000.44948387146,4000.4494915008545,4000.4494819641113,4000.4494800567627,6510.113624572754,6510.113578796387,6510.113586425781,6510.113605499268,6510.11360168457,6510.113613128662,6510.113582611084,9425.489017486572,9425.489044189453,9425.488986968994,9425.48900604248,9425.488986968994,9425.488983154297,9425.48902130127
2111.5,643.763662324287,643.7636598348618,643.7636548876762,643.7636677697301,643.7636685818434,643.7636634111404,643.7636652216315,1502.5522921346128,1502.5522866994143,1502.5522850006819,1502.5522785410285,1502.552283629775,1502.552278727293,1502.5522828400135,1677.9978747218847,1677.99788672477,1677.9978769421577,1677.9978581517935,1677.9978951662779,1677.9978614747524,1677.9978788793087,1304.0813500881195,1304.0813405662775,1304.0813387334347,1304.081337377429,1304.0813337564468,1304.0813342779875,1304.0813347697258,3459.540036201477,3459.540026664734,3459.54003238678,3459.54003238678,3459.540062904358,3459.540030479431,3459.540036201477,4024.541540145874,4024.541492462158,4024.5415019989014,4024.541524887085,4024.5415325164795,4024.5415229797363,4024.5415210723877,6588.94580078125,6588.945755004883,6588.945762634277,6588.945781707764,6588.945777893066,6588.945789337158,6588.94575881958,9545.58890914917,9545.58893585205,9545.588878631592,9545.588897705078,9545.588878631592,9545.588874816895,9545.588912963867
2112.5,634.2905874112621,634.2905849218369,634.2905799746513,634.2905928567052,634.2905936688185,634.2905884981155,634.2905903086066,1498.8682070039213,1498.8682015687227,1498.8681998699903,1498.868193410337,1498.8681984990835,1498.8681935966015,1498.868197709322,1660.523519024253,1660.5235310271382,1660.523521244526,1660.5235024541616,1660.523539468646,1660.5235057771206,1660.5235231816769,1289.822857618332,1289.82284809649,1289.822846263647,1289.8228449076414,1289.8228412866592,1289.8228418081999,1289.8228422999382,3474.849373817444,3474.8493642807007,3474.8493700027466,3474.8493700027466,3474.8494005203247,3474.849368095398,3474.849373817444,4048.4204864501953,4048.4204387664795,4048.4204483032227,4048.4204711914062,4048.420478820801,4048.4204692840576,4048.420467376709,6667.169662475586,6667.169616699219,6667.169624328613,6667.1696434021,6667.169639587402,6667.169651031494,6667.169620513916,9664.782543182373,9664.782569885254,9664.782512664795,9664.782531738281,9664.782512664795,9664.782508850098,9664.78254699707
2113.5,624.7632808545604,624.7632783651352,624.7632734179497,624.7632863000035,624.7632871121168,624.7632819414139,624.763283751905,1495.1298899911344,1495.1298845559359,1495.1298828572035,1495.12987639755,1495.1298814862967,1495.1298765838146,1495.129880696535,1642.9949316829443,1642.9949436858296,1642.9949339032173,1642.994915112853,1642.9949521273375,1642.994918435812,1642.9949358403683,1275.5101335048676,1275.5101239830256,1275.5101221501827,1275.510120794177,1275.5101171731949,1275.5101176947355,1275.5101181864738,3490.007936477661,3490.007926940918,3490.007932662964,3490.007932662964,3490.007963180542,3490.0079307556152,3490.007936477661,4072.086338043213,4072.086290359497,4072.0862998962402,4072.086322784424,4072.0863304138184,4072.086320877075,4072.0863189697266,6744.785217285156,6744.785171508789,6744.785179138184,6744.78519821167,6744.785194396973,6744.785205841064,6744.785175323486,9783.069919586182,9783.069946289062,9783.069889068604,9783.06990814209,9783.069889068604,9783.069885253906,9783.069923400879
2114.5,615.1817417005077,615.1817392110825,615.1817342638969,615.1817471459508,615.1817479580641,615.1817427873611,615.1817445978522,1491.3373415730894,1491.3373361378908,1491.3373344391584,1491.337327979505,1491.3373330682516,1491.3373281657696,1491.33733227849,1625.412112697959,1625.4121247008443,1625.412114918232,1625.4120961278677,1625.412133142352,1625.4120994508266,1625.412116855383,1261.1431777477264,1261.1431682258844,1261.1431663930416,1261.143165037036,1261.1431614160538,1261.1431619375944,1261.1431624293327,3505.0157260894775,3505.0157165527344,3505.0157222747803,3505.0157222747803,3505.0157527923584,3505.0157203674316,3505.0157260894775,4095.539093017578,4095.5390453338623,4095.5390548706055,4095.539077758789,4095.5390853881836,4095.5390758514404,4095.539073944092,6821.792457580566,6821.792411804199,6821.792419433594,6821.79243850708,6821.792434692383,6821.792446136475,6821.7924156188965,9900.451038360596,9900.451065063477,9900.451007843018,9900.451026916504,9900.451007843018,9900.45100402832,9900.451042175293
2115.5,605.5459709027782,605.545968413353,605.5459634661674,605.5459763482213,605.5459771603346,605.5459719896317,605.5459738001227,1487.490561272949,1487.4905558377504,1487.490554139018,1487.4905476793647,1487.4905527681112,1487.4905478656292,1487.4905519783497,1607.7750620692968,1607.7750740721822,1607.7750642895699,1607.7750454992056,1607.77508251369,1607.7750488221645,1607.7750662267208,1246.7219903469086,1246.7219808250666,1246.7219789922237,1246.721977636218,1246.721974015236,1246.7219745367765,1246.7219750285149,3519.8727416992188,3519.8727321624756,3519.8727378845215,3519.8727378845215,3519.8727684020996,3519.872735977173,3519.8727416992188,4118.77875328064,4118.778705596924,4118.778715133667,4118.778738021851,4118.778745651245,4118.778736114502,4118.778734207153,6898.191390991211,6898.191345214844,6898.191352844238,6898.191371917725,6898.191368103027,6898.191379547119,6898.191349029541,10016.92589187622,10016.925918579102,10016.925861358643,10016.925880432129,10016.925861358643,10016.925857543945,10016.925895690918
2116.5,595.855968461372,595.8559659719467,595.8559610247612,595.855973906815,595.8559747189283,595.8559695482254,595.8559713587165,1483.5895493291318,1483.5895438939333,1483.589542195201,1483.5895357355475,1483.589540824294,1483.589535921812,1483.5895400345325,1590.083779796958,1590.0837917998433,1590.083782017231,1590.0837632268667,1590.0838002413511,1590.0837665498257,1590.083783954382,1232.246571302414,1232.246561780572,1232.246559947729,1232.2465585917234,1232.2465549707413,1232.246555492282,1232.2465559840202,3534.5789823532104,3534.5789728164673,3534.578978538513,3534.578978538513,3534.5790090560913,3534.5789766311646,3534.5789823532104,4141.8053188323975,4141.805271148682,4141.805280685425,4141.805303573608,4141.805311203003,4141.80530166626,4141.805299758911,6973.982009887695,6973.981964111328,6973.981971740723,6973.981990814209,6973.981986999512,6973.9819984436035,6973.981967926025,10132.494495391846,10132.494522094727,10132.494464874268,10132.494483947754,10132.494464874268,10132.49446105957,10132.494499206543
2117.5,586.111734376289,586.1117318868637,586.1117269396782,586.111739821732,586.1117406338453,586.1117354631424,586.1117372736335,1479.6343059800565,1479.634300544858,1479.6342988461256,1479.6342923864722,1479.6342974752188,1479.6342925727367,1479.6342966854572,1572.3382658809423,1572.3382778838277,1572.3382681012154,1572.338249310851,1572.3382863253355,1572.33825263381,1572.3382700383663,1217.7169206142426,1217.7169110924006,1217.7169092595577,1217.716907903552,1217.7169042825699,1217.7169048041105,1217.7169052958488,3549.134449005127,3549.134439468384,3549.1344451904297,3549.1344451904297,3549.134475708008,3549.134443283081,3549.134449005127,4164.618785858154,4164.6187381744385,4164.618747711182,4164.618770599365,4164.61877822876,4164.618768692017,4164.618766784668,7049.1643142700195,7049.164268493652,7049.164276123047,7049.164295196533,7049.164291381836,7049.164302825928,7049.16427230835,10247.156841278076,10247.156867980957,10247.156810760498,10247.156829833984,10247.156810760498,10247.1568069458,10247.156845092773
2118.5,576.3132696012035,576.3132671117783,576.3132621645927,576.3132750466466,576.3132758587599,576.313270688057,576.313272498548,1475.6248307488859,1475.6248253136873,1475.624823614955,1475.6248171553016,1475.6248222440481,1475.624817341566,1475.6248214542866,1554.53852032125,1554.5385323241353,1554.538522541523,1554.5385037511587,1554.5385407656431,1554.5385070741177,1554.538524478674,1203.13303732872,1203.133027806878,1203.1330259740353,1203.1330246180296,1203.1330209970474,1203.133021518588,1203.1330220103264,3563.5391416549683,3563.539132118225,3563.539137840271,3563.539137840271,3563.539168357849,3563.5391359329224,3563.5391416549683,4187.219160079956,4187.21911239624,4187.219121932983,4187.219144821167,4187.2191524505615,4187.219142913818,4187.21914100647,7123.738311767578,7123.738265991211,7123.7382736206055,7123.738292694092,7123.7382888793945,7123.738300323486,7123.738269805908,10360.912929534912,10360.912956237793,10360.912899017334,10360.91291809082,10360.912899017334,10360.912895202637,10360.91293334961
2119.5,566.460572228767,566.4605697393417,566.4605647921562,566.4605776742101,566.4605784863234,566.4605733156204,566.4605751261115,1471.5611238740385,1471.56111843884,1471.5611167401075,1471.5611102804542,1471.5611153692007,1471.5611104667187,1471.5611145794392,1536.6845431178808,1536.6845551207662,1536.6845453381538,1536.6845265477896,1536.684563562274,1536.6845298707485,1536.6845472753048,1188.4949223995209,1188.4949128776789,1188.494911044836,1188.4949096888304,1188.4949060678482,1188.4949065893888,1188.4949070811272,3577.79305934906,3577.793049812317,3577.793055534363,3577.793055534363,3577.793086051941,3577.793053627014,3577.79305934906,4209.6064376831055,4209.60638999939,4209.606399536133,4209.606422424316,4209.606430053711,4209.606420516968,4209.606418609619,7197.703994750977,7197.703948974609,7197.703956604004,7197.70397567749,7197.703971862793,7197.703983306885,7197.703952789307,10473.762752532959,10473.76277923584,10473.76272201538,10473.762741088867,10473.76272201538,10473.762718200684,10473.762756347656
2120.5,556.5536432126537,556.5536407232285,556.5536357760429,556.5536486580968,556.5536494702101,556.5536442995071,556.5536461099982,1467.4431853555143,1467.4431799203157,1467.4431782215834,1467.44317176193,1467.4431768506765,1467.4431719481945,1467.443176060915,1518.776334270835,1518.7763462737203,1518.776336491108,1518.7763177007437,1518.776354715228,1518.7763210237026,1518.776338428259,1173.8025767803192,1173.8025672584772,1173.8025654256344,1173.8025640696287,1173.8025604486465,1173.8025609701872,1173.8025614619255,3591.8962030410767,3591.8961935043335,3591.8961992263794,3591.8961992263794,3591.8962297439575,3591.8961973190308,3591.8962030410767,4231.7806186676025,4231.780570983887,4231.78058052063,4231.7806034088135,4231.780611038208,4231.780601501465,4231.780599594116,7271.061363220215,7271.061317443848,7271.061325073242,7271.0613441467285,7271.061340332031,7271.061351776123,7271.061321258545,10585.706317901611,10585.706344604492,10585.706287384033,10585.70630645752,10585.706287384033,10585.706283569336,10585.706321716309
2121.5,546.5924825528637,546.5924800634384,546.5924751162529,546.5924879983068,546.59248881042,546.5924836397171,546.5924854502082,1463.2710151933134,1463.2710097581148,1463.2710080593824,1463.271001599729,1463.2710066884756,1463.2710017859936,1463.271005898714,1500.8138937801123,1500.8139057829976,1500.8138960003853,1500.813877210021,1500.8139142245054,1500.81388053298,1500.8138979375362,1159.0559995174408,1159.0559899955988,1159.055988162756,1159.0559868067503,1159.0559831857681,1159.0559837073088,1159.055984199047,3605.848572731018,3605.848563194275,3605.848568916321,3605.848568916321,3605.848599433899,3605.848567008972,3605.848572731018,4253.741704940796,4253.74165725708,4253.741666793823,4253.741689682007,4253.741697311401,4253.741687774658,4253.74168586731,7343.8104248046875,7343.81037902832,7343.810386657715,7343.810405731201,7343.810401916504,7343.810413360596,7343.810382843018,10696.74362564087,10696.74365234375,10696.743595123291,10696.743614196777,10696.743595123291,10696.743591308594,10696.743629455566
2122.5,536.5770902493969,536.5770877599716,536.5770828127861,536.57709569484,536.5770965069532,536.5770913362503,536.5770931467414,1459.0446129105985,1459.0446074754,1459.0446057766676,1459.0445993170142,1459.0446044057608,1459.0445995032787,1459.0446036159992,1482.7972216457129,1482.7972336485982,1482.7972238659859,1482.7972050756216,1482.797242090106,1482.7972083985806,1482.7972258031368,1144.2551906108856,1144.2551810890436,1144.2551792562008,1144.2551779001951,1144.255174279213,1144.2551748007536,1144.255175292492,3619.65016746521,3619.650157928467,3619.6501636505127,3619.6501636505127,3619.650194168091,3619.650161743164,3619.65016746521,4275.489694595337,4275.489646911621,4275.489656448364,4275.489679336548,4275.489686965942,4275.489677429199,4275.489675521851,7415.951171875,7415.951126098633,7415.951133728027,7415.951152801514,7415.951148986816,7415.951160430908,7415.95112991333,10806.874675750732,10806.874702453613,10806.874645233154,10806.87466430664,10806.874645233154,10806.874641418457,10806.87467956543
2123.5,526.5074663022533,526.5074638128281,526.5074588656425,526.5074717476964,526.5074725598097,526.5074673891068,526.5074691995978,1454.763978984207,1454.7639735490084,1454.763971850276,1454.7639653906226,1454.7639704793692,1454.7639655768871,1454.7639696896076,1464.7263178676367,1464.726329870522,1464.7263200879097,1464.7263012975454,1464.7263383120298,1464.7263046205044,1464.7263220250607,1129.4001491069794,1129.4001395851374,1129.4001377522945,1129.4001363962889,1129.4001327753067,1129.4001332968473,1129.4001337885857,3633.3009881973267,3633.3009786605835,3633.3009843826294,3633.3009843826294,3633.3010149002075,3633.3009824752808,3633.3009881973267,4297.024589538574,4297.024541854858,4297.024551391602,4297.024574279785,4297.02458190918,4297.0245723724365,4297.024570465088,7487.483604431152,7487.483558654785,7487.48356628418,7487.483585357666,7487.483581542969,7487.483592987061,7487.483562469482,10916.099468231201,10916.099494934082,10916.099437713623,10916.09945678711,10916.099437713623,10916.099433898926,10916.099472045898
2124.5,516.3836116651073,516.3836091756821,516.3836042284966,516.3836171105504,516.3836179226637,516.3836127519608,516.3836145624518,1450.4291138909757,1450.4291084557772,1450.4291067570448,1450.4291002973914,1450.429105386138,1450.429100483656,1450.4291045963764,1446.6011824458838,1446.601194448769,1446.6011846661568,1446.6011658757925,1446.601202890277,1446.6011691987514,1446.6011866033077,1114.4908759593964,1114.4908664375544,1114.4908646047115,1114.4908632487059,1114.4908596277237,1114.4908601492643,1114.4908606410027,3646.801033973694,3646.8010244369507,3646.8010301589966,3646.8010301589966,3646.8010606765747,3646.801028251648,3646.801033973694,4318.346387863159,4318.346340179443,4318.3463497161865,4318.34637260437,4318.346380233765,4318.3463706970215,4318.346368789673,7558.407737731934,7558.407691955566,7558.407699584961,7558.407718658447,7558.40771484375,7558.407726287842,7558.407695770264,11024.418003082275,11024.418029785156,11024.417972564697,11024.417991638184,11024.417972564697,11024.41796875,11024.418006896973
2125.5,506.20552443061024,506.205521941185,506.2055169939995,506.20552987605333,506.2055306881666,506.2055255174637,506.20552732795477,1446.0400166772306,1446.040011242032,1446.0400095432997,1446.0400030836463,1446.0400081723928,1446.0400032699108,1446.0400073826313,1428.421815380454,1428.4218273833394,1428.421817600727,1428.4217988103628,1428.4218358248472,1428.4218021333218,1428.421819537878,1099.5273711681366,1099.5273616462946,1099.5273598134518,1099.527358457446,1099.527354836464,1099.5273553580046,1099.527355849743,3660.150305747986,3660.1502962112427,3660.1503019332886,3660.1503019332886,3660.1503324508667,3660.15030002594,3660.150305747986,4339.45509147644,4339.455043792725,4339.455053329468,4339.455076217651,4339.455083847046,4339.455074310303,4339.455072402954,7628.72354888916,7628.723503112793,7628.7235107421875,7628.723529815674,7628.723526000977,7628.723537445068,7628.72350692749,11131.830280303955,11131.830307006836,11131.830249786377,11131.830268859863,11131.830249786377,11131.83024597168,11131.830284118652
2126.5,495.9732055524364,495.97320306301117,495.97319811582565,495.9732109978795,495.9732118099928,495.97320663928986,495.97320844978094,1441.5966878198087,1441.5966823846102,1441.5966806858778,1441.5966742262244,1441.596679314971,1441.596674412489,1441.5966785252094,1410.1882166713476,1410.188228674233,1410.1882188916206,1410.1882001012564,1410.1882371157408,1410.1882034242153,1410.1882208287716,1084.5096347332,1084.509625211358,1084.5096233785152,1084.5096220225096,1084.5096184015274,1084.509618923068,1084.5096194148064,3673.3488035202026,3673.3487939834595,3673.3487997055054,3673.3487997055054,3673.3488302230835,3673.3487977981567,3673.3488035202026,4360.350698471069,4360.3506507873535,4360.350660324097,4360.35068321228,4360.350690841675,4360.350681304932,4360.350679397583,7698.431045532227,7698.430999755859,7698.431007385254,7698.43102645874,7698.431022644043,7698.431034088135,7698.431003570557,11238.336292266846,11238.336318969727,11238.336261749268,11238.336280822754,11238.336261749268,11238.33625793457,11238.336296081543
2127.5,485.6866550305858,485.6866525411606,485.68664759397507,485.6866604760289,485.6866612881422,485.68665611743927,485.68665792793036,1437.0991277955472,1437.0991223603487,1437.0991206616163,1437.099114201963,1437.0991192907095,1437.0991143882275,1437.099118500948,1391.9003863185644,1391.9003983214498,1391.9003885388374,1391.9003697484732,1391.9004067629576,1391.900373071432,1391.9003904759884,1069.4376666545868,1069.4376571327448,1069.437655299902,1069.4376539438963,1069.4376503229141,1069.4376508444548,1069.437651336193,3686.39652633667,3686.3965167999268,3686.3965225219727,3686.3965225219727,3686.396553039551,3686.396520614624,3686.39652633667,4381.0332107543945,4381.033163070679,4381.033172607422,4381.0331954956055,4381.033203125,4381.033193588257,4381.033191680908,7767.530235290527,7767.53018951416,7767.530197143555,7767.530216217041,7767.530212402344,7767.530223846436,7767.530193328857,11343.936038970947,11343.936065673828,11343.93600845337,11343.936027526855,11343.93600845337,11343.936004638672,11343.936042785645
2128.5,475.3458728650585,475.34587037563324,475.3458654284477,475.3458783105016,475.34587912261486,475.3458739519119,475.345875762403,1432.5473356507719,1432.5473302155733,1432.547328516841,1432.5473220571876,1432.547327145934,1432.547322243452,1432.5473263561726,1373.5583243221045,1373.5583363249898,1373.5583265423775,1373.5583077520132,1373.5583447664976,1373.5583110749722,1373.5583284795284,1054.3114669322968,1054.3114574104548,1054.311455577612,1054.3114542216063,1054.311450600624,1054.3114511221647,1054.311451613903,3699.293475151062,3699.293465614319,3699.2934713363647,3699.2934713363647,3699.293501853943,3699.293469429016,3699.293475151062,4401.502626419067,4401.502578735352,4401.502588272095,4401.502611160278,4401.502618789673,4401.50260925293,4401.502607345581,7836.021110534668,7836.021064758301,7836.021072387695,7836.021091461182,7836.021087646484,7836.021099090576,7836.021068572998,11448.629528045654,11448.629554748535,11448.629497528076,11448.629516601562,11448.629497528076,11448.629493713379,11448.629531860352
2129.5,464.9508590558544,464.95085656642914,464.9508516192436,464.9508645012975,464.95086531341076,464.9508601427078,464.9508619531989,1427.9413118623197,1427.9413064271212,1427.9413047283888,1427.9412982687354,1427.941303357482,1427.941298455,1427.9413025677204,1355.162028774619,1355.1620407775044,1355.1620309948921,1355.1620122045279,1355.1620492190123,1355.1620155274868,1355.162032932043,1039.1310365200043,1039.1310269981623,1039.1310251653194,1039.1310238093138,1039.1310201883316,1039.1310207098722,1039.1310212016106,3712.0396490097046,3712.0396394729614,3712.0396451950073,3712.0396451950073,3712.0396757125854,3712.0396432876587,3712.0396490097046,4421.7589473724365,4421.758899688721,4421.758909225464,4421.7589321136475,4421.758939743042,4421.758930206299,4421.75892829895,7903.903671264648,7903.903625488281,7903.903633117676,7903.903652191162,7903.903648376465,7903.903659820557,7903.9036293029785,11552.416759490967,11552.416786193848,11552.416728973389,11552.416748046875,11552.416728973389,11552.416725158691,11552.416763305664
2130.5,454.5016126492992,454.50161015987396,454.50160521268845,454.5016180947423,454.5016189068556,454.50161373615265,454.50161554664373,1423.2810564301908,1423.2810509949923,1423.2810492962599,1423.2810428366065,1423.281047925353,1423.281043022871,1423.2810471355915,1336.7115034908056,1336.711515493691,1336.7115057110786,1336.7114869207144,1336.7115239351988,1336.7114902436733,1336.7115076482296,1023.896374464035,1023.896364942193,1023.8963631093502,1023.8963617533445,1023.8963581323624,1023.896358653903,1023.8963591456413,3724.635048866272,3724.635039329529,3724.6350450515747,3724.6350450515747,3724.635075569153,3724.635043144226,3724.635048866272,4441.802171707153,4441.8021240234375,4441.802133560181,4441.802156448364,4441.802164077759,4441.802154541016,4441.802152633667,7971.177925109863,7971.177879333496,7971.177886962891,7971.177906036377,7971.17790222168,7971.1779136657715,7971.177883148193,11655.297733306885,11655.297760009766,11655.297702789307,11655.297721862793,11655.297702789307,11655.29769897461,11655.297737121582
2131.5,443.9981355527416,443.99813306331635,443.99812811613083,443.9981409981847,443.99814181029797,443.99813663959503,443.9981384500861,1418.5665693543851,1418.5665639191866,1418.5665622204542,1418.5665557608008,1418.5665608495474,1418.5665559470654,1418.5665600597858,1318.2067465633154,1318.2067585662007,1318.2067487835884,1318.2067299932241,1318.2067670077085,1318.206733316183,1318.2067507207394,1008.607480764389,1008.607471242547,1008.6074694097042,1008.6074680536985,1008.6074644327164,1008.607464954257,1008.6074654459953,3737.079674720764,3737.079665184021,3737.079670906067,3737.079670906067,3737.079701423645,3737.0796689987183,3737.079674720764,4461.632301330566,4461.632253646851,4461.632263183594,4461.632286071777,4461.632293701172,4461.632284164429,4461.63228225708,8037.843864440918,8037.843818664551,8037.843826293945,8037.843845367432,8037.843841552734,8037.843852996826,8037.843822479248,11757.272449493408,11757.272476196289,11757.27241897583,11757.272438049316,11757.27241897583,11757.272415161133,11757.272453308105
2132.5,433.4404268125072,433.44042432308197,433.44041937589645,433.4404322579503,433.4404330700636,433.44042789936066,433.44042970985174,1413.7978506349027,1413.7978451997042,1413.7978435009718,1413.7978370413184,1413.797842130065,1413.797837227583,1413.7978413403034,1299.6477579921484,1299.6477699950337,1299.6477602124214,1299.6477414220572,1299.6477784365416,1299.647744745016,1299.6477621495724,993.2643554210663,993.2643458992243,993.2643440663815,993.2643427103758,993.2643390893936,993.2643396109343,993.2643401026726,3749.373525619507,3749.3735160827637,3749.3735218048096,3749.3735218048096,3749.3735523223877,3749.373519897461,3749.373525619507,4481.249334335327,4481.249286651611,4481.2492961883545,4481.249319076538,4481.249326705933,4481.249317169189,4481.249315261841,8103.9014892578125,8103.901443481445,8103.90145111084,8103.901470184326,8103.901466369629,8103.901477813721,8103.901447296143,11858.340908050537,11858.340934753418,11858.340877532959,11858.340896606445,11858.340877532959,11858.340873718262,11858.340911865234
2133.5,422.8284864285961,422.82848393917084,422.8284789919853,422.8284918740392,422.82849268615246,422.8284875154495,422.8284893259406,1408.9749002717435,1408.974894836545,1408.9748931378126,1408.9748866781592,1408.9748917669058,1408.9748868644238,1408.9748909771442,1281.0345377773046,1281.03454978019,1281.0345399975777,1281.0345212072134,1281.0345582216978,1281.0345245301723,1281.0345419347286,977.8669974803925,977.8669879585505,977.8669861257076,977.866984769702,977.8669811487198,977.8669816702604,977.8669821619987,3761.5166025161743,3761.516592979431,3761.516598701477,3761.516598701477,3761.516629219055,3761.5165967941284,3761.5166025161743,4500.653270721436,4500.65322303772,4500.653232574463,4500.6532554626465,4500.653263092041,4500.653253555298,4500.653251647949,8169.350807189941,8169.350761413574,8169.350769042969,8169.350788116455,8169.350784301758,8169.35079574585,8169.3507652282715,11958.503108978271,11958.503135681152,11958.503078460693,11958.50309753418,11958.503078460693,11958.503074645996,11958.503112792969
2134.5,412.1623144010082,412.16231191158295,412.16230696439743,412.1623198464513,412.16232065856457,412.16231548786163,412.1623172983527,1404.0977182649076,1404.097712829709,1404.0977111309767,1404.0977046713233,1404.0977097600698,1404.0977048575878,1404.0977089703083,1262.3670859187841,1262.3670979216695,1262.3670881390572,1262.367069348693,1262.3671063631773,1262.3670726716518,1262.3670900762081,962.4154078960419,962.4153983741999,962.415396541357,962.4153951853514,962.4153915643692,962.4153920859098,962.4153925776482,3773.5089054107666,3773.5088958740234,3773.5089015960693,3773.5089015960693,3773.5089321136475,3773.5088996887207,3773.5089054107666,4519.84411239624,4519.844064712524,4519.844074249268,4519.844097137451,4519.844104766846,4519.8440952301025,4519.844093322754,8234.19181060791,8234.191764831543,8234.191772460938,8234.191791534424,8234.191787719727,8234.191799163818,8234.19176864624,12057.759052276611,12057.759078979492,12057.759021759033,12057.75904083252,12057.759021759033,12057.759017944336,12057.759056091309
2135.5,401.4419097760692,401.441907286644,401.44190233945847,401.4419152215123,401.4419160336256,401.44191086292267,401.44191267341375,1399.1663041375577,1399.1662987023592,1399.1662970036268,1399.1662905439734,1399.16629563272,1399.166290730238,1399.1662948429585,1243.6454024165869,1243.6454144194722,1243.64540463686,1243.6453858464956,1243.64542286098,1243.6453891694546,1243.6454065740108,946.9095866680145,946.9095771461725,946.9095753133297,946.909573957324,946.9095703363419,946.9095708578825,946.9095713496208,3785.3504333496094,3785.350423812866,3785.350429534912,3785.350429534912,3785.3504600524902,3785.3504276275635,3785.3504333496094,4538.821857452393,4538.821809768677,4538.82181930542,4538.8218421936035,4538.821849822998,4538.821840286255,4538.821838378906,8298.424507141113,8298.424461364746,8298.42446899414,8298.424488067627,8298.42448425293,8298.424495697021,8298.424465179443,12156.108737945557,12156.108764648438,12156.108707427979,12156.108726501465,12156.108707427979,12156.108703613281,12156.108741760254
2136.5,390.6672735074535,390.66727101802826,390.66726607084274,390.6672789528966,390.6672797650099,390.66727459430695,390.66727640479803,1394.1806583665311,1394.1806529313326,1394.1806512326002,1394.1806447729468,1394.1806498616934,1394.1806449592113,1394.1806490719318,1224.8694872707129,1224.8694992735982,1224.8694894909859,1224.8694707006216,1224.869507715106,1224.8694740235806,1224.8694914281368,931.3495337963104,931.3495242744684,931.3495224416256,931.3495210856199,931.3495174646378,931.3495179861784,931.3495184779167,3797.041187286377,3797.041177749634,3797.0411834716797,3797.0411834716797,3797.041213989258,3797.041181564331,3797.041187286377,4557.586507797241,4557.586460113525,4557.586469650269,4557.586492538452,4557.586500167847,4557.5864906311035,4557.586488723755,8362.048889160156,8362.048843383789,8362.048851013184,8362.04887008667,8362.048866271973,8362.048877716064,8362.048847198486,12253.552165985107,12253.552192687988,12253.55213546753,12253.552154541016,12253.55213546753,12253.552131652832,12253.552169799805
2137.5,379.83840654883534,379.8384040594101,379.8383991122246,379.83841199427843,379.8384128063917,379.8384076356888,379.83840944617987,1389.140781428665,1389.1407759934664,1389.140774294734,1389.1407678350806,1389.1407729238272,1389.1407680213451,1389.1407721340656,1206.039340481162,1206.0393524840474,1206.039342701435,1206.0393239110708,1206.0393609255552,1206.0393272340298,1206.039344638586,915.7352492809296,915.7352397590876,915.7352379262447,915.7352365702391,915.7352329492569,915.7352334707975,915.7352339625359,3808.581166267395,3808.581156730652,3808.5811624526978,3808.5811624526978,3808.581192970276,3808.581160545349,3808.581166267395,4576.1380615234375,4576.138013839722,4576.138023376465,4576.138046264648,4576.138053894043,4576.1380443573,4576.138042449951,8425.064956665039,8425.064910888672,8425.064918518066,8425.064937591553,8425.064933776855,8425.064945220947,8425.06491470337,12350.08932876587,12350.08935546875,12350.089298248291,12350.089317321777,12350.089298248291,12350.089294433594,12350.089332580566
2138.5,368.9553079465404,368.9553054571152,368.95530050992966,368.9553133919835,368.9553142040968,368.95530903339386,368.95531084388494,1384.0466723702848,1384.0466669350863,1384.0466652363539,1384.0466587767005,1384.046663865447,1384.046658962965,1384.0466630756855,1187.1549620479345,1187.1549740508199,1187.1549642682076,1187.1549454778433,1187.1549824923277,1187.1549488008022,1187.1549662053585,900.066733121872,900.06672360003,900.0667217671871,900.0667204111814,900.0667167901993,900.0667173117399,900.0667178034782,3819.970371246338,3819.9703617095947,3819.9703674316406,3819.9703674316406,3819.9703979492188,3819.970365524292,3819.970371246338,4594.47652053833,4594.476472854614,4594.476482391357,4594.476505279541,4594.476512908936,4594.476503372192,4594.476501464844,8487.472713470459,8487.472667694092,8487.472675323486,8487.472694396973,8487.472690582275,8487.472702026367,8487.472671508789,12445.720233917236,12445.720260620117,12445.720203399658,12445.720222473145,12445.720203399658,12445.720199584961,12445.720237731934
2139.5,358.01797770056874,358.0179752111435,358.017970263958,358.01798314601183,358.0179839581251,358.0179787874222,358.01798059791327,1378.898331668228,1378.8983262330294,1378.898324534297,1378.8983180746436,1378.8983231633902,1378.8983182609081,1378.8983223736286,1168.2163500636816,1168.216362066567,1168.2163522839546,1168.2163334935904,1168.2163705080748,1168.2163368165493,1168.2163542211056,884.3439843654633,884.3439748436213,884.3439730107784,884.3439716547728,884.3439680337906,884.3439685553312,884.3439690470695,3831.2088022232056,3831.2087926864624,3831.2087984085083,3831.2087984085083,3831.2088289260864,3831.2087965011597,3831.2088022232056,4612.60188293457,4612.6018352508545,4612.601844787598,4612.601867675781,4612.601875305176,4612.601865768433,4612.601863861084,8549.272159576416,8549.272113800049,8549.272121429443,8549.27214050293,8549.272136688232,8549.272148132324,8549.272117614746,12540.444881439209,12540.44490814209,12540.44485092163,12540.444869995117,12540.44485092163,12540.444847106934,12540.444885253906
2140.5,347.1399106839672,347.13990819454193,347.1399032473564,347.13991612941027,347.13991694152355,347.1399117708206,347.1399135813117,1373.752157714218,1373.7521522790194,1373.752150580287,1373.7521441206336,1373.7521492093801,1373.7521443068981,1373.7521484196186,1149.5441946834326,1149.544206686318,1149.5441969037056,1149.5441781133413,1149.5442151278257,1149.5441814363003,1149.5441988408566,868.727697134018,868.7276876121759,868.7276857793331,868.7276844233274,868.7276808023453,868.7276813238859,868.7276818156242,3842.2964582443237,3842.2964487075806,3842.2964544296265,3842.2964544296265,3842.2964849472046,3842.296452522278,3842.2964582443237,4630.5141525268555,4630.51410484314,4630.514114379883,4630.514137268066,4630.514144897461,4630.514135360718,4630.514133453369,8610.46329498291,8610.463249206543,8610.463256835938,8610.463275909424,8610.463272094727,8610.463283538818,8610.46325302124,12634.263271331787,12634.263298034668,12634.263240814209,12634.263259887695,12634.263240814209,12634.263236999512,12634.263275146484
2141.5,336.43775461707264,336.4377521276474,336.4377471804619,336.43776006251574,336.437760874629,336.4377557039261,336.43775751441717,1368.666114833206,1368.6661093980074,1368.666107699275,1368.6661012396216,1368.6661063283682,1368.6661014258862,1368.6661055386066,1131.468087658286,1131.4680996611714,1131.468089878559,1131.4680710881948,1131.4681081026793,1131.4680744111538,1131.46809181571,853.3830306529999,853.3830211311579,853.383019298315,853.3830179423094,853.3830143213272,853.3830148428679,853.3830153346062,3853.2333402633667,3853.2333307266235,3853.2333364486694,3853.2333364486694,3853.2333669662476,3853.233334541321,3853.2333402633667,4648.213325500488,4648.2132778167725,4648.213287353516,4648.213310241699,4648.213317871094,4648.213308334351,4648.213306427002,8671.046115875244,8671.046070098877,8671.046077728271,8671.046096801758,8671.04609298706,8671.046104431152,8671.046073913574,12727.175395965576,12727.175422668457,12727.175365447998,12727.175384521484,12727.175365447998,12727.1753616333,12727.175399780273
2142.5,325.91150949988514,325.9115070104599,325.9115020632744,325.91151494532824,325.9115157574415,325.9115105867386,325.91151239722967,1363.640203025192,1363.6401975899935,1363.640195891261,1363.6401894316077,1363.6401945203543,1363.6401896178722,1363.6401937305927,1113.9880289882421,1113.9880409911275,1113.9880312085152,1113.988012418151,1113.9880494326353,1113.9880157411098,1113.9880331456661,838.3099830150604,838.3099734932184,838.3099716603756,838.3099703043699,838.3099666833878,838.3099672049284,838.3099676966667,3864.01944732666,3864.019437789917,3864.019443511963,3864.019443511963,3864.019474029541,3864.0194416046143,3864.01944732666,4665.699403762817,4665.699356079102,4665.699365615845,4665.699388504028,4665.699396133423,4665.69938659668,4665.699384689331,8731.020626068115,8731.020580291748,8731.020587921143,8731.020606994629,8731.020603179932,8731.020614624023,8731.020584106445,12819.18126296997,12819.181289672852,12819.181232452393,12819.181251525879,12819.181232452393,12819.181228637695,12819.181266784668
2143.5,315.5611753324047,315.56117284297943,315.5611678957939,315.56118077784777,315.56118158996105,315.5611764192581,315.5611782297492,1358.6744227670133,1358.6744173318148,1358.6744156330824,1358.674409173429,1358.6744142621756,1358.6744093596935,1358.674413472414,1097.1040186733007,1097.104030676186,1097.1040208935738,1097.1040021032095,1097.104039117694,1097.1040054261684,1097.1040228307247,823.5085551738739,823.5085456520319,823.5085438191891,823.5085424631834,823.5085388422012,823.5085393637419,823.5085398554802,3874.6547803878784,3874.6547708511353,3874.654776573181,3874.654776573181,3874.6548070907593,3874.6547746658325,3874.6547803878784,4682.972385406494,4682.972337722778,4682.9723472595215,4682.972370147705,4682.9723777771,4682.972368240356,4682.972366333008,8790.386825561523,8790.386779785156,8790.38678741455,8790.386806488037,8790.38680267334,8790.386814117432,8790.386783599854,12910.28087234497,12910.280899047852,12910.280841827393,12910.280860900879,12910.280841827393,12910.280838012695,12910.280876159668
2144.5,305.38675211463124,305.386749625206,305.3867446780205,305.38675756007433,305.3867583721876,305.3867532014847,305.38675501197577,1353.7687735818326,1353.768768146634,1353.7687664479017,1353.7687599882483,1353.768765076995,1353.7687601745129,1353.7687642872334,1080.8160586208105,1080.8160706236959,1080.8160608410835,1080.8160420507193,1080.8160790652037,1080.8160453736782,1080.8160627782345,808.978746175766,808.978736653924,808.9787348210812,808.9787334650755,808.9787298440933,808.978730365634,808.9787308573723,3885.1393394470215,3885.1393299102783,3885.139335632324,3885.139335632324,3885.1393661499023,3885.1393337249756,3885.1393394470215,4700.032270431519,4700.032222747803,4700.032232284546,4700.0322551727295,4700.032262802124,4700.032253265381,4700.032251358032,8849.144710540771,8849.144664764404,8849.144672393799,8849.144691467285,8849.144687652588,8849.14469909668,8849.144668579102,13000.474224090576,13000.474250793457,13000.474193572998,13000.474212646484,13000.474193572998,13000.4741897583,13000.474227905273
2145.5,295.38823984656483,295.3882373571396,295.38823240995407,295.3882452920079,295.3882461041212,295.3882409334183,295.38824274390936,1348.92325546965,1348.9232500344515,1348.923248335719,1348.9232418760657,1348.9232469648123,1348.9232420623302,1348.9232461750507,1065.1241478770971,1065.1241598799825,1065.1241500973701,1065.1241313070059,1065.1241683214903,1065.1241346299648,1065.124152034521,794.7205560207367,794.7205464988947,794.7205446660519,794.7205433100462,794.720539689064,794.7205402106047,794.720540702343,3895.473123550415,3895.473114013672,3895.473119735718,3895.473119735718,3895.473150253296,3895.473117828369,3895.473123550415,4716.879060745239,4716.879013061523,4716.879022598267,4716.87904548645,4716.879053115845,4716.879043579102,4716.879041671753,8907.294288635254,8907.294242858887,8907.294250488281,8907.294269561768,8907.29426574707,8907.294277191162,8907.294246673584,13089.761318206787,13089.761344909668,13089.761287689209,13089.761306762695,13089.761287689209,13089.761283874512,13089.761322021484
2146.5,285.56563852820545,285.5656360387802,285.5656310915947,285.56564397364855,285.56564478576183,285.5656396150589,285.56564142555,1344.1378689073026,1344.137863472104,1344.1378617733717,1344.1378553137183,1344.1378604024649,1344.1378554999828,1344.1378596127033,1050.0282854884863,1050.0282974913716,1050.0282877087593,1050.028268918395,1050.0283059328794,1050.028272241354,1050.0282896459103,780.7339856624603,780.7339761406183,780.7339743077755,780.7339729517698,780.7339693307877,780.7339698523283,780.7339703440666,3905.6561336517334,3905.6561241149902,3905.656129837036,3905.656129837036,3905.6561603546143,3905.6561279296875,3905.6561336517334,4733.512754440308,4733.512706756592,4733.512716293335,4733.512739181519,4733.512746810913,4733.51273727417,4733.512735366821,8964.835556030273,8964.835510253906,8964.8355178833,8964.835536956787,8964.83553314209,8964.835544586182,8964.835514068604,13178.142154693604,13178.142181396484,13178.142124176025,13178.142143249512,13178.142124176025,13178.142120361328,13178.1421585083
2147.5,275.9189481595531,275.91894567012787,275.91894072294235,275.9189536049962,275.9189544171095,275.91894924640656,275.91895105689764,1339.4126134179533,1339.4126079827547,1339.4126062840223,1339.412599824369,1339.4126049131155,1339.4126000106335,1339.412604123354,1035.528471454978,1035.5284834578633,1035.528473675251,1035.5284548848867,1035.5284918993711,1035.5284582078457,1035.528475612402,767.0190351009369,767.0190255790949,767.0190237462521,767.0190223902464,767.0190187692642,767.0190192908049,767.0190197825432,3915.688370704651,3915.6883611679077,3915.6883668899536,3915.6883668899536,3915.6883974075317,3915.688364982605,3915.688370704651,4749.933353424072,4749.933305740356,4749.9333152771,4749.933338165283,4749.933345794678,4749.933336257935,4749.933334350586,9021.768508911133,9021.768463134766,9021.76847076416,9021.768489837646,9021.76848602295,9021.768497467041,9021.768466949463,13265.616733551025,13265.616760253906,13265.616703033447,13265.616722106934,13265.616703033447,13265.61669921875,13265.616737365723
2148.5,266.4481687406078,266.44816625118256,266.44816130399704,266.4481741860509,266.4481749981642,266.44816982746124,266.4481716379523,1334.747489478439,1334.7474840432405,1334.7474823445082,1334.7474758848548,1334.7474809736013,1334.7474760711193,1334.7474801838398,1021.6247057765722,1021.6247177794576,1021.6247079968452,1021.624689206481,1021.6247262209654,1021.6246925294399,1021.6247099339962,753.5757033824921,753.5756938606501,753.5756920278072,753.5756906718016,753.5756870508194,753.57568757236,753.5756880640984,3925.569832801819,3925.5698232650757,3925.5698289871216,3925.5698289871216,3925.5698595046997,3925.569827079773,3925.569832801819,4766.140855789185,4766.140808105469,4766.140817642212,4766.1408405303955,4766.14084815979,4766.140838623047,4766.140836715698,9078.09315109253,9078.093105316162,9078.093112945557,9078.093132019043,9078.093128204346,9078.093139648438,9078.09310913086,13352.185054779053,13352.185081481934,13352.185024261475,13352.185043334961,13352.185024261475,13352.185020446777,13352.18505859375
2149.5,257.15330122504383,257.1532987356186,257.1532937884331,257.1533066704869,257.1533074826002,257.1533023118973,257.15330412238836,1330.142496611923,1330.1424911767244,1330.142489477992,1330.1424830183387,1330.1424881070852,1330.1424832046032,1330.1424873173237,1008.316988453269,1008.3170004561543,1008.316990673542,1008.3169718831778,1008.3170088976622,1008.3169752061367,1008.316992610693,740.4039914608002,740.4039819389582,740.4039801061153,740.4039787501097,740.4039751291275,740.4039756506681,740.4039761424065,3935.3005199432373,3935.300510406494,3935.30051612854,3935.30051612854,3935.300546646118,3935.3005142211914,3935.3005199432373,4782.135262489319,4782.135214805603,4782.135224342346,4782.13524723053,4782.135254859924,4782.135245323181,4782.1352434158325,9133.809482574463,9133.809436798096,9133.80944442749,9133.809463500977,9133.80945968628,9133.809471130371,9133.809440612793,13437.847103118896,13437.847129821777,13437.847072601318,13437.847091674805,13437.847072601318,13437.847068786621,13437.847106933594
2150.5,248.0610895017162,248.06108701229095,248.06108206510544,248.0610949471593,248.06109575927258,248.06109058856964,248.06109239906073,1325.624379184097,1325.6243737488985,1325.6243720501661,1325.6243655905128,1325.6243706792593,1325.6243657767773,1325.6243698894978,995.6320643275976,995.632076330483,995.6320665478706,995.6320477575064,995.6320847719908,995.6320510804653,995.6320684850216,727.5306422710419,727.5306327491999,727.530630916357,727.5306295603514,727.5306259393692,727.5306264609098,727.5306269526482,3944.90717792511,3944.9071683883667,3944.9071741104126,3944.9071741104126,3944.9072046279907,3944.907172203064,3944.90717792511,4797.94331741333,4797.943269729614,4797.943279266357,4797.943302154541,4797.943309783936,4797.943300247192,4797.943298339844,9188.944244384766,9188.944198608398,9188.944206237793,9188.94422531128,9188.944221496582,9188.944232940674,9188.944202423096,13522.629642486572,13522.629669189453,13522.629611968994,13522.62963104248,13522.629611968994,13522.629608154297,13522.62964630127
2151.5,239.19901941809803,239.1990169286728,239.19901198148727,239.19902486354113,239.1990256756544,239.19902050495148,239.19902231544256,1321.220624949783,1321.2206195145845,1321.2206178158522,1321.2206113561988,1321.2206164449453,1321.2206115424633,1321.2206156551838,983.5974211543798,983.5974331572652,983.5974233746529,983.5974045842886,983.597441598773,983.5974079072475,983.5974253118038,714.9831445217133,714.9831349998713,714.9831331670284,714.9831318110228,714.9831281900406,714.9831287115812,714.9831292033195,3954.4172925949097,3954.4172830581665,3954.4172887802124,3954.4172887802124,3954.4173192977905,3954.4172868728638,3954.4172925949097,4813.59250831604,4813.592460632324,4813.592470169067,4813.592493057251,4813.5925006866455,4813.592491149902,4813.592489242554,9243.52492904663,9243.524883270264,9243.524890899658,9243.524909973145,9243.524906158447,9243.524917602539,9243.524887084961,13606.560153961182,13606.560180664062,13606.560123443604,13606.56014251709,13606.560123443604,13606.560119628906,13606.560157775879
2152.5,230.56709192786366,230.56708943843842,230.5670844912529,230.56709737330675,230.56709818542004,230.5670930147171,230.5670948252082,1316.931233432144,1316.9312279969454,1316.931226298213,1316.9312198385596,1316.9312249273062,1316.9312200248241,1316.9312241375446,972.2130589336157,972.213070936501,972.2130611538887,972.2130423635244,972.2130793780088,972.2130456864834,972.2130630910397,702.7614982128143,702.7614886909723,702.7614868581295,702.7614855021238,702.7614818811417,702.7614824026823,702.7614828944206,3963.830864906311,3963.830855369568,3963.8308610916138,3963.8308610916138,3963.830891609192,3963.830859184265,3963.830864906311,4829.082835197449,4829.082787513733,4829.082797050476,4829.08281993866,4829.082827568054,4829.082818031311,4829.082816123962,9297.551532745361,9297.551486968994,9297.551494598389,9297.551513671875,9297.551509857178,9297.55152130127,9297.551490783691,13689.63864517212,13689.638671875,13689.638614654541,13689.638633728027,13689.638614654541,13689.638610839844,13689.638648986816
2153.5,222.16530703101307,222.16530454158783,222.1652995944023,222.16531247645617,222.16531328856945,222.16530811786652,222.1653099283576,1312.7562046311796,1312.756199195981,1312.7561974972486,1312.7561910375953,1312.7561961263418,1312.7561912238598,1312.7561953365803,961.4789767116308,961.4789887145162,961.4789789319038,961.4789601415396,961.478997156024,961.4789634644985,961.4789808690548,690.8657033443451,690.8656938225031,690.8656919896603,690.8656906336546,690.8656870126724,690.8656875342131,690.8656880259514,3973.1478939056396,3973.1478843688965,3973.1478900909424,3973.1478900909424,3973.1479206085205,3973.1478881835938,3973.1478939056396,4844.4142990112305,4844.414251327515,4844.414260864258,4844.414283752441,4844.414291381836,4844.414281845093,4844.414279937744,9351.024055480957,9351.02400970459,9351.024017333984,9351.02403640747,9351.024032592773,9351.024044036865,9351.024013519287,13771.86510848999,13771.865135192871,13771.865077972412,13771.865097045898,13771.865077972412,13771.865074157715,13771.865112304688
2154.5,213.9936656812206,213.99366319179535,213.99365824460983,213.99367112666368,213.99367193877697,213.99366676807404,213.99366857856512,1308.6955390237272,1308.6955335885286,1308.6955318897963,1308.6955254301429,1308.6955305188894,1308.6955256164074,1308.6955297291279,951.3951754420996,951.3951874449849,951.3951776623726,951.3951588720083,951.3951958864927,951.3951621949673,951.3951795995235,679.2957599163055,679.2957503944635,679.2957485616207,679.295747205615,679.2957435846329,679.2957441061735,679.2957445979118,3982.36838054657,3982.3683710098267,3982.3683767318726,3982.3683767318726,3982.3684072494507,3982.368374824524,3982.36838054657,4859.586898803711,4859.586851119995,4859.586860656738,4859.586883544922,4859.586891174316,4859.586881637573,4859.586879730225,9403.942501068115,9403.942455291748,9403.942462921143,9403.942481994629,9403.942478179932,9403.942489624023,9403.942459106445,13853.23955154419,13853.23957824707,13853.239521026611,13853.239540100098,13853.239521026611,13853.239517211914,13853.239555358887
2155.5,206.05216597113758,206.05216348171234,206.05215853452682,206.05217141658068,206.05217222869396,206.05216705799103,206.0521688684821,1304.7492363713682,1304.7492309361696,1304.7492292374372,1304.7492227777839,1304.7492278665304,1304.7492229640484,1304.7492270767689,941.9616541713476,941.961666174233,941.9616563916206,941.9616376012564,941.9616746157408,941.9616409242153,941.9616583287716,668.0516679286957,668.0516584068537,668.0516565740108,668.0516552180052,668.051651597023,668.0516521185637,668.051652610302,3991.4923238754272,3991.492314338684,3991.49232006073,3991.49232006073,3991.492350578308,3991.4923181533813,3991.4923238754272,4874.60063457489,4874.600586891174,4874.6005964279175,4874.600619316101,4874.600626945496,4874.600617408752,4874.600615501404,9456.306865692139,9456.306819915771,9456.306827545166,9456.306846618652,9456.306842803955,9456.306854248047,9456.306823730469,13933.761959075928,13933.761985778809,13933.76192855835,13933.761947631836,13933.76192855835,13933.761924743652,13933.761962890625
2156.5,198.34080980811268,198.34080731868744,198.34080237150192,198.34081525355577,198.34081606566906,198.34081089496613,198.3408127054572,1300.917296435684,1300.9172910004854,1300.917289301753,1300.9172828420997,1300.9172879308462,1300.9172830283642,1300.9172871410847,933.178412899375,933.1784249022603,933.178415119648,933.1783963292837,933.1784333437681,933.1783996522427,933.1784170567989,657.1334254741669,657.1334159523249,657.133414119482,657.1334127634764,657.1334091424942,657.1334096640348,657.1334101557732,4000.5197248458862,4000.519715309143,4000.519721031189,4000.519721031189,4000.519751548767,4000.5197191238403,4000.5197248458862,4889.455506324768,4889.455458641052,4889.455468177795,4889.455491065979,4889.4554986953735,4889.45548915863,4889.455487251282,9508.117149353027,9508.11710357666,9508.117111206055,9508.117130279541,9508.117126464844,9508.117137908936,9508.117107391357,14013.4323387146,14013.43236541748,14013.432308197021,14013.432327270508,14013.432308197021,14013.432304382324,14013.432342529297
2157.5,190.85959623847157,190.85959374904633,190.8595888018608,190.85960168391466,190.85960249602795,190.859597325325,190.8595991358161,1297.1997194550931,1297.1997140198946,1297.1997123211622,1297.1997058615088,1297.1997109502554,1297.1997060477734,1297.1997101604939,925.0454525798559,925.0454645827413,925.0454548001289,925.0454360097647,925.0454730242491,925.0454393327236,925.0454567372799,646.5410344600677,646.5410249382257,646.5410231053829,646.5410217493773,646.5410181283951,646.5410186499357,646.541019141674,4009.450583457947,4009.4505739212036,4009.4505796432495,4009.4505796432495,4009.4506101608276,4009.450577735901,4009.450583457947,4904.151514053345,4904.151466369629,4904.151475906372,4904.151498794556,4904.15150642395,4904.151496887207,4904.151494979858,9559.373348236084,9559.373302459717,9559.373310089111,9559.373329162598,9559.3733253479,9559.373336791992,9559.373306274414,14092.250690460205,14092.250717163086,14092.250659942627,14092.250679016113,14092.250659942627,14092.25065612793,14092.250694274902
2158.5,183.60852526221424,183.608522772789,183.60851782560349,183.60853070765734,183.60853151977062,183.6085263490677,183.60852815955877,1293.5965051911771,1293.5964997559786,1293.5964980572462,1293.5964915975928,1293.5964966863394,1293.5964917838573,1293.5964958965778,917.5627732127905,917.5627852156758,917.5627754330635,917.5627566426992,917.5627936571836,917.5627599656582,917.5627773702145,636.2744948863983,636.2744853645563,636.2744835317135,636.2744821757078,636.2744785547256,636.2744790762663,636.2744795680046,4018.284899711609,4018.2848901748657,4018.2848958969116,4018.2848958969116,4018.2849264144897,4018.284893989563,4018.284899711609,4918.68865776062,4918.688610076904,4918.6886196136475,4918.688642501831,4918.688650131226,4918.688640594482,4918.688638687134,9610.0754737854,9610.075428009033,9610.075435638428,9610.075454711914,9610.075450897217,9610.075462341309,9610.07543182373,14170.217014312744,14170.217041015625,14170.216983795166,14170.217002868652,14170.216983795166,14170.216979980469,14170.217018127441
2159.5,176.5875968793407,176.58759438991547,176.58758944272995,176.5876023247838,176.5876031368971,176.58759796619415,176.58759977668524,1290.1076538823545,1290.107648447156,1290.1076467484236,1290.1076402887702,1290.1076453775167,1290.1076404750347,1290.1076445877552,910.7303738445044,910.7303858473897,910.7303760647774,910.7303572744131,910.7303942888975,910.730360597372,910.7303780019283,626.3338057994843,626.3337962776423,626.3337944447994,626.3337930887938,626.3337894678116,626.3337899893522,626.3337904810905,4027.0226736068726,4027.0226640701294,4027.0226697921753,4027.0226697921753,4027.0227003097534,4027.0226678848267,4027.0226736068726,4933.066937446594,4933.066889762878,4933.066899299622,4933.066922187805,4933.0669298172,4933.0669202804565,4933.066918373108,9660.223514556885,9660.223468780518,9660.223476409912,9660.223495483398,9660.223491668701,9660.223503112793,9660.223472595215,14247.331317901611,14247.331344604492,14247.331287384033,14247.33130645752,14247.331287384033,14247.331283569336,14247.331321716309
2160.5,169.79681156668812,169.79680907726288,169.79680413007736,169.7968170121312,169.7968178242445,169.79681265354156,169.79681446403265,1286.7331655286252,1286.7331600934267,1286.7331583946943,1286.733151935041,1286.7331570237875,1286.7331521213055,1286.733156234026,904.5482554286718,904.5482674315572,904.5482576489449,904.5482388585806,904.548275873065,904.5482421815395,904.5482595860958,616.7189681529999,616.7189586311579,616.718956798315,616.7189554423094,616.7189518213272,616.7189523428679,616.7189528346062,4035.6639041900635,4035.6638946533203,4035.663900375366,4035.663900375366,4035.6639308929443,4035.6638984680176,4035.6639041900635,4947.286352157593,4947.286304473877,4947.28631401062,4947.286336898804,4947.286344528198,4947.286334991455,4947.286333084106,9709.817474365234,9709.817428588867,9709.817436218262,9709.817455291748,9709.81745147705,9709.817462921143,9709.817432403564,14323.593593597412,14323.593620300293,14323.593563079834,14323.59358215332,14323.593563079834,14323.593559265137,14323.59359741211
2161.5,163.23616884741932,163.23616635799408,163.23616141080856,163.23617429286242,163.2361751049757,163.23616993427277,163.23617174476385,1283.4730398915708,1283.4730344563723,1283.4730327576399,1283.4730262979865,1283.473031386733,1283.473026484251,1283.4730305969715,899.0164170116186,899.016429014504,899.0164192318916,899.0164004415274,899.0164374560118,899.0164037644863,899.0164211690426,607.4299819469452,607.4299724251032,607.4299705922604,607.4299692362547,607.4299656152725,607.4299661368132,607.4299666285515,4044.208592414856,4044.208582878113,4044.2085886001587,4044.2085886001587,4044.208619117737,4044.20858669281,4044.208592414856,4961.346903800964,4961.3468561172485,4961.346865653992,4961.346888542175,4961.34689617157,4961.346886634827,4961.346884727478,9758.85735321045,9758.857307434082,9758.857315063477,9758.857334136963,9758.857330322266,9758.857341766357,9758.85731124878,14399.003833770752,14399.003860473633,14399.003803253174,14399.00382232666,14399.003803253174,14399.003799438477,14399.00383758545
2162.5,156.9056687215343,156.90566623210907,156.90566128492355,156.9056741669774,156.9056749790907,156.90566980838776,156.90567161887884,1280.3272769711912,1280.3272715359926,1280.3272698372602,1280.3272633776069,1280.3272684663534,1280.3272635638714,1280.3272676765919,894.1348590701818,894.1348710730672,894.1348612904549,894.1348425000906,894.134879514575,894.1348458230495,894.1348632276058,598.4668462276459,598.4668367058039,598.466834872961,598.4668335169554,598.4668298959732,598.4668304175138,598.4668309092522,4052.6567373275757,4052.6567277908325,4052.6567335128784,4052.6567335128784,4052.6567640304565,4052.65673160553,4052.6567373275757,4975.248591423035,4975.248543739319,4975.248553276062,4975.248576164246,4975.24858379364,4975.248574256897,4975.248572349548,9807.343158721924,9807.343112945557,9807.343120574951,9807.343139648438,9807.34313583374,9807.343147277832,9807.343116760254,14473.562046051025,14473.562072753906,14473.562015533447,14473.562034606934,14473.562015533447,14473.56201171875,14473.562049865723
2163.5,150.8053111890331,150.80530869960785,150.80530375242233,150.80531663447618,150.80531744658947,150.80531227588654,150.80531408637762,1277.295877005905,1277.2958715707064,1277.295869871974,1277.2958634123206,1277.2958685010672,1277.2958635985851,1277.2958677113056,889.9035820811987,889.903594084084,889.9035843014717,889.9035655111074,889.9036025255919,889.9035688340664,889.9035862386227,589.8295609951019,589.8295514732599,589.8295496404171,589.8295482844114,589.8295446634293,589.8295451849699,589.8295456767082,4061.008339881897,4061.008330345154,4061.0083360671997,4061.0083360671997,4061.008366584778,4061.008334159851,4061.008339881897,4988.991415977478,4988.991368293762,4988.991377830505,4988.991400718689,4988.9914083480835,4988.99139881134,4988.991396903992,9855.274883270264,9855.274837493896,9855.274845123291,9855.274864196777,9855.27486038208,9855.274871826172,9855.274841308594,14547.268230438232,14547.268257141113,14547.268199920654,14547.26821899414,14547.268199920654,14547.268196105957,14547.26823425293
2164.5,144.93509624991566,144.93509376049042,144.9350888133049,144.93510169535875,144.93510250747204,144.9350973367691,144.9350991472602,1274.378839995712,1274.3788345605135,1274.3788328617811,1274.3788264021277,1274.3788314908743,1274.3788265883923,1274.3788307011127,886.3225853294134,886.3225973322988,886.3225875496864,886.3225687593222,886.3226057738066,886.3225720822811,886.3225894868374,581.5181272029877,581.5181176811457,581.5181158483028,581.5181144922972,581.518110871315,581.5181113928556,581.518111884594,4069.26340007782,4069.2633905410767,4069.2633962631226,4069.2633962631226,4069.2634267807007,4069.263394355774,4069.26340007782,5002.575375556946,5002.57532787323,5002.575337409973,5002.575360298157,5002.575367927551,5002.575358390808,5002.5753564834595,9902.652523040771,9902.652477264404,9902.652484893799,9902.652503967285,9902.652500152588,9902.65251159668,9902.652481079102,14620.122394561768,14620.122421264648,14620.12236404419,14620.122383117676,14620.12236404419,14620.122360229492,14620.122398376465
2165.5,139.29502438101918,139.29502189159393,139.29501694440842,139.29502982646227,139.29503063857555,139.29502546787262,139.2950272783637,1271.5761659406126,1271.576160505414,1271.5761588066816,1271.5761523470283,1271.5761574357748,1271.5761525332928,1271.5761566460133,883.3918690532446,883.3918810561299,883.3918712735176,883.3918524831533,883.3918894976377,883.3918558061123,883.3918732106686,573.5325448513031,573.5325353294611,573.5325334966183,573.5325321406126,573.5325285196304,573.5325290411711,573.5325295329094,4077.42191696167,4077.4219074249268,4077.4219131469727,4077.4219131469727,4077.421943664551,4077.421911239624,4077.42191696167,5016.000471115112,5016.0004234313965,5016.00043296814,5016.000455856323,5016.000463485718,5016.000453948975,5016.000452041626,9949.476085662842,9949.476039886475,9949.47604751587,9949.476066589355,9949.476062774658,9949.47607421875,9949.476043701172,14692.124530792236,14692.124557495117,14692.124500274658,14692.124519348145,14692.124500274658,14692.124496459961,14692.124534606934
2166.5,133.88509510550648,133.88509261608124,133.88508766889572,133.88510055094957,133.88510136306286,133.88509619235992,133.885098002851,1268.8878548406065,1268.887849405408,1268.8878477066755,1268.8878412470222,1268.8878463357687,1268.8878414332867,1268.8878455460072,881.1114334911108,881.1114454939961,881.1114357113838,881.1114169210196,881.111453935504,881.1114202439785,881.1114376485348,565.8728139400482,565.8728044182062,565.8728025853634,565.8728012293577,565.8727976083755,565.8727981299162,565.8727986216545,4085.4838914871216,4085.4838819503784,4085.4838876724243,4085.4838876724243,4085.4839181900024,4085.4838857650757,4085.4838914871216,5029.2667026519775,5029.266654968262,5029.266664505005,5029.2666873931885,5029.266695022583,5029.26668548584,5029.266683578491,9995.745567321777,9995.74552154541,9995.745529174805,9995.745548248291,9995.745544433594,9995.745555877686,9995.745525360107,14763.274639129639,14763.27466583252,14763.27460861206,14763.274627685547,14763.27460861206,14763.274604797363,14763.274642944336
2167.5,128.70530794654042,128.70530545711517,128.70530050992966,128.7053133919835,128.7053142040968,128.70530903339386,128.70531084388494,1266.3139066956937,1266.3139012604952,1266.3138995617628,1266.3138931021094,1266.313898190856,1266.313893288374,1266.3138974010944,879.4812782853842,879.4812902882695,879.4812805056572,879.4812617152929,879.4812987297773,879.4812650382519,879.4812824428082,558.5389330387115,558.5389235168695,558.5389216840267,558.538920328021,558.5389167070389,558.5389172285795,558.5389177203178,4093.4493231773376,4093.4493136405945,4093.4493193626404,4093.4493193626404,4093.4493498802185,4093.4493174552917,4093.4493231773376,5042.3740701675415,5042.374022483826,5042.374032020569,5042.374054908752,5042.374062538147,5042.374053001404,5042.374051094055,10041.460968017578,10041.460922241211,10041.460929870605,10041.460948944092,10041.460945129395,10041.460956573486,10041.460926055908,14833.572719573975,14833.572746276855,14833.572689056396,14833.572708129883,14833.572689056396,14833.5726852417,14833.572723388672
2168.5,123.7556638577953,123.75566136837006,123.75565642118454,123.75566930323839,123.75567011535168,123.75566494464874,123.75566675513983,1263.8543212674558,1263.8543158322573,1263.854314133525,1263.8543076738715,1263.854312762618,1263.854307860136,1263.8543119728565,878.5014036148787,878.501415617764,878.5014058351517,878.5013870447874,878.5014240592718,878.5013903677464,878.5014077723026,551.5309035778046,551.5308940559626,551.5308922231197,551.5308908671141,551.5308872461319,551.5308877676725,551.5308882594109,4101.318212032318,4101.318202495575,4101.318208217621,4101.318208217621,4101.318238735199,4101.318206310272,4101.318212032318,5055.322573661804,5055.322525978088,5055.3225355148315,5055.322558403015,5055.32256603241,5055.3225564956665,5055.322554588318,10086.622287750244,10086.622241973877,10086.622249603271,10086.622268676758,10086.62226486206,10086.622276306152,10086.622245788574,14903.01876449585,14903.01879119873,14903.018733978271,14903.018753051758,14903.018733978271,14903.018730163574,14903.018768310547
2169.5,119.03616236243397,119.03615987300873,119.03615492582321,119.03616780787706,119.03616861999035,119.03616344928741,119.0361652597785,1261.5090987943113,1261.5090933591127,1261.5090916603804,1261.509085200727,1261.5090902894735,1261.5090853869915,1261.509089499712,878.1718093901873,878.1718213930726,878.1718116104603,878.171792820096,878.1718298345804,878.171796143055,878.1718135476112,544.8487255573273,544.8487160354853,544.8487142026424,544.8487128466368,544.8487092256546,544.8487097471952,544.8487102389336,4109.090558052063,4109.09054851532,4109.090554237366,4109.090554237366,4109.090584754944,4109.090552330017,4109.090558052063,5068.112213134766,5068.11216545105,5068.112174987793,5068.112197875977,5068.112205505371,5068.112195968628,5068.112194061279,10131.229530334473,10131.229484558105,10131.2294921875,10131.229511260986,10131.229507446289,10131.22951889038,10131.229488372803,14971.612789154053,14971.612815856934,14971.612758636475,14971.612777709961,14971.612758636475,14971.612754821777,14971.61279296875
2170.5,114.54680393729359,114.54680144786835,114.54679650068283,114.54680938273668,114.54681019484997,114.54680502414703,114.54680683463812,1259.2782392762601,1259.2782338410616,1259.2782321423292,1259.2782256826758,1259.2782307714224,1259.2782258689404,1259.2782299816608,878.1718093901873,878.1718213930726,878.1718116104603,878.171792820096,878.1718298345804,878.171796143055,878.1718135476112,538.4923980236053,538.4923885017633,538.4923866689205,538.4923853129148,538.4923816919327,538.4923822134733,538.4923827052116,4116.766361236572,4116.766351699829,4116.766357421875,4116.766357421875,4116.766387939453,4116.766355514526,4116.766361236572,5080.742988586426,5080.74294090271,5080.742950439453,5080.742973327637,5080.742980957031,5080.742971420288,5080.742969512939,10175.282695770264,10175.282649993896,10175.282657623291,10175.282676696777,10175.28267288208,10175.282684326172,10175.282653808594,15039.354793548584,15039.354820251465,15039.354763031006,15039.354782104492,15039.354763031006,15039.354759216309,15039.354797363281
2171.5,110.287588105537,110.28758561611176,110.28758066892624,110.28759355098009,110.28759436309338,110.28758919239044,110.28759100288153,1257.1617424748838,1257.1617370396852,1257.1617353409529,1257.1617288812995,1257.161733970046,1257.161729067564,1257.1617331802845,878.1718093901873,878.1718213930726,878.1718116104603,878.171792820096,878.1718298345804,878.171796143055,878.1718135476112,532.4619219303131,532.4619124084711,532.4619105756283,532.4619092196226,532.4619055986404,532.4619061201811,532.4619066119194,4124.34562253952,4124.345613002777,4124.345618724823,4124.345618724823,4124.345649242401,4124.345616817474,4124.34562253952,5093.214900016785,5093.214852333069,5093.214861869812,5093.214884757996,5093.21489238739,5093.214882850647,5093.214880943298,10218.781776428223,10218.781730651855,10218.78173828125,10218.781757354736,10218.781753540039,10218.78176498413,10218.781734466553,15106.244770050049,15106.24479675293,15106.24473953247,15106.244758605957,15106.24473953247,15106.244735717773,15106.244773864746
2172.5,106.25851439032704,106.2585119009018,106.25850695371628,106.25851983577013,106.25852064788342,106.25851547718048,106.25851728767157,1255.1596086286008,1255.1596031934023,1255.15960149467,1255.1595950350165,1255.159600123763,1255.159595221281,1255.1595993340015,878.1718093901873,878.1718213930726,878.1718116104603,878.171792820096,878.1718298345804,878.171796143055,878.1718135476112,526.7572968006134,526.7572872787714,526.7572854459286,526.7572840899229,526.7572804689407,526.7572809904814,526.7572814822197,4131.828341007233,4131.8283314704895,4131.828337192535,4131.828337192535,4131.8283677101135,4131.828335285187,4131.828341007233,5105.527948379517,5105.527900695801,5105.527910232544,5105.5279331207275,5105.527940750122,5105.527931213379,5105.52792930603,10261.726779937744,10261.726734161377,10261.726741790771,10261.726760864258,10261.72675704956,10261.726768493652,10261.726737976074,15172.282718658447,15172.282745361328,15172.28268814087,15172.282707214355,15172.28268814087,15172.282684326172,15172.282722473145
2173.5,102.45958350691944,102.4595810174942,102.45957607030869,102.45958895236254,102.45958976447582,102.45958459377289,102.45958640426397,1253.271837618202,1253.2718321830034,1253.271830484271,1253.2718240246177,1253.2718291133642,1253.2718242108822,1253.2718283236027,878.1718093901873,878.1718213930726,878.1718116104603,878.171792820096,878.1718298345804,878.171796143055,878.1718135476112,521.3785226345062,521.3785131126642,521.3785112798214,521.3785099238157,521.3785063028336,521.3785068243742,521.3785073161125,4139.2145166397095,4139.214507102966,4139.214512825012,4139.214512825012,4139.21454334259,4139.214510917664,4139.2145166397095,5117.682132720947,5117.682085037231,5117.682094573975,5117.682117462158,5117.682125091553,5117.68211555481,5117.682113647461,10304.117698669434,10304.117652893066,10304.117660522461,10304.117679595947,10304.11767578125,10304.117687225342,10304.117656707764,15237.46863937378,15237.46866607666,15237.468608856201,15237.468627929688,15237.468608856201,15237.468605041504,15237.468643188477
2174.5,98.89079545531422,98.89079296588898,98.89078801870346,98.89080090075731,98.8908017128706,98.89079654216766,98.89079835265875,1251.4984295628965,1251.498424127698,1251.4984224289656,1251.4984159693122,1251.4984210580587,1251.4984161555767,1251.4984202682972,878.1718093901873,878.1718213930726,878.1718116104603,878.171792820096,878.1718298345804,878.171796143055,878.1718135476112,516.3255994319916,516.3255899101496,516.3255880773067,516.3255867213011,516.3255831003189,516.3255836218596,516.3255841135979,4146.504149436951,4146.5041399002075,4146.504145622253,4146.504145622253,4146.5041761398315,4146.504143714905,4146.504149436951,5129.677452087402,5129.6774044036865,5129.67741394043,5129.677436828613,5129.677444458008,5129.677434921265,5129.677433013916,10345.954540252686,10345.954494476318,10345.954502105713,10345.9545211792,10345.954517364502,10345.954528808594,10345.954498291016,15301.802532196045,15301.802558898926,15301.802501678467,15301.802520751953,15301.802501678467,15301.80249786377,15301.802536010742
2175.5,95.55215023551136,95.55214774608612,95.5521427989006,95.55215568095446,95.55215649306774,95.55215132236481,95.55215313285589,1249.839384343475,1249.8393789082766,1249.8393772095442,1249.8393707498908,1249.8393758386374,1249.8393709361553,1249.8393750488758,878.1718093901873,878.1718213930726,878.1718116104603,878.171792820096,878.1718298345804,878.171796143055,878.1718135476112,511.59852719306946,511.59851767122746,511.5985158383846,511.59851448237896,511.5985108613968,511.59851138293743,511.59851187467575,4153.6972398757935,4153.69723033905,4153.697236061096,4153.697236061096,4153.697266578674,4153.697234153748,4153.6972398757935,5141.5139083862305,5141.513860702515,5141.513870239258,5141.513893127441,5141.513900756836,5141.513891220093,5141.513889312744,10387.237300872803,10387.237255096436,10387.23726272583,10387.237281799316,10387.23727798462,10387.237289428711,10387.237258911133,15365.284393310547,15365.284420013428,15365.284362792969,15365.284381866455,15365.284362792969,15365.284358978271,15365.284397125244
2176.5,92.44364784751087,92.44364535808563,92.44364041090012,92.44365329295397,92.44365410506725,92.44364893436432,92.4436507448554,1248.2947019599378,1248.2946965247393,1248.294694826007,1248.2946883663535,1248.2946934551,1248.294688552618,1248.2946926653385,878.1718093901873,878.1718213930726,878.1718116104603,878.171792820096,878.1718298345804,878.171796143055,878.1718135476112,507.19730591773987,507.19729639589787,507.19729456305504,507.19729320704937,507.1972895860672,507.19729010760784,507.19729059934616,4160.793787956238,4160.793778419495,4160.7937841415405,4160.7937841415405,4160.793814659119,4160.793782234192,4160.793787956238,5153.191499710083,5153.191452026367,5153.19146156311,5153.191484451294,5153.1914920806885,5153.191482543945,5153.191480636597,10427.965980529785,10427.965934753418,10427.965942382812,10427.965961456299,10427.965957641602,10427.965969085693,10427.965938568115,15427.91423034668,15427.91425704956,15427.914199829102,15427.914218902588,15427.914199829102,15427.914196014404,15427.914234161377
2177.5,89.5652878144756,89.56528532505035,89.56528037786484,89.56529325991869,89.56529407203197,89.56528890132904,89.56529071182013,1246.864382531494,1246.8643770962954,1246.864375397563,1246.8643689379096,1246.8643740266562,1246.8643691241741,1246.8643732368946,878.1718093901873,878.1718213930726,878.1718116104603,878.171792820096,878.1718298345804,878.171796143055,878.1718135476112,503.12193608283997,503.12192656099796,503.12192472815514,503.12192337214947,503.1219197511673,503.12192027270794,503.12192076444626,4167.7937932014465,4167.793783664703,4167.793789386749,4167.793789386749,4167.793819904327,4167.793787479401,4167.7937932014465,5164.710227012634,5164.7101793289185,5164.710188865662,5164.710211753845,5164.71021938324,5164.710209846497,5164.710207939148,10468.140579223633,10468.140533447266,10468.14054107666,10468.140560150146,10468.14055633545,10468.140567779541,10468.140537261963,15489.692039489746,15489.692066192627,15489.692008972168,15489.692028045654,15489.692008972168,15489.69200515747,15489.692043304443
2178.5,86.91707061324269,86.91706812381744,86.91706317663193,86.91707605868578,86.91707687079906,86.91707170009613,86.91707351058722,1245.548425938934,1245.5484205037355,1245.5484188050032,1245.5484123453498,1245.5484174340963,1245.5484125316143,1245.5484166443348,878.1718093901873,878.1718213930726,878.1718116104603,878.171792820096,878.1718298345804,878.171796143055,878.1718135476112,499.3724172115326,499.3724076896906,499.37240585684776,499.3724045008421,499.3724008798599,499.37240140140057,499.3724018931389,4174.69725561142,4174.6972460746765,4174.697251796722,4174.697251796722,4174.6972823143005,4174.697249889374,4174.69725561142,5176.070090293884,5176.0700426101685,5176.070052146912,5176.070075035095,5176.07008266449,5176.070073127747,5176.070071220398,10507.761100769043,10507.761054992676,10507.76106262207,10507.761081695557,10507.76107788086,10507.761089324951,10507.761058807373,15550.617820739746,15550.617847442627,15550.617790222168,15550.617809295654,15550.617790222168,15550.61778640747,15550.617824554443
2179.5,84.49899600539356,84.49899351596832,84.4989885687828,84.49900145083666,84.49900226294994,84.49899709224701,84.4989989027381,1244.3468323014677,1244.346826866269,1244.3468251675367,1244.3468187078834,1244.34682379663,1244.3468188941479,1244.3468230068684,878.1718093901873,878.1718213930726,878.1718116104603,878.171792820096,878.1718298345804,878.171796143055,878.1718135476112,495.94874930381775,495.94873978197575,495.9487379491329,495.94873659312725,495.9487329721451,495.9487334936857,495.94873398542404,4181.504175186157,4181.504165649414,4181.50417137146,4181.50417137146,4181.504201889038,4181.504169464111,4181.504175186157,5187.271089553833,5187.271041870117,5187.27105140686,5187.271074295044,5187.2710819244385,5187.271072387695,5187.271070480347,10546.827545166016,10546.827499389648,10546.827507019043,10546.82752609253,10546.827522277832,10546.827533721924,10546.827503204346,15610.691577911377,15610.691604614258,15610.691547393799,15610.691566467285,15610.691547393799,15610.691543579102,15610.691581726074
2180.5,82.31106422934681,82.31106173992157,82.31105679273605,82.3110696747899,82.31107048690319,82.31106531620026,82.31106712669134,1243.2596016190946,1243.259596183896,1243.2595944851637,1243.2595880255103,1243.2595931142569,1243.2595882117748,1243.2595923244953,878.1718093901873,878.1718213930726,878.1718116104603,878.171792820096,878.1718298345804,878.171796143055,878.1718135476112,492.85093235969543,492.85092283785343,492.8509210050106,492.85091964900494,492.85091602802277,492.8509165495634,492.8509170413017,4188.214551925659,4188.214542388916,4188.214548110962,4188.214548110962,4188.21457862854,4188.214546203613,4188.214551925659,5198.3132247924805,5198.313177108765,5198.313186645508,5198.313209533691,5198.313217163086,5198.313207626343,5198.313205718994,10585.339904785156,10585.339859008789,10585.339866638184,10585.33988571167,10585.339881896973,10585.339893341064,10585.339862823486,15669.913307189941,15669.913333892822,15669.913276672363,15669.91329574585,15669.913276672363,15669.913272857666,15669.913311004639
2181.5,80.35327492747456,80.35327243804932,80.3532674908638,80.35328037291765,80.35328118503094,80.353276014328,80.35327782481909,1242.2867338322103,1242.2867283970118,1242.2867266982794,1242.286720238626,1242.2867253273726,1242.2867204248905,1242.286724537611,878.1718093901873,878.1718213930726,878.1718116104603,878.171792820096,878.1718298345804,878.171796143055,878.1718135476112,490.07896661758423,490.0789570957422,490.0789552628994,490.07895390689373,490.07895028591156,490.0789508074522,490.0789512991905,4194.8283858299255,4194.828376293182,4194.828382015228,4194.828382015228,4194.828412532806,4194.82838010788,4194.8283858299255,5209.196496963501,5209.196449279785,5209.196458816528,5209.196481704712,5209.196489334106,5209.196479797363,5209.196477890015,10623.298183441162,10623.298137664795,10623.29814529419,10623.298164367676,10623.298160552979,10623.29817199707,10623.298141479492,15728.283004760742,15728.283031463623,15728.282974243164,15728.28299331665,15728.282974243164,15728.282970428467,15728.28300857544
2182.5,78.62562845740467,78.62562596797943,78.62562102079391,78.62563390284777,78.62563471496105,78.62562954425812,78.6256313547492,1241.42822888121,1241.4282234460115,1241.4282217472792,1241.4282152876258,1241.4282203763723,1241.4282154738903,1241.4282195866108,878.1718093901873,878.1718213930726,878.1718116104603,878.171792820096,878.1718298345804,878.171796143055,878.1718135476112,487.63285183906555,487.63284231722355,487.6328404843807,487.63283912837505,487.6328355073929,487.6328360289335,487.63283652067184,4201.3456773757935,4201.34566783905,4201.345673561096,4201.345673561096,4201.345704078674,4201.345671653748,4201.3456773757935,5219.92090511322,5219.920857429504,5219.920866966248,5219.920889854431,5219.920897483826,5219.9208879470825,5219.920886039734,10660.70238494873,10660.702339172363,10660.702346801758,10660.702365875244,10660.702362060547,10660.702373504639,10660.70234298706,15785.800678253174,15785.800704956055,15785.800647735596,15785.800666809082,15785.800647735596,15785.800643920898,15785.800682067871
2183.5,77.12812469992787,77.12812221050262,77.12811726331711,77.12813014537096,77.12813095748425,77.12812578678131,77.1281275972724,1240.684086766094,1240.6840813308954,1240.684079632163,1240.6840731725097,1240.6840782612562,1240.6840733587742,1240.6840774714947,878.1718093901873,878.1718213930726,878.1718116104603,878.171792820096,878.1718298345804,878.171796143055,878.1718135476112,485.5125880241394,485.5125785022974,485.5125766694546,485.5125753134489,485.51257169246674,485.5125722140074,485.5125727057457,4207.766426563263,4207.76641702652,4207.766422748566,4207.766422748566,4207.766453266144,4207.766420841217,4207.766426563263,5230.486449241638,5230.486401557922,5230.4864110946655,5230.486433982849,5230.486441612244,5230.4864320755005,5230.486430168152,10697.552505493164,10697.552459716797,10697.552467346191,10697.552486419678,10697.55248260498,10697.552494049072,10697.552463531494,15842.466323852539,15842.46635055542,15842.466293334961,15842.466312408447,15842.466293334961,15842.466289520264,15842.466327667236
2184.5,75.86076365504414,75.8607611656189,75.86075621843338,75.86076910048723,75.86076991260052,75.86076474189758,75.86076655238867,1240.0543076060712,1240.0543021708727,1240.0543004721403,1240.054294012487,1240.0542991012335,1240.0542941987514,1240.054298311472,878.1718093901873,878.1718213930726,878.1718116104603,878.171792820096,878.1718298345804,878.171796143055,878.1718135476112,483.71817541122437,483.71816588938236,483.71816405653954,483.71816270053387,483.7181590795517,483.71815960109234,483.71816009283066,4214.090633392334,4214.090623855591,4214.090629577637,4214.090629577637,4214.090660095215,4214.090627670288,4214.090633392334,5240.893129348755,5240.893081665039,5240.893091201782,5240.893114089966,5240.89312171936,5240.893112182617,5240.893110275269,10733.848545074463,10733.848499298096,10733.84850692749,10733.848526000977,10733.84852218628,10733.848533630371,10733.848503112793,15898.279941558838,15898.279968261719,15898.27991104126,15898.279930114746,15898.27991104126,15898.279907226562,15898.279945373535
2185.5,74.8235452035442,74.82354271411896,74.82353776693344,74.8235506489873,74.82355146110058,74.82354629039764,74.82354810088873,1239.5388912819326,1239.538885846734,1239.5388841480017,1239.5388776883483,1239.5388827770948,1239.5388778746128,1239.5388819873333,878.1718093901873,878.1718213930726,878.1718116104603,878.171792820096,878.1718298345804,878.171796143055,878.1718135476112,482.24961376190186,482.24960424005985,482.249602407217,482.24960105121136,482.2495974302292,482.24959795176983,482.24959844350815,4220.318297386169,4220.318287849426,4220.318293571472,4220.318293571472,4220.31832408905,4220.3182916641235,4220.318297386169,5251.14094543457,5251.1408977508545,5251.140907287598,5251.140930175781,5251.140937805176,5251.140928268433,5251.140926361084,10769.590503692627,10769.59045791626,10769.590465545654,10769.59048461914,10769.590480804443,10769.590492248535,10769.590461730957,15953.241535186768,15953.241561889648,15953.24150466919,15953.241523742676,15953.24150466919,15953.241500854492,15953.241539001465
2186.5,74.01646946463734,74.0164669752121,74.01646202802658,74.01647491008043,74.01647572219372,74.01647055149078,74.01647236198187,1239.137837883085,1239.1378324478865,1239.137830749154,1239.1378242895007,1239.1378293782473,1239.1378244757652,1239.1378285884857,878.1718093901873,878.1718213930726,878.1718116104603,878.171792820096,878.1718298345804,878.171796143055,878.1718135476112,481.10690331459045,481.10689379274845,481.1068919599056,481.10689060389996,481.1068869829178,481.1068875044584,481.10688799619675,4226.449418544769,4226.449409008026,4226.449414730072,4226.449414730072,4226.44944524765,4226.449412822723,4226.449418544769,5261.2298974990845,5261.229849815369,5261.229859352112,5261.229882240295,5261.22988986969,5261.229880332947,5261.229878425598,10804.778385162354,10804.778339385986,10804.77834701538,10804.778366088867,10804.77836227417,10804.778373718262,10804.778343200684,16007.351097106934,16007.351123809814,16007.351066589355,16007.351085662842,16007.351066589355,16007.351062774658,16007.35110092163
2187.5,73.43953643832356,73.43953394889832,73.4395290017128,73.43954188376665,73.43954269587994,73.439537525177,73.43953933566809,1238.8511473499238,1238.8511419147253,1238.851140215993,1238.8511337563396,1238.851138845086,1238.851133942604,1238.8511380553246,878.1718093901873,878.1718213930726,878.1718116104603,878.171792820096,878.1718298345804,878.171796143055,878.1718135476112,480.2900438904762,480.2900343686342,480.2900325357914,480.29003117978573,480.29002755880356,480.2900280803442,480.2900285720825,4232.4839968681335,4232.48398733139,4232.483993053436,4232.483993053436,4232.484023571014,4232.483991146088,4232.4839968681335,5271.159985542297,5271.1599378585815,5271.159947395325,5271.159970283508,5271.159977912903,5271.15996837616,5271.159966468811,10839.412185668945,10839.412139892578,10839.412147521973,10839.412166595459,10839.412162780762,10839.412174224854,10839.412143707275,16060.60863494873,16060.608661651611,16060.608604431152,16060.608623504639,16060.608604431152,16060.608600616455,16060.608638763428
2188.5,73.09274606499821,73.09274357557297,73.09273862838745,73.0927515104413,73.09275232255459,73.09274715185165,73.09274896234274,1238.6788197122514,1238.6788142770529,1238.6788125783205,1238.6788061186671,1238.6788112074137,1238.6788063049316,1238.6788104176521,878.1718093901873,878.1718213930726,878.1718116104603,878.171792820096,878.1718298345804,878.171796143055,878.1718135476112,479.7990354895592,479.79902596771717,479.79902413487434,479.7990227788687,479.7990191578865,479.79901967942715,479.79902017116547,4238.422032356262,4238.422022819519,4238.422028541565,4238.422028541565,4238.422059059143,4238.422026634216,4238.422032356262,5280.931208610535,5280.931160926819,5280.931170463562,5280.931193351746,5280.93120098114,5280.931191444397,5280.931189537048,10873.491905212402,10873.491859436035,10873.49186706543,10873.491886138916,10873.491882324219,10873.49189376831,10873.491863250732,16113.014144897461,16113.014171600342,16113.014114379883,16113.01413345337,16113.014114379883,16113.014110565186,16113.014148712158
2189.5,72.97609840426594,72.9760959148407,72.97609096765518,72.97610384970903,72.97610466182232,72.97609949111938,72.97610130161047,1238.6208549626172,1238.6208495274186,1238.6208478286862,1238.6208413690329,1238.6208464577794,1238.6208415552974,1238.6208456680179,878.1718093901873,878.1718213930726,878.1718116104603,878.171792820096,878.1718298345804,878.171796143055,878.1718135476112,479.63387812674046,479.63386860489845,479.6338667720556,479.63386541604996,479.6338617950678,479.63386231660843,479.63386280834675,4244.263525009155,4244.263515472412,4244.263521194458,4244.263521194458,4244.263551712036,4244.263519287109,4244.263525009155,5290.543568611145,5290.543520927429,5290.543530464172,5290.543553352356,5290.5435609817505,5290.543551445007,5290.543549537659,10907.017543792725,10907.017498016357,10907.017505645752,10907.017524719238,10907.017520904541,10907.017532348633,10907.017501831055,16164.567623138428,16164.567649841309,16164.56759262085,16164.567611694336,16164.56759262085,16164.567588806152,16164.567626953125
2190.5,72.97609840426594,72.9760959148407,72.97609096765518,72.97610384970903,72.97610466182232,72.97609949111938,72.97610130161047,1238.6208549626172,1238.6208495274186,1238.6208478286862,1238.6208413690329,1238.6208464577794,1238.6208415552974,1238.6208456680179,878.1718093901873,878.1718213930726,878.1718116104603,878.171792820096,878.1718298345804,878.171796143055,878.1718135476112,479.63387812674046,479.63386860489845,479.6338667720556,479.63386541604996,479.6338617950678,479.63386231660843,479.63386280834675,4250.008475780487,4250.008466243744,4250.00847196579,4250.00847196579,4250.008502483368,4250.008470058441,4250.008475780487,5299.997064590454,5299.997016906738,5299.997026443481,5299.997049331665,5299.99705696106,5299.997047424316,5299.997045516968,10939.98910522461,10939.989059448242,10939.989067077637,10939.989086151123,10939.989082336426,10939.989093780518,10939.98906326294,16215.269077301025,16215.269104003906,16215.269046783447,16215.269065856934,16215.269046783447,16215.26904296875,16215.269081115723
2191.5,72.97609840426594,72.9760959148407,72.97609096765518,72.97610384970903,72.97610466182232,72.97609949111938,72.97610130161047,1238.6208549626172,1238.6208495274186,1238.6208478286862,1238.6208413690329,1238.6208464577794,1238.6208415552974,1238.6208456680179,878.1718093901873,878.1718213930726,878.1718116104603,878.171792820096,878.1718298345804,878.171796143055,878.1718135476112,479.63387812674046,479.63386860489845,479.6338667720556,479.63386541604996,479.6338617950678,479.63386231660843,479.63386280834675,4255.656883716583,4255.65687417984,4255.656879901886,4255.656879901886,4255.656910419464,4255.656877994537,4255.656883716583,5309.291696548462,5309.291648864746,5309.291658401489,5309.291681289673,5309.291688919067,5309.291679382324,5309.291677474976,10972.40658569336,10972.406539916992,10972.406547546387,10972.406566619873,10972.406562805176,10972.406574249268,10972.40654373169,16265.118503570557,16265.118530273438,16265.118473052979,16265.118492126465,16265.118473052979,16265.118469238281,16265.118507385254
2192.5,72.97609840426594,72.9760959148407,72.97609096765518,72.97610384970903,72.97610466182232,72.97609949111938,72.97610130161047,1238.6208549626172,1238.6208495274186,1238.6208478286862,1238.6208413690329,1238.6208464577794,1238.6208415552974,1238.6208456680179,878.1718093901873,878.1718213930726,878.1718116104603,878.171792820096,878.1718298345804,878.171796143055,878.1718135476112,479.63387812674046,479.63386860489845,479.6338667720556,479.63386541604996,479.6338617950678,479.63386231660843,479.63386280834675,4261.208748817444,4261.208739280701,4261.208745002747,4261.208745002747,4261.208775520325,4261.208743095398,4261.208748817444,5318.4274644851685,5318.427416801453,5318.427426338196,5318.427449226379,5318.427456855774,5318.427447319031,5318.427445411682,11004.269985198975,11004.269939422607,11004.269947052002,11004.269966125488,11004.269962310791,11004.269973754883,11004.269943237305,16314.115905761719,16314.1159324646,16314.11587524414,16314.115894317627,16314.11587524414,16314.115871429443,16314.115909576416
2193.5,72.97609840426594,72.9760959148407,72.97609096765518,72.97610384970903,72.97610466182232,72.97609949111938,72.97610130161047,1238.6208549626172,1238.6208495274186,1238.6208478286862,1238.6208413690329,1238.6208464577794,1238.6208415552974,1238.6208456680179,878.1718093901873,878.1718213930726,878.1718116104603,878.171792820096,878.1718298345804,878.171796143055,878.1718135476112,479.63387812674046,479.63386860489845,479.6338667720556,479.63386541604996,479.6338617950678,479.63386231660843,479.63386280834675,4266.664071083069,4266.664061546326,4266.664067268372,4266.664067268372,4266.66409778595,4266.664065361023,4266.664071083069,5327.404368400574,5327.404320716858,5327.404330253601,5327.404353141785,5327.404360771179,5327.404351234436,5327.404349327087,11035.579305648804,11035.579259872437,11035.579267501831,11035.579286575317,11035.57928276062,11035.579294204712,11035.579263687134,16362.261280059814,16362.261306762695,16362.261249542236,16362.261268615723,16362.261249542236,16362.261245727539,16362.261283874512
2194.5,72.97609840426594,72.9760959148407,72.97609096765518,72.97610384970903,72.97610466182232,72.97609949111938,72.97610130161047,1238.6208549626172,1238.6208495274186,1238.6208478286862,1238.6208413690329,1238.6208464577794,1238.6208415552974,1238.6208456680179,878.1718093901873,878.1718213930726,878.1718116104603,878.171792820096,878.1718298345804,878.171796143055,878.1718135476112,479.63387812674046,479.63386860489845,479.6338667720556,479.63386541604996,479.6338617950678,479.63386231660843,479.63386280834675,4272.022850513458,4272.022840976715,4272.022846698761,4272.022846698761,4272.022877216339,4272.022844791412,4272.022850513458,5336.222408294678,5336.222360610962,5336.222370147705,5336.222393035889,5336.222400665283,5336.22239112854,5336.222389221191,11066.334545135498,11066.33449935913,11066.334506988525,11066.334526062012,11066.334522247314,11066.334533691406,11066.334503173828,16409.554626464844,16409.554653167725,16409.554595947266,16409.554615020752,16409.554595947266,16409.55459213257,16409.55463027954
2195.5,72.97609840426594,72.9760959148407,72.97609096765518,72.97610384970903,72.97610466182232,72.97609949111938,72.97610130161047,1238.6208549626172,1238.6208495274186,1238.6208478286862,1238.6208413690329,1238.6208464577794,1238.6208415552974,1238.6208456680179,878.1718093901873,878.1718213930726,878.1718116104603,878.171792820096,878.1718298345804,878.171796143055,878.1718135476112,479.63387812674046,479.63386860489845,479.6338667720556,479.63386541604996,479.6338617950678,479.63386231660843,479.63386280834675,4277.285087108612,4277.285077571869,4277.285083293915,4277.285083293915,4277.285113811493,4277.285081386566,4277.285087108612,5344.8815841674805,5344.881536483765,5344.881546020508,5344.881568908691,5344.881576538086,5344.881567001343,5344.881565093994,11096.535705566406,11096.535659790039,11096.535667419434,11096.53568649292,11096.535682678223,11096.535694122314,11096.535663604736,16455.995948791504,16455.995975494385,16455.995918273926,16455.995937347412,16455.995918273926,16455.99591445923,16455.9959526062
2196.5,72.97609840426594,72.9760959148407,72.97609096765518,72.97610384970903,72.97610466182232,72.97609949111938,72.97610130161047,1238.6208549626172,1238.6208495274186,1238.6208478286862,1238.6208413690329,1238.6208464577794,1238.6208415552974,1238.6208456680179,878.1718093901873,878.1718213930726,878.1718116104603,878.171792820096,878.1718298345804,878.171796143055,878.1718135476112,479.63387812674046,479.63386860489845,479.6338667720556,479.63386541604996,479.6338617950678,479.63386231660843,479.63386280834675,4282.45078086853,4282.450771331787,4282.450777053833,4282.450777053833,4282.450807571411,4282.450775146484,4282.45078086853,5353.381896018982,5353.381848335266,5353.381857872009,5353.381880760193,5353.381888389587,5353.381878852844,5353.381876945496,11126.18278503418,11126.182739257812,11126.182746887207,11126.182765960693,11126.182762145996,11126.182773590088,11126.18274307251,16501.5852394104,16501.58526611328,16501.585208892822,16501.58522796631,16501.585208892822,16501.585205078125,16501.585243225098
2197.5,72.97609840426594,72.9760959148407,72.97609096765518,72.97610384970903,72.97610466182232,72.97609949111938,72.97610130161047,1238.6208549626172,1238.6208495274186,1238.6208478286862,1238.6208413690329,1238.6208464577794,1238.6208415552974,1238.6208456680179,878.1718093901873,878.1718213930726,878.1718116104603,878.171792820096,878.1718298345804,878.171796143055,878.1718135476112,479.63387812674046,479.63386860489845,479.6338667720556,479.63386541604996,479.6338617950678,479.63386231660843,479.63386280834675,4287.51993227005,4287.519922733307,4287.519928455353,4287.519928455353,4287.519958972931,4287.519926548004,4287.51993227005,5361.723343849182,5361.723296165466,5361.7233057022095,5361.723328590393,5361.723336219788,5361.723326683044,5361.723324775696,11155.275785446167,11155.2757396698,11155.275747299194,11155.27576637268,11155.275762557983,11155.275774002075,11155.275743484497,16546.32250213623,16546.32252883911,16546.322471618652,16546.32249069214,16546.322471618652,16546.322467803955,16546.322505950928
2198.5,72.97609840426594,72.9760959148407,72.97609096765518,72.97610384970903,72.97610466182232,72.97609949111938,72.97610130161047,1238.6208549626172,1238.6208495274186,1238.6208478286862,1238.6208413690329,1238.6208464577794,1238.6208415552974,1238.6208456680179,878.1718093901873,878.1718213930726,878.1718116104603,878.171792820096,878.1718298345804,878.171796143055,878.1718135476112,479.63387812674046,479.63386860489845,479.6338667720556,479.63386541604996,479.6338617950678,479.63386231660843,479.63386280834675,4292.492541313171,4292.492531776428,4292.492537498474,4292.492537498474,4292.492568016052,4292.4925355911255,4292.492541313171,5369.905927658081,5369.905879974365,5369.905889511108,5369.905912399292,5369.9059200286865,5369.905910491943,5369.905908584595,11183.81470489502,11183.814659118652,11183.814666748047,11183.814685821533,11183.814682006836,11183.814693450928,11183.81466293335,16590.20774078369,16590.207767486572,16590.207710266113,16590.2077293396,16590.207710266113,16590.207706451416,16590.20774459839
2199.5,72.97609840426594,72.9760959148407,72.97609096765518,72.97610384970903,72.97610466182232,72.97609949111938,72.97610130161047,1238.6208549626172,1238.6208495274186,1238.6208478286862,1238.6208413690329,1238.6208464577794,1238.6208415552974,1238.6208456680179,878.1718093901873,878.1718213930726,878.1718116104603,878.171792820096,878.1718298345804,878.171796143055,878.1718135476112,479.63387812674046,479.63386860489845,479.6338667720556,479.63386541604996,479.6338617950678,479.63386231660843,479.63386280834675,4297.368607997894,4297.368598461151,4297.368604183197,4297.368604183197,4297.368634700775,4297.368602275848,4297.368607997894,5377.929647445679,5377.929599761963,5377.929609298706,5377.92963218689,5377.929639816284,5377.929630279541,5377.929628372192,11211.799545288086,11211.799499511719,11211.799507141113,11211.7995262146,11211.799522399902,11211.799533843994,11211.799503326416,16633.24094772339,16633.24097442627,16633.24091720581,16633.240936279297,16633.24091720581,16633.240913391113,16633.240951538086
2200.5,72.97609840426594,72.9760959148407,72.97609096765518,72.97610384970903,72.97610466182232,72.97609949111938,72.97610130161047,1238.6208549626172,1238.6208495274186,1238.6208478286862,1238.6208413690329,1238.6208464577794,1238.6208415552974,1238.6208456680179,878.1718093901873,878.1718213930726,878.1718116104603,878.171792820096,878.1718298345804,878.171796143055,878.1718135476112,479.63387812674046,479.63386860489845,479.6338667720556,479.63386541604996,479.6338617950678,479.63386231660843,479.63386280834675,4302.148131847382,4302.148122310638,4302.148128032684,4302.148128032684,4302.148158550262,4302.148126125336,4302.148131847382,5385.794502735138,5385.794455051422,5385.794464588165,5385.794487476349,5385.794495105743,5385.794485569,5385.794483661652,11239.230304718018,11239.23025894165,11239.230266571045,11239.230285644531,11239.230281829834,11239.230293273926,11239.230262756348,16675.422130584717,16675.422157287598,16675.42210006714,16675.422119140625,16675.42210006714,16675.42209625244,16675.422134399414
2201.5,72.97609840426594,72.9760959148407,72.97609096765518,72.97610384970903,72.97610466182232,72.97609949111938,72.97610130161047,1238.6208549626172,1238.6208495274186,1238.6208478286862,1238.6208413690329,1238.6208464577794,1238.6208415552974,1238.6208456680179,878.1718093901873,878.1718213930726,878.1718116104603,878.171792820096,878.1718298345804,878.171796143055,878.1718135476112,479.63387812674046,479.63386860489845,479.6338667720556,479.63386541604996,479.6338617950678,479.63386231660843,479.63386280834675,4306.831112861633,4306.83110332489,4306.831109046936,4306.831109046936,4306.831139564514,4306.831107139587,4306.831112861633,5393.500494003296,5393.50044631958,5393.500455856323,5393.500478744507,5393.500486373901,5393.500476837158,5393.50047492981,11266.106985092163,11266.106939315796,11266.10694694519,11266.106966018677,11266.10696220398,11266.106973648071,11266.106943130493,16716.751289367676,16716.751316070557,16716.751258850098,16716.751277923584,16716.751258850098,16716.7512550354,16716.751293182373
2202.5,72.97609840426594,72.9760959148407,72.97609096765518,72.97610384970903,72.97610466182232,72.97609949111938,72.97610130161047,1238.6208549626172,1238.6208495274186,1238.6208478286862,1238.6208413690329,1238.6208464577794,1238.6208415552974,1238.6208456680179,878.1718093901873,878.1718213930726,878.1718116104603,878.171792820096,878.1718298345804,878.171796143055,878.1718135476112,479.63387812674046,479.63386860489845,479.6338667720556,479.63386541604996,479.6338617950678,479.63386231660843,479.63386280834675,4311.417551040649,4311.417541503906,4311.417547225952,4311.417547225952,4311.41757774353,4311.4175453186035,4311.417551040649,5401.04762172699,5401.047574043274,5401.047583580017,5401.047606468201,5401.047614097595,5401.047604560852,5401.047602653503,11292.429584503174,11292.429538726807,11292.429546356201,11292.429565429688,11292.42956161499,11292.429573059082,11292.429542541504,16757.22842025757,16757.22844696045,16757.22838973999,16757.228408813477,16757.22838973999,16757.228385925293,16757.228424072266
2203.5,72.97609840426594,72.9760959148407,72.97609096765518,72.97610384970903,72.97610466182232,72.97609949111938,72.97610130161047,1238.6208549626172,1238.6208495274186,1238.6208478286862,1238.6208413690329,1238.6208464577794,1238.6208415552974,1238.6208456680179,878.1718093901873,878.1718213930726,878.1718116104603,878.171792820096,878.1718298345804,878.171796143055,878.1718135476112,479.63387812674046,479.63386860489845,479.6338667720556,479.63386541604996,479.6338617950678,479.63386231660843,479.63386280834675,4315.90744638443,4315.907436847687,4315.907442569733,4315.907442569733,4315.907473087311,4315.907440662384,4315.90744638443,5408.435885429382,5408.4358377456665,5408.43584728241,5408.435870170593,5408.435877799988,5408.435868263245,5408.435866355896,11318.198104858398,11318.198059082031,11318.198066711426,11318.198085784912,11318.198081970215,11318.198093414307,11318.198062896729,16796.853523254395,16796.853549957275,16796.853492736816,16796.853511810303,16796.853492736816,16796.85348892212,16796.85352706909
2204.5,72.97609840426594,72.9760959148407,72.97609096765518,72.97610384970903,72.97610466182232,72.97609949111938,72.97610130161047,1238.6208549626172,1238.6208495274186,1238.6208478286862,1238.6208413690329,1238.6208464577794,1238.6208415552974,1238.6208456680179,878.1718093901873,878.1718213930726,878.1718116104603,878.171792820096,878.1718298345804,878.171796143055,878.1718135476112,479.63387812674046,479.63386860489845,479.6338667720556,479.63386541604996,479.6338617950678,479.63386231660843,479.63386280834675,4320.300799369812,4320.300789833069,4320.300795555115,4320.300795555115,4320.300826072693,4320.300793647766,4320.300799369812,5415.665285110474,5415.665237426758,5415.665246963501,5415.665269851685,5415.665277481079,5415.665267944336,5415.665266036987,11343.41254234314,11343.412496566772,11343.412504196167,11343.412523269653,11343.412519454956,11343.412530899048,11343.41250038147,16835.626598358154,16835.626625061035,16835.626567840576,16835.626586914062,16835.626567840576,16835.62656402588,16835.62660217285
2205.5,72.97609840426594,72.9760959148407,72.97609096765518,72.97610384970903,72.97610466182232,72.97609949111938,72.97610130161047,1238.6208549626172,1238.6208495274186,1238.6208478286862,1238.6208413690329,1238.6208464577794,1238.6208415552974,1238.6208456680179,878.1718093901873,878.1718213930726,878.1718116104603,878.171792820096,878.1718298345804,878.171796143055,878.1718135476112,479.63387812674046,479.63386860489845,479.6338667720556,479.63386541604996,479.6338617950678,479.63386231660843,479.63386280834675,4324.5976095199585,4324.597599983215,4324.597605705261,4324.597605705261,4324.597636222839,4324.597603797913,4324.5976095199585,5422.735820770264,5422.735773086548,5422.735782623291,5422.735805511475,5422.735813140869,5422.735803604126,5422.735801696777,11368.072900772095,11368.072854995728,11368.072862625122,11368.072881698608,11368.072877883911,11368.072889328003,11368.072858810425,16873.547645568848,16873.54767227173,16873.54761505127,16873.547634124756,16873.54761505127,16873.547611236572,16873.547649383545
2206.5,72.97609840426594,72.9760959148407,72.97609096765518,72.97610384970903,72.97610466182232,72.97609949111938,72.97610130161047,1238.6208549626172,1238.6208495274186,1238.6208478286862,1238.6208413690329,1238.6208464577794,1238.6208415552974,1238.6208456680179,878.1718093901873,878.1718213930726,878.1718116104603,878.171792820096,878.1718298345804,878.171796143055,878.1718135476112,479.63387812674046,479.63386860489845,479.6338667720556,479.63386541604996,479.6338617950678,479.63386231660843,479.63386280834675,4328.7978773117065,4328.797867774963,4328.797873497009,4328.797873497009,4328.797904014587,4328.797871589661,4328.7978773117065,5429.647492408752,5429.647444725037,5429.64745426178,5429.647477149963,5429.647484779358,5429.647475242615,5429.647473335266,11392.179178237915,11392.179132461548,11392.179140090942,11392.179159164429,11392.179155349731,11392.179166793823,11392.179136276245,16910.616664886475,16910.616691589355,16910.616634368896,16910.616653442383,16910.616634368896,16910.6166305542,16910.616668701172
2207.5,72.97609840426594,72.9760959148407,72.97609096765518,72.97610384970903,72.97610466182232,72.97609949111938,72.97610130161047,1238.6208549626172,1238.6208495274186,1238.6208478286862,1238.6208413690329,1238.6208464577794,1238.6208415552974,1238.6208456680179,878.1718093901873,878.1718213930726,878.1718116104603,878.171792820096,878.1718298345804,878.171796143055,878.1718135476112,479.63387812674046,479.63386860489845,479.6338667720556,479.63386541604996,479.6338617950678,479.63386231660843,479.63386280834675,4332.901602268219,4332.901592731476,4332.901598453522,4332.901598453522,4332.9016289711,4332.901596546173,4332.901602268219,5436.400300502777,5436.400252819061,5436.400262355804,5436.400285243988,5436.400292873383,5436.400283336639,5436.400281429291,11415.731378555298,11415.73133277893,11415.731340408325,11415.731359481812,11415.731355667114,11415.731367111206,11415.731336593628,16946.833656311035,16946.833683013916,16946.833625793457,16946.833644866943,16946.833625793457,16946.83362197876,16946.833660125732
2208.5,72.97609840426594,72.9760959148407,72.97609096765518,72.97610384970903,72.97610466182232,72.97609949111938,72.97610130161047,1238.6208549626172,1238.6208495274186,1238.6208478286862,1238.6208413690329,1238.6208464577794,1238.6208415552974,1238.6208456680179,878.1718093901873,878.1718213930726,878.1718116104603,878.171792820096,878.1718298345804,878.171796143055,878.1718135476112,479.63387812674046,479.63386860489845,479.6338667720556,479.63386541604996,479.6338617950678,479.63386231660843,479.63386280834675,4336.908784389496,4336.908774852753,4336.908780574799,4336.908780574799,4336.908811092377,4336.90877866745,4336.908784389496,5442.9942445755005,5442.994196891785,5442.994206428528,5442.994229316711,5442.994236946106,5442.994227409363,5442.994225502014,11438.729497909546,11438.729452133179,11438.729459762573,11438.72947883606,11438.729475021362,11438.729486465454,11438.729455947876,16982.19861984253,16982.19864654541,16982.19858932495,16982.198608398438,16982.19858932495,16982.198585510254,16982.198623657227
2209.5,72.97609840426594,72.9760959148407,72.97609096765518,72.97610384970903,72.97610466182232,72.97609949111938,72.97610130161047,1238.6208549626172,1238.6208495274186,1238.6208478286862,1238.6208413690329,1238.6208464577794,1238.6208415552974,1238.6208456680179,878.1718093901873,878.1718213930726,878.1718116104603,878.171792820096,878.1718298345804,878.171796143055,878.1718135476112,479.63387812674046,479.63386860489845,479.6338667720556,479.63386541604996,479.6338617950678,479.63386231660843,479.63386280834675,4340.819423675537,4340.819414138794,4340.81941986084,4340.81941986084,4340.819450378418,4340.819417953491,4340.819423675537,5449.429324626923,5449.429276943207,5449.42928647995,5449.4293093681335,5449.429316997528,5449.429307460785,5449.429305553436,11461.17353630066,11461.173490524292,11461.173498153687,11461.173517227173,11461.173513412476,11461.173524856567,11461.17349433899,17016.711559295654,17016.711585998535,17016.711528778076,17016.711547851562,17016.711528778076,17016.71152496338,17016.71156311035
2210.5,72.97609840426594,72.9760959148407,72.97609096765518,72.97610384970903,72.97610466182232,72.97609949111938,72.97610130161047,1238.6208549626172,1238.6208495274186,1238.6208478286862,1238.6208413690329,1238.6208464577794,1238.6208415552974,1238.6208456680179,878.1718093901873,878.1718213930726,878.1718116104603,878.171792820096,878.1718298345804,878.171796143055,878.1718135476112,479.63387812674046,479.63386860489845,479.6338667720556,479.63386541604996,479.6338617950678,479.63386231660843,479.63386280834675,4344.63352060318,4344.633511066437,4344.633516788483,4344.633516788483,4344.633547306061,4344.633514881134,4344.63352060318,5455.7055406570435,5455.705492973328,5455.705502510071,5455.705525398254,5455.705533027649,5455.705523490906,5455.705521583557,11483.063495635986,11483.06344985962,11483.063457489014,11483.0634765625,11483.063472747803,11483.063484191895,11483.063453674316,17050.372470855713,17050.372497558594,17050.372440338135,17050.37245941162,17050.372440338135,17050.372436523438,17050.37247467041
2211.5,72.97609840426594,72.9760959148407,72.97609096765518,72.97610384970903,72.97610466182232,72.97609949111938,72.97610130161047,1238.6208549626172,1238.6208495274186,1238.6208478286862,1238.6208413690329,1238.6208464577794,1238.6208415552974,1238.6208456680179,878.1718093901873,878.1718213930726,878.1718116104603,878.171792820096,878.1718298345804,878.171796143055,878.1718135476112,479.63387812674046,479.63386860489845,479.6338667720556,479.63386541604996,479.6338617950678,479.63386231660843,479.63386280834675,4348.351074934006,4348.351065397263,4348.3510711193085,4348.3510711193085,4348.351101636887,4348.35106921196,4348.351074934006,5461.822892665863,5461.822844982147,5461.82285451889,5461.822877407074,5461.8228850364685,5461.822875499725,5461.822873592377,11504.399374008179,11504.399328231812,11504.399335861206,11504.399354934692,11504.399351119995,11504.399362564087,11504.399332046509,17083.181354522705,17083.181381225586,17083.181324005127,17083.181343078613,17083.181324005127,17083.18132019043,17083.181358337402
2212.5,72.97609840426594,72.9760959148407,72.97609096765518,72.97610384970903,72.97610466182232,72.97609949111938,72.97610130161047,1238.6208549626172,1238.6208495274186,1238.6208478286862,1238.6208413690329,1238.6208464577794,1238.6208415552974,1238.6208456680179,878.1718093901873,878.1718213930726,878.1718116104603,878.171792820096,878.1718298345804,878.171796143055,878.1718135476112,479.63387812674046,479.63386860489845,479.6338667720556,479.63386541604996,479.6338617950678,479.63386231660843,479.63386280834675,4351.972086429596,4351.972076892853,4351.972082614899,4351.972082614899,4351.972113132477,4351.97208070755,4351.972086429596,5467.781380653381,5467.7813329696655,5467.781342506409,5467.781365394592,5467.781373023987,5467.781363487244,5467.781361579895,11525.181171417236,11525.18112564087,11525.181133270264,11525.18115234375,11525.181148529053,11525.181159973145,11525.181129455566,17115.13821029663,17115.13823699951,17115.138179779053,17115.13819885254,17115.138179779053,17115.138175964355,17115.138214111328
2213.5,72.97609840426594,72.9760959148407,72.97609096765518,72.97610384970903,72.97610466182232,72.97609949111938,72.97610130161047,1238.6208549626172,1238.6208495274186,1238.6208478286862,1238.6208413690329,1238.6208464577794,1238.6208415552974,1238.6208456680179,878.1718093901873,878.1718213930726,878.1718116104603,878.171792820096,878.1718298345804,878.171796143055,878.1718135476112,479.63387812674046,479.63386860489845,479.6338667720556,479.63386541604996,479.6338617950678,479.63386231660843,479.63386280834675,4355.496555328369,4355.496545791626,4355.496551513672,4355.496551513672,4355.49658203125,4355.496549606323,4355.496555328369,5473.581004619598,5473.580956935883,5473.580966472626,5473.580989360809,5473.580996990204,5473.580987453461,5473.580985546112,11545.408889770508,11545.40884399414,11545.408851623535,11545.408870697021,11545.408866882324,11545.408878326416,11545.408847808838,17146.24303817749,17146.24306488037,17146.243007659912,17146.2430267334,17146.243007659912,17146.243003845215,17146.243041992188
2214.5,72.97609840426594,72.9760959148407,72.97609096765518,72.97610384970903,72.97610466182232,72.97609949111938,72.97610130161047,1238.6208549626172,1238.6208495274186,1238.6208478286862,1238.6208413690329,1238.6208464577794,1238.6208415552974,1238.6208456680179,878.1718093901873,878.1718213930726,878.1718116104603,878.171792820096,878.1718298345804,878.171796143055,878.1718135476112,479.63387812674046,479.63386860489845,479.6338667720556,479.63386541604996,479.6338617950678,479.63386231660843,479.63386280834675,4358.924481391907,4358.924471855164,4358.9244775772095,4358.9244775772095,4358.924508094788,4358.924475669861,4358.924481391907,5479.221764564514,5479.221716880798,5479.2217264175415,5479.221749305725,5479.22175693512,5479.2217473983765,5479.221745491028,11565.082527160645,11565.082481384277,11565.082489013672,11565.082508087158,11565.082504272461,11565.082515716553,11565.082485198975,17176.495840072632,17176.495866775513,17176.495809555054,17176.49582862854,17176.495809555054,17176.495805740356,17176.49584388733
2215.5,72.97609840426594,72.9760959148407,72.97609096765518,72.97610384970903,72.97610466182232,72.97609949111938,72.97610130161047,1238.6208549626172,1238.6208495274186,1238.6208478286862,1238.6208413690329,1238.6208464577794,1238.6208415552974,1238.6208456680179,878.1718093901873,878.1718213930726,878.1718116104603,878.171792820096,878.1718298345804,878.171796143055,878.1718135476112,479.63387812674046,479.63386860489845,479.6338667720556,479.63386541604996,479.6338617950678,479.63386231660843,479.63386280834675,4362.255864858627,4362.255855321884,4362.25586104393,4362.25586104393,4362.255891561508,4362.255859136581,4362.255864858627,5484.703660488129,5484.703612804413,5484.703622341156,5484.70364522934,5484.703652858734,5484.703643321991,5484.703641414642,11584.202085494995,11584.202039718628,11584.202047348022,11584.202066421509,11584.202062606812,11584.202074050903,11584.202043533325,17205.896615982056,17205.896642684937,17205.896585464478,17205.896604537964,17205.896585464478,17205.89658164978,17205.896619796753
2216.5,72.97609840426594,72.9760959148407,72.97609096765518,72.97610384970903,72.97610466182232,72.97609949111938,72.97610130161047,1238.6208549626172,1238.6208495274186,1238.6208478286862,1238.6208413690329,1238.6208464577794,1238.6208415552974,1238.6208456680179,878.1718093901873,878.1718213930726,878.1718116104603,878.171792820096,878.1718298345804,878.171796143055,878.1718135476112,479.63387812674046,479.63386860489845,479.6338667720556,479.63386541604996,479.6338617950678,479.63386231660843,479.63386280834675,4365.490705728531,4365.490696191788,4365.490701913834,4365.490701913834,4365.490732431412,4365.490700006485,4365.490705728531,5490.026692390442,5490.026644706726,5490.026654243469,5490.026677131653,5490.026684761047,5490.026675224304,5490.026673316956,11602.767562866211,11602.767517089844,11602.767524719238,11602.767543792725,11602.767539978027,11602.76755142212,11602.767520904541,17234.445363998413,17234.445390701294,17234.445333480835,17234.44535255432,17234.445333480835,17234.445329666138,17234.44536781311
2217.5,72.97609840426594,72.9760959148407,72.97609096765518,72.97610384970903,72.97610466182232,72.97609949111938,72.97610130161047,1238.6208549626172,1238.6208495274186,1238.6208478286862,1238.6208413690329,1238.6208464577794,1238.6208415552974,1238.6208456680179,878.1718093901873,878.1718213930726,878.1718116104603,878.171792820096,878.1718298345804,878.171796143055,878.1718135476112,479.63387812674046,479.63386860489845,479.6338667720556,479.63386541604996,479.6338617950678,479.63386231660843,479.63386280834675,4368.629004001617,4368.628994464874,4368.62900018692,4368.62900018692,4368.629030704498,4368.6289982795715,4368.629004001617,5495.190860271454,5495.190812587738,5495.190822124481,5495.190845012665,5495.190852642059,5495.190843105316,5495.1908411979675,11620.77896118164,11620.778915405273,11620.778923034668,11620.778942108154,11620.778938293457,11620.778949737549,11620.77891921997,17262.142084121704,17262.142110824585,17262.142053604126,17262.142072677612,17262.142053604126,17262.14204978943,17262.1420879364
2218.5,72.97609840426594,72.9760959148407,72.97609096765518,72.97610384970903,72.97610466182232,72.97609949111938,72.97610130161047,1238.6208549626172,1238.6208495274186,1238.6208478286862,1238.6208413690329,1238.6208464577794,1238.6208415552974,1238.6208456680179,878.1718093901873,878.1718213930726,878.1718116104603,878.171792820096,878.1718298345804,878.171796143055,878.1718135476112,479.63387812674046,479.63386860489845,479.6338667720556,479.63386541604996,479.6338617950678,479.63386231660843,479.63386280834675,4371.670759439468,4371.670749902725,4371.670755624771,4371.670755624771,4371.670786142349,4371.6707537174225,4371.670759439468,5500.196164131165,5500.196116447449,5500.196125984192,5500.1961488723755,5500.19615650177,5500.196146965027,5500.196145057678,11638.236278533936,11638.236232757568,11638.236240386963,11638.23625946045,11638.236255645752,11638.236267089844,11638.236236572266,17288.98677635193,17288.98680305481,17288.98674583435,17288.986764907837,17288.98674583435,17288.986742019653,17288.986780166626
2219.5,72.97609840426594,72.9760959148407,72.97609096765518,72.97610384970903,72.97610466182232,72.97609949111938,72.97610130161047,1238.6208549626172,1238.6208495274186,1238.6208478286862,1238.6208413690329,1238.6208464577794,1238.6208415552974,1238.6208456680179,878.1718093901873,878.1718213930726,878.1718116104603,878.171792820096,878.1718298345804,878.171796143055,878.1718135476112,479.63387812674046,479.63386860489845,479.6338667720556,479.63386541604996,479.6338617950678,479.63386231660843,479.63386280834675,4374.615972280502,4374.615962743759,4374.615968465805,4374.615968465805,4374.615998983383,4374.615966558456,4374.615972280502,5505.042603969574,5505.042556285858,5505.042565822601,5505.042588710785,5505.042596340179,5505.042586803436,5505.042584896088,11655.139514923096,11655.139469146729,11655.139476776123,11655.13949584961,11655.139492034912,11655.139503479004,11655.139472961426,17314.979442596436,17314.979469299316,17314.979412078857,17314.979431152344,17314.979412078857,17314.97940826416,17314.979446411133
2220.5,72.97609840426594,72.9760959148407,72.97609096765518,72.97610384970903,72.97610466182232,72.97609949111938,72.97610130161047,1238.6208549626172,1238.6208495274186,1238.6208478286862,1238.6208413690329,1238.6208464577794,1238.6208415552974,1238.6208456680179,878.1718093901873,878.1718213930726,878.1718116104603,878.171792820096,878.1718298345804,878.171796143055,878.1718135476112,479.63387812674046,479.63386860489845,479.6338667720556,479.63386541604996,479.6338617950678,479.63386231660843,479.63386280834675,4377.464642286301,4377.4646327495575,4377.464638471603,4377.464638471603,4377.4646689891815,4377.464636564255,4377.464642286301,5509.730179786682,5509.730132102966,5509.7301416397095,5509.730164527893,5509.730172157288,5509.730162620544,5509.730160713196,11671.48867225647,11671.488626480103,11671.488634109497,11671.488653182983,11671.488649368286,11671.488660812378,11671.4886302948,17340.120082855225,17340.120109558105,17340.120052337646,17340.120071411133,17340.120052337646,17340.12004852295,17340.120086669922
2221.5,72.97609840426594,72.9760959148407,72.97609096765518,72.97610384970903,72.97610466182232,72.97609949111938,72.97610130161047,1238.6208549626172,1238.6208495274186,1238.6208478286862,1238.6208413690329,1238.6208464577794,1238.6208415552974,1238.6208456680179,878.1718093901873,878.1718213930726,878.1718116104603,878.171792820096,878.1718298345804,878.171796143055,878.1718135476112,479.63387812674046,479.63386860489845,479.6338667720556,479.63386541604996,479.6338617950678,479.63386231660843,479.63386280834675,4380.216769695282,4380.216760158539,4380.216765880585,4380.216765880585,4380.216796398163,4380.216763973236,4380.216769695282,5514.258891582489,5514.258843898773,5514.258853435516,5514.2588763237,5514.2588839530945,5514.258874416351,5514.258872509003,11687.283749580383,11687.283703804016,11687.28371143341,11687.283730506897,11687.2837266922,11687.283738136292,11687.283707618713,17364.4086933136,17364.40872001648,17364.40866279602,17364.408681869507,17364.40866279602,17364.408658981323,17364.408697128296
2222.5,72.97609840426594,72.9760959148407,72.97609096765518,72.97610384970903,72.97610466182232,72.97609949111938,72.97610130161047,1238.6208549626172,1238.6208495274186,1238.6208478286862,1238.6208413690329,1238.6208464577794,1238.6208415552974,1238.6208456680179,878.1718093901873,878.1718213930726,878.1718116104603,878.171792820096,878.1718298345804,878.171796143055,878.1718135476112,479.63387812674046,479.63386860489845,479.6338667720556,479.63386541604996,479.6338617950678,479.63386231660843,479.63386280834675,4382.872354507446,4382.872344970703,4382.872350692749,4382.872350692749,4382.872381210327,4382.8723487854,4382.872354507446,5518.628739356995,5518.628691673279,5518.628701210022,5518.628724098206,5518.6287317276,5518.628722190857,5518.628720283508,11702.524746894836,11702.52470111847,11702.524708747864,11702.52472782135,11702.524724006653,11702.524735450745,11702.524704933167,17387.845277786255,17387.845304489136,17387.845247268677,17387.845266342163,17387.845247268677,17387.84524345398,17387.845281600952
2223.5,72.97609840426594,72.9760959148407,72.97609096765518,72.97610384970903,72.97610466182232,72.97609949111938,72.97610130161047,1238.6208549626172,1238.6208495274186,1238.6208478286862,1238.6208413690329,1238.6208464577794,1238.6208415552974,1238.6208456680179,878.1718093901873,878.1718213930726,878.1718116104603,878.171792820096,878.1718298345804,878.171796143055,878.1718135476112,479.63387812674046,479.63386860489845,479.6338667720556,479.63386541604996,479.6338617950678,479.63386231660843,479.63386280834675,4385.431396484375,4385.431386947632,4385.431392669678,4385.431392669678,4385.431423187256,4385.431390762329,4385.431396484375,5522.839723110199,5522.839675426483,5522.839684963226,5522.83970785141,5522.839715480804,5522.839705944061,5522.839704036713,11717.21166419983,11717.211618423462,11717.211626052856,11717.211645126343,11717.211641311646,11717.211652755737,11717.21162223816,17410.429834365845,17410.429861068726,17410.429803848267,17410.429822921753,17410.429803848267,17410.42980003357,17410.429838180542
2224.5,72.97609840426594,72.9760959148407,72.97609096765518,72.97610384970903,72.97610466182232,72.97609949111938,72.97610130161047,1238.6208549626172,1238.6208495274186,1238.6208478286862,1238.6208413690329,1238.6208464577794,1238.6208415552974,1238.6208456680179,878.1718093901873,878.1718213930726,878.1718116104603,878.171792820096,878.1718298345804,878.171796143055,878.1718135476112,479.63387812674046,479.63386860489845,479.6338667720556,479.63386541604996,479.6338617950678,479.63386231660843,479.63386280834675,4387.893895864487,4387.8938863277435,4387.893892049789,4387.893892049789,4387.893922567368,4387.893890142441,4387.893895864487,5526.891842842102,5526.891795158386,5526.891804695129,5526.891827583313,5526.8918352127075,5526.891825675964,5526.891823768616,11731.344501495361,11731.344455718994,11731.344463348389,11731.344482421875,11731.344478607178,11731.34449005127,11731.344459533691,17432.162364959717,17432.162391662598,17432.16233444214,17432.162353515625,17432.16233444214,17432.16233062744,17432.162368774414
2225.5,72.97609840426594,72.9760959148407,72.97609096765518,72.97610384970903,72.97610466182232,72.97609949111938,72.97610130161047,1238.6208549626172,1238.6208495274186,1238.6208478286862,1238.6208413690329,1238.6208464577794,1238.6208415552974,1238.6208456680179,878.1718093901873,878.1718213930726,878.1718116104603,878.171792820096,878.1718298345804,878.171796143055,878.1718135476112,479.63387812674046,479.63386860489845,479.6338667720556,479.63386541604996,479.6338617950678,479.63386231660843,479.63386280834675,4390.259852647781,4390.259843111038,4390.259848833084,4390.259848833084,4390.259879350662,4390.2598469257355,4390.259852647781,5530.785098791122,5530.785051107407,5530.78506064415,5530.785083532333,5530.785091161728,5530.785081624985,5530.785079717636,11744.923258781433,11744.923213005066,11744.92322063446,11744.923239707947,11744.92323589325,11744.923247337341,11744.923216819763,17453.042867660522,17453.042894363403,17453.042837142944,17453.04285621643,17453.042837142944,17453.042833328247,17453.04287147522
2226.5,72.97609840426594,72.9760959148407,72.97609096765518,72.97610384970903,72.97610466182232,72.97609949111938,72.97610130161047,1238.6208549626172,1238.6208495274186,1238.6208478286862,1238.6208413690329,1238.6208464577794,1238.6208415552974,1238.6208456680179,878.1718093901873,878.1718213930726,878.1718116104603,878.171792820096,878.1718298345804,878.171796143055,878.1718135476112,479.63387812674046,479.63386860489845,479.6338667720556,479.63386541604996,479.6338617950678,479.63386231660843,479.63386280834675,4392.529266834259,4392.529257297516,4392.529263019562,4392.529263019562,4392.52929353714,4392.529261112213,4392.529266834259,5534.519490718842,5534.519443035126,5534.519452571869,5534.5194754600525,5534.519483089447,5534.519473552704,5534.519471645355,11757.947936058044,11757.947890281677,11757.947897911072,11757.947916984558,11757.94791316986,11757.947924613953,11757.947894096375,17473.07134246826,17473.071369171143,17473.071311950684,17473.07133102417,17473.071311950684,17473.071308135986,17473.07134628296
2227.5,72.97609840426594,72.9760959148407,72.97609096765518,72.97610384970903,72.97610466182232,72.97609949111938,72.97610130161047,1238.6208549626172,1238.6208495274186,1238.6208478286862,1238.6208413690329,1238.6208464577794,1238.6208415552974,1238.6208456680179,878.1718093901873,878.1718213930726,878.1718116104603,878.171792820096,878.1718298345804,878.171796143055,878.1718135476112,479.63387812674046,479.63386860489845,479.6338667720556,479.63386541604996,479.6338617950678,479.63386231660843,479.63386280834675,4394.702138185501,4394.702128648758,4394.702134370804,4394.702134370804,4394.702164888382,4394.702132463455,4394.702138185501,5538.095018863678,5538.094971179962,5538.094980716705,5538.095003604889,5538.095011234283,5538.09500169754,5538.094999790192,11770.418533325195,11770.418487548828,11770.418495178223,11770.418514251709,11770.418510437012,11770.418521881104,11770.418491363525,17492.247791290283,17492.247817993164,17492.247760772705,17492.24777984619,17492.247760772705,17492.247756958008,17492.24779510498
2228.5,72.97609840426594,72.9760959148407,72.97609096765518,72.97610384970903,72.97610466182232,72.97609949111938,72.97610130161047,1238.6208549626172,1238.6208495274186,1238.6208478286862,1238.6208413690329,1238.6208464577794,1238.6208415552974,1238.6208456680179,878.1718093901873,878.1718213930726,878.1718116104603,878.171792820096,878.1718298345804,878.171796143055,878.1718135476112,479.63387812674046,479.63386860489845,479.6338667720556,479.63386541604996,479.6338617950678,479.63386231660843,479.63386280834675,4396.778466939926,4396.778457403183,4396.778463125229,4396.778463125229,4396.778493642807,4396.77846121788,4396.778466939926,5541.511682748795,5541.511635065079,5541.511644601822,5541.5116674900055,5541.5116751194,5541.511665582657,5541.511663675308,11782.335050582886,11782.335004806519,11782.335012435913,11782.3350315094,11782.335027694702,11782.335039138794,11782.335008621216,17510.57221221924,17510.57223892212,17510.57218170166,17510.572200775146,17510.57218170166,17510.572177886963,17510.572216033936
2229.5,72.97609840426594,72.9760959148407,72.97609096765518,72.97610384970903,72.97610466182232,72.97609949111938,72.97610130161047,1238.6208549626172,1238.6208495274186,1238.6208478286862,1238.6208413690329,1238.6208464577794,1238.6208415552974,1238.6208456680179,878.1718093901873,878.1718213930726,878.1718116104603,878.171792820096,878.1718298345804,878.171796143055,878.1718135476112,479.63387812674046,479.63386860489845,479.6338667720556,479.63386541604996,479.6338617950678,479.63386231660843,479.63386280834675,4398.758252978325,4398.758243441582,4398.758249163628,4398.758249163628,4398.758279681206,4398.758247256279,4398.758252978325,5544.769482851028,5544.769435167313,5544.769444704056,5544.769467592239,5544.769475221634,5544.769465684891,5544.769463777542,11793.697487831116,11793.697442054749,11793.697449684143,11793.69746875763,11793.697464942932,11793.697476387024,11793.697445869446,17528.044605255127,17528.044631958008,17528.04457473755,17528.044593811035,17528.04457473755,17528.04457092285,17528.044609069824
2230.5,72.97609840426594,72.9760959148407,72.97609096765518,72.97610384970903,72.97610466182232,72.97609949111938,72.97610130161047,1238.6208549626172,1238.6208495274186,1238.6208478286862,1238.6208413690329,1238.6208464577794,1238.6208415552974,1238.6208456680179,878.1718093901873,878.1718213930726,878.1718116104603,878.171792820096,878.1718298345804,878.171796143055,878.1718135476112,479.63387812674046,479.63386860489845,479.6338667720556,479.63386541604996,479.6338617950678,479.63386231660843,479.63386280834675,4400.641496419907,4400.641486883163,4400.641492605209,4400.641492605209,4400.6415231227875,4400.641490697861,4400.641496419907,5547.868418931961,5547.868371248245,5547.868380784988,5547.868403673172,5547.8684113025665,5547.868401765823,5547.868399858475,11804.505845069885,11804.505799293518,11804.505806922913,11804.505825996399,11804.505822181702,11804.505833625793,11804.505803108215,17544.664972305298,17544.66499900818,17544.66494178772,17544.664960861206,17544.66494178772,17544.664937973022,17544.664976119995
2231.5,72.97609840426594,72.9760959148407,72.97609096765518,72.97610384970903,72.97610466182232,72.97609949111938,72.97610130161047,1238.6208549626172,1238.6208495274186,1238.6208478286862,1238.6208413690329,1238.6208464577794,1238.6208415552974,1238.6208456680179,878.1718093901873,878.1718213930726,878.1718116104603,878.171792820096,878.1718298345804,878.171796143055,878.1718135476112,479.63387812674046,479.63386860489845,479.6338667720556,479.63386541604996,479.6338617950678,479.63386231660843,479.63386280834675,4402.428197145462,4402.428187608719,4402.428193330765,4402.428193330765,4402.428223848343,4402.428191423416,4402.428197145462,5550.808490991592,5550.808443307877,5550.80845284462,5550.808475732803,5550.808483362198,5550.808473825455,5550.808471918106,11814.76012134552,11814.760075569153,11814.760083198547,11814.760102272034,11814.760098457336,11814.760109901428,11814.76007938385,17560.433311462402,17560.433338165283,17560.433280944824,17560.43330001831,17560.433280944824,17560.433277130127,17560.4333152771
2232.5,72.97609840426594,72.9760959148407,72.97609096765518,72.97610384970903,72.97610466182232,72.97609949111938,72.97610130161047,1238.6208549626172,1238.6208495274186,1238.6208478286862,1238.6208413690329,1238.6208464577794,1238.6208415552974,1238.6208456680179,878.1718093901873,878.1718213930726,878.1718116104603,878.171792820096,878.1718298345804,878.171796143055,878.1718135476112,479.63387812674046,479.63386860489845,479.6338667720556,479.63386541604996,479.6338617950678,479.63386231660843,479.63386280834675,4404.118355154991,4404.118345618248,4404.118351340294,4404.118351340294,4404.118381857872,4404.118349432945,4404.118355154991,5553.5896990299225,5553.589651346207,5553.58966088295,5553.589683771133,5553.589691400528,5553.589681863785,5553.589679956436,11824.460317611694,11824.460271835327,11824.460279464722,11824.460298538208,11824.46029472351,11824.460306167603,11824.460275650024,17575.349623680115,17575.349650382996,17575.349593162537,17575.349612236023,17575.349593162537,17575.34958934784,17575.349627494812
2233.5,72.97609840426594,72.9760959148407,72.97609096765518,72.97610384970903,72.97610466182232,72.97609949111938,72.97610130161047,1238.6208549626172,1238.6208495274186,1238.6208478286862,1238.6208413690329,1238.6208464577794,1238.6208415552974,1238.6208456680179,878.1718093901873,878.1718213930726,878.1718116104603,878.171792820096,878.1718298345804,878.171796143055,878.1718135476112,479.63387812674046,479.63386860489845,479.6338667720556,479.63386541604996,479.6338617950678,479.63386231660843,479.63386280834675,4405.711970567703,4405.71196103096,4405.711966753006,4405.711966753006,4405.711997270584,4405.711964845657,4405.711970567703,5556.212043046951,5556.2119953632355,5556.212004899979,5556.212027788162,5556.212035417557,5556.212025880814,5556.212023973465,11833.606433868408,11833.606388092041,11833.606395721436,11833.606414794922,11833.606410980225,11833.606422424316,11833.606391906738,17589.413908958435,17589.413935661316,17589.413878440857,17589.413897514343,17589.413878440857,17589.41387462616,17589.413912773132
2234.5,72.97609840426594,72.9760959148407,72.97609096765518,72.97610384970903,72.97610466182232,72.97609949111938,72.97610130161047,1238.6208549626172,1238.6208495274186,1238.6208478286862,1238.6208413690329,1238.6208464577794,1238.6208415552974,1238.6208456680179,878.1718093901873,878.1718213930726,878.1718116104603,878.171792820096,878.1718298345804,878.171796143055,878.1718135476112,479.63387812674046,479.63386860489845,479.6338667720556,479.63386541604996,479.6338617950678,479.63386231660843,479.63386280834675,4407.209043264389,4407.209033727646,4407.209039449692,4407.209039449692,4407.20906996727,4407.209037542343,4407.209043264389,5558.675523281097,5558.675475597382,5558.675485134125,5558.675508022308,5558.675515651703,5558.67550611496,5558.675504207611,11842.198471069336,11842.198425292969,11842.198432922363,11842.19845199585,11842.198448181152,11842.198459625244,11842.198429107666,17602.62616634369,17602.62619304657,17602.62613582611,17602.626154899597,17602.62613582611,17602.626132011414,17602.626170158386
2235.5,72.97609840426594,72.9760959148407,72.97609096765518,72.97610384970903,72.97610466182232,72.97609949111938,72.97610130161047,1238.6208549626172,1238.6208495274186,1238.6208478286862,1238.6208413690329,1238.6208464577794,1238.6208415552974,1238.6208456680179,878.1718093901873,878.1718213930726,878.1718116104603,878.171792820096,878.1718298345804,878.171796143055,878.1718135476112,479.63387812674046,479.63386860489845,479.6338667720556,479.63386541604996,479.6338617950678,479.63386231660843,479.63386280834675,4408.6095732450485,4408.609563708305,4408.609569430351,4408.609569430351,4408.609599947929,4408.609567523003,4408.6095732450485,5560.980139255524,5560.980091571808,5560.980101108551,5560.980123996735,5560.980131626129,5560.980122089386,5560.980120182037,11850.236427307129,11850.236381530762,11850.236389160156,11850.236408233643,11850.236404418945,11850.236415863037,11850.236385345459,17614.98639678955,17614.98642349243,17614.986366271973,17614.98638534546,17614.986366271973,17614.986362457275,17614.986400604248
2236.5,72.97609840426594,72.9760959148407,72.97609096765518,72.97610384970903,72.97610466182232,72.97609949111938,72.97610130161047,1238.6208549626172,1238.6208495274186,1238.6208478286862,1238.6208413690329,1238.6208464577794,1238.6208415552974,1238.6208456680179,878.1718093901873,878.1718213930726,878.1718116104603,878.171792820096,878.1718298345804,878.171796143055,878.1718135476112,479.63387812674046,479.63386860489845,479.6338667720556,479.63386541604996,479.6338617950678,479.63386231660843,479.63386280834675,4409.913560509682,4409.9135509729385,4409.913556694984,4409.913556694984,4409.913587212563,4409.913554787636,4409.913560509682,5563.125891208649,5563.125843524933,5563.125853061676,5563.12587594986,5563.125883579254,5563.125874042511,5563.125872135162,11857.720303535461,11857.720257759094,11857.720265388489,11857.720284461975,11857.720280647278,11857.72029209137,11857.720261573792,17626.49460029602,17626.4946269989,17626.494569778442,17626.49458885193,17626.494569778442,17626.494565963745,17626.494604110718
2237.5,72.97609840426594,72.9760959148407,72.97609096765518,72.97610384970903,72.97610466182232,72.97609949111938,72.97610130161047,1238.6208549626172,1238.6208495274186,1238.6208478286862,1238.6208413690329,1238.6208464577794,1238.6208415552974,1238.6208456680179,878.1718093901873,878.1718213930726,878.1718116104603,878.171792820096,878.1718298345804,878.171796143055,878.1718135476112,479.63387812674046,479.63386860489845,479.6338667720556,479.63386541604996,479.6338617950678,479.63386231660843,479.63386280834675,4411.121005177498,4411.120995640755,4411.121001362801,4411.121001362801,4411.121031880379,4411.120999455452,4411.121005177498,5565.112779140472,5565.112731456757,5565.1127409935,5565.112763881683,5565.112771511078,5565.112761974335,5565.112760066986,11864.650099754333,11864.650053977966,11864.65006160736,11864.650080680847,11864.65007686615,11864.650088310242,11864.650057792664,17637.150775909424,17637.150802612305,17637.150745391846,17637.150764465332,17637.150745391846,17637.15074157715,17637.15077972412
2238.5,72.97609840426594,72.9760959148407,72.97609096765518,72.97610384970903,72.97610466182232,72.97609949111938,72.97610130161047,1238.6208549626172,1238.6208495274186,1238.6208478286862,1238.6208413690329,1238.6208464577794,1238.6208415552974,1238.6208456680179,878.1718093901873,878.1718213930726,878.1718116104603,878.171792820096,878.1718298345804,878.171796143055,878.1718135476112,479.63387812674046,479.63386860489845,479.6338667720556,479.63386541604996,479.6338617950678,479.63386231660843,479.63386280834675,4412.231907129288,4412.231897592545,4412.23190331459,4412.23190331459,4412.231933832169,4412.231901407242,4412.231907129288,5566.940803170204,5566.940755486488,5566.9407650232315,5566.940787911415,5566.94079554081,5566.9407860040665,5566.940784096718,11871.025815963745,11871.025770187378,11871.025777816772,11871.025796890259,11871.025793075562,11871.025804519653,11871.025774002075,17646.954924583435,17646.954951286316,17646.954894065857,17646.954913139343,17646.954894065857,17646.95489025116,17646.954928398132
2239.5,72.97609840426594,72.9760959148407,72.97609096765518,72.97610384970903,72.97610466182232,72.97609949111938,72.97610130161047,1238.6208549626172,1238.6208495274186,1238.6208478286862,1238.6208413690329,1238.6208464577794,1238.6208415552974,1238.6208456680179,878.1718093901873,878.1718213930726,878.1718116104603,878.171792820096,878.1718298345804,878.171796143055,878.1718135476112,479.63387812674046,479.63386860489845,479.6338667720556,479.63386541604996,479.6338617950678,479.63386231660843,479.63386280834675,4413.246266484261,4413.246256947517,4413.246262669563,4413.246262669563,4413.246293187141,4413.246260762215,4413.246266484261,5568.609963297844,5568.609915614128,5568.609925150871,5568.609948039055,5568.609955668449,5568.609946131706,5568.609944224358,11876.847452163696,11876.84740638733,11876.847414016724,11876.84743309021,11876.847429275513,11876.847440719604,11876.847410202026,17655.907046318054,17655.907073020935,17655.907015800476,17655.907034873962,17655.907015800476,17655.90701198578,17655.90705013275
2240.5,72.97609840426594,72.9760959148407,72.97609096765518,72.97610384970903,72.97610466182232,72.97609949111938,72.97610130161047,1238.6208549626172,1238.6208495274186,1238.6208478286862,1238.6208413690329,1238.6208464577794,1238.6208415552974,1238.6208456680179,878.1718093901873,878.1718213930726,878.1718116104603,878.171792820096,878.1718298345804,878.171796143055,878.1718135476112,479.63387812674046,479.63386860489845,479.6338667720556,479.63386541604996,479.6338617950678,479.63386231660843,479.63386280834675,4414.164083063602,4414.164073526859,4414.164079248905,4414.164079248905,4414.164109766483,4414.164077341557,4414.164083063602,5570.120259404182,5570.120211720467,5570.12022125721,5570.120244145393,5570.120251774788,5570.120242238045,5570.120240330696,11882.11500787735,11882.114962100983,11882.114969730377,11882.114988803864,11882.114984989166,11882.114996433258,11882.11496591568,17664.00714111328,17664.007167816162,17664.007110595703,17664.00712966919,17664.007110595703,17664.007106781006,17664.00714492798
2241.5,72.97609840426594,72.9760959148407,72.97609096765518,72.97610384970903,72.97610466182232,72.97609949111938,72.97610130161047,1238.6208549626172,1238.6208495274186,1238.6208478286862,1238.6208413690329,1238.6208464577794,1238.6208415552974,1238.6208456680179,878.1718093901873,878.1718213930726,878.1718116104603,878.171792820096,878.1718298345804,878.171796143055,878.1718135476112,479.63387812674046,479.63386860489845,479.6338667720556,479.63386541604996,479.6338617950678,479.63386231660843,479.63386280834675,4414.985357046127,4414.985347509384,4414.98535323143,4414.98535323143,4414.985383749008,4414.985351324081,4414.985357046127,5571.47169148922,5571.471643805504,5571.471653342247,5571.471676230431,5571.471683859825,5571.471674323082,5571.471672415733,11886.828483581543,11886.828437805176,11886.82844543457,11886.828464508057,11886.82846069336,11886.828472137451,11886.828441619873,17671.25520849228,17671.25523519516,17671.2551779747,17671.255197048187,17671.2551779747,17671.255174160004,17671.255212306976
2242.5,72.97609840426594,72.9760959148407,72.97609096765518,72.97610384970903,72.97610466182232,72.97609949111938,72.97610130161047,1238.6208549626172,1238.6208495274186,1238.6208478286862,1238.6208413690329,1238.6208464577794,1238.6208415552974,1238.6208456680179,878.1718093901873,878.1718213930726,878.1718116104603,878.171792820096,878.1718298345804,878.171796143055,878.1718135476112,479.63387812674046,479.63386860489845,479.6338667720556,479.63386541604996,479.6338617950678,479.63386231660843,479.63386280834675,4415.7100883722305,4415.710078835487,4415.710084557533,4415.710084557533,4415.710115075111,4415.710082650185,4415.7100883722305,5572.664259552956,5572.66421186924,5572.664221405983,5572.664244294167,5572.664251923561,5572.664242386818,5572.664240479469,11890.987878799438,11890.987833023071,11890.987840652466,11890.987859725952,11890.987855911255,11890.987867355347,11890.987836837769,17677.651248455048,17677.65127515793,17677.65121793747,17677.651237010956,17677.65121793747,17677.651214122772,17677.651252269745
2243.5,72.97609840426594,72.9760959148407,72.97609096765518,72.97610384970903,72.97610466182232,72.97609949111938,72.97610130161047,1238.6208549626172,1238.6208495274186,1238.6208478286862,1238.6208413690329,1238.6208464577794,1238.6208415552974,1238.6208456680179,878.1718093901873,878.1718213930726,878.1718116104603,878.171792820096,878.1718298345804,878.171796143055,878.1718135476112,479.63387812674046,479.63386860489845,479.6338667720556,479.63386541604996,479.6338617950678,479.63386231660843,479.63386280834675,4416.338276982307,4416.338267445564,4416.33827316761,4416.33827316761,4416.338303685188,4416.3382712602615,4416.338276982307,5573.69796359539,5573.6979159116745,5573.697925448418,5573.697948336601,5573.697955965996,5573.697946429253,5573.697944521904,11894.593194246292,11894.593148469925,11894.59315609932,11894.593175172806,11894.593171358109,11894.5931828022,11894.593152284622,17683.195261478424,17683.195288181305,17683.195230960846,17683.195250034332,17683.195230960846,17683.19522714615,17683.19526529312
2244.5,72.97609840426594,72.9760959148407,72.97609096765518,72.97610384970903,72.97610466182232,72.97609949111938,72.97610130161047,1238.6208549626172,1238.6208495274186,1238.6208478286862,1238.6208413690329,1238.6208464577794,1238.6208415552974,1238.6208456680179,878.1718093901873,878.1718213930726,878.1718116104603,878.171792820096,878.1718298345804,878.171796143055,878.1718135476112,479.63387812674046,479.63386860489845,479.6338667720556,479.63386541604996,479.6338617950678,479.63386231660843,479.63386280834675,4416.869922935963,4416.8699133992195,4416.869919121265,4416.869919121265,4416.8699496388435,4416.869917213917,4416.869922935963,5574.572803676128,5574.572755992413,5574.572765529156,5574.572788417339,5574.572796046734,5574.572786509991,5574.572784602642,11897.644429922104,11897.644384145737,11897.644391775131,11897.644410848618,11897.64440703392,11897.644418478012,11897.644387960434,17687.88724756241,17687.88727426529,17687.88721704483,17687.887236118317,17687.88721704483,17687.887213230133,17687.887251377106
2245.5,72.97609840426594,72.9760959148407,72.97609096765518,72.97610384970903,72.97610466182232,72.97609949111938,72.97610130161047,1238.6208549626172,1238.6208495274186,1238.6208478286862,1238.6208413690329,1238.6208464577794,1238.6208415552974,1238.6208456680179,878.1718093901873,878.1718213930726,878.1718116104603,878.171792820096,878.1718298345804,878.171796143055,878.1718135476112,479.63387812674046,479.63386860489845,479.6338667720556,479.63386541604996,479.6338617950678,479.63386231660843,479.63386280834675,4417.305026203394,4417.305016666651,4417.305022388697,4417.305022388697,4417.305052906275,4417.305020481348,4417.305026203394,5575.28877979517,5575.288732111454,5575.288741648197,5575.288764536381,5575.288772165775,5575.288762629032,5575.2887607216835,11900.141585588455,11900.141539812088,11900.141547441483,11900.141566514969,11900.141562700272,11900.141574144363,11900.141543626785,17691.727205991745,17691.727232694626,17691.727175474167,17691.727194547653,17691.727175474167,17691.72717165947,17691.727209806442
2246.5,72.97609840426594,72.9760959148407,72.97609096765518,72.97610384970903,72.97610466182232,72.97609949111938,72.97610130161047,1238.6208549626172,1238.6208495274186,1238.6208478286862,1238.6208413690329,1238.6208464577794,1238.6208415552974,1238.6208456680179,878.1718093901873,878.1718213930726,878.1718116104603,878.171792820096,878.1718298345804,878.171796143055,878.1718135476112,479.63387812674046,479.63386860489845,479.6338667720556,479.63386541604996,479.6338617950678,479.63386231660843,479.63386280834675,4417.6435868144035,4417.64357727766,4417.643582999706,4417.643582999706,4417.643613517284,4417.643581092358,4417.6435868144035,5575.84589189291,5575.845844209194,5575.845853745937,5575.845876634121,5575.8458842635155,5575.845874726772,5575.845872819424,11902.084660887718,11902.084615111351,11902.084622740746,11902.084641814232,11902.084637999535,11902.084649443626,11902.084618926048,17694.715137004852,17694.715163707733,17694.715106487274,17694.71512556076,17694.715106487274,17694.715102672577,17694.71514081955
2247.5,72.97609840426594,72.9760959148407,72.97609096765518,72.97610384970903,72.97610466182232,72.97609949111938,72.97610130161047,1238.6208549626172,1238.6208495274186,1238.6208478286862,1238.6208413690329,1238.6208464577794,1238.6208415552974,1238.6208456680179,878.1718093901873,878.1718213930726,878.1718116104603,878.171792820096,878.1718298345804,878.171796143055,878.1718135476112,479.63387812674046,479.63386860489845,479.6338667720556,479.63386541604996,479.6338617950678,479.63386231660843,479.63386280834675,4417.88560475409,4417.885595217347,4417.885600939393,4417.885600939393,4417.885631456971,4417.885599032044,4417.88560475409,5576.244139999151,5576.244092315435,5576.244101852179,5576.244124740362,5576.244132369757,5576.2441228330135,5576.244120925665,11903.473656058311,11903.473610281944,11903.473617911339,11903.473636984825,11903.473633170128,11903.47364461422,11903.473614096642,17696.85104084015,17696.85106754303,17696.85101032257,17696.851029396057,17696.85101032257,17696.851006507874,17696.851044654846
2248.5,72.97609840426594,72.9760959148407,72.97609096765518,72.97610384970903,72.97610466182232,72.97609949111938,72.97610130161047,1238.6208549626172,1238.6208495274186,1238.6208478286862,1238.6208413690329,1238.6208464577794,1238.6208415552974,1238.6208456680179,878.1718093901873,878.1718213930726,878.1718116104603,878.171792820096,878.1718298345804,878.171796143055,878.1718135476112,479.63387812674046,479.63386860489845,479.6338667720556,479.63386541604996,479.6338617950678,479.63386231660843,479.63386280834675,4418.031080022454,4418.031070485711,4418.031076207757,4418.031076207757,4418.031106725335,4418.031074300408,4418.031080022454,5576.483524098992,5576.4834764152765,5576.48348595202,5576.483508840203,5576.483516469598,5576.483506932855,5576.483505025506,11904.308571279049,11904.308525502682,11904.308533132076,11904.308552205563,11904.308548390865,11904.308559834957,11904.308529317379,17698.134917497635,17698.134944200516,17698.134886980057,17698.134906053543,17698.134886980057,17698.13488316536,17698.134921312332
2249.5,72.97609840426594,72.9760959148407,72.97609096765518,72.97610384970903,72.97610466182232,72.97609949111938,72.97610130161047,1238.6208549626172,1238.6208495274186,1238.6208478286862,1238.6208413690329,1238.6208464577794,1238.6208415552974,1238.6208456680179,878.1718093901873,878.1718213930726,878.1718116104603,878.171792820096,878.1718298345804,878.171796143055,878.1718135476112,479.63387812674046,479.63386860489845,479.6338667720556,479.63386541604996,479.6338617950678,479.63386231660843,479.63386280834675,4418.080012612045,4418.080003075302,4418.080008797348,4418.080008797348,4418.080039314926,4418.080006889999,4418.080012612045,5576.5640442073345,5576.563996523619,5576.564006060362,5576.5640289485455,5576.56403657794,5576.564027041197,5576.564025133848,11904.589406400919,11904.589360624552,11904.589368253946,11904.589387327433,11904.589383512735,11904.589394956827,11904.589364439249,17698.566766917706,17698.566793620586,17698.566736400127,17698.566755473614,17698.566736400127,17698.56673258543,17698.566770732403
2250.5,72.97609840426594,72.9760959148407,72.97609096765518,72.97610384970903,72.97610466182232,72.97609949111938,72.97610130161047,1238.6208549626172,1238.6208495274186,1238.6208478286862,1238.6208413690329,1238.6208464577794,1238.6208415552974,1238.6208456680179,878.1718093901873,878.1718213930726,878.1718116104603,878.171792820096,878.1718298345804,878.171796143055,878.1718135476112,479.63387812674046,479.63386860489845,479.6338667720556,479.63386541604996,479.6338617950678,479.63386231660843,479.63386280834675,4418.080012612045,4418.080003075302,4418.080008797348,4418.080008797348,4418.080039314926,4418.080006889999,4418.080012612045,5576.5640442073345,5576.563996523619,5576.564006060362,5576.5640289485455,5576.56403657794,5576.564027041197,5576.564025133848,11904.589406400919,11904.589360624552,11904.589368253946,11904.589387327433,11904.589383512735,11904.589394956827,11904.589364439249,17698.566766917706,17698.566793620586,17698.566736400127,17698.566755473614,17698.566736400127,17698.56673258543,17698.566770732403
2251.5,72.97609840426594,72.9760959148407,72.97609096765518,72.97610384970903,72.97610466182232,72.97609949111938,72.97610130161047,1238.6208549626172,1238.6208495274186,1238.6208478286862,1238.6208413690329,1238.6208464577794,1238.6208415552974,1238.6208456680179,878.1718093901873,878.1718213930726,878.1718116104603,878.171792820096,878.1718298345804,878.171796143055,878.1718135476112,479.63387812674046,479.63386860489845,479.6338667720556,479.63386541604996,479.6338617950678,479.63386231660843,479.63386280834675,4418.080012612045,4418.080003075302,4418.080008797348,4418.080008797348,4418.080039314926,4418.080006889999,4418.080012612045,5576.5640442073345,5576.563996523619,5576.564006060362,5576.5640289485455,5576.56403657794,5576.564027041197,5576.564025133848,11904.589406400919,11904.589360624552,11904.589368253946,11904.589387327433,11904.589383512735,11904.589394956827,11904.589364439249,17698.566766917706,17698.566793620586,17698.566736400127,17698.566755473614,17698.566736400127,17698.56673258543,17698.566770732403
2252.5,72.97609840426594,72.9760959148407,72.97609096765518,72.97610384970903,72.97610466182232,72.97609949111938,72.97610130161047,1238.6208549626172,1238.6208495274186,1238.6208478286862,1238.6208413690329,1238.6208464577794,1238.6208415552974,1238.6208456680179,878.1718093901873,878.1718213930726,878.1718116104603,878.171792820096,878.1718298345804,878.171796143055,878.1718135476112,479.63387812674046,479.63386860489845,479.6338667720556,479.63386541604996,479.6338617950678,479.63386231660843,479.63386280834675,4418.080012612045,4418.080003075302,4418.080008797348,4418.080008797348,4418.080039314926,4418.080006889999,4418.080012612045,5576.5640442073345,5576.563996523619,5576.564006060362,5576.5640289485455,5576.56403657794,5576.564027041197,5576.564025133848,11904.589406400919,11904.589360624552,11904.589368253946,11904.589387327433,11904.589383512735,11904.589394956827,11904.589364439249,17698.566766917706,17698.566793620586,17698.566736400127,17698.566755473614,17698.566736400127,17698.56673258543,17698.566770732403
2253.5,72.97609840426594,72.9760959148407,72.97609096765518,72.97610384970903,72.97610466182232,72.97609949111938,72.97610130161047,1238.6208549626172,1238.6208495274186,1238.6208478286862,1238.6208413690329,1238.6208464577794,1238.6208415552974,1238.6208456680179,878.1718093901873,878.1718213930726,878.1718116104603,878.171792820096,878.1718298345804,878.171796143055,878.1718135476112,479.63387812674046,479.63386860489845,479.6338667720556,479.63386541604996,479.6338617950678,479.63386231660843,479.63386280834675,4418.080012612045,4418.080003075302,4418.080008797348,4418.080008797348,4418.080039314926,4418.080006889999,4418.080012612045,5576.5640442073345,5576.563996523619,5576.564006060362,5576.5640289485455,5576.56403657794,5576.564027041197,5576.564025133848,11904.589406400919,11904.589360624552,11904.589368253946,11904.589387327433,11904.589383512735,11904.589394956827,11904.589364439249,17698.566766917706,17698.566793620586,17698.566736400127,17698.566755473614,17698.566736400127,17698.56673258543,17698.566770732403
2254.5,72.97609840426594,72.9760959148407,72.97609096765518,72.97610384970903,72.97610466182232,72.97609949111938,72.97610130161047,1238.6208549626172,1238.6208495274186,1238.6208478286862,1238.6208413690329,1238.6208464577794,1238.6208415552974,1238.6208456680179,878.1718093901873,878.1718213930726,878.1718116104603,878.171792820096,878.1718298345804,878.171796143055,878.1718135476112,479.63387812674046,479.63386860489845,479.6338667720556,479.63386541604996,479.6338617950678,479.63386231660843,479.63386280834675,4418.080012612045,4418.080003075302,4418.080008797348,4418.080008797348,4418.080039314926,4418.080006889999,4418.080012612045,5576.5640442073345,5576.563996523619,5576.564006060362,5576.5640289485455,5576.56403657794,5576.564027041197,5576.564025133848,11904.589406400919,11904.589360624552,11904.589368253946,11904.589387327433,11904.589383512735,11904.589394956827,11904.589364439249,17698.566766917706,17698.566793620586,17698.566736400127,17698.566755473614,17698.566736400127,17698.56673258543,17698.566770732403
2255.5,72.97609840426594,72.9760959148407,72.97609096765518,72.97610384970903,72.97610466182232,72.97609949111938,72.97610130161047,1238.6208549626172,1238.6208495274186,1238.6208478286862,1238.6208413690329,1238.6208464577794,1238.6208415552974,1238.6208456680179,878.1718093901873,878.1718213930726,878.1718116104603,878.171792820096,878.1718298345804,878.171796143055,878.1718135476112,479.63387812674046,479.63386860489845,479.6338667720556,479.63386541604996,479.6338617950678,479.63386231660843,479.63386280834675,4418.080012612045,4418.080003075302,4418.080008797348,4418.080008797348,4418.080039314926,4418.080006889999,4418.080012612045,5576.5640442073345,5576.563996523619,5576.564006060362,5576.5640289485455,5576.56403657794,5576.564027041197,5576.564025133848,11904.589406400919,11904.589360624552,11904.589368253946,11904.589387327433,11904.589383512735,11904.589394956827,11904.589364439249,17698.566766917706,17698.566793620586,17698.566736400127,17698.566755473614,17698.566736400127,17698.56673258543,17698.566770732403
2256.5,72.97609840426594,72.9760959148407,72.97609096765518,72.97610384970903,72.97610466182232,72.97609949111938,72.97610130161047,1238.6208549626172,1238.6208495274186,1238.6208478286862,1238.6208413690329,1238.6208464577794,1238.6208415552974,1238.6208456680179,878.1718093901873,878.1718213930726,878.1718116104603,878.171792820096,878.1718298345804,878.171796143055,878.1718135476112,479.63387812674046,479.63386860489845,479.6338667720556,479.63386541604996,479.6338617950678,479.63386231660843,479.63386280834675,4418.080012612045,4418.080003075302,4418.080008797348,4418.080008797348,4418.080039314926,4418.080006889999,4418.080012612045,5576.5640442073345,5576.563996523619,5576.564006060362,5576.5640289485455,5576.56403657794,5576.564027041197,5576.564025133848,11904.589406400919,11904.589360624552,11904.589368253946,11904.589387327433,11904.589383512735,11904.589394956827,11904.589364439249,17698.566766917706,17698.566793620586,17698.566736400127,17698.566755473614,17698.566736400127,17698.56673258543,17698.566770732403
2257.5,72.97609840426594,72.9760959148407,72.97609096765518,72.97610384970903,72.97610466182232,72.97609949111938,72.97610130161047,1238.6208549626172,1238.6208495274186,1238.6208478286862,1238.6208413690329,1238.6208464577794,1238.6208415552974,1238.6208456680179,878.1718093901873,878.1718213930726,878.1718116104603,878.171792820096,878.1718298345804,878.171796143055,878.1718135476112,479.63387812674046,479.63386860489845,479.6338667720556,479.63386541604996,479.6338617950678,479.63386231660843,479.63386280834675,4418.080012612045,4418.080003075302,4418.080008797348,4418.080008797348,4418.080039314926,4418.080006889999,4418.080012612045,5576.5640442073345,5576.563996523619,5576.564006060362,5576.5640289485455,5576.56403657794,5576.564027041197,5576.564025133848,11904.589406400919,11904.589360624552,11904.589368253946,11904.589387327433,11904.589383512735,11904.589394956827,11904.589364439249,17698.566766917706,17698.566793620586,17698.566736400127,17698.566755473614,17698.566736400127,17698.56673258543,17698.566770732403
2258.5,72.97609840426594,72.9760959148407,72.97609096765518,72.97610384970903,72.97610466182232,72.97609949111938,72.97610130161047,1238.6208549626172,1238.6208495274186,1238.6208478286862,1238.6208413690329,1238.6208464577794,1238.6208415552974,1238.6208456680179,878.1718093901873,878.1718213930726,878.1718116104603,878.171792820096,878.1718298345804,878.171796143055,878.1718135476112,479.63387812674046,479.63386860489845,479.6338667720556,479.63386541604996,479.6338617950678,479.63386231660843,479.63386280834675,4418.080012612045,4418.080003075302,4418.080008797348,4418.080008797348,4418.080039314926,4418.080006889999,4418.080012612045,5576.5640442073345,5576.563996523619,5576.564006060362,5576.5640289485455,5576.56403657794,5576.564027041197,5576.564025133848,11904.589406400919,11904.589360624552,11904.589368253946,11904.589387327433,11904.589383512735,11904.589394956827,11904.589364439249,17698.566766917706,17698.566793620586,17698.566736400127,17698.566755473614,17698.566736400127,17698.56673258543,17698.566770732403
2259.5,72.97609840426594,72.9760959148407,72.97609096765518,72.97610384970903,72.97610466182232,72.97609949111938,72.97610130161047,1238.6208549626172,1238.6208495274186,1238.6208478286862,1238.6208413690329,1238.6208464577794,1238.6208415552974,1238.6208456680179,878.1718093901873,878.1718213930726,878.1718116104603,878.171792820096,878.1718298345804,878.171796143055,878.1718135476112,479.63387812674046,479.63386860489845,479.6338667720556,479.63386541604996,479.6338617950678,479.63386231660843,479.63386280834675,4418.080012612045,4418.080003075302,4418.080008797348,4418.080008797348,4418.080039314926,4418.080006889999,4418.080012612045,5576.5640442073345,5576.563996523619,5576.564006060362,5576.5640289485455,5576.56403657794,5576.564027041197,5576.564025133848,11904.589406400919,11904.589360624552,11904.589368253946,11904.589387327433,11904.589383512735,11904.589394956827,11904.589364439249,17698.566766917706,17698.566793620586,17698.566736400127,17698.566755473614,17698.566736400127,17698.56673258543,17698.566770732403
2260.5,72.97609840426594,72.9760959148407,72.97609096765518,72.97610384970903,72.97610466182232,72.97609949111938,72.97610130161047,1238.6208549626172,1238.6208495274186,1238.6208478286862,1238.6208413690329,1238.6208464577794,1238.6208415552974,1238.6208456680179,878.1718093901873,878.1718213930726,878.1718116104603,878.171792820096,878.1718298345804,878.171796143055,878.1718135476112,479.63387812674046,479.63386860489845,479.6338667720556,479.63386541604996,479.6338617950678,479.63386231660843,479.63386280834675,4418.080012612045,4418.080003075302,4418.080008797348,4418.080008797348,4418.080039314926,4418.080006889999,4418.080012612045,5576.5640442073345,5576.563996523619,5576.564006060362,5576.5640289485455,5576.56403657794,5576.564027041197,5576.564025133848,11904.589406400919,11904.589360624552,11904.589368253946,11904.589387327433,11904.589383512735,11904.589394956827,11904.589364439249,17698.566766917706,17698.566793620586,17698.566736400127,17698.566755473614,17698.566736400127,17698.56673258543,17698.566770732403
2261.5,72.97609840426594,72.9760959148407,72.97609096765518,72.97610384970903,72.97610466182232,72.97609949111938,72.97610130161047,1238.6208549626172,1238.6208495274186,1238.6208478286862,1238.6208413690329,1238.6208464577794,1238.6208415552974,1238.6208456680179,878.1718093901873,878.1718213930726,878.1718116104603,878.171792820096,878.1718298345804,878.171796143055,878.1718135476112,479.63387812674046,479.63386860489845,479.6338667720556,479.63386541604996,479.6338617950678,479.63386231660843,479.63386280834675,4418.080012612045,4418.080003075302,4418.080008797348,4418.080008797348,4418.080039314926,4418.080006889999,4418.080012612045,5576.5640442073345,5576.563996523619,5576.564006060362,5576.5640289485455,5576.56403657794,5576.564027041197,5576.564025133848,11904.589406400919,11904.589360624552,11904.589368253946,11904.589387327433,11904.589383512735,11904.589394956827,11904.589364439249,17698.566766917706,17698.566793620586,17698.566736400127,17698.566755473614,17698.566736400127,17698.56673258543,17698.566770732403
2262.5,72.97609840426594,72.9760959148407,72.97609096765518,72.97610384970903,72.97610466182232,72.97609949111938,72.97610130161047,1238.6208549626172,1238.6208495274186,1238.6208478286862,1238.6208413690329,1238.6208464577794,1238.6208415552974,1238.6208456680179,878.1718093901873,878.1718213930726,878.1718116104603,878.171792820096,878.1718298345804,878.171796143055,878.1718135476112,479.63387812674046,479.63386860489845,479.6338667720556,479.63386541604996,479.6338617950678,479.63386231660843,479.63386280834675,4418.080012612045,4418.080003075302,4418.080008797348,4418.080008797348,4418.080039314926,4418.080006889999,4418.080012612045,5576.5640442073345,5576.563996523619,5576.564006060362,5576.5640289485455,5576.56403657794,5576.564027041197,5576.564025133848,11904.589406400919,11904.589360624552,11904.589368253946,11904.589387327433,11904.589383512735,11904.589394956827,11904.589364439249,17698.566766917706,17698.566793620586,17698.566736400127,17698.566755473614,17698.566736400127,17698.56673258543,17698.566770732403
2263.5,72.97609840426594,72.9760959148407,72.97609096765518,72.97610384970903,72.97610466182232,72.97609949111938,72.97610130161047,1238.6208549626172,1238.6208495274186,1238.6208478286862,1238.6208413690329,1238.6208464577794,1238.6208415552974,1238.6208456680179,878.1718093901873,878.1718213930726,878.1718116104603,878.171792820096,878.1718298345804,878.171796143055,878.1718135476112,479.63387812674046,479.63386860489845,479.6338667720556,479.63386541604996,479.6338617950678,479.63386231660843,479.63386280834675,4418.080012612045,4418.080003075302,4418.080008797348,4418.080008797348,4418.080039314926,4418.080006889999,4418.080012612045,5576.5640442073345,5576.563996523619,5576.564006060362,5576.5640289485455,5576.56403657794,5576.564027041197,5576.564025133848,11904.589406400919,11904.589360624552,11904.589368253946,11904.589387327433,11904.589383512735,11904.589394956827,11904.589364439249,17698.566766917706,17698.566793620586,17698.566736400127,17698.566755473614,17698.566736400127,17698.56673258543,17698.566770732403
2264.5,72.97609840426594,72.9760959148407,72.97609096765518,72.97610384970903,72.97610466182232,72.97609949111938,72.97610130161047,1238.6208549626172,1238.6208495274186,1238.6208478286862,1238.6208413690329,1238.6208464577794,1238.6208415552974,1238.6208456680179,878.1718093901873,878.1718213930726,878.1718116104603,878.171792820096,878.1718298345804,878.171796143055,878.1718135476112,479.63387812674046,479.63386860489845,479.6338667720556,479.63386541604996,479.6338617950678,479.63386231660843,479.63386280834675,4418.080012612045,4418.080003075302,4418.080008797348,4418.080008797348,4418.080039314926,4418.080006889999,4418.080012612045,5576.5640442073345,5576.563996523619,5576.564006060362,5576.5640289485455,5576.56403657794,5576.564027041197,5576.564025133848,11904.589406400919,11904.589360624552,11904.589368253946,11904.589387327433,11904.589383512735,11904.589394956827,11904.589364439249,17698.566766917706,17698.566793620586,17698.566736400127,17698.566755473614,17698.566736400127,17698.56673258543,17698.566770732403
2265.5,72.97609840426594,72.9760959148407,72.97609096765518,72.97610384970903,72.97610466182232,72.97609949111938,72.97610130161047,1238.6208549626172,1238.6208495274186,1238.6208478286862,1238.6208413690329,1238.6208464577794,1238.6208415552974,1238.6208456680179,878.1718093901873,878.1718213930726,878.1718116104603,878.171792820096,878.1718298345804,878.171796143055,878.1718135476112,479.63387812674046,479.63386860489845,479.6338667720556,479.63386541604996,479.6338617950678,479.63386231660843,479.63386280834675,4418.080012612045,4418.080003075302,4418.080008797348,4418.080008797348,4418.080039314926,4418.080006889999,4418.080012612045,5576.5640442073345,5576.563996523619,5576.564006060362,5576.5640289485455,5576.56403657794,5576.564027041197,5576.564025133848,11904.589406400919,11904.589360624552,11904.589368253946,11904.589387327433,11904.589383512735,11904.589394956827,11904.589364439249,17698.566766917706,17698.566793620586,17698.566736400127,17698.566755473614,17698.566736400127,17698.56673258543,17698.566770732403
2266.5,72.97609840426594,72.9760959148407,72.97609096765518,72.97610384970903,72.97610466182232,72.97609949111938,72.97610130161047,1238.6208549626172,1238.6208495274186,1238.6208478286862,1238.6208413690329,1238.6208464577794,1238.6208415552974,1238.6208456680179,878.1718093901873,878.1718213930726,878.1718116104603,878.171792820096,878.1718298345804,878.171796143055,878.1718135476112,479.63387812674046,479.63386860489845,479.6338667720556,479.63386541604996,479.6338617950678,479.63386231660843,479.63386280834675,4418.080012612045,4418.080003075302,4418.080008797348,4418.080008797348,4418.080039314926,4418.080006889999,4418.080012612045,5576.5640442073345,5576.563996523619,5576.564006060362,5576.5640289485455,5576.56403657794,5576.564027041197,5576.564025133848,11904.589406400919,11904.589360624552,11904.589368253946,11904.589387327433,11904.589383512735,11904.589394956827,11904.589364439249,17698.566766917706,17698.566793620586,17698.566736400127,17698.566755473614,17698.566736400127,17698.56673258543,17698.566770732403
2267.5,72.97609840426594,72.9760959148407,72.97609096765518,72.97610384970903,72.97610466182232,72.97609949111938,72.97610130161047,1238.6208549626172,1238.6208495274186,1238.6208478286862,1238.6208413690329,1238.6208464577794,1238.6208415552974,1238.6208456680179,878.1718093901873,878.1718213930726,878.1718116104603,878.171792820096,878.1718298345804,878.171796143055,878.1718135476112,479.63387812674046,479.63386860489845,479.6338667720556,479.63386541604996,479.6338617950678,479.63386231660843,479.63386280834675,4418.080012612045,4418.080003075302,4418.080008797348,4418.080008797348,4418.080039314926,4418.080006889999,4418.080012612045,5576.5640442073345,5576.563996523619,5576.564006060362,5576.5640289485455,5576.56403657794,5576.564027041197,5576.564025133848,11904.589406400919,11904.589360624552,11904.589368253946,11904.589387327433,11904.589383512735,11904.589394956827,11904.589364439249,17698.566766917706,17698.566793620586,17698.566736400127,17698.566755473614,17698.566736400127,17698.56673258543,17698.566770732403
2268.5,72.97609840426594,72.9760959148407,72.97609096765518,72.97610384970903,72.97610466182232,72.97609949111938,72.97610130161047,1238.6208549626172,1238.6208495274186,1238.6208478286862,1238.6208413690329,1238.6208464577794,1238.6208415552974,1238.6208456680179,878.1718093901873,878.1718213930726,878.1718116104603,878.171792820096,878.1718298345804,878.171796143055,878.1718135476112,479.63387812674046,479.63386860489845,479.6338667720556,479.63386541604996,479.6338617950678,479.63386231660843,479.63386280834675,4418.080012612045,4418.080003075302,4418.080008797348,4418.080008797348,4418.080039314926,4418.080006889999,4418.080012612045,5576.5640442073345,5576.563996523619,5576.564006060362,5576.5640289485455,5576.56403657794,5576.564027041197,5576.564025133848,11904.589406400919,11904.589360624552,11904.589368253946,11904.589387327433,11904.589383512735,11904.589394956827,11904.589364439249,17698.566766917706,17698.566793620586,17698.566736400127,17698.566755473614,17698.566736400127,17698.56673258543,17698.566770732403
2269.5,72.97609840426594,72.9760959148407,72.97609096765518,72.97610384970903,72.97610466182232,72.97609949111938,72.97610130161047,1238.6208549626172,1238.6208495274186,1238.6208478286862,1238.6208413690329,1238.6208464577794,1238.6208415552974,1238.6208456680179,878.1718093901873,878.1718213930726,878.1718116104603,878.171792820096,878.1718298345804,878.171796143055,878.1718135476112,479.63387812674046,479.63386860489845,479.6338667720556,479.63386541604996,479.6338617950678,479.63386231660843,479.63386280834675,4418.080012612045,4418.080003075302,4418.080008797348,4418.080008797348,4418.080039314926,4418.080006889999,4418.080012612045,5576.5640442073345,5576.563996523619,5576.564006060362,5576.5640289485455,5576.56403657794,5576.564027041197,5576.564025133848,11904.589406400919,11904.589360624552,11904.589368253946,11904.589387327433,11904.589383512735,11904.589394956827,11904.589364439249,17698.566766917706,17698.566793620586,17698.566736400127,17698.566755473614,17698.566736400127,17698.56673258543,17698.566770732403
2270.5,72.97609840426594,72.9760959148407,72.97609096765518,72.97610384970903,72.97610466182232,72.97609949111938,72.97610130161047,1238.6208549626172,1238.6208495274186,1238.6208478286862,1238.6208413690329,1238.6208464577794,1238.6208415552974,1238.6208456680179,878.1718093901873,878.1718213930726,878.1718116104603,878.171792820096,878.1718298345804,878.171796143055,878.1718135476112,479.63387812674046,479.63386860489845,479.6338667720556,479.63386541604996,479.6338617950678,479.63386231660843,479.63386280834675,4418.080012612045,4418.080003075302,4418.080008797348,4418.080008797348,4418.080039314926,4418.080006889999,4418.080012612045,5576.5640442073345,5576.563996523619,5576.564006060362,5576.5640289485455,5576.56403657794,5576.564027041197,5576.564025133848,11904.589406400919,11904.589360624552,11904.589368253946,11904.589387327433,11904.589383512735,11904.589394956827,11904.589364439249,17698.566766917706,17698.566793620586,17698.566736400127,17698.566755473614,17698.566736400127,17698.56673258543,17698.566770732403
2271.5,72.97609840426594,72.9760959148407,72.97609096765518,72.97610384970903,72.97610466182232,72.97609949111938,72.97610130161047,1238.6208549626172,1238.6208495274186,1238.6208478286862,1238.6208413690329,1238.6208464577794,1238.6208415552974,1238.6208456680179,878.1718093901873,878.1718213930726,878.1718116104603,878.171792820096,878.1718298345804,878.171796143055,878.1718135476112,479.63387812674046,479.63386860489845,479.6338667720556,479.63386541604996,479.6338617950678,479.63386231660843,479.63386280834675,4418.080012612045,4418.080003075302,4418.080008797348,4418.080008797348,4418.080039314926,4418.080006889999,4418.080012612045,5576.5640442073345,5576.563996523619,5576.564006060362,5576.5640289485455,5576.56403657794,5576.564027041197,5576.564025133848,11904.589406400919,11904.589360624552,11904.589368253946,11904.589387327433,11904.589383512735,11904.589394956827,11904.589364439249,17698.566766917706,17698.566793620586,17698.566736400127,17698.566755473614,17698.566736400127,17698.56673258543,17698.566770732403
2272.5,72.97609840426594,72.9760959148407,72.97609096765518,72.97610384970903,72.97610466182232,72.97609949111938,72.97610130161047,1238.6208549626172,1238.6208495274186,1238.6208478286862,1238.6208413690329,1238.6208464577794,1238.6208415552974,1238.6208456680179,878.1718093901873,878.1718213930726,878.1718116104603,878.171792820096,878.1718298345804,878.171796143055,878.1718135476112,479.63387812674046,479.63386860489845,479.6338667720556,479.63386541604996,479.6338617950678,479.63386231660843,479.63386280834675,4418.080012612045,4418.080003075302,4418.080008797348,4418.080008797348,4418.080039314926,4418.080006889999,4418.080012612045,5576.5640442073345,5576.563996523619,5576.564006060362,5576.5640289485455,5576.56403657794,5576.564027041197,5576.564025133848,11904.589406400919,11904.589360624552,11904.589368253946,11904.589387327433,11904.589383512735,11904.589394956827,11904.589364439249,17698.566766917706,17698.566793620586,17698.566736400127,17698.566755473614,17698.566736400127,17698.56673258543,17698.566770732403
2273.5,72.97609840426594,72.9760959148407,72.97609096765518,72.97610384970903,72.97610466182232,72.97609949111938,72.97610130161047,1238.6208549626172,1238.6208495274186,1238.6208478286862,1238.6208413690329,1238.6208464577794,1238.6208415552974,1238.6208456680179,878.1718093901873,878.1718213930726,878.1718116104603,878.171792820096,878.1718298345804,878.171796143055,878.1718135476112,479.63387812674046,479.63386860489845,479.6338667720556,479.63386541604996,479.6338617950678,479.63386231660843,479.63386280834675,4418.080012612045,4418.080003075302,4418.080008797348,4418.080008797348,4418.080039314926,4418.080006889999,4418.080012612045,5576.5640442073345,5576.563996523619,5576.564006060362,5576.5640289485455,5576.56403657794,5576.564027041197,5576.564025133848,11904.589406400919,11904.589360624552,11904.589368253946,11904.589387327433,11904.589383512735,11904.589394956827,11904.589364439249,17698.566766917706,17698.566793620586,17698.566736400127,17698.566755473614,17698.566736400127,17698.56673258543,17698.566770732403
2274.5,72.97609840426594,72.9760959148407,72.97609096765518,72.97610384970903,72.97610466182232,72.97609949111938,72.97610130161047,1238.6208549626172,1238.6208495274186,1238.6208478286862,1238.6208413690329,1238.6208464577794,1238.6208415552974,1238.6208456680179,878.1718093901873,878.1718213930726,878.1718116104603,878.171792820096,878.1718298345804,878.171796143055,878.1718135476112,479.63387812674046,479.63386860489845,479.6338667720556,479.63386541604996,479.6338617950678,479.63386231660843,479.63386280834675,4418.080012612045,4418.080003075302,4418.080008797348,4418.080008797348,4418.080039314926,4418.080006889999,4418.080012612045,5576.5640442073345,5576.563996523619,5576.564006060362,5576.5640289485455,5576.56403657794,5576.564027041197,5576.564025133848,11904.589406400919,11904.589360624552,11904.589368253946,11904.589387327433,11904.589383512735,11904.589394956827,11904.589364439249,17698.566766917706,17698.566793620586,17698.566736400127,17698.566755473614,17698.566736400127,17698.56673258543,17698.566770732403
2275.5,72.97609840426594,72.9760959148407,72.97609096765518,72.97610384970903,72.97610466182232,72.97609949111938,72.97610130161047,1238.6208549626172,1238.6208495274186,1238.6208478286862,1238.6208413690329,1238.6208464577794,1238.6208415552974,1238.6208456680179,878.1718093901873,878.1718213930726,878.1718116104603,878.171792820096,878.1718298345804,878.171796143055,878.1718135476112,479.63387812674046,479.63386860489845,479.6338667720556,479.63386541604996,479.6338617950678,479.63386231660843,479.63386280834675,4418.080012612045,4418.080003075302,4418.080008797348,4418.080008797348,4418.080039314926,4418.080006889999,4418.080012612045,5576.5640442073345,5576.563996523619,5576.564006060362,5576.5640289485455,5576.56403657794,5576.564027041197,5576.564025133848,11904.589406400919,11904.589360624552,11904.589368253946,11904.589387327433,11904.589383512735,11904.589394956827,11904.589364439249,17698.566766917706,17698.566793620586,17698.566736400127,17698.566755473614,17698.566736400127,17698.56673258543,17698.566770732403
2276.5,72.97609840426594,72.9760959148407,72.97609096765518,72.97610384970903,72.97610466182232,72.97609949111938,72.97610130161047,1238.6208549626172,1238.6208495274186,1238.6208478286862,1238.6208413690329,1238.6208464577794,1238.6208415552974,1238.6208456680179,878.1718093901873,878.1718213930726,878.1718116104603,878.171792820096,878.1718298345804,878.171796143055,878.1718135476112,479.63387812674046,479.63386860489845,479.6338667720556,479.63386541604996,479.6338617950678,479.63386231660843,479.63386280834675,4418.080012612045,4418.080003075302,4418.080008797348,4418.080008797348,4418.080039314926,4418.080006889999,4418.080012612045,5576.5640442073345,5576.563996523619,5576.564006060362,5576.5640289485455,5576.56403657794,5576.564027041197,5576.564025133848,11904.589406400919,11904.589360624552,11904.589368253946,11904.589387327433,11904.589383512735,11904.589394956827,11904.589364439249,17698.566766917706,17698.566793620586,17698.566736400127,17698.566755473614,17698.566736400127,17698.56673258543,17698.566770732403
2277.5,72.97609840426594,72.9760959148407,72.97609096765518,72.97610384970903,72.97610466182232,72.97609949111938,72.97610130161047,1238.6208549626172,1238.6208495274186,1238.6208478286862,1238.6208413690329,1238.6208464577794,1238.6208415552974,1238.6208456680179,878.1718093901873,878.1718213930726,878.1718116104603,878.171792820096,878.1718298345804,878.171796143055,878.1718135476112,479.63387812674046,479.63386860489845,479.6338667720556,479.63386541604996,479.6338617950678,479.63386231660843,479.63386280834675,4418.080012612045,4418.080003075302,4418.080008797348,4418.080008797348,4418.080039314926,4418.080006889999,4418.080012612045,5576.5640442073345,5576.563996523619,5576.564006060362,5576.5640289485455,5576.56403657794,5576.564027041197,5576.564025133848,11904.589406400919,11904.589360624552,11904.589368253946,11904.589387327433,11904.589383512735,11904.589394956827,11904.589364439249,17698.566766917706,17698.566793620586,17698.566736400127,17698.566755473614,17698.566736400127,17698.56673258543,17698.566770732403
2278.5,72.97609840426594,72.9760959148407,72.97609096765518,72.97610384970903,72.97610466182232,72.97609949111938,72.97610130161047,1238.6208549626172,1238.6208495274186,1238.6208478286862,1238.6208413690329,1238.6208464577794,1238.6208415552974,1238.6208456680179,878.1718093901873,878.1718213930726,878.1718116104603,878.171792820096,878.1718298345804,878.171796143055,878.1718135476112,479.63387812674046,479.63386860489845,479.6338667720556,479.63386541604996,479.6338617950678,479.63386231660843,479.63386280834675,4418.080012612045,4418.080003075302,4418.080008797348,4418.080008797348,4418.080039314926,4418.080006889999,4418.080012612045,5576.5640442073345,5576.563996523619,5576.564006060362,5576.5640289485455,5576.56403657794,5576.564027041197,5576.564025133848,11904.589406400919,11904.589360624552,11904.589368253946,11904.589387327433,11904.589383512735,11904.589394956827,11904.589364439249,17698.566766917706,17698.566793620586,17698.566736400127,17698.566755473614,17698.566736400127,17698.56673258543,17698.566770732403
2279.5,72.97609840426594,72.9760959148407,72.97609096765518,72.97610384970903,72.97610466182232,72.97609949111938,72.97610130161047,1238.6208549626172,1238.6208495274186,1238.6208478286862,1238.6208413690329,1238.6208464577794,1238.6208415552974,1238.6208456680179,878.1718093901873,878.1718213930726,878.1718116104603,878.171792820096,878.1718298345804,878.171796143055,878.1718135476112,479.63387812674046,479.63386860489845,479.6338667720556,479.63386541604996,479.6338617950678,479.63386231660843,479.63386280834675,4418.080012612045,4418.080003075302,4418.080008797348,4418.080008797348,4418.080039314926,4418.080006889999,4418.080012612045,5576.5640442073345,5576.563996523619,5576.564006060362,5576.5640289485455,5576.56403657794,5576.564027041197,5576.564025133848,11904.589406400919,11904.589360624552,11904.589368253946,11904.589387327433,11904.589383512735,11904.589394956827,11904.589364439249,17698.566766917706,17698.566793620586,17698.566736400127,17698.566755473614,17698.566736400127,17698.56673258543,17698.566770732403
2280.5,72.97609840426594,72.9760959148407,72.97609096765518,72.97610384970903,72.97610466182232,72.97609949111938,72.97610130161047,1238.6208549626172,1238.6208495274186,1238.6208478286862,1238.6208413690329,1238.6208464577794,1238.6208415552974,1238.6208456680179,878.1718093901873,878.1718213930726,878.1718116104603,878.171792820096,878.1718298345804,878.171796143055,878.1718135476112,479.63387812674046,479.63386860489845,479.6338667720556,479.63386541604996,479.6338617950678,479.63386231660843,479.63386280834675,4418.080012612045,4418.080003075302,4418.080008797348,4418.080008797348,4418.080039314926,4418.080006889999,4418.080012612045,5576.5640442073345,5576.563996523619,5576.564006060362,5576.5640289485455,5576.56403657794,5576.564027041197,5576.564025133848,11904.589406400919,11904.589360624552,11904.589368253946,11904.589387327433,11904.589383512735,11904.589394956827,11904.589364439249,17698.566766917706,17698.566793620586,17698.566736400127,17698.566755473614,17698.566736400127,17698.56673258543,17698.566770732403
2281.5,72.97609840426594,72.9760959148407,72.97609096765518,72.97610384970903,72.97610466182232,72.97609949111938,72.97610130161047,1238.6208549626172,1238.6208495274186,1238.6208478286862,1238.6208413690329,1238.6208464577794,1238.6208415552974,1238.6208456680179,878.1718093901873,878.1718213930726,878.1718116104603,878.171792820096,878.1718298345804,878.171796143055,878.1718135476112,479.63387812674046,479.63386860489845,479.6338667720556,479.63386541604996,479.6338617950678,479.63386231660843,479.63386280834675,4418.080012612045,4418.080003075302,4418.080008797348,4418.080008797348,4418.080039314926,4418.080006889999,4418.080012612045,5576.5640442073345,5576.563996523619,5576.564006060362,5576.5640289485455,5576.56403657794,5576.564027041197,5576.564025133848,11904.589406400919,11904.589360624552,11904.589368253946,11904.589387327433,11904.589383512735,11904.589394956827,11904.589364439249,17698.566766917706,17698.566793620586,17698.566736400127,17698.566755473614,17698.566736400127,17698.56673258543,17698.566770732403
2282.5,72.97609840426594,72.9760959148407,72.97609096765518,72.97610384970903,72.97610466182232,72.97609949111938,72.97610130161047,1238.6208549626172,1238.6208495274186,1238.6208478286862,1238.6208413690329,1238.6208464577794,1238.6208415552974,1238.6208456680179,878.1718093901873,878.1718213930726,878.1718116104603,878.171792820096,878.1718298345804,878.171796143055,878.1718135476112,479.63387812674046,479.63386860489845,479.6338667720556,479.63386541604996,479.6338617950678,479.63386231660843,479.63386280834675,4418.080012612045,4418.080003075302,4418.080008797348,4418.080008797348,4418.080039314926,4418.080006889999,4418.080012612045,5576.5640442073345,5576.563996523619,5576.564006060362,5576.5640289485455,5576.56403657794,5576.564027041197,5576.564025133848,11904.589406400919,11904.589360624552,11904.589368253946,11904.589387327433,11904.589383512735,11904.589394956827,11904.589364439249,17698.566766917706,17698.566793620586,17698.566736400127,17698.566755473614,17698.566736400127,17698.56673258543,17698.566770732403
2283.5,72.97609840426594,72.9760959148407,72.97609096765518,72.97610384970903,72.97610466182232,72.97609949111938,72.97610130161047,1238.6208549626172,1238.6208495274186,1238.6208478286862,1238.6208413690329,1238.6208464577794,1238.6208415552974,1238.6208456680179,878.1718093901873,878.1718213930726,878.1718116104603,878.171792820096,878.1718298345804,878.171796143055,878.1718135476112,479.63387812674046,479.63386860489845,479.6338667720556,479.63386541604996,479.6338617950678,479.63386231660843,479.63386280834675,4418.080012612045,4418.080003075302,4418.080008797348,4418.080008797348,4418.080039314926,4418.080006889999,4418.080012612045,5576.5640442073345,5576.563996523619,5576.564006060362,5576.5640289485455,5576.56403657794,5576.564027041197,5576.564025133848,11904.589406400919,11904.589360624552,11904.589368253946,11904.589387327433,11904.589383512735,11904.589394956827,11904.589364439249,17698.566766917706,17698.566793620586,17698.566736400127,17698.566755473614,17698.566736400127,17698.56673258543,17698.566770732403
2284.5,72.97609840426594,72.9760959148407,72.97609096765518,72.97610384970903,72.97610466182232,72.97609949111938,72.97610130161047,1238.6208549626172,1238.6208495274186,1238.6208478286862,1238.6208413690329,1238.6208464577794,1238.6208415552974,1238.6208456680179,878.1718093901873,878.1718213930726,878.1718116104603,878.171792820096,878.1718298345804,878.171796143055,878.1718135476112,479.63387812674046,479.63386860489845,479.6338667720556,479.63386541604996,479.6338617950678,479.63386231660843,479.63386280834675,4418.080012612045,4418.080003075302,4418.080008797348,4418.080008797348,4418.080039314926,4418.080006889999,4418.080012612045,5576.5640442073345,5576.563996523619,5576.564006060362,5576.5640289485455,5576.56403657794,5576.564027041197,5576.564025133848,11904.589406400919,11904.589360624552,11904.589368253946,11904.589387327433,11904.589383512735,11904.589394956827,11904.589364439249,17698.566766917706,17698.566793620586,17698.566736400127,17698.566755473614,17698.566736400127,17698.56673258543,17698.566770732403
2285.5,72.97609840426594,72.9760959148407,72.97609096765518,72.97610384970903,72.97610466182232,72.97609949111938,72.97610130161047,1238.6208549626172,1238.6208495274186,1238.6208478286862,1238.6208413690329,1238.6208464577794,1238.6208415552974,1238.6208456680179,878.1718093901873,878.1718213930726,878.1718116104603,878.171792820096,878.1718298345804,878.171796143055,878.1718135476112,479.63387812674046,479.63386860489845,479.6338667720556,479.63386541604996,479.6338617950678,479.63386231660843,479.63386280834675,4418.080012612045,4418.080003075302,4418.080008797348,4418.080008797348,4418.080039314926,4418.080006889999,4418.080012612045,5576.5640442073345,5576.563996523619,5576.564006060362,5576.5640289485455,5576.56403657794,5576.564027041197,5576.564025133848,11904.589406400919,11904.589360624552,11904.589368253946,11904.589387327433,11904.589383512735,11904.589394956827,11904.589364439249,17698.566766917706,17698.566793620586,17698.566736400127,17698.566755473614,17698.566736400127,17698.56673258543,17698.566770732403
2286.5,72.97609840426594,72.9760959148407,72.97609096765518,72.97610384970903,72.97610466182232,72.97609949111938,72.97610130161047,1238.6208549626172,1238.6208495274186,1238.6208478286862,1238.6208413690329,1238.6208464577794,1238.6208415552974,1238.6208456680179,878.1718093901873,878.1718213930726,878.1718116104603,878.171792820096,878.1718298345804,878.171796143055,878.1718135476112,479.63387812674046,479.63386860489845,479.6338667720556,479.63386541604996,479.6338617950678,479.63386231660843,479.63386280834675,4418.080012612045,4418.080003075302,4418.080008797348,4418.080008797348,4418.080039314926,4418.080006889999,4418.080012612045,5576.5640442073345,5576.563996523619,5576.564006060362,5576.5640289485455,5576.56403657794,5576.564027041197,5576.564025133848,11904.589406400919,11904.589360624552,11904.589368253946,11904.589387327433,11904.589383512735,11904.589394956827,11904.589364439249,17698.566766917706,17698.566793620586,17698.566736400127,17698.566755473614,17698.566736400127,17698.56673258543,17698.566770732403
2287.5,72.97609840426594,72.9760959148407,72.97609096765518,72.97610384970903,72.97610466182232,72.97609949111938,72.97610130161047,1238.6208549626172,1238.6208495274186,1238.6208478286862,1238.6208413690329,1238.6208464577794,1238.6208415552974,1238.6208456680179,878.1718093901873,878.1718213930726,878.1718116104603,878.171792820096,878.1718298345804,878.171796143055,878.1718135476112,479.63387812674046,479.63386860489845,479.6338667720556,479.63386541604996,479.6338617950678,479.63386231660843,479.63386280834675,4418.080012612045,4418.080003075302,4418.080008797348,4418.080008797348,4418.080039314926,4418.080006889999,4418.080012612045,5576.5640442073345,5576.563996523619,5576.564006060362,5576.5640289485455,5576.56403657794,5576.564027041197,5576.564025133848,11904.589406400919,11904.589360624552,11904.589368253946,11904.589387327433,11904.589383512735,11904.589394956827,11904.589364439249,17698.566766917706,17698.566793620586,17698.566736400127,17698.566755473614,17698.566736400127,17698.56673258543,17698.566770732403
2288.5,72.97609840426594,72.9760959148407,72.97609096765518,72.97610384970903,72.97610466182232,72.97609949111938,72.97610130161047,1238.6208549626172,1238.6208495274186,1238.6208478286862,1238.6208413690329,1238.6208464577794,1238.6208415552974,1238.6208456680179,878.1718093901873,878.1718213930726,878.1718116104603,878.171792820096,878.1718298345804,878.171796143055,878.1718135476112,479.63387812674046,479.63386860489845,479.6338667720556,479.63386541604996,479.6338617950678,479.63386231660843,479.63386280834675,4418.080012612045,4418.080003075302,4418.080008797348,4418.080008797348,4418.080039314926,4418.080006889999,4418.080012612045,5576.5640442073345,5576.563996523619,5576.564006060362,5576.5640289485455,5576.56403657794,5576.564027041197,5576.564025133848,11904.589406400919,11904.589360624552,11904.589368253946,11904.589387327433,11904.589383512735,11904.589394956827,11904.589364439249,17698.566766917706,17698.566793620586,17698.566736400127,17698.566755473614,17698.566736400127,17698.56673258543,17698.566770732403
2289.5,72.97609840426594,72.9760959148407,72.97609096765518,72.97610384970903,72.97610466182232,72.97609949111938,72.97610130161047,1238.6208549626172,1238.6208495274186,1238.6208478286862,1238.6208413690329,1238.6208464577794,1238.6208415552974,1238.6208456680179,878.1718093901873,878.1718213930726,878.1718116104603,878.171792820096,878.1718298345804,878.171796143055,878.1718135476112,479.63387812674046,479.63386860489845,479.6338667720556,479.63386541604996,479.6338617950678,479.63386231660843,479.63386280834675,4418.080012612045,4418.080003075302,4418.080008797348,4418.080008797348,4418.080039314926,4418.080006889999,4418.080012612045,5576.5640442073345,5576.563996523619,5576.564006060362,5576.5640289485455,5576.56403657794,5576.564027041197,5576.564025133848,11904.589406400919,11904.589360624552,11904.589368253946,11904.589387327433,11904.589383512735,11904.589394956827,11904.589364439249,17698.566766917706,17698.566793620586,17698.566736400127,17698.566755473614,17698.566736400127,17698.56673258543,17698.566770732403
2290.5,72.97609840426594,72.9760959148407,72.97609096765518,72.97610384970903,72.97610466182232,72.97609949111938,72.97610130161047,1238.6208549626172,1238.6208495274186,1238.6208478286862,1238.6208413690329,1238.6208464577794,1238.6208415552974,1238.6208456680179,878.1718093901873,878.1718213930726,878.1718116104603,878.171792820096,878.1718298345804,878.171796143055,878.1718135476112,479.63387812674046,479.63386860489845,479.6338667720556,479.63386541604996,479.6338617950678,479.63386231660843,479.63386280834675,4418.080012612045,4418.080003075302,4418.080008797348,4418.080008797348,4418.080039314926,4418.080006889999,4418.080012612045,5576.5640442073345,5576.563996523619,5576.564006060362,5576.5640289485455,5576.56403657794,5576.564027041197,5576.564025133848,11904.589406400919,11904.589360624552,11904.589368253946,11904.589387327433,11904.589383512735,11904.589394956827,11904.589364439249,17698.566766917706,17698.566793620586,17698.566736400127,17698.566755473614,17698.566736400127,17698.56673258543,17698.566770732403
2291.5,72.97609840426594,72.9760959148407,72.97609096765518,72.97610384970903,72.97610466182232,72.97609949111938,72.97610130161047,1238.6208549626172,1238.6208495274186,1238.6208478286862,1238.6208413690329,1238.6208464577794,1238.6208415552974,1238.6208456680179,878.1718093901873,878.1718213930726,878.1718116104603,878.171792820096,878.1718298345804,878.171796143055,878.1718135476112,479.63387812674046,479.63386860489845,479.6338667720556,479.63386541604996,479.6338617950678,479.63386231660843,479.63386280834675,4418.080012612045,4418.080003075302,4418.080008797348,4418.080008797348,4418.080039314926,4418.080006889999,4418.080012612045,5576.5640442073345,5576.563996523619,5576.564006060362,5576.5640289485455,5576.56403657794,5576.564027041197,5576.564025133848,11904.589406400919,11904.589360624552,11904.589368253946,11904.589387327433,11904.589383512735,11904.589394956827,11904.589364439249,17698.566766917706,17698.566793620586,17698.566736400127,17698.566755473614,17698.566736400127,17698.56673258543,17698.566770732403
2292.5,72.97609840426594,72.9760959148407,72.97609096765518,72.97610384970903,72.97610466182232,72.97609949111938,72.97610130161047,1238.6208549626172,1238.6208495274186,1238.6208478286862,1238.6208413690329,1238.6208464577794,1238.6208415552974,1238.6208456680179,878.1718093901873,878.1718213930726,878.1718116104603,878.171792820096,878.1718298345804,878.171796143055,878.1718135476112,479.63387812674046,479.63386860489845,479.6338667720556,479.63386541604996,479.6338617950678,479.63386231660843,479.63386280834675,4418.080012612045,4418.080003075302,4418.080008797348,4418.080008797348,4418.080039314926,4418.080006889999,4418.080012612045,5576.5640442073345,5576.563996523619,5576.564006060362,5576.5640289485455,5576.56403657794,5576.564027041197,5576.564025133848,11904.589406400919,11904.589360624552,11904.589368253946,11904.589387327433,11904.589383512735,11904.589394956827,11904.589364439249,17698.566766917706,17698.566793620586,17698.566736400127,17698.566755473614,17698.566736400127,17698.56673258543,17698.566770732403
2293.5,72.97609840426594,72.9760959148407,72.97609096765518,72.97610384970903,72.97610466182232,72.97609949111938,72.97610130161047,1238.6208549626172,1238.6208495274186,1238.6208478286862,1238.6208413690329,1238.6208464577794,1238.6208415552974,1238.6208456680179,878.1718093901873,878.1718213930726,878.1718116104603,878.171792820096,878.1718298345804,878.171796143055,878.1718135476112,479.63387812674046,479.63386860489845,479.6338667720556,479.63386541604996,479.6338617950678,479.63386231660843,479.63386280834675,4418.080012612045,4418.080003075302,4418.080008797348,4418.080008797348,4418.080039314926,4418.080006889999,4418.080012612045,5576.5640442073345,5576.563996523619,5576.564006060362,5576.5640289485455,5576.56403657794,5576.564027041197,5576.564025133848,11904.589406400919,11904.589360624552,11904.589368253946,11904.589387327433,11904.589383512735,11904.589394956827,11904.589364439249,17698.566766917706,17698.566793620586,17698.566736400127,17698.566755473614,17698.566736400127,17698.56673258543,17698.566770732403
2294.5,72.97609840426594,72.9760959148407,72.97609096765518,72.97610384970903,72.97610466182232,72.97609949111938,72.97610130161047,1238.6208549626172,1238.6208495274186,1238.6208478286862,1238.6208413690329,1238.6208464577794,1238.6208415552974,1238.6208456680179,878.1718093901873,878.1718213930726,878.1718116104603,878.171792820096,878.1718298345804,878.171796143055,878.1718135476112,479.63387812674046,479.63386860489845,479.6338667720556,479.63386541604996,479.6338617950678,479.63386231660843,479.63386280834675,4418.080012612045,4418.080003075302,4418.080008797348,4418.080008797348,4418.080039314926,4418.080006889999,4418.080012612045,5576.5640442073345,5576.563996523619,5576.564006060362,5576.5640289485455,5576.56403657794,5576.564027041197,5576.564025133848,11904.589406400919,11904.589360624552,11904.589368253946,11904.589387327433,11904.589383512735,11904.589394956827,11904.589364439249,17698.566766917706,17698.566793620586,17698.566736400127,17698.566755473614,17698.566736400127,17698.56673258543,17698.566770732403
2295.5,72.97609840426594,72.9760959148407,72.97609096765518,72.97610384970903,72.97610466182232,72.97609949111938,72.97610130161047,1238.6208549626172,1238.6208495274186,1238.6208478286862,1238.6208413690329,1238.6208464577794,1238.6208415552974,1238.6208456680179,878.1718093901873,878.1718213930726,878.1718116104603,878.171792820096,878.1718298345804,878.171796143055,878.1718135476112,479.63387812674046,479.63386860489845,479.6338667720556,479.63386541604996,479.6338617950678,479.63386231660843,479.63386280834675,4418.080012612045,4418.080003075302,4418.080008797348,4418.080008797348,4418.080039314926,4418.080006889999,4418.080012612045,5576.5640442073345,5576.563996523619,5576.564006060362,5576.5640289485455,5576.56403657794,5576.564027041197,5576.564025133848,11904.589406400919,11904.589360624552,11904.589368253946,11904.589387327433,11904.589383512735,11904.589394956827,11904.589364439249,17698.566766917706,17698.566793620586,17698.566736400127,17698.566755473614,17698.566736400127,17698.56673258543,17698.566770732403
2296.5,72.97609840426594,72.9760959148407,72.97609096765518,72.97610384970903,72.97610466182232,72.97609949111938,72.97610130161047,1238.6208549626172,1238.6208495274186,1238.6208478286862,1238.6208413690329,1238.6208464577794,1238.6208415552974,1238.6208456680179,878.1718093901873,878.1718213930726,878.1718116104603,878.171792820096,878.1718298345804,878.171796143055,878.1718135476112,479.63387812674046,479.63386860489845,479.6338667720556,479.63386541604996,479.6338617950678,479.63386231660843,479.63386280834675,4418.080012612045,4418.080003075302,4418.080008797348,4418.080008797348,4418.080039314926,4418.080006889999,4418.080012612045,5576.5640442073345,5576.563996523619,5576.564006060362,5576.5640289485455,5576.56403657794,5576.564027041197,5576.564025133848,11904.589406400919,11904.589360624552,11904.589368253946,11904.589387327433,11904.589383512735,11904.589394956827,11904.589364439249,17698.566766917706,17698.566793620586,17698.566736400127,17698.566755473614,17698.566736400127,17698.56673258543,17698.566770732403
2297.5,72.97609840426594,72.9760959148407,72.97609096765518,72.97610384970903,72.97610466182232,72.97609949111938,72.97610130161047,1238.6208549626172,1238.6208495274186,1238.6208478286862,1238.6208413690329,1238.6208464577794,1238.6208415552974,1238.6208456680179,878.1718093901873,878.1718213930726,878.1718116104603,878.171792820096,878.1718298345804,878.171796143055,878.1718135476112,479.63387812674046,479.63386860489845,479.6338667720556,479.63386541604996,479.6338617950678,479.63386231660843,479.63386280834675,4418.080012612045,4418.080003075302,4418.080008797348,4418.080008797348,4418.080039314926,4418.080006889999,4418.080012612045,5576.5640442073345,5576.563996523619,5576.564006060362,5576.5640289485455,5576.56403657794,5576.564027041197,5576.564025133848,11904.589406400919,11904.589360624552,11904.589368253946,11904.589387327433,11904.589383512735,11904.589394956827,11904.589364439249,17698.566766917706,17698.566793620586,17698.566736400127,17698.566755473614,17698.566736400127,17698.56673258543,17698.566770732403
2298.5,72.97609840426594,72.9760959148407,72.97609096765518,72.97610384970903,72.97610466182232,72.97609949111938,72.97610130161047,1238.6208549626172,1238.6208495274186,1238.6208478286862,1238.6208413690329,1238.6208464577794,1238.6208415552974,1238.6208456680179,878.1718093901873,878.1718213930726,878.1718116104603,878.171792820096,878.1718298345804,878.171796143055,878.1718135476112,479.63387812674046,479.63386860489845,479.6338667720556,479.63386541604996,479.6338617950678,479.63386231660843,479.63386280834675,4418.080012612045,4418.080003075302,4418.080008797348,4418.080008797348,4418.080039314926,4418.080006889999,4418.080012612045,5576.5640442073345,5576.563996523619,5576.564006060362,5576.5640289485455,5576.56403657794,5576.564027041197,5576.564025133848,11904.589406400919,11904.589360624552,11904.589368253946,11904.589387327433,11904.589383512735,11904.589394956827,11904.589364439249,17698.566766917706,17698.566793620586,17698.566736400127,17698.566755473614,17698.566736400127,17698.56673258543,17698.566770732403
2299.5,72.97609840426594,72.9760959148407,72.97609096765518,72.97610384970903,72.97610466182232,72.97609949111938,72.97610130161047,1238.6208549626172,1238.6208495274186,1238.6208478286862,1238.6208413690329,1238.6208464577794,1238.6208415552974,1238.6208456680179,878.1718093901873,878.1718213930726,878.1718116104603,878.171792820096,878.1718298345804,878.171796143055,878.1718135476112,479.63387812674046,479.63386860489845,479.6338667720556,479.63386541604996,479.6338617950678,479.63386231660843,479.63386280834675,4418.080012612045,4418.080003075302,4418.080008797348,4418.080008797348,4418.080039314926,4418.080006889999,4418.080012612045,5576.5640442073345,5576.563996523619,5576.564006060362,5576.5640289485455,5576.56403657794,5576.564027041197,5576.564025133848,11904.589406400919,11904.589360624552,11904.589368253946,11904.589387327433,11904.589383512735,11904.589394956827,11904.589364439249,17698.566766917706,17698.566793620586,17698.566736400127,17698.566755473614,17698.566736400127,17698.56673258543,17698.566770732403
2300.5,72.97609840426594,72.9760959148407,72.97609096765518,72.97610384970903,72.97610466182232,72.97609949111938,72.97610130161047,1238.6208549626172,1238.6208495274186,1238.6208478286862,1238.6208413690329,1238.6208464577794,1238.6208415552974,1238.6208456680179,878.1718093901873,878.1718213930726,878.1718116104603,878.171792820096,878.1718298345804,878.171796143055,878.1718135476112,479.63387812674046,479.63386860489845,479.6338667720556,479.63386541604996,479.6338617950678,479.63386231660843,479.63386280834675,4418.080012612045,4418.080003075302,4418.080008797348,4418.080008797348,4418.080039314926,4418.080006889999,4418.080012612045,5576.5640442073345,5576.563996523619,5576.564006060362,5576.5640289485455,5576.56403657794,5576.564027041197,5576.564025133848,11904.589406400919,11904.589360624552,11904.589368253946,11904.589387327433,11904.589383512735,11904.589394956827,11904.589364439249,17698.566766917706,17698.566793620586,17698.566736400127,17698.566755473614,17698.566736400127,17698.56673258543,17698.566770732403
