time,ssp119 - sce1,ssp119 - sce2,ssp119 - sce3,ssp119 - sce4,ssp119 - sce5,ssp119 - sce6,ssp126 - sce1,ssp126 - sce2,ssp126 - sce3,ssp126 - sce4,ssp126 - sce5,ssp126 - sce6,ssp534 - sce1,ssp534 - sce2,ssp534 - sce3,ssp534 - sce4,ssp534 - sce5,ssp534 - sce6,ssp434 - sce1,ssp434 - sce2,ssp434 - sce3,ssp434 - sce4,ssp434 - sce5,ssp434 - sce6,ssp245 - sce1,ssp245 - sce2,ssp245 - sce3,ssp245 - sce4,ssp245 - sce5,ssp245 - sce6,ssp460 - sce1,ssp460 - sce2,ssp460 - sce3,ssp460 - sce4,ssp460 - sce5,ssp460 - sce6,ssp370 - sce1,ssp370 - sce2,ssp370 - sce3,ssp370 - sce4,ssp370 - sce5,ssp370 - sce6,ssp585 - sce1,ssp585 - sce2,ssp585 - sce3,ssp585 - sce4,ssp585 - sce5,ssp585 - sce6
2015.5,0.0,0.0,0.0,0.0,0.0,0.0,0.0,0.0,0.0,0.0,0.0,0.0,0.0,0.0,0.0,0.0,0.0,0.0,0.0,0.0,0.0,0.0,0.0,0.0,0.0,0.0,0.0,0.0,0.0,0.0,0.0,0.0,0.0,0.0,0.0,0.0,0.0,0.0,0.0,0.0,0.0,0.0,0.0,0.0,0.0,0.0,0.0,0.0
2016.5,0.0,0.0,0.0,0.0,0.0,0.0,0.0,0.0,0.0,0.0,0.0,0.0,0.0,0.0,0.0,0.0,0.0,0.0,0.0,0.0,0.0,0.0,0.0,0.0,0.0,0.0,0.0,0.0,0.0,0.0,0.0,0.0,0.0,0.0,0.0,0.0,0.0,0.0,0.0,0.0,0.0,0.0,0.0,0.0,0.0,0.0,0.0,0.0
2017.5,0.0,0.0,0.0,0.0,0.0,0.0,0.0,0.0,0.0,0.0,0.0,0.0,0.0,0.0,0.0,0.0,0.0,0.0,0.0,0.0,0.0,0.0,0.0,0.0,0.0,0.0,0.0,0.0,0.0,0.0,0.0,0.0,0.0,0.0,0.0,0.0,0.0,0.0,0.0,0.0,0.0,0.0,0.0,0.0,0.0,0.0,0.0,0.0
2018.5,0.0,0.0,0.0,0.0,0.0,0.0,0.0,0.0,0.0,0.0,0.0,0.0,0.0,0.0,0.0,0.0,0.0,0.0,0.0,0.0,0.0,0.0,0.0,0.0,0.0,0.0,0.0,0.0,0.0,0.0,0.0,0.0,0.0,0.0,0.0,0.0,0.0,0.0,0.0,0.0,0.0,0.0,0.0,0.0,0.0,0.0,0.0,0.0
2019.5,0.0,0.0,0.0,0.0,0.0,0.0,0.0,0.0,0.0,0.0,0.0,0.0,0.0,0.0,0.0,0.0,0.0,0.0,0.0,0.0,0.0,0.0,0.0,0.0,0.0,0.0,0.0,0.0,0.0,0.0,0.0,0.0,0.0,0.0,0.0,0.0,0.0,0.0,0.0,0.0,0.0,0.0,0.0,0.0,0.0,0.0,0.0,0.0
2020.5,-8.9645386e-05,-8.9645386e-05,-0.00019073486,-0.00019073486,-9.727478e-05,-9.727478e-05,4.196167e-05,4.196167e-05,2.861023e-06,2.861023e-06,-4.7683716e-06,-4.7683716e-06,-0.0001335144,-0.0001335144,0.00029277802,0.00029277802,6.2942505e-05,6.2942505e-05,-4.005432e-05,-4.005432e-05,-1.9073486e-05,-1.9073486e-05,9.250641e-05,9.250641e-05,2.193451e-05,2.193451e-05,6.198883e-05,6.198883e-05,0.00010204315,0.00010204315,0.00012207031,0.00012207031,5.054474e-05,5.054474e-05,0.00018882751,0.00018882751,9.536743e-05,9.536743e-05,7.343292e-05,7.343292e-05,-0.00014972687,-0.00014972687,-1.2397766e-05,-1.2397766e-05,-2.3841858e-05,-2.3841858e-05,-5.8174133e-05,-5.8174133e-05
2021.5,-0.0003452301,-0.0003452301,-0.0010652542,-0.0010652542,-0.0006532669,-0.0006532669,0.00016403198,0.00016403198,-0.00036907196,-0.00036907196,-0.00031661987,-0.00031661987,-6.580353e-05,-6.580353e-05,0.00029277802,0.00029277802,-0.00031089783,-0.00031089783,0.00013637543,0.00013637543,-0.0008049011,-0.0008049011,-0.00021266937,-0.00021266937,-0.00065517426,-0.00065517426,-0.00065135956,-0.00065135956,-0.00040340424,-0.00040340424,-0.00048160553,-0.00048160553,1.2397766e-05,1.2397766e-05,-1.6212463e-05,-1.6212463e-05,-0.00029277802,-0.00029277802,-0.00046348572,-0.00046348572,-0.00040531158,-0.00040531158,-0.0004529953,-0.0004529953,-0.0007791519,-0.0007791519,-0.00050354004,-0.00050354004
2022.5,-5.1498413e-05,-5.1498413e-05,-0.0002527237,-0.0002527237,-0.0007362366,-0.0007362366,-0.0001296997,-0.0001296997,-0.00024604797,-0.00024604797,-0.0011510849,-0.0011510849,0.00063323975,0.00063323975,-0.00025558472,-0.00025558472,8.583069e-05,8.583069e-05,-1.7166138e-05,-1.7166138e-05,-0.0005054474,-0.0005054474,-0.0009021759,-0.0009021759,-0.0001335144,-0.0001335144,-0.0008382797,-0.0008382797,-0.0011825562,-0.0011825562,-0.0005207062,-0.0005207062,-0.0009317398,-0.0009317398,-0.00064086914,-0.00064086914,7.8201294e-05,7.8201294e-05,-0.00044727325,-0.00044727325,-0.0009584427,-0.0009584427,5.722046e-05,5.722046e-05,-0.000497818,-0.000497818,-0.0010318756,-0.0010318756
2023.5,-0.00081443787,-0.00081443787,-0.0010251999,-0.0010251999,-0.0018806458,-0.0018806458,-0.0002975464,-0.0002975464,-0.0005464554,-0.0005464554,-0.0015077591,-0.0015077591,-0.0011034012,-0.0011034012,-0.0008211136,-0.0008211136,-0.0020618439,-0.0020618439,-0.00042247772,-0.00042247772,-0.0003156662,-0.0003156662,-0.00092697144,-0.00092697144,-0.0011644363,-0.0011644363,-0.0013961792,-0.0013961792,-0.0024461746,-0.0024461746,-0.0005836487,-0.0005836487,-0.0011730194,-0.0011730194,-0.0017166138,-0.0017166138,-0.0014457703,-0.0014457703,-0.0012636185,-0.0012636185,-0.0019512177,-0.0019512177,9.918213e-05,9.918213e-05,-0.0010061264,-0.0010061264,-0.0015630722,-0.0015630722
2024.5,-0.0025901794,-0.0025901794,-0.0018796921,-0.0018796921,-0.0037240982,-0.0037240982,-0.0007123947,-0.0007123947,-0.002248764,-0.002248764,-0.0026569366,-0.0026569366,-0.0016956329,-0.0016956329,-0.0029459,-0.0029459,-0.0034341812,-0.0034341812,-0.00037956238,-0.00037956238,-0.0012788773,-0.0012788773,-0.0019426346,-0.0019426346,-0.0006246567,-0.0006246567,-0.0013990402,-0.0013990402,-0.0027399063,-0.0027399063,-0.00092983246,-0.00092983246,-0.00248909,-0.00248909,-0.0026159286,-0.0026159286,-0.0012569427,-0.0012569427,-0.0020179749,-0.0020179749,-0.0025615692,-0.0025615692,6.580353e-05,6.580353e-05,-0.0007276535,-0.0007276535,-0.001988411,-0.001988411
2025.5,-0.0019979477,-0.0019979477,-0.0034770966,-0.0034770966,-0.004886627,-0.004886627,-0.0008068085,-0.0008068085,-0.0028333664,-0.0028333664,-0.0045604706,-0.0045604706,-0.0017976761,-0.0017976761,-0.0040273666,-0.0040273666,-0.005030632,-0.005030632,-0.0004348755,-0.0004348755,-0.0019989014,-0.0019989014,-0.002957344,-0.002957344,-0.0013484955,-0.0013484955,-0.0027971268,-0.0027971268,-0.004655838,-0.004655838,-0.0012264252,-0.0012264252,-0.002773285,-0.002773285,-0.003572464,-0.003572464,-0.0007209778,-0.0007209778,-0.0031814575,-0.0031814575,-0.004673958,-0.004673958,-0.0024728775,-0.0024728775,-0.0025777817,-0.0025777817,-0.004293442,-0.004293442
2026.5,-0.0020990372,-0.0020990372,-0.0046339035,-0.0046339035,-0.00612545,-0.00612545,-0.0022258759,-0.0022258759,-0.003967285,-0.003967285,-0.006585121,-0.006585121,-0.0012731552,-0.0012731552,-0.0046167374,-0.0046167374,-0.0066537857,-0.0066537857,-0.0026302338,-0.0026302338,-0.0029525757,-0.0029525757,-0.0066108704,-0.0066108704,-0.00157547,-0.00157547,-0.003824234,-0.003824234,-0.007209778,-0.007209778,-0.0021829605,-0.0021829605,-0.0037431717,-0.0037431717,-0.005757332,-0.005757332,-0.0019292831,-0.0019292831,-0.004016876,-0.004016876,-0.006462097,-0.006462097,-0.0031147003,-0.0031147003,-0.004500389,-0.004500389,-0.0067768097,-0.0067768097
2027.5,-0.002064705,-0.002064705,-0.005996704,-0.005996704,-0.008349419,-0.008349419,-0.003876686,-0.003876686,-0.006046295,-0.006046295,-0.009425163,-0.009425163,-0.0029029846,-0.0029029846,-0.005835533,-0.005835533,-0.009041786,-0.009041786,-0.003323555,-0.003323555,-0.0064315796,-0.0064315796,-0.008970261,-0.008970261,-0.0037269592,-0.0037269592,-0.0073547363,-0.0073547363,-0.010299683,-0.010299683,-0.0029821396,-0.0029821396,-0.0061273575,-0.0061273575,-0.0085840225,-0.0085840225,-0.0043792725,-0.0043792725,-0.0068387985,-0.0068387985,-0.009475708,-0.009475708,-0.004266739,-0.004266739,-0.0070762634,-0.0070762634,-0.010057449,-0.010057449
2028.5,-0.003504753,-0.003504753,-0.00795269,-0.00795269,-0.01203537,-0.01203537,-0.0045728683,-0.0045728683,-0.007381439,-0.007381439,-0.0131492615,-0.0131492615,-0.004146576,-0.004146576,-0.00885582,-0.00885582,-0.012494087,-0.012494087,-0.0036716461,-0.0036716461,-0.0076475143,-0.0076475143,-0.011600494,-0.011600494,-0.004468918,-0.004468918,-0.00848484,-0.00848484,-0.011598587,-0.011598587,-0.005065918,-0.005065918,-0.008446693,-0.008446693,-0.012329102,-0.012329102,-0.005003929,-0.005003929,-0.008686066,-0.008686066,-0.012714386,-0.012714386,-0.00508976,-0.00508976,-0.008295059,-0.008295059,-0.011672974,-0.011672974
2029.5,-0.005329132,-0.005329132,-0.009739876,-0.009739876,-0.015365601,-0.015365601,-0.005098343,-0.005098343,-0.010478973,-0.010478973,-0.015730858,-0.015730858,-0.0051584244,-0.0051584244,-0.010773659,-0.010773659,-0.015706062,-0.015706062,-0.0052375793,-0.0052375793,-0.010183334,-0.010183334,-0.015307426,-0.015307426,-0.0057020187,-0.0057020187,-0.010680199,-0.010680199,-0.01616478,-0.01616478,-0.0058984756,-0.0058984756,-0.010338783,-0.010338783,-0.015541077,-0.015541077,-0.0054864883,-0.0054864883,-0.00997448,-0.00997448,-0.014808655,-0.014808655,-0.0059490204,-0.0059490204,-0.011422157,-0.011422157,-0.015773773,-0.015773773
2030.5,-0.0060834885,-0.0060834885,-0.012373924,-0.012373924,-0.017942429,-0.017942429,-0.00696373,-0.00696373,-0.013624191,-0.013624191,-0.019906998,-0.019906998,-0.0065870285,-0.0065870285,-0.0129442215,-0.0129442215,-0.019557953,-0.019557953,-0.0067949295,-0.0067949295,-0.01329422,-0.01329422,-0.018285751,-0.018285751,-0.0070648193,-0.0070648193,-0.013373375,-0.013373375,-0.02029705,-0.02029705,-0.0071086884,-0.0071086884,-0.013106346,-0.013106346,-0.019816399,-0.019816399,-0.006532669,-0.006532669,-0.013139725,-0.013139725,-0.01943016,-0.01943016,-0.006696701,-0.006696701,-0.013681412,-0.013681412,-0.018375397,-0.018375397
2031.5,-0.007912636,-0.007935524,-0.015674591,-0.01569271,-0.023791313,-0.023711205,-0.0084171295,-0.008348465,-0.01556015,-0.015714645,-0.024131775,-0.024411201,-0.0069875717,-0.0070524216,-0.014927864,-0.014946938,-0.023015976,-0.022992134,-0.008572578,-0.008543968,-0.01647091,-0.016558647,-0.023145676,-0.02310276,-0.00878334,-0.00869751,-0.016695976,-0.016679764,-0.024723053,-0.024744034,-0.008257866,-0.008255005,-0.01586914,-0.015885353,-0.023792267,-0.023812294,-0.008095741,-0.007963181,-0.01472187,-0.014611244,-0.022575378,-0.022532463,-0.008184433,-0.008044243,-0.01640129,-0.016418457,-0.022688866,-0.022732735
2032.5,-0.010333061,-0.010025978,-0.017699242,-0.018110275,-0.02769947,-0.02797699,-0.009640694,-0.0098629,-0.019233704,-0.019288063,-0.029958725,-0.02963543,-0.009877205,-0.010124207,-0.01892376,-0.018622398,-0.02845192,-0.028229713,-0.009333611,-0.009542465,-0.01873684,-0.018817902,-0.026576996,-0.026556969,-0.009859085,-0.009716988,-0.018852234,-0.019184113,-0.02866745,-0.028767586,-0.009656906,-0.009599686,-0.01922512,-0.019140244,-0.02793312,-0.028447151,-0.00952816,-0.00948143,-0.017440796,-0.017739296,-0.027305603,-0.027197838,-0.010369301,-0.010130882,-0.018737793,-0.018219948,-0.027785301,-0.027967453
2033.5,-0.010554314,-0.011044502,-0.021547318,-0.021417618,-0.032066345,-0.03163433,-0.011492729,-0.012557983,-0.02195263,-0.022306442,-0.032945633,-0.033115387,-0.011683464,-0.011954308,-0.02194786,-0.021569252,-0.031676292,-0.0322752,-0.011615753,-0.011790276,-0.022284508,-0.02268219,-0.030968666,-0.031407356,-0.010373116,-0.010117531,-0.020506859,-0.021098137,-0.03085041,-0.030712128,-0.010990143,-0.01055336,-0.02147293,-0.02120781,-0.03122139,-0.031270027,-0.011222839,-0.011165619,-0.02023983,-0.020528793,-0.031838417,-0.031249046,-0.011296272,-0.01061058,-0.021155357,-0.021116257,-0.03146267,-0.030966759
2034.5,-0.013876915,-0.014408112,-0.025743484,-0.026370049,-0.038930893,-0.038770676,-0.014035225,-0.013829231,-0.025064468,-0.02621746,-0.037608147,-0.03812027,-0.012753487,-0.012578011,-0.023872375,-0.023763657,-0.03543949,-0.036379814,-0.012845993,-0.012002945,-0.025044441,-0.026471138,-0.03531933,-0.036008835,-0.013055801,-0.012101173,-0.024142265,-0.024388313,-0.035271645,-0.03619671,-0.012871742,-0.012922287,-0.024974823,-0.024765015,-0.036107063,-0.03609371,-0.012513161,-0.012578964,-0.022789001,-0.023481369,-0.035238266,-0.03615856,-0.01224041,-0.012915611,-0.023329735,-0.024123192,-0.035165787,-0.035686493
2035.5,-0.014865875,-0.015812874,-0.027638435,-0.02894783,-0.042378426,-0.04280281,-0.013718605,-0.014986992,-0.02889347,-0.029489517,-0.04139328,-0.04302311,-0.014080048,-0.01512146,-0.026520729,-0.028067589,-0.039678574,-0.041531563,-0.013205528,-0.013638496,-0.02682972,-0.02761364,-0.038967133,-0.040039062,-0.01407814,-0.013027191,-0.026314735,-0.02731514,-0.03929901,-0.040576935,-0.0141477585,-0.015751839,-0.027911186,-0.027759552,-0.039530754,-0.04194355,-0.014245987,-0.014517784,-0.026390076,-0.027420044,-0.041072845,-0.04185772,-0.013419151,-0.01569271,-0.027256012,-0.027806282,-0.03978157,-0.040472984
2036.5,-0.015432358,-0.016881943,-0.03129673,-0.03302765,-0.0469532,-0.048150063,-0.015257835,-0.015964508,-0.030407906,-0.031767845,-0.043941498,-0.046826363,-0.015627861,-0.015986443,-0.029558182,-0.030755043,-0.043209076,-0.045833588,-0.016273499,-0.016469955,-0.030493736,-0.031095505,-0.044077873,-0.045510292,-0.01586628,-0.01591301,-0.029667854,-0.030666351,-0.042783737,-0.045640945,-0.01611042,-0.016746521,-0.03076744,-0.032050133,-0.043923378,-0.046444893,-0.01513195,-0.016242981,-0.029467583,-0.03099823,-0.04457283,-0.045654297,-0.013811111,-0.016116142,-0.029447556,-0.030607224,-0.04303837,-0.04502201
2037.5,-0.016163826,-0.018587112,-0.03373432,-0.03548813,-0.050388336,-0.052491188,-0.016899109,-0.018161774,-0.033550262,-0.03552437,-0.04841709,-0.051672935,-0.017248154,-0.01799202,-0.033390045,-0.034460068,-0.048906326,-0.049959183,-0.018621445,-0.01983738,-0.035199165,-0.03660965,-0.050919533,-0.052900314,-0.018814087,-0.019246101,-0.034172058,-0.035292625,-0.049749374,-0.052405357,-0.017827034,-0.017656326,-0.033233643,-0.03484726,-0.047608376,-0.050610542,-0.017807007,-0.018827438,-0.032375336,-0.034460068,-0.047709465,-0.051818848,-0.017350197,-0.017703056,-0.03275299,-0.03452301,-0.046957016,-0.048311234
2038.5,-0.018066406,-0.019328117,-0.035910606,-0.03850937,-0.054216385,-0.057739258,-0.01881218,-0.019190788,-0.035328865,-0.03777027,-0.052227974,-0.056259155,-0.019205093,-0.019532204,-0.036643982,-0.038173676,-0.05274105,-0.055047035,-0.018611908,-0.021258354,-0.035155296,-0.03964615,-0.053905487,-0.056990623,-0.019242287,-0.020017624,-0.0375185,-0.038837433,-0.052428246,-0.055360794,-0.01867485,-0.02071762,-0.036685944,-0.039001465,-0.053131104,-0.056241035,-0.019122124,-0.02040863,-0.0349617,-0.037534714,-0.050848007,-0.055817604,-0.018363953,-0.019545555,-0.03534317,-0.037467957,-0.051654816,-0.053964615
2039.5,-0.018648148,-0.020233154,-0.03774929,-0.041368484,-0.057725906,-0.061831474,-0.01887989,-0.020740509,-0.03907299,-0.041996002,-0.056883812,-0.061559677,-0.018396378,-0.021414757,-0.037709236,-0.040963173,-0.05475235,-0.060150146,-0.0181818,-0.022685051,-0.037747383,-0.04249096,-0.057040215,-0.06223488,-0.018817902,-0.02054882,-0.038773537,-0.042346954,-0.055678368,-0.05857849,-0.019997597,-0.021374702,-0.03926468,-0.04155445,-0.056075096,-0.060219765,-0.019970894,-0.020990372,-0.03816986,-0.040920258,-0.055859566,-0.06044197,-0.01922226,-0.021392822,-0.037320137,-0.039964676,-0.056141853,-0.058766365
2040.5,-0.02012539,-0.022143364,-0.0398283,-0.045000076,-0.06114769,-0.06739712,-0.020478249,-0.022600174,-0.040275574,-0.04459858,-0.059929848,-0.0656414,-0.02092266,-0.02205658,-0.039811134,-0.04328823,-0.058379173,-0.06453037,-0.0218544,-0.024413109,-0.0411911,-0.044549942,-0.061145782,-0.0676918,-0.02067566,-0.02404213,-0.042160034,-0.045778275,-0.060123444,-0.064492226,-0.022141457,-0.023075104,-0.04269409,-0.045520782,-0.060212135,-0.067071915,-0.020656586,-0.023440361,-0.040421486,-0.044369698,-0.058721542,-0.06571674,-0.020999908,-0.022198677,-0.038775444,-0.04314518,-0.058488846,-0.06408119
2041.5,-0.021042824,-0.024852753,-0.04290867,-0.048986435,-0.064888,-0.07307434,-0.021741867,-0.02472496,-0.043114662,-0.048496246,-0.06390858,-0.071463585,-0.021484375,-0.024260521,-0.042129517,-0.047338486,-0.06200409,-0.06801987,-0.020895958,-0.024988174,-0.042482376,-0.047398567,-0.06288433,-0.070798874,-0.022930145,-0.025346756,-0.04363823,-0.048470497,-0.06335831,-0.069701195,-0.021141052,-0.024168968,-0.04314518,-0.04749489,-0.061475754,-0.071196556,-0.021643639,-0.02357006,-0.041744232,-0.045934677,-0.061522484,-0.06887913,-0.022938728,-0.025053978,-0.042207718,-0.04727173,-0.062232018,-0.07012081
2042.5,-0.023470879,-0.027192116,-0.0469656,-0.053712845,-0.07019806,-0.07984352,-0.021216393,-0.023862839,-0.044412613,-0.051273346,-0.06667805,-0.075707436,-0.023018837,-0.026888847,-0.045459747,-0.051185608,-0.0661087,-0.074661255,-0.023662567,-0.027182579,-0.04510975,-0.052812576,-0.06780338,-0.07760048,-0.022239685,-0.025938988,-0.044537544,-0.05059147,-0.06554985,-0.073596954,-0.02245903,-0.025981903,-0.04300022,-0.04969597,-0.064266205,-0.07410717,-0.022776604,-0.02577877,-0.043938637,-0.049822807,-0.06607628,-0.07436943,-0.023213387,-0.027285576,-0.044668198,-0.05098343,-0.06620216,-0.07464695
2043.5,-0.024102211,-0.03013897,-0.048514366,-0.056461334,-0.07208347,-0.084952354,-0.022745132,-0.025632858,-0.045663834,-0.053768158,-0.07003975,-0.081150055,-0.022968292,-0.027355194,-0.045604706,-0.05140114,-0.066654205,-0.07776356,-0.022646904,-0.027507782,-0.04558277,-0.05547428,-0.06978226,-0.080703735,-0.023636818,-0.027379036,-0.045619965,-0.0534935,-0.067632675,-0.07928848,-0.0238266,-0.027071953,-0.046687126,-0.053837776,-0.06786442,-0.07972431,-0.023563385,-0.02794075,-0.046017647,-0.052636147,-0.06838989,-0.07855129,-0.023667336,-0.02754116,-0.043941498,-0.052254677,-0.06606388,-0.076654434
2044.5,-0.025280952,-0.030869484,-0.04963684,-0.0586977,-0.07435417,-0.08897686,-0.02541256,-0.027521133,-0.04830265,-0.057253838,-0.073369026,-0.08621597,-0.026172638,-0.030121803,-0.04920292,-0.05710697,-0.0720644,-0.083805084,-0.02469349,-0.029904366,-0.047026634,-0.057079315,-0.072683334,-0.0849905,-0.024986267,-0.029316902,-0.04792881,-0.057753563,-0.07138252,-0.08558941,-0.0242939,-0.028478622,-0.04673767,-0.055677414,-0.070114136,-0.084926605,-0.025389671,-0.029166222,-0.04909706,-0.057261467,-0.07145786,-0.08516216,-0.025277138,-0.03031063,-0.048526764,-0.05729103,-0.07055473,-0.08352852
2045.5,-0.026968956,-0.033117294,-0.051268578,-0.062169075,-0.07678223,-0.093886375,-0.026334763,-0.031046867,-0.051398277,-0.06158924,-0.07589626,-0.09201813,-0.025856972,-0.029628754,-0.04913807,-0.05996704,-0.072948456,-0.08673382,-0.026238441,-0.03252697,-0.051548004,-0.06151676,-0.07605076,-0.091890335,-0.025774002,-0.03153038,-0.049520493,-0.061145782,-0.074995995,-0.090789795,-0.024804115,-0.031249046,-0.05018902,-0.059882164,-0.07327652,-0.08998585,-0.026381493,-0.030125618,-0.048996925,-0.059545517,-0.07302952,-0.08872223,-0.024605751,-0.029356003,-0.047849655,-0.058519363,-0.07137394,-0.08546257
2046.5,-0.02667141,-0.032860756,-0.05262184,-0.06605816,-0.07967186,-0.09859657,-0.029132843,-0.033759117,-0.054097176,-0.06623745,-0.07939911,-0.09739208,-0.025945663,-0.031832695,-0.050650597,-0.061701775,-0.07494354,-0.09268856,-0.025222778,-0.03453636,-0.05132389,-0.06321335,-0.07641792,-0.095682144,-0.026741982,-0.03279686,-0.052181244,-0.06334782,-0.07640076,-0.09388924,-0.025556564,-0.031964302,-0.051530838,-0.064079285,-0.07558155,-0.09375477,-0.025853157,-0.032931328,-0.05077648,-0.062867165,-0.075344086,-0.09317589,-0.026457787,-0.032417297,-0.049853325,-0.06171131,-0.074103355,-0.09120464
2047.5,-0.02863121,-0.035372734,-0.05462742,-0.06976032,-0.082408905,-0.10450649,-0.03040123,-0.03700733,-0.05551243,-0.070693016,-0.08093262,-0.10331917,-0.026443481,-0.034130096,-0.05127144,-0.0644722,-0.07612038,-0.09683132,-0.02704525,-0.035075188,-0.052598,-0.067456245,-0.07802582,-0.10117817,-0.028479576,-0.03540325,-0.055143356,-0.0683918,-0.0801878,-0.10043907,-0.027132034,-0.034550667,-0.05352497,-0.067391396,-0.078136444,-0.098997116,-0.02701664,-0.034625053,-0.050982475,-0.064751625,-0.07590866,-0.09607506,-0.025625229,-0.03238201,-0.050292015,-0.06435871,-0.07554531,-0.09468365
2048.5,-0.029752731,-0.038354874,-0.05660343,-0.07392979,-0.08443642,-0.11046505,-0.028993607,-0.037368774,-0.05687809,-0.073207855,-0.08258152,-0.10820961,-0.027338982,-0.03549099,-0.052599907,-0.06820011,-0.07841587,-0.10118103,-0.028777122,-0.0375309,-0.055116653,-0.071484566,-0.08326626,-0.10652828,-0.028594017,-0.03649044,-0.054694176,-0.070391655,-0.0807209,-0.103746414,-0.027150154,-0.035409927,-0.053874016,-0.06906223,-0.07977486,-0.10282707,-0.026535034,-0.0353899,-0.052516937,-0.066532135,-0.0776577,-0.10132313,-0.026247978,-0.03399849,-0.05071354,-0.066823006,-0.076563835,-0.09873676
2049.5,-0.028637886,-0.03894043,-0.057186127,-0.07632828,-0.085858345,-0.11419773,-0.030591965,-0.03913784,-0.058951378,-0.07600021,-0.084095,-0.1124382,-0.027731895,-0.037122726,-0.054531097,-0.07158661,-0.07987785,-0.10592365,-0.028876305,-0.03831482,-0.056746483,-0.07517719,-0.08458328,-0.11199379,-0.028494835,-0.03804779,-0.055582047,-0.073578835,-0.081980705,-0.10842037,-0.02793789,-0.036972046,-0.056153297,-0.07295799,-0.08165741,-0.106936455,-0.028093338,-0.036266327,-0.053756714,-0.07029438,-0.07954502,-0.10621834,-0.026342392,-0.03533268,-0.052402496,-0.068800926,-0.07850075,-0.103619576
2050.5,-0.03036499,-0.041879654,-0.059509277,-0.08099651,-0.08854103,-0.12043762,-0.02963829,-0.04054928,-0.059410095,-0.07932186,-0.085990906,-0.11657524,-0.028743744,-0.038134575,-0.055031776,-0.07351208,-0.08071518,-0.109270096,-0.030285835,-0.04117012,-0.058457375,-0.07898903,-0.086969376,-0.11756992,-0.029417992,-0.040379524,-0.056982994,-0.07679653,-0.08444977,-0.113957405,-0.028895378,-0.03815651,-0.054579735,-0.073931694,-0.08188629,-0.11125946,-0.028934479,-0.038985252,-0.054494858,-0.07407093,-0.08096886,-0.11018276,-0.0278368,-0.03683281,-0.05356598,-0.07231331,-0.079813,-0.107587814
2051.5,-0.031349182,-0.044204712,-0.06159973,-0.08496857,-0.090167046,-0.1260128,-0.030078888,-0.04292679,-0.060409546,-0.08186817,-0.0877676,-0.121956825,-0.028528214,-0.040447235,-0.055963516,-0.07666111,-0.08315754,-0.11388111,-0.030402184,-0.04316902,-0.05929184,-0.08282089,-0.08781052,-0.12175465,-0.030480385,-0.042367935,-0.058527946,-0.08219719,-0.0878067,-0.119249344,-0.029751778,-0.04036045,-0.05648136,-0.07805824,-0.084210396,-0.11714268,-0.02953434,-0.040140152,-0.05598831,-0.07680035,-0.08237457,-0.11411762,-0.029107094,-0.04022312,-0.0555315,-0.07585907,-0.08203983,-0.11305809
2052.5,-0.031949997,-0.04553604,-0.06200695,-0.087184906,-0.092321396,-0.13014317,-0.030684471,-0.0440588,-0.060881615,-0.084267616,-0.0884819,-0.125803,-0.029084206,-0.042089462,-0.05698681,-0.07875252,-0.084736824,-0.118881226,-0.03047657,-0.044901848,-0.060792923,-0.08565235,-0.0896492,-0.12751961,-0.03080082,-0.043006897,-0.059483528,-0.0832119,-0.08771896,-0.1227541,-0.03008461,-0.040781975,-0.05692959,-0.08093262,-0.08501148,-0.1207571,-0.030514717,-0.04184723,-0.056941032,-0.07915592,-0.083740234,-0.119345665,-0.029896736,-0.040862083,-0.056311607,-0.07874203,-0.08363533,-0.11665344
2053.5,-0.0319376,-0.046791077,-0.06175232,-0.08949661,-0.09201622,-0.13442707,-0.030988693,-0.04526043,-0.06106472,-0.08906746,-0.08981323,-0.13078594,-0.029481888,-0.04370308,-0.05791378,-0.08231735,-0.08566666,-0.123010635,-0.0306139,-0.046325684,-0.060180664,-0.08805561,-0.08940792,-0.1318655,-0.030425072,-0.044311523,-0.059509277,-0.08665943,-0.08937168,-0.12781143,-0.030442238,-0.042432785,-0.05785656,-0.08320236,-0.085808754,-0.12440014,-0.030256271,-0.0434494,-0.058242798,-0.08273792,-0.08600426,-0.12334633,-0.030296326,-0.042526245,-0.0571537,-0.08096981,-0.084833145,-0.121273994
2054.5,-0.033158302,-0.04793358,-0.062459946,-0.09256458,-0.0931139,-0.13817692,-0.029254913,-0.045764923,-0.060102463,-0.09004688,-0.09165859,-0.1330738,-0.03050518,-0.044597626,-0.058502197,-0.08587837,-0.087290764,-0.12745476,-0.03136158,-0.046276093,-0.06034088,-0.089463234,-0.09051609,-0.13422775,-0.031040192,-0.045053482,-0.059452057,-0.088311195,-0.08981228,-0.1310854,-0.030394554,-0.044875145,-0.059537888,-0.086351395,-0.08781052,-0.12833405,-0.030323029,-0.043628693,-0.058439255,-0.08428764,-0.08582783,-0.12561607,-0.030156136,-0.04366398,-0.058002472,-0.08278656,-0.085559845,-0.12412548
2055.5,-0.03341484,-0.04914856,-0.063591,-0.094522476,-0.094706535,-0.14053345,-0.029049873,-0.045692444,-0.06067276,-0.09143543,-0.091308594,-0.13462543,-0.030570984,-0.045571327,-0.059796333,-0.087472916,-0.088293076,-0.13009548,-0.03215027,-0.047083855,-0.061832428,-0.09254742,-0.09204674,-0.1378355,-0.030723572,-0.044662476,-0.058317184,-0.088246346,-0.087872505,-0.13241863,-0.030979156,-0.04531002,-0.060108185,-0.08789539,-0.08890152,-0.13071346,-0.030056,-0.04519081,-0.05905819,-0.08577347,-0.08734131,-0.12823391,-0.02858448,-0.043741226,-0.057209015,-0.08414745,-0.08492851,-0.12510967
2056.5,-0.03313732,-0.04944229,-0.063344955,-0.09552479,-0.09421253,-0.14255428,-0.031630516,-0.047416687,-0.061725616,-0.09334183,-0.09266949,-0.1386919,-0.031825066,-0.04678631,-0.060513496,-0.08961201,-0.09026718,-0.13345909,-0.03374386,-0.04946232,-0.06382465,-0.094685555,-0.09461117,-0.141078,-0.030342102,-0.046619415,-0.06032467,-0.08949852,-0.08835125,-0.13297081,-0.031837463,-0.046619415,-0.05985546,-0.09011364,-0.08924103,-0.1330576,-0.03067398,-0.04574108,-0.059188843,-0.08795643,-0.087013245,-0.13006878,-0.029788971,-0.04502487,-0.056409836,-0.08550453,-0.08519554,-0.12731934
2057.5,-0.03176689,-0.049429893,-0.06331062,-0.09504509,-0.093211174,-0.14313221,-0.033278465,-0.048506737,-0.062129974,-0.09537983,-0.0941143,-0.14064121,-0.031339645,-0.04671669,-0.06033039,-0.09060192,-0.090382576,-0.13479233,-0.03193474,-0.04763508,-0.06200981,-0.09368801,-0.092692375,-0.13975048,-0.030198097,-0.04698372,-0.06060505,-0.09048939,-0.08918381,-0.13518238,-0.032416344,-0.048121452,-0.0612545,-0.09199715,-0.08995247,-0.1350317,-0.031155586,-0.046741486,-0.059788704,-0.08934784,-0.08759689,-0.13123131,-0.029950142,-0.044733047,-0.05733204,-0.08639526,-0.08533478,-0.12834549
2058.5,-0.033062935,-0.05022812,-0.063661575,-0.09600735,-0.093883514,-0.14354038,-0.03312111,-0.049030304,-0.061365128,-0.09580517,-0.09301376,-0.14113045,-0.031010628,-0.047255516,-0.06012726,-0.09041977,-0.09022713,-0.13525581,-0.03289318,-0.050398827,-0.06407452,-0.09629631,-0.09419346,-0.14322376,-0.032305717,-0.048460007,-0.06269932,-0.09213352,-0.09072018,-0.13621807,-0.032627106,-0.048524857,-0.061058044,-0.09272003,-0.090340614,-0.1351347,-0.030920029,-0.046046257,-0.05966282,-0.08948803,-0.08729744,-0.13205814,-0.029426575,-0.043951035,-0.056791306,-0.08623314,-0.08536816,-0.12812519
2059.5,-0.03271866,-0.049298286,-0.06162834,-0.095635414,-0.092396736,-0.14309025,-0.031956673,-0.047894478,-0.061222076,-0.093667984,-0.09069729,-0.13973331,-0.030929565,-0.047185898,-0.060599327,-0.09169102,-0.090771675,-0.13696194,-0.032251358,-0.049754143,-0.063020706,-0.095746994,-0.094882965,-0.14283371,-0.03159046,-0.048509598,-0.06191826,-0.09202576,-0.0903635,-0.13655853,-0.03237915,-0.048416138,-0.061415672,-0.09272766,-0.09006977,-0.13617325,-0.031227112,-0.046845436,-0.060709,-0.09032726,-0.08786774,-0.13322735,-0.0290699,-0.043624878,-0.056474686,-0.0865469,-0.085124016,-0.12817097
2060.5,-0.032505035,-0.048787117,-0.062823296,-0.09557819,-0.092318535,-0.14327908,-0.031769753,-0.04739189,-0.061961174,-0.09456825,-0.09112644,-0.14035797,-0.030560493,-0.047740936,-0.06123352,-0.09120655,-0.08888817,-0.13612461,-0.03231907,-0.04977417,-0.061634064,-0.095277786,-0.09335899,-0.14265823,-0.030658722,-0.04642582,-0.06047249,-0.09129906,-0.088832855,-0.13568306,-0.03196144,-0.048026085,-0.060308456,-0.091459274,-0.08960533,-0.13577652,-0.032019615,-0.047561646,-0.060106277,-0.09048748,-0.08768463,-0.13344097,-0.029157639,-0.044706345,-0.057403564,-0.086797714,-0.08550453,-0.12867165
2061.5,-0.033444405,-0.049985886,-0.06245327,-0.095853806,-0.09337616,-0.14295197,-0.033014297,-0.048316956,-0.06266117,-0.09514332,-0.09245682,-0.1406622,-0.03143978,-0.048433304,-0.06162262,-0.0931015,-0.09122467,-0.13775826,-0.031469345,-0.048794746,-0.062134743,-0.095440865,-0.09298515,-0.14196682,-0.03182888,-0.047797203,-0.06107998,-0.09126949,-0.08933449,-0.13624191,-0.03100586,-0.047400475,-0.060041428,-0.0909853,-0.08872604,-0.13605309,-0.030402184,-0.046552658,-0.059249878,-0.08992481,-0.08671093,-0.13240528,-0.028993607,-0.043376923,-0.05583954,-0.0846653,-0.08262253,-0.12611198
2062.5,-0.033452988,-0.050110817,-0.062273026,-0.09516621,-0.09288788,-0.14187527,-0.03489113,-0.049464226,-0.063373566,-0.09662914,-0.09243107,-0.139781,-0.031582832,-0.047887802,-0.060792923,-0.092409134,-0.09011459,-0.13553333,-0.031495094,-0.04949093,-0.061854362,-0.09481239,-0.09252548,-0.14123249,-0.030284882,-0.04725361,-0.060520172,-0.09085941,-0.08932114,-0.13576508,-0.029801369,-0.04526329,-0.05808544,-0.08939457,-0.087664604,-0.13336468,-0.028906822,-0.045207977,-0.057014465,-0.088502884,-0.08501148,-0.13109303,-0.028295517,-0.04330063,-0.05495262,-0.08372307,-0.081855774,-0.1253128
2063.5,-0.03296089,-0.04850006,-0.06270504,-0.09455395,-0.09094715,-0.13994884,-0.03155613,-0.047507286,-0.060691833,-0.09364128,-0.089437485,-0.13745403,-0.030964851,-0.047561646,-0.05998707,-0.09118748,-0.08850956,-0.13505363,-0.03140831,-0.048941612,-0.060682297,-0.094857216,-0.092160225,-0.14109421,-0.031320572,-0.0484457,-0.06089115,-0.09158611,-0.089365005,-0.1346817,-0.029509544,-0.045886993,-0.058761597,-0.08981705,-0.08690262,-0.13269043,-0.02946186,-0.045153618,-0.057160378,-0.08847618,-0.08498478,-0.12955856,-0.027929306,-0.043504715,-0.05480385,-0.08291626,-0.0810585,-0.12341499
2064.5,-0.031386375,-0.047846794,-0.060753822,-0.09259987,-0.090257645,-0.13817978,-0.03395176,-0.048578262,-0.062610626,-0.09494209,-0.090867996,-0.13862705,-0.031648636,-0.047683716,-0.060037613,-0.09155369,-0.08875942,-0.13377571,-0.029906273,-0.047452927,-0.05930996,-0.092666626,-0.08981228,-0.13887978,-0.030519485,-0.046126366,-0.059669495,-0.08976364,-0.08730698,-0.13314247,-0.029632568,-0.04569912,-0.057203293,-0.08860016,-0.085289955,-0.13169861,-0.02724266,-0.044236183,-0.055363655,-0.086211205,-0.08260155,-0.12802887,-0.02929306,-0.04392433,-0.055274963,-0.083021164,-0.08093071,-0.12336731
2065.5,-0.03129387,-0.046868324,-0.05920887,-0.09057236,-0.08773136,-0.13502884,-0.03109932,-0.045204163,-0.059796333,-0.09250736,-0.08750725,-0.13483715,-0.031238556,-0.04662037,-0.05941391,-0.09022999,-0.08804321,-0.13282776,-0.031152725,-0.048099518,-0.060282707,-0.092401505,-0.09008026,-0.13780499,-0.03157139,-0.047055244,-0.05991745,-0.08975506,-0.0875206,-0.13193035,-0.029745102,-0.04404354,-0.055885315,-0.08592987,-0.08286095,-0.12900257,-0.0286026,-0.043964386,-0.054735184,-0.084916115,-0.08178997,-0.12560844,-0.028900146,-0.042791367,-0.054252625,-0.081962585,-0.08009148,-0.12198067
2066.5,-0.030146599,-0.04588318,-0.0574522,-0.08900356,-0.08503723,-0.13060665,-0.030358315,-0.044545174,-0.058071136,-0.08989143,-0.08568859,-0.13305187,-0.030732155,-0.04564476,-0.05769539,-0.08867073,-0.08639336,-0.13023663,-0.030365944,-0.04710293,-0.058481216,-0.09065056,-0.08887577,-0.13634682,-0.029802322,-0.045604706,-0.059109688,-0.08794594,-0.08600235,-0.13028717,-0.029107094,-0.044010162,-0.054908752,-0.08405113,-0.08153343,-0.12680817,-0.028001785,-0.043123245,-0.053491592,-0.08358765,-0.07926941,-0.12243843,-0.028045654,-0.042467117,-0.053199768,-0.08111,-0.07888222,-0.12041664
2067.5,-0.030339241,-0.04541397,-0.056653023,-0.08714676,-0.08378315,-0.1283865,-0.02979374,-0.04327774,-0.0545969,-0.08804512,-0.08329773,-0.12922573,-0.030465126,-0.044891357,-0.05712223,-0.08666897,-0.084041595,-0.12819672,-0.0308609,-0.04728794,-0.058532715,-0.090008736,-0.08808231,-0.1342907,-0.029650688,-0.045330048,-0.057824135,-0.08596897,-0.083948135,-0.12680817,-0.028334618,-0.043398857,-0.05494976,-0.084171295,-0.08140564,-0.1254549,-0.027235031,-0.041942596,-0.052963257,-0.08177185,-0.07834053,-0.12040138,-0.027576447,-0.041311264,-0.0521183,-0.07872391,-0.07569885,-0.11592293
2068.5,-0.02883625,-0.042800903,-0.05453205,-0.083818436,-0.08102703,-0.12380409,-0.02970314,-0.043891907,-0.05327797,-0.08559799,-0.08254719,-0.1261568,-0.028910637,-0.04453945,-0.05518341,-0.08510685,-0.08218479,-0.12595463,-0.028398514,-0.044945717,-0.055301666,-0.08607674,-0.08482075,-0.12936974,-0.028676033,-0.043848038,-0.0551672,-0.08373356,-0.08102703,-0.12416363,-0.027925491,-0.041314125,-0.052949905,-0.08087826,-0.07851124,-0.12047672,-0.026144028,-0.04027939,-0.05060196,-0.07826424,-0.074977875,-0.116996765,-0.027196884,-0.040758133,-0.050884247,-0.07701683,-0.07527161,-0.11500549
2069.5,-0.029277802,-0.043118477,-0.05514145,-0.08363247,-0.07969952,-0.12166977,-0.028305054,-0.043618202,-0.053525925,-0.08393192,-0.07842827,-0.12314129,-0.028992653,-0.04463005,-0.055509567,-0.08392334,-0.08116627,-0.12265587,-0.027589798,-0.043920517,-0.053503036,-0.08364582,-0.0819273,-0.12623787,-0.026677132,-0.041395187,-0.053754807,-0.08142662,-0.07838535,-0.11987972,-0.027985573,-0.041481018,-0.051905632,-0.07883453,-0.07594013,-0.118587494,-0.025772095,-0.03998375,-0.049699783,-0.077528,-0.07410431,-0.11395645,-0.028100967,-0.041303635,-0.051322937,-0.07720566,-0.074876785,-0.113637924
2070.5,-0.026629448,-0.04085636,-0.051742554,-0.07812405,-0.07621765,-0.11628628,-0.026824951,-0.041300774,-0.050596237,-0.08115482,-0.0748682,-0.11861324,-0.028028488,-0.04300499,-0.05308819,-0.08176708,-0.07909107,-0.11987877,-0.027647018,-0.042821884,-0.051358223,-0.081100464,-0.07961464,-0.122276306,-0.025949478,-0.04045391,-0.05142021,-0.077967644,-0.07529163,-0.11584377,-0.026024818,-0.039420128,-0.049634933,-0.0769701,-0.07394028,-0.11401844,-0.024923325,-0.039800644,-0.049360275,-0.07586861,-0.07235336,-0.11109924,-0.02772522,-0.04296875,-0.05155754,-0.07738304,-0.07475853,-0.111766815
2071.5,-0.025938034,-0.038786888,-0.050257683,-0.075696945,-0.07261467,-0.11201,-0.024954796,-0.039273262,-0.04854107,-0.07782459,-0.07177067,-0.114310265,-0.02691269,-0.041727066,-0.05156517,-0.079790115,-0.07704449,-0.116288185,-0.028035164,-0.042503357,-0.0503788,-0.078401566,-0.07770538,-0.11802387,-0.025718689,-0.039179802,-0.049541473,-0.07510948,-0.07297325,-0.11080074,-0.024682045,-0.03697586,-0.046785355,-0.07267952,-0.070669174,-0.10922527,-0.024295807,-0.037750244,-0.04848671,-0.07370567,-0.06949997,-0.107738495,-0.024442673,-0.04004097,-0.04784012,-0.073732376,-0.0702343,-0.10692406
2072.5,-0.02353859,-0.037953377,-0.048799515,-0.0727396,-0.07048607,-0.108914375,-0.02480793,-0.039572716,-0.04878044,-0.07705879,-0.07154465,-0.111987114,-0.025761604,-0.03921318,-0.0495615,-0.075909615,-0.07348251,-0.11109924,-0.025880814,-0.04008293,-0.048970222,-0.07505131,-0.07433128,-0.11485767,-0.024496078,-0.038027763,-0.04812622,-0.073521614,-0.07060337,-0.10844898,-0.02412033,-0.036458015,-0.045663834,-0.07115841,-0.06828499,-0.105415344,-0.02302742,-0.036554337,-0.04596901,-0.07042694,-0.06717682,-0.103824615,-0.022001266,-0.03646469,-0.04458809,-0.06962967,-0.06540108,-0.099645615
2073.5,-0.023021698,-0.036486626,-0.046419144,-0.06999779,-0.066926956,-0.10365677,-0.0248003,-0.037436485,-0.04642105,-0.0732193,-0.069060326,-0.10671902,-0.02547741,-0.038406372,-0.04790783,-0.07346821,-0.07103634,-0.10796833,-0.024254799,-0.037965775,-0.045918465,-0.07092953,-0.07002926,-0.10845566,-0.023562431,-0.036244392,-0.045643806,-0.069737434,-0.067196846,-0.103634834,-0.023357391,-0.0356102,-0.043577194,-0.068431854,-0.06535721,-0.10065746,-0.02204132,-0.034080505,-0.043769836,-0.068403244,-0.0651989,-0.10058403,-0.021154404,-0.033138275,-0.04232979,-0.06458855,-0.062335968,-0.094602585
2074.5,-0.021830559,-0.03456211,-0.04411888,-0.066581726,-0.062603,-0.09749031,-0.023942947,-0.036893845,-0.044661522,-0.07046223,-0.06646347,-0.10181141,-0.024425507,-0.037691116,-0.04663372,-0.071525574,-0.06880474,-0.104486465,-0.023311615,-0.03682995,-0.04425335,-0.06941891,-0.06740475,-0.106404305,-0.022837639,-0.034992218,-0.04411602,-0.067186356,-0.06505203,-0.0999012,-0.022491455,-0.03416443,-0.042821884,-0.06533241,-0.06253624,-0.09730911,-0.020967484,-0.03355217,-0.042715073,-0.06618118,-0.06279755,-0.09674835,-0.022039413,-0.03291893,-0.041837692,-0.06279564,-0.06120491,-0.09271431
2075.5,-0.02191925,-0.034189224,-0.04172516,-0.06329441,-0.060030937,-0.09288597,-0.024041176,-0.03648758,-0.044197083,-0.06799221,-0.06375885,-0.09903526,-0.023661613,-0.03581524,-0.04430294,-0.0688324,-0.06666565,-0.10094929,-0.021678925,-0.034067154,-0.041135788,-0.06570244,-0.062849045,-0.10052204,-0.021953583,-0.03337288,-0.0421772,-0.06560135,-0.06326294,-0.096980095,-0.021606445,-0.032384872,-0.040763855,-0.062238693,-0.060382843,-0.09252167,-0.019575119,-0.031147003,-0.040391922,-0.06201744,-0.058324814,-0.092430115,-0.020925522,-0.031806946,-0.041145325,-0.061306,-0.059286118,-0.09060097
2076.5,-0.020514488,-0.031523705,-0.03928089,-0.05933094,-0.057138443,-0.08719635,-0.021927834,-0.034108162,-0.041441917,-0.06467819,-0.06028366,-0.09436035,-0.022508621,-0.034172058,-0.042324066,-0.06595421,-0.063485146,-0.096634865,-0.021409035,-0.032642365,-0.039689064,-0.0618124,-0.06123352,-0.09449005,-0.021736145,-0.03258896,-0.04144287,-0.062472343,-0.060664177,-0.09229183,-0.02095604,-0.031482697,-0.039402008,-0.060466766,-0.058372498,-0.08940315,-0.01984024,-0.03073883,-0.03959465,-0.060964584,-0.057920456,-0.09082794,-0.021762848,-0.03187561,-0.039527893,-0.059755325,-0.0581913,-0.08872414
2077.5,-0.01877594,-0.030046463,-0.03746605,-0.057154655,-0.055304527,-0.083911896,-0.021503448,-0.033275604,-0.040450096,-0.062342644,-0.060268402,-0.09024334,-0.022044182,-0.03329277,-0.04138851,-0.06364441,-0.061100006,-0.0927906,-0.020781517,-0.032042503,-0.038755417,-0.06021118,-0.058454514,-0.09099674,-0.020204544,-0.03118515,-0.040714264,-0.06027031,-0.057901382,-0.088804245,-0.021335602,-0.03140068,-0.03866005,-0.059072495,-0.05776596,-0.0867424,-0.022352219,-0.03224182,-0.04194069,-0.0624218,-0.059286118,-0.090307236,-0.020240784,-0.030862808,-0.038240433,-0.057804108,-0.055725098,-0.08520126
2078.5,-0.016787529,-0.027118683,-0.035158157,-0.05279827,-0.050909996,-0.077866554,-0.020429611,-0.03098011,-0.037872314,-0.05716133,-0.05580902,-0.08457947,-0.021253586,-0.031855583,-0.03957367,-0.060181618,-0.058112144,-0.088373184,-0.018956184,-0.029708862,-0.037257195,-0.05570984,-0.054344177,-0.08531284,-0.019677162,-0.030150414,-0.039136887,-0.058293343,-0.056921005,-0.08544159,-0.019863129,-0.028717041,-0.0367527,-0.056171417,-0.053703308,-0.08196831,-0.01927948,-0.028263092,-0.04080391,-0.060720444,-0.058250427,-0.08829689,-0.01950264,-0.029203415,-0.036369324,-0.056863785,-0.054286957,-0.08259773
2079.5,-0.018463135,-0.0264225,-0.03285122,-0.049762726,-0.048117638,-0.074962616,-0.021129608,-0.029812813,-0.03676796,-0.056419373,-0.053687096,-0.08208656,-0.019926071,-0.029567719,-0.037617683,-0.057135582,-0.055505753,-0.084228516,-0.018725395,-0.028409004,-0.035269737,-0.05307293,-0.053358078,-0.08132172,-0.019291878,-0.02918911,-0.036292076,-0.055833817,-0.05367756,-0.081477165,-0.018993378,-0.02857399,-0.035326004,-0.05393982,-0.052007675,-0.07925415,-0.018255234,-0.027809143,-0.04037285,-0.058063507,-0.0554657,-0.08425903,-0.018634796,-0.02786827,-0.034822464,-0.053785324,-0.051509857,-0.07827377
2080.5,-0.015292168,-0.023631096,-0.02940464,-0.046002388,-0.04390812,-0.069003105,-0.01994133,-0.028496742,-0.034163475,-0.053095818,-0.05037594,-0.077459335,-0.01936531,-0.028694153,-0.035570145,-0.054335594,-0.05180168,-0.079956055,-0.017371178,-0.026222229,-0.032582283,-0.050138474,-0.049833298,-0.07679081,-0.018961906,-0.0278759,-0.03545475,-0.053430557,-0.051891327,-0.07845974,-0.018400192,-0.027427673,-0.034505844,-0.0521698,-0.050102234,-0.07616806,-0.016778946,-0.025596619,-0.037519455,-0.052537918,-0.049474716,-0.07966423,-0.017654419,-0.026723862,-0.033468246,-0.050596237,-0.048755646,-0.07452774
2081.5,-0.015421867,-0.02349472,-0.030183792,-0.044804573,-0.042934418,-0.0653286,-0.01702118,-0.026725769,-0.031002045,-0.049516678,-0.046854973,-0.071642876,-0.018612862,-0.027482986,-0.033751488,-0.05167389,-0.049925804,-0.0764246,-0.015400887,-0.025101662,-0.030179024,-0.04722786,-0.04646015,-0.07120037,-0.017385483,-0.025239944,-0.032580376,-0.048908234,-0.04755974,-0.072743416,-0.017446518,-0.025968552,-0.03310585,-0.04937172,-0.046770096,-0.072769165,-0.015575409,-0.0243721,-0.032138824,-0.047677994,-0.045188904,-0.0732193,-0.01607132,-0.024541855,-0.031042099,-0.047859192,-0.04607582,-0.07018471
2082.5,-0.013487816,-0.021330833,-0.027076721,-0.041334152,-0.03870678,-0.06015396,-0.016664505,-0.024744034,-0.029458046,-0.045873642,-0.043553352,-0.06686497,-0.018037796,-0.02641201,-0.032509804,-0.050035477,-0.04783535,-0.07326126,-0.015120506,-0.023233414,-0.029250145,-0.04433155,-0.04365349,-0.067212105,-0.016299248,-0.024500847,-0.03042221,-0.046834946,-0.044794083,-0.06926632,-0.015945435,-0.024110794,-0.03022194,-0.04644394,-0.04397583,-0.06919861,-0.015649796,-0.023805618,-0.030477524,-0.04591751,-0.043718338,-0.06867218,-0.014953613,-0.023004532,-0.028974533,-0.04399109,-0.04255104,-0.06516647
2083.5,-0.012513161,-0.019956589,-0.024681091,-0.037011147,-0.03459549,-0.05498123,-0.015120506,-0.0242033,-0.028790474,-0.04356575,-0.040534973,-0.06136036,-0.01683712,-0.024840355,-0.030923843,-0.046869278,-0.045233727,-0.06818104,-0.01384449,-0.021719933,-0.027407646,-0.04116726,-0.039988518,-0.062295914,-0.014390945,-0.02229309,-0.02851963,-0.043907166,-0.042477608,-0.06521702,-0.014814377,-0.022623062,-0.028945923,-0.044086456,-0.042074203,-0.06542969,-0.01581192,-0.023794174,-0.029302597,-0.044952393,-0.04228401,-0.06483078,-0.014417648,-0.022167206,-0.02831459,-0.04299164,-0.041584015,-0.0631485
2084.5,-0.010011673,-0.01837349,-0.022076607,-0.033787727,-0.031047821,-0.04961872,-0.014742851,-0.022069931,-0.02611065,-0.040332794,-0.03782177,-0.05727291,-0.016413689,-0.023359299,-0.029644966,-0.044093132,-0.042297363,-0.064370155,-0.013210297,-0.020150185,-0.02579689,-0.038375854,-0.03832817,-0.059363365,-0.013589859,-0.02081871,-0.026676178,-0.04024887,-0.039649963,-0.061348915,-0.01301384,-0.020563126,-0.025745392,-0.03980255,-0.03801918,-0.059577942,-0.014017105,-0.02102089,-0.028306961,-0.043359756,-0.04076004,-0.061754227,-0.013385773,-0.02051735,-0.026252747,-0.04020691,-0.039159775,-0.058929443
2085.5,-0.011008263,-0.016786575,-0.020806313,-0.03166771,-0.028914452,-0.046198845,-0.0130290985,-0.020085335,-0.024433136,-0.036556244,-0.034565926,-0.053920746,-0.014427185,-0.021532059,-0.027043343,-0.0407753,-0.0388031,-0.059536934,-0.0125694275,-0.019119263,-0.023646355,-0.036590576,-0.03542137,-0.05454445,-0.012514114,-0.019794464,-0.024694443,-0.037359238,-0.036830902,-0.05698204,-0.012435913,-0.018892288,-0.024503708,-0.038124084,-0.036323547,-0.05663109,-0.01361084,-0.019966125,-0.027668,-0.04104042,-0.03835678,-0.05867195,-0.012142181,-0.019098282,-0.024215698,-0.036540985,-0.035303116,-0.054739
2086.5,-0.008788109,-0.01455307,-0.018789291,-0.027794838,-0.0254488,-0.040748596,-0.01203537,-0.017839432,-0.021930695,-0.033266068,-0.032797813,-0.04956913,-0.013921738,-0.020409584,-0.024554253,-0.037065506,-0.03564167,-0.055202484,-0.011662483,-0.017202377,-0.021676064,-0.033774376,-0.032198906,-0.049938202,-0.012094498,-0.01747322,-0.022672653,-0.034627914,-0.03352356,-0.051696777,-0.011419296,-0.018404007,-0.022321701,-0.035032272,-0.03382492,-0.05215454,-0.012414932,-0.018274307,-0.026269913,-0.037979126,-0.035844803,-0.056316376,-0.012311935,-0.01797676,-0.023626328,-0.03520584,-0.03428459,-0.051584244
2087.5,-0.0073461533,-0.011975288,-0.016224861,-0.024219513,-0.022618294,-0.03589058,-0.012093544,-0.017933846,-0.02099514,-0.03204727,-0.031244278,-0.044801712,-0.012843132,-0.018688202,-0.023798943,-0.035051346,-0.033987045,-0.052602768,-0.010169983,-0.015676498,-0.02015686,-0.03072834,-0.029587746,-0.045778275,-0.011861801,-0.01647377,-0.021253586,-0.033044815,-0.031576157,-0.048217773,-0.011030197,-0.016719818,-0.020326614,-0.03220558,-0.031227112,-0.047718048,-0.011405945,-0.017086029,-0.024362564,-0.03536415,-0.033834457,-0.051908493,-0.0112781525,-0.016805649,-0.021684647,-0.032754898,-0.03145981,-0.049280167
2088.5,-0.007856369,-0.011650085,-0.015138626,-0.022461891,-0.021305084,-0.032894135,-0.01107502,-0.01589775,-0.01798439,-0.028195381,-0.02699852,-0.041420937,-0.012784004,-0.017641068,-0.02227974,-0.03307438,-0.031544685,-0.047495842,-0.009977341,-0.014248848,-0.018776894,-0.027671814,-0.02703476,-0.041975975,-0.011171341,-0.015901566,-0.020273209,-0.029981613,-0.02960968,-0.044607162,-0.009929657,-0.015628815,-0.018846512,-0.030248642,-0.02917099,-0.04452324,-0.010883331,-0.015937805,-0.022026062,-0.031787872,-0.030889511,-0.04873085,-0.011222839,-0.016199112,-0.019887924,-0.030374527,-0.029390335,-0.04518318
2089.5,-0.0047540665,-0.008224487,-0.0110788345,-0.016527176,-0.016601562,-0.026294708,-0.009778976,-0.013474464,-0.016034126,-0.023653984,-0.02484703,-0.035639763,-0.010418892,-0.015800476,-0.01936245,-0.029358864,-0.027386665,-0.042931557,-0.007297516,-0.012864113,-0.01621151,-0.023879051,-0.023635864,-0.03703022,-0.010253906,-0.014560699,-0.01786232,-0.027469635,-0.026525497,-0.040296555,-0.009321213,-0.014287949,-0.017305374,-0.027463913,-0.026626587,-0.04043579,-0.009859085,-0.0150203705,-0.020460129,-0.029705048,-0.028709412,-0.04449272,-0.010105133,-0.015115738,-0.018932343,-0.028333664,-0.027238846,-0.04194069
2090.5,-0.0053834915,-0.009848595,-0.011169434,-0.016557693,-0.015369415,-0.023872375,-0.008864403,-0.012898445,-0.014155388,-0.022343636,-0.020524979,-0.031467438,-0.010163307,-0.015358925,-0.018098831,-0.027503967,-0.025550842,-0.03929043,-0.0064640045,-0.0121154785,-0.01426506,-0.022389412,-0.02188015,-0.034152985,-0.009357452,-0.013032913,-0.01643753,-0.025053024,-0.02507782,-0.03674698,-0.008350372,-0.012840271,-0.014814377,-0.024057388,-0.02340889,-0.03656006,-0.009292603,-0.014230728,-0.01869011,-0.027402878,-0.026065826,-0.040029526,-0.00957489,-0.014469147,-0.018205643,-0.027412415,-0.026102066,-0.03953743
2091.5,-0.0027160645,-0.007160187,-0.007265091,-0.011764526,-0.011124611,-0.017310143,-0.008422852,-0.010460854,-0.012905121,-0.01940155,-0.019097328,-0.027107239,-0.010180473,-0.013295174,-0.016683578,-0.024425507,-0.023359299,-0.035905838,-0.0055732727,-0.009959221,-0.012571335,-0.018204689,-0.018342018,-0.029413223,-0.007963181,-0.011768341,-0.013774872,-0.02281189,-0.022476196,-0.03261566,-0.0082035065,-0.011343002,-0.01517868,-0.023015976,-0.021482468,-0.033885956,-0.008272171,-0.013031006,-0.016017914,-0.024629593,-0.022911072,-0.035413742,-0.008476257,-0.012928009,-0.016914368,-0.025247574,-0.02456665,-0.036449432
2092.5,-0.00203228,-0.005381584,-0.006644249,-0.009165764,-0.009011269,-0.013958931,-0.00719738,-0.009876251,-0.011432648,-0.017355919,-0.016533852,-0.02455616,-0.008188248,-0.010867119,-0.013771057,-0.021066666,-0.01952362,-0.030282974,-0.0049772263,-0.00782299,-0.01010704,-0.015192032,-0.015867233,-0.025378227,-0.0066871643,-0.009824753,-0.011936188,-0.01922226,-0.019197464,-0.029340744,-0.006860733,-0.01017952,-0.012672424,-0.0195961,-0.018644333,-0.029211044,-0.007701874,-0.011453629,-0.0138988495,-0.021289825,-0.020298004,-0.03042221,-0.00809288,-0.011924744,-0.014953613,-0.023126602,-0.022680283,-0.033504486
2093.5,-0.00082302094,-0.0042448044,-0.004629135,-0.0074777603,-0.0059843063,-0.011068344,-0.006969452,-0.008782387,-0.009473801,-0.015124321,-0.014204025,-0.020529747,-0.00873661,-0.010759354,-0.013764381,-0.018938065,-0.018738747,-0.028934479,-0.0044870377,-0.006419182,-0.009730339,-0.01374054,-0.014315605,-0.021507263,-0.0058918,-0.008646011,-0.011220932,-0.016731262,-0.017360687,-0.02548027,-0.0069732666,-0.010345459,-0.012800217,-0.018974304,-0.018007278,-0.02731514,-0.0066051483,-0.010414124,-0.01269722,-0.019609451,-0.018726349,-0.028039932,-0.0068740845,-0.01112175,-0.014190674,-0.021224976,-0.020950317,-0.031147003
2094.5,-0.00027751923,-0.0035209656,-0.0038022995,-0.0065994263,-0.005428314,-0.008790016,-0.005935669,-0.008740425,-0.0088329315,-0.012955666,-0.012820244,-0.017498016,-0.0070610046,-0.008749008,-0.011158943,-0.016453743,-0.015435219,-0.024394989,-0.003923416,-0.0063152313,-0.00786972,-0.011816025,-0.012086868,-0.01843071,-0.0058918,-0.007860184,-0.009216309,-0.0149822235,-0.01525116,-0.022291183,-0.0056438446,-0.007947922,-0.01055336,-0.015947342,-0.015760422,-0.023872375,-0.006385803,-0.009077072,-0.011476517,-0.018230438,-0.017026901,-0.02653122,-0.0068149567,-0.009832382,-0.012784958,-0.0192585,-0.018779755,-0.02881813
2095.5,0.0001411438,-0.0028209686,-0.0025377274,-0.0045490265,-0.0033540726,-0.0047245026,-0.0058164597,-0.008031845,-0.008626938,-0.010923386,-0.010951996,-0.014491081,-0.00740242,-0.008479118,-0.012233734,-0.014998436,-0.016224861,-0.02270794,-0.0030574799,-0.0046777725,-0.0077762604,-0.010872841,-0.011440277,-0.015459061,-0.004749298,-0.0068416595,-0.008277893,-0.013128281,-0.01301384,-0.020412445,-0.005367279,-0.00810051,-0.009624481,-0.014705658,-0.014886856,-0.021751404,-0.005695343,-0.008825302,-0.010971069,-0.015836716,-0.015789032,-0.023386002,-0.006269455,-0.009651184,-0.011787415,-0.018350601,-0.017019272,-0.02652359
2096.5,0.0014696121,-0.0010681152,-0.0016384125,-0.001244545,-0.0025615692,-0.0025024414,-0.0056419373,-0.0064640045,-0.006450653,-0.0103702545,-0.00966835,-0.012269974,-0.0063180923,-0.0072231293,-0.0097875595,-0.014149666,-0.013951302,-0.020017624,-0.002855301,-0.0053958893,-0.006662369,-0.009020805,-0.00919342,-0.013084412,-0.0044822693,-0.0063114166,-0.007707596,-0.011487961,-0.012466431,-0.018045425,-0.0046482086,-0.00592041,-0.008283615,-0.013540268,-0.012401581,-0.01818657,-0.0049324036,-0.007926941,-0.009666443,-0.014793396,-0.014228821,-0.02161026,-0.0059280396,-0.008443832,-0.01137352,-0.016904831,-0.01599884,-0.024421692
2097.5,0.002117157,0.0015239716,0.0003976822,0.0007457733,0.00022983551,0.00056934357,-0.004515648,-0.0056324005,-0.005361557,-0.007537842,-0.008150101,-0.009945869,-0.005596161,-0.0063056946,-0.009435654,-0.01187706,-0.012471199,-0.01697445,-0.0019445419,-0.003753662,-0.005552292,-0.0072231293,-0.008205414,-0.011557579,-0.0038871765,-0.005619049,-0.0068740845,-0.01093483,-0.010730743,-0.016292572,-0.0038337708,-0.003730774,-0.007616043,-0.0124435425,-0.011335373,-0.017072678,-0.0045986176,-0.007581711,-0.009000778,-0.013372421,-0.013055801,-0.019699097,-0.0053310394,-0.007856369,-0.009975433,-0.015207291,-0.01436615,-0.022024155
2098.5,0.0023622513,0.0015125275,0.0014066696,0.000995636,0.0005760193,0.0019454956,-0.0025901794,-0.0031280518,-0.0033111572,-0.0057811737,-0.004920006,-0.0071077347,-0.005044937,-0.006426811,-0.008215904,-0.011026382,-0.0114860535,-0.016104698,-0.0025491714,-0.0036706924,-0.0053510666,-0.0071458817,-0.00788784,-0.011766434,-0.004091263,-0.0048618317,-0.0064029694,-0.009925842,-0.009469986,-0.014278412,-0.0038089752,-0.0010871887,-0.006587982,-0.01089859,-0.010433197,-0.014602661,-0.0041046143,-0.0064487457,-0.008478165,-0.012277603,-0.011932373,-0.017904282,-0.005590439,-0.007736206,-0.010038376,-0.014417648,-0.014039993,-0.020851135
2099.5,0.002773285,0.0023698807,0.001955986,0.0028152466,0.0017251968,0.00340271,-0.0021429062,-0.0024223328,-0.0028972626,-0.004459381,-0.0040664673,-0.005540848,-0.0044441223,-0.0069789886,-0.008570671,-0.010548592,-0.01041317,-0.015388489,-0.0019493103,-0.0026750565,-0.004029274,-0.0049085617,-0.0058698654,-0.009296417,-0.003332138,-0.0041236877,-0.0059223175,-0.009113312,-0.008922577,-0.013368607,-0.0036506653,0.000705719,-0.006280899,-0.010059357,-0.00907135,-0.013328552,-0.0042362213,-0.006214142,-0.008180618,-0.011875153,-0.011241913,-0.01694107,-0.004972458,-0.006767273,-0.008699417,-0.013250351,-0.012275696,-0.01869011
2100.5,0.0026435852,0.0028123856,0.001449585,0.0027036667,0.0021972656,0.0029087067,-0.0027265549,-0.0037107468,-0.002650261,-0.004552841,-0.003982544,-0.005127907,-0.003788948,-0.0065374374,-0.00737381,-0.009104729,-0.009577751,-0.015415192,-0.001955986,-0.0016536713,-0.0035524368,-0.0038576126,-0.005470276,-0.009196281,-0.0034828186,-0.004550934,-0.005990982,-0.009000778,-0.008592606,-0.012805939,-0.004579544,-0.0007915497,-0.0064849854,-0.010017395,-0.0093250275,-0.013286591,-0.0035533905,-0.0054626465,-0.0068798065,-0.010398865,-0.009971619,-0.014888763,-0.004419327,-0.006052017,-0.007886887,-0.012048721,-0.011507034,-0.01727295
2101.5,0.0031003952,0.0027866364,0.0019931793,0.0033302307,0.0025167465,0.0035848618,-0.0011720657,-0.0015478134,-0.0012998581,-0.003145218,-0.0034475327,-0.0038423538,-0.0048828125,-0.006606102,-0.008795738,-0.009560585,-0.009793282,-0.013848305,-0.0034770966,-0.003581047,-0.003921509,-0.004995346,-0.0062627792,-0.008600235,-0.0031089783,-0.004627228,-0.005300522,-0.0077171326,-0.008523941,-0.011295319,-0.003458023,0.0006046295,-0.0053081512,-0.00901413,-0.008283615,-0.012428284,-0.003320694,-0.0045547485,-0.0061836243,-0.009595871,-0.009614944,-0.013622284,-0.00438118,-0.0055980682,-0.0076560974,-0.011264801,-0.010591507,-0.016298294
2102.5,0.0027837753,0.0029582977,0.0018968582,0.0030126572,0.0026397705,0.004466057,-0.001616478,-0.0020418167,-0.001865387,-0.003288269,-0.0036067963,-0.004640579,-0.0052280426,-0.0058221817,-0.009206772,-0.008909225,-0.009883881,-0.012375832,-0.001627922,-0.0022068024,-0.0026893616,-0.0038061142,-0.0054006577,-0.006524086,-0.0029315948,-0.00381279,-0.0051879883,-0.00715065,-0.007980347,-0.01074791,-0.0032596588,0.0014648438,-0.0053520203,-0.006877899,-0.0068511963,-0.0101184845,-0.0031490326,-0.005147934,-0.006061554,-0.009708405,-0.009754181,-0.013923645,-0.0045051575,-0.0054073334,-0.0075130463,-0.010339737,-0.010639191,-0.015068054
2103.5,0.004175186,0.0037231445,0.0019903183,0.0031738281,0.0033874512,0.0059165955,-0.002922058,-0.0025720596,-0.002254486,-0.00417614,-0.0026044846,-0.004011154,-0.004210472,-0.0049009323,-0.0067424774,-0.007675171,-0.008436203,-0.009444237,-0.0028190613,-0.0023880005,-0.0032463074,-0.0043849945,-0.005736351,-0.006456375,-0.0023403168,-0.0040245056,-0.004430771,-0.0062332153,-0.006784439,-0.009731293,-0.002878189,0.0016040802,-0.0036773682,-0.0063667297,-0.0060138702,-0.009571075,-0.0034866333,-0.0046157837,-0.0061855316,-0.008932114,-0.009355545,-0.012853622,-0.0033721924,-0.0043354034,-0.006843567,-0.009778976,-0.009471893,-0.014328003
2104.5,0.0037822723,0.0023040771,0.0009651184,0.0021505356,0.0035676956,0.005959511,-0.0029735565,-0.003695488,-0.0021781921,-0.003153801,-0.003373146,-0.0031967163,-0.0053930283,-0.004637718,-0.006587982,-0.008973122,-0.009173393,-0.009150505,-0.0013427734,-0.0015535355,-0.0024375916,-0.0042362213,-0.005015373,-0.0059919357,-0.002193451,-0.003396988,-0.00356102,-0.0055179596,-0.006498337,-0.008804321,-0.003868103,0.0018577576,-0.0052433014,-0.006181717,-0.0064315796,-0.010105133,-0.0035629272,-0.004917145,-0.0060920715,-0.008407593,-0.008853912,-0.012359619,-0.0038433075,-0.004814148,-0.006292343,-0.009143829,-0.009109497,-0.012746811
2105.5,0.0020503998,0.00034427643,-0.00049209595,0.00064086914,0.001411438,0.0052223206,-0.0023641586,-0.001912117,-0.0013532639,-0.002940178,-0.0033330917,-0.0034513474,-0.0035152435,-0.0032606125,-0.004954338,-0.007173538,-0.006321907,-0.0073022842,-0.0021972656,-0.0018615723,-0.0028591156,-0.003452301,-0.0041275024,-0.005405426,-0.0026836395,-0.0032749176,-0.0035915375,-0.0055770874,-0.0064201355,-0.007871628,-0.002576828,0.0027580261,-0.0041484833,-0.005760193,-0.005531311,-0.007978439,-0.0035419464,-0.004497528,-0.0057697296,-0.008275986,-0.009176254,-0.012067795,-0.002943039,-0.003622055,-0.006334305,-0.009279251,-0.009607315,-0.013212204
2106.5,0.0022296906,-0.0005054474,0.00029087067,0.00070667267,0.0011730194,0.0054006577,-0.0031080246,-0.003326416,-0.0021390915,-0.0039014816,-0.0033712387,-0.0046482086,-0.005387306,-0.003996849,-0.0052604675,-0.0073537827,-0.008131981,-0.009537697,-0.0017738342,-0.0010910034,-0.0021686554,-0.0032367706,-0.0046577454,-0.005379677,-0.0023536682,-0.002412796,-0.0035705566,-0.0046100616,-0.0059661865,-0.007095337,-0.002840042,0.004173279,-0.004266739,-0.0052890778,-0.00607872,-0.007923126,-0.0029621124,-0.0042743683,-0.005437851,-0.00787735,-0.008232117,-0.0108242035,-0.003156662,-0.0038928986,-0.005859375,-0.008184433,-0.007982254,-0.012262344
2107.5,0.001750946,-0.00025367737,-3.0517578e-05,6.389618e-05,0.00015354156,0.005440712,-0.0030117035,-0.002617836,-0.0026893616,-0.0031080246,-0.0033931732,-0.0042037964,-0.0044469833,-0.0025510788,-0.0061740875,-0.007299423,-0.007987976,-0.010293007,-0.0020666122,-0.0015535355,-0.0021076202,-0.002152443,-0.0031347275,-0.005186081,-0.0028629303,-0.0029296875,-0.003408432,-0.004983902,-0.00617218,-0.00784111,-0.002620697,0.0025424957,-0.0040664673,-0.006685257,-0.0060195923,-0.009124756,-0.002790451,-0.0036792755,-0.00491333,-0.0073108673,-0.007396698,-0.010671616,-0.0030021667,-0.003818512,-0.005235672,-0.008201599,-0.008218765,-0.011816025
2108.5,0.00070858,0.00037765503,0.0007696152,0.0004415512,-7.247925e-05,0.00467968,-0.0020160675,-0.0028905869,-0.0023345947,-0.0037384033,-0.003745079,-0.003750801,-0.0043878555,-0.002462387,-0.005710602,-0.0063028336,-0.00634861,-0.009676933,-0.0005569458,-0.0003709793,-0.0005970001,-0.0011444092,-0.0028219223,-0.0045394897,-0.003232956,-0.003255844,-0.0032234192,-0.00513649,-0.0058021545,-0.0071582794,0.00016975403,0.0035648346,-0.0018806458,-0.0035953522,-0.0029830933,-0.008119583,-0.0027103424,-0.0035591125,-0.0047912598,-0.007221222,-0.007505417,-0.010154724,-0.0033493042,-0.0040607452,-0.00532341,-0.007972717,-0.008296967,-0.011398315
2109.5,0.0021390915,0.0016965866,0.0021152496,0.0025634766,0.0021533966,0.0049591064,-0.002623558,-0.0033340454,-0.002571106,-0.0031881332,-0.0034799576,-0.0033836365,-0.003917694,-0.0033979416,-0.0051088333,-0.0063676834,-0.0060167313,-0.008800507,-0.00011444092,-0.00039958954,-0.0003004074,-0.0018968582,-0.0024375916,-0.0050401688,-0.0022220612,-0.0033550262,-0.0036029816,-0.005176544,-0.006061554,-0.0086193085,-6.67572e-05,0.0015220642,-0.0020656586,-0.0035362244,-0.0025863647,-0.0071411133,-0.0016937256,-0.0033721924,-0.004009247,-0.0061798096,-0.0065364838,-0.009386063,-0.0029296875,-0.004081726,-0.005077362,-0.0077209473,-0.008043289,-0.011487961
2110.5,0.002448082,0.0013809204,0.0005226135,0.0018873215,0.0018062592,0.004099846,-0.0016145706,-0.0023708344,-0.0011167526,-0.0026512146,-0.0026893616,-0.00329113,-0.0035419464,-0.003578186,-0.0043029785,-0.0057611465,-0.005607605,-0.010069847,-0.0011444092,-0.00063610077,-0.0010271072,-0.0020112991,-0.0025424957,-0.0054893494,-0.002029419,-0.003458023,-0.0029888153,-0.005475998,-0.005964279,-0.0070381165,-0.0007686615,0.00088119507,-0.002008438,-0.0038547516,-0.0042304993,-0.0074062347,-0.0033035278,-0.0036392212,-0.004989624,-0.0070991516,-0.0076904297,-0.009735107,-0.0030345917,-0.0032844543,-0.0047798157,-0.0067424774,-0.0072517395,-0.010854721
2111.5,0.0019731522,0.0026683807,0.00058078766,0.0034952164,0.0019683838,0.004012108,-0.0016889572,-0.0034856796,-0.002448082,-0.0034484863,-0.004006386,-0.004631996,-0.0035581589,-0.0049591064,-0.004688263,-0.0063819885,-0.005801201,-0.011210442,-0.0005283356,-6.9618225e-05,-0.000104904175,-0.0024328232,-0.0020036697,-0.0038747787,-0.0018806458,-0.0032730103,-0.00340271,-0.005290985,-0.005678177,-0.0074424744,-0.0010089874,0.00035476685,-0.0020637512,-0.0038433075,-0.004459381,-0.0064373016,-0.0025482178,-0.0031032562,-0.004043579,-0.006286621,-0.006061554,-0.008649826,-0.003004074,-0.0032405853,-0.004590988,-0.0066986084,-0.0076789856,-0.010219574
2112.5,0.00248909,0.0020627975,0.0012626648,0.002825737,0.0017938614,0.004343033,-0.0022192001,-0.003545761,-0.002858162,-0.0040922165,-0.003250122,-0.00381279,-0.004385948,-0.0039815903,-0.005329132,-0.006501198,-0.0074043274,-0.012696266,-0.0013866425,-0.00013542175,-0.0012674332,-0.0028057098,-0.0031871796,-0.0047512054,-0.0018539429,-0.0030841827,-0.0025463104,-0.0041675568,-0.0046901703,-0.005952835,-0.0015621185,-0.00032615662,-0.0030994415,-0.0045661926,-0.004989624,-0.006465912,-0.0031967163,-0.004322052,-0.005138397,-0.006723404,-0.006893158,-0.009735107,-0.0029945374,-0.003856659,-0.0048122406,-0.0074386597,-0.00790596,-0.010213852
2113.5,0.002450943,0.0013875961,0.0011520386,0.0024347305,0.0026130676,0.005343437,-0.0023107529,-0.0035142899,-0.0021772385,-0.0033273697,-0.0038967133,-0.004207611,-0.0049829483,-0.0030603409,-0.0060453415,-0.0065746307,-0.0076942444,-0.012313843,-0.0006322861,-0.00036621094,-0.0010385513,-0.0023097992,-0.0035142899,-0.0042762756,-0.0013122559,-0.0019397736,-0.0029315948,-0.003955841,-0.0044345856,-0.0061511993,-0.001964569,-0.00028038025,-0.0030002594,-0.0052051544,-0.005428314,-0.0065288544,-0.0027637482,-0.00393486,-0.004278183,-0.006242752,-0.006406784,-0.0089969635,-0.0027446747,-0.003786087,-0.005056381,-0.0073986053,-0.0073337555,-0.010278702
2114.5,0.002322197,0.0011959076,0.0009765625,0.0014677048,0.0020742416,0.0039749146,-0.0017242432,-0.0023450851,-0.0025520325,-0.004275322,-0.0041980743,-0.005129814,-0.00467968,-0.0023908615,-0.0056209564,-0.005599022,-0.0059804916,-0.010176659,-0.0010051727,0.00011730194,-0.0012626648,-0.0011940002,-0.0030965805,-0.00365448,-0.0018787384,-0.0022296906,-0.0028800964,-0.0037937164,-0.004623413,-0.0057373047,-0.0017623901,-0.000289917,-0.0028190613,-0.0047416687,-0.004962921,-0.0061244965,-0.002922058,-0.0037631989,-0.0041980743,-0.005887985,-0.0066070557,-0.009075165,-0.002790451,-0.0032634735,-0.0045757294,-0.0070114136,-0.0072631836,-0.009817123
2115.5,0.0018224716,0.00092315674,0.0009059906,0.0007362366,0.0015649796,0.003993988,-0.0021152496,-0.0034542084,-0.0039424896,-0.0051021576,-0.0046653748,-0.0057582855,-0.0036115646,-0.0033922195,-0.0058641434,-0.006382942,-0.0049362183,-0.008109093,-0.0008354187,0.00046730042,-0.0012512207,-0.0013341904,-0.0034675598,-0.0033340454,-0.0029029846,-0.0024471283,-0.0034751892,-0.0040359497,-0.0048599243,-0.0063114166,-0.001657486,-0.0002593994,-0.0029640198,-0.0047893524,-0.00484848,-0.0063323975,-0.0020179749,-0.0029335022,-0.0040569305,-0.0053367615,-0.005214691,-0.008096695,-0.0026187897,-0.002998352,-0.0040416718,-0.006160736,-0.00696373,-0.009647369
2116.5,0.001909256,0.001042366,0.0011386871,0.0017557144,0.0021848679,0.0042533875,-0.0022096634,-0.0030794144,-0.0029420853,-0.004422188,-0.0038385391,-0.0059051514,-0.0032873154,-0.004392624,-0.0071058273,-0.0073690414,-0.006193161,-0.0073432922,-0.0015296936,-0.00044727325,-0.0013437271,-0.0016889572,-0.0039720535,-0.0040044785,-0.0022964478,-0.0021533966,-0.0038280487,-0.004213333,-0.0048618317,-0.006729126,-0.0013637543,-0.00012397766,-0.0026378632,-0.0036468506,-0.0043144226,-0.0059833527,-0.0023536682,-0.0032024384,-0.004217148,-0.0065574646,-0.006521225,-0.009338379,-0.002401352,-0.002861023,-0.003976822,-0.0063610077,-0.0069026947,-0.009151459
2117.5,0.0033054352,0.001625061,0.0016355515,0.0029287338,0.0021238327,0.0036287308,-0.0017261505,-0.0032510757,-0.002029419,-0.004488945,-0.0046720505,-0.0050821304,-0.0017814636,-0.004011154,-0.0069522858,-0.007088661,-0.0073156357,-0.0069265366,-0.0024061203,0.00020694733,-0.0019168854,-0.0016832352,-0.0039491653,-0.004992485,-0.0034694672,-0.0032844543,-0.0031604767,-0.0043201447,-0.00554657,-0.0071582794,-0.002008438,-0.0012683868,-0.0031433105,-0.0040626526,-0.0047798157,-0.0070209503,-0.0023422241,-0.003063202,-0.0038528442,-0.0051956177,-0.0055351257,-0.007627487,-0.0025253296,-0.0036315918,-0.0044727325,-0.0064926147,-0.0064792633,-0.009414673
2118.5,0.0024023056,0.0018863678,0.0013475418,0.0020885468,0.002073288,0.0034275055,-0.002699852,-0.0029754639,-0.0028266907,-0.004067421,-0.0047397614,-0.0050029755,-0.0007286072,-0.004142761,-0.0065431595,-0.0071849823,-0.0073423386,-0.005927086,-0.0018396378,1.5258789e-05,-0.001914978,-0.0022277832,-0.0035619736,-0.0055208206,-0.0023288727,-0.0028686523,-0.0033740997,-0.0044727325,-0.005508423,-0.006427765,-0.0018558502,-0.0013313293,-0.0023117065,-0.0034065247,-0.0037612915,-0.0060310364,-0.0024719238,-0.002603531,-0.004589081,-0.0061073303,-0.006504059,-0.008262634,-0.002380371,-0.0035591125,-0.004442215,-0.0064888,-0.006723404,-0.009168625
2119.5,0.002199173,0.002158165,0.0015439987,0.0011129379,0.0022058487,0.0037984848,-0.0030679703,-0.0041656494,-0.0034828186,-0.005473137,-0.005466461,-0.00578022,-0.0028190613,-0.0035600662,-0.0064764023,-0.0074625015,-0.0074090958,-0.005200386,-0.0015048981,-0.0018825531,-0.0022220612,-0.0036802292,-0.0042877197,-0.0052785873,-0.0023880005,-0.003194809,-0.002603531,-0.0041885376,-0.0050735474,-0.0065288544,-0.0015869141,-0.0012893677,-0.0020217896,-0.0036449432,-0.0037155151,-0.006412506,-0.0016918182,-0.0026302338,-0.0029945374,-0.0045433044,-0.0048561096,-0.007928848,-0.002204895,-0.0031661987,-0.0046215057,-0.005754471,-0.006383896,-0.009714127
2120.5,0.002067566,0.0029287338,0.0013742447,0.00187397,0.0019569397,0.0041484833,-0.0030155182,-0.0037565231,-0.0030765533,-0.00505352,-0.00488472,-0.0050640106,-0.003520012,-0.0040225983,-0.0059509277,-0.0066375732,-0.0075969696,-0.005809784,-0.00019836426,-0.00022888184,-0.001830101,-0.0036363602,-0.0042533875,-0.0058135986,-0.0013942719,-0.0022125244,-0.0033187866,-0.0042705536,-0.005830765,-0.0063877106,-0.0015640259,-0.0016899109,-0.0021533966,-0.0031528473,-0.003490448,-0.005924225,-0.0027046204,-0.0031642914,-0.0049800873,-0.006298065,-0.0062446594,-0.0089969635,-0.0026416779,-0.0038051605,-0.0048160553,-0.0069522858,-0.006855011,-0.009220123
2121.5,0.0014133453,0.0017194748,0.00024414062,-0.00021076202,0.00018119812,0.0021343231,-0.0014638901,-0.004057884,-0.002333641,-0.0046949387,-0.0046281815,-0.005352974,-0.0036811829,-0.0030765533,-0.004966736,-0.0065364838,-0.0066070557,-0.007923126,-0.00018692017,-0.0027837753,-0.0021648407,-0.004011154,-0.005542755,-0.006245613,-0.0024604797,-0.0028495789,-0.003932953,-0.004558563,-0.0054798126,-0.006937027,-0.0007324219,-0.0016498566,-0.0017623901,-0.0028743744,-0.002922058,-0.0053806305,-0.0020008087,-0.0030174255,-0.003938675,-0.005086899,-0.005191803,-0.0080451965,-0.0021095276,-0.00299263,-0.004262924,-0.006132126,-0.0063476562,-0.009067535
2122.5,0.00060749054,0.00045013428,-0.0007019043,-0.0011777878,-0.0010061264,0.0010004044,-0.0016126633,-0.0036125183,-0.0028800964,-0.0044412613,-0.004887581,-0.005955696,-0.0049142838,-0.0033473969,-0.0062208176,-0.0067043304,-0.008342743,-0.010334015,-0.00043964386,-0.002313614,-0.0018548965,-0.0024089813,-0.003578186,-0.0054445267,-0.0017528534,-0.0023727417,-0.0033187866,-0.0040512085,-0.0046901703,-0.006088257,-0.0016536713,-0.0019760132,-0.0025978088,-0.003047943,-0.0035381317,-0.006072998,-0.002286911,-0.0024757385,-0.004398346,-0.0056877136,-0.0053520203,-0.0082912445,-0.0022411346,-0.0028209686,-0.0041980743,-0.005657196,-0.005710602,-0.008600235
2123.5,0.0012712479,0.0014915466,-2.002716e-05,0.00022411346,-3.71933e-05,0.000957489,-0.0028514862,-0.0044813156,-0.0038223267,-0.0050878525,-0.005173683,-0.008355141,-0.0039424896,-0.002653122,-0.0056552887,-0.0056886673,-0.0072221756,-0.009778023,-0.00091171265,-0.002325058,-0.002275467,-0.0026073456,-0.0035266876,-0.005894661,-0.0025558472,-0.0027656555,-0.0039634705,-0.0050086975,-0.006023407,-0.007593155,-0.0012207031,-0.0020427704,-0.0031833649,-0.0035629272,-0.0041599274,-0.0059757233,-0.0019435883,-0.0024757385,-0.0040130615,-0.0049438477,-0.005186081,-0.007341385,-0.0021820068,-0.0028858185,-0.0036754608,-0.0050258636,-0.0059509277,-0.008605957
2124.5,0.0013551712,0.0012454987,0.0005502701,0.0005931854,0.00048351288,0.0013933182,-0.003736496,-0.0042743683,-0.005022049,-0.005215645,-0.005932808,-0.008220673,-0.004924774,-0.0043497086,-0.006251335,-0.007077217,-0.008119583,-0.010761261,-0.0018348694,-0.0017728806,-0.002609253,-0.0042352676,-0.0042676926,-0.0077848434,-0.0019016266,-0.0019721985,-0.0030956268,-0.0039157867,-0.004459381,-0.006269455,-0.0018405914,-0.0019836426,-0.0032348633,-0.0039424896,-0.0035915375,-0.006254196,-0.0027103424,-0.003692627,-0.004091263,-0.006248474,-0.0051059723,-0.008867264,-0.0017147064,-0.0026931763,-0.0044078827,-0.005886078,-0.005636215,-0.008466721
2125.5,0.0009870529,-0.001455307,-3.2424927e-05,9.8228455e-05,-0.00058460236,0.0012331009,-0.0035352707,-0.0029687881,-0.003786087,-0.003783226,-0.0052948,-0.0069274902,-0.0039634705,-0.0047855377,-0.0054073334,-0.0064792633,-0.0064144135,-0.009856224,-0.002878189,-0.0012798309,-0.0031385422,-0.005218506,-0.004265785,-0.007876396,-0.0021038055,-0.00242424,-0.0032024384,-0.0043563843,-0.0058116913,-0.0070228577,-0.0016117096,-0.0013637543,-0.0025749207,-0.0038433075,-0.0040721893,-0.0062713623,-0.002527237,-0.003610611,-0.0038585663,-0.006088257,-0.005475998,-0.007774353,-0.0019836426,-0.0025730133,-0.0035820007,-0.0049324036,-0.0057048798,-0.0084552765
2126.5,0.0011911392,-0.002128601,-0.00045967102,-0.00051498413,-0.0012598038,0.0003271103,-0.0030965805,-0.0030899048,-0.0048885345,-0.005514145,-0.0058813095,-0.0072431564,-0.004901886,-0.0054531097,-0.0059862137,-0.007575035,-0.007813454,-0.010221481,-0.002863884,-0.0011329651,-0.0027103424,-0.0043678284,-0.0040626526,-0.007581711,-0.0019893646,-0.002500534,-0.0028038025,-0.0043258667,-0.0045547485,-0.006752014,-0.0016326904,-0.0015850067,-0.0034065247,-0.003923416,-0.0042476654,-0.006210327,-0.0019302368,-0.0026340485,-0.004217148,-0.006565094,-0.0057640076,-0.008813858,-0.0016613007,-0.0025043488,-0.0034484863,-0.005525589,-0.0054740906,-0.008255005
2127.5,0.0006093979,-0.002380371,-0.0011911392,-0.0007352829,-0.001531601,0.000289917,-0.003186226,-0.0037288666,-0.004302025,-0.006280899,-0.0074472427,-0.0074272156,-0.0045576096,-0.0038433075,-0.0059280396,-0.007367134,-0.007961273,-0.010503769,-0.004040718,-0.0018835068,-0.0023241043,-0.0045366287,-0.0059518814,-0.008829117,-0.001964569,-0.0026016235,-0.0029945374,-0.0038795471,-0.004764557,-0.0068244934,-0.0013256073,-0.0013866425,-0.0032024384,-0.004388809,-0.004835129,-0.0066871643,-0.0015888214,-0.002538681,-0.0031433105,-0.005174637,-0.00450325,-0.0071811676,-0.0018672943,-0.0027885437,-0.0033798218,-0.0043182373,-0.0052490234,-0.008283615
2128.5,-0.00038051605,-0.0013227463,-0.00071430206,-0.0012197495,-0.0007171631,-0.0003862381,-0.0046873093,-0.0042619705,-0.00507164,-0.006668091,-0.007933617,-0.008490562,-0.00411129,-0.0027532578,-0.0055389404,-0.006245613,-0.00784874,-0.010152817,-0.0035629272,-0.0010099411,-0.0019283295,-0.003660202,-0.0051994324,-0.007604599,-0.0021381378,-0.0019664764,-0.0033836365,-0.0047721863,-0.005558014,-0.0072784424,-0.0011558533,-0.0013046265,-0.003419876,-0.004623413,-0.004875183,-0.0067825317,-0.0016365051,-0.0025749207,-0.003862381,-0.00507164,-0.0051517487,-0.0075302124,-0.0014019012,-0.0018024445,-0.0033359528,-0.005502701,-0.0059127808,-0.0078125
2129.5,0.00015354156,9.059906e-05,-0.00050258636,-0.0015506744,-0.0025291443,-0.0004930496,-0.003206253,-0.002456665,-0.0034160614,-0.0043468475,-0.00689888,-0.0073900223,-0.0031986237,-0.0031175613,-0.0042448044,-0.0050115585,-0.0073661804,-0.008897781,-0.0016956329,-0.0016708374,-0.0023126602,-0.0025577545,-0.005063057,-0.0070638657,-0.0023326874,-0.0020618439,-0.003540039,-0.004299164,-0.0052452087,-0.0076084137,-0.0013599396,-0.0008506775,-0.0035076141,-0.004497528,-0.00459671,-0.005908966,-0.0017642975,-0.0025367737,-0.003484726,-0.005300522,-0.004535675,-0.0076236725,-0.0018157959,-0.0027236938,-0.0035915375,-0.005050659,-0.005329132,-0.008178711
2130.5,-8.9645386e-05,0.0019207001,-0.00013446808,-0.0009498596,-0.0020074844,-0.0011148453,-0.0036611557,-0.0030565262,-0.0028915405,-0.005338669,-0.0064496994,-0.0070228577,-0.004712105,-0.0039405823,-0.005587578,-0.0068769455,-0.00831604,-0.0095386505,-6.2942505e-05,-0.0014162064,-0.0019607544,-0.0022716522,-0.004037857,-0.0067424774,-0.0014762878,-0.0014286041,-0.002609253,-0.004081726,-0.0055065155,-0.006816864,-0.0014305115,-0.0017299652,-0.003961563,-0.004840851,-0.004919052,-0.006916046,-0.0016021729,-0.00242424,-0.0033779144,-0.0050182343,-0.005010605,-0.007659912,-0.0016880035,-0.0019378662,-0.0030879974,-0.0051231384,-0.0053043365,-0.008106232
2131.5,0.00061130524,0.0029315948,0.0003938675,-0.00039672852,-0.0008621216,-0.0003528595,-0.003479004,-0.004216194,-0.0040216446,-0.0068950653,-0.0064373016,-0.007077217,-0.0038986206,-0.004937172,-0.0059461594,-0.00685215,-0.0078105927,-0.009725571,-0.0009317398,-0.0010519028,-0.002196312,-0.0035037994,-0.0057554245,-0.007926941,-0.0021190643,-0.0025024414,-0.0033817291,-0.0045108795,-0.006011963,-0.007936478,-0.0011844635,-0.0017280579,-0.003452301,-0.004732132,-0.0047569275,-0.0062847137,-0.002275467,-0.0026397705,-0.0036849976,-0.0050468445,-0.0049819946,-0.007511139,-0.0017471313,-0.0021133423,-0.0032138824,-0.0048236847,-0.0049476624,-0.008134842
2132.5,0.00058555603,0.0020895004,-0.0006322861,-0.00032806396,-0.0018348694,-0.0014286041,-0.0023269653,-0.004889488,-0.0044059753,-0.006354332,-0.0064964294,-0.007618904,-0.00467968,-0.0050964355,-0.0055713654,-0.00774765,-0.008055687,-0.008516312,-0.0013418198,-0.0005340576,-0.0021619797,-0.003897667,-0.005867958,-0.009142876,-0.0013523102,-0.0021514893,-0.0029468536,-0.0039978027,-0.005121231,-0.0064754486,-0.0009651184,-0.0016059875,-0.002811432,-0.0047359467,-0.0039920807,-0.006532669,-0.0016975403,-0.0026073456,-0.0032424927,-0.004802704,-0.0046596527,-0.0070438385,-0.001531601,-0.002571106,-0.003791809,-0.00497818,-0.0053253174,-0.008285522
2133.5,0.0009899139,0.00061893463,0.00016498566,-3.71933e-05,-0.0015544891,-0.0020627975,-0.0014381409,-0.0037841797,-0.0036010742,-0.0051927567,-0.0052080154,-0.007593155,-0.004511833,-0.004743576,-0.0054121017,-0.008759499,-0.008424759,-0.007806778,-0.002688408,-0.0018920898,-0.0019636154,-0.004746437,-0.006044388,-0.008654594,-0.0022830963,-0.0021152496,-0.0031661987,-0.0042686462,-0.006046295,-0.0072155,-0.0012378693,-0.0029449463,-0.0033283234,-0.005455017,-0.004776001,-0.007162094,-0.0016956329,-0.0023880005,-0.0030555725,-0.0049419403,-0.004688263,-0.006843567,-0.0019493103,-0.0023479462,-0.0032596588,-0.0048332214,-0.005126953,-0.008264542
2134.5,0.0004930496,-0.0010519028,-0.0012741089,-0.0010509491,-0.0018281937,-0.0028905869,-0.0030174255,-0.0037326813,-0.0032863617,-0.0056676865,-0.005630493,-0.0074949265,-0.004524231,-0.0041971207,-0.0042209625,-0.0075330734,-0.007618904,-0.00687027,-0.0033540726,-0.0031871796,-0.0024709702,-0.0048217773,-0.0053071976,-0.009267807,-0.0018939972,-0.0022792816,-0.0032234192,-0.004383087,-0.0053272247,-0.007499695,-0.0012760162,-0.0029468536,-0.0030136108,-0.005393982,-0.004468918,-0.0067768097,-0.0016326904,-0.0021266937,-0.0029315948,-0.0049362183,-0.004709244,-0.0070552826,-0.0016822815,-0.0023174286,-0.0034675598,-0.004787445,-0.00513649,-0.008550644
2135.5,0.0005607605,-0.0016117096,-0.00035953522,-0.0013360977,-0.0022706985,-0.002565384,-0.0035057068,-0.0048179626,-0.0034456253,-0.0058193207,-0.005422592,-0.0074949265,-0.004573822,-0.0037117004,-0.0039434433,-0.0074567795,-0.006257057,-0.007367134,-0.003004074,-0.0033092499,-0.0029850006,-0.004917145,-0.004005432,-0.009604454,-0.0016269684,-0.0025749207,-0.00308609,-0.004219055,-0.005914688,-0.0071411133,-0.0007801056,-0.002368927,-0.003255844,-0.004896164,-0.004289627,-0.006374359,-0.0017871857,-0.0023918152,-0.0030536652,-0.005252838,-0.00463295,-0.007183075,-0.0008831024,-0.0017719269,-0.0028648376,-0.0042800903,-0.0046844482,-0.007820129
2136.5,-0.00020694733,-0.0002374649,-0.0005197525,-0.0019168854,-0.0019359589,-0.002418518,-0.003575325,-0.0045022964,-0.0035142899,-0.006166458,-0.004322052,-0.006975174,-0.0044431686,-0.0030527115,-0.0030612946,-0.006357193,-0.006491661,-0.0068101883,-0.0012350082,-0.0028152466,-0.0032615662,-0.0037326813,-0.003203392,-0.008095741,-0.002161026,-0.002664566,-0.004014969,-0.0050849915,-0.006149292,-0.008049011,-0.0016899109,-0.0026416779,-0.0033454895,-0.0046920776,-0.004114151,-0.0062065125,-0.0015697479,-0.002275467,-0.0031528473,-0.004886627,-0.0043621063,-0.0066375732,-0.0016613007,-0.0021686554,-0.0031089783,-0.004732132,-0.0049858093,-0.008348465
2137.5,-0.0011520386,-0.0005130768,-0.0024261475,-0.0027484894,-0.002538681,-0.003774643,-0.0041866302,-0.0043325424,-0.0033950806,-0.0063972473,-0.0046138763,-0.00688076,-0.0037736893,-0.0029792786,-0.0029535294,-0.006052971,-0.006526947,-0.005812645,0.0005607605,-0.0016174316,-0.0027446747,-0.0023088455,-0.0041627884,-0.007212639,-0.0025177002,-0.0039100647,-0.0046215057,-0.0054626465,-0.006591797,-0.008289337,-0.0010128021,-0.0026054382,-0.0033416748,-0.004142761,-0.0036907196,-0.0064868927,-0.001750946,-0.0021476746,-0.0031261444,-0.004890442,-0.0039978027,-0.006843567,-0.0014648438,-0.0022735596,-0.0031337738,-0.0044403076,-0.004928589,-0.008384705
2138.5,-0.0016336441,-0.000538826,-0.0019340515,-0.0031728745,-0.002023697,-0.0034618378,-0.0047311783,-0.0048704147,-0.002699852,-0.007211685,-0.0055150986,-0.008049965,-0.003988266,-0.004012108,-0.0033226013,-0.0065994263,-0.006878853,-0.0067567825,-0.00030326843,-0.0004644394,-0.0033893585,-0.004500389,-0.0056962967,-0.007413864,-0.0019836426,-0.002401352,-0.003145218,-0.0046844482,-0.0051727295,-0.0073986053,-0.0011081696,-0.0024108887,-0.0027599335,-0.0043640137,-0.0044612885,-0.0069179535,-0.0018825531,-0.0025119781,-0.0029659271,-0.00484848,-0.0040607452,-0.006910324,-0.0015773773,-0.0021839142,-0.0030288696,-0.0045681,-0.0048942566,-0.008260727
2139.5,-0.0013465881,-0.0015878677,-0.0030431747,-0.0031223297,-0.0015134811,-0.0026416779,-0.0038337708,-0.003443718,-0.0033159256,-0.007204056,-0.0053129196,-0.008571625,-0.0034036636,-0.004087448,-0.0029935837,-0.006515503,-0.0067853928,-0.005768776,-0.0019140244,-0.0015115738,-0.0028657913,-0.0067272186,-0.0061922073,-0.009498596,-0.0018100739,-0.0029621124,-0.0034008026,-0.0053253174,-0.0053310394,-0.007814407,-0.0012264252,-0.0022830963,-0.0027542114,-0.004968643,-0.004837036,-0.0070228577,-0.002029419,-0.0024662018,-0.003332138,-0.0049209595,-0.004169464,-0.007089615,-0.0013027191,-0.0020885468,-0.0029506683,-0.0044345856,-0.00484848,-0.007873535
2140.5,0.00035476685,-0.0010948181,-0.002530098,-0.0026254654,-0.0010938644,-0.0022850037,-0.003818512,-0.0030565262,-0.0034103394,-0.0068922043,-0.005402565,-0.008595467,-0.003624916,-0.0037631989,-0.002776146,-0.0065813065,-0.0070228577,-0.007163048,-0.0024490356,-0.0017061234,-0.0015621185,-0.004418373,-0.003446579,-0.008191109,-0.0021247864,-0.0025119781,-0.0032196045,-0.004470825,-0.005044937,-0.006652832,-0.0015296936,-0.0018692017,-0.002658844,-0.0048103333,-0.004831314,-0.0076389313,-0.0012016296,-0.0015888214,-0.0024528503,-0.003961563,-0.0039596558,-0.0064315796,-0.0015716553,-0.0021247864,-0.0030574799,-0.0042972565,-0.0049095154,-0.007986069
2141.5,0.0013513565,-0.00032806396,-0.0016794205,-0.0016126633,-0.0016202927,9.1552734e-05,-0.0047187805,-0.004968643,-0.004678726,-0.008011818,-0.007590294,-0.010375023,-0.0034723282,-0.0023488998,-0.0034542084,-0.0059719086,-0.0074501038,-0.008151054,-0.0018987656,-0.0010623932,-0.0017547607,-0.004067421,-0.0031490326,-0.008246422,-0.0020580292,-0.002067566,-0.0028266907,-0.0053081512,-0.0053806305,-0.006996155,-0.0019874573,-0.0025939941,-0.003282547,-0.005153656,-0.0050315857,-0.0071983337,-0.0019607544,-0.0026454926,-0.0034809113,-0.0045108795,-0.0041046143,-0.0071029663,-0.0016002655,-0.0022697449,-0.0029640198,-0.004430771,-0.004863739,-0.0080394745
2142.5,0.00096416473,0.000998497,0.00016117096,-0.0006494522,-0.0021266937,-0.00025463104,-0.0055379868,-0.0056095123,-0.0044021606,-0.008336067,-0.00850296,-0.010458946,-0.0038385391,-0.0031309128,-0.004286766,-0.0056962967,-0.007358551,-0.009167671,-1.9073486e-06,-0.00054740906,-0.0013399124,-0.0025558472,-0.0029859543,-0.007598877,-0.002166748,-0.0022506714,-0.0027923584,-0.004558563,-0.0047683716,-0.006914139,-0.0021152496,-0.0032024384,-0.0042152405,-0.0056877136,-0.00598526,-0.008085251,-0.0018424988,-0.00233078,-0.002538681,-0.004306793,-0.0039577484,-0.0066871643,-0.001613617,-0.0023975372,-0.0031795502,-0.0046215057,-0.00504303,-0.008260727
2143.5,0.001367569,0.0015363693,-0.0009069443,-0.0011930466,-0.0015592575,-0.0019769669,-0.004961014,-0.005080223,-0.0053710938,-0.0084962845,-0.0067224503,-0.010270119,-0.0037574768,-0.0038175583,-0.0042276382,-0.0060682297,-0.0074825287,-0.011066437,0.0007972717,0.0008687973,-0.0024766922,-0.0024604797,-0.0046977997,-0.0075445175,-0.0017051697,-0.0014152527,-0.0026340485,-0.004611969,-0.0045375824,-0.006778717,-0.0022087097,-0.003616333,-0.0044002533,-0.005760193,-0.0054073334,-0.0078086853,-0.0020256042,-0.00248909,-0.0028953552,-0.004573822,-0.0040779114,-0.0066432953,-0.0016841888,-0.0024604797,-0.003112793,-0.004436493,-0.0047416687,-0.007955551
2144.5,0.0017738342,0.0012054443,-0.000831604,-0.0011281967,-0.00060653687,-0.0011367798,-0.004507065,-0.0057048798,-0.005876541,-0.0079164505,-0.0070791245,-0.009205818,-0.0046806335,-0.0035505295,-0.004591942,-0.00621891,-0.007695198,-0.010719299,-5.054474e-05,-0.00076675415,-0.002448082,-0.004507065,-0.0053920746,-0.0078020096,-0.0023422241,-0.002122879,-0.002861023,-0.0047855377,-0.0048980713,-0.0071525574,-0.00050354004,-0.0020980835,-0.003396988,-0.004459381,-0.0043640137,-0.00771904,-0.0018901825,-0.0021381378,-0.0033454895,-0.004383087,-0.003929138,-0.0065746307,-0.0016288757,-0.0025615692,-0.00315094,-0.0046024323,-0.0048103333,-0.008043289
2145.5,0.0005836487,0.0011367798,-0.0026664734,-0.0025348663,-0.0015144348,-0.0017051697,-0.0046749115,-0.0058631897,-0.0061244965,-0.008435249,-0.008051872,-0.010019302,-0.0041513443,-0.0033664703,-0.0043439865,-0.0066719055,-0.0075626373,-0.010885239,-0.0004386902,9.1552734e-05,-0.0007534027,-0.0034389496,-0.004137039,-0.0073423386,-0.0022201538,-0.0029716492,-0.004175186,-0.004425049,-0.006181717,-0.007221222,-0.0014209747,-0.0029392242,-0.003004074,-0.005384445,-0.0048332214,-0.006875992,-0.0017547607,-0.0022335052,-0.0021152496,-0.004447937,-0.004055023,-0.006008148,-0.0017757416,-0.002506256,-0.0032215118,-0.0047912598,-0.004808426,-0.008090973
2146.5,0.00089263916,0.00253582,-0.0010194778,-0.002579689,-0.0016565323,-0.002245903,-0.0033512115,-0.00521183,-0.004802704,-0.006505966,-0.007000923,-0.008535385,-0.004421234,-0.004216194,-0.0060710907,-0.0072107315,-0.008189201,-0.011400223,-0.0016002655,-0.0010375977,-0.0016975403,-0.0046110153,-0.00527668,-0.00822258,-0.002588272,-0.0024662018,-0.0031318665,-0.004179001,-0.005197525,-0.0073547363,-0.000579834,-0.0017032623,-0.0018730164,-0.0041942596,-0.0033111572,-0.0064086914,-0.0015945435,-0.0023269653,-0.0035057068,-0.00447464,-0.004333496,-0.0066547394,-0.0015029907,-0.0021686554,-0.0030879974,-0.0045719147,-0.004737854,-0.007915497
2147.5,0.0012750626,0.0019016266,-0.0015897751,-0.002822876,-0.0024251938,-0.004483223,-0.0029096603,-0.0035390854,-0.0033769608,-0.00493145,-0.0052013397,-0.007393837,-0.004425049,-0.005056381,-0.0057754517,-0.0075969696,-0.008361816,-0.010304451,-0.0020208359,-0.0017910004,-0.0029478073,-0.0045204163,-0.0052452087,-0.00877285,-0.0017795563,-0.0025615692,-0.003780365,-0.0039577484,-0.004764557,-0.006177902,-0.001493454,-0.0018749237,-0.0023994446,-0.004541397,-0.0038776398,-0.0065574646,-0.0015964508,-0.0024929047,-0.0022468567,-0.004207611,-0.0044574738,-0.0056056976,-0.0016384125,-0.0025138855,-0.0032596588,-0.0048980713,-0.004919052,-0.007930756
2148.5,-0.0013360977,0.0007200241,-0.0019111633,-0.0016813278,-0.0039138794,-0.004143715,-0.0031375885,-0.0032234192,-0.004875183,-0.00518322,-0.0056447983,-0.007548332,-0.004096031,-0.00467968,-0.005601883,-0.0069150925,-0.007369995,-0.008800507,-0.001531601,-0.0012054443,-0.0022563934,-0.0033798218,-0.0059022903,-0.008410454,-0.0025196075,-0.0030097961,-0.0031318665,-0.004852295,-0.005739212,-0.007463455,-0.002155304,-0.0024280548,-0.0028572083,-0.0046424866,-0.004951477,-0.0073337555,-0.0014133453,-0.0020122528,-0.0027008057,-0.004037857,-0.0039100647,-0.0062236786,-0.0017566681,-0.0025577545,-0.003124237,-0.004919052,-0.004928589,-0.00812912
2149.5,-0.0016298294,-0.00060367584,-0.0006942749,-0.0025253296,-0.0030670166,-0.0036420822,-0.0034399033,-0.0031356812,-0.005101204,-0.0063295364,-0.0057878494,-0.008141518,-0.0041999817,-0.0050468445,-0.0057640076,-0.0073022842,-0.008428574,-0.008511543,-0.0012683868,-0.0002040863,-0.0023212433,-0.002421379,-0.005753517,-0.007596016,-0.001789093,-0.0022068024,-0.0031833649,-0.0040740967,-0.004802704,-0.006893158,-0.0025177002,-0.003189087,-0.0032234192,-0.0051784515,-0.0046253204,-0.00689888,-0.0015144348,-0.0021820068,-0.00274086,-0.0040683746,-0.0038318634,-0.005706787,-0.0014781952,-0.0021953583,-0.0029010773,-0.004693985,-0.0047302246,-0.007883072
2150.5,-0.0006465912,0.001707077,-0.00073337555,-0.0027122498,-0.0057001114,-0.005022049,-0.0035247803,-0.0039901733,-0.005094528,-0.006799698,-0.0053300858,-0.008475304,-0.005132675,-0.005126953,-0.0056352615,-0.008523941,-0.008612633,-0.0077209473,-0.0017194748,-0.001127243,-0.0023756027,-0.003435135,-0.0057611465,-0.008645058,-0.002729416,-0.0029735565,-0.0033721924,-0.005426407,-0.006259918,-0.007490158,-0.0013828278,-0.002538681,-0.0027313232,-0.003900528,-0.00415802,-0.0071372986,-0.0013065338,-0.0022239685,-0.0029716492,-0.0041542053,-0.0037937164,-0.006002426,-0.0013980865,-0.0022678375,-0.0028820038,-0.004507065,-0.0047397614,-0.0077495575
2151.5,0.00048160553,0.00237751,-0.0002670288,-0.0033054352,-0.003604889,-0.0044879913,-0.0023832321,-0.0034618378,-0.0029792786,-0.005334854,-0.0047340393,-0.008067131,-0.005261421,-0.0050764084,-0.0059633255,-0.008366585,-0.009088516,-0.0075216293,-0.0016717911,-0.00053310394,-0.002565384,-0.003920555,-0.0051116943,-0.008342743,-0.0015125275,-0.0020160675,-0.0030288696,-0.0042686462,-0.0050258636,-0.0068073273,-0.0013198853,-0.0025043488,-0.0026397705,-0.004240036,-0.0046138763,-0.0074691772,-0.0016517639,-0.0024356842,-0.0027503967,-0.004152298,-0.0040779114,-0.0062885284,-0.0014266968,-0.002407074,-0.0032215118,-0.004798889,-0.0050525665,-0.007972717
2152.5,0.00016593933,-0.00041866302,-0.0013914108,-0.0030708313,-0.0029830933,-0.0027532578,-0.0034952164,-0.0032978058,-0.0032262802,-0.0055761337,-0.0052042007,-0.008070946,-0.0048036575,-0.0041828156,-0.0048599243,-0.0066986084,-0.007396698,-0.0058107376,-0.0017747879,-0.0013189316,-0.003206253,-0.0041885376,-0.006512642,-0.0093688965,-0.002325058,-0.0025100708,-0.0033092499,-0.005224228,-0.005876541,-0.007024765,-0.0016174316,-0.002380371,-0.0034332275,-0.004289627,-0.004650116,-0.0073394775,-0.0013637543,-0.001958847,-0.0026931763,-0.0044555664,-0.00349617,-0.006341934,-0.0017356873,-0.0024299622,-0.0030136108,-0.004468918,-0.0048770905,-0.007827759
2153.5,-0.0011558533,-0.00027751923,-0.0014648438,-0.0033435822,-0.005756378,-0.004049301,-0.0032434464,-0.003947258,-0.00283432,-0.0057115555,-0.0064115524,-0.008298874,-0.0053987503,-0.0041074753,-0.004825592,-0.008070946,-0.0081682205,-0.0068588257,-0.0023317337,-0.0016918182,-0.0035238266,-0.0038785934,-0.0061445236,-0.009334564,-0.0014820099,-0.0018558502,-0.003036499,-0.004365921,-0.0055160522,-0.0068569183,-0.0019302368,-0.0023956299,-0.0029067993,-0.004087448,-0.0041122437,-0.0067443848,-0.0014781952,-0.0020580292,-0.002696991,-0.004137039,-0.0035953522,-0.0062274933,-0.001405716,-0.0023231506,-0.0029335022,-0.004306793,-0.0046463013,-0.0074214935
2154.5,-0.0018577576,-0.0003271103,-0.0013513565,-0.0018453598,-0.0024108887,-0.0028600693,-0.004430771,-0.0042057037,-0.0045261383,-0.006579399,-0.007331848,-0.008753777,-0.0038814545,-0.004392624,-0.004166603,-0.008075714,-0.007943153,-0.0073661804,-0.0019979477,-0.0016298294,-0.0039548874,-0.0033140182,-0.0057649612,-0.009282112,-0.0017108917,-0.002111435,-0.0031337738,-0.00475502,-0.004983902,-0.007341385,-0.0024375916,-0.0023784637,-0.0028743744,-0.0044879913,-0.0043945312,-0.0069389343,-0.0015411377,-0.002040863,-0.002943039,-0.0040893555,-0.003917694,-0.006319046,-0.001411438,-0.0021533966,-0.002998352,-0.004196167,-0.004442215,-0.007457733
2155.5,-0.0009279251,0.00058555603,-0.0013694763,-0.0024137497,-0.0010318756,-0.0028457642,-0.0032224655,-0.002152443,-0.003973961,-0.006327629,-0.0062847137,-0.0066194534,-0.0047950745,-0.0044517517,-0.0043992996,-0.008419991,-0.008706093,-0.008747101,-0.0022649765,-0.0021848679,-0.0035972595,-0.0028305054,-0.005487442,-0.0088710785,-0.0011863708,-0.0015888214,-0.0029697418,-0.004234314,-0.004676819,-0.006099701,-0.0017776489,-0.002401352,-0.0029640198,-0.0036315918,-0.0034046173,-0.006263733,-0.0016708374,-0.0022640228,-0.0029525757,-0.004217148,-0.004047394,-0.006549835,-0.0015335083,-0.0021972656,-0.0029773712,-0.004289627,-0.00434494,-0.0072288513
2156.5,-0.0010318756,-0.00082683563,-0.002573967,-0.0031118393,-0.00027656555,-0.0024690628,-0.0040712357,-0.00340271,-0.0031461716,-0.0060071945,-0.0065174103,-0.007487297,-0.0038347244,-0.004289627,-0.0032463074,-0.008688927,-0.008171082,-0.010389328,-0.0023622513,-0.0022449493,-0.002998352,-0.0040197372,-0.0058584213,-0.008799553,-0.0015735626,-0.0018844604,-0.002878189,-0.004459381,-0.004705429,-0.0069274902,-0.0019073486,-0.002445221,-0.0023765564,-0.004804611,-0.0037078857,-0.0062332153,-0.0016040802,-0.0019207001,-0.002708435,-0.0042762756,-0.0037956238,-0.0062503815,-0.0016460419,-0.0023117065,-0.003156662,-0.0045166016,-0.0046424866,-0.0076885223
2157.5,-0.0013790131,-0.00070381165,-0.0028629303,-0.0022687912,-0.00036144257,-0.0027332306,-0.004283905,-0.0043296814,-0.0033102036,-0.006433487,-0.006709099,-0.007879257,-0.0045614243,-0.0049057007,-0.0045547485,-0.0087890625,-0.007854462,-0.012981415,-0.0017786026,-0.001616478,-0.0027923584,-0.0038042068,-0.004958153,-0.008422852,-0.0015525818,-0.0021877289,-0.002954483,-0.0043697357,-0.0047779083,-0.0066337585,-0.001619339,-0.0018081665,-0.002128601,-0.0040454865,-0.0034294128,-0.0063819885,-0.0014858246,-0.0021820068,-0.002796173,-0.003973007,-0.0041332245,-0.0063152313,-0.001449585,-0.0023288727,-0.0030212402,-0.004299164,-0.004421234,-0.0076885223
2158.5,6.67572e-06,0.0008506775,-0.00024223328,-0.0015134811,0.0013637543,-0.002204895,-0.0012178421,-0.0024843216,-0.0022172928,-0.004975319,-0.0040512085,-0.007006645,-0.005675316,-0.004804611,-0.0054340363,-0.0086250305,-0.008265495,-0.014915466,-0.0019540787,-0.0018959045,-0.0036859512,-0.0038881302,-0.0050849915,-0.008688927,-0.0016727448,-0.0024166107,-0.0025100708,-0.0045394897,-0.004760742,-0.0064697266,-0.001367569,-0.0024051666,-0.00233078,-0.004114151,-0.003534317,-0.0061359406,-0.0013885498,-0.0020637512,-0.0022735596,-0.0037555695,-0.0035133362,-0.005493164,-0.0015125275,-0.0020446777,-0.0027942657,-0.0043182373,-0.004388809,-0.007205963
2159.5,-0.0013256073,0.0011730194,-0.0013465881,-0.0025463104,-0.001039505,-0.003985405,-0.0026388168,-0.0034484863,-0.0034322739,-0.0057697296,-0.0053548813,-0.00675869,-0.0051612854,-0.0039367676,-0.005788803,-0.008396149,-0.008606911,-0.014657021,-0.0017280579,-0.0019111633,-0.002825737,-0.0033836365,-0.0051441193,-0.008532524,-0.0014533997,-0.0023765564,-0.0025787354,-0.00425148,-0.0045166016,-0.006708145,-0.0016613007,-0.0023155212,-0.0024223328,-0.0038909912,-0.0036087036,-0.0066070557,-0.0013484955,-0.0018444061,-0.0024375916,-0.0035877228,-0.0034675598,-0.0054798126,-0.00141716,-0.0024414062,-0.0030345917,-0.004142761,-0.0041675568,-0.0073165894
2160.5,-0.0019760132,-0.00070381165,-0.0033664703,-0.0047159195,-0.0015497208,-0.005094528,-0.004388809,-0.0051851273,-0.005340576,-0.005549431,-0.006123543,-0.009159088,-0.004365921,-0.004237175,-0.005637169,-0.0080451965,-0.008277893,-0.012803078,-0.0012321472,-0.0023012161,-0.0035266876,-0.0040216446,-0.004778862,-0.008665085,-0.0016956329,-0.0027256012,-0.002407074,-0.0045166016,-0.004640579,-0.006023407,-0.0017681122,-0.0018520355,-0.0026798248,-0.004228592,-0.0039844513,-0.00630188,-0.001449585,-0.0018997192,-0.0027160645,-0.0040893555,-0.0037384033,-0.005514145,-0.0015296936,-0.0021400452,-0.002790451,-0.004169464,-0.0041713715,-0.00705719
2161.5,-0.001982689,-0.0005235672,-0.0027580261,-0.0033388138,-0.003537178,-0.0061941147,-0.0029764175,-0.004240036,-0.0047283173,-0.0065364838,-0.0043239594,-0.007874489,-0.0035495758,-0.0034866333,-0.0052318573,-0.0084991455,-0.007575035,-0.011156082,-0.0015516281,-0.0025148392,-0.0035896301,-0.0042028427,-0.005296707,-0.009066582,-0.0016803741,-0.002658844,-0.0028362274,-0.0042972565,-0.004266739,-0.006389618,-0.0011520386,-0.0014305115,-0.0017776489,-0.003528595,-0.0036468506,-0.005619049,-0.001461029,-0.0020122528,-0.0025405884,-0.00399971,-0.003850937,-0.0058555603,-0.0014095306,-0.0020599365,-0.0028438568,-0.0039024353,-0.003944397,-0.007003784
2162.5,-0.0032444,-0.0029325485,-0.004006386,-0.0029239655,-0.0057086945,-0.007898331,-0.003965378,-0.0032892227,-0.0044956207,-0.0058145523,-0.005511284,-0.0077695847,-0.0030813217,-0.003865242,-0.004541397,-0.0076875687,-0.007637024,-0.009069443,-0.0014953613,-0.002907753,-0.0036506653,-0.0049524307,-0.006351471,-0.009712219,-0.0010623932,-0.0022602081,-0.002822876,-0.0044574738,-0.0044002533,-0.006374359,-0.0007762909,-0.00085258484,-0.0012454987,-0.0029563904,-0.00340271,-0.0047626495,-0.0013923645,-0.0020713806,-0.002609253,-0.003730774,-0.0036792755,-0.0057373047,-0.0016422272,-0.0021381378,-0.0028381348,-0.0041542053,-0.00409317,-0.0069446564
2163.5,-0.0019111633,-0.001461029,-0.0039377213,-0.0038394928,-0.005411148,-0.0071411133,-0.0027303696,-0.0037078857,-0.004998207,-0.006494522,-0.0064668655,-0.008757591,-0.0031013489,-0.0031433105,-0.0048952103,-0.007863998,-0.00918293,-0.008708954,-0.0018262863,-0.0028429031,-0.0042123795,-0.004076004,-0.0059509277,-0.009180069,-0.0010089874,-0.0025787354,-0.002494812,-0.004152298,-0.0042152405,-0.0063228607,-0.0015602112,-0.0014457703,-0.0025634766,-0.0035209656,-0.0035095215,-0.0055389404,-0.001209259,-0.0019874573,-0.002614975,-0.0037231445,-0.0037155151,-0.005842209,-0.0015563965,-0.0020542145,-0.0027980804,-0.004005432,-0.0041618347,-0.0071163177
2164.5,-0.0032310486,-0.003376007,-0.004670143,-0.005484581,-0.0063152313,-0.0074768066,-0.001947403,-0.0026683807,-0.0036258698,-0.0050525665,-0.004263878,-0.005722046,-0.004190445,-0.0038137436,-0.005678177,-0.007668495,-0.010164261,-0.009074211,-0.0012931824,-0.0016813278,-0.0034160614,-0.0033102036,-0.0055360794,-0.008131981,-0.0017471313,-0.0023460388,-0.0031967163,-0.004175186,-0.0048332214,-0.006626129,-0.0002155304,-0.0011863708,-0.0015850067,-0.002866745,-0.0031147003,-0.004716873,-0.0014724731,-0.0021743774,-0.0026950836,-0.0041007996,-0.003929138,-0.0058345795,-0.0014801025,-0.002002716,-0.0027923584,-0.004047394,-0.0039482117,-0.0069828033
2165.5,-0.0013208389,-0.00090026855,-0.003296852,-0.0039367676,-0.0057764053,-0.0074043274,-0.0022296906,-0.0031471252,-0.0026302338,-0.004480362,-0.005765915,-0.0063848495,-0.003870964,-0.0020828247,-0.005262375,-0.006140709,-0.00825882,-0.00889492,-0.0021028519,-0.0015869141,-0.0040397644,-0.003692627,-0.0057144165,-0.00810051,-0.0011482239,-0.0022830963,-0.0027484894,-0.004432678,-0.0045318604,-0.006313324,-0.00086021423,-0.0012435913,-0.0024909973,-0.0034637451,-0.0029010773,-0.005542755,-0.001367569,-0.0021362305,-0.0023899078,-0.0039463043,-0.0036525726,-0.005804062,-0.0014419556,-0.0022201538,-0.0028839111,-0.004087448,-0.004087448,-0.007024765
2166.5,-0.0025424957,-0.001294136,-0.004565239,-0.005634308,-0.008867264,-0.0075511932,-0.0036401749,-0.003850937,-0.00440979,-0.005631447,-0.0068912506,-0.00782299,-0.0039815903,-0.0019292831,-0.0053749084,-0.0053596497,-0.007923126,-0.009110451,-0.0017986298,-0.0020360947,-0.0038871765,-0.0034065247,-0.004805565,-0.007247925,-0.0016536713,-0.0022335052,-0.0029716492,-0.004594803,-0.0049095154,-0.006193161,-0.00048446655,-0.0016403198,-0.0018157959,-0.0030460358,-0.003376007,-0.0048885345,-0.0012931824,-0.0020484924,-0.0021591187,-0.0038414001,-0.0034008026,-0.0054912567,-0.0014019012,-0.0020999908,-0.0026950836,-0.0039482117,-0.0038547516,-0.006750107
2167.5,-0.0024433136,0.0009536743,-0.005589485,-0.006175995,-0.0061712265,-0.006002426,-0.0029459,-0.0033435822,-0.003602028,-0.0053081512,-0.006586075,-0.0068235397,-0.0032100677,-0.0019454956,-0.0053949356,-0.003903389,-0.007826805,-0.008877754,-0.0012407303,-0.0002155304,-0.0025959015,-0.0024757385,-0.004606247,-0.0075626373,-0.0018692017,-0.0030517578,-0.0034255981,-0.00475502,-0.0047187805,-0.006181717,-0.0011043549,-0.001739502,-0.0026359558,-0.0036621094,-0.002773285,-0.005422592,-0.0011539459,-0.0017585754,-0.0019760132,-0.0035419464,-0.003189087,-0.0049800873,-0.0013790131,-0.0021476746,-0.0027885437,-0.0041065216,-0.004003525,-0.006860733
2168.5,-0.0037412643,0.00090026855,-0.004635811,-0.0046720505,-0.0062503815,-0.007323265,-0.0031204224,-0.005648613,-0.002500534,-0.0046424866,-0.006046295,-0.007884979,-0.0041399,-0.0033111572,-0.0062942505,-0.0052833557,-0.0071954727,-0.00914669,-0.0010957718,-0.0012636185,-0.0032367706,-0.0032224655,-0.0050525665,-0.007996559,-0.0022697449,-0.003004074,-0.0028800964,-0.0052547455,-0.004968643,-0.006128311,-0.0012931824,-0.0008869171,-0.002483368,-0.0027599335,-0.00289917,-0.005596161,-0.0011119843,-0.0017414093,-0.0020503998,-0.0033302307,-0.0031795502,-0.0052337646,-0.0013198853,-0.0020122528,-0.0026855469,-0.0040073395,-0.004020691,-0.0067539215
2169.5,-0.0005455017,0.002655983,-0.0029382706,-0.0032758713,-0.0051641464,-0.004553795,-0.0019216537,-0.003066063,-0.0024776459,-0.0029344559,-0.0042152405,-0.006132126,-0.003931999,-0.0033340454,-0.0058717728,-0.0049962997,-0.0060749054,-0.007159233,-0.00014400482,-0.0018424988,-0.0028181076,-0.0034303665,-0.004761696,-0.00788784,-0.0028209686,-0.0038394928,-0.003692627,-0.00491333,-0.0052490234,-0.0069465637,-0.0013618469,-0.0017662048,-0.0028705597,-0.0040073395,-0.00289917,-0.0052280426,-0.0012397766,-0.0020160675,-0.0023517609,-0.0034389496,-0.0032901764,-0.0052890778,-0.0014724731,-0.0022029877,-0.002714157,-0.003944397,-0.0041046143,-0.006811142
2170.5,0.0022535324,-0.0005578995,-0.0014209747,-0.003566742,-0.003575325,-0.0036315918,-0.0016756058,-0.0016965866,-0.0015773773,-0.0036773682,-0.004345894,-0.0049562454,-0.003704071,-0.0024404526,-0.0048151016,-0.005739212,-0.0063848495,-0.006000519,-0.00011539459,-0.002363205,-0.0029792786,-0.0032949448,-0.004559517,-0.0078315735,-0.0020065308,-0.0030536652,-0.0031089783,-0.004289627,-0.004558563,-0.0058498383,-0.0016078949,-0.0022068024,-0.002368927,-0.0033416748,-0.0032138824,-0.0057621,-0.0013237,-0.0020008087,-0.0024929047,-0.0034675598,-0.0033340454,-0.0052700043,-0.0014457703,-0.0020923615,-0.0025539398,-0.003818512,-0.0040130615,-0.006439209
2171.5,0.0011558533,-0.0022687912,0.00025081635,-0.0045804977,-0.006017685,-0.0063209534,-0.0026922226,-0.0022087097,-0.0029859543,-0.005337715,-0.005177498,-0.006796837,-0.0030784607,-0.0032901764,-0.00429821,-0.0062713623,-0.006052971,-0.0049409866,0.0002450943,-0.0018014908,-0.0021419525,-0.003148079,-0.0045051575,-0.007753372,-0.0018825531,-0.0031414032,-0.0026664734,-0.0047855377,-0.0046043396,-0.006547928,-0.0010185242,-0.0015182495,-0.0022621155,-0.003358841,-0.0029087067,-0.004863739,-0.001335144,-0.0017814636,-0.0024909973,-0.0035133362,-0.0032043457,-0.005088806,-0.0013046265,-0.0020122528,-0.002368927,-0.0035171509,-0.0036907196,-0.0062770844
2172.5,0.0025072098,-0.003276825,-0.0030498505,-0.0062217712,-0.00719738,-0.006485939,-0.0022697449,-0.0030431747,-0.004924774,-0.0053930283,-0.006468773,-0.008070946,-0.0037183762,-0.001947403,-0.004213333,-0.007498741,-0.004966736,-0.006213188,-0.00029182434,-0.0021009445,-0.0022506714,-0.0033483505,-0.0048923492,-0.008300781,-0.0021457672,-0.0028877258,-0.003004074,-0.004257202,-0.0051841736,-0.0063495636,-0.00035476685,-0.0015583038,-0.001789093,-0.0029678345,-0.0028476715,-0.005344391,-0.0014019012,-0.0018100739,-0.0025367737,-0.0033435822,-0.0031108856,-0.004846573,-0.0011558533,-0.0019321442,-0.0024738312,-0.0035934448,-0.0038452148,-0.0062770844
2173.5,0.004559517,-0.000582695,-0.0013723373,-0.0034265518,-0.0037193298,-0.0063123703,-0.0033025742,-0.0027942657,-0.0051231384,-0.0058431625,-0.007326126,-0.008260727,-0.0042238235,-0.0039167404,-0.0040359497,-0.00799942,-0.0052928925,-0.0067453384,-5.722046e-05,-0.0027828217,-0.002087593,-0.0036401749,-0.0043706894,-0.007884026,-0.0018482208,-0.0025024414,-0.0026950836,-0.003780365,-0.004383087,-0.0056056976,-0.0009365082,-0.0014801025,-0.0026168823,-0.0034503937,-0.0034656525,-0.0051059723,-0.0012435913,-0.001909256,-0.0024280548,-0.0034866333,-0.0032081604,-0.0050468445,-0.0010681152,-0.001865387,-0.0022964478,-0.003578186,-0.003698349,-0.0061798096
2174.5,0.004299164,-0.00097084045,-0.0019369125,-0.0022773743,-0.0051059723,-0.005420685,-0.0023050308,-0.0021877289,-0.003958702,-0.0053539276,-0.0061101913,-0.0067806244,-0.0041151047,-0.005818367,-0.0034093857,-0.010620117,-0.0050582886,-0.0061683655,-0.0008020401,-0.0020475388,-0.0021820068,-0.0029172897,-0.0031061172,-0.0067300797,-0.0010375977,-0.0019302368,-0.0017147064,-0.0034751892,-0.003604889,-0.0052833557,-0.0008869171,-0.0018482208,-0.0017795563,-0.0031375885,-0.0028324127,-0.0052776337,-0.001209259,-0.0017299652,-0.0023956299,-0.0035324097,-0.0032291412,-0.005086899,-0.0011978149,-0.0018672943,-0.0024299622,-0.0035591125,-0.0035629272,-0.006164551
2175.5,0.0024614334,-0.0007505417,-0.0011854172,-0.0019264221,-0.005373001,-0.0051078796,-0.0031175613,-0.0009584427,-0.0035123825,-0.0059022903,-0.006000519,-0.0063648224,-0.003955841,-0.007194519,-0.0036315918,-0.010237694,-0.0060157776,-0.0065364838,-0.0010881424,-0.0024662018,-0.0033063889,-0.0043992996,-0.0043792725,-0.006914139,-0.001083374,-0.0018615723,-0.0015830994,-0.0032997131,-0.0034599304,-0.0050754547,-0.0010261536,-0.0019874573,-0.0024261475,-0.0035381317,-0.0031604767,-0.00525856,-0.001033783,-0.0015964508,-0.0022907257,-0.0032615662,-0.0031223297,-0.00481987,-0.001203537,-0.0019016266,-0.0023860931,-0.0035381317,-0.0036373138,-0.0062618256
2176.5,-0.0017061234,-0.0030794144,-0.003572464,-0.003030777,-0.0060138702,-0.0063667297,-0.00237751,-0.002907753,-0.0048179626,-0.0069179535,-0.0071754456,-0.0064468384,-0.0031518936,-0.0090789795,-0.00356102,-0.009656906,-0.0063066483,-0.0063352585,-0.0009946823,-0.002878189,-0.0033502579,-0.004034996,-0.005502701,-0.008111954,-0.0009899139,-0.0022830963,-0.0021705627,-0.004310608,-0.004114151,-0.005645752,-0.0011940002,-0.0017089844,-0.0019016266,-0.0028095245,-0.0022640228,-0.0045833588,-0.0009288788,-0.0016956329,-0.0023269653,-0.0032367706,-0.0030403137,-0.004716873,-0.0012569427,-0.0017166138,-0.0023288727,-0.0036392212,-0.0035800934,-0.006170273
2177.5,0.0019540787,-0.003112793,-0.0029592514,-0.0037727356,-0.003873825,-0.005804062,-0.0030794144,-0.0009975433,-0.0029525757,-0.005794525,-0.0046157837,-0.005645752,-0.0018520355,-0.0066900253,-0.0040712357,-0.007936478,-0.0060720444,-0.008111,-0.00048446655,-0.0020589828,-0.002688408,-0.0032100677,-0.0053710938,-0.0070581436,-0.0015048981,-0.0023765564,-0.0023040771,-0.0040073395,-0.0033035278,-0.0054473877,-0.0014209747,-0.00233078,-0.0026607513,-0.0036087036,-0.0032539368,-0.0057048798,-0.0010528564,-0.0018043518,-0.0021877289,-0.0030937195,-0.0032844543,-0.004655838,-0.0012435913,-0.0018482208,-0.0025920868,-0.0036334991,-0.0036621094,-0.006225586
2178.5,-0.0010881424,-0.0040740967,-0.0043439865,-0.0052728653,-0.0065078735,-0.006545067,-0.00020980835,-0.00073337555,-0.0016241074,-0.0032978058,-0.0041236877,-0.004005432,-0.0017404556,-0.0062847137,-0.0053606033,-0.0057811737,-0.007583618,-0.007091522,-0.0006685257,-0.0016622543,-0.0023298264,-0.0038890839,-0.0063142776,-0.007136345,-0.001039505,-0.0014801025,-0.002231598,-0.004283905,-0.0036907196,-0.0052452087,-0.0011997223,-0.0016288757,-0.0024795532,-0.0032730103,-0.002702713,-0.0051498413,-0.0008468628,-0.001455307,-0.0017681122,-0.0027580261,-0.0027580261,-0.0041999817,-0.0013904572,-0.00198555,-0.0026683807,-0.0037937164,-0.003742218,-0.0063552856
2179.5,-0.0035247803,-0.0040740967,-0.007159233,-0.0063886642,-0.008856773,-0.009008408,-0.00017642975,-0.0031194687,-0.0013866425,-0.003695488,-0.0049676895,-0.005792618,-0.001156807,-0.004667282,-0.0057029724,-0.0040483475,-0.007739067,-0.009195328,-0.0010890961,-0.0013380051,-0.003648758,-0.0036125183,-0.00623703,-0.0072727203,-0.0010604858,-0.0014572144,-0.001783371,-0.0035820007,-0.003818512,-0.0051555634,-0.00067710876,-0.0013961792,-0.0021190643,-0.0028457642,-0.0023612976,-0.0048160553,-0.0007991791,-0.0012874603,-0.0016708374,-0.0027122498,-0.0026016235,-0.004163742,-0.0014305115,-0.0019016266,-0.00258255,-0.0036907196,-0.0036640167,-0.006313324
2180.5,-0.0041332245,-0.0026836395,-0.0055618286,-0.0052022934,-0.005859375,-0.00735569,-0.001159668,-0.003027916,-0.0017681122,-0.0060014725,-0.0041513443,-0.006105423,-0.002155304,-0.0031728745,-0.005824089,-0.0043725967,-0.007825851,-0.010248184,-0.0012130737,-0.001709938,-0.0046138763,-0.00412941,-0.005373001,-0.007501602,-0.00056648254,-0.0019569397,-0.0012016296,-0.0032234192,-0.003528595,-0.0047416687,-0.0014591217,-0.0021686554,-0.0028858185,-0.0032215118,-0.0030765533,-0.005636215,-0.0009899139,-0.0012683868,-0.0017662048,-0.0028362274,-0.0027103424,-0.0042819977,-0.0014076233,-0.0018405914,-0.0026016235,-0.0035953522,-0.0037002563,-0.0064430237
2181.5,-0.006047249,-0.0026540756,-0.006193161,-0.0041360855,-0.0072813034,-0.008443832,-0.0026006699,-0.004439354,-0.004385948,-0.0071983337,-0.007481575,-0.0065279007,-0.0036563873,-0.0011100769,-0.007990837,-0.003443718,-0.009393692,-0.010421753,-0.0018777847,-0.0026464462,-0.0044231415,-0.0042762756,-0.0066366196,-0.009002686,-0.0008544922,-0.0018978119,-0.0018348694,-0.0036315918,-0.0036907196,-0.0047626495,-0.0014228821,-0.0021152496,-0.0026474,-0.0034065247,-0.0035705566,-0.0052165985,-0.0012130737,-0.0014400482,-0.0021266937,-0.0030899048,-0.0028762817,-0.0043258667,-0.001329422,-0.0018177032,-0.0024433136,-0.0034713745,-0.0035533905,-0.0062789917
2182.5,-0.0040512085,-0.0032110214,-0.003668785,-0.00507164,-0.006919861,-0.006629944,-0.0018491745,-0.0025615692,-0.0027637482,-0.004170418,-0.0053958893,-0.0064353943,-0.0051498413,0.00061798096,-0.007966995,-0.0032587051,-0.010299683,-0.007803917,-0.0019512177,-0.002562523,-0.0031576157,-0.00525856,-0.007774353,-0.009422302,-0.0010242462,-0.0019874573,-0.0013694763,-0.003540039,-0.0037612915,-0.004459381,-0.0009822845,-0.0017929077,-0.0023612976,-0.0025691986,-0.002817154,-0.0044460297,-0.0013217926,-0.0016040802,-0.0020999908,-0.0030021667,-0.0030536652,-0.004388809,-0.0013885498,-0.0017471313,-0.0024719238,-0.003572464,-0.0035305023,-0.006334305
2183.5,8.869171e-05,-2.193451e-05,-0.0027093887,-0.0030269623,-0.005355835,-0.006049156,-0.0023860931,-0.0037975311,-0.00409317,-0.004384041,-0.005662918,-0.006295204,-0.0031614304,0.0017232895,-0.0076828003,-0.0022583008,-0.009077072,-0.008356094,-0.001663208,-0.0018644333,-0.0021762848,-0.0040836334,-0.006049156,-0.008185387,-0.00078964233,-0.0018157959,-0.00076675415,-0.0029125214,-0.0035133362,-0.0042591095,-0.0006599426,-0.0021076202,-0.002439499,-0.003168106,-0.0033035278,-0.005207062,-0.0013828278,-0.0017032623,-0.001947403,-0.0032100677,-0.0031795502,-0.00472641,-0.001247406,-0.0016345978,-0.0023479462,-0.0034561157,-0.0034675598,-0.006198883
2184.5,-0.0013380051,-0.0004043579,-0.0020599365,-0.005010605,-0.0059022903,-0.0066566467,-0.0013284683,-0.004347801,-0.0040340424,-0.005522728,-0.006187439,-0.0072021484,-0.0042772293,0.0030031204,-0.005944252,-0.0008716583,-0.006752014,-0.005604744,-0.0008945465,-0.0029649734,-0.0027170181,-0.0048236847,-0.00548172,-0.009037018,-0.00024223328,-0.0017204285,-0.0015029907,-0.003068924,-0.0031719208,-0.0042419434,-0.0008907318,-0.001914978,-0.0020980835,-0.002538681,-0.0028743744,-0.004436493,-0.0010108948,-0.0015163422,-0.0018692017,-0.0027427673,-0.0026168823,-0.003976822,-0.0012550354,-0.0016441345,-0.0022792816,-0.0033874512,-0.0034732819,-0.0061511993
2185.5,0.0012845993,-0.002204895,-0.0016727448,-0.005135536,-0.0056858063,-0.008063316,-0.0036268234,-0.003537178,-0.0038671494,-0.0058927536,-0.0066184998,-0.005928993,-0.003809929,0.0025634766,-0.005633354,-0.0012264252,-0.0059928894,-0.0057325363,-0.0002040863,-0.0023212433,-0.0021448135,-0.0033445358,-0.004098892,-0.007947922,-0.001121521,-0.0028915405,-0.0024585724,-0.0037784576,-0.003900528,-0.0051498413,-0.0002593994,-0.0016803741,-0.0028247833,-0.0031280518,-0.0029773712,-0.0053424835,-0.0010375977,-0.0014648438,-0.0015735626,-0.0026493073,-0.0023536682,-0.0038070679,-0.0012016296,-0.0015964508,-0.0022239685,-0.0034236908,-0.0035171509,-0.0062408447
2186.5,-0.0006160736,-0.004453659,-0.0054769516,-0.005261421,-0.007334709,-0.01010704,-0.0049915314,-0.0043878555,-0.004388809,-0.00715065,-0.00705719,-0.008785248,-0.0039310455,0.0034475327,-0.006204605,-0.0025987625,-0.006547928,-0.005050659,-3.1471252e-05,-0.0020694733,0.00018310547,-0.0036754608,-0.0039596558,-0.007478714,-0.0014400482,-0.0018520355,-0.002111435,-0.0033187866,-0.003753662,-0.004924774,-0.00076675415,-0.0015506744,-0.0018024445,-0.0025520325,-0.003206253,-0.004173279,-0.0009250641,-0.0012321472,-0.0012550354,-0.0022392273,-0.0023002625,-0.0032405853,-0.0010299683,-0.0017280579,-0.0022792816,-0.0032730103,-0.003435135,-0.006088257
2187.5,0.0005502701,-0.0018596649,-0.0029821396,-0.006547928,-0.007678032,-0.0069332123,-0.0016679764,-0.002049446,-0.0016365051,-0.0054101944,-0.0041799545,-0.0067186356,-0.003334999,0.0024490356,-0.00425148,-0.003238678,-0.0057258606,-0.0029125214,-0.00056266785,-0.0019397736,-0.00030326843,-0.003991127,-0.005056381,-0.007381439,-0.0014953613,-0.0026569366,-0.0026111603,-0.0037498474,-0.0038013458,-0.005710602,-7.6293945e-05,-0.00088882446,-0.001953125,-0.0023212433,-0.0020599365,-0.0037708282,-0.00084877014,-0.0012073517,-0.0011615753,-0.0020275116,-0.0024471283,-0.003446579,-0.0009250641,-0.0014228821,-0.0021381378,-0.00308609,-0.0032482147,-0.0058059692
2188.5,-0.0012483597,-0.0037469864,-0.0037736893,-0.004606247,-0.0071105957,-0.009461403,-0.0012569427,-0.0019292831,-0.002076149,-0.004670143,-0.0039196014,-0.005801201,-0.0033302307,0.0022439957,-0.0056037903,-0.0013933182,-0.0038032532,-0.003250122,-0.00045013428,-0.002245903,-0.00092983246,-0.0046110153,-0.0052576065,-0.0071344376,-0.0011844635,-0.0014896393,-0.001745224,-0.0032215118,-0.0034255981,-0.0046844482,-0.0002975464,-0.0010356903,-0.0027828217,-0.0032024384,-0.002576828,-0.0048618317,-0.00057792664,-0.0011672974,-0.0011978149,-0.0021305084,-0.0026569366,-0.0031166077,-0.0008678436,-0.0013828278,-0.0021018982,-0.0029277802,-0.0032024384,-0.0056495667
2189.5,-0.00095272064,-0.0043735504,-0.003399849,-0.004691124,-0.005302429,-0.0070323944,-0.00050640106,-0.002606392,-0.0029687881,-0.002565384,-0.003970146,-0.0047912598,-0.002937317,0.0030813217,-0.0033025742,-0.000333786,-0.0048303604,-0.0035533905,-0.0004386902,-0.0025987625,-0.001876831,-0.005426407,-0.005432129,-0.007326126,-0.0012054443,-0.0008354187,-0.001739502,-0.0030498505,-0.0029640198,-0.0041275024,-0.00075912476,-0.0012207031,-0.0024051666,-0.0028972626,-0.0031108856,-0.0050258636,-0.0009841919,-0.0014362335,-0.0016593933,-0.0027809143,-0.0024089813,-0.0033779144,-0.0009098053,-0.0014953613,-0.0020885468,-0.0028800964,-0.0030822754,-0.005783081
2190.5,-0.0008125305,-0.00068187714,-0.004137039,-0.0042381287,-0.005180359,-0.0074739456,-0.0018615723,-0.003695488,-0.0028524399,-0.0039634705,-0.004930496,-0.005382538,-0.0011110306,0.004377365,-0.0027122498,0.00075149536,-0.00458622,-0.0012159348,0.0009994507,-0.0017881393,-0.0028982162,-0.0031785965,-0.003660202,-0.0063123703,-0.00097084045,-0.0011844635,-0.0019264221,-0.0037136078,-0.0033836365,-0.004716873,1.335144e-05,-0.0007572174,-0.0026893616,-0.0026435852,-0.0021705627,-0.0045814514,-0.0014476776,-0.0018024445,-0.0025043488,-0.0034942627,-0.0025978088,-0.004173279,-0.0008354187,-0.0014343262,-0.002008438,-0.0029067993,-0.0030117035,-0.0056819916
2191.5,-0.0031900406,-0.0010929108,-0.0041389465,-0.005566597,-0.0062732697,-0.007911682,-0.002295494,-0.0031881332,-0.0028514862,-0.0041179657,-0.0042304993,-0.006000519,-0.0026845932,0.0039377213,-0.003247261,-0.00038719177,-0.0042304993,-0.0014133453,-0.00078201294,-0.0014734268,-0.0034036636,-0.0039138794,-0.0059080124,-0.0057783127,-0.0007286072,-0.00093460083,-0.0013389587,-0.0029029846,-0.0029621124,-0.0040569305,-0.0007953644,-0.0010890961,-0.0026016235,-0.0028591156,-0.0027637482,-0.004896164,-0.0012130737,-0.0014801025,-0.002702713,-0.0032806396,-0.002407074,-0.004255295,-0.0008678436,-0.0014438629,-0.0020141602,-0.0028438568,-0.0030517578,-0.0057735443
2192.5,-0.0019550323,-0.0007505417,-0.003566742,-0.003709793,-0.006344795,-0.007918358,-0.00075626373,-0.0019922256,-0.0015888214,-0.0032587051,-0.0036439896,-0.0046577454,0.0006790161,0.005367279,-0.0017881393,0.0008687973,-0.002524376,0.0009441376,0.0014400482,-0.00094127655,-0.0042324066,-0.001988411,-0.004105568,-0.0037155151,-0.0014038086,-0.0008277893,-0.0023441315,-0.0036144257,-0.0034732819,-0.0047626495,-0.0008773804,-0.0013256073,-0.0027275085,-0.003440857,-0.0023651123,-0.00484848,-0.0011386871,-0.0014400482,-0.0029067993,-0.0029258728,-0.0022277832,-0.004091263,-0.0009765625,-0.0015296936,-0.0019741058,-0.0027751923,-0.002998352,-0.005748749
2193.5,-0.0018987656,0.00039482117,-0.0030755997,-0.004337311,-0.006017685,-0.007045746,-0.00223732,-0.004283905,-0.0043354034,-0.0040245056,-0.004972458,-0.0059194565,-0.0008049011,0.0056495667,-0.0007972717,0.0025949478,-0.0015125275,0.001543045,-0.00025177002,0.0004119873,-0.004040718,-0.0016374588,-0.005121231,-0.0046253204,-0.001871109,-0.0015010834,-0.002532959,-0.0034656525,-0.0038490295,-0.005498886,-0.00037574768,-0.001209259,-0.0019817352,-0.0029239655,-0.0022773743,-0.0050621033,-0.0012302399,-0.0015277863,-0.0026607513,-0.002521515,-0.0025100708,-0.0040950775,-0.00082969666,-0.0013637543,-0.0019721985,-0.0027675629,-0.0029239655,-0.00557518
2194.5,-0.00092315674,-0.0005712509,-0.0013837814,-0.002907753,-0.004224777,-0.0077695847,-0.0022888184,-0.003868103,-0.004422188,-0.0038051605,-0.005414009,-0.005206108,-0.002407074,0.004512787,-0.0030031204,0.001376152,-0.0031051636,0.0014648438,-0.00041389465,-3.4332275e-05,-0.0038461685,-0.002043724,-0.0061101913,-0.005432129,-0.0025863647,-0.0018539429,-0.0026626587,-0.004016876,-0.0035915375,-0.0057582855,-0.00064849854,-0.001329422,-0.0029010773,-0.003036499,-0.0025901794,-0.005186081,-0.0007209778,-0.001291275,-0.0013427734,-0.0017032623,-0.0024147034,-0.0033073425,-0.0009059906,-0.0014400482,-0.0019302368,-0.0029735565,-0.0028762817,-0.005475998
2195.5,-0.0017957687,-0.0010967255,-0.0023202896,-0.0041999817,-0.0050792694,-0.008793831,-0.002878189,-0.0034189224,-0.004470825,-0.0054006577,-0.007900238,-0.006626129,-0.0030612946,0.004128456,-0.003865242,0.0014877319,-0.0035619736,0.0010185242,-0.00075149536,-0.000787735,-0.0036821365,-0.0036058426,-0.006875038,-0.006916046,-0.0011177063,-0.00095558167,-0.001750946,-0.003484726,-0.0030612946,-0.0043640137,-0.0005683899,-0.0011005402,-0.0031776428,-0.003396988,-0.002954483,-0.006307602,-0.0012245178,-0.0016746521,-0.0010871887,-0.0017089844,-0.0024261475,-0.0030136108,-0.0008163452,-0.0014533997,-0.0018157959,-0.002752304,-0.0028572083,-0.0051879883
2196.5,-0.002779007,-0.00166893,-0.0026903152,-0.0037851334,-0.005501747,-0.0073595047,-0.0016937256,-0.0018320084,-0.0026111603,-0.0042800903,-0.0052165985,-0.0061883926,-0.0023012161,0.004968643,-0.0040416718,0.001493454,-0.0030117035,0.002111435,0.0018882751,0.00012779236,-0.0019216537,-0.0021190643,-0.0040569305,-0.006058693,-0.0018310547,-0.001247406,-0.0022640228,-0.003583908,-0.0033664703,-0.004600525,-0.0004081726,-0.0013046265,-0.0021266937,-0.0026817322,-0.0023822784,-0.0051116943,-0.0013484955,-0.0015602112,-0.0011806488,-0.0023231506,-0.002248764,-0.0028762817,-0.00069999695,-0.0013809204,-0.0018596649,-0.0027103424,-0.002729416,-0.0053195953
2197.5,-0.004548073,-0.0023097992,-0.005092621,-0.0057668686,-0.0076236725,-0.010149002,-0.00289917,-0.0010824203,-0.0025596619,-0.0036315918,-0.0046339035,-0.006093025,-0.0029497147,0.0042095184,-0.0032644272,0.0022058487,-0.0045175552,0.0004491806,0.000872612,-0.0019960403,-0.0029659271,-0.004529953,-0.0057668686,-0.008950233,-0.0007724762,-0.0008049011,-0.0014400482,-0.0033893585,-0.0029659271,-0.0045757294,-0.0005187988,-0.0015602112,-0.0033493042,-0.0037384033,-0.00258255,-0.0055274963,-0.0018119812,-0.001657486,-0.002084732,-0.003189087,-0.00207901,-0.0037231445,-0.0008716583,-0.0013866425,-0.0018081665,-0.0025939941,-0.0028324127,-0.0053920746
2198.5,-0.001955986,-0.00015449524,-0.004467964,-0.0038452148,-0.00525856,-0.009364128,-0.0034723282,-0.00092983246,-0.0043182373,-0.0063905716,-0.006014824,-0.006968498,-0.0010604858,0.006829262,-0.00329113,0.004014015,-0.002746582,0.0013065338,0.00072574615,-0.0034246445,-0.0035209656,-0.0059804916,-0.0066108704,-0.009879112,-0.0015010834,-0.0013561249,-0.0022068024,-0.0037498474,-0.0032787323,-0.0043792725,-0.00038146973,-0.0015468597,-0.0020961761,-0.0030536652,-0.0026397705,-0.005203247,-0.001285553,-0.0015163422,-0.0025730133,-0.003446579,-0.0022392273,-0.00422287,-0.0011081696,-0.0015277863,-0.0019359589,-0.0026016235,-0.0026569366,-0.0055561066
2199.5,-0.00053596497,0.00084114075,-0.0010614395,-0.0034742355,-0.004553795,-0.006989479,-0.0013608932,-0.000872612,-0.0050611496,-0.006020546,-0.003378868,-0.0057458878,0.0007429123,0.007953644,-0.0022592545,0.005924225,-0.00032234192,0.0029916763,-0.00024700165,-0.003900528,-0.0031795502,-0.007147789,-0.0047512054,-0.009392738,-0.0006904602,-0.00084877014,-0.002090454,-0.003238678,-0.003364563,-0.00475502,-0.0004787445,-0.0010967255,-0.0024223328,-0.0034713745,-0.0022659302,-0.004102707,-0.00041007996,-0.0013084412,-0.0021877289,-0.0024604797,-0.0020065308,-0.003900528,-0.001253128,-0.0015964508,-0.0021266937,-0.002784729,-0.00274086,-0.0056114197
2200.5,-0.003162384,-0.0009469986,-0.0038557053,-0.004814148,-0.005935669,-0.0070524216,-0.0035495758,-0.0026016235,-0.0046424866,-0.007060051,-0.004711151,-0.0068206787,-0.0014886856,0.0070409775,-0.0028848648,0.0038576126,-0.004527092,0.0014810562,-0.0024881363,-0.003967285,-0.0037231445,-0.0071611404,-0.0041570663,-0.008775711,-0.0012168884,-0.0014076233,-0.0028839111,-0.003753662,-0.004131317,-0.0050315857,-0.0003643036,-0.0021781921,-0.0023994446,-0.003107071,-0.0030975342,-0.0046653748,-0.00015449524,-0.0010414124,-0.00207901,-0.0016975403,-0.0018234253,-0.0034160614,-0.0011196136,-0.0014686584,-0.0019035339,-0.0026741028,-0.00274086,-0.0055351257
2201.5,-0.0035219193,-0.002483368,-0.0052337646,-0.0046224594,-0.0078754425,-0.008260727,-0.0020961761,-0.0018196106,-0.0032949448,-0.006175041,-0.005203247,-0.0062246323,-0.0019454956,0.0071144104,-0.0011167526,0.0033931732,-0.002913475,0.001329422,-0.0043287277,-0.0030708313,-0.0039815903,-0.005282402,-0.0049524307,-0.006729126,-0.0005645752,-0.001499176,-0.0022525787,-0.0027160645,-0.00381279,-0.004432678,-0.00035858154,-0.0009326935,-0.0024471283,-0.0031795502,-0.0024909973,-0.004600525,-0.00040626526,-0.0010108948,-0.0016441345,-0.0014324188,-0.0018291473,-0.0032424927,-0.00084114075,-0.001285553,-0.001613617,-0.0027008057,-0.0027332306,-0.005235672
2202.5,-0.0037002563,-0.0013179779,-0.0031528473,-0.0056152344,-0.007205963,-0.008842468,-0.003068924,-0.002070427,-0.0034828186,-0.004910469,-0.0043315887,-0.006214142,-0.0031194687,0.007287979,-0.0036964417,0.0024547577,-0.0035924911,0.0009908676,-0.0057878494,-0.0033063889,-0.0033435822,-0.0047626495,-0.0062913895,-0.0082941055,-0.0007457733,-0.0012493134,-0.0016860962,-0.0023326874,-0.0035877228,-0.0040512085,5.340576e-05,-0.0012168884,-0.0018692017,-0.0024929047,-0.0021514893,-0.004009247,-0.0007762909,-0.0011444092,-0.0010490417,-0.0016555786,-0.0018196106,-0.002872467,-0.0008506775,-0.0010643005,-0.0016365051,-0.00274086,-0.002603531,-0.0049705505
2203.5,-0.005917549,-0.00374794,-0.0039310455,-0.0075674057,-0.0068740845,-0.008806229,-0.003818512,-0.0021009445,-0.0044136047,-0.006922722,-0.0044765472,-0.0060653687,-9.1552734e-05,0.00929451,-0.0030784607,0.005016327,-0.0016365051,0.0027484894,-0.005839348,-0.0029067993,-0.0042324066,-0.0053215027,-0.0069293976,-0.007493973,-1.1444092e-05,-0.0009822845,-0.0013332367,-0.0015354156,-0.0029621124,-0.0034637451,-0.0005970001,-0.001329422,-0.0019779205,-0.0030021667,-0.0022277832,-0.0046863556,-0.0014820099,-0.001159668,-0.0008201599,-0.0023479462,-0.0019741058,-0.0026378632,-0.0011253357,-0.0012378693,-0.0018806458,-0.002910614,-0.002746582,-0.0050849915
2204.5,-0.0044908524,-0.0026168823,-0.002781868,-0.006072998,-0.0075702667,-0.0063943863,-0.0020370483,-0.0021247864,-0.004668236,-0.0065774918,-0.0032138824,-0.0064897537,-0.002366066,0.008151054,-0.003706932,0.004638672,-0.004131317,0.0030651093,-0.0035352707,-0.001958847,-0.0036773682,-0.004258156,-0.0068922043,-0.0071516037,-0.00044441223,-0.00095176697,-0.00085639954,-0.0015583038,-0.0029239655,-0.003452301,-0.00058174133,-0.0016078949,-0.0018825531,-0.0025863647,-0.0026130676,-0.004837036,-0.0016441345,-0.0012054443,-0.0012245178,-0.0027198792,-0.0019168854,-0.0028266907,-0.0010070801,-0.001127243,-0.0016784668,-0.0026493073,-0.002439499,-0.0049762726
2205.5,-0.00593853,-0.0029211044,-0.0033254623,-0.007741928,-0.0068645477,-0.006289482,-0.0006198883,-0.0010309219,-0.00274086,-0.0044937134,-0.00061130524,-0.005381584,-0.0006389618,0.009795189,-0.002128601,0.0070667267,-0.0025100708,0.003771782,-0.0016822815,-0.00063705444,-0.0034561157,-0.003399849,-0.008120537,-0.0067386627,-0.0005054474,-0.0014724731,-0.0019683838,-0.0022659302,-0.003030777,-0.0045833588,-0.0012607574,-0.0021419525,-0.0023860931,-0.0024223328,-0.002658844,-0.005212784,-0.0012741089,-0.00089263916,-0.0014896393,-0.0026474,-0.0015277863,-0.0031013489,-0.00091934204,-0.0012245178,-0.0016517639,-0.0025691986,-0.002544403,-0.0048065186
2206.5,-0.0063943863,-0.0018358231,-0.0048389435,-0.006433487,-0.0059194565,-0.010796547,-0.0018005371,-0.0018062592,-0.0040597916,-0.0044822693,0.0004749298,-0.0071783066,-0.003373146,0.00817585,-0.004146576,0.0044355392,-0.0036201477,0.0030021667,-1.6212463e-05,-0.0011825562,-0.003578186,-0.0024852753,-0.007853508,-0.007024765,-0.00023078918,-0.0014629364,-0.001455307,-0.0021514893,-0.003194809,-0.004137039,-0.0009841919,-0.0019798279,-0.002544403,-0.0025691986,-0.003206253,-0.0052661896,-0.000333786,-0.00095939636,-0.0014457703,-0.002254486,-0.0017166138,-0.002866745,-0.00095558167,-0.0012397766,-0.0017547607,-0.0024433136,-0.0026187897,-0.0046634674
2207.5,-0.0040273666,-0.003162384,-0.004219055,-0.008564949,-0.0059518814,-0.010708809,-0.002445221,-0.0017080307,-0.004835129,-0.006754875,0.002046585,-0.0070734024,-0.0015182495,0.008887291,-0.0029039383,0.00552845,-0.0030384064,0.004565239,0.00092601776,-0.00028705597,-0.0031366348,-0.0023031235,-0.004805565,-0.0057697296,-0.00024604797,-0.0011787415,-0.0015506744,-0.0018100739,-0.0031280518,-0.0044116974,-0.0005931854,-0.0017414093,-0.0017547607,-0.0035362244,-0.0032138824,-0.005180359,0.00021743774,-0.0010089874,-0.0014362335,-0.001411438,-0.0016517639,-0.0028266907,-0.00090789795,-0.0012016296,-0.0015697479,-0.0025482178,-0.0026950836,-0.004688263
2208.5,-0.0061073303,-0.003484726,-0.004755974,-0.008324623,-0.0061445236,-0.010276794,-0.0027332306,-0.0027713776,-0.003985405,-0.006146431,0.002863884,-0.006580353,-9.059906e-05,0.008421898,-0.002152443,0.0065584183,-0.0015573502,0.003367424,0.0008535385,-0.0015850067,-0.0026721954,-0.003455162,-0.0044841766,-0.006005287,-0.00088882446,-0.0024757385,-0.0015335083,-0.0025138855,-0.0037631989,-0.004758835,-0.00082969666,-0.0020122528,-0.0025749207,-0.0028152466,-0.003894806,-0.004207611,-0.00037956238,-0.001001358,-0.0010890961,-0.0011405945,-0.001657486,-0.0024261475,-0.00089645386,-0.0012702942,-0.0016078949,-0.002527237,-0.0026226044,-0.0045642853
2209.5,-0.0063028336,-0.003203392,-0.0042972565,-0.006999016,-0.006925583,-0.010583878,-0.002822876,-0.003159523,-0.0040798187,-0.00564003,0.0021295547,-0.0075063705,-0.00024414062,0.009363174,-0.0036001205,0.006798744,0.0010290146,0.0037822723,0.00056266785,-0.0013895035,-0.003036499,-0.0028104782,-0.004037857,-0.006716728,1.9073486e-05,-0.0018157959,-0.0019264221,-0.0028591156,-0.0038986206,-0.0047740936,-0.00064086914,-0.002161026,-0.0013179779,-0.0038204193,-0.0025558472,-0.004558563,-0.00039291382,-0.0010509491,-0.0006008148,-0.0016269684,-0.0017776489,-0.0021858215,-0.0009365082,-0.0012054443,-0.001543045,-0.0025672913,-0.0025939941,-0.0044288635
2210.5,-0.004863739,-0.0046310425,-0.004500389,-0.007481575,-0.007575035,-0.010232925,-0.0018577576,-0.0024356842,-0.0027256012,-0.005291939,0.0015363693,-0.005522728,-0.0021734238,0.008637428,-0.0037899017,0.005337715,0.00013256073,0.002544403,0.001531601,0.0003271103,-0.0015859604,-0.0022096634,-0.004445076,-0.0059757233,0.00029182434,-0.0017318726,-0.0023498535,-0.002811432,-0.0035820007,-0.004278183,-0.0015201569,-0.0018253326,-0.0021591187,-0.0026512146,-0.0034770966,-0.0047798157,-0.0012550354,-0.0012798309,-0.0010108948,-0.0023670197,-0.0016460419,-0.002204895,-0.00086021423,-0.0011634827,-0.0013484955,-0.0023174286,-0.002521515,-0.0042972565
2211.5,-0.0059041977,-0.00077819824,-0.0010004044,-0.0044116974,-0.004890442,-0.0075302124,-0.0028820038,-0.004784584,-0.0038414001,-0.0060977936,0.0008020401,-0.006037712,-0.0014467239,0.008962631,-0.0018701553,0.0055036545,-0.0007314682,0.0027208328,0.0022716522,0.0025529861,-0.0018310547,-0.0024690628,-0.0030813217,-0.0036849976,-4.5776367e-05,-0.0015411377,-0.0021915436,-0.0028438568,-0.0036029816,-0.0041980743,-0.001543045,-0.0021953583,-0.0018005371,-0.0034008026,-0.0032215118,-0.0048274994,-0.0013961792,-0.0009288788,-0.0013923645,-0.002565384,-0.0014457703,-0.0023021698,-0.0009498596,-0.0013618469,-0.0014724731,-0.0024929047,-0.002653122,-0.004436493
2212.5,-0.004729271,4.673004e-05,-0.0019607544,-0.006049156,-0.0045490265,-0.0074882507,-0.002863884,-0.003733635,-0.0031776428,-0.004966736,0.001326561,-0.005968094,-0.00085926056,0.010088921,-0.0005874634,0.0059576035,-0.0012292862,0.002316475,0.0005159378,0.0009765625,-0.0025501251,-0.0036325455,-0.004389763,-0.0038318634,-5.1498413e-05,-0.0016765594,-0.0024528503,-0.003255844,-0.003768921,-0.0043735504,-0.0013446808,-0.0023117065,-0.0027637482,-0.003665924,-0.0039711,-0.005519867,-0.0006580353,-0.0003604889,-0.0009250641,-0.0018043518,-0.0008773804,-0.0024814606,-0.0009899139,-0.0014190674,-0.0016670227,-0.0025024414,-0.0025997162,-0.004392624
2213.5,-0.0027236938,-0.0005760193,-0.0008506775,-0.0034761429,-0.0058145523,-0.0086631775,-0.0039930344,-0.0028524399,-0.0029649734,-0.0055789948,0.001490593,-0.0057058334,-0.0031929016,0.009140015,-0.00030326843,0.005545616,-0.0007953644,0.0013189316,0.00037956238,-0.0006046295,-0.0022058487,-0.002658844,-0.0060777664,-0.006457329,-0.00047683716,-0.0009174347,-0.0017471313,-0.0028438568,-0.0032482147,-0.0035057068,-0.002254486,-0.003068924,-0.002872467,-0.0040569305,-0.004049301,-0.006542206,0.00022315979,-0.00045967102,-0.0007972717,-0.0011253357,-0.00090789795,-0.0023708344,-0.0007991791,-0.0012435913,-0.0016021729,-0.0023422241,-0.0024776459,-0.004211426
2214.5,-0.002254486,-0.0019187927,-0.0026082993,-0.005019188,-0.0056438446,-0.008333206,-0.0031318665,-0.002957344,-0.0034322739,-0.0052223206,0.0030107498,-0.0059337616,-0.0008172989,0.011206627,0.0024871826,0.00746727,0.0016222,0.005215645,-2.0980835e-05,-0.00017261505,-0.0019655228,-0.0019655228,-0.004422188,-0.006962776,-0.00032806396,-0.0007457733,-0.00207901,-0.0024662018,-0.0025634766,-0.0029296875,-0.001707077,-0.0017814636,-0.0027809143,-0.0035896301,-0.0037345886,-0.0063705444,0.00065231323,-0.00045013428,-0.00056266785,-0.00022506714,-0.0010166168,-0.0022850037,-0.0008678436,-0.0012569427,-0.0017108917,-0.0022640228,-0.0024204254,-0.004179001
2215.5,0.00027275085,0.0018234253,-0.00053691864,-0.0031194687,-0.001906395,-0.00596714,-0.0032014847,-0.0035028458,-0.004234314,-0.0049743652,0.0042800903,-0.0061922073,-0.00067043304,0.008392334,0.00086402893,0.005885124,0.0010623932,0.0046863556,0.00082206726,0.0009737015,-0.0008983612,-0.0015087128,-0.0030612946,-0.005596161,-0.0006084442,-0.0014953613,-0.002418518,-0.0027046204,-0.0017051697,-0.002981186,-0.002998352,-0.0032043457,-0.003479004,-0.0047340393,-0.0046482086,-0.00771904,0.00028419495,-0.00075149536,-0.00037002563,-0.00023460388,-0.0011730194,-0.0018596649,-0.00081825256,-0.0012702942,-0.00166893,-0.0021648407,-0.0023479462,-0.0041389465
2216.5,-0.0010719299,0.0002784729,-0.00085926056,-0.00258255,-0.0040454865,-0.005039215,-0.002524376,-0.0034294128,-0.0036420822,-0.0058488846,0.004942894,-0.005713463,-0.00032234192,0.0065336227,-0.001543045,0.0039711,0.0020446777,0.0046834946,0.00089740753,0.0017929077,-0.00011253357,-0.002175331,-0.0019664764,-0.004170418,-0.0016212463,-0.0031757355,-0.0025463104,-0.0036087036,-0.0026302338,-0.0036411285,-0.003955841,-0.0034694672,-0.0036773682,-0.005886078,-0.005750656,-0.007947922,-0.00063705444,-0.001209259,-0.00039863586,-0.0013599396,-0.0015411377,-0.0019073486,-0.0007305145,-0.0011444092,-0.0015525818,-0.0021305084,-0.0022335052,-0.004058838
2217.5,-0.00054073334,-0.00011253357,4.196167e-05,-0.0019350052,-0.003329277,-0.005744934,-0.0047712326,-0.004142761,-0.0051078796,-0.0069465637,0.0038146973,-0.0069789886,0.0011920929,0.0058603287,-0.0008716583,0.0038671494,0.0027189255,0.0031785965,-0.00021648407,-7.43866e-05,-0.0019264221,-0.0030212402,-0.0037546158,-0.0064735413,-0.000667572,-0.0016040802,-0.0024089813,-0.0019779205,-0.0024414062,-0.0031051636,-0.0052604675,-0.005039215,-0.0042438507,-0.0073223114,-0.0076065063,-0.00922966,-0.0012931824,-0.0013237,-0.0006828308,-0.0020389557,-0.0018196106,-0.0019435883,-0.0007953644,-0.0011482239,-0.0015640259,-0.0022354126,-0.0023174286,-0.0041065216
2218.5,-0.0005788803,-0.00033569336,-0.0026626587,-0.004804611,-0.004514694,-0.006072998,-0.0028905869,-0.001042366,-0.0020971298,-0.0054092407,0.0044059753,-0.0055332184,0.0012712479,0.005783081,-0.001206398,0.004119873,7.915497e-05,0.0006418228,-0.0006656647,-0.0011405945,-0.0028247833,-0.0029878616,-0.0048561096,-0.006102562,-0.00088882446,-0.002670288,-0.0025463104,-0.0032081604,-0.002571106,-0.0036964417,-0.0060100555,-0.0033950806,-0.0034923553,-0.0074920654,-0.007974625,-0.010087967,-0.0013771057,-0.0009021759,-0.0014438629,-0.0023231506,-0.0015792847,-0.0024414062,-0.00084495544,-0.0009536743,-0.0014572144,-0.0020771027,-0.0020980835,-0.0040512085
2219.5,-0.0010690689,-0.0021038055,-0.0033111572,-0.004702568,-0.006508827,-0.005047798,-0.0027999878,-0.0026082993,-0.0037841797,-0.0063819885,0.0039138794,-0.0067863464,0.0015945435,0.0063085556,-0.0019931793,0.004134178,-0.0017499924,-0.0015058517,-0.00070667267,-0.0018148422,-0.0025672913,-0.003255844,-0.004488945,-0.006416321,-0.00063705444,-0.0015296936,-0.0006866455,-0.0022296906,-0.0024166107,-0.0037593842,-0.0066509247,-0.0034542084,-0.0032615662,-0.007791519,-0.007946014,-0.010040283,-0.00074386597,-0.00022125244,-0.0010662079,-0.0016555786,-0.001077652,-0.0021743774,-0.0007266998,-0.00091362,-0.0013504028,-0.0021915436,-0.002073288,-0.0040187836
2220.5,0.0015640259,-0.0019102097,-0.002957344,-0.005197525,-0.0037221909,-0.005832672,-0.0008945465,-0.0021648407,-0.0029973984,-0.0046339035,0.004573822,-0.0063152313,-0.000118255615,0.010835648,-0.0021018982,0.007628441,-0.0016231537,-0.00056552887,-0.0012464523,-0.00044727325,-0.0017652512,-0.002650261,-0.0036859512,-0.003504753,-0.00084114075,-0.0009250641,-0.0015907288,-0.0019302368,-0.0026054382,-0.0042800903,-0.006877899,-0.003911972,-0.0039024353,-0.008535385,-0.008363724,-0.0103645325,0.00013160706,-0.00018310547,-0.0011291504,-0.0012836456,-0.0011329651,-0.0020561218,-0.000623703,-0.00084495544,-0.0012016296,-0.0020427704,-0.0020313263,-0.0037059784
2221.5,-0.0015659332,-0.0025520325,-0.002257347,-0.0061531067,-0.007119179,-0.006239891,0.00024032593,-0.0023202896,-0.0048675537,-0.0059070587,0.0039987564,-0.0062208176,-0.00040531158,0.010766983,-0.002005577,0.009086609,-0.0021352768,0.000330925,-0.0015964508,-0.0003786087,-0.0022535324,-0.0033063889,-0.0046434402,-0.0048513412,0.00012779236,-0.0015525818,-0.0019607544,-0.0026226044,-0.0033740997,-0.0040950775,-0.00749588,-0.004465103,-0.0043182373,-0.008691788,-0.008628845,-0.011146545,0.00047683716,-0.0004863739,-0.0010261536,-0.00090789795,-0.0012969971,-0.0020179749,-0.00077819824,-0.0010910034,-0.0014476776,-0.0021266937,-0.0021324158,-0.0037879944
2222.5,-0.0017127991,-0.0032892227,-0.004720688,-0.0062150955,-0.0073518753,-0.01004982,-0.00091838837,-0.006878853,-0.008419991,-0.009613037,0.0010004044,-0.009105682,-0.002128601,0.00899601,-0.0019321442,0.008613586,-0.002670288,0.0019273758,-0.002714157,-0.0014410019,-0.0033636093,-0.004811287,-0.006515503,-0.003364563,-0.001159668,-0.001750946,-0.0023345947,-0.0030574799,-0.0037384033,-0.0035591125,-0.006586075,-0.0032234192,-0.0029907227,-0.007961273,-0.007917404,-0.009775162,0.0003299713,-0.0003452301,-0.00037574768,-0.00077056885,-0.0009174347,-0.001701355,-0.000667572,-0.0011119843,-0.0014362335,-0.0021514893,-0.0020942688,-0.0038051605
2223.5,0.0009317398,-0.0040388107,-0.0022735596,-0.0049676895,-0.0061626434,-0.007115364,-0.001329422,-0.0077495575,-0.0087890625,-0.01150322,2.193451e-05,-0.011021614,-0.00203228,0.0067329407,-0.0023031235,0.007836342,-0.002275467,0.00527668,-0.00089263916,-0.00137043,-0.0028676987,-0.002503395,-0.0054445267,-0.0026369095,-0.00062561035,-0.0013065338,-0.0028800964,-0.0025367737,-0.0027332306,-0.003490448,-0.0062122345,-0.0036468506,-0.0024642944,-0.0076503754,-0.007507324,-0.009860992,-0.00041389465,-0.000957489,-0.00010871887,-0.0011711121,-0.0014381409,-0.0014476776,-0.00077056885,-0.0012454987,-0.0013961792,-0.0020809174,-0.002122879,-0.0038471222
2224.5,-0.0016822815,-0.005665779,-0.0044031143,-0.005379677,-0.0053806305,-0.008928299,-0.0017032623,-0.008038521,-0.00924778,-0.012505531,-0.0006170273,-0.009571075,-0.00207901,0.0041856766,-0.0013151169,0.006576538,-0.002699852,0.005346298,-0.00016403198,0.0008764267,-0.002366066,-0.0041475296,-0.004764557,-0.0009994507,7.6293945e-06,-0.0016765594,-0.0014514923,-0.0023937225,-0.0025081635,-0.0036697388,-0.007249832,-0.0045166016,-0.004257202,-0.008077621,-0.0073947906,-0.010580063,-0.0009899139,-0.0012359619,-0.0006313324,-0.0016784668,-0.001745224,-0.0016841888,-0.00084877014,-0.0012073517,-0.0013713837,-0.0021419525,-0.0021572113,-0.0038814545
2225.5,-0.0050992966,-0.0072250366,-0.0081682205,-0.006883621,-0.0070848465,-0.009391785,-0.00278759,-0.0070581436,-0.009234428,-0.012060165,0.0013065338,-0.007713318,-0.0015697479,0.006090164,-0.0016899109,0.0071201324,-0.0047664642,0.005470276,0.0005235672,0.00045108795,-0.002872467,-0.005552292,-0.008040428,-0.0036478043,-0.0010852814,-0.00081062317,-0.00095939636,-0.0029640198,-0.0022220612,-0.0032482147,-0.0064849854,-0.004547119,-0.0038604736,-0.0072345734,-0.0070343018,-0.010620117,-0.0012893677,-0.00086402893,-0.0013141632,-0.0019493103,-0.001663208,-0.0019245148,-0.00077438354,-0.0011386871,-0.0013065338,-0.002067566,-0.0020103455,-0.003768921
2226.5,-0.0032310486,-0.0058727264,-0.0057907104,-0.008615494,-0.0078020096,-0.008687973,-0.0025730133,-0.006586075,-0.0088300705,-0.009439468,0.0016202927,-0.005337715,-0.0048570633,0.0031757355,-0.001209259,0.0036478043,-0.0068864822,0.0039196014,-0.00042533875,9.8228455e-05,-0.0021715164,-0.007816315,-0.0066156387,-0.0059366226,-9.536743e-06,-0.0018081665,-0.0012741089,-0.0022792816,-0.0018291473,-0.002840042,-0.005622864,-0.004306793,-0.0033779144,-0.0075588226,-0.007068634,-0.010137558,-0.0008239746,-0.00038719177,-0.0012989044,-0.0015945435,-0.0012016296,-0.0018978119,-0.00086021423,-0.001115799,-0.0013275146,-0.002035141,-0.0020427704,-0.003829956
2227.5,-0.0029354095,-0.0032892227,-0.0067358017,-0.006310463,-0.0062236786,-0.008410454,-0.00289917,-0.0074071884,-0.006664276,-0.006883621,0.0019865036,-0.0054559708,-0.00623703,-0.0022029877,-0.001001358,0.0016622543,-0.00951767,-0.0006322861,-0.00022411346,0.00018692017,-0.0025606155,-0.005928993,-0.0047740936,-0.0069503784,-0.00018882751,-0.0019302368,-0.0005970001,-0.0018081665,-0.001914978,-0.0029315948,-0.0057029724,-0.0034828186,-0.0027675629,-0.007566452,-0.0074329376,-0.010343552,-0.00022125244,-0.0004310608,-0.0012512207,-0.0013122559,-0.0013084412,-0.001958847,-0.0008010864,-0.0010070801,-0.0013217926,-0.0019664764,-0.0021095276,-0.0037345886
2228.5,-0.0046691895,-0.0034885406,-0.007144928,-0.0070295334,-0.007092476,-0.007855415,-0.0019893646,-0.007786751,-0.004462242,-0.004691124,0.002752304,-0.004962921,-0.009458542,-0.00737381,-0.003581047,-0.0037231445,-0.012788773,-0.0052251816,-0.0008068085,-0.00053977966,-0.0020303726,-0.0032339096,-0.004087448,-0.0071058273,0.0012454987,-0.0020217896,-0.001033783,-0.0021820068,-0.0028076172,-0.002155304,-0.0049209595,-0.0038776398,-0.0031108856,-0.0071430206,-0.008081436,-0.010250092,0.00025749207,-0.0005493164,-0.0012283325,-0.0011482239,-0.0013542175,-0.0019569397,-0.0008049011,-0.0010929108,-0.0013465881,-0.0019245148,-0.0020980835,-0.0037231445
2229.5,-0.004108429,-0.004450798,-0.0063266754,-0.006278038,-0.0067691803,-0.0076589584,-0.0015697479,-0.007045746,-0.0033102036,-0.003063202,0.0035533905,-0.0054416656,-0.011256218,-0.008563042,-0.00340271,-0.009814262,-0.01220417,-0.008308411,-0.0007753372,-0.00032043457,-0.0020866394,-0.0012073517,-0.0031223297,-0.005924225,0.00049972534,-0.0027618408,-0.0018177032,-0.0025787354,-0.0024642944,-0.004184723,-0.0059890747,-0.0035705566,-0.002922058,-0.007036209,-0.008495331,-0.0099544525,0.00010108948,-0.0005283356,-0.0005130768,-0.0010929108,-0.0012550354,-0.0018692017,-0.0007762909,-0.0008907318,-0.0013542175,-0.0018901825,-0.0019683838,-0.0035858154
2230.5,-0.0047798157,-0.007689476,-0.008084297,-0.007621765,-0.009119034,-0.007839203,-0.0012722015,-0.008676529,-0.0047445297,-0.0041980743,0.0022296906,-0.0076770782,-0.01033783,-0.008317947,-0.000869751,-0.008773804,-0.009627342,-0.009244919,-0.0014791489,-2.193451e-05,-0.0015354156,-0.00046253204,-0.0024194717,-0.0038385391,-0.0001335144,-0.0015544891,-0.0011234283,-0.002544403,-0.0023326874,-0.0030879974,-0.0062446594,-0.0046081543,-0.0030288696,-0.00802803,-0.008628845,-0.010690689,-0.00051116943,-0.0008792877,6.67572e-05,-0.0010719299,-0.0012836456,-0.001373291,-0.0007953644,-0.0008621216,-0.001335144,-0.0018863678,-0.0019245148,-0.0034675598
2231.5,-0.0008049011,-0.005396843,-0.005030632,-0.006524086,-0.0067358017,-0.0051345825,-0.0021219254,-0.009328842,-0.0054016113,-0.005350113,0.003042221,-0.006456375,-0.008833885,-0.0099077225,-0.0010328293,-0.010205269,-0.011544228,-0.013702393,-0.0007867813,0.00035476685,-0.001964569,-0.0014076233,-0.0029239655,-0.0022172928,-0.00028419495,-0.0018692017,-0.00076675415,-0.0027160645,-0.0026721954,-0.0034332275,-0.0052013397,-0.0041885376,-0.003162384,-0.0072746277,-0.0073547363,-0.009729385,-0.0013999939,-0.0014266968,-0.0003566742,-0.001750946,-0.0018539429,-0.0011196136,-0.00066185,-0.0009441376,-0.0011863708,-0.0017757416,-0.0018901825,-0.0033226013
2232.5,-0.00071048737,-0.0057229996,-0.0044670105,-0.004852295,-0.007809639,-0.008270264,-0.0035324097,-0.010063171,-0.006594658,-0.006401062,0.0026426315,-0.0068941116,-0.0049676895,-0.0063209534,-0.0017232895,-0.0108881,-0.012925148,-0.016940117,-0.0006580353,2.193451e-05,-0.0021047592,-0.0023260117,-0.004087448,-0.001036644,1.7166138e-05,-0.0010585785,-0.00034713745,-0.0038070679,-0.002691269,-0.002910614,-0.004966736,-0.0038700104,-0.0032024384,-0.006587982,-0.006708145,-0.009799957,-0.0015411377,-0.0014438629,-0.0010795593,-0.0017280579,-0.0020427704,-0.0013313293,-0.00067329407,-0.00095939636,-0.0012645721,-0.0019378662,-0.0018920898,-0.003501892
2233.5,-0.002421379,-0.0048265457,-0.0047798157,-0.008422852,-0.007946014,-0.007044792,-0.0042819977,-0.011444092,-0.006714821,-0.0066404343,0.0027151108,-0.006082535,-0.001282692,-0.0013656616,-0.0030107498,-0.0089674,-0.012125015,-0.018152237,-0.00013065338,0.0009098053,-0.0016536713,-0.0029058456,-0.004702568,-0.0004005432,0.0006637573,-0.0011291504,-0.0010929108,-0.0024795532,-0.003211975,-0.0026760101,-0.0057849884,-0.0044956207,-0.0029239655,-0.007291794,-0.0072402954,-0.009859085,-0.0012569427,-0.0011367798,-0.0013961792,-0.0014953613,-0.0020523071,-0.0016460419,-0.0006637573,-0.001033783,-0.0012836456,-0.001914978,-0.0018501282,-0.0034923553
2234.5,-0.0013160706,-0.005914688,-0.006170273,-0.005170822,-0.0065774918,-0.006573677,-0.005373955,-0.008365631,-0.0069122314,-0.00765419,0.0014381409,-0.007419586,0.000333786,0.0011234283,-0.0037870407,-0.007180214,-0.009342194,-0.01671505,0.00013828278,0.0011024475,-0.0012578964,-0.0038785934,-0.0047044754,-0.00074481964,-0.0004348755,-0.0015830994,-0.0023784637,-0.003955841,-0.004240036,-0.0040626526,-0.005186081,-0.0036258698,-0.002840042,-0.0073184967,-0.006374359,-0.010137558,-0.00023078918,-0.0004711151,-0.0011005402,-0.0010147095,-0.001499176,-0.0018119812,-0.0006046295,-0.00095939636,-0.0011749268,-0.0019607544,-0.0018024445,-0.0034294128
2235.5,8.9645386e-05,-0.004105568,-0.0035161972,-0.004860878,-0.005832672,-0.0052280426,-0.004350662,-0.0066337585,-0.00600338,-0.007256508,0.0021543503,-0.0066404343,0.00033664703,0.0051021576,-0.0036287308,-0.0049381256,-0.008256912,-0.013301849,0.0009937286,0.0016288757,-0.0016775131,-0.005129814,-0.0049524307,-0.0033197403,-0.001411438,-0.0024929047,-0.0026474,-0.0025558472,-0.0038547516,-0.0046806335,-0.0059719086,-0.0036563873,-0.0036621094,-0.007822037,-0.0069713593,-0.010362625,0.00044631958,-0.00036621094,-0.0009250641,-0.0010242462,-0.0010852814,-0.0014228821,-0.0005893707,-0.0010910034,-0.0013275146,-0.0020141602,-0.0018692017,-0.0034656525
2236.5,-0.0022258759,-0.0063438416,-0.005589485,-0.0058431625,-0.00740242,-0.007754326,-0.0041980743,-0.0056972504,-0.00646019,-0.0068483353,0.0014839172,-0.0076446533,-0.0006351471,0.006225586,-0.0056734085,-0.007692337,-0.008078575,-0.013504028,-0.00057315826,0.0012111664,-0.0013103485,-0.0051221848,-0.004289627,-0.0058641434,-0.0004081726,-0.0025672913,-0.0018787384,-0.002626419,-0.0035190582,-0.004190445,-0.006269455,-0.0043315887,-0.0031585693,-0.008142471,-0.0075912476,-0.011362076,0.00055122375,-0.00016403198,-0.00030517578,-0.001159668,-0.0011100769,-0.0015506744,-0.00054359436,-0.00097465515,-0.001203537,-0.0019226074,-0.0018749237,-0.0033359528
2237.5,-0.0029172897,-0.004255295,-0.0033140182,-0.008016586,-0.004429817,-0.0064821243,-0.0041389465,-0.0056581497,-0.0068159103,-0.007786751,0.002954483,-0.008759499,0.00020885468,0.009004593,-0.0033168793,-0.004796028,-0.0053281784,-0.0103702545,-0.0009059906,-0.0001783371,-0.00178051,-0.0041065216,-0.0038013458,-0.007586479,-0.0005264282,-0.001876831,-0.0017986298,-0.0013427734,-0.00217247,-0.003288269,-0.005838394,-0.0033855438,-0.002565384,-0.008731842,-0.007478714,-0.00963974,-0.0001487732,-0.00019073486,0.00038528442,-0.00116539,-0.0009212494,-0.00097465515,-0.0005569458,-0.0009651184,-0.0011634827,-0.0018138885,-0.001750946,-0.0034065247
2238.5,-0.0035085678,-0.0072164536,-0.0065431595,-0.009689331,-0.007183075,-0.009672165,-0.0028486252,-0.005241394,-0.0051164627,-0.006975174,0.003203392,-0.007888794,-0.00023460388,0.0063285828,-0.0047597885,-0.004339218,-0.009291649,-0.010410309,-0.0011758804,-0.00042438507,-0.0018863678,-0.002626419,-0.002658844,-0.006831169,-0.0014381409,-0.0032176971,-0.0018863678,-0.0024261475,-0.0027542114,-0.0033130646,-0.0052833557,-0.0032043457,-0.0026836395,-0.0076389313,-0.0067653656,-0.009422302,-0.0013179779,-0.0010280609,-0.00044250488,-0.0016841888,-0.0017604828,-0.0009098053,-0.0007991791,-0.0010890961,-0.001285553,-0.0019950867,-0.0018634796,-0.0034732819
2239.5,-0.0025663376,-0.0055799484,-0.0061950684,-0.008612633,-0.005698204,-0.009179115,-0.0019435883,-0.0052194595,-0.0040740967,-0.007044792,0.003853798,-0.0076475143,-0.0003004074,0.006772995,-0.0032615662,0.0008649826,-0.008714676,-0.00744915,-0.002257347,-0.0010967255,-0.002325058,-0.002568245,-0.0023736954,-0.0060863495,-0.00067329407,-0.001531601,-0.0010967255,-0.0020008087,-0.0022697449,-0.0029830933,-0.0052165985,-0.0033111572,-0.002571106,-0.007461548,-0.0066452026,-0.009010315,-0.0014820099,-0.0014724731,-0.0013141632,-0.0020122528,-0.0022239685,-0.0012702942,-0.00074768066,-0.0010929108,-0.0012798309,-0.0019721985,-0.0018615723,-0.0034275055
2240.5,-0.004582405,-0.0078754425,-0.006392479,-0.007976532,-0.009682655,-0.010598183,-0.0007390976,-0.006538391,-0.004421234,-0.0065994263,0.0034399033,-0.007238388,-0.0011835098,0.0046691895,-0.003777504,0.0036144257,-0.008738518,-0.004442215,-0.0015897751,-0.0005187988,-0.0025043488,-0.0013942719,-0.0026540756,-0.0036554337,-0.00090026855,-0.0021038055,-0.001367569,-0.002861023,-0.0028686523,-0.002216339,-0.005378723,-0.0038261414,-0.0027637482,-0.0074443817,-0.0068454742,-0.009277344,-0.0015869141,-0.001537323,-0.0018100739,-0.0018177032,-0.0021762848,-0.0019626617,-0.0007133484,-0.0010662079,-0.0012874603,-0.0018558502,-0.0017204285,-0.0034332275
2241.5,-0.0022773743,-0.006175995,-0.005176544,-0.0078048706,-0.008880615,-0.008008957,-0.0010623932,-0.0069713593,-0.005206108,-0.007798195,0.0023384094,-0.008343697,-0.00051116943,0.0031747818,-0.002407074,0.0064516068,-0.009162903,-0.0016202927,-0.0017404556,0.0002632141,-0.0025148392,-0.0022010803,-0.0031585693,-0.0010852814,-9.727478e-05,-0.0009651184,-0.0010166168,-0.0020694733,-0.0018615723,-0.0034313202,-0.0052604675,-0.0042324066,-0.002544403,-0.007221222,-0.007139206,-0.009483337,-0.00081443787,-0.0010585785,-0.0013484955,-0.0010547638,-0.0016326904,-0.0017032623,-0.00066947937,-0.001121521,-0.0012435913,-0.0018825531,-0.0017642975,-0.0033397675
2242.5,-0.0017547607,-0.0026788712,-0.004650116,-0.0035982132,-0.0062093735,-0.0078048706,-0.0033740997,-0.00984478,-0.0089969635,-0.009261131,-0.0013093948,-0.0094976425,0.00037574768,-0.00069618225,0.0022478104,0.006049156,-0.0055770874,-0.0011482239,-0.0012664795,0.0006971359,-0.002067566,-0.0040102005,-0.0051488876,-0.0009441376,-0.00010871887,-0.0006942749,-0.000207901,-0.0022640228,-0.0010471344,-0.0026779175,-0.006280899,-0.004501343,-0.0029716492,-0.007446289,-0.007434845,-0.010051727,-3.8146973e-06,-0.00050735474,-0.0007915497,-0.0007457733,-0.0012950897,-0.0014152527,-0.0007419586,-0.0011043549,-0.0012302399,-0.0019187927,-0.0019035339,-0.0035190582
2243.5,-0.0017328262,-0.00500679,-0.005124092,-0.0063123703,-0.008309364,-0.009244919,-0.0027656555,-0.010998726,-0.011229515,-0.009038925,-0.0036344528,-0.010510445,-0.0036153793,-0.008820534,0.00016975403,-0.0011854172,-0.0067386627,-0.0028972626,-0.0018167496,0.0011816025,-0.0037059784,-0.005555153,-0.0066804886,-0.002131462,-0.0010890961,-0.0017147064,-0.00045967102,-0.0025291443,-0.0024032593,-0.004043579,-0.0054950714,-0.0045204163,-0.0021705627,-0.0068893433,-0.0076828003,-0.009634018,0.0004749298,-0.00045204163,-0.000497818,-0.0010566711,-0.0010433197,-0.0013370514,-0.0007801056,-0.001203537,-0.0013427734,-0.0020523071,-0.0020179749,-0.0035037994
2244.5,-0.0018510818,-0.0054922104,-0.0043201447,-0.0061903,-0.0082530975,-0.0082473755,-0.0014343262,-0.010754585,-0.012140274,-0.008545876,-0.0053491592,-0.01094532,-0.008807182,-0.016510963,-0.0025587082,-0.008189201,-0.010057449,-0.00452137,-0.0008764267,0.00071430206,-0.002090454,-0.004878998,-0.0058250427,-0.0025644302,-0.0018253326,-0.0020828247,0.0002784729,-0.0025424957,-0.0018959045,-0.004102707,-0.0058994293,-0.0044116974,-0.0019664764,-0.006477356,-0.00696373,-0.008878708,0.00016403198,-0.00042915344,-0.00030708313,-0.0012588501,-0.0011692047,-0.0011253357,-0.0008354187,-0.0012512207,-0.0013179779,-0.0020389557,-0.0019741058,-0.0034713745
2245.5,-0.00023365021,-0.0030050278,-0.0028543472,-0.0045289993,-0.007951736,-0.006565094,0.00020694733,-0.010306358,-0.009287834,-0.006980896,-0.0049705505,-0.008211136,-0.01142025,-0.02010727,-0.0009059906,-0.014838219,-0.0125284195,-0.0034761429,-0.0021762848,0.000113487244,-0.003211975,-0.0043792725,-0.005358696,-0.0046167374,-0.0011291504,-0.0023975372,-0.00015258789,-0.0029087067,-0.0028648376,-0.0032520294,-0.005619049,-0.0035800934,-0.001493454,-0.00598526,-0.006465912,-0.008115768,-0.00051116943,-0.00066947937,0.0002117157,-0.0014533997,-0.001291275,-0.0010375977,-0.0007457733,-0.0011692047,-0.0013141632,-0.0019569397,-0.0019321442,-0.0033569336
2246.5,-0.0017414093,-0.005537033,-0.0040626526,-0.0040721893,-0.006822586,-0.006433487,0.00025177002,-0.010627747,-0.007867813,-0.006424904,-0.0030908585,-0.0058050156,-0.012227058,-0.022306442,0.0022907257,-0.018280983,-0.014174461,-0.0058641434,-0.0019254684,-0.0011177063,-0.0029850006,-0.00472641,-0.00488472,-0.0052757263,-0.0025138855,-0.0024871826,-0.0017337799,-0.0031528473,-0.0029850006,-0.005464554,-0.0059070587,-0.0036563873,-0.0017261505,-0.006593704,-0.006521225,-0.009363174,-0.0010185242,-0.0011806488,-6.2942505e-05,-0.0019187927,-0.0015468597,-0.0009460449,-0.0007419586,-0.0011444092,-0.0012874603,-0.0018615723,-0.0018672943,-0.0033435822
2247.5,-0.0012693405,-0.0049095154,-0.0033884048,-0.0064487457,-0.0076503754,-0.007414818,0.00026130676,-0.0104551315,-0.004928589,-0.005249977,-0.0024147034,-0.0035476685,-0.015879631,-0.029074669,-2.193451e-05,-0.024866104,-0.020298958,-0.012639046,-0.0015964508,-0.0005159378,-0.0018587112,-0.0035161972,-0.0035324097,-0.0045223236,-0.0013332367,-0.0027618408,-0.0029506683,-0.0026397705,-0.0034255981,-0.004709244,-0.0058918,-0.0034809113,-0.0026187897,-0.0069446564,-0.007358551,-0.0104904175,-0.001033783,-0.0016918182,-0.00061798096,-0.0019416809,-0.0021629333,-0.00091362,-0.0007324219,-0.001127243,-0.0012741089,-0.0018978119,-0.0018844604,-0.0034503937
2248.5,-0.0010976791,-0.0024909973,-0.0036039352,-0.00401783,-0.005218506,-0.005337715,-0.0029115677,-0.011301994,-0.002916336,-0.008397102,-0.0010986328,-0.0047216415,-0.018100739,-0.031023026,-0.002360344,-0.027226448,-0.026443481,-0.020960808,-0.001209259,-0.00047397614,-0.0017652512,-0.002532959,-0.0038986206,-0.0041007996,-0.0025596619,-0.0034866333,-0.0023765564,-0.0026741028,-0.0034980774,-0.00504303,-0.0060253143,-0.0031757355,-0.0027008057,-0.007068634,-0.0073986053,-0.010063171,-0.0012111664,-0.0019416809,-0.0010986328,-0.0020656586,-0.0023841858,-0.0014820099,-0.00067710876,-0.0011329651,-0.0013370514,-0.0018463135,-0.0018844604,-0.0034370422
2249.5,0.00038909912,-0.0028648376,-0.0011901855,-0.0037078857,-0.0062408447,-0.0046834946,-0.0038089752,-0.012198448,-0.0024337769,-0.010383606,-0.0020627975,-0.007514,-0.02139759,-0.030607224,-0.007487297,-0.03064537,-0.032364845,-0.027750969,-0.0006713867,-0.00029945374,-0.0026760101,-0.001947403,-0.0033798218,-0.0035305023,-0.0015239716,-0.0026779175,-0.003435135,-0.0021076202,-0.003944397,-0.005180359,-0.0058956146,-0.0030269623,-0.0030288696,-0.0077114105,-0.0073451996,-0.010196686,-0.00089645386,-0.001750946,-0.0006351471,-0.0017795563,-0.002357483,-0.0013771057,-0.0006465912,-0.0010910034,-0.0012493134,-0.0017547607,-0.0017795563,-0.0033168793
2250.5,-0.0018472672,-0.0049505234,-0.0034885406,-0.0048561096,-0.0065517426,-0.007504463,-0.0025157928,-0.009177208,-0.00248909,-0.007013321,-0.0014600754,-0.0070762634,-0.021032333,-0.022781372,-0.010198593,-0.031048775,-0.034417152,-0.029995918,-0.00015926361,-0.0006380081,-0.0027065277,-0.0021095276,-0.0042676926,-0.0036993027,-0.00063323975,-0.0020694733,-0.0015506744,-0.0014858246,-0.0026073456,-0.003824234,-0.005050659,-0.002374649,-0.0022583008,-0.006795883,-0.0070209503,-0.00866127,-7.6293945e-05,-0.001159668,-0.00018310547,-0.0011405945,-0.0019321442,-0.0007266998,-0.000579834,-0.001039505,-0.0011367798,-0.0015850067,-0.0016517639,-0.0031261444
2251.5,-0.0032806396,-0.0040626526,-0.0023345947,-0.005060196,-0.0069036484,-0.006518364,-0.0023651123,-0.0063762665,-0.0024108887,-0.0058660507,0.0016040802,-0.006828308,-0.022187233,-0.013397217,-0.012853622,-0.030385971,-0.034760475,-0.028589249,-0.0004863739,-0.0010089874,-0.0024404526,-0.0022115707,-0.004925728,-0.004245758,0.00046539307,-0.00015640259,-0.00057792664,-0.000541687,-0.0010604858,-0.0031852722,-0.0052547455,-0.002714157,-0.0026874542,-0.006750107,-0.00762558,-0.008602142,1.1444092e-05,-0.001115799,-0.000207901,-0.0014514923,-0.0016059875,-0.00091552734,-0.0005970001,-0.0010356903,-0.0011882782,-0.0015163422,-0.0018157959,-0.0031833649
2252.5,-0.00244236,-0.004644394,-0.0060625076,-0.005411148,-0.0071582794,-0.007218361,-0.0020923615,-0.0062799454,-0.0023126602,-0.0060806274,0.004132271,-0.0065107346,-0.02037239,-0.012600899,-0.011379242,-0.027462006,-0.029553413,-0.024391174,-0.0005226135,-0.0017137527,-0.0031366348,-0.004465103,-0.006193161,-0.004556656,-0.0010890961,-0.0015392303,-0.00157547,-0.0026798248,-0.002166748,-0.0032672882,-0.004919052,-0.0018577576,-0.0016288757,-0.005897522,-0.006580353,-0.00790596,0.0002975464,-0.0010795593,-0.0004711151,-0.0014514923,-0.0013847351,-0.0009098053,-0.00059890747,-0.00091362,-0.0011177063,-0.0015830994,-0.001871109,-0.0033168793
2253.5,-0.0047950745,-0.0040950775,-0.006668091,-0.005634308,-0.008507729,-0.007938385,-0.0033044815,-0.0064296722,-0.0020742416,-0.0045843124,0.006000519,-0.0055418015,-0.016803741,-0.010860443,-0.009508133,-0.021903038,-0.024227142,-0.019640923,-9.8228455e-05,-0.0004711151,-0.0025405884,-0.0041007996,-0.004720688,-0.0048923492,-0.0011234283,-0.0013942719,-0.0007247925,-0.0022621155,-0.0015964508,-0.002916336,-0.0051517487,-0.0022277832,-0.0014343262,-0.0060310364,-0.0069179535,-0.008432388,4.196167e-05,-0.0010261536,-0.00028419495,-0.001619339,-0.0013923645,-0.0009803772,-0.00058174133,-0.0010299683,-0.0012722015,-0.0018386841,-0.0018882751,-0.0033340454
2254.5,-0.0032281876,-0.0044994354,-0.0045604706,-0.0051603317,-0.010106087,-0.00971508,-0.006002426,-0.008478165,-0.0033407211,-0.006398201,0.0021829605,-0.0072135925,-0.014977455,-0.012198448,-0.010401726,-0.016983986,-0.021205902,-0.019039154,-0.0005979538,-0.0007305145,-0.002245903,-0.004360199,-0.0044488907,-0.004962921,-0.00086021423,-0.0016536713,-0.000787735,-0.0026435852,-0.0015621185,-0.0046424866,-0.005502701,-0.0024108887,-0.0015506744,-0.0060100555,-0.007385254,-0.008775711,0.00037574768,-0.0008716583,0.00043678284,-0.0013885498,-0.0012893677,-0.00050735474,-0.0005931854,-0.0009403229,-0.0011730194,-0.0016880035,-0.0016956329,-0.003232956
2255.5,-0.0043315887,-0.0045804977,-0.0033578873,-0.0051755905,-0.008444786,-0.010987282,-0.008588791,-0.010721207,-0.004398346,-0.0071983337,-0.00016880035,-0.009812355,-0.012448311,-0.009760857,-0.009099007,-0.009372711,-0.018187523,-0.017412186,-0.0022287369,-0.0025024414,-0.0032234192,-0.0043582916,-0.0055503845,-0.006052017,-0.0012722015,-0.0020046234,-0.002067566,-0.0027866364,-0.002319336,-0.0049495697,-0.0052890778,-0.002243042,-0.0014896393,-0.0060310364,-0.007368088,-0.008743286,0.00013160706,-0.001449585,0.00053977966,-0.0015220642,-0.0017929077,-0.00031280518,-0.0004081726,-0.0008068085,-0.0010528564,-0.0014839172,-0.0015583038,-0.003162384
2256.5,-0.004368782,-0.0028524399,-0.004702568,-0.0045490265,-0.00814724,-0.008215904,-0.011473656,-0.01354599,-0.009310722,-0.008763313,-0.0072135925,-0.014561653,-0.012649536,-0.010505676,-0.009881973,-0.0059509277,-0.014946938,-0.017660141,-0.002076149,-0.002333641,-0.0033016205,-0.0043849945,-0.004217148,-0.0060195923,-0.0019760132,-0.002943039,-0.002199173,-0.0031604767,-0.0035762787,-0.0059280396,-0.0051879883,-0.0022773743,-0.0018234253,-0.006389618,-0.007675171,-0.0087509155,-0.00088119507,-0.002248764,-0.00012588501,-0.0021095276,-0.002603531,-0.00051498413,-0.00045013428,-0.00060653687,-0.0010108948,-0.0015544891,-0.0015621185,-0.0032138824
2257.5,-0.0030984879,-0.0009174347,-0.0017271042,-0.005596161,-0.005923271,-0.005921364,-0.013504982,-0.012256622,-0.012501717,-0.0076856613,-0.011009216,-0.018117905,-0.012767792,-0.008950233,-0.0115709305,-0.0023422241,-0.008903503,-0.015065193,-0.0018119812,-0.002038002,-0.0035448074,-0.004307747,-0.003706932,-0.005296707,-0.0008068085,-0.0024795532,-0.0015735626,-0.0027580261,-0.0026721954,-0.004432678,-0.00463295,-0.0021476746,-0.001253128,-0.0057430267,-0.006866455,-0.008300781,-0.0012569427,-0.0018787384,-0.00071907043,-0.0020751953,-0.0028247833,-0.0011844635,-0.00053215027,-0.00091362,-0.0011501312,-0.0016365051,-0.0017547607,-0.0033187866
2258.5,-0.0035486221,-0.003206253,-0.0039310455,-0.0067195892,-0.008582115,-0.009595871,-0.010279655,-0.010507584,-0.013925552,-0.006791115,-0.010499001,-0.016748428,-0.0088710785,-0.004767418,-0.008170128,0.0016679764,-0.0048093796,-0.009380341,-0.0027198792,-0.0021829605,-0.0038499832,-0.0040807724,-0.0034227371,-0.0062475204,-0.0018005371,-0.0027637482,-0.00070762634,-0.002922058,-0.0023555756,-0.004047394,-0.0042419434,-0.0019569397,-0.0010299683,-0.005147934,-0.0064697266,-0.0074882507,-0.00090026855,-0.0013141632,-0.00037765503,-0.0015964508,-0.0024089813,-0.0010929108,-0.0006942749,-0.0009098053,-0.001077652,-0.0016841888,-0.0017433167,-0.003288269
2259.5,-0.0007390976,-0.0021123886,-0.0031309128,-0.0053281784,-0.008579254,-0.007297516,-0.0073080063,-0.010327339,-0.01210022,-0.0055913925,-0.008896828,-0.014323235,-0.0027303696,-0.0035505295,-0.0063762665,0.0034637451,0.00237751,-0.0077056885,-0.003279686,-0.0032749176,-0.004055023,-0.0041561127,-0.004292488,-0.006682396,-0.0009098053,-0.0027980804,-0.0015144348,-0.0024795532,-0.0032596588,-0.0043182373,-0.004814148,-0.002254486,-0.0011062622,-0.005197525,-0.00633049,-0.008119583,-0.00037384033,-0.0010261536,-0.00053596497,-0.0013618469,-0.0021572113,-0.00077819824,-0.00069236755,-0.00086021423,-0.0010967255,-0.0016021729,-0.0017738342,-0.0032310486
2260.5,-0.002708435,-0.0021781921,-0.004565239,-0.005888939,-0.009531975,-0.008225441,-0.0060367584,-0.011091232,-0.009606361,-0.0058641434,-0.009315491,-0.009217262,-0.00015544891,-0.0056056976,-0.006337166,0.001786232,0.0036792755,-0.0071077347,-0.004085541,-0.0035181046,-0.0055389404,-0.0042295456,-0.0048532486,-0.006378174,-0.0012931824,-0.002840042,-0.0025482178,-0.0033512115,-0.003868103,-0.0046195984,-0.005098343,-0.002111435,-0.0007095337,-0.0050258636,-0.006313324,-0.0076675415,-0.00016212463,-0.0012874603,-0.00084877014,-0.0019512177,-0.0023975372,-0.0010852814,-0.0006980896,-0.0007419586,-0.0009880066,-0.0016365051,-0.0016918182,-0.0032463074
2261.5,-0.001288414,-0.001950264,-0.0034236908,-0.006164551,-0.0076646805,-0.008861542,-0.0058574677,-0.013001442,-0.006896019,-0.0065164566,-0.009460449,-0.008227348,0.0010490417,-0.009381294,-0.0052394867,7.1525574e-05,0.004258156,-0.010653496,-0.0025930405,-0.0024499893,-0.0047864914,-0.0032072067,-0.0044612885,-0.005765915,-0.00055122375,-0.0037403107,-0.002571106,-0.0041770935,-0.0046920776,-0.0054035187,-0.005601883,-0.0017242432,-0.0007953644,-0.0051517487,-0.0068569183,-0.007921219,0.00046348572,-0.0011920929,-0.00061798096,-0.0018863678,-0.0020217896,-0.0010967255,-0.00062561035,-0.00088119507,-0.0011901855,-0.0016975403,-0.0018005371,-0.0033016205
2262.5,-0.0051898956,-0.0036754608,-0.0054779053,-0.0047388077,-0.008678436,-0.008968353,-0.005505562,-0.011896133,-0.0007266998,-0.0066509247,-0.008746147,-0.0068063736,-0.001115799,-0.013468742,-0.007270813,-0.00037288666,-0.00036907196,-0.015327454,-0.0032176971,-0.0016441345,-0.0054540634,-0.00404644,-0.0049829483,-0.0054893494,-0.002210617,-0.0028057098,-0.0029449463,-0.0030612946,-0.0035476685,-0.00639534,-0.0055656433,-0.0022888184,-0.001115799,-0.005399704,-0.00758934,-0.008563995,0.00024032593,-0.0013237,-0.0003643036,-0.0019702911,-0.0019321442,-0.0010223389,-0.00061035156,-0.0007991791,-0.0011177063,-0.0016441345,-0.001657486,-0.003276825
2263.5,-0.006483078,-0.0032100677,-0.0045814514,-0.00607872,-0.010089874,-0.010035515,-0.0058784485,-0.010682106,0.0025558472,-0.0066375732,-0.009123802,-0.006872177,0.0003452301,-0.015024185,-0.010091782,0.0011434555,-0.0054063797,-0.017503738,-0.0007648468,-0.0006008148,-0.0037431717,-0.004053116,-0.0034770966,-0.004240036,-0.0027618408,-0.0035305023,-0.0020637512,-0.0039424896,-0.0026187897,-0.0064029694,-0.0054302216,-0.0027923584,-0.0015735626,-0.0058498383,-0.007593155,-0.008342743,0.00018310547,-0.001367569,-3.0517578e-05,-0.0018730164,-0.0019721985,-0.00085258484,-0.00060653687,-0.0008029938,-0.0011787415,-0.0016517639,-0.0016670227,-0.003211975
2264.5,-0.0034303665,-0.0023059845,-0.0060863495,-0.0051698685,-0.010607719,-0.0090408325,-0.005549431,-0.007923126,0.0019016266,-0.006752014,-0.008365631,-0.00849247,0.0010757446,-0.014036179,-0.010925293,0.0012722015,-0.008687973,-0.015746117,-0.0021152496,-0.0009241104,-0.0031528473,-0.0038251877,-0.0036039352,-0.0043535233,-0.0010185242,-0.00084877014,-0.0015182495,-0.001253128,-0.0016899109,-0.0042381287,-0.005241394,-0.0025558472,-0.0016555786,-0.005317688,-0.007659912,-0.008573532,-1.9073486e-05,-0.0016231537,0.00038528442,-0.002040863,-0.0023212433,-0.00048828125,-0.00044631958,-0.00078582764,-0.0010223389,-0.0015602112,-0.0016002655,-0.0030841827
2265.5,-0.004406929,-0.0014715195,-0.004343033,-0.0056095123,-0.009475708,-0.009028435,-0.0033979416,-0.005375862,0.0036230087,-0.005680084,-0.0054273605,-0.0060338974,0.0022249222,-0.010994911,-0.010401726,0.0013771057,-0.0091667175,-0.010761261,-0.0018978119,-0.0016708374,-0.0031747818,-0.0044441223,-0.0048618317,-0.0055971146,-0.0004310608,-0.0015106201,-0.0013179779,-0.0014190674,-0.0019779205,-0.0038585663,-0.005256653,-0.0025920868,-0.001285553,-0.0050964355,-0.0073280334,-0.008012772,-0.0006790161,-0.0020751953,-0.00024032593,-0.0020771027,-0.0027256012,-0.00086021423,-0.00041389465,-0.0007247925,-0.0009880066,-0.0014724731,-0.0014286041,-0.0029907227
2266.5,-0.0041418076,-0.002872467,-0.0037908554,-0.0045900345,-0.008238792,-0.008426666,-0.0037078857,-0.004178047,0.0021800995,-0.0047254562,-0.0019540787,-0.0030975342,-0.00011920929,-0.0111141205,-0.008861542,-0.0013771057,-0.010076523,-0.009251595,-0.0029382706,-0.003153801,-0.0040330887,-0.0048923492,-0.005894661,-0.007429123,-0.00038337708,-0.001493454,-0.0005569458,-0.0021781921,-0.0013237,-0.004211426,-0.0045928955,-0.002380371,-0.0012130737,-0.0042743683,-0.0065231323,-0.0072193146,-0.0011959076,-0.0021133423,-0.00095176697,-0.0022411346,-0.002664566,-0.0014858246,-0.0004386902,-0.0007648468,-0.0010623932,-0.0012664795,-0.0013942719,-0.0030498505
2267.5,-0.0031394958,-0.0030965805,-0.0057001114,-0.004550934,-0.006573677,-0.008327484,-0.005636215,-0.005094528,-0.00022697449,-0.006275177,-0.0014362335,-0.0026903152,-0.0036401749,-0.0097465515,-0.006310463,-0.001824379,-0.011084557,-0.008152962,-0.004096031,-0.003408432,-0.0043315887,-0.0045347214,-0.0076971054,-0.008436203,-0.00019073486,-0.0017604828,-0.00014305115,-0.0023345947,-0.0012168884,-0.004070282,-0.00466156,-0.002319336,-0.0014781952,-0.00463295,-0.006298065,-0.0072021484,-0.0012283325,-0.0016479492,-0.0008468628,-0.0020980835,-0.002527237,-0.0015258789,-0.00033569336,-0.00065231323,-0.0008907318,-0.0012264252,-0.0013961792,-0.002986908
2268.5,-0.0017347336,0.0012197495,-0.0027132034,-0.0020589828,-0.006839752,-0.005334854,-0.0067100525,-0.005839348,-0.0029230118,-0.005475998,-0.0023460388,-0.0037403107,-0.0067481995,-0.008398056,-0.0038223267,-0.002450943,-0.010892868,-0.008605003,-0.0025968552,-0.0036306381,-0.0042438507,-0.0034265518,-0.0063972473,-0.0077142715,9.536743e-06,-0.0012931824,0.0002975464,-0.002216339,-0.00019645691,-0.0031719208,-0.0051879883,-0.0021133423,-0.001909256,-0.0045604706,-0.0063991547,-0.006996155,-0.0010986328,-0.0012512207,-0.00077056885,-0.002029419,-0.0023059845,-0.0012683868,-0.00037002563,-0.00045394897,-0.0008049011,-0.001335144,-0.0014781952,-0.0029678345
2269.5,-0.0015249252,-0.0018405914,-0.0036268234,-0.00434494,-0.00866127,-0.009072304,-0.008476257,-0.00564003,-0.0043382645,-0.005599022,-0.004307747,-0.0070848465,-0.004907608,-0.0048704147,0.0020217896,0.000705719,-0.0112257,-0.004776001,-0.0016012192,-0.0019025803,-0.003232956,-0.0024662018,-0.0050964355,-0.0073623657,-0.00010108948,-0.003074646,0.00013923645,-0.0025749207,-0.0021400452,-0.0045051575,-0.0049800873,-0.0018730164,-0.0018005371,-0.004579544,-0.0060539246,-0.0068683624,-0.0002937317,-0.0012664795,-0.00074386597,-0.0021476746,-0.0023231506,-0.0012550354,-0.0004234314,-0.00049972534,-0.00084114075,-0.0013923645,-0.0014877319,-0.0029335022
2270.5,-0.0025691986,-0.0017518997,-0.0061359406,-0.004289627,-0.010052681,-0.0097875595,-0.01108551,-0.0077085495,-0.007906914,-0.008649826,-0.009054184,-0.012600899,-0.0084171295,-0.0072660446,-0.00019645691,0.0010986328,-0.014788628,-0.003165245,-0.0002708435,-0.00087451935,-0.0021839142,-0.0012969971,-0.003783226,-0.0059776306,0.00077056885,-0.0013561249,0.0009441376,-0.0025997162,-0.0023498535,-0.002948761,-0.004640579,-0.0017566681,-0.0012397766,-0.004293442,-0.0058021545,-0.0064487457,3.6239624e-05,-0.0014953613,-0.0007457733,-0.0020370483,-0.0022258759,-0.001209259,-0.00047683716,-0.00058174133,-0.00091171265,-0.0014591217,-0.0014667511,-0.0028438568
2271.5,-0.0026569366,-0.0015954971,-0.004261017,-0.0051517487,-0.010450363,-0.008903503,-0.011245728,-0.007584572,-0.009645462,-0.008561134,-0.011137962,-0.014298439,-0.0057735443,-0.005665779,-0.0009813309,0.0025434494,-0.014264107,0.0021238327,0.0011463165,-0.0006942749,-0.003071785,-0.00091838837,-0.003329277,-0.004322052,0.0019702911,-0.0022678375,0.004055023,-0.0037708282,-0.0028057098,-0.004545212,-0.0047187805,-0.0018367767,-0.0015563965,-0.004333496,-0.005958557,-0.0063972473,-8.583069e-05,-0.0011463165,-0.0004940033,-0.002122879,-0.002368927,-0.001241684,-0.00054359436,-0.0005531311,-0.0010032654,-0.0013637543,-0.0014095306,-0.0028438568
2272.5,-0.0017728806,-0.0010061264,-0.005262375,-0.006878853,-0.009388924,-0.0061159134,-0.0057811737,-0.008535385,-0.01055336,-0.009506226,-0.009941101,-0.013713837,-0.0036363602,-0.006239891,-0.0008955002,0.003504753,-0.0136909485,0.004958153,0.002325058,-0.0007276535,-0.0029668808,-0.0025663376,-0.0035028458,-0.0044050217,0.0045776367,-0.0018749237,0.005393982,-0.0026950836,-0.0033016205,-0.0041980743,-0.004907608,-0.002105713,-0.0016460419,-0.0045986176,-0.006017685,-0.0066051483,-0.0005226135,-0.0012073517,-0.00041007996,-0.0020771027,-0.0020484924,-0.0010967255,-0.00058174133,-0.0003528595,-0.0009422302,-0.00141716,-0.0014305115,-0.0029315948
2273.5,-0.0038414001,-0.0012378693,-0.0038404465,-0.0066804886,-0.011581421,-0.008219719,-0.0014038086,-0.007931709,-0.009880066,-0.010147095,-0.008009911,-0.009366989,-0.0017929077,-0.004527092,-0.00030326843,0.0038003922,-0.010044098,0.008353233,0.0023317337,-0.0007982254,-0.0035324097,-0.0028486252,-0.0045194626,-0.005051613,0.0035877228,-0.0030155182,0.005958557,-0.002336502,-0.0031394958,-0.004793167,-0.0047454834,-0.0017623901,-0.0014400482,-0.0042800903,-0.005519867,-0.0063266754,-0.00077056885,-0.0013065338,-0.00032424927,-0.0023708344,-0.0023536682,-0.001115799,-0.0006084442,-0.000333786,-0.0009365082,-0.0013332367,-0.0013942719,-0.0028095245
2274.5,-0.0048999786,-0.0008506775,-0.0056447983,-0.005542755,-0.008739471,-0.007267952,0.0037755966,-0.004076004,-0.005886078,-0.009430885,-0.006802559,-0.0011835098,-0.0027513504,-0.0068969727,-0.0043058395,0.0027103424,-0.009135246,0.008347511,0.0011835098,-0.0018968582,-0.0036535263,-0.0017385483,-0.0049791336,-0.007253647,0.0053272247,-0.0018424988,0.0066337585,0.0021247864,-0.003068924,-0.0041389465,-0.004629135,-0.0019454956,-0.0014724731,-0.0041999817,-0.0054244995,-0.005996704,-0.0015850067,-0.002084732,-0.0009441376,-0.0026130676,-0.0026836395,-0.0011463165,-0.00085639954,-0.0007381439,-0.0012397766,-0.001537323,-0.001663208,-0.0030708313
2275.5,-0.004655838,0.00023174286,-0.006512642,-0.0049057007,-0.009320259,-0.009636879,0.0064077377,-0.0015544891,-0.0022420883,-0.00762558,-0.0047283173,0.0022249222,-0.0026741028,-0.010245323,-0.007552147,-0.0014648438,-0.010101318,0.0068120956,0.00040721893,-0.00063705444,-0.0024251938,-0.0007324219,-0.0037460327,-0.006258011,0.004749298,-0.0013809204,0.006193161,0.0034370422,-0.0023937225,-0.0045681,-0.004421234,-0.0016117096,-0.0013561249,-0.0041007996,-0.005121231,-0.005794525,-0.0019607544,-0.0020160675,-0.0013256073,-0.0027313232,-0.0030002594,-0.0018291473,-0.0009250641,-0.0009021759,-0.0013046265,-0.0015563965,-0.0018520355,-0.0031528473
2276.5,-0.00056934357,0.00058841705,-0.0056962967,-0.002111435,-0.008419991,-0.0075941086,0.0042819977,-0.0023384094,0.0013046265,-0.007997513,-0.006467819,0.0014629364,-0.0017213821,-0.010131836,-0.008892059,-0.0027284622,-0.012178421,0.00481987,-0.0008468628,-0.0021896362,-0.0025234222,-0.0016174316,-0.0038337708,-0.0065984726,0.0034656525,0.000120162964,0.0033073425,0.0025234222,-0.003967285,-0.0061511993,-0.004545212,-0.0016784668,-0.0012111664,-0.0042686462,-0.005252838,-0.005619049,-0.0015678406,-0.0019378662,-0.0010585785,-0.0024814606,-0.0025539398,-0.0019893646,-0.00055122375,-0.0005092621,-0.0009250641,-0.001159668,-0.0015029907,-0.0028152466
2277.5,-0.0028247833,0.00022792816,-0.0055799484,-0.00646019,-0.008343697,-0.008784294,-0.0014514923,-0.0062026978,0.0018043518,-0.010351181,-0.007703781,-0.0032186508,-0.0002965927,-0.0077781677,-0.009967804,-0.0026979446,-0.010284424,0.0031757355,-0.0043678284,-0.0036039352,-0.0041532516,-0.0039834976,-0.0056676865,-0.008886337,0.0005931854,-0.0017318726,-0.000118255615,-0.0004043579,-0.0040607452,-0.009002686,-0.004585266,-0.0021476746,-0.001373291,-0.0042800903,-0.0053691864,-0.0058460236,-0.0015830994,-0.001159668,-0.00095558167,-0.0027942657,-0.0029563904,-0.002281189,-0.00057792664,-0.00055885315,-0.0008068085,-0.0012397766,-0.0015163422,-0.0025863647
2278.5,-0.0009241104,0.00074768066,-0.0043525696,-0.002702713,-0.00856781,-0.0067214966,-0.0025577545,-0.008793831,0.0019521713,-0.015646935,-0.008410454,-0.0059814453,-0.0020751953,-0.007555008,-0.012347221,-0.0010528564,-0.012644768,-0.0009460449,-0.0028457642,-0.0019683838,-0.0030899048,-0.003927231,-0.0037050247,-0.00784874,0.00014686584,-0.0013980865,-0.0002002716,-0.0018291473,-0.002746582,-0.008769989,-0.004426956,-0.0016098022,-0.0008010864,-0.004213333,-0.0052757263,-0.0055122375,-0.0008869171,-0.0011501312,-0.0011005402,-0.0020122528,-0.00217247,-0.0018386841,-0.000579834,-0.0005378723,-0.00083732605,-0.0012340546,-0.0015735626,-0.0026474
2279.5,-0.0027751923,-0.0038928986,-0.0068235397,-0.0067739487,-0.009571075,-0.0092659,-0.00045585632,-0.010485649,0.0008983612,-0.018502235,-0.0060310364,-0.0075798035,-0.002333641,-0.0068540573,-0.013533592,-0.000500679,-0.011845589,-0.0031690598,-0.004839897,-0.0042829514,-0.0037755966,-0.0061130524,-0.005703926,-0.009709358,0.00026893616,-0.0017967224,0.00031089783,-0.0016803741,-0.0019893646,-0.006164551,-0.004501343,-0.0017986298,-0.0010299683,-0.004518509,-0.0052013397,-0.0057411194,-0.00071907043,-0.0013771057,-0.0010433197,-0.0025558472,-0.0025196075,-0.0021324158,-0.0005302429,-0.0005168915,-0.00074386597,-0.0011692047,-0.0015220642,-0.0025844574
2280.5,-0.004673004,-0.00461483,-0.006713867,-0.0054826736,-0.009140968,-0.011413574,0.0024604797,-0.009534836,-0.0007839203,-0.016161919,0.00070381165,-0.0035438538,-0.0056915283,-0.010410309,-0.018109322,-0.0028944016,-0.013973236,-0.008777618,-0.0044031143,-0.0031118393,-0.0026369095,-0.0049591064,-0.004508972,-0.008493423,-8.773804e-05,-0.0020427704,0.0004863739,-0.0031814575,-0.0025291443,-0.0045261383,-0.0044059753,-0.001783371,-0.0012874603,-0.004213333,-0.0051727295,-0.0054912567,-0.00018119812,-0.00084495544,-0.00049972534,-0.0016098022,-0.0015869141,-0.0013179779,-0.00039482117,-0.00053215027,-0.0005569458,-0.0011692047,-0.0013809204,-0.0026779175
2281.5,-0.0007362366,-0.0014972687,-0.0050935745,-0.0023860931,-0.0069417953,-0.0092020035,0.0025234222,-0.00730896,-0.0021858215,-0.014937401,0.0046014786,-0.001698494,-0.007618904,-0.012593269,-0.021018028,-0.0035247803,-0.013022423,-0.012844086,-0.0042276382,-0.002673149,-0.0025167465,-0.0027685165,-0.0047693253,-0.0076208115,0.0021209717,-0.00014686584,0.0023841858,-0.0007724762,-0.0019817352,-0.0038013458,-0.0044174194,-0.0016441345,-0.0012054443,-0.0042858124,-0.004682541,-0.0051555634,-0.00032615662,-0.00059890747,-0.00013923645,-0.0019569397,-0.0020484924,-0.0013217926,-0.00049972534,-0.0007171631,-0.00083351135,-0.001329422,-0.0014781952,-0.0029468536
2282.5,-0.002840042,-3.33786e-05,-0.0045108795,-0.0027894974,-0.008738518,-0.007446289,0.0016698837,-0.0064964294,-0.002070427,-0.011171341,0.005001068,-0.0017585754,-0.0099077225,-0.014444351,-0.023982048,-0.006529808,-0.0145664215,-0.017252922,-0.004252434,-0.0010595322,-0.0035743713,-0.003252983,-0.0045700073,-0.0075302124,0.0023784637,0.0006046295,0.003944397,0.00024414062,-0.0017108917,-0.002298355,-0.004184723,-0.0013504028,-0.001121521,-0.0042533875,-0.004524231,-0.005296707,-0.0004005432,-0.001115799,-4.5776367e-05,-0.0015850067,-0.0016555786,-0.0011348724,-0.0006084442,-0.00083732605,-0.0010585785,-0.0014896393,-0.0014743805,-0.0030536652
2283.5,-0.0005187988,-0.00028133392,-0.0028886795,-0.0010662079,-0.0064668655,-0.007569313,-0.001004219,-0.0069274902,-0.002655983,-0.008505821,0.0023918152,-0.003613472,-0.011370659,-0.019229889,-0.027464867,-0.011041641,-0.01992321,-0.02176857,-0.004228592,-0.0014810562,-0.005747795,-0.0048093796,-0.0061216354,-0.008215904,0.00217247,-0.00013160706,0.003458023,-6.866455e-05,-0.0022735596,-0.0034275055,-0.004333496,-0.0015258789,-0.0013141632,-0.0040283203,-0.004749298,-0.005138397,-0.0012607574,-0.002023697,-0.0008716583,-0.0028038025,-0.003019333,-0.0017242432,-0.0005607605,-0.0007839203,-0.0010585785,-0.0014896393,-0.0014743805,-0.00283432
2284.5,-0.0016298294,-0.0017175674,-0.0041542053,-0.0028238297,-0.0073747635,-0.0076932907,-0.005672455,-0.009393692,-0.0055532455,-0.0093717575,-0.001253128,-0.009695053,-0.011096954,-0.020467758,-0.029070854,-0.013173103,-0.021970749,-0.025399208,-0.003873825,-0.00052928925,-0.00639534,-0.006444931,-0.008281708,-0.008501053,0.0010738373,-0.00069618225,0.0025959015,-0.00091362,-0.0025043488,-0.0050373077,-0.003982544,-0.0012893677,-0.0009803772,-0.0036315918,-0.0044288635,-0.0048179626,-0.0018806458,-0.0022621155,-0.0014419556,-0.002521515,-0.0029144287,-0.002035141,-0.00046539307,-0.00076675415,-0.0010604858,-0.0015525818,-0.0014858246,-0.002855301
2285.5,-0.0024356842,0.00014972687,-0.0026817322,-0.0032234192,-0.00825119,-0.0064439774,-0.0068531036,-0.009744644,-0.008267403,-0.009486198,-0.0041828156,-0.013217926,-0.009600639,-0.022474289,-0.031027794,-0.010533333,-0.025209427,-0.027666092,-0.0028057098,-0.0006227493,-0.0056934357,-0.007217407,-0.009051323,-0.008730888,0.0010032654,-0.0009250641,0.0026683807,-0.0011119843,-0.0024471283,-0.005680084,-0.003753662,-0.0018062592,-0.0008945465,-0.0039310455,-0.0045814514,-0.005174637,-0.0019207001,-0.0016479492,-0.0012149811,-0.0028190613,-0.0030345917,-0.0022716522,-0.00044822693,-0.0008087158,-0.0011825562,-0.0016956329,-0.0016269684,-0.0029335022
2286.5,-0.0031881332,-0.0028734207,-0.004989624,-0.0030174255,-0.0063295364,-0.007508278,-0.003657341,-0.0066099167,-0.009712219,-0.0061044693,-0.0042123795,-0.013840675,-0.0062999725,-0.02101326,-0.02705574,-0.0077695847,-0.023133278,-0.027430534,-0.001115799,-0.00092697144,-0.0043649673,-0.0060310364,-0.008423805,-0.009296417,-0.0007610321,-0.0014476776,0.0014572144,-0.0015525818,-0.001701355,-0.0059318542,-0.0038490295,-0.0016498566,-0.001253128,-0.004003525,-0.0044136047,-0.004837036,-0.0014858246,-0.0010852814,-0.0009689331,-0.0019798279,-0.0018749237,-0.0022220612,-0.0004119873,-0.00069236755,-0.0009536743,-0.0013751984,-0.0014343262,-0.0028076172
2287.5,-0.00035572052,-2.4795532e-05,-0.004299164,-0.0011692047,-0.0058279037,-0.0067710876,-0.0038146973,-0.0066165924,-0.00965023,-0.004384041,-0.0026474,-0.013876915,-0.0032262802,-0.019254684,-0.022846222,-0.0047626495,-0.021126747,-0.025899887,-0.0006866455,-0.0013055801,-0.0038309097,-0.005437851,-0.00653553,-0.0076417923,-0.0005893707,-0.0010433197,0.0005931854,-0.0018920898,-0.0017471313,-0.0054569244,-0.003950119,-0.0017166138,-0.0012588501,-0.0039958954,-0.004430771,-0.0047721863,-0.000541687,-0.00010108948,-0.00061416626,-0.0019798279,-0.00182724,-0.002029419,-0.0004196167,-0.00068855286,-0.0011119843,-0.0014629364,-0.0016155243,-0.0029621124
2288.5,-0.0040426254,-0.004263878,-0.0056009293,-0.0028495789,-0.0069828033,-0.006960869,-0.0028409958,-0.0077381134,-0.0098257065,-0.003583908,-0.0014123917,-0.008971214,-0.0008211136,-0.015893936,-0.018798828,-0.0016260147,-0.016945839,-0.023958206,0.0015058517,-0.0006227493,-0.0015678406,-0.0034418106,-0.004278183,-0.004343033,-0.0012264252,-0.0022125244,-0.0006580353,-0.0039711,-0.0020942688,-0.004552841,-0.003917694,-0.0017242432,-0.0012512207,-0.004114151,-0.004541397,-0.0045928955,3.0517578e-05,-0.00047302246,-0.00085258484,-0.001625061,-0.0015697479,-0.001996994,-0.00025558472,-0.0007266998,-0.0010643005,-0.0013065338,-0.0014190674,-0.002861023
2289.5,-0.002691269,-0.002817154,-0.0027770996,-0.00212574,-0.005706787,-0.0075941086,-0.003964424,-0.0092430115,-0.009358406,-0.0068330765,-0.0014667511,-0.006231308,0.00018692017,-0.015668869,-0.018301964,6.0081482e-05,-0.015776634,-0.02153778,0.0004825592,-8.4877014e-05,-0.0033464432,-0.0041208267,-0.0044317245,-0.005703926,-0.0005226135,-0.001953125,-0.0009059906,-0.0030536652,-0.0020618439,-0.0046691895,-0.0038871765,-0.0016498566,-0.0012569427,-0.0039978027,-0.0042743683,-0.0046577454,-1.9073486e-06,-0.00076675415,-0.00084877014,-0.0021266937,-0.0021839142,-0.0019454956,-0.00025558472,-0.0007095337,-0.001045227,-0.0013446808,-0.0013179779,-0.0026741028
2290.5,-0.003326416,-0.003074646,-0.0028629303,-0.001821518,-0.0059728622,-0.007713318,-0.006641388,-0.012927055,-0.0073461533,-0.011116028,-0.0033540726,-0.0058546066,0.00014972687,-0.014625549,-0.018618584,-0.00033569336,-0.016392708,-0.021666527,0.0016908646,0.0009841919,-0.0049943924,-0.0060186386,-0.0064554214,-0.006501198,-1.1444092e-05,-0.0011539459,-0.0018062592,-0.0029392242,-0.0022468567,-0.0046367645,-0.0034713745,-0.0016441345,-0.0011520386,-0.0033340454,-0.004043579,-0.004354477,-0.00010871887,-0.0006790161,-0.00053596497,-0.0014438629,-0.0015869141,-0.0014953613,-0.00046920776,-0.0005340576,-0.0010604858,-0.0013103485,-0.0012683868,-0.0025577545
2291.5,-0.0019245148,-0.0037517548,-0.004491806,-0.0016326904,-0.006661415,-0.007095337,-0.0117435455,-0.01794815,-0.009003639,-0.01737976,-0.00910759,-0.009444237,0.00087070465,-0.014043808,-0.017409325,0.001865387,-0.01662445,-0.022548676,0.0057525635,0.0018634796,-0.0035820007,-0.0026607513,-0.0057640076,-0.00699234,0.001455307,0.00038528442,0.00016593933,-0.0001335144,-0.002067566,-0.0029754639,-0.0035209656,-0.0012435913,-0.0011138916,-0.0034885406,-0.003824234,-0.0038833618,-0.0005607605,-0.00095176697,-1.7166138e-05,-0.0021381378,-0.0022201538,-0.0013523102,-0.0005054474,-0.0004749298,-0.0010261536,-0.0012512207,-0.0013408661,-0.0026760101
2292.5,-0.004207611,-0.005897522,-0.003950119,-0.0045614243,-0.005689621,-0.007785797,-0.013893127,-0.018652916,-0.010306358,-0.019554138,-0.012145042,-0.013492584,0.0013694763,-0.01496315,-0.016207695,0.0054302216,-0.017270088,-0.023522377,0.006160736,0.0011825562,-0.0013618469,0.00046634674,-0.0045776367,-0.006222725,0.0014247894,0.0005836487,-0.00013160706,-0.00020980835,-0.0014781952,-0.0042819977,-0.0029850006,-0.00084114075,-0.00077819824,-0.0030288696,-0.0035629272,-0.003660202,-0.00079345703,-0.0011882782,0.00010871887,-0.0015068054,-0.0017757416,-0.0011749268,-0.0005836487,-0.0005970001,-0.0010108948,-0.0013694763,-0.0012626648,-0.0025901794
2293.5,-0.0038204193,-0.0031909943,-0.0015792847,-0.0035181046,-0.0058755875,-0.007016182,-0.014821053,-0.018496513,-0.010432243,-0.019706726,-0.014521599,-0.0155649185,0.0005569458,-0.015443802,-0.015536308,0.0054101944,-0.017863274,-0.025785446,0.0046977997,0.0006465912,0.0002565384,0.0018672943,-0.0020112991,-0.0052165985,-3.6239624e-05,-0.00058555603,0.0004940033,0.0001296997,-0.001449585,-0.0052604675,-0.0026512146,-0.0010166168,-0.0010414124,-0.0026817322,-0.0034599304,-0.0037460327,-0.0014858246,-0.0021476746,-0.0009880066,-0.0027122498,-0.002981186,-0.0017871857,-0.0004940033,-0.0006313324,-0.00091934204,-0.0012378693,-0.0012226105,-0.0025043488
2294.5,-0.005970001,-0.0032167435,-0.004006386,-0.0034646988,-0.0065221786,-0.009594917,-0.01411438,-0.017985344,-0.009996414,-0.019168854,-0.015322685,-0.014140129,0.0029830933,-0.013530731,-0.012166023,0.007273674,-0.015851974,-0.023165703,0.0003156662,-0.0014009476,-0.0005378723,0.00041866302,-0.0024662018,-0.0052948,-0.0016117096,-0.0022182465,-0.00024986267,-0.0019702911,-0.0030841827,-0.005290985,-0.0027809143,-0.0010166168,-0.0009841919,-0.0028247833,-0.0032997131,-0.0037078857,-0.0011920929,-0.0017585754,-0.0010623932,-0.0017471313,-0.0019836426,-0.0020332336,-0.0004749298,-0.00055503845,-0.00092697144,-0.001285553,-0.0011425018,-0.0025749207
2295.5,-0.009449959,-0.0064878464,-0.005466461,-0.006842613,-0.0079813,-0.0099544525,-0.011523247,-0.017186165,-0.008721352,-0.01934719,-0.013414383,-0.010048866,0.0025691986,-0.012137413,-0.010070801,0.007992744,-0.014436722,-0.021108627,-0.0026760101,-0.0033187866,-0.0029859543,-0.0022058487,-0.0054016113,-0.007174492,-0.0029239655,-0.0033855438,-0.0002975464,-0.0034561157,-0.0032653809,-0.005750656,-0.0027828217,-0.0011043549,-0.00091552734,-0.002571106,-0.0032348633,-0.0035572052,-0.00090026855,-0.0012149811,-0.0011711121,-0.0017871857,-0.0018577576,-0.0019626617,-0.00045585632,-0.00059890747,-0.001001358,-0.0012683868,-0.0012588501,-0.0026283264
2296.5,-0.010787964,-0.005927086,-0.0061426163,-0.00466156,-0.01143074,-0.008659363,-0.010297775,-0.017261505,-0.005493164,-0.019866943,-0.0124492645,-0.006829262,-0.00012397766,-0.010001183,-0.008485794,0.0069828033,-0.0122356415,-0.017858505,-0.004966736,-0.0040454865,-0.0049829483,-0.0045671463,-0.0056095123,-0.008980751,-0.0023460388,-0.0030078888,-0.00077056885,-0.003276825,-0.003074646,-0.0050811768,-0.0023269653,-0.00077438354,-0.0010299683,-0.0025081635,-0.0033893585,-0.0031604767,-0.00037765503,-0.0001411438,-0.0004787445,-0.0009918213,-0.0006942749,-0.0015182495,-0.00042533875,-0.00076675415,-0.0009937286,-0.0014038086,-0.0014572144,-0.002708435
2297.5,-0.012781143,-0.008734703,-0.008434296,-0.008146286,-0.011956215,-0.011507034,-0.0066137314,-0.015473366,-0.0017194748,-0.019558907,-0.011064529,-0.0040569305,-0.0023117065,-0.006731987,-0.007716179,0.007238388,-0.011107445,-0.0172472,-0.0058813095,-0.0042696,-0.0054130554,-0.005420685,-0.0070171356,-0.011191368,-0.0014266968,-0.00315094,-0.001083374,-0.003408432,-0.0041332245,-0.00488472,-0.0020046234,-0.00079345703,-0.00057029724,-0.0023784637,-0.003238678,-0.0027389526,0.0005207062,0.00075149536,1.9073486e-05,-0.0012588501,-0.0010147095,-0.001033783,-0.00034332275,-0.00074768066,-0.0010948181,-0.0013027191,-0.0012969971,-0.0026226044
2298.5,-0.012942314,-0.009703636,-0.010016441,-0.0068092346,-0.01217556,-0.011271477,-0.008000374,-0.015625954,-0.0032110214,-0.019246101,-0.01307869,-0.0056295395,-0.008863449,-0.0076236725,-0.009255409,0.0047483444,-0.011791229,-0.020263672,-0.0071516037,-0.0052518845,-0.0045433044,-0.0042858124,-0.005921364,-0.0123176575,-0.00026512146,-0.0010852814,-0.0012588501,-0.00223732,-0.0016422272,-0.0036201477,-0.0020885468,-0.0010414124,-0.0006942749,-0.002313614,-0.0030899048,-0.0029907227,0.00065612793,-0.0002155304,-0.00021362305,-0.0008430481,-0.0010852814,-0.0014038086,-0.00038719177,-0.00075912476,-0.0009212494,-0.0013389587,-0.0014324188,-0.0025196075
2299.5,-0.009919167,-0.0072288513,-0.007833481,-0.0041208267,-0.008405685,-0.007987022,-0.008379936,-0.012705803,-0.0036649704,-0.017760277,-0.015148163,-0.0071897507,-0.011564255,-0.0065898895,-0.011388779,0.002544403,-0.013955116,-0.02484703,-0.0070533752,-0.004395485,-0.0055732727,-0.005566597,-0.0044403076,-0.012460709,-0.0001411438,-0.00066947937,-0.0012779236,-0.0029010773,-0.0015621185,-0.0034275055,-0.0021438599,-0.0009098053,-0.0007991791,-0.0022239685,-0.0032100677,-0.00289917,0.00055885315,-0.00061798096,0.00019645691,-0.0011882782,-0.0012302399,-0.0010757446,-0.00035858154,-0.0007266998,-0.0009822845,-0.0014228821,-0.001613617,-0.002614975
2300.5,-0.009571075,-0.006038666,-0.0064172745,-0.0022621155,-0.0072832108,-0.008482933,-0.00774765,-0.0109119415,-0.0050315857,-0.01590538,-0.016290665,-0.00838089,-0.014454842,-0.005880356,-0.012776375,0.0013694763,-0.015416145,-0.02960205,-0.006331444,-0.0037765503,-0.0054836273,-0.005207062,-0.001613617,-0.008669853,0.00064468384,0.0003452301,-0.000749588,-0.0011482239,0.00015068054,-0.0034656525,-0.0022144318,-0.0010032654,-0.00084495544,-0.002231598,-0.0030593872,-0.0025348663,8.583069e-05,-0.00079345703,0.0007419586,-0.000497818,-0.0007095337,-0.0008907318,-0.00045013428,-0.0007457733,-0.00095176697,-0.0013790131,-0.0013065338,-0.0024280548
