time,ssp119 - base,ssp119 - sce1,ssp119 - sce2,ssp119 - sce3,ssp119 - sce4,ssp119 - sce5,ssp119 - sce6,ssp126 - base,ssp126 - sce1,ssp126 - sce2,ssp126 - sce3,ssp126 - sce4,ssp126 - sce5,ssp126 - sce6,ssp534 - base,ssp534 - sce1,ssp534 - sce2,ssp534 - sce3,ssp534 - sce4,ssp534 - sce5,ssp534 - sce6,ssp434 - base,ssp434 - sce1,ssp434 - sce2,ssp434 - sce3,ssp434 - sce4,ssp434 - sce5,ssp434 - sce6,ssp245 - base,ssp245 - sce1,ssp245 - sce2,ssp245 - sce3,ssp245 - sce4,ssp245 - sce5,ssp245 - sce6,ssp460 - base,ssp460 - sce1,ssp460 - sce2,ssp460 - sce3,ssp460 - sce4,ssp460 - sce5,ssp460 - sce6,ssp370 - base,ssp370 - sce1,ssp370 - sce2,ssp370 - sce3,ssp370 - sce4,ssp370 - sce5,ssp370 - sce6,ssp585 - base,ssp585 - sce1,ssp585 - sce2,ssp585 - sce3,ssp585 - sce4,ssp585 - sce5,ssp585 - sce6
2015.5,39.271324,39.271324,39.271324,39.271324,39.271324,39.271324,39.271324,39.28193,39.28193,39.28193,39.28193,39.28193,39.28193,39.28193,39.591297,39.591297,39.591297,39.591297,39.591297,39.591297,39.591297,39.384575,39.384575,39.384575,39.384575,39.384575,39.384575,39.384575,39.35712,39.35712,39.35712,39.35712,39.35712,39.35712,39.35712,39.384575,39.384575,39.384575,39.384575,39.384575,39.384575,39.384575,39.70992,39.70992,39.70992,39.70992,39.70992,39.70992,39.70992,39.591297,39.591297,39.591297,39.591297,39.591297,39.591297,39.591297
2016.5,39.520218,39.520218,39.520218,39.520218,39.520218,39.520218,39.520218,39.552334,39.552334,39.552334,39.552334,39.552334,39.552334,39.552334,40.489033,40.489033,40.489033,40.489033,40.489033,40.489033,40.489033,39.86313,39.86313,39.86313,39.86313,39.86313,39.86313,39.86313,39.780003,39.780003,39.780003,39.780003,39.780003,39.780003,39.780003,39.863132,39.863132,39.863132,39.863132,39.863132,39.863132,39.863132,40.84819,40.84819,40.84819,40.84819,40.84819,40.84819,40.84819,40.489033,40.489033,40.489033,40.489033,40.489033,40.489033,40.489033
2017.5,39.769115,39.769115,39.769115,39.769115,39.769115,39.769115,39.769115,39.822742,39.822742,39.822742,39.822742,39.822742,39.822742,39.822742,41.38677,41.38677,41.38677,41.38677,41.38677,41.38677,41.38677,40.34168,40.34168,40.34168,40.34168,40.34168,40.34168,40.34168,40.20288,40.20288,40.20288,40.20288,40.20288,40.20288,40.20288,40.341682,40.341682,40.341682,40.341682,40.341682,40.341682,40.341682,41.98646,41.98646,41.98646,41.98646,41.98646,41.98646,41.98646,41.38677,41.38677,41.38677,41.38677,41.38677,41.38677,41.38677
2018.5,40.018013,40.018013,40.018013,40.018013,40.018013,40.018013,40.018013,40.09315,40.09315,40.09315,40.09315,40.09315,40.09315,40.09315,42.284504,42.284504,42.284504,42.284504,42.284504,42.284504,42.284504,40.820232,40.820232,40.820232,40.820232,40.820232,40.820232,40.820232,40.62576,40.62576,40.62576,40.62576,40.62576,40.62576,40.62576,40.820232,40.820232,40.820232,40.820232,40.820232,40.820232,40.820232,43.124733,43.124733,43.124733,43.124733,43.124733,43.124733,43.124733,42.284504,42.284504,42.284504,42.284504,42.284504,42.284504,42.284504
2019.5,40.266914,40.266914,40.266914,40.266914,40.266914,40.266914,40.266914,40.363556,40.363556,40.363556,40.363556,40.363556,40.363556,40.363556,43.18224,43.18224,43.18224,43.18224,43.18224,43.18224,43.18224,41.298782,41.298782,41.298782,41.298782,41.298782,41.298782,41.298782,41.048637,41.048637,41.048637,41.048637,41.048637,41.048637,41.048637,41.298782,41.298782,41.298782,41.298782,41.298782,41.298782,41.298782,44.263004,44.263004,44.263004,44.263004,44.263004,44.263004,44.263004,43.18224,43.18224,43.18224,43.18224,43.18224,43.18224,43.18224
2020.5,39.68291,39.503403,39.503403,39.33672,39.33672,39.170036,39.170036,40.38039,40.200886,40.200886,40.0342,40.0342,39.86751,39.86751,44.16134,43.98183,43.98183,43.815147,43.815147,43.648464,43.648464,41.415028,41.23552,41.23552,41.068836,41.068836,40.902153,40.902153,41.4034,41.223896,41.223896,41.05721,41.05721,40.890522,40.890522,41.846207,41.666702,41.666702,41.500015,41.500015,41.33333,41.33333,45.244354,45.06485,45.06485,44.898163,44.898163,44.731476,44.731476,44.16134,43.98183,43.98183,43.815147,43.815147,43.648464,43.648464
2021.5,38.24287,37.699364,37.699364,37.19468,37.19468,36.689995,36.689995,40.13661,39.593105,39.593105,39.08842,39.08842,38.583736,38.583736,45.224056,44.68055,44.68055,44.175865,44.175865,43.67118,43.67118,41.1589,40.615395,40.615395,40.110706,40.110706,39.60602,39.60602,41.688152,41.14464,41.14464,40.63996,40.63996,40.135277,40.135277,42.46442,41.920914,41.920914,41.41623,41.41623,40.911545,40.911545,46.06442,45.520912,45.520912,45.016228,45.016228,44.511543,44.511543,45.224056,44.68055,44.68055,44.175865,44.175865,43.67118,43.67118
2022.5,36.80283,35.895325,35.895325,35.05264,35.05264,34.209957,34.209957,39.89283,38.985325,38.985325,38.14264,38.14264,37.299953,37.299953,46.286774,45.37927,45.37927,44.536583,44.536583,43.693897,43.693897,40.902775,39.99527,39.99527,39.15258,39.15258,38.3099,38.3099,41.972904,41.065395,41.065395,40.222713,40.222713,39.380028,39.380028,43.082634,42.175125,42.175125,41.332443,41.332443,40.489758,40.489758,46.884483,45.97698,45.97698,45.134293,45.134293,44.29161,44.29161,46.286774,45.37927,45.37927,44.536583,44.536583,43.693897,43.693897
2023.5,35.362797,34.091286,34.091286,32.910603,32.910603,31.729918,31.729918,39.64905,38.377544,38.377544,37.196857,37.196857,36.016174,36.016174,47.349495,46.077988,46.077988,44.897305,44.897305,43.716614,43.716614,40.646652,39.37514,39.37514,38.194458,38.194458,37.01377,37.01377,42.257652,40.98615,40.98615,39.805466,39.805466,38.62478,38.62478,43.700844,42.429337,42.429337,41.248653,41.248653,40.067966,40.067966,47.70455,46.43304,46.43304,45.252357,45.252357,44.071674,44.071674,47.349495,46.077988,46.077988,44.897305,44.897305,43.716614,43.716614
2024.5,33.922756,32.287247,32.287247,30.768564,30.768564,29.249878,29.249878,39.40527,37.769764,37.769764,36.25108,36.25108,34.732395,34.732395,48.412212,46.776707,46.776707,45.258022,45.258022,43.739334,43.739334,40.390526,38.755016,38.755016,37.236332,37.236332,35.717648,35.717648,42.542404,40.9069,40.9069,39.388214,39.388214,37.86953,37.86953,44.319054,42.683548,42.683548,41.164864,41.164864,39.64618,39.64618,48.524616,46.88911,46.88911,45.370422,45.370422,43.851738,43.851738,48.412212,46.776707,46.776707,45.258022,45.258022,43.739334,43.739334
2025.5,32.482716,30.483208,30.483208,28.626524,28.626524,26.769838,26.769838,39.16149,37.161983,37.161983,35.305298,35.305298,33.448616,33.448616,49.474934,47.475426,47.475426,45.61874,45.61874,43.762054,43.762054,40.1344,38.13489,38.13489,36.278206,36.278206,34.42152,34.42152,42.827156,40.82765,40.82765,38.970966,38.970966,37.11428,37.11428,44.937263,42.93776,42.93776,41.08107,41.08107,39.22439,39.22439,49.34468,47.345173,47.345173,45.48849,45.48849,43.631805,43.631805,49.474934,47.475426,47.475426,45.61874,45.61874,43.762054,43.762054
2026.5,31.042675,28.679169,28.679169,26.484484,26.484484,24.289799,24.289799,38.917713,36.554207,36.554207,34.35952,34.35952,32.164837,32.164837,50.53765,48.174145,48.174145,45.979458,45.979458,43.784775,43.784775,39.878273,37.514763,37.514763,35.320076,35.320076,33.125393,33.125393,43.111908,40.7484,40.7484,38.55372,38.55372,36.35903,36.35903,45.555477,43.191967,43.191967,40.997284,40.997284,38.802597,38.802597,50.16474,47.80124,47.80124,45.606552,45.606552,43.41187,43.41187,50.53765,48.174145,48.174145,45.979458,45.979458,43.784775,43.784775
2027.5,29.602638,26.875132,26.875132,24.342447,24.342447,21.809761,21.809761,38.673935,35.946426,35.946426,33.413742,33.413742,30.881056,30.881056,51.60037,48.872864,48.872864,46.340176,46.340176,43.80749,43.80749,39.622147,36.894638,36.894638,34.361954,34.361954,31.829268,31.829268,43.396664,40.669155,40.669155,38.13647,38.13647,35.603783,35.603783,46.173687,43.44618,43.44618,40.913498,40.913498,38.380814,38.380814,50.984806,48.2573,48.2573,45.724613,45.724613,43.19193,43.19193,51.60037,48.872864,48.872864,46.340176,46.340176,43.80749,43.80749
2028.5,28.1626,25.071093,25.071093,22.200407,22.200407,19.329721,19.329721,38.430153,35.338646,35.338646,32.46796,32.46796,29.597275,29.597275,52.66309,49.571583,49.571583,46.700897,46.700897,43.83021,43.83021,39.36602,36.274513,36.274513,33.403828,33.403828,30.533144,30.533144,43.68141,40.589905,40.589905,37.71922,37.71922,34.848534,34.848534,46.7919,43.700394,43.700394,40.82971,40.82971,37.959023,37.959023,51.80487,48.713364,48.713364,45.84268,45.84268,42.971996,42.971996,52.66309,49.571583,49.571583,46.700897,46.700897,43.83021,43.83021
2029.5,26.722559,23.267052,23.267052,20.058367,20.058367,16.849682,16.849682,38.186375,34.73087,34.73087,31.522182,31.522182,28.313498,28.313498,53.72581,50.2703,50.2703,47.06162,47.06162,43.852932,43.852932,39.109894,35.65439,35.65439,32.4457,32.4457,29.237019,29.237019,43.966164,40.510654,40.510654,37.30197,37.30197,34.093285,34.093285,47.410114,43.9546,43.9546,40.745922,40.745922,37.537235,37.537235,52.62494,49.169434,49.169434,45.960747,45.960747,42.75206,42.75206,53.72581,50.2703,50.2703,47.06162,47.06162,43.852932,43.852932
2030.5,25.31518,21.675179,21.675179,18.295177,18.295177,14.915178,14.915178,37.668068,34.02807,34.02807,30.648066,30.648066,27.268068,27.268068,54.96633,51.326332,51.326332,47.94633,47.94633,44.566334,44.566334,38.634907,34.994907,34.994907,31.614904,31.614904,28.234905,28.234905,44.16659,40.526592,40.526592,37.146595,37.146595,33.766594,33.766594,47.8254,44.185402,44.185402,40.8054,40.8054,37.4254,37.4254,53.33968,49.69968,49.69968,46.31968,46.31968,42.939682,42.939682,54.96633,51.326332,51.326332,47.94633,47.94633,44.566334,44.566334
2031.5,23.941364,20.373169,20.301365,17.059843,16.921364,13.746516,13.541366,36.867607,33.299408,33.227608,29.98608,29.847605,26.672756,26.467606,56.3896,52.8214,52.7496,49.50807,49.3696,46.194748,45.989597,37.934975,34.36678,34.29497,31.053452,30.914972,27.740124,27.534973,44.280365,40.712166,40.640366,37.398838,37.260365,34.085514,33.880367,48.032135,44.46394,44.39213,41.15061,41.012135,37.837284,37.632133,53.94617,50.377975,50.30617,47.06465,46.92617,43.751324,43.546173,56.3896,52.8214,52.7496,49.50807,49.3696,46.194748,45.989597
2032.5,22.56755,19.144955,18.927551,15.966828,15.547552,12.788702,12.167552,36.067142,32.644543,32.427143,29.46642,29.047142,26.288292,25.667143,57.812862,54.390266,54.172863,51.21214,50.792866,48.03401,47.412865,37.235043,33.812447,33.595043,30.634323,30.215042,27.456194,26.835045,44.394135,40.97154,40.754135,37.79341,37.374134,34.615288,33.994137,48.23887,44.81627,44.59887,41.63814,41.21887,38.46002,37.838867,54.55266,51.130066,50.912663,47.95194,47.53266,44.773815,44.152664,57.812862,54.390266,54.172863,51.21214,50.792866,48.03401,47.412865
2033.5,21.193737,17.91674,17.553738,14.873815,14.173738,11.830888,10.793737,35.26668,31.989681,31.62668,28.946756,28.24668,25.90383,24.86668,59.236126,55.95913,55.596127,52.916203,52.21613,49.87328,48.83613,36.535114,33.258118,32.895115,30.215193,29.515114,27.172266,26.135115,44.507908,41.230907,40.867905,38.18798,37.487907,35.145058,34.107906,48.4456,45.168602,44.8056,42.125675,41.425602,39.082752,38.0456,55.159153,51.88216,51.519154,48.839233,48.139153,45.796303,44.759155,59.236126,55.95913,55.596127,52.916203,52.21613,49.87328,48.83613
2034.5,19.819923,16.688528,16.179924,13.780801,12.799924,10.873075,9.419924,34.46622,31.334822,30.826216,28.427094,27.446218,25.519367,24.066217,60.65939,57.527996,57.019394,54.62027,53.639393,51.71254,50.25939,35.835186,32.703785,32.195187,29.79606,28.815184,26.888334,25.435184,44.621674,41.490276,40.981674,38.582554,37.601673,35.674828,34.221676,48.652332,45.520935,45.012333,42.61321,41.63233,39.705486,38.252335,55.765644,52.63425,52.125645,49.726524,48.745647,46.818798,45.365646,60.65939,57.527996,57.019394,54.62027,53.639393,51.71254,50.25939
2035.5,18.44611,15.460313,14.80611,12.687787,11.42611,9.915261,8.04611,33.665756,30.679958,30.025755,27.907433,26.645756,25.134905,23.265757,62.08266,59.096863,58.442657,56.324333,55.06266,53.55181,51.68266,35.13525,32.149456,31.495253,29.37693,28.115253,26.604403,24.73525,44.735447,41.74965,41.095448,38.977123,37.715446,36.204597,34.335445,48.859066,45.873272,45.219067,43.100742,41.839066,40.328217,38.459064,56.37214,53.38634,52.732136,50.613815,49.35214,47.84129,45.972137,62.08266,59.096863,58.442657,56.324333,55.06266,53.55181,51.68266
2036.5,17.072298,14.2321005,13.432297,11.594774,10.052298,8.957448,6.672297,32.865295,30.025095,29.225292,27.387772,25.845293,24.750444,22.465294,63.505924,60.66573,59.86593,58.0284,56.485924,55.391075,53.105927,34.43532,31.595127,30.795322,28.9578,27.415323,26.320473,24.035322,44.849216,42.009018,41.209217,39.371693,37.829212,36.734367,34.449215,49.0658,46.225597,45.425797,43.588272,42.045795,40.950947,38.665794,56.978634,54.13843,53.33863,51.501106,49.95863,48.86378,46.57863,63.505924,60.66573,59.86593,58.0284,56.485924,55.391075,53.105927
2037.5,15.698483,13.003887,12.058483,10.5017605,8.678484,7.9996347,5.298484,32.064835,29.370235,28.424831,26.868109,25.044832,24.365982,21.664833,64.929184,62.234592,61.289192,59.732464,57.90919,57.230343,54.529194,33.735394,31.040796,30.095394,28.53867,26.715393,26.036543,23.335392,44.962986,42.268387,41.322987,39.766262,37.942986,37.264137,34.562984,49.272533,46.577934,45.63253,44.075806,42.252533,41.57368,38.872528,57.58512,54.890526,53.94512,52.388397,50.56512,49.886272,47.18512,64.929184,62.234592,61.289192,59.732464,57.90919,57.230343,54.529194
2038.5,14.32467,11.775673,10.68467,9.408747,7.30467,7.041821,3.92467,31.264368,28.715372,27.624369,26.348448,24.24437,23.98152,20.86437,66.352455,63.80346,62.712456,61.43653,59.33246,59.069607,55.952457,33.035465,30.486464,29.39546,28.11954,26.015463,25.752613,22.635462,45.076756,42.52776,41.436756,40.16083,38.056755,37.793907,34.676754,49.479263,46.930267,45.839264,44.563343,42.459267,42.196415,39.079266,58.191616,55.642616,54.551617,53.27569,51.17161,50.908764,47.79161,66.352455,63.80346,62.712456,61.43653,59.33246,59.069607,55.952457
2039.5,12.950856,10.547459,9.310857,8.315733,5.9308567,6.0840073,2.5508564,30.463907,28.06051,26.823908,25.828785,23.443907,23.597057,20.063908,67.77572,65.37232,64.13572,63.140594,60.755722,60.90887,57.37572,32.33553,29.932137,28.695532,27.700409,25.315533,25.468683,21.935532,45.190525,42.787132,41.550526,40.555405,38.17053,38.323677,34.790527,49.685997,47.282597,46.045998,45.050877,42.665997,42.81915,39.286,58.798107,56.394707,55.158108,54.162983,51.778107,51.93126,48.398106,67.77572,65.37232,64.13572,63.140594,60.755722,60.90887,57.37572
2040.5,11.934242,9.676445,8.294243,7.5799193,4.9142423,5.483393,1.5342424,29.69111,27.433311,26.05111,25.336786,22.67111,23.24026,19.29111,67.607285,65.34949,63.967278,63.252956,60.58728,61.15643,57.20728,31.553415,29.295618,27.913414,27.199091,24.533415,25.102566,21.153416,45.277927,43.02013,41.637928,40.923607,38.257927,38.82708,34.87793,49.78817,47.530373,46.14817,45.43385,42.768173,43.337326,39.388172,59.33445,57.076653,55.69445,54.980125,52.31445,52.8836,48.93445,69.2681,67.0103,65.62809,64.91377,62.248096,62.81724,58.868095
2041.5,11.284751,9.172553,7.64475,7.211227,4.2647505,5.249901,0.88475025,28.946745,26.834549,25.306746,24.87322,21.926746,22.911896,18.546745,65.80292,63.690723,62.162918,61.729393,58.78292,59.768066,55.40292,30.686829,28.574629,27.04683,26.613304,23.666826,24.651978,20.286827,45.338226,43.226032,41.698227,41.264706,38.31823,39.30338,34.93823,49.782883,47.67069,46.142883,45.709362,42.762882,43.748035,39.382885,59.7987,57.686497,56.158695,55.72517,52.778694,53.763847,49.398693,70.8315,68.7193,67.19149,66.75797,63.811493,64.796646,60.431496
2042.5,10.635258,8.668661,6.9952583,6.842535,3.6152582,5.016409,0.23525804,28.20238,26.235783,24.56238,24.409658,21.18238,22.58353,17.80238,63.998554,62.031956,60.358555,60.205833,56.978554,58.379707,53.598553,29.82024,27.853643,26.18024,26.027517,22.800241,24.201391,19.42024,45.39853,43.43193,41.75853,41.605804,38.37853,39.77968,34.998528,49.7776,47.811,46.137596,45.984875,42.7576,44.15875,39.377598,60.262943,58.29634,56.62294,56.47022,53.24294,54.644093,49.86294,72.3949,70.42829,68.75489,68.60217,65.37489,66.77605,61.99489
2043.5,9.985765,8.164769,6.345766,6.473843,2.9657662,4.7829165,-0.41423392,27.458015,25.637018,23.818016,23.946093,20.438017,22.255167,17.058016,62.1942,60.3732,58.554195,58.68227,55.174194,56.99135,51.794197,28.953653,27.132656,25.313654,25.441729,21.933653,23.750805,18.553652,45.45883,43.637833,41.81883,41.946903,38.438828,40.255978,35.058826,49.772312,47.951317,46.132313,46.260387,42.75231,44.56946,39.37231,60.727184,58.906193,57.08719,57.215263,53.707188,55.524338,50.327187,73.9583,72.13729,70.31829,70.446365,66.93829,68.75545,63.55829
2044.5,9.336274,7.660877,5.6962743,6.105151,2.3162742,4.5494246,-1.0637258,26.71365,25.038254,23.07365,23.482529,19.693651,21.926802,16.313652,60.38984,58.71444,56.749836,57.15871,53.369835,55.602985,49.989834,28.087067,26.411669,24.447065,24.855944,21.067066,23.300217,17.687067,45.519127,43.84373,41.879128,42.288006,38.49913,40.73228,35.11913,49.76703,48.09163,46.12703,46.5359,42.747025,44.98018,39.367023,61.191433,59.516033,57.551434,57.96031,54.171432,56.404587,50.791435,75.52169,73.8463,71.88169,72.290565,68.50169,70.73484,65.12169
2045.5,8.686782,7.156985,5.0467825,5.736459,1.6667823,4.315933,-1.7132179,25.969286,24.43949,22.329287,23.018963,18.949286,21.598436,15.569286,58.585472,57.055676,54.94547,55.635147,51.56547,54.214622,48.18547,27.220478,25.690681,23.580479,24.270157,20.20048,22.84963,16.820478,45.57943,44.04963,41.93943,42.62911,38.55943,41.20858,35.17943,49.76174,48.23194,46.121742,46.811417,42.741737,45.39089,39.36174,61.65568,60.125885,58.015682,58.70536,54.63568,57.284832,51.25568,77.08509,75.55529,73.44509,74.134766,70.06509,72.71424,66.68509
2046.5,8.037291,6.653093,4.3972898,5.367767,1.0172901,4.0824404,-2.36271,25.22492,23.840723,21.58492,22.555399,18.204922,21.270073,14.824922,56.78111,55.39691,53.14111,54.111588,49.761112,52.82626,46.38111,26.353891,24.969694,22.713892,23.684368,19.333893,22.399042,15.953891,45.639732,44.255535,41.99973,42.970203,38.619728,41.68488,35.239727,49.756454,48.372257,46.116455,47.08693,42.736454,45.801605,39.356453,62.119923,60.735725,58.479927,59.450405,55.099926,58.165073,51.719925,78.64849,77.26429,75.00849,75.978966,71.62849,74.69364,68.24849
2047.5,7.387798,6.149201,3.747798,4.999075,0.3677981,3.8489485,-3.012202,24.480556,23.24196,20.840557,22.091833,17.460556,20.941708,14.080556,54.97675,53.73815,51.33675,52.588024,47.95675,51.437897,44.576748,25.487305,24.248707,21.847303,23.098581,18.467304,21.948454,15.087303,45.700027,44.461433,42.060028,43.311306,38.68003,42.161182,35.30003,49.751167,48.51257,46.111168,47.362442,42.73117,46.21232,39.351166,62.58417,61.345577,58.944168,60.19545,55.56417,59.045322,52.18417,80.21189,78.97329,76.571884,77.823166,73.19189,76.673035,69.81189
2048.5,6.738306,5.645309,3.098306,4.630383,-0.28169397,3.6154566,-3.661694,23.73619,22.643194,20.096191,21.628267,16.716192,20.613342,13.336192,53.172386,52.07939,49.532387,51.064465,46.15239,50.049538,42.77239,24.620716,23.527718,20.980717,22.512793,17.600716,21.497868,14.2207155,45.76033,44.66733,42.12033,43.65241,38.74033,42.637478,35.360332,49.745884,48.652885,46.10588,47.63796,42.725883,46.62303,39.345882,63.04842,61.955418,59.408417,60.940495,56.02842,59.925568,52.64842,81.77528,80.68229,78.135284,79.66736,74.75529,78.652435,71.37529
2049.5,6.0888143,5.1414165,2.448814,4.2616906,-0.9311861,3.3819644,-4.311186,22.991827,22.04443,19.351826,21.164703,15.971827,20.284977,12.591827,51.368027,50.420628,47.728027,49.5409,44.34803,48.66118,40.968025,23.75413,22.806732,20.11413,21.927006,16.734129,21.04728,13.35413,45.820633,44.873234,42.180634,43.993507,38.800632,43.11378,35.420628,49.740597,48.793198,46.100597,47.913475,42.720596,47.03375,39.340595,63.51267,62.565266,59.872665,61.68554,56.492664,60.805817,53.112667,83.338684,82.3913,79.69869,81.511566,76.31869,80.63184,72.93869
2050.5,5.629405,4.8276076,1.9894052,4.0830817,-1.3905946,3.3385558,-4.770595,22.301558,21.49976,18.661556,20.755234,15.281557,20.010708,11.901557,48.703327,47.90153,45.063324,47.157,41.683323,46.412476,38.303326,22.961546,22.159748,19.321547,21.415222,15.941546,20.670698,12.561546,45.803623,45.00183,42.163624,44.2573,38.783627,43.51278,35.403625,49.701668,48.899868,46.061665,48.155342,42.681664,47.410816,39.301662,63.966545,63.164745,60.32654,62.42022,56.946545,61.67569,53.566544,85.078545,84.27675,81.438545,83.53223,78.05855,82.7877,74.67854
2051.5,5.3653603,4.709163,2.084374,4.099837,-0.96225613,3.490511,-4.0088863,21.666885,21.010687,18.385899,20.401361,15.33927,19.792036,12.292639,45.154385,44.498188,41.873398,43.888863,38.826767,43.279537,35.78014,22.245022,21.588825,18.964035,20.9795,15.917406,20.370174,12.870776,45.707165,45.05097,42.426178,44.441643,39.379547,43.832317,36.33292,49.628155,48.97196,46.347168,48.362633,43.30054,47.753307,40.25391,64.40977,63.753567,61.12878,63.14424,58.08215,62.534916,55.03552,86.999756,86.34356,83.71877,85.73423,80.672134,85.12491,77.62551
2052.5,5.101315,4.590718,2.5483289,4.116592,0.17769878,3.6424658,-2.1929317,21.032215,20.521618,18.479229,20.047491,16.108599,19.573366,13.7379675,41.605446,41.09485,39.05246,40.620724,36.68183,40.146595,34.3112,21.528498,21.017902,18.975512,20.543776,16.604881,20.069649,14.234252,45.610706,45.10011,43.05772,44.625984,40.68709,44.151855,38.316463,49.554646,49.04405,47.001663,48.569923,44.63103,48.0958,42.2604,64.85299,64.342384,62.3,63.868263,59.92937,63.394142,57.558743,88.920975,88.41038,86.36798,87.93625,83.99735,87.46212,81.626724
2053.5,4.83727,4.472273,3.0122838,4.133347,1.3176537,3.794421,-0.37697652,20.397543,20.032545,18.572557,19.693619,16.877926,19.354694,15.183295,38.056507,37.69151,36.23152,37.352585,34.536892,37.013657,32.842262,20.811974,20.446978,18.986988,20.108051,17.292358,19.769125,15.597729,45.51425,45.14925,43.689262,44.810326,41.994633,44.471397,40.300003,49.48114,49.116142,47.65615,48.777218,45.96152,48.43829,44.26689,65.29621,64.93121,63.471226,64.592285,61.776592,64.25336,60.08196,90.842186,90.47718,89.01719,90.13826,87.32256,89.79933,85.62794
2054.5,4.573225,4.3538275,3.4762387,4.1501017,2.4576087,3.9463756,1.4389784,19.762873,19.543474,18.665884,19.339748,17.647255,19.136023,16.628624,34.50757,34.28817,33.410583,34.084446,32.39195,33.88072,31.373322,20.095451,19.876055,18.998465,19.672329,17.979836,19.468601,16.961205,45.41779,45.19839,44.320805,44.994667,43.302174,44.79094,42.283543,49.40763,49.188232,48.310646,48.984505,47.29201,48.78078,46.273384,65.739426,65.520035,64.64244,65.31631,63.623814,65.11258,62.605186,92.7634,92.54399,91.66641,92.34026,90.64777,92.13654,89.62914
2055.5,4.30918,4.235383,3.940194,4.166857,3.5975635,4.0983305,3.2549334,19.1282,19.054403,18.759214,18.985878,18.416584,18.917353,18.073954,30.95863,30.88483,30.58964,30.816307,30.247011,30.74778,29.90438,19.37893,19.30513,19.009943,19.236605,18.667313,19.16808,18.324682,45.32133,45.24753,44.952347,45.17901,44.609715,45.11048,44.267086,49.334118,49.260323,48.965134,49.191795,48.622505,49.123272,48.279873,66.182655,66.10886,65.81367,66.04033,65.47104,65.9718,65.1284,94.68461,94.6108,94.31562,94.54228,93.972984,94.473755,93.630356
2056.5,4.045135,4.045135,4.045135,4.045135,4.045135,4.045135,4.045135,18.49353,18.49353,18.49353,18.49353,18.49353,18.49353,18.49353,27.409689,27.409689,27.409689,27.409689,27.409689,27.409689,27.409689,18.662405,18.662405,18.662405,18.662405,18.662405,18.662405,18.662405,45.224873,45.224873,45.224873,45.224873,45.224873,45.224873,45.224873,49.260612,49.260612,49.260612,49.260612,49.260612,49.260612,49.260612,66.62588,66.62588,66.62588,66.62588,66.62588,66.62588,66.62588,96.60581,96.60581,96.60581,96.60581,96.60581,96.60581,96.60581
2057.5,3.78109,3.8754332,3.9264293,3.9630375,4.061387,4.050642,4.1963453,17.858858,17.953201,18.004198,18.040806,18.139154,18.12841,18.274113,23.86075,23.955093,24.006088,24.042696,24.141048,24.1303,24.276005,17.94588,18.040224,18.091219,18.127829,18.226177,18.215433,18.361135,45.128414,45.22276,45.273754,45.31036,45.40871,45.397964,45.543667,49.187103,49.281445,49.332443,49.36905,49.4674,49.456654,49.602356,67.06909,67.16344,67.21443,67.25104,67.34939,67.338646,67.484344,98.52702,98.621376,98.67237,98.70898,98.80733,98.79658,98.94228
2058.5,3.517045,3.8026946,3.9571002,4.067941,4.365723,4.3331876,4.7743454,17.224188,17.509836,17.664242,17.775084,18.072865,18.040329,18.481487,20.31181,20.59746,20.751865,20.862707,21.160488,21.127953,21.56911,17.229357,17.515007,17.669413,17.780254,18.078033,18.045498,18.486658,45.03195,45.317604,45.47201,45.58285,45.880634,45.8481,46.289253,49.113594,49.399242,49.55365,49.66449,49.962273,49.929737,50.370895,67.512314,67.79796,67.95237,68.06321,68.36099,68.32845,68.76961,100.44824,100.733894,100.8883,100.99914,101.29692,101.26438,101.70554
2059.5,3.253,3.7299564,3.987771,4.172845,4.6700587,4.615733,5.352346,16.589516,17.066473,17.324287,17.50936,18.006573,17.95225,18.688862,16.76287,17.239828,17.497643,17.682716,18.17993,18.125605,18.862217,16.512833,16.98979,17.247604,17.432676,17.929892,17.875566,18.612179,44.935497,45.412453,45.67027,45.85534,46.352554,46.29823,47.03484,49.040085,49.51704,49.774853,49.95993,50.457146,50.402817,51.13943,67.955536,68.432495,68.6903,68.87538,69.3726,69.31827,70.054886,102.36945,102.84641,103.104225,103.2893,103.786514,103.73219,104.4688
2060.5,2.9860463,3.65431,4.0155334,4.2748404,4.971486,4.8953705,5.9274383,15.964835,16.633099,16.994322,17.253628,17.950274,17.874159,18.906225,13.969503,14.637767,14.998991,15.258298,15.954943,15.878827,16.910894,15.78131,16.449574,16.810797,17.070103,17.76675,17.690634,18.722702,44.670616,45.338882,45.700104,45.959408,46.656055,46.57994,47.612007,48.8927,49.560963,49.922184,50.18149,50.87814,50.802025,51.83409,68.38798,69.05624,69.41746,69.676765,70.37341,70.297295,71.32937,104.16894,104.8372,105.198425,105.45773,106.15437,106.07826,107.11033
2061.5,2.7161036,3.575674,4.0403066,4.373846,5.269923,5.1720185,6.499541,15.35042,16.209991,16.674623,17.008163,17.904242,17.806337,19.133858,11.952696,12.812266,13.276898,13.610438,14.506516,14.408611,15.736134,15.034371,15.893942,16.358574,16.692114,17.588192,17.490288,18.817808,44.232635,45.092205,45.55684,45.890377,46.786453,46.68855,48.016075,48.669384,49.528957,49.993587,50.32713,51.223206,51.125305,52.452824,68.80932,69.66889,70.13353,70.467064,71.363144,71.265236,72.59276,105.84331,106.70288,107.16751,107.50105,108.397125,108.299225,109.62675
2062.5,2.4461606,3.497038,4.065079,4.472852,5.5683613,5.448667,7.071643,14.736007,15.786885,16.354927,16.7627,17.858208,17.738514,19.36149,9.935888,10.986765,11.554807,11.962579,13.058088,12.938394,14.56137,14.287434,15.33831,15.906352,16.314125,17.409634,17.28994,18.912916,43.794655,44.84553,45.41357,45.821346,46.916855,46.79716,48.420135,48.446075,49.496952,50.06499,50.472763,51.568275,51.44858,53.071556,69.230675,70.281555,70.84959,71.25736,72.352875,72.23318,73.856155,107.517685,108.56856,109.136604,109.54437,110.63988,110.52018,112.14316
2063.5,2.1762178,3.4184017,4.0898523,4.5718584,5.8667994,5.7253146,7.6437454,14.121594,15.363779,16.035229,16.517235,17.812176,17.67069,19.589123,7.9190803,9.161264,9.832715,10.31472,11.609661,11.468177,13.386607,13.540495,14.782679,15.454129,15.936136,17.231077,17.089592,19.008024,43.356678,44.598858,45.27031,45.752316,47.047256,46.90577,48.824203,48.22276,49.464943,50.136395,50.6184,51.913338,51.77186,53.690285,69.65202,70.8942,71.56566,72.04767,73.342606,73.20112,75.119545,109.19205,110.434235,111.10568,111.58769,112.88264,112.74115,114.65958
2064.5,1.9062749,3.3397655,4.1146255,4.670864,6.165237,6.0019627,8.215848,13.507181,14.940671,15.715531,16.27177,17.766144,17.602869,19.816753,5.902272,7.3357635,8.110622,8.666862,10.161234,9.99796,12.211845,12.793558,14.227048,15.001909,15.558146,17.05252,16.889246,19.10313,42.918694,44.35219,45.127045,45.683285,47.177658,47.014385,49.22827,47.999443,49.432934,50.207794,50.764034,52.258408,52.09513,54.309017,70.07337,71.50686,72.28172,72.83796,74.33233,74.16906,76.38294,110.866425,112.29992,113.074776,113.63101,115.12539,114.96211,117.175995
2065.5,1.636332,3.2611296,4.1393986,4.7698703,6.463675,6.278611,8.787951,12.892769,14.517566,15.395834,16.026306,17.720112,17.535048,20.044386,3.8854642,5.5102615,6.3885307,7.0190024,8.712807,8.527743,11.037083,12.046619,13.671417,14.5496855,15.180158,16.873962,16.688898,19.198238,42.480713,44.10551,44.98378,45.614254,47.30806,47.122997,49.632336,47.77613,49.40093,50.279198,50.909668,52.603474,52.41841,54.92775,70.49472,72.119514,72.99779,73.62826,75.32206,75.137,77.64634,112.540794,114.16559,115.04385,115.67433,117.36813,117.183075,119.69241
2066.5,1.366389,3.1824934,4.164171,4.868876,6.7621126,6.5552588,9.360053,12.278355,14.09446,15.076138,15.780842,17.674078,17.467226,20.272018,1.8686564,3.6847606,4.666439,5.3711433,7.26438,7.0575266,9.86232,11.299681,13.115786,14.097464,14.802169,16.695404,16.48855,19.293346,42.042732,43.858837,44.84052,45.54522,47.438457,47.2316,50.036396,47.55282,49.368923,50.350597,51.055305,52.94854,52.741688,55.546482,70.91607,72.73218,73.71385,74.41856,76.31179,76.10494,78.90973,114.215164,116.031265,117.01295,117.71764,119.610886,119.40403,122.208824
2067.5,1.0964463,3.1038575,4.188945,4.967882,7.06055,6.8319073,9.932156,11.663941,13.671353,14.75644,15.5353775,17.628046,17.399403,20.499651,-0.14815165,1.8592596,2.944347,3.7232845,5.8159523,5.5873094,8.687557,10.552743,12.560154,13.645241,14.424178,16.516848,16.288204,19.388453,41.604755,43.612167,44.697254,45.47619,47.56886,47.340218,50.440468,47.329506,49.336914,50.422,51.200943,53.29361,53.064964,56.165215,71.33742,73.344826,74.42992,75.208855,77.30152,77.072876,80.17313,115.889534,117.89695,118.98203,119.76097,121.85363,121.62499,124.725235
2068.5,0.82650334,2.9308784,4.0683784,4.8849406,7.078691,6.8390036,10.089004,11.049528,13.153903,14.291403,15.107965,17.301716,17.062027,20.312029,-2.1649594,-0.060584478,1.0769155,1.8934779,4.0872283,3.8475406,7.097541,9.805805,11.91018,13.04768,13.864243,16.057993,15.818306,19.068304,41.16678,43.27115,44.40865,45.225212,47.418964,47.179276,50.429276,47.10619,49.210567,50.348064,51.164627,53.35838,53.118694,56.36869,71.758766,73.863144,75.00064,75.8172,78.010956,77.77127,81.02127,117.563896,119.668274,120.80577,121.62234,123.816086,123.5764,126.82639
2069.5,0.5565606,2.6609356,3.7984354,4.6149983,6.8087482,6.5690603,9.81906,10.435115,12.53949,13.67699,14.493552,16.687302,16.447615,19.697615,-4.1817675,-2.0773923,-0.9398925,-0.12333001,2.0704203,1.8307326,5.080733,9.0588665,11.163241,12.300742,13.117305,15.311055,15.071367,18.321365,40.728794,42.833168,43.97067,44.78723,46.980984,46.741295,49.991295,46.88288,48.98725,50.124756,50.94132,53.135067,52.89538,56.145382,72.18012,74.28449,75.422,76.238556,78.43231,78.19262,81.44261,119.23827,121.34265,122.48015,123.296715,125.49046,125.25078,128.50078
2070.5,0.28456578,2.3889408,3.5264409,4.3430033,6.536753,6.297066,9.547066,9.723913,11.828287,12.965788,13.782351,15.9761,15.736413,18.986414,-5.5831447,-3.47877,-2.34127,-1.5247076,0.6690424,0.4293553,3.6793547,8.2879,10.392276,11.529776,12.346337,14.540088,14.300401,17.550402,40.14141,42.24579,43.38329,44.19985,46.3936,46.15391,49.40391,46.478474,48.582844,49.72035,50.53691,52.73066,52.49097,55.740974,72.599846,74.70422,75.84172,76.65829,78.852036,78.61234,81.86234,120.70628,122.81065,123.94816,124.764725,126.958466,126.71879,129.96878
2071.5,0.010461734,2.1148367,3.2523367,4.068899,6.2626495,6.0229616,9.272962,8.913233,11.017609,12.155108,12.971671,15.165421,14.925733,18.175734,-6.3519974,-4.247622,-3.1101222,-2.2935596,-0.09980966,-0.33949727,2.910503,7.492238,9.596613,10.734114,11.550676,13.744426,13.504738,16.754738,39.40048,41.504856,42.642353,43.458916,45.652668,45.412983,48.66298,45.88794,47.992317,49.129814,49.946377,52.140125,51.90044,55.15044,73.01791,75.122284,76.25978,77.07635,79.27009,79.0304,82.2804,121.9622,124.066574,125.20407,126.02064,128.21439,127.9747,131.2247
2072.5,-0.26364234,1.8407325,2.9782326,3.7947953,5.9885454,5.748857,8.9988575,8.102553,10.206928,11.344428,12.160991,14.354741,14.115053,17.365053,-7.12085,-5.016475,-3.8789752,-3.0624123,-0.86866224,-1.1083503,2.1416502,6.696576,8.800951,9.938451,10.755013,12.948764,12.709076,15.959076,38.659546,40.76392,41.90142,42.717983,44.911736,44.672047,47.922047,45.297405,47.401783,48.539284,49.355846,51.5496,51.30991,54.559906,73.435974,75.540344,76.67785,77.49441,79.688156,79.44847,82.69847,123.218124,125.3225,126.46,127.276566,129.4703,129.2306,132.48062
2073.5,-0.5377462,1.5666287,2.7041287,3.5206916,5.714442,5.474754,8.724753,7.2918735,9.396248,10.533749,11.350311,13.544062,13.304373,16.554373,-7.889703,-5.785328,-4.6478276,-3.831265,-1.6375148,-1.8772029,1.3727976,5.900914,8.005288,9.142789,9.959352,12.153102,11.913414,15.163415,37.918613,40.022987,41.16049,41.97705,44.1708,43.93111,47.181114,44.70688,46.81125,47.948753,48.765316,50.959064,50.719376,53.96938,73.854034,75.958405,77.09591,77.912476,80.10622,79.86654,83.11653,124.47404,126.578415,127.71591,128.53246,130.72623,130.48653,133.73654
2074.5,-0.8118501,1.2925247,2.4300246,3.2465878,5.4403377,5.2006493,8.45065,6.4811935,8.585568,9.723068,10.539631,12.733381,12.493692,15.743693,-8.658555,-6.55418,-5.41668,-4.600117,-2.4063668,-2.646055,0.60394555,5.105252,7.2096267,8.347127,9.16369,11.357439,11.117752,14.367752,37.177677,39.282055,40.419556,41.23612,43.429867,43.190178,46.440178,44.116344,46.220722,47.35822,48.17478,50.36853,50.128845,53.378845,74.2721,76.37647,77.51398,78.33054,80.524284,80.2846,83.5346,125.72995,127.83433,128.97182,129.78839,131.98213,131.74245,134.99245
2075.5,-1.085954,1.0184207,2.1559207,2.9724836,5.166234,4.9265456,8.176546,5.670514,7.774889,8.912389,9.728951,11.922702,11.683014,14.933013,-9.427407,-7.3230324,-6.185532,-5.368969,-3.175219,-3.4149072,-0.16490659,4.30959,6.4139647,7.551465,8.368028,10.561778,10.322089,13.57209,36.436745,38.54112,39.67862,40.495182,42.688934,42.449245,45.699245,43.525814,45.630188,46.76769,47.58425,49.778004,49.538315,52.788315,74.69016,76.79453,77.93204,78.7486,80.942345,80.70266,83.95266,126.98586,129.09024,130.22774,131.04431,133.23805,132.99837,136.24837
2076.5,-1.360058,0.744317,1.8818169,2.6983798,4.89213,4.652442,7.902442,4.859834,6.964209,8.101709,8.918272,11.112022,10.872334,14.1223345,-10.1962595,-8.091885,-6.954385,-6.1378217,-3.9440715,-4.1837597,-0.9337592,3.5139282,5.618303,6.755803,7.572366,9.766115,9.526428,12.776428,35.695812,37.800186,38.937683,39.754246,41.947998,41.708313,44.95831,42.935284,45.039658,46.17716,46.99372,49.18747,48.94778,52.197784,75.10822,77.21259,78.3501,79.16666,81.360405,81.12072,84.37072,128.24178,130.34616,131.48366,132.30022,134.49396,134.25429,137.50427
2077.5,-1.6341618,0.47021312,1.6077131,2.4242756,4.618026,4.378338,7.6283383,4.0491548,6.153529,7.2910295,8.107592,10.301342,10.061654,13.311655,-10.965112,-8.860737,-7.723237,-6.906674,-4.712924,-4.952612,-1.7026112,2.718266,4.822641,5.9601407,6.7767034,8.970454,8.730765,11.980766,34.95488,37.05925,38.196754,39.013317,41.207066,40.967377,44.21738,42.34475,44.449127,45.586624,46.403187,48.59694,48.357246,51.60725,75.52628,77.63066,78.76816,79.58472,81.77847,81.53879,84.78879,129.4977,131.60207,132.73956,133.55614,135.74988,135.5102,138.7602
2078.5,-1.9082656,0.1961093,1.3336093,2.1501718,4.343922,4.104234,7.354235,3.2384746,5.3428497,6.48035,7.296912,9.490663,9.250975,12.500975,-11.733963,-9.629589,-8.492089,-7.675526,-5.4817758,-5.7214637,-2.4714634,1.9226038,4.0269785,5.164479,5.9810414,8.174791,7.9351034,11.185104,34.213943,36.31832,37.45582,38.27238,40.46613,40.22644,43.476444,41.754215,43.858593,44.99609,45.812653,48.006405,47.76672,51.016716,75.94434,78.04872,79.18622,80.002785,82.19653,81.956856,85.20685,130.7536,132.85799,133.99548,134.81204,137.0058,136.76611,140.0161
2079.5,-2.1823695,-0.077994525,1.0595055,1.8760679,4.069818,3.8301303,7.0801306,2.427795,4.5321703,5.6696696,6.4862328,8.679983,8.440294,11.690295,-12.502816,-10.398441,-9.2609415,-8.444379,-6.2506285,-6.4903164,-3.240316,1.1269419,3.2313168,4.368817,5.185379,7.3791294,7.1394415,10.389442,33.473007,35.577385,36.714886,37.531445,39.7252,39.48551,42.735508,41.16369,43.26806,44.405563,45.222126,47.415874,47.176186,50.42619,76.36241,78.46679,79.60429,80.420845,82.6146,82.374916,85.624916,132.00952,134.11389,135.25139,136.06796,138.2617,138.02202,141.27202
2080.5,-2.4839945,-0.37961936,0.7578807,1.574443,3.7681935,3.5285058,6.778506,1.7409372,3.845312,4.9828124,5.7993746,7.993125,7.7534375,11.003437,-13.04041,-10.936035,-9.798535,-8.981973,-6.7882223,-7.0279098,-3.7779098,0.34657463,2.4509497,3.5884497,4.405012,6.598762,6.3590746,9.609075,32.61727,34.721645,35.859146,36.67571,38.869457,38.62977,41.879772,40.527134,42.631508,43.76901,44.58557,46.779324,46.539635,49.78963,76.789696,78.89407,80.03157,80.84813,83.041885,82.8022,86.0522,132.70192,134.8063,135.9438,136.76036,138.95412,138.71443,141.96443
2081.5,-2.8139048,-0.7095298,0.42797014,1.2445328,3.4382827,3.1985953,6.448595,1.1813408,3.2857158,4.4232154,5.2397785,7.433528,7.193841,10.44384,-13.340321,-11.235946,-10.098446,-9.281883,-7.0881333,-7.327821,-4.0778213,-0.41807315,1.6863017,2.8238018,3.6403644,5.834114,5.594427,8.844426,31.643534,33.747906,34.885406,35.70197,37.89572,37.656033,40.906033,39.843285,41.947655,43.085155,43.901722,46.09547,45.85578,49.10578,77.22646,79.33083,80.46834,81.284904,83.478645,83.23896,86.48896,132.81517,134.91954,136.05704,136.87361,139.06735,138.82767,142.07767
2082.5,-3.1438153,-1.0394404,0.09805964,0.9146225,3.1083722,2.8686848,6.118685,0.62174445,2.7261193,3.8636193,4.680182,6.873932,6.6342444,9.884245,-13.640232,-11.535856,-10.398356,-9.581794,-7.3880444,-7.627732,-4.377732,-1.1827208,0.921654,2.059154,2.875717,5.0694666,4.829779,8.07978,30.669796,32.77417,33.91167,34.728233,36.921986,36.682297,39.932293,39.15943,41.263805,42.401306,43.21787,45.411617,45.17193,48.421932,77.66322,79.7676,80.9051,81.721664,83.91541,83.67573,86.92572,132.9284,135.03279,136.17029,136.98683,139.1806,138.9409,142.19092
2083.5,-3.4737256,-1.3693506,-0.23185064,0.584712,2.778462,2.5387745,5.7887745,0.062148,2.166523,3.3040228,4.1205854,6.314336,6.0746484,9.324648,-13.940143,-11.835769,-10.698269,-9.881706,-7.6879554,-7.9276433,-4.677643,-1.9473684,0.15700646,1.2945064,2.111069,4.3048196,4.065131,7.3151317,29.69606,31.800432,32.937935,33.754498,35.948246,35.708557,38.958557,38.47558,40.579952,41.717453,42.534016,44.727768,44.488075,47.73808,78.09999,80.20436,81.341866,82.158424,84.35218,84.11249,87.362495,133.04166,135.14601,136.28352,137.10008,139.29384,139.05415,142.30415
2084.5,-3.8036363,-1.6992612,-0.56176114,0.25480127,2.4485517,2.208864,5.458864,-0.49744838,1.6069267,2.7444267,3.5609891,5.7547393,5.5150514,8.765052,-14.240055,-12.13568,-10.998179,-10.181617,-7.987868,-8.227555,-4.977555,-2.712016,-0.60764116,0.5298588,1.3464212,3.5401716,3.3004837,6.5504837,28.722322,30.826698,31.964197,32.780758,34.97451,34.73482,37.98482,37.791725,39.8961,41.0336,41.850163,44.043915,43.804226,47.054226,78.53675,80.64113,81.77863,82.59519,84.78894,84.549255,87.799255,133.15489,135.25926,136.39677,137.21333,139.40707,139.16739,142.41739
2085.5,-4.133547,-2.029172,-0.8916719,-0.075109236,2.1186411,1.8789529,5.1289535,-1.0570449,1.0473301,2.1848302,3.0013926,5.195143,4.955455,8.205456,-14.539966,-12.435591,-11.298091,-10.481528,-8.287778,-8.527467,-5.2774653,-3.476664,-1.372289,-0.23478904,0.5817736,2.775524,2.5358357,5.785836,27.748585,29.85296,30.99046,31.807022,34.000774,33.76108,37.011086,37.107876,39.212246,40.34975,41.166313,43.36006,43.120373,46.370377,78.973526,81.077896,82.21539,83.03196,85.22571,84.98602,88.23602,133.26813,135.37251,136.51001,137.32657,139.52032,139.28062,142.53062
2086.5,-4.463457,-2.3590825,-1.2215824,-0.40501952,1.7887303,1.5490426,4.7990427,-1.6166413,0.48773345,1.6252335,2.4417965,4.635546,4.395859,7.645859,-14.839876,-12.735501,-11.5980015,-10.781439,-8.587689,-8.827376,-5.5773764,-4.241312,-2.136937,-0.999437,-0.18287404,2.010876,1.7711881,5.0211883,26.774849,28.879223,30.016722,30.833284,33.027035,32.787346,36.03735,36.424023,38.528397,39.665897,40.48246,42.67621,42.43652,45.686523,79.410286,81.51466,82.65216,83.46873,85.66247,85.42278,88.67278,133.38138,135.48575,136.62325,137.43982,139.63356,139.39386,142.64388
2087.5,-4.7933674,-2.6889925,-1.5514925,-0.7349298,1.4588202,1.2191325,4.469133,-2.1762376,-0.07186283,1.0656371,1.8821998,4.0759497,3.8362622,7.086262,-15.139788,-13.035413,-11.897912,-11.081349,-8.8876,-9.127287,-5.8772874,-5.0059595,-2.9015844,-1.7640846,-0.94752187,1.2462281,1.0065405,4.256541,25.801111,27.905485,29.042986,29.859549,32.0533,31.81361,35.06361,35.740166,37.844543,38.98204,39.798603,41.992355,41.75267,45.002666,79.847046,81.95142,83.08892,83.90549,86.099236,85.85955,89.10954,133.49461,135.599,136.7365,137.55304,139.74681,139.50711,142.75713
2088.5,-5.1232777,-3.0189025,-1.8814026,-1.0648401,1.1289102,0.88922256,4.1392226,-2.7358341,-0.6314591,0.5060409,1.3226033,3.5163536,3.276666,6.526666,-15.439698,-13.335323,-12.197823,-11.381261,-9.1875105,-9.427198,-6.177198,-5.770607,-3.6662319,-2.528732,-1.7121695,0.48158067,0.2418931,3.491893,24.827374,26.931747,28.069248,28.88581,31.079561,30.839872,34.089874,35.056316,37.16069,38.29819,39.114754,41.308502,41.068813,44.318817,80.28381,82.38818,83.52569,84.34225,86.536,86.29631,89.54632,133.60786,135.71223,136.84973,137.66629,139.86005,139.62035,142.87036
2089.5,-5.453188,-3.443156,-2.3566523,-1.5766977,0.5187024,0.28976065,3.3940568,-3.2954307,-1.2853986,-0.19889499,0.5810596,2.6764598,2.4475179,5.551814,-15.739609,-13.729577,-12.643073,-11.863119,-9.767718,-9.99666,-6.8923645,-6.535255,-4.5252233,-3.4387193,-2.6587646,-0.56336445,-0.7923062,2.31199,23.853636,25.86367,26.950172,27.730127,29.825527,29.596586,32.700882,34.372463,36.382496,37.468998,38.248955,40.344353,40.11541,43.219707,80.72057,82.730606,83.81711,84.59707,86.69247,86.463524,89.56782,133.7211,135.73114,136.81763,137.5976,139.693,139.46405,142.56834
2090.5,-5.7769856,-3.9582603,-2.975166,-2.2694445,-0.37347606,-0.58062816,2.2282135,-3.5508285,-1.7321035,-0.74900895,-0.043287404,1.852681,1.6455288,4.4543705,-15.93626,-14.117535,-13.134439,-12.428719,-10.53275,-10.7399025,-7.9310603,-7.251163,-5.432438,-4.4493437,-3.7436218,-1.8476536,-2.0548058,0.7540361,23.055967,24.874695,25.857786,26.56351,28.459478,28.252327,31.061167,33.656746,35.475468,36.458565,37.164288,39.060257,38.8531,41.661945,81.182686,83.00142,83.984505,84.69022,86.5862,86.37904,89.18789,133.61758,135.43631,136.4194,137.12514,139.02109,138.81395,141.62279
2091.5,-6.0945,-4.467082,-3.5873966,-2.955908,-1.2593718,-1.4447339,1.0686535,-3.4935784,-1.8661604,-0.9864747,-0.35498622,1.3415501,1.1561879,3.6695755,-16.026781,-14.399363,-13.519677,-12.888188,-11.191652,-11.377014,-8.8636265,-7.9169784,-6.2895603,-5.4098744,-4.778386,-3.0818496,-3.2672114,-0.75382423,22.439257,24.066675,24.946362,25.577848,27.274385,27.089024,29.602411,32.90828,34.535698,35.415382,36.04687,37.74341,37.558044,40.071434,81.67085,83.29827,84.177956,84.80945,86.50599,86.32062,88.83401,133.2913,134.91872,135.7984,136.4299,138.12643,137.94107,140.45447
2092.5,-6.4120154,-4.975904,-4.1996274,-3.6423717,-2.145267,-2.3088396,-0.090906985,-3.4363284,-2.000217,-1.2239405,-0.66668475,0.8304197,0.6668472,2.88478,-16.117302,-14.6811905,-13.904913,-13.347658,-11.8505535,-12.014126,-9.796193,-8.582793,-7.1466823,-6.370406,-5.81315,-4.3160458,-4.479618,-2.2616856,21.822546,23.258657,24.034933,24.592188,26.089293,25.92572,28.143652,32.159813,33.595924,34.3722,34.92946,36.42656,36.26299,38.480923,82.15902,83.59513,84.37141,84.928665,86.425766,86.26219,88.480125,132.96501,134.40112,135.17741,135.73466,137.23177,137.06819,139.28613
2093.5,-6.7295303,-5.484725,-4.811858,-4.3288355,-3.0311625,-3.1729453,-1.2504675,-3.3790781,-2.1342733,-1.4614062,-0.9783836,0.3192893,0.17750654,2.0999844,-16.207823,-14.963019,-14.290152,-13.807128,-12.509456,-12.651238,-10.72876,-9.248609,-8.003804,-7.330937,-6.847914,-5.5502415,-5.692024,-3.7695463,21.205833,22.450638,23.123507,23.60653,24.904202,24.762419,26.684896,31.411346,32.656147,33.329018,33.812042,35.10971,34.96793,36.890408,82.64719,83.89198,84.56485,85.047874,86.34555,86.203766,88.12624,132.63873,133.88354,134.55641,135.03943,136.33711,136.19533,138.1178
2094.5,-7.0470443,-5.9935465,-5.4240885,-5.0152984,-3.9170575,-4.0370507,-2.4100273,-3.3218281,-2.26833,-1.6988722,-1.2900823,-0.19184135,-0.3118344,1.3151891,-16.298346,-15.244846,-14.675387,-14.266599,-13.168358,-13.28835,-11.661327,-9.914424,-8.860926,-8.291468,-7.882678,-6.784437,-6.9044304,-5.2774067,20.589123,21.64262,22.212078,22.620867,23.719109,23.599115,25.226141,30.662878,31.716377,32.285835,32.694626,33.792866,33.672874,35.299896,83.135345,84.18885,84.7583,85.1671,86.265335,86.14535,87.77237,132.31245,133.36595,133.93541,134.3442,135.44243,135.32245,136.94948
2095.5,-7.364559,-6.5023685,-6.036319,-5.701762,-4.8029532,-4.901156,-3.5695872,-3.264578,-2.4023874,-1.9363381,-1.6017811,-0.702972,-0.8011753,0.5303938,-16.388865,-15.526673,-15.060624,-14.726068,-13.827258,-13.925462,-12.593893,-10.580239,-9.718049,-9.251999,-8.917442,-8.018633,-8.116837,-6.7852674,19.97241,20.8346,21.30065,21.635208,22.534016,22.435814,23.767382,29.914412,30.776604,31.242651,31.577208,32.476017,32.377815,33.709385,83.62351,84.4857,84.95175,85.28631,86.18512,86.086914,87.41849,131.98616,132.84836,133.3144,133.64897,134.54778,134.44957,135.78114
2096.5,-7.6820736,-7.01119,-6.6485496,-6.388226,-5.688849,-5.765262,-4.7291474,-3.207328,-2.536444,-2.1738038,-1.91348,-1.2141026,-1.290516,-0.25440148,-16.479387,-15.808502,-15.445862,-15.185539,-14.486161,-14.562574,-13.52646,-11.246055,-10.5751705,-10.21253,-9.952207,-9.25283,-9.329243,-8.293128,19.355698,20.026583,20.389223,20.649546,21.348923,21.27251,22.308626,29.165945,29.836828,30.199469,30.459791,31.159168,31.082756,32.118874,84.11167,84.78256,85.1452,85.40552,86.104904,86.02849,87.0646,131.6599,132.33076,132.6934,132.95374,133.65312,133.5767,134.61281
2097.5,-7.9995885,-7.5200114,-7.2607803,-7.07469,-6.574744,-6.629368,-5.8887076,-3.1500776,-2.6705005,-2.4112694,-2.2251787,-1.725233,-1.7798568,-1.0391967,-16.569908,-16.09033,-15.831099,-15.645008,-15.145062,-15.199687,-14.459026,-11.91187,-11.432292,-11.173061,-10.986971,-10.487025,-10.541649,-9.800989,18.738987,19.218563,19.477795,19.663887,20.163832,20.109207,20.849869,28.417479,28.897057,29.156284,29.342375,29.842321,29.787699,30.528357,84.599846,85.079414,85.33865,85.52474,86.02469,85.97006,86.710724,131.3336,131.81319,132.07242,132.25851,132.75845,132.70383,133.44449
2098.5,-8.317103,-8.028833,-7.873011,-7.7611527,-7.4606395,-7.493473,-7.048268,-3.0928276,-2.8045573,-2.6487353,-2.5368774,-2.2363634,-2.2691977,-1.8239921,-16.660427,-16.372156,-16.216337,-16.104479,-15.803964,-15.836798,-15.391592,-12.577684,-12.289414,-12.133592,-12.021734,-11.721221,-11.754055,-11.308849,18.122276,18.410547,18.566368,18.678226,18.97874,18.945906,19.391111,27.66901,27.957281,28.113104,28.22496,28.525475,28.492641,28.937847,85.088005,85.376274,85.5321,85.64396,85.94447,85.91164,86.35684,131.00732,131.2956,131.4514,131.56326,131.86378,131.83095,132.27615
2099.5,-8.634619,-8.537655,-8.485242,-8.447617,-8.346535,-8.357579,-8.207828,-3.0355778,-2.938614,-2.8862011,-2.8485763,-2.7474945,-2.7585387,-2.6087878,-16.75095,-16.653986,-16.601572,-16.563948,-16.462866,-16.47391,-16.32416,-13.2435,-13.146536,-13.094123,-13.056499,-12.955417,-12.966461,-12.8167095,17.505566,17.60253,17.654942,17.692568,17.79365,17.782604,17.932354,26.920544,27.017508,27.069921,27.107546,27.208628,27.197582,27.347334,85.57617,85.67313,85.72554,85.76317,85.86426,85.8532,86.00296,130.68105,130.77802,130.83043,130.86804,130.96912,130.95808,131.10783
2100.5,-8.822295,-8.822295,-8.822295,-8.822295,-8.822295,-8.822295,-8.822295,-3.033305,-3.033305,-3.033305,-3.033305,-3.033305,-3.033305,-3.033305,-16.823576,-16.823576,-16.823576,-16.823576,-16.823576,-16.823576,-16.823576,-13.607713,-13.607713,-13.607713,-13.607713,-13.607713,-13.607713,-13.607713,17.118631,17.118631,17.118631,17.118631,17.118631,17.118631,17.118631,26.436094,26.436094,26.436094,26.436094,26.436094,26.436094,26.436094,85.523605,85.523605,85.523605,85.523605,85.523605,85.523605,85.523605,130.06874,130.06874,130.06874,130.06874,130.06874,130.06874,130.06874
2101.5,-8.876527,-8.876527,-8.876527,-8.876527,-8.876527,-8.876527,-8.876527,-3.0875368,-3.0875368,-3.0875368,-3.0875368,-3.0875368,-3.0875368,-3.0875368,-16.877808,-16.877808,-16.877808,-16.877808,-16.877808,-16.877808,-16.877808,-13.661943,-13.661943,-13.661943,-13.661943,-13.661943,-13.661943,-13.661943,16.967855,16.967855,16.967855,16.967855,16.967855,16.967855,16.967855,26.223,26.223,26.223,26.223,26.223,26.223,26.223,84.9153,84.9153,84.9153,84.9153,84.9153,84.9153,84.9153,129.16249,129.16249,129.16249,129.16249,129.16249,129.16249,129.16249
2102.5,-8.930758,-8.930758,-8.930758,-8.930758,-8.930758,-8.930758,-8.930758,-3.1417685,-3.1417685,-3.1417685,-3.1417685,-3.1417685,-3.1417685,-3.1417685,-16.93204,-16.93204,-16.93204,-16.93204,-16.93204,-16.93204,-16.93204,-13.716176,-13.716176,-13.716176,-13.716176,-13.716176,-13.716176,-13.716176,16.817081,16.817081,16.817081,16.817081,16.817081,16.817081,16.817081,26.009903,26.009903,26.009903,26.009903,26.009903,26.009903,26.009903,84.306984,84.306984,84.306984,84.306984,84.306984,84.306984,84.306984,128.25623,128.25623,128.25623,128.25623,128.25623,128.25623,128.25623
2103.5,-8.98499,-8.98499,-8.98499,-8.98499,-8.98499,-8.98499,-8.98499,-3.196,-3.196,-3.196,-3.196,-3.196,-3.196,-3.196,-16.98627,-16.98627,-16.98627,-16.98627,-16.98627,-16.98627,-16.98627,-13.770408,-13.770408,-13.770408,-13.770408,-13.770408,-13.770408,-13.770408,16.666307,16.666307,16.666307,16.666307,16.666307,16.666307,16.666307,25.796808,25.796808,25.796808,25.796808,25.796808,25.796808,25.796808,83.69867,83.69867,83.69867,83.69867,83.69867,83.69867,83.69867,127.34997,127.34997,127.34997,127.34997,127.34997,127.34997,127.34997
2104.5,-9.039223,-9.039223,-9.039223,-9.039223,-9.039223,-9.039223,-9.039223,-3.2502317,-3.2502317,-3.2502317,-3.2502317,-3.2502317,-3.2502317,-3.2502317,-17.040503,-17.040503,-17.040503,-17.040503,-17.040503,-17.040503,-17.040503,-13.824639,-13.824639,-13.824639,-13.824639,-13.824639,-13.824639,-13.824639,16.515532,16.515532,16.515532,16.515532,16.515532,16.515532,16.515532,25.583712,25.583712,25.583712,25.583712,25.583712,25.583712,25.583712,83.09036,83.09036,83.09036,83.09036,83.09036,83.09036,83.09036,126.4437,126.4437,126.4437,126.4437,126.4437,126.4437,126.4437
2105.5,-9.093453,-9.093453,-9.093453,-9.093453,-9.093453,-9.093453,-9.093453,-3.3044636,-3.3044636,-3.3044636,-3.3044636,-3.3044636,-3.3044636,-3.3044636,-17.094732,-17.094732,-17.094732,-17.094732,-17.094732,-17.094732,-17.094732,-13.878871,-13.878871,-13.878871,-13.878871,-13.878871,-13.878871,-13.878871,16.364758,16.364758,16.364758,16.364758,16.364758,16.364758,16.364758,25.370617,25.370617,25.370617,25.370617,25.370617,25.370617,25.370617,82.48205,82.48205,82.48205,82.48205,82.48205,82.48205,82.48205,125.53744,125.53744,125.53744,125.53744,125.53744,125.53744,125.53744
2106.5,-9.147685,-9.147685,-9.147685,-9.147685,-9.147685,-9.147685,-9.147685,-3.3586953,-3.3586953,-3.3586953,-3.3586953,-3.3586953,-3.3586953,-3.3586953,-17.148964,-17.148964,-17.148964,-17.148964,-17.148964,-17.148964,-17.148964,-13.933103,-13.933103,-13.933103,-13.933103,-13.933103,-13.933103,-13.933103,16.213985,16.213985,16.213985,16.213985,16.213985,16.213985,16.213985,25.15752,25.15752,25.15752,25.15752,25.15752,25.15752,25.15752,81.87373,81.87373,81.87373,81.87373,81.87373,81.87373,81.87373,124.631195,124.631195,124.631195,124.631195,124.631195,124.631195,124.631195
2107.5,-9.201917,-9.201917,-9.201917,-9.201917,-9.201917,-9.201917,-9.201917,-3.412927,-3.412927,-3.412927,-3.412927,-3.412927,-3.412927,-3.412927,-17.203197,-17.203197,-17.203197,-17.203197,-17.203197,-17.203197,-17.203197,-13.987334,-13.987334,-13.987334,-13.987334,-13.987334,-13.987334,-13.987334,16.06321,16.06321,16.06321,16.06321,16.06321,16.06321,16.06321,24.944426,24.944426,24.944426,24.944426,24.944426,24.944426,24.944426,81.26543,81.26543,81.26543,81.26543,81.26543,81.26543,81.26543,123.72494,123.72494,123.72494,123.72494,123.72494,123.72494,123.72494
2108.5,-9.256148,-9.256148,-9.256148,-9.256148,-9.256148,-9.256148,-9.256148,-3.4671583,-3.4671583,-3.4671583,-3.4671583,-3.4671583,-3.4671583,-3.4671583,-17.25743,-17.25743,-17.25743,-17.25743,-17.25743,-17.25743,-17.25743,-14.041566,-14.041566,-14.041566,-14.041566,-14.041566,-14.041566,-14.041566,15.912436,15.912436,15.912436,15.912436,15.912436,15.912436,15.912436,24.731329,24.731329,24.731329,24.731329,24.731329,24.731329,24.731329,80.65711,80.65711,80.65711,80.65711,80.65711,80.65711,80.65711,122.818665,122.818665,122.818665,122.818665,122.818665,122.818665,122.818665
2109.5,-9.310381,-9.310381,-9.310381,-9.310381,-9.310381,-9.310381,-9.310381,-3.5213902,-3.5213902,-3.5213902,-3.5213902,-3.5213902,-3.5213902,-3.5213902,-17.31166,-17.31166,-17.31166,-17.31166,-17.31166,-17.31166,-17.31166,-14.095798,-14.095798,-14.095798,-14.095798,-14.095798,-14.095798,-14.095798,15.761662,15.761662,15.761662,15.761662,15.761662,15.761662,15.761662,24.518232,24.518232,24.518232,24.518232,24.518232,24.518232,24.518232,80.0488,80.0488,80.0488,80.0488,80.0488,80.0488,80.0488,121.91241,121.91241,121.91241,121.91241,121.91241,121.91241,121.91241
2110.5,-9.364613,-9.364613,-9.364613,-9.364613,-9.364613,-9.364613,-9.364613,-3.575622,-3.575622,-3.575622,-3.575622,-3.575622,-3.575622,-3.575622,-17.365892,-17.365892,-17.365892,-17.365892,-17.365892,-17.365892,-17.365892,-14.150029,-14.150029,-14.150029,-14.150029,-14.150029,-14.150029,-14.150029,15.610887,15.610887,15.610887,15.610887,15.610887,15.610887,15.610887,24.30514,24.30514,24.30514,24.30514,24.30514,24.30514,24.30514,79.44049,79.44049,79.44049,79.44049,79.44049,79.44049,79.44049,121.00615,121.00615,121.00615,121.00615,121.00615,121.00615,121.00615
2111.5,-9.418844,-9.418844,-9.418844,-9.418844,-9.418844,-9.418844,-9.418844,-3.6298537,-3.6298537,-3.6298537,-3.6298537,-3.6298537,-3.6298537,-3.6298537,-17.420124,-17.420124,-17.420124,-17.420124,-17.420124,-17.420124,-17.420124,-14.204261,-14.204261,-14.204261,-14.204261,-14.204261,-14.204261,-14.204261,15.460112,15.460112,15.460112,15.460112,15.460112,15.460112,15.460112,24.092041,24.092041,24.092041,24.092041,24.092041,24.092041,24.092041,78.83218,78.83218,78.83218,78.83218,78.83218,78.83218,78.83218,120.09989,120.09989,120.09989,120.09989,120.09989,120.09989,120.09989
2112.5,-9.473075,-9.473075,-9.473075,-9.473075,-9.473075,-9.473075,-9.473075,-3.6840851,-3.6840851,-3.6840851,-3.6840851,-3.6840851,-3.6840851,-3.6840851,-17.474356,-17.474356,-17.474356,-17.474356,-17.474356,-17.474356,-17.474356,-14.258492,-14.258492,-14.258492,-14.258492,-14.258492,-14.258492,-14.258492,15.309338,15.309338,15.309338,15.309338,15.309338,15.309338,15.309338,23.878946,23.878946,23.878946,23.878946,23.878946,23.878946,23.878946,78.22386,78.22386,78.22386,78.22386,78.22386,78.22386,78.22386,119.193634,119.193634,119.193634,119.193634,119.193634,119.193634,119.193634
2113.5,-9.527307,-9.527307,-9.527307,-9.527307,-9.527307,-9.527307,-9.527307,-3.738317,-3.738317,-3.738317,-3.738317,-3.738317,-3.738317,-3.738317,-17.528587,-17.528587,-17.528587,-17.528587,-17.528587,-17.528587,-17.528587,-14.312724,-14.312724,-14.312724,-14.312724,-14.312724,-14.312724,-14.312724,15.158563,15.158563,15.158563,15.158563,15.158563,15.158563,15.158563,23.665852,23.665852,23.665852,23.665852,23.665852,23.665852,23.665852,77.615555,77.615555,77.615555,77.615555,77.615555,77.615555,77.615555,118.28738,118.28738,118.28738,118.28738,118.28738,118.28738,118.28738
2114.5,-9.581539,-9.581539,-9.581539,-9.581539,-9.581539,-9.581539,-9.581539,-3.7925484,-3.7925484,-3.7925484,-3.7925484,-3.7925484,-3.7925484,-3.7925484,-17.582819,-17.582819,-17.582819,-17.582819,-17.582819,-17.582819,-17.582819,-14.366956,-14.366956,-14.366956,-14.366956,-14.366956,-14.366956,-14.366956,15.00779,15.00779,15.00779,15.00779,15.00779,15.00779,15.00779,23.452755,23.452755,23.452755,23.452755,23.452755,23.452755,23.452755,77.00724,77.00724,77.00724,77.00724,77.00724,77.00724,77.00724,117.38112,117.38112,117.38112,117.38112,117.38112,117.38112,117.38112
2115.5,-9.635771,-9.635771,-9.635771,-9.635771,-9.635771,-9.635771,-9.635771,-3.8467803,-3.8467803,-3.8467803,-3.8467803,-3.8467803,-3.8467803,-3.8467803,-17.63705,-17.63705,-17.63705,-17.63705,-17.63705,-17.63705,-17.63705,-14.421187,-14.421187,-14.421187,-14.421187,-14.421187,-14.421187,-14.421187,14.857016,14.857016,14.857016,14.857016,14.857016,14.857016,14.857016,23.23966,23.23966,23.23966,23.23966,23.23966,23.23966,23.23966,76.39893,76.39893,76.39893,76.39893,76.39893,76.39893,76.39893,116.47485,116.47485,116.47485,116.47485,116.47485,116.47485,116.47485
2116.5,-9.690002,-9.690002,-9.690002,-9.690002,-9.690002,-9.690002,-9.690002,-3.901012,-3.901012,-3.901012,-3.901012,-3.901012,-3.901012,-3.901012,-17.691282,-17.691282,-17.691282,-17.691282,-17.691282,-17.691282,-17.691282,-14.475419,-14.475419,-14.475419,-14.475419,-14.475419,-14.475419,-14.475419,14.706241,14.706241,14.706241,14.706241,14.706241,14.706241,14.706241,23.026566,23.026566,23.026566,23.026566,23.026566,23.026566,23.026566,75.79062,75.79062,75.79062,75.79062,75.79062,75.79062,75.79062,115.5686,115.5686,115.5686,115.5686,115.5686,115.5686,115.5686
2117.5,-9.744234,-9.744234,-9.744234,-9.744234,-9.744234,-9.744234,-9.744234,-3.9552433,-3.9552433,-3.9552433,-3.9552433,-3.9552433,-3.9552433,-3.9552433,-17.745514,-17.745514,-17.745514,-17.745514,-17.745514,-17.745514,-17.745514,-14.529651,-14.529651,-14.529651,-14.529651,-14.529651,-14.529651,-14.529651,14.555467,14.555467,14.555467,14.555467,14.555467,14.555467,14.555467,22.813467,22.813467,22.813467,22.813467,22.813467,22.813467,22.813467,75.182304,75.182304,75.182304,75.182304,75.182304,75.182304,75.182304,114.662346,114.662346,114.662346,114.662346,114.662346,114.662346,114.662346
2118.5,-9.798465,-9.798465,-9.798465,-9.798465,-9.798465,-9.798465,-9.798465,-4.009475,-4.009475,-4.009475,-4.009475,-4.009475,-4.009475,-4.009475,-17.799746,-17.799746,-17.799746,-17.799746,-17.799746,-17.799746,-17.799746,-14.583883,-14.583883,-14.583883,-14.583883,-14.583883,-14.583883,-14.583883,14.404693,14.404693,14.404693,14.404693,14.404693,14.404693,14.404693,22.600374,22.600374,22.600374,22.600374,22.600374,22.600374,22.600374,74.574,74.574,74.574,74.574,74.574,74.574,74.574,113.75609,113.75609,113.75609,113.75609,113.75609,113.75609,113.75609
2119.5,-9.852697,-9.852697,-9.852697,-9.852697,-9.852697,-9.852697,-9.852697,-4.063707,-4.063707,-4.063707,-4.063707,-4.063707,-4.063707,-4.063707,-17.853977,-17.853977,-17.853977,-17.853977,-17.853977,-17.853977,-17.853977,-14.638115,-14.638115,-14.638115,-14.638115,-14.638115,-14.638115,-14.638115,14.253918,14.253918,14.253918,14.253918,14.253918,14.253918,14.253918,22.387278,22.387278,22.387278,22.387278,22.387278,22.387278,22.387278,73.96568,73.96568,73.96568,73.96568,73.96568,73.96568,73.96568,112.84982,112.84982,112.84982,112.84982,112.84982,112.84982,112.84982
2120.5,-9.906929,-9.906929,-9.906929,-9.906929,-9.906929,-9.906929,-9.906929,-4.1179385,-4.1179385,-4.1179385,-4.1179385,-4.1179385,-4.1179385,-4.1179385,-17.908209,-17.908209,-17.908209,-17.908209,-17.908209,-17.908209,-17.908209,-14.692346,-14.692346,-14.692346,-14.692346,-14.692346,-14.692346,-14.692346,14.103144,14.103144,14.103144,14.103144,14.103144,14.103144,14.103144,22.174181,22.174181,22.174181,22.174181,22.174181,22.174181,22.174181,73.35737,73.35737,73.35737,73.35737,73.35737,73.35737,73.35737,111.943565,111.943565,111.943565,111.943565,111.943565,111.943565,111.943565
2121.5,-9.961161,-9.961161,-9.961161,-9.961161,-9.961161,-9.961161,-9.961161,-4.17217,-4.17217,-4.17217,-4.17217,-4.17217,-4.17217,-4.17217,-17.96244,-17.96244,-17.96244,-17.96244,-17.96244,-17.96244,-17.96244,-14.746577,-14.746577,-14.746577,-14.746577,-14.746577,-14.746577,-14.746577,13.95237,13.95237,13.95237,13.95237,13.95237,13.95237,13.95237,21.961086,21.961086,21.961086,21.961086,21.961086,21.961086,21.961086,72.74906,72.74906,72.74906,72.74906,72.74906,72.74906,72.74906,111.03731,111.03731,111.03731,111.03731,111.03731,111.03731,111.03731
2122.5,-10.015392,-10.015392,-10.015392,-10.015392,-10.015392,-10.015392,-10.015392,-4.2264023,-4.2264023,-4.2264023,-4.2264023,-4.2264023,-4.2264023,-4.2264023,-18.016672,-18.016672,-18.016672,-18.016672,-18.016672,-18.016672,-18.016672,-14.800809,-14.800809,-14.800809,-14.800809,-14.800809,-14.800809,-14.800809,13.801595,13.801595,13.801595,13.801595,13.801595,13.801595,13.801595,21.74799,21.74799,21.74799,21.74799,21.74799,21.74799,21.74799,72.14075,72.14075,72.14075,72.14075,72.14075,72.14075,72.14075,110.13105,110.13105,110.13105,110.13105,110.13105,110.13105,110.13105
2123.5,-10.069624,-10.069624,-10.069624,-10.069624,-10.069624,-10.069624,-10.069624,-4.280634,-4.280634,-4.280634,-4.280634,-4.280634,-4.280634,-4.280634,-18.070904,-18.070904,-18.070904,-18.070904,-18.070904,-18.070904,-18.070904,-14.8550415,-14.8550415,-14.8550415,-14.8550415,-14.8550415,-14.8550415,-14.8550415,13.650821,13.650821,13.650821,13.650821,13.650821,13.650821,13.650821,21.534895,21.534895,21.534895,21.534895,21.534895,21.534895,21.534895,71.53243,71.53243,71.53243,71.53243,71.53243,71.53243,71.53243,109.22479,109.22479,109.22479,109.22479,109.22479,109.22479,109.22479
2124.5,-10.123855,-10.123855,-10.123855,-10.123855,-10.123855,-10.123855,-10.123855,-4.334865,-4.334865,-4.334865,-4.334865,-4.334865,-4.334865,-4.334865,-18.125135,-18.125135,-18.125135,-18.125135,-18.125135,-18.125135,-18.125135,-14.909273,-14.909273,-14.909273,-14.909273,-14.909273,-14.909273,-14.909273,13.500046,13.500046,13.500046,13.500046,13.500046,13.500046,13.500046,21.321798,21.321798,21.321798,21.321798,21.321798,21.321798,21.321798,70.92413,70.92413,70.92413,70.92413,70.92413,70.92413,70.92413,108.318535,108.318535,108.318535,108.318535,108.318535,108.318535,108.318535
2125.5,-10.178087,-10.178087,-10.178087,-10.178087,-10.178087,-10.178087,-10.178087,-4.389097,-4.389097,-4.389097,-4.389097,-4.389097,-4.389097,-4.389097,-18.179367,-18.179367,-18.179367,-18.179367,-18.179367,-18.179367,-18.179367,-14.963505,-14.963505,-14.963505,-14.963505,-14.963505,-14.963505,-14.963505,13.349272,13.349272,13.349272,13.349272,13.349272,13.349272,13.349272,21.108704,21.108704,21.108704,21.108704,21.108704,21.108704,21.108704,70.31581,70.31581,70.31581,70.31581,70.31581,70.31581,70.31581,107.41228,107.41228,107.41228,107.41228,107.41228,107.41228,107.41228
2126.5,-10.232319,-10.232319,-10.232319,-10.232319,-10.232319,-10.232319,-10.232319,-4.443329,-4.443329,-4.443329,-4.443329,-4.443329,-4.443329,-4.443329,-18.233599,-18.233599,-18.233599,-18.233599,-18.233599,-18.233599,-18.233599,-15.017736,-15.017736,-15.017736,-15.017736,-15.017736,-15.017736,-15.017736,13.198498,13.198498,13.198498,13.198498,13.198498,13.198498,13.198498,20.895607,20.895607,20.895607,20.895607,20.895607,20.895607,20.895607,69.7075,69.7075,69.7075,69.7075,69.7075,69.7075,69.7075,106.50601,106.50601,106.50601,106.50601,106.50601,106.50601,106.50601
2127.5,-10.2865505,-10.2865505,-10.2865505,-10.2865505,-10.2865505,-10.2865505,-10.2865505,-4.49756,-4.49756,-4.49756,-4.49756,-4.49756,-4.49756,-4.49756,-18.28783,-18.28783,-18.28783,-18.28783,-18.28783,-18.28783,-18.28783,-15.071968,-15.071968,-15.071968,-15.071968,-15.071968,-15.071968,-15.071968,13.047723,13.047723,13.047723,13.047723,13.047723,13.047723,13.047723,20.682512,20.682512,20.682512,20.682512,20.682512,20.682512,20.682512,69.09919,69.09919,69.09919,69.09919,69.09919,69.09919,69.09919,105.59975,105.59975,105.59975,105.59975,105.59975,105.59975,105.59975
2128.5,-10.340782,-10.340782,-10.340782,-10.340782,-10.340782,-10.340782,-10.340782,-4.551792,-4.551792,-4.551792,-4.551792,-4.551792,-4.551792,-4.551792,-18.342062,-18.342062,-18.342062,-18.342062,-18.342062,-18.342062,-18.342062,-15.1262,-15.1262,-15.1262,-15.1262,-15.1262,-15.1262,-15.1262,12.896949,12.896949,12.896949,12.896949,12.896949,12.896949,12.896949,20.469416,20.469416,20.469416,20.469416,20.469416,20.469416,20.469416,68.490875,68.490875,68.490875,68.490875,68.490875,68.490875,68.490875,104.69349,104.69349,104.69349,104.69349,104.69349,104.69349,104.69349
2129.5,-10.395014,-10.395014,-10.395014,-10.395014,-10.395014,-10.395014,-10.395014,-4.606024,-4.606024,-4.606024,-4.606024,-4.606024,-4.606024,-4.606024,-18.396296,-18.396296,-18.396296,-18.396296,-18.396296,-18.396296,-18.396296,-15.18043,-15.18043,-15.18043,-15.18043,-15.18043,-15.18043,-15.18043,12.746174,12.746174,12.746174,12.746174,12.746174,12.746174,12.746174,20.25632,20.25632,20.25632,20.25632,20.25632,20.25632,20.25632,67.88256,67.88256,67.88256,67.88256,67.88256,67.88256,67.88256,103.78723,103.78723,103.78723,103.78723,103.78723,103.78723,103.78723
2130.5,-10.449246,-10.449246,-10.449246,-10.449246,-10.449246,-10.449246,-10.449246,-4.6602554,-4.6602554,-4.6602554,-4.6602554,-4.6602554,-4.6602554,-4.6602554,-18.450525,-18.450525,-18.450525,-18.450525,-18.450525,-18.450525,-18.450525,-15.234662,-15.234662,-15.234662,-15.234662,-15.234662,-15.234662,-15.234662,12.5954,12.5954,12.5954,12.5954,12.5954,12.5954,12.5954,20.043224,20.043224,20.043224,20.043224,20.043224,20.043224,20.043224,67.274254,67.274254,67.274254,67.274254,67.274254,67.274254,67.274254,102.880974,102.880974,102.880974,102.880974,102.880974,102.880974,102.880974
2131.5,-10.503477,-10.503477,-10.503477,-10.503477,-10.503477,-10.503477,-10.503477,-4.714487,-4.714487,-4.714487,-4.714487,-4.714487,-4.714487,-4.714487,-18.504757,-18.504757,-18.504757,-18.504757,-18.504757,-18.504757,-18.504757,-15.288894,-15.288894,-15.288894,-15.288894,-15.288894,-15.288894,-15.288894,12.444626,12.444626,12.444626,12.444626,12.444626,12.444626,12.444626,19.83013,19.83013,19.83013,19.83013,19.83013,19.83013,19.83013,66.66594,66.66594,66.66594,66.66594,66.66594,66.66594,66.66594,101.97472,101.97472,101.97472,101.97472,101.97472,101.97472,101.97472
2132.5,-10.557709,-10.557709,-10.557709,-10.557709,-10.557709,-10.557709,-10.557709,-4.7687187,-4.7687187,-4.7687187,-4.7687187,-4.7687187,-4.7687187,-4.7687187,-18.558989,-18.558989,-18.558989,-18.558989,-18.558989,-18.558989,-18.558989,-15.343125,-15.343125,-15.343125,-15.343125,-15.343125,-15.343125,-15.343125,12.293851,12.293851,12.293851,12.293851,12.293851,12.293851,12.293851,19.617033,19.617033,19.617033,19.617033,19.617033,19.617033,19.617033,66.057625,66.057625,66.057625,66.057625,66.057625,66.057625,66.057625,101.06846,101.06846,101.06846,101.06846,101.06846,101.06846,101.06846
2133.5,-10.61194,-10.61194,-10.61194,-10.61194,-10.61194,-10.61194,-10.61194,-4.8229504,-4.8229504,-4.8229504,-4.8229504,-4.8229504,-4.8229504,-4.8229504,-18.61322,-18.61322,-18.61322,-18.61322,-18.61322,-18.61322,-18.61322,-15.397358,-15.397358,-15.397358,-15.397358,-15.397358,-15.397358,-15.397358,12.143077,12.143077,12.143077,12.143077,12.143077,12.143077,12.143077,19.403936,19.403936,19.403936,19.403936,19.403936,19.403936,19.403936,65.44932,65.44932,65.44932,65.44932,65.44932,65.44932,65.44932,100.1622,100.1622,100.1622,100.1622,100.1622,100.1622,100.1622
2134.5,-10.666172,-10.666172,-10.666172,-10.666172,-10.666172,-10.666172,-10.666172,-4.877182,-4.877182,-4.877182,-4.877182,-4.877182,-4.877182,-4.877182,-18.667452,-18.667452,-18.667452,-18.667452,-18.667452,-18.667452,-18.667452,-15.45159,-15.45159,-15.45159,-15.45159,-15.45159,-15.45159,-15.45159,11.992303,11.992303,11.992303,11.992303,11.992303,11.992303,11.992303,19.190842,19.190842,19.190842,19.190842,19.190842,19.190842,19.190842,64.841,64.841,64.841,64.841,64.841,64.841,64.841,99.25594,99.25594,99.25594,99.25594,99.25594,99.25594,99.25594
2135.5,-10.720405,-10.720405,-10.720405,-10.720405,-10.720405,-10.720405,-10.720405,-4.931414,-4.931414,-4.931414,-4.931414,-4.931414,-4.931414,-4.931414,-18.721684,-18.721684,-18.721684,-18.721684,-18.721684,-18.721684,-18.721684,-15.505821,-15.505821,-15.505821,-15.505821,-15.505821,-15.505821,-15.505821,11.841528,11.841528,11.841528,11.841528,11.841528,11.841528,11.841528,18.977745,18.977745,18.977745,18.977745,18.977745,18.977745,18.977745,64.2327,64.2327,64.2327,64.2327,64.2327,64.2327,64.2327,98.349686,98.349686,98.349686,98.349686,98.349686,98.349686,98.349686
2136.5,-10.774636,-10.774636,-10.774636,-10.774636,-10.774636,-10.774636,-10.774636,-4.985646,-4.985646,-4.985646,-4.985646,-4.985646,-4.985646,-4.985646,-18.775915,-18.775915,-18.775915,-18.775915,-18.775915,-18.775915,-18.775915,-15.560053,-15.560053,-15.560053,-15.560053,-15.560053,-15.560053,-15.560053,11.690754,11.690754,11.690754,11.690754,11.690754,11.690754,11.690754,18.76465,18.76465,18.76465,18.76465,18.76465,18.76465,18.76465,63.624382,63.624382,63.624382,63.624382,63.624382,63.624382,63.624382,97.44343,97.44343,97.44343,97.44343,97.44343,97.44343,97.44343
2137.5,-10.828867,-10.828867,-10.828867,-10.828867,-10.828867,-10.828867,-10.828867,-5.039877,-5.039877,-5.039877,-5.039877,-5.039877,-5.039877,-5.039877,-18.830147,-18.830147,-18.830147,-18.830147,-18.830147,-18.830147,-18.830147,-15.6142845,-15.6142845,-15.6142845,-15.6142845,-15.6142845,-15.6142845,-15.6142845,11.539979,11.539979,11.539979,11.539979,11.539979,11.539979,11.539979,18.551554,18.551554,18.551554,18.551554,18.551554,18.551554,18.551554,63.016068,63.016068,63.016068,63.016068,63.016068,63.016068,63.016068,96.53716,96.53716,96.53716,96.53716,96.53716,96.53716,96.53716
2138.5,-10.883099,-10.883099,-10.883099,-10.883099,-10.883099,-10.883099,-10.883099,-5.094109,-5.094109,-5.094109,-5.094109,-5.094109,-5.094109,-5.094109,-18.884378,-18.884378,-18.884378,-18.884378,-18.884378,-18.884378,-18.884378,-15.668516,-15.668516,-15.668516,-15.668516,-15.668516,-15.668516,-15.668516,11.389205,11.389205,11.389205,11.389205,11.389205,11.389205,11.389205,18.338459,18.338459,18.338459,18.338459,18.338459,18.338459,18.338459,62.407757,62.407757,62.407757,62.407757,62.407757,62.407757,62.407757,95.630905,95.630905,95.630905,95.630905,95.630905,95.630905,95.630905
2139.5,-10.93733,-10.93733,-10.93733,-10.93733,-10.93733,-10.93733,-10.93733,-5.1483407,-5.1483407,-5.1483407,-5.1483407,-5.1483407,-5.1483407,-5.1483407,-18.938612,-18.938612,-18.938612,-18.938612,-18.938612,-18.938612,-18.938612,-15.722749,-15.722749,-15.722749,-15.722749,-15.722749,-15.722749,-15.722749,11.238431,11.238431,11.238431,11.238431,11.238431,11.238431,11.238431,18.125362,18.125362,18.125362,18.125362,18.125362,18.125362,18.125362,61.799446,61.799446,61.799446,61.799446,61.799446,61.799446,61.799446,94.72465,94.72465,94.72465,94.72465,94.72465,94.72465,94.72465
2140.5,-10.878067,-10.878067,-10.878067,-10.878067,-10.878067,-10.878067,-10.878067,-5.146174,-5.146174,-5.146174,-5.146174,-5.146174,-5.146174,-5.146174,-18.672155,-18.672155,-18.672155,-18.672155,-18.672155,-18.672155,-18.672155,-15.616287,-15.616287,-15.616287,-15.616287,-15.616287,-15.616287,-15.616287,11.087656,11.087656,11.087656,11.087656,11.087656,11.087656,11.087656,17.91227,17.91227,17.91227,17.91227,17.91227,17.91227,17.91227,61.191135,61.191135,61.191135,61.191135,61.191135,61.191135,61.191135,93.81839,93.81839,93.81839,93.81839,93.81839,93.81839,93.81839
2141.5,-10.702156,-10.702156,-10.702156,-10.702156,-10.702156,-10.702156,-10.702156,-5.086043,-5.086043,-5.086043,-5.086043,-5.086043,-5.086043,-5.086043,-18.076107,-18.076107,-18.076107,-18.076107,-18.076107,-18.076107,-18.076107,-15.3446665,-15.3446665,-15.3446665,-15.3446665,-15.3446665,-15.3446665,-15.3446665,10.936882,10.936882,10.936882,10.936882,10.936882,10.936882,10.936882,17.699173,17.699173,17.699173,17.699173,17.699173,17.699173,17.699173,60.58282,60.58282,60.58282,60.58282,60.58282,60.58282,60.58282,92.912125,92.912125,92.912125,92.912125,92.912125,92.912125,92.912125
2142.5,-10.526245,-10.526245,-10.526245,-10.526245,-10.526245,-10.526245,-10.526245,-5.025912,-5.025912,-5.025912,-5.025912,-5.025912,-5.025912,-5.025912,-17.480059,-17.480059,-17.480059,-17.480059,-17.480059,-17.480059,-17.480059,-15.073048,-15.073048,-15.073048,-15.073048,-15.073048,-15.073048,-15.073048,10.786107,10.786107,10.786107,10.786107,10.786107,10.786107,10.786107,17.486078,17.486078,17.486078,17.486078,17.486078,17.486078,17.486078,59.97451,59.97451,59.97451,59.97451,59.97451,59.97451,59.97451,92.00587,92.00587,92.00587,92.00587,92.00587,92.00587,92.00587
2143.5,-10.350334,-10.350334,-10.350334,-10.350334,-10.350334,-10.350334,-10.350334,-4.9657803,-4.9657803,-4.9657803,-4.9657803,-4.9657803,-4.9657803,-4.9657803,-16.88401,-16.88401,-16.88401,-16.88401,-16.88401,-16.88401,-16.88401,-14.801428,-14.801428,-14.801428,-14.801428,-14.801428,-14.801428,-14.801428,10.635333,10.635333,10.635333,10.635333,10.635333,10.635333,10.635333,17.272982,17.272982,17.272982,17.272982,17.272982,17.272982,17.272982,59.3662,59.3662,59.3662,59.3662,59.3662,59.3662,59.3662,91.09961,91.09961,91.09961,91.09961,91.09961,91.09961,91.09961
2144.5,-10.174423,-10.174423,-10.174423,-10.174423,-10.174423,-10.174423,-10.174423,-4.905649,-4.905649,-4.905649,-4.905649,-4.905649,-4.905649,-4.905649,-16.28796,-16.28796,-16.28796,-16.28796,-16.28796,-16.28796,-16.28796,-14.529809,-14.529809,-14.529809,-14.529809,-14.529809,-14.529809,-14.529809,10.484559,10.484559,10.484559,10.484559,10.484559,10.484559,10.484559,17.059885,17.059885,17.059885,17.059885,17.059885,17.059885,17.059885,58.757885,58.757885,58.757885,58.757885,58.757885,58.757885,58.757885,90.19335,90.19335,90.19335,90.19335,90.19335,90.19335,90.19335
2145.5,-9.998512,-9.998512,-9.998512,-9.998512,-9.998512,-9.998512,-9.998512,-4.845518,-4.845518,-4.845518,-4.845518,-4.845518,-4.845518,-4.845518,-15.691911,-15.691911,-15.691911,-15.691911,-15.691911,-15.691911,-15.691911,-14.25819,-14.25819,-14.25819,-14.25819,-14.25819,-14.25819,-14.25819,10.333784,10.333784,10.333784,10.333784,10.333784,10.333784,10.333784,16.84679,16.84679,16.84679,16.84679,16.84679,16.84679,16.84679,58.14958,58.14958,58.14958,58.14958,58.14958,58.14958,58.14958,89.287094,89.287094,89.287094,89.287094,89.287094,89.287094,89.287094
2146.5,-9.822601,-9.822601,-9.822601,-9.822601,-9.822601,-9.822601,-9.822601,-4.7853866,-4.7853866,-4.7853866,-4.7853866,-4.7853866,-4.7853866,-4.7853866,-15.095862,-15.095862,-15.095862,-15.095862,-15.095862,-15.095862,-15.095862,-13.98657,-13.98657,-13.98657,-13.98657,-13.98657,-13.98657,-13.98657,10.18301,10.18301,10.18301,10.18301,10.18301,10.18301,10.18301,16.633694,16.633694,16.633694,16.633694,16.633694,16.633694,16.633694,57.541267,57.541267,57.541267,57.541267,57.541267,57.541267,57.541267,88.38084,88.38084,88.38084,88.38084,88.38084,88.38084,88.38084
2147.5,-9.64669,-9.64669,-9.64669,-9.64669,-9.64669,-9.64669,-9.64669,-4.7252555,-4.7252555,-4.7252555,-4.7252555,-4.7252555,-4.7252555,-4.7252555,-14.499814,-14.499814,-14.499814,-14.499814,-14.499814,-14.499814,-14.499814,-13.714951,-13.714951,-13.714951,-13.714951,-13.714951,-13.714951,-13.714951,10.032237,10.032237,10.032237,10.032237,10.032237,10.032237,10.032237,16.420599,16.420599,16.420599,16.420599,16.420599,16.420599,16.420599,56.932953,56.932953,56.932953,56.932953,56.932953,56.932953,56.932953,87.47458,87.47458,87.47458,87.47458,87.47458,87.47458,87.47458
2148.5,-9.470779,-9.470779,-9.470779,-9.470779,-9.470779,-9.470779,-9.470779,-4.665124,-4.665124,-4.665124,-4.665124,-4.665124,-4.665124,-4.665124,-13.903766,-13.903766,-13.903766,-13.903766,-13.903766,-13.903766,-13.903766,-13.443332,-13.443332,-13.443332,-13.443332,-13.443332,-13.443332,-13.443332,9.881462,9.881462,9.881462,9.881462,9.881462,9.881462,9.881462,16.207502,16.207502,16.207502,16.207502,16.207502,16.207502,16.207502,56.324642,56.324642,56.324642,56.324642,56.324642,56.324642,56.324642,86.56832,86.56832,86.56832,86.56832,86.56832,86.56832,86.56832
2149.5,-9.2948675,-9.2948675,-9.2948675,-9.2948675,-9.2948675,-9.2948675,-9.2948675,-4.604993,-4.604993,-4.604993,-4.604993,-4.604993,-4.604993,-4.604993,-13.307717,-13.307717,-13.307717,-13.307717,-13.307717,-13.307717,-13.307717,-13.171712,-13.171712,-13.171712,-13.171712,-13.171712,-13.171712,-13.171712,9.730687,9.730687,9.730687,9.730687,9.730687,9.730687,9.730687,15.994407,15.994407,15.994407,15.994407,15.994407,15.994407,15.994407,55.71633,55.71633,55.71633,55.71633,55.71633,55.71633,55.71633,85.66205,85.66205,85.66205,85.66205,85.66205,85.66205,85.66205
2150.5,-9.092212,-9.092212,-9.092212,-9.092212,-9.092212,-9.092212,-9.092212,-4.5181174,-4.5181174,-4.5181174,-4.5181174,-4.5181174,-4.5181174,-4.5181174,-12.684924,-12.684924,-12.684924,-12.684924,-12.684924,-12.684924,-12.684924,-12.873349,-12.873349,-12.873349,-12.873349,-12.873349,-12.873349,-12.873349,9.606658,9.606658,9.606658,9.606658,9.606658,9.606658,9.606658,15.808055,15.808055,15.808055,15.808055,15.808055,15.808055,15.808055,55.13476,55.13476,55.13476,55.13476,55.13476,55.13476,55.13476,84.78254,84.78254,84.78254,84.78254,84.78254,84.78254,84.78254
2151.5,-8.86207,-8.86207,-8.86207,-8.86207,-8.86207,-8.86207,-8.86207,-4.403754,-4.403754,-4.403754,-4.403754,-4.403754,-4.403754,-4.403754,-12.034643,-12.034643,-12.034643,-12.034643,-12.034643,-12.034643,-12.034643,-12.547498,-12.547498,-12.547498,-12.547498,-12.547498,-12.547498,-12.547498,9.510115,9.510115,9.510115,9.510115,9.510115,9.510115,9.510115,15.649191,15.649191,15.649191,15.649191,15.649191,15.649191,15.649191,54.580685,54.580685,54.580685,54.580685,54.580685,54.580685,54.580685,83.93051,83.93051,83.93051,83.93051,83.93051,83.93051,83.93051
2152.5,-8.6319275,-8.6319275,-8.6319275,-8.6319275,-8.6319275,-8.6319275,-8.6319275,-4.2893915,-4.2893915,-4.2893915,-4.2893915,-4.2893915,-4.2893915,-4.2893915,-11.384362,-11.384362,-11.384362,-11.384362,-11.384362,-11.384362,-11.384362,-12.221646,-12.221646,-12.221646,-12.221646,-12.221646,-12.221646,-12.221646,9.413572,9.413572,9.413572,9.413572,9.413572,9.413572,9.413572,15.490327,15.490327,15.490327,15.490327,15.490327,15.490327,15.490327,54.026604,54.026604,54.026604,54.026604,54.026604,54.026604,54.026604,83.07849,83.07849,83.07849,83.07849,83.07849,83.07849,83.07849
2153.5,-8.401785,-8.401785,-8.401785,-8.401785,-8.401785,-8.401785,-8.401785,-4.175029,-4.175029,-4.175029,-4.175029,-4.175029,-4.175029,-4.175029,-10.734082,-10.734082,-10.734082,-10.734082,-10.734082,-10.734082,-10.734082,-11.895795,-11.895795,-11.895795,-11.895795,-11.895795,-11.895795,-11.895795,9.317029,9.317029,9.317029,9.317029,9.317029,9.317029,9.317029,15.331464,15.331464,15.331464,15.331464,15.331464,15.331464,15.331464,53.472523,53.472523,53.472523,53.472523,53.472523,53.472523,53.472523,82.22646,82.22646,82.22646,82.22646,82.22646,82.22646,82.22646
2154.5,-8.171641,-8.171641,-8.171641,-8.171641,-8.171641,-8.171641,-8.171641,-4.0606656,-4.0606656,-4.0606656,-4.0606656,-4.0606656,-4.0606656,-4.0606656,-10.083801,-10.083801,-10.083801,-10.083801,-10.083801,-10.083801,-10.083801,-11.569943,-11.569943,-11.569943,-11.569943,-11.569943,-11.569943,-11.569943,9.220487,9.220487,9.220487,9.220487,9.220487,9.220487,9.220487,15.1726,15.1726,15.1726,15.1726,15.1726,15.1726,15.1726,52.918446,52.918446,52.918446,52.918446,52.918446,52.918446,52.918446,81.37444,81.37444,81.37444,81.37444,81.37444,81.37444,81.37444
2155.5,-7.9414997,-7.9414997,-7.9414997,-7.9414997,-7.9414997,-7.9414997,-7.9414997,-3.9463027,-3.9463027,-3.9463027,-3.9463027,-3.9463027,-3.9463027,-3.9463027,-9.433521,-9.433521,-9.433521,-9.433521,-9.433521,-9.433521,-9.433521,-11.244092,-11.244092,-11.244092,-11.244092,-11.244092,-11.244092,-11.244092,9.123943,9.123943,9.123943,9.123943,9.123943,9.123943,9.123943,15.013736,15.013736,15.013736,15.013736,15.013736,15.013736,15.013736,52.364365,52.364365,52.364365,52.364365,52.364365,52.364365,52.364365,80.52241,80.52241,80.52241,80.52241,80.52241,80.52241,80.52241
2156.5,-7.711356,-7.711356,-7.711356,-7.711356,-7.711356,-7.711356,-7.711356,-3.83194,-3.83194,-3.83194,-3.83194,-3.83194,-3.83194,-3.83194,-8.783241,-8.783241,-8.783241,-8.783241,-8.783241,-8.783241,-8.783241,-10.918242,-10.918242,-10.918242,-10.918242,-10.918242,-10.918242,-10.918242,9.027401,9.027401,9.027401,9.027401,9.027401,9.027401,9.027401,14.854872,14.854872,14.854872,14.854872,14.854872,14.854872,14.854872,51.810284,51.810284,51.810284,51.810284,51.810284,51.810284,51.810284,79.67038,79.67038,79.67038,79.67038,79.67038,79.67038,79.67038
2157.5,-7.4812136,-7.4812136,-7.4812136,-7.4812136,-7.4812136,-7.4812136,-7.4812136,-3.717577,-3.717577,-3.717577,-3.717577,-3.717577,-3.717577,-3.717577,-8.13296,-8.13296,-8.13296,-8.13296,-8.13296,-8.13296,-8.13296,-10.592391,-10.592391,-10.592391,-10.592391,-10.592391,-10.592391,-10.592391,8.930859,8.930859,8.930859,8.930859,8.930859,8.930859,8.930859,14.696008,14.696008,14.696008,14.696008,14.696008,14.696008,14.696008,51.2562,51.2562,51.2562,51.2562,51.2562,51.2562,51.2562,78.81835,78.81835,78.81835,78.81835,78.81835,78.81835,78.81835
2158.5,-7.251071,-7.251071,-7.251071,-7.251071,-7.251071,-7.251071,-7.251071,-3.6032143,-3.6032143,-3.6032143,-3.6032143,-3.6032143,-3.6032143,-3.6032143,-7.4826794,-7.4826794,-7.4826794,-7.4826794,-7.4826794,-7.4826794,-7.4826794,-10.26654,-10.26654,-10.26654,-10.26654,-10.26654,-10.26654,-10.26654,8.834316,8.834316,8.834316,8.834316,8.834316,8.834316,8.834316,14.537144,14.537144,14.537144,14.537144,14.537144,14.537144,14.537144,50.702126,50.702126,50.702126,50.702126,50.702126,50.702126,50.702126,77.966324,77.966324,77.966324,77.966324,77.966324,77.966324,77.966324
2159.5,-7.0209284,-7.0209284,-7.0209284,-7.0209284,-7.0209284,-7.0209284,-7.0209284,-3.4888513,-3.4888513,-3.4888513,-3.4888513,-3.4888513,-3.4888513,-3.4888513,-6.8323994,-6.8323994,-6.8323994,-6.8323994,-6.8323994,-6.8323994,-6.8323994,-9.940689,-9.940689,-9.940689,-9.940689,-9.940689,-9.940689,-9.940689,8.737774,8.737774,8.737774,8.737774,8.737774,8.737774,8.737774,14.37828,14.37828,14.37828,14.37828,14.37828,14.37828,14.37828,50.14804,50.14804,50.14804,50.14804,50.14804,50.14804,50.14804,77.1143,77.1143,77.1143,77.1143,77.1143,77.1143,77.1143
2160.5,-6.7907853,-6.7907853,-6.7907853,-6.7907853,-6.7907853,-6.7907853,-6.7907853,-3.3744884,-3.3744884,-3.3744884,-3.3744884,-3.3744884,-3.3744884,-3.3744884,-6.1821184,-6.1821184,-6.1821184,-6.1821184,-6.1821184,-6.1821184,-6.1821184,-9.614838,-9.614838,-9.614838,-9.614838,-9.614838,-9.614838,-9.614838,8.641231,8.641231,8.641231,8.641231,8.641231,8.641231,8.641231,14.219415,14.219415,14.219415,14.219415,14.219415,14.219415,14.219415,49.59396,49.59396,49.59396,49.59396,49.59396,49.59396,49.59396,76.262276,76.262276,76.262276,76.262276,76.262276,76.262276,76.262276
2161.5,-6.5606427,-6.5606427,-6.5606427,-6.5606427,-6.5606427,-6.5606427,-6.5606427,-3.2601256,-3.2601256,-3.2601256,-3.2601256,-3.2601256,-3.2601256,-3.2601256,-5.5318384,-5.5318384,-5.5318384,-5.5318384,-5.5318384,-5.5318384,-5.5318384,-9.288986,-9.288986,-9.288986,-9.288986,-9.288986,-9.288986,-9.288986,8.544688,8.544688,8.544688,8.544688,8.544688,8.544688,8.544688,14.060552,14.060552,14.060552,14.060552,14.060552,14.060552,14.060552,49.03988,49.03988,49.03988,49.03988,49.03988,49.03988,49.03988,75.41024,75.41024,75.41024,75.41024,75.41024,75.41024,75.41024
2162.5,-6.3305,-6.3305,-6.3305,-6.3305,-6.3305,-6.3305,-6.3305,-3.145763,-3.145763,-3.145763,-3.145763,-3.145763,-3.145763,-3.145763,-4.881558,-4.881558,-4.881558,-4.881558,-4.881558,-4.881558,-4.881558,-8.963136,-8.963136,-8.963136,-8.963136,-8.963136,-8.963136,-8.963136,8.448145,8.448145,8.448145,8.448145,8.448145,8.448145,8.448145,13.901688,13.901688,13.901688,13.901688,13.901688,13.901688,13.901688,48.485806,48.485806,48.485806,48.485806,48.485806,48.485806,48.485806,74.55821,74.55821,74.55821,74.55821,74.55821,74.55821,74.55821
2163.5,-6.1003575,-6.1003575,-6.1003575,-6.1003575,-6.1003575,-6.1003575,-6.1003575,-3.0314,-3.0314,-3.0314,-3.0314,-3.0314,-3.0314,-3.0314,-4.231277,-4.231277,-4.231277,-4.231277,-4.231277,-4.231277,-4.231277,-8.637285,-8.637285,-8.637285,-8.637285,-8.637285,-8.637285,-8.637285,8.351603,8.351603,8.351603,8.351603,8.351603,8.351603,8.351603,13.742825,13.742825,13.742825,13.742825,13.742825,13.742825,13.742825,47.931725,47.931725,47.931725,47.931725,47.931725,47.931725,47.931725,73.706184,73.706184,73.706184,73.706184,73.706184,73.706184,73.706184
2164.5,-5.870215,-5.870215,-5.870215,-5.870215,-5.870215,-5.870215,-5.870215,-2.917037,-2.917037,-2.917037,-2.917037,-2.917037,-2.917037,-2.917037,-3.5809968,-3.5809968,-3.5809968,-3.5809968,-3.5809968,-3.5809968,-3.5809968,-8.311434,-8.311434,-8.311434,-8.311434,-8.311434,-8.311434,-8.311434,8.25506,8.25506,8.25506,8.25506,8.25506,8.25506,8.25506,13.58396,13.58396,13.58396,13.58396,13.58396,13.58396,13.58396,47.37764,47.37764,47.37764,47.37764,47.37764,47.37764,47.37764,72.854164,72.854164,72.854164,72.854164,72.854164,72.854164,72.854164
2165.5,-5.640072,-5.640072,-5.640072,-5.640072,-5.640072,-5.640072,-5.640072,-2.802674,-2.802674,-2.802674,-2.802674,-2.802674,-2.802674,-2.802674,-2.9307163,-2.9307163,-2.9307163,-2.9307163,-2.9307163,-2.9307163,-2.9307163,-7.9855824,-7.9855824,-7.9855824,-7.9855824,-7.9855824,-7.9855824,-7.9855824,8.158517,8.158517,8.158517,8.158517,8.158517,8.158517,8.158517,13.425096,13.425096,13.425096,13.425096,13.425096,13.425096,13.425096,46.823563,46.823563,46.823563,46.823563,46.823563,46.823563,46.823563,72.00214,72.00214,72.00214,72.00214,72.00214,72.00214,72.00214
2166.5,-5.4099293,-5.4099293,-5.4099293,-5.4099293,-5.4099293,-5.4099293,-5.4099293,-2.688311,-2.688311,-2.688311,-2.688311,-2.688311,-2.688311,-2.688311,-2.2804356,-2.2804356,-2.2804356,-2.2804356,-2.2804356,-2.2804356,-2.2804356,-7.659731,-7.659731,-7.659731,-7.659731,-7.659731,-7.659731,-7.659731,8.061975,8.061975,8.061975,8.061975,8.061975,8.061975,8.061975,13.266232,13.266232,13.266232,13.266232,13.266232,13.266232,13.266232,46.26948,46.26948,46.26948,46.26948,46.26948,46.26948,46.26948,71.15011,71.15011,71.15011,71.15011,71.15011,71.15011,71.15011
2167.5,-5.179787,-5.179787,-5.179787,-5.179787,-5.179787,-5.179787,-5.179787,-2.5739481,-2.5739481,-2.5739481,-2.5739481,-2.5739481,-2.5739481,-2.5739481,-1.6301552,-1.6301552,-1.6301552,-1.6301552,-1.6301552,-1.6301552,-1.6301552,-7.333881,-7.333881,-7.333881,-7.333881,-7.333881,-7.333881,-7.333881,7.9654317,7.9654317,7.9654317,7.9654317,7.9654317,7.9654317,7.9654317,13.1073675,13.1073675,13.1073675,13.1073675,13.1073675,13.1073675,13.1073675,45.7154,45.7154,45.7154,45.7154,45.7154,45.7154,45.7154,70.29808,70.29808,70.29808,70.29808,70.29808,70.29808,70.29808
2168.5,-4.949644,-4.949644,-4.949644,-4.949644,-4.949644,-4.949644,-4.949644,-2.4595854,-2.4595854,-2.4595854,-2.4595854,-2.4595854,-2.4595854,-2.4595854,-0.9798747,-0.9798747,-0.9798747,-0.9798747,-0.9798747,-0.9798747,-0.9798747,-7.0080295,-7.0080295,-7.0080295,-7.0080295,-7.0080295,-7.0080295,-7.0080295,7.868889,7.868889,7.868889,7.868889,7.868889,7.868889,7.868889,12.9485035,12.9485035,12.9485035,12.9485035,12.9485035,12.9485035,12.9485035,45.16132,45.16132,45.16132,45.16132,45.16132,45.16132,45.16132,69.446045,69.446045,69.446045,69.446045,69.446045,69.446045,69.446045
2169.5,-4.7195015,-4.7195015,-4.7195015,-4.7195015,-4.7195015,-4.7195015,-4.7195015,-2.3452225,-2.3452225,-2.3452225,-2.3452225,-2.3452225,-2.3452225,-2.3452225,-0.32959422,-0.32959422,-0.32959422,-0.32959422,-0.32959422,-0.32959422,-0.32959422,-6.682178,-6.682178,-6.682178,-6.682178,-6.682178,-6.682178,-6.682178,7.772346,7.772346,7.772346,7.772346,7.772346,7.772346,7.772346,12.789639,12.789639,12.789639,12.789639,12.789639,12.789639,12.789639,44.607243,44.607243,44.607243,44.607243,44.607243,44.607243,44.607243,68.594025,68.594025,68.594025,68.594025,68.594025,68.594025,68.594025
2170.5,-4.4893584,-4.4893584,-4.4893584,-4.4893584,-4.4893584,-4.4893584,-4.4893584,-2.2308595,-2.2308595,-2.2308595,-2.2308595,-2.2308595,-2.2308595,-2.2308595,0.0,0.0,0.0,0.0,0.0,0.0,0.0,-6.3563275,-6.3563275,-6.3563275,-6.3563275,-6.3563275,-6.3563275,-6.3563275,7.675803,7.675803,7.675803,7.675803,7.675803,7.675803,7.675803,12.630775,12.630775,12.630775,12.630775,12.630775,12.630775,12.630775,44.053165,44.053165,44.053165,44.053165,44.053165,44.053165,44.053165,67.742004,67.742004,67.742004,67.742004,67.742004,67.742004,67.742004
2171.5,-4.259216,-4.259216,-4.259216,-4.259216,-4.259216,-4.259216,-4.259216,-2.1164968,-2.1164968,-2.1164968,-2.1164968,-2.1164968,-2.1164968,-2.1164968,0.0,0.0,0.0,0.0,0.0,0.0,0.0,-6.030476,-6.030476,-6.030476,-6.030476,-6.030476,-6.030476,-6.030476,7.5792613,7.5792613,7.5792613,7.5792613,7.5792613,7.5792613,7.5792613,12.471911,12.471911,12.471911,12.471911,12.471911,12.471911,12.471911,43.49908,43.49908,43.49908,43.49908,43.49908,43.49908,43.49908,66.88998,66.88998,66.88998,66.88998,66.88998,66.88998,66.88998
2172.5,-4.0290737,-4.0290737,-4.0290737,-4.0290737,-4.0290737,-4.0290737,-4.0290737,-2.0021338,-2.0021338,-2.0021338,-2.0021338,-2.0021338,-2.0021338,-2.0021338,0.0,0.0,0.0,0.0,0.0,0.0,0.0,-5.704625,-5.704625,-5.704625,-5.704625,-5.704625,-5.704625,-5.704625,7.4827185,7.4827185,7.4827185,7.4827185,7.4827185,7.4827185,7.4827185,12.313048,12.313048,12.313048,12.313048,12.313048,12.313048,12.313048,42.945004,42.945004,42.945004,42.945004,42.945004,42.945004,42.945004,66.03795,66.03795,66.03795,66.03795,66.03795,66.03795,66.03795
2173.5,-3.798931,-3.798931,-3.798931,-3.798931,-3.798931,-3.798931,-3.798931,-1.887771,-1.887771,-1.887771,-1.887771,-1.887771,-1.887771,-1.887771,0.0,0.0,0.0,0.0,0.0,0.0,0.0,-5.378774,-5.378774,-5.378774,-5.378774,-5.378774,-5.378774,-5.378774,7.3861756,7.3861756,7.3861756,7.3861756,7.3861756,7.3861756,7.3861756,12.154184,12.154184,12.154184,12.154184,12.154184,12.154184,12.154184,42.39092,42.39092,42.39092,42.39092,42.39092,42.39092,42.39092,65.18592,65.18592,65.18592,65.18592,65.18592,65.18592,65.18592
2174.5,-3.568788,-3.568788,-3.568788,-3.568788,-3.568788,-3.568788,-3.568788,-1.773408,-1.773408,-1.773408,-1.773408,-1.773408,-1.773408,-1.773408,0.0,0.0,0.0,0.0,0.0,0.0,0.0,-5.052923,-5.052923,-5.052923,-5.052923,-5.052923,-5.052923,-5.052923,7.289633,7.289633,7.289633,7.289633,7.289633,7.289633,7.289633,11.995319,11.995319,11.995319,11.995319,11.995319,11.995319,11.995319,41.83684,41.83684,41.83684,41.83684,41.83684,41.83684,41.83684,64.33389,64.33389,64.33389,64.33389,64.33389,64.33389,64.33389
2175.5,-3.3386452,-3.3386452,-3.3386452,-3.3386452,-3.3386452,-3.3386452,-3.3386452,-1.6590452,-1.6590452,-1.6590452,-1.6590452,-1.6590452,-1.6590452,-1.6590452,0.0,0.0,0.0,0.0,0.0,0.0,0.0,-4.7270722,-4.7270722,-4.7270722,-4.7270722,-4.7270722,-4.7270722,-4.7270722,7.1930904,7.1930904,7.1930904,7.1930904,7.1930904,7.1930904,7.1930904,11.836456,11.836456,11.836456,11.836456,11.836456,11.836456,11.836456,41.28276,41.28276,41.28276,41.28276,41.28276,41.28276,41.28276,63.48186,63.48186,63.48186,63.48186,63.48186,63.48186,63.48186
2176.5,-3.1085024,-3.1085024,-3.1085024,-3.1085024,-3.1085024,-3.1085024,-3.1085024,-1.5446824,-1.5446824,-1.5446824,-1.5446824,-1.5446824,-1.5446824,-1.5446824,0.0,0.0,0.0,0.0,0.0,0.0,0.0,-4.4012213,-4.4012213,-4.4012213,-4.4012213,-4.4012213,-4.4012213,-4.4012213,7.096548,7.096548,7.096548,7.096548,7.096548,7.096548,7.096548,11.677591,11.677591,11.677591,11.677591,11.677591,11.677591,11.677591,40.72868,40.72868,40.72868,40.72868,40.72868,40.72868,40.72868,62.629837,62.629837,62.629837,62.629837,62.629837,62.629837,62.629837
2177.5,-2.87836,-2.87836,-2.87836,-2.87836,-2.87836,-2.87836,-2.87836,-1.4303194,-1.4303194,-1.4303194,-1.4303194,-1.4303194,-1.4303194,-1.4303194,0.0,0.0,0.0,0.0,0.0,0.0,0.0,-4.07537,-4.07537,-4.07537,-4.07537,-4.07537,-4.07537,-4.07537,7.0000052,7.0000052,7.0000052,7.0000052,7.0000052,7.0000052,7.0000052,11.518727,11.518727,11.518727,11.518727,11.518727,11.518727,11.518727,40.1746,40.1746,40.1746,40.1746,40.1746,40.1746,40.1746,61.77781,61.77781,61.77781,61.77781,61.77781,61.77781,61.77781
2178.5,-2.6482172,-2.6482172,-2.6482172,-2.6482172,-2.6482172,-2.6482172,-2.6482172,-1.3159566,-1.3159566,-1.3159566,-1.3159566,-1.3159566,-1.3159566,-1.3159566,0.0,0.0,0.0,0.0,0.0,0.0,0.0,-3.7495189,-3.7495189,-3.7495189,-3.7495189,-3.7495189,-3.7495189,-3.7495189,6.9034624,6.9034624,6.9034624,6.9034624,6.9034624,6.9034624,6.9034624,11.359863,11.359863,11.359863,11.359863,11.359863,11.359863,11.359863,39.62052,39.62052,39.62052,39.62052,39.62052,39.62052,39.62052,60.92578,60.92578,60.92578,60.92578,60.92578,60.92578,60.92578
2179.5,-2.4180746,-2.4180746,-2.4180746,-2.4180746,-2.4180746,-2.4180746,-2.4180746,-1.2015936,-1.2015936,-1.2015936,-1.2015936,-1.2015936,-1.2015936,-1.2015936,0.0,0.0,0.0,0.0,0.0,0.0,0.0,-3.423668,-3.423668,-3.423668,-3.423668,-3.423668,-3.423668,-3.423668,6.8069196,6.8069196,6.8069196,6.8069196,6.8069196,6.8069196,6.8069196,11.200999,11.200999,11.200999,11.200999,11.200999,11.200999,11.200999,39.066444,39.066444,39.066444,39.066444,39.066444,39.066444,39.066444,60.073757,60.073757,60.073757,60.073757,60.073757,60.073757,60.073757
2180.5,-2.1879318,-2.1879318,-2.1879318,-2.1879318,-2.1879318,-2.1879318,-2.1879318,-1.0872307,-1.0872307,-1.0872307,-1.0872307,-1.0872307,-1.0872307,-1.0872307,0.0,0.0,0.0,0.0,0.0,0.0,0.0,-3.097817,-3.097817,-3.097817,-3.097817,-3.097817,-3.097817,-3.097817,6.7103767,6.7103767,6.7103767,6.7103767,6.7103767,6.7103767,6.7103767,11.042135,11.042135,11.042135,11.042135,11.042135,11.042135,11.042135,38.51236,38.51236,38.51236,38.51236,38.51236,38.51236,38.51236,59.22173,59.22173,59.22173,59.22173,59.22173,59.22173,59.22173
2181.5,-1.9577893,-1.9577893,-1.9577893,-1.9577893,-1.9577893,-1.9577893,-1.9577893,-0.9728678,-0.9728678,-0.9728678,-0.9728678,-0.9728678,-0.9728678,-0.9728678,0.0,0.0,0.0,0.0,0.0,0.0,0.0,-2.7719657,-2.7719657,-2.7719657,-2.7719657,-2.7719657,-2.7719657,-2.7719657,6.613834,6.613834,6.613834,6.613834,6.613834,6.613834,6.613834,10.883272,10.883272,10.883272,10.883272,10.883272,10.883272,10.883272,37.95828,37.95828,37.95828,37.95828,37.95828,37.95828,37.95828,58.369698,58.369698,58.369698,58.369698,58.369698,58.369698,58.369698
2182.5,-1.7276465,-1.7276465,-1.7276465,-1.7276465,-1.7276465,-1.7276465,-1.7276465,-0.85850495,-0.85850495,-0.85850495,-0.85850495,-0.85850495,-0.85850495,-0.85850495,0.0,0.0,0.0,0.0,0.0,0.0,0.0,-2.4461148,-2.4461148,-2.4461148,-2.4461148,-2.4461148,-2.4461148,-2.4461148,6.5172915,6.5172915,6.5172915,6.5172915,6.5172915,6.5172915,6.5172915,10.724408,10.724408,10.724408,10.724408,10.724408,10.724408,10.724408,37.4042,37.4042,37.4042,37.4042,37.4042,37.4042,37.4042,57.517673,57.517673,57.517673,57.517673,57.517673,57.517673,57.517673
2183.5,-1.4975038,-1.4975038,-1.4975038,-1.4975038,-1.4975038,-1.4975038,-1.4975038,-0.7441421,-0.7441421,-0.7441421,-0.7441421,-0.7441421,-0.7441421,-0.7441421,0.0,0.0,0.0,0.0,0.0,0.0,0.0,-2.1202638,-2.1202638,-2.1202638,-2.1202638,-2.1202638,-2.1202638,-2.1202638,6.420749,6.420749,6.420749,6.420749,6.420749,6.420749,6.420749,10.565544,10.565544,10.565544,10.565544,10.565544,10.565544,10.565544,36.85012,36.85012,36.85012,36.85012,36.85012,36.85012,36.85012,56.665646,56.665646,56.665646,56.665646,56.665646,56.665646,56.665646
2184.5,-1.267361,-1.267361,-1.267361,-1.267361,-1.267361,-1.267361,-1.267361,-0.62977916,-0.62977916,-0.62977916,-0.62977916,-0.62977916,-0.62977916,-0.62977916,0.0,0.0,0.0,0.0,0.0,0.0,0.0,-1.7944126,-1.7944126,-1.7944126,-1.7944126,-1.7944126,-1.7944126,-1.7944126,6.324207,6.324207,6.324207,6.324207,6.324207,6.324207,6.324207,10.40668,10.40668,10.40668,10.40668,10.40668,10.40668,10.40668,36.29604,36.29604,36.29604,36.29604,36.29604,36.29604,36.29604,55.813618,55.813618,55.813618,55.813618,55.813618,55.813618,55.813618
2185.5,-1.0372185,-1.0372185,-1.0372185,-1.0372185,-1.0372185,-1.0372185,-1.0372185,-0.5154163,-0.5154163,-0.5154163,-0.5154163,-0.5154163,-0.5154163,-0.5154163,0.0,0.0,0.0,0.0,0.0,0.0,0.0,-1.4685616,-1.4685616,-1.4685616,-1.4685616,-1.4685616,-1.4685616,-1.4685616,6.227664,6.227664,6.227664,6.227664,6.227664,6.227664,6.227664,10.247816,10.247816,10.247816,10.247816,10.247816,10.247816,10.247816,35.74196,35.74196,35.74196,35.74196,35.74196,35.74196,35.74196,54.961594,54.961594,54.961594,54.961594,54.961594,54.961594,54.961594
2186.5,-0.80707574,-0.80707574,-0.80707574,-0.80707574,-0.80707574,-0.80707574,-0.80707574,-0.4010534,-0.4010534,-0.4010534,-0.4010534,-0.4010534,-0.4010534,-0.4010534,0.0,0.0,0.0,0.0,0.0,0.0,0.0,-1.1427104,-1.1427104,-1.1427104,-1.1427104,-1.1427104,-1.1427104,-1.1427104,6.131121,6.131121,6.131121,6.131121,6.131121,6.131121,6.131121,10.088952,10.088952,10.088952,10.088952,10.088952,10.088952,10.088952,35.18788,35.18788,35.18788,35.18788,35.18788,35.18788,35.18788,54.109562,54.109562,54.109562,54.109562,54.109562,54.109562,54.109562
2187.5,-0.576933,-0.576933,-0.576933,-0.576933,-0.576933,-0.576933,-0.576933,-0.28669053,-0.28669053,-0.28669053,-0.28669053,-0.28669053,-0.28669053,-0.28669053,0.0,0.0,0.0,0.0,0.0,0.0,0.0,-0.8168594,-0.8168594,-0.8168594,-0.8168594,-0.8168594,-0.8168594,-0.8168594,6.0345783,6.0345783,6.0345783,6.0345783,6.0345783,6.0345783,6.0345783,9.930088,9.930088,9.930088,9.930088,9.930088,9.930088,9.930088,34.6338,34.6338,34.6338,34.6338,34.6338,34.6338,34.6338,53.257538,53.257538,53.257538,53.257538,53.257538,53.257538,53.257538
2188.5,-0.34679037,-0.34679037,-0.34679037,-0.34679037,-0.34679037,-0.34679037,-0.34679037,-0.17232764,-0.17232764,-0.17232764,-0.17232764,-0.17232764,-0.17232764,-0.17232764,0.0,0.0,0.0,0.0,0.0,0.0,0.0,-0.4910084,-0.4910084,-0.4910084,-0.4910084,-0.4910084,-0.4910084,-0.4910084,5.9380355,5.9380355,5.9380355,5.9380355,5.9380355,5.9380355,5.9380355,9.771223,9.771223,9.771223,9.771223,9.771223,9.771223,9.771223,34.07972,34.07972,34.07972,34.07972,34.07972,34.07972,34.07972,52.40551,52.40551,52.40551,52.40551,52.40551,52.40551,52.40551
2189.5,-0.11664766,-0.11664766,-0.11664766,-0.11664766,-0.11664766,-0.11664766,-0.11664766,-0.05796475,-0.05796475,-0.05796475,-0.05796475,-0.05796475,-0.05796475,-0.05796475,0.0,0.0,0.0,0.0,0.0,0.0,0.0,-0.16515736,-0.16515736,-0.16515736,-0.16515736,-0.16515736,-0.16515736,-0.16515736,5.8414927,5.8414927,5.8414927,5.8414927,5.8414927,5.8414927,5.8414927,9.61236,9.61236,9.61236,9.61236,9.61236,9.61236,9.61236,33.52564,33.52564,33.52564,33.52564,33.52564,33.52564,33.52564,51.55348,51.55348,51.55348,51.55348,51.55348,51.55348,51.55348
2190.5,0.0,0.0,0.0,0.0,0.0,0.0,0.0,0.0,0.0,0.0,0.0,0.0,0.0,0.0,0.0,0.0,0.0,0.0,0.0,0.0,0.0,0.0,0.0,0.0,0.0,0.0,0.0,0.0,5.744951,5.744951,5.744951,5.744951,5.744951,5.744951,5.744951,9.453496,9.453496,9.453496,9.453496,9.453496,9.453496,9.453496,32.97156,32.97156,32.97156,32.97156,32.97156,32.97156,32.97156,50.701454,50.701454,50.701454,50.701454,50.701454,50.701454,50.701454
2191.5,0.0,0.0,0.0,0.0,0.0,0.0,0.0,0.0,0.0,0.0,0.0,0.0,0.0,0.0,0.0,0.0,0.0,0.0,0.0,0.0,0.0,0.0,0.0,0.0,0.0,0.0,0.0,0.0,5.648408,5.648408,5.648408,5.648408,5.648408,5.648408,5.648408,9.294632,9.294632,9.294632,9.294632,9.294632,9.294632,9.294632,32.41748,32.41748,32.41748,32.41748,32.41748,32.41748,32.41748,49.849426,49.849426,49.849426,49.849426,49.849426,49.849426,49.849426
2192.5,0.0,0.0,0.0,0.0,0.0,0.0,0.0,0.0,0.0,0.0,0.0,0.0,0.0,0.0,0.0,0.0,0.0,0.0,0.0,0.0,0.0,0.0,0.0,0.0,0.0,0.0,0.0,0.0,5.551865,5.551865,5.551865,5.551865,5.551865,5.551865,5.551865,9.135768,9.135768,9.135768,9.135768,9.135768,9.135768,9.135768,31.8634,31.8634,31.8634,31.8634,31.8634,31.8634,31.8634,48.997402,48.997402,48.997402,48.997402,48.997402,48.997402,48.997402
2193.5,0.0,0.0,0.0,0.0,0.0,0.0,0.0,0.0,0.0,0.0,0.0,0.0,0.0,0.0,0.0,0.0,0.0,0.0,0.0,0.0,0.0,0.0,0.0,0.0,0.0,0.0,0.0,0.0,5.4553223,5.4553223,5.4553223,5.4553223,5.4553223,5.4553223,5.4553223,8.976904,8.976904,8.976904,8.976904,8.976904,8.976904,8.976904,31.30932,31.30932,31.30932,31.30932,31.30932,31.30932,31.30932,48.145374,48.145374,48.145374,48.145374,48.145374,48.145374,48.145374
2194.5,0.0,0.0,0.0,0.0,0.0,0.0,0.0,0.0,0.0,0.0,0.0,0.0,0.0,0.0,0.0,0.0,0.0,0.0,0.0,0.0,0.0,0.0,0.0,0.0,0.0,0.0,0.0,0.0,5.3587794,5.3587794,5.3587794,5.3587794,5.3587794,5.3587794,5.3587794,8.81804,8.81804,8.81804,8.81804,8.81804,8.81804,8.81804,30.75524,30.75524,30.75524,30.75524,30.75524,30.75524,30.75524,47.293346,47.293346,47.293346,47.293346,47.293346,47.293346,47.293346
2195.5,0.0,0.0,0.0,0.0,0.0,0.0,0.0,0.0,0.0,0.0,0.0,0.0,0.0,0.0,0.0,0.0,0.0,0.0,0.0,0.0,0.0,0.0,0.0,0.0,0.0,0.0,0.0,0.0,5.2622366,5.2622366,5.2622366,5.2622366,5.2622366,5.2622366,5.2622366,8.659176,8.659176,8.659176,8.659176,8.659176,8.659176,8.659176,30.20116,30.20116,30.20116,30.20116,30.20116,30.20116,30.20116,46.441322,46.441322,46.441322,46.441322,46.441322,46.441322,46.441322
2196.5,0.0,0.0,0.0,0.0,0.0,0.0,0.0,0.0,0.0,0.0,0.0,0.0,0.0,0.0,0.0,0.0,0.0,0.0,0.0,0.0,0.0,0.0,0.0,0.0,0.0,0.0,0.0,0.0,5.1656938,5.1656938,5.1656938,5.1656938,5.1656938,5.1656938,5.1656938,8.500312,8.500312,8.500312,8.500312,8.500312,8.500312,8.500312,29.64708,29.64708,29.64708,29.64708,29.64708,29.64708,29.64708,45.58929,45.58929,45.58929,45.58929,45.58929,45.58929,45.58929
2197.5,0.0,0.0,0.0,0.0,0.0,0.0,0.0,0.0,0.0,0.0,0.0,0.0,0.0,0.0,0.0,0.0,0.0,0.0,0.0,0.0,0.0,0.0,0.0,0.0,0.0,0.0,0.0,0.0,5.0691514,5.0691514,5.0691514,5.0691514,5.0691514,5.0691514,5.0691514,8.341448,8.341448,8.341448,8.341448,8.341448,8.341448,8.341448,29.093,29.093,29.093,29.093,29.093,29.093,29.093,44.737263,44.737263,44.737263,44.737263,44.737263,44.737263,44.737263
2198.5,0.0,0.0,0.0,0.0,0.0,0.0,0.0,0.0,0.0,0.0,0.0,0.0,0.0,0.0,0.0,0.0,0.0,0.0,0.0,0.0,0.0,0.0,0.0,0.0,0.0,0.0,0.0,0.0,4.972609,4.972609,4.972609,4.972609,4.972609,4.972609,4.972609,8.182584,8.182584,8.182584,8.182584,8.182584,8.182584,8.182584,28.53892,28.53892,28.53892,28.53892,28.53892,28.53892,28.53892,43.88524,43.88524,43.88524,43.88524,43.88524,43.88524,43.88524
2199.5,0.0,0.0,0.0,0.0,0.0,0.0,0.0,0.0,0.0,0.0,0.0,0.0,0.0,0.0,0.0,0.0,0.0,0.0,0.0,0.0,0.0,0.0,0.0,0.0,0.0,0.0,0.0,0.0,4.8760667,4.8760667,4.8760667,4.8760667,4.8760667,4.8760667,4.8760667,8.02372,8.02372,8.02372,8.02372,8.02372,8.02372,8.02372,27.98484,27.98484,27.98484,27.98484,27.98484,27.98484,27.98484,43.033207,43.033207,43.033207,43.033207,43.033207,43.033207,43.033207
2200.5,0.0,0.0,0.0,0.0,0.0,0.0,0.0,0.0,0.0,0.0,0.0,0.0,0.0,0.0,0.0,0.0,0.0,0.0,0.0,0.0,0.0,0.0,0.0,0.0,0.0,0.0,0.0,0.0,4.779524,4.779524,4.779524,4.779524,4.779524,4.779524,4.779524,7.8648553,7.8648553,7.8648553,7.8648553,7.8648553,7.8648553,7.8648553,27.43076,27.43076,27.43076,27.43076,27.43076,27.43076,27.43076,42.181183,42.181183,42.181183,42.181183,42.181183,42.181183,42.181183
2201.5,0.0,0.0,0.0,0.0,0.0,0.0,0.0,0.0,0.0,0.0,0.0,0.0,0.0,0.0,0.0,0.0,0.0,0.0,0.0,0.0,0.0,0.0,0.0,0.0,0.0,0.0,0.0,0.0,4.682981,4.682981,4.682981,4.682981,4.682981,4.682981,4.682981,7.7059913,7.7059913,7.7059913,7.7059913,7.7059913,7.7059913,7.7059913,26.87668,26.87668,26.87668,26.87668,26.87668,26.87668,26.87668,41.32916,41.32916,41.32916,41.32916,41.32916,41.32916,41.32916
2202.5,0.0,0.0,0.0,0.0,0.0,0.0,0.0,0.0,0.0,0.0,0.0,0.0,0.0,0.0,0.0,0.0,0.0,0.0,0.0,0.0,0.0,0.0,0.0,0.0,0.0,0.0,0.0,0.0,4.586438,4.586438,4.586438,4.586438,4.586438,4.586438,4.586438,7.5471277,7.5471277,7.5471277,7.5471277,7.5471277,7.5471277,7.5471277,26.3226,26.3226,26.3226,26.3226,26.3226,26.3226,26.3226,40.47713,40.47713,40.47713,40.47713,40.47713,40.47713,40.47713
2203.5,0.0,0.0,0.0,0.0,0.0,0.0,0.0,0.0,0.0,0.0,0.0,0.0,0.0,0.0,0.0,0.0,0.0,0.0,0.0,0.0,0.0,0.0,0.0,0.0,0.0,0.0,0.0,0.0,4.4898953,4.4898953,4.4898953,4.4898953,4.4898953,4.4898953,4.4898953,7.3882637,7.3882637,7.3882637,7.3882637,7.3882637,7.3882637,7.3882637,25.76852,25.76852,25.76852,25.76852,25.76852,25.76852,25.76852,39.625103,39.625103,39.625103,39.625103,39.625103,39.625103,39.625103
2204.5,0.0,0.0,0.0,0.0,0.0,0.0,0.0,0.0,0.0,0.0,0.0,0.0,0.0,0.0,0.0,0.0,0.0,0.0,0.0,0.0,0.0,0.0,0.0,0.0,0.0,0.0,0.0,0.0,4.393353,4.393353,4.393353,4.393353,4.393353,4.393353,4.393353,7.2293997,7.2293997,7.2293997,7.2293997,7.2293997,7.2293997,7.2293997,25.214437,25.214437,25.214437,25.214437,25.214437,25.214437,25.214437,38.773075,38.773075,38.773075,38.773075,38.773075,38.773075,38.773075
2205.5,0.0,0.0,0.0,0.0,0.0,0.0,0.0,0.0,0.0,0.0,0.0,0.0,0.0,0.0,0.0,0.0,0.0,0.0,0.0,0.0,0.0,0.0,0.0,0.0,0.0,0.0,0.0,0.0,4.29681,4.29681,4.29681,4.29681,4.29681,4.29681,4.29681,7.0705357,7.0705357,7.0705357,7.0705357,7.0705357,7.0705357,7.0705357,24.660358,24.660358,24.660358,24.660358,24.660358,24.660358,24.660358,37.921047,37.921047,37.921047,37.921047,37.921047,37.921047,37.921047
2206.5,0.0,0.0,0.0,0.0,0.0,0.0,0.0,0.0,0.0,0.0,0.0,0.0,0.0,0.0,0.0,0.0,0.0,0.0,0.0,0.0,0.0,0.0,0.0,0.0,0.0,0.0,0.0,0.0,4.200268,4.200268,4.200268,4.200268,4.200268,4.200268,4.200268,6.9116716,6.9116716,6.9116716,6.9116716,6.9116716,6.9116716,6.9116716,24.106277,24.106277,24.106277,24.106277,24.106277,24.106277,24.106277,37.06902,37.06902,37.06902,37.06902,37.06902,37.06902,37.06902
2207.5,0.0,0.0,0.0,0.0,0.0,0.0,0.0,0.0,0.0,0.0,0.0,0.0,0.0,0.0,0.0,0.0,0.0,0.0,0.0,0.0,0.0,0.0,0.0,0.0,0.0,0.0,0.0,0.0,4.103725,4.103725,4.103725,4.103725,4.103725,4.103725,4.103725,6.752808,6.752808,6.752808,6.752808,6.752808,6.752808,6.752808,23.5522,23.5522,23.5522,23.5522,23.5522,23.5522,23.5522,36.21699,36.21699,36.21699,36.21699,36.21699,36.21699,36.21699
2208.5,0.0,0.0,0.0,0.0,0.0,0.0,0.0,0.0,0.0,0.0,0.0,0.0,0.0,0.0,0.0,0.0,0.0,0.0,0.0,0.0,0.0,0.0,0.0,0.0,0.0,0.0,0.0,0.0,4.007182,4.007182,4.007182,4.007182,4.007182,4.007182,4.007182,6.593944,6.593944,6.593944,6.593944,6.593944,6.593944,6.593944,22.99812,22.99812,22.99812,22.99812,22.99812,22.99812,22.99812,35.364964,35.364964,35.364964,35.364964,35.364964,35.364964,35.364964
2209.5,0.0,0.0,0.0,0.0,0.0,0.0,0.0,0.0,0.0,0.0,0.0,0.0,0.0,0.0,0.0,0.0,0.0,0.0,0.0,0.0,0.0,0.0,0.0,0.0,0.0,0.0,0.0,0.0,3.9106393,3.9106393,3.9106393,3.9106393,3.9106393,3.9106393,3.9106393,6.43508,6.43508,6.43508,6.43508,6.43508,6.43508,6.43508,22.444038,22.444038,22.444038,22.444038,22.444038,22.444038,22.444038,34.51294,34.51294,34.51294,34.51294,34.51294,34.51294,34.51294
2210.5,0.0,0.0,0.0,0.0,0.0,0.0,0.0,0.0,0.0,0.0,0.0,0.0,0.0,0.0,0.0,0.0,0.0,0.0,0.0,0.0,0.0,0.0,0.0,0.0,0.0,0.0,0.0,0.0,3.814097,3.814097,3.814097,3.814097,3.814097,3.814097,3.814097,6.276216,6.276216,6.276216,6.276216,6.276216,6.276216,6.276216,21.88996,21.88996,21.88996,21.88996,21.88996,21.88996,21.88996,33.66091,33.66091,33.66091,33.66091,33.66091,33.66091,33.66091
2211.5,0.0,0.0,0.0,0.0,0.0,0.0,0.0,0.0,0.0,0.0,0.0,0.0,0.0,0.0,0.0,0.0,0.0,0.0,0.0,0.0,0.0,0.0,0.0,0.0,0.0,0.0,0.0,0.0,3.7175543,3.7175543,3.7175543,3.7175543,3.7175543,3.7175543,3.7175543,6.117352,6.117352,6.117352,6.117352,6.117352,6.117352,6.117352,21.335878,21.335878,21.335878,21.335878,21.335878,21.335878,21.335878,32.808884,32.808884,32.808884,32.808884,32.808884,32.808884,32.808884
2212.5,0.0,0.0,0.0,0.0,0.0,0.0,0.0,0.0,0.0,0.0,0.0,0.0,0.0,0.0,0.0,0.0,0.0,0.0,0.0,0.0,0.0,0.0,0.0,0.0,0.0,0.0,0.0,0.0,3.6210115,3.6210115,3.6210115,3.6210115,3.6210115,3.6210115,3.6210115,5.958488,5.958488,5.958488,5.958488,5.958488,5.958488,5.958488,20.781797,20.781797,20.781797,20.781797,20.781797,20.781797,20.781797,31.956856,31.956856,31.956856,31.956856,31.956856,31.956856,31.956856
2213.5,0.0,0.0,0.0,0.0,0.0,0.0,0.0,0.0,0.0,0.0,0.0,0.0,0.0,0.0,0.0,0.0,0.0,0.0,0.0,0.0,0.0,0.0,0.0,0.0,0.0,0.0,0.0,0.0,3.524469,3.524469,3.524469,3.524469,3.524469,3.524469,3.524469,5.799624,5.799624,5.799624,5.799624,5.799624,5.799624,5.799624,20.227718,20.227718,20.227718,20.227718,20.227718,20.227718,20.227718,31.104828,31.104828,31.104828,31.104828,31.104828,31.104828,31.104828
2214.5,0.0,0.0,0.0,0.0,0.0,0.0,0.0,0.0,0.0,0.0,0.0,0.0,0.0,0.0,0.0,0.0,0.0,0.0,0.0,0.0,0.0,0.0,0.0,0.0,0.0,0.0,0.0,0.0,3.427926,3.427926,3.427926,3.427926,3.427926,3.427926,3.427926,5.64076,5.64076,5.64076,5.64076,5.64076,5.64076,5.64076,19.673637,19.673637,19.673637,19.673637,19.673637,19.673637,19.673637,30.252802,30.252802,30.252802,30.252802,30.252802,30.252802,30.252802
2215.5,0.0,0.0,0.0,0.0,0.0,0.0,0.0,0.0,0.0,0.0,0.0,0.0,0.0,0.0,0.0,0.0,0.0,0.0,0.0,0.0,0.0,0.0,0.0,0.0,0.0,0.0,0.0,0.0,3.3313835,3.3313835,3.3313835,3.3313835,3.3313835,3.3313835,3.3313835,5.481896,5.481896,5.481896,5.481896,5.481896,5.481896,5.481896,19.119558,19.119558,19.119558,19.119558,19.119558,19.119558,19.119558,29.400776,29.400776,29.400776,29.400776,29.400776,29.400776,29.400776
2216.5,0.0,0.0,0.0,0.0,0.0,0.0,0.0,0.0,0.0,0.0,0.0,0.0,0.0,0.0,0.0,0.0,0.0,0.0,0.0,0.0,0.0,0.0,0.0,0.0,0.0,0.0,0.0,0.0,3.2348409,3.2348409,3.2348409,3.2348409,3.2348409,3.2348409,3.2348409,5.323032,5.323032,5.323032,5.323032,5.323032,5.323032,5.323032,18.565477,18.565477,18.565477,18.565477,18.565477,18.565477,18.565477,28.548748,28.548748,28.548748,28.548748,28.548748,28.548748,28.548748
2217.5,0.0,0.0,0.0,0.0,0.0,0.0,0.0,0.0,0.0,0.0,0.0,0.0,0.0,0.0,0.0,0.0,0.0,0.0,0.0,0.0,0.0,0.0,0.0,0.0,0.0,0.0,0.0,0.0,3.1382983,3.1382983,3.1382983,3.1382983,3.1382983,3.1382983,3.1382983,5.164168,5.164168,5.164168,5.164168,5.164168,5.164168,5.164168,18.011398,18.011398,18.011398,18.011398,18.011398,18.011398,18.011398,27.69672,27.69672,27.69672,27.69672,27.69672,27.69672,27.69672
2218.5,0.0,0.0,0.0,0.0,0.0,0.0,0.0,0.0,0.0,0.0,0.0,0.0,0.0,0.0,0.0,0.0,0.0,0.0,0.0,0.0,0.0,0.0,0.0,0.0,0.0,0.0,0.0,0.0,3.0417554,3.0417554,3.0417554,3.0417554,3.0417554,3.0417554,3.0417554,5.005304,5.005304,5.005304,5.005304,5.005304,5.005304,5.005304,17.457317,17.457317,17.457317,17.457317,17.457317,17.457317,17.457317,26.844692,26.844692,26.844692,26.844692,26.844692,26.844692,26.844692
2219.5,0.0,0.0,0.0,0.0,0.0,0.0,0.0,0.0,0.0,0.0,0.0,0.0,0.0,0.0,0.0,0.0,0.0,0.0,0.0,0.0,0.0,0.0,0.0,0.0,0.0,0.0,0.0,0.0,2.9452128,2.9452128,2.9452128,2.9452128,2.9452128,2.9452128,2.9452128,4.84644,4.84644,4.84644,4.84644,4.84644,4.84644,4.84644,16.903236,16.903236,16.903236,16.903236,16.903236,16.903236,16.903236,25.992666,25.992666,25.992666,25.992666,25.992666,25.992666,25.992666
2220.5,0.0,0.0,0.0,0.0,0.0,0.0,0.0,0.0,0.0,0.0,0.0,0.0,0.0,0.0,0.0,0.0,0.0,0.0,0.0,0.0,0.0,0.0,0.0,0.0,0.0,0.0,0.0,0.0,2.84867,2.84867,2.84867,2.84867,2.84867,2.84867,2.84867,4.687576,4.687576,4.687576,4.687576,4.687576,4.687576,4.687576,16.349157,16.349157,16.349157,16.349157,16.349157,16.349157,16.349157,25.14064,25.14064,25.14064,25.14064,25.14064,25.14064,25.14064
2221.5,0.0,0.0,0.0,0.0,0.0,0.0,0.0,0.0,0.0,0.0,0.0,0.0,0.0,0.0,0.0,0.0,0.0,0.0,0.0,0.0,0.0,0.0,0.0,0.0,0.0,0.0,0.0,0.0,2.7521274,2.7521274,2.7521274,2.7521274,2.7521274,2.7521274,2.7521274,4.528712,4.528712,4.528712,4.528712,4.528712,4.528712,4.528712,15.795077,15.795077,15.795077,15.795077,15.795077,15.795077,15.795077,24.28861,24.28861,24.28861,24.28861,24.28861,24.28861,24.28861
2222.5,0.0,0.0,0.0,0.0,0.0,0.0,0.0,0.0,0.0,0.0,0.0,0.0,0.0,0.0,0.0,0.0,0.0,0.0,0.0,0.0,0.0,0.0,0.0,0.0,0.0,0.0,0.0,0.0,2.6555848,2.6555848,2.6555848,2.6555848,2.6555848,2.6555848,2.6555848,4.369848,4.369848,4.369848,4.369848,4.369848,4.369848,4.369848,15.240997,15.240997,15.240997,15.240997,15.240997,15.240997,15.240997,23.436584,23.436584,23.436584,23.436584,23.436584,23.436584,23.436584
2223.5,0.0,0.0,0.0,0.0,0.0,0.0,0.0,0.0,0.0,0.0,0.0,0.0,0.0,0.0,0.0,0.0,0.0,0.0,0.0,0.0,0.0,0.0,0.0,0.0,0.0,0.0,0.0,0.0,2.559042,2.559042,2.559042,2.559042,2.559042,2.559042,2.559042,4.2109838,4.2109838,4.2109838,4.2109838,4.2109838,4.2109838,4.2109838,14.686917,14.686917,14.686917,14.686917,14.686917,14.686917,14.686917,22.584557,22.584557,22.584557,22.584557,22.584557,22.584557,22.584557
2224.5,0.0,0.0,0.0,0.0,0.0,0.0,0.0,0.0,0.0,0.0,0.0,0.0,0.0,0.0,0.0,0.0,0.0,0.0,0.0,0.0,0.0,0.0,0.0,0.0,0.0,0.0,0.0,0.0,2.4624994,2.4624994,2.4624994,2.4624994,2.4624994,2.4624994,2.4624994,4.0521197,4.0521197,4.0521197,4.0521197,4.0521197,4.0521197,4.0521197,14.132837,14.132837,14.132837,14.132837,14.132837,14.132837,14.132837,21.73253,21.73253,21.73253,21.73253,21.73253,21.73253,21.73253
2225.5,0.0,0.0,0.0,0.0,0.0,0.0,0.0,0.0,0.0,0.0,0.0,0.0,0.0,0.0,0.0,0.0,0.0,0.0,0.0,0.0,0.0,0.0,0.0,0.0,0.0,0.0,0.0,0.0,2.3659568,2.3659568,2.3659568,2.3659568,2.3659568,2.3659568,2.3659568,3.893256,3.893256,3.893256,3.893256,3.893256,3.893256,3.893256,13.578757,13.578757,13.578757,13.578757,13.578757,13.578757,13.578757,20.880503,20.880503,20.880503,20.880503,20.880503,20.880503,20.880503
2226.5,0.0,0.0,0.0,0.0,0.0,0.0,0.0,0.0,0.0,0.0,0.0,0.0,0.0,0.0,0.0,0.0,0.0,0.0,0.0,0.0,0.0,0.0,0.0,0.0,0.0,0.0,0.0,0.0,2.2694142,2.2694142,2.2694142,2.2694142,2.2694142,2.2694142,2.2694142,3.734392,3.734392,3.734392,3.734392,3.734392,3.734392,3.734392,13.024677,13.024677,13.024677,13.024677,13.024677,13.024677,13.024677,20.028475,20.028475,20.028475,20.028475,20.028475,20.028475,20.028475
2227.5,0.0,0.0,0.0,0.0,0.0,0.0,0.0,0.0,0.0,0.0,0.0,0.0,0.0,0.0,0.0,0.0,0.0,0.0,0.0,0.0,0.0,0.0,0.0,0.0,0.0,0.0,0.0,0.0,2.1728714,2.1728714,2.1728714,2.1728714,2.1728714,2.1728714,2.1728714,3.5755281,3.5755281,3.5755281,3.5755281,3.5755281,3.5755281,3.5755281,12.470597,12.470597,12.470597,12.470597,12.470597,12.470597,12.470597,19.176449,19.176449,19.176449,19.176449,19.176449,19.176449,19.176449
2228.5,0.0,0.0,0.0,0.0,0.0,0.0,0.0,0.0,0.0,0.0,0.0,0.0,0.0,0.0,0.0,0.0,0.0,0.0,0.0,0.0,0.0,0.0,0.0,0.0,0.0,0.0,0.0,0.0,2.0763288,2.0763288,2.0763288,2.0763288,2.0763288,2.0763288,2.0763288,3.416664,3.416664,3.416664,3.416664,3.416664,3.416664,3.416664,11.916517,11.916517,11.916517,11.916517,11.916517,11.916517,11.916517,18.32442,18.32442,18.32442,18.32442,18.32442,18.32442,18.32442
2229.5,0.0,0.0,0.0,0.0,0.0,0.0,0.0,0.0,0.0,0.0,0.0,0.0,0.0,0.0,0.0,0.0,0.0,0.0,0.0,0.0,0.0,0.0,0.0,0.0,0.0,0.0,0.0,0.0,1.979786,1.979786,1.979786,1.979786,1.979786,1.979786,1.979786,3.2578,3.2578,3.2578,3.2578,3.2578,3.2578,3.2578,11.362437,11.362437,11.362437,11.362437,11.362437,11.362437,11.362437,17.472393,17.472393,17.472393,17.472393,17.472393,17.472393,17.472393
2230.5,0.0,0.0,0.0,0.0,0.0,0.0,0.0,0.0,0.0,0.0,0.0,0.0,0.0,0.0,0.0,0.0,0.0,0.0,0.0,0.0,0.0,0.0,0.0,0.0,0.0,0.0,0.0,0.0,1.8832434,1.8832434,1.8832434,1.8832434,1.8832434,1.8832434,1.8832434,3.098936,3.098936,3.098936,3.098936,3.098936,3.098936,3.098936,10.808357,10.808357,10.808357,10.808357,10.808357,10.808357,10.808357,16.620367,16.620367,16.620367,16.620367,16.620367,16.620367,16.620367
2231.5,0.0,0.0,0.0,0.0,0.0,0.0,0.0,0.0,0.0,0.0,0.0,0.0,0.0,0.0,0.0,0.0,0.0,0.0,0.0,0.0,0.0,0.0,0.0,0.0,0.0,0.0,0.0,0.0,1.7867007,1.7867007,1.7867007,1.7867007,1.7867007,1.7867007,1.7867007,2.940072,2.940072,2.940072,2.940072,2.940072,2.940072,2.940072,10.254276,10.254276,10.254276,10.254276,10.254276,10.254276,10.254276,15.768339,15.768339,15.768339,15.768339,15.768339,15.768339,15.768339
2232.5,0.0,0.0,0.0,0.0,0.0,0.0,0.0,0.0,0.0,0.0,0.0,0.0,0.0,0.0,0.0,0.0,0.0,0.0,0.0,0.0,0.0,0.0,0.0,0.0,0.0,0.0,0.0,0.0,1.690158,1.690158,1.690158,1.690158,1.690158,1.690158,1.690158,2.781208,2.781208,2.781208,2.781208,2.781208,2.781208,2.781208,9.700196,9.700196,9.700196,9.700196,9.700196,9.700196,9.700196,14.916312,14.916312,14.916312,14.916312,14.916312,14.916312,14.916312
2233.5,0.0,0.0,0.0,0.0,0.0,0.0,0.0,0.0,0.0,0.0,0.0,0.0,0.0,0.0,0.0,0.0,0.0,0.0,0.0,0.0,0.0,0.0,0.0,0.0,0.0,0.0,0.0,0.0,1.5936154,1.5936154,1.5936154,1.5936154,1.5936154,1.5936154,1.5936154,2.622344,2.622344,2.622344,2.622344,2.622344,2.622344,2.622344,9.146116,9.146116,9.146116,9.146116,9.146116,9.146116,9.146116,14.064285,14.064285,14.064285,14.064285,14.064285,14.064285,14.064285
2234.5,0.0,0.0,0.0,0.0,0.0,0.0,0.0,0.0,0.0,0.0,0.0,0.0,0.0,0.0,0.0,0.0,0.0,0.0,0.0,0.0,0.0,0.0,0.0,0.0,0.0,0.0,0.0,0.0,1.4970727,1.4970727,1.4970727,1.4970727,1.4970727,1.4970727,1.4970727,2.4634802,2.4634802,2.4634802,2.4634802,2.4634802,2.4634802,2.4634802,8.592037,8.592037,8.592037,8.592037,8.592037,8.592037,8.592037,13.212257,13.212257,13.212257,13.212257,13.212257,13.212257,13.212257
2235.5,0.0,0.0,0.0,0.0,0.0,0.0,0.0,0.0,0.0,0.0,0.0,0.0,0.0,0.0,0.0,0.0,0.0,0.0,0.0,0.0,0.0,0.0,0.0,0.0,0.0,0.0,0.0,0.0,1.40053,1.40053,1.40053,1.40053,1.40053,1.40053,1.40053,2.304616,2.304616,2.304616,2.304616,2.304616,2.304616,2.304616,8.037956,8.037956,8.037956,8.037956,8.037956,8.037956,8.037956,12.36023,12.36023,12.36023,12.36023,12.36023,12.36023,12.36023
2236.5,0.0,0.0,0.0,0.0,0.0,0.0,0.0,0.0,0.0,0.0,0.0,0.0,0.0,0.0,0.0,0.0,0.0,0.0,0.0,0.0,0.0,0.0,0.0,0.0,0.0,0.0,0.0,0.0,1.3039873,1.3039873,1.3039873,1.3039873,1.3039873,1.3039873,1.3039873,2.145752,2.145752,2.145752,2.145752,2.145752,2.145752,2.145752,7.483876,7.483876,7.483876,7.483876,7.483876,7.483876,7.483876,11.5082035,11.5082035,11.5082035,11.5082035,11.5082035,11.5082035,11.5082035
2237.5,0.0,0.0,0.0,0.0,0.0,0.0,0.0,0.0,0.0,0.0,0.0,0.0,0.0,0.0,0.0,0.0,0.0,0.0,0.0,0.0,0.0,0.0,0.0,0.0,0.0,0.0,0.0,0.0,1.2074447,1.2074447,1.2074447,1.2074447,1.2074447,1.2074447,1.2074447,1.9868879,1.9868879,1.9868879,1.9868879,1.9868879,1.9868879,1.9868879,6.929796,6.929796,6.929796,6.929796,6.929796,6.929796,6.929796,10.656176,10.656176,10.656176,10.656176,10.656176,10.656176,10.656176
2238.5,0.0,0.0,0.0,0.0,0.0,0.0,0.0,0.0,0.0,0.0,0.0,0.0,0.0,0.0,0.0,0.0,0.0,0.0,0.0,0.0,0.0,0.0,0.0,0.0,0.0,0.0,0.0,0.0,1.110902,1.110902,1.110902,1.110902,1.110902,1.110902,1.110902,1.828024,1.828024,1.828024,1.828024,1.828024,1.828024,1.828024,6.375716,6.375716,6.375716,6.375716,6.375716,6.375716,6.375716,9.804149,9.804149,9.804149,9.804149,9.804149,9.804149,9.804149
2239.5,0.0,0.0,0.0,0.0,0.0,0.0,0.0,0.0,0.0,0.0,0.0,0.0,0.0,0.0,0.0,0.0,0.0,0.0,0.0,0.0,0.0,0.0,0.0,0.0,0.0,0.0,0.0,0.0,1.0143594,1.0143594,1.0143594,1.0143594,1.0143594,1.0143594,1.0143594,1.6691601,1.6691601,1.6691601,1.6691601,1.6691601,1.6691601,1.6691601,5.821636,5.821636,5.821636,5.821636,5.821636,5.821636,5.821636,8.952122,8.952122,8.952122,8.952122,8.952122,8.952122,8.952122
2240.5,0.0,0.0,0.0,0.0,0.0,0.0,0.0,0.0,0.0,0.0,0.0,0.0,0.0,0.0,0.0,0.0,0.0,0.0,0.0,0.0,0.0,0.0,0.0,0.0,0.0,0.0,0.0,0.0,0.9178166,0.9178166,0.9178166,0.9178166,0.9178166,0.9178166,0.9178166,1.5102961,1.5102961,1.5102961,1.5102961,1.5102961,1.5102961,1.5102961,5.2675557,5.2675557,5.2675557,5.2675557,5.2675557,5.2675557,5.2675557,8.100095,8.100095,8.100095,8.100095,8.100095,8.100095,8.100095
2241.5,0.0,0.0,0.0,0.0,0.0,0.0,0.0,0.0,0.0,0.0,0.0,0.0,0.0,0.0,0.0,0.0,0.0,0.0,0.0,0.0,0.0,0.0,0.0,0.0,0.0,0.0,0.0,0.0,0.821274,0.821274,0.821274,0.821274,0.821274,0.821274,0.821274,1.3514321,1.3514321,1.3514321,1.3514321,1.3514321,1.3514321,1.3514321,4.7134757,4.7134757,4.7134757,4.7134757,4.7134757,4.7134757,4.7134757,7.2480674,7.2480674,7.2480674,7.2480674,7.2480674,7.2480674,7.2480674
2242.5,0.0,0.0,0.0,0.0,0.0,0.0,0.0,0.0,0.0,0.0,0.0,0.0,0.0,0.0,0.0,0.0,0.0,0.0,0.0,0.0,0.0,0.0,0.0,0.0,0.0,0.0,0.0,0.0,0.7247313,0.7247313,0.7247313,0.7247313,0.7247313,0.7247313,0.7247313,1.1925681,1.1925681,1.1925681,1.1925681,1.1925681,1.1925681,1.1925681,4.159395,4.159395,4.159395,4.159395,4.159395,4.159395,4.159395,6.39604,6.39604,6.39604,6.39604,6.39604,6.39604,6.39604
2243.5,0.0,0.0,0.0,0.0,0.0,0.0,0.0,0.0,0.0,0.0,0.0,0.0,0.0,0.0,0.0,0.0,0.0,0.0,0.0,0.0,0.0,0.0,0.0,0.0,0.0,0.0,0.0,0.0,0.6281886,0.6281886,0.6281886,0.6281886,0.6281886,0.6281886,0.6281886,1.033704,1.033704,1.033704,1.033704,1.033704,1.033704,1.033704,3.6053154,3.6053154,3.6053154,3.6053154,3.6053154,3.6053154,3.6053154,5.544013,5.544013,5.544013,5.544013,5.544013,5.544013,5.544013
2244.5,0.0,0.0,0.0,0.0,0.0,0.0,0.0,0.0,0.0,0.0,0.0,0.0,0.0,0.0,0.0,0.0,0.0,0.0,0.0,0.0,0.0,0.0,0.0,0.0,0.0,0.0,0.0,0.0,0.53164595,0.53164595,0.53164595,0.53164595,0.53164595,0.53164595,0.53164595,0.8748401,0.8748401,0.8748401,0.8748401,0.8748401,0.8748401,0.8748401,3.0512357,3.0512357,3.0512357,3.0512357,3.0512357,3.0512357,3.0512357,4.691986,4.691986,4.691986,4.691986,4.691986,4.691986,4.691986
2245.5,0.0,0.0,0.0,0.0,0.0,0.0,0.0,0.0,0.0,0.0,0.0,0.0,0.0,0.0,0.0,0.0,0.0,0.0,0.0,0.0,0.0,0.0,0.0,0.0,0.0,0.0,0.0,0.0,0.43510327,0.43510327,0.43510327,0.43510327,0.43510327,0.43510327,0.43510327,0.7159761,0.7159761,0.7159761,0.7159761,0.7159761,0.7159761,0.7159761,2.4971557,2.4971557,2.4971557,2.4971557,2.4971557,2.4971557,2.4971557,3.8399584,3.8399584,3.8399584,3.8399584,3.8399584,3.8399584,3.8399584
2246.5,0.0,0.0,0.0,0.0,0.0,0.0,0.0,0.0,0.0,0.0,0.0,0.0,0.0,0.0,0.0,0.0,0.0,0.0,0.0,0.0,0.0,0.0,0.0,0.0,0.0,0.0,0.0,0.0,0.3385606,0.3385606,0.3385606,0.3385606,0.3385606,0.3385606,0.3385606,0.5571121,0.5571121,0.5571121,0.5571121,0.5571121,0.5571121,0.5571121,1.9430753,1.9430753,1.9430753,1.9430753,1.9430753,1.9430753,1.9430753,2.987931,2.987931,2.987931,2.987931,2.987931,2.987931,2.987931
2247.5,0.0,0.0,0.0,0.0,0.0,0.0,0.0,0.0,0.0,0.0,0.0,0.0,0.0,0.0,0.0,0.0,0.0,0.0,0.0,0.0,0.0,0.0,0.0,0.0,0.0,0.0,0.0,0.0,0.24201794,0.24201794,0.24201794,0.24201794,0.24201794,0.24201794,0.24201794,0.3982481,0.3982481,0.3982481,0.3982481,0.3982481,0.3982481,0.3982481,1.3889952,1.3889952,1.3889952,1.3889952,1.3889952,1.3889952,1.3889952,2.1359038,2.1359038,2.1359038,2.1359038,2.1359038,2.1359038,2.1359038
2248.5,0.0,0.0,0.0,0.0,0.0,0.0,0.0,0.0,0.0,0.0,0.0,0.0,0.0,0.0,0.0,0.0,0.0,0.0,0.0,0.0,0.0,0.0,0.0,0.0,0.0,0.0,0.0,0.0,0.14547527,0.14547527,0.14547527,0.14547527,0.14547527,0.14547527,0.14547527,0.2393841,0.2393841,0.2393841,0.2393841,0.2393841,0.2393841,0.2393841,0.8349152,0.8349152,0.8349152,0.8349152,0.8349152,0.8349152,0.8349152,1.2838767,1.2838767,1.2838767,1.2838767,1.2838767,1.2838767,1.2838767
2249.5,0.0,0.0,0.0,0.0,0.0,0.0,0.0,0.0,0.0,0.0,0.0,0.0,0.0,0.0,0.0,0.0,0.0,0.0,0.0,0.0,0.0,0.0,0.0,0.0,0.0,0.0,0.0,0.0,0.04893259,0.04893259,0.04893259,0.04893259,0.04893259,0.04893259,0.04893259,0.08052011,0.08052011,0.08052011,0.08052011,0.08052011,0.08052011,0.08052011,0.28083512,0.28083512,0.28083512,0.28083512,0.28083512,0.28083512,0.28083512,0.43184942,0.43184942,0.43184942,0.43184942,0.43184942,0.43184942,0.43184942
2250.5,0.0,0.0,0.0,0.0,0.0,0.0,0.0,0.0,0.0,0.0,0.0,0.0,0.0,0.0,0.0,0.0,0.0,0.0,0.0,0.0,0.0,0.0,0.0,0.0,0.0,0.0,0.0,0.0,0.0,0.0,0.0,0.0,0.0,0.0,0.0,0.0,0.0,0.0,0.0,0.0,0.0,0.0,0.0,0.0,0.0,0.0,0.0,0.0,0.0,0.0,0.0,0.0,0.0,0.0,0.0,0.0
2251.5,0.0,0.0,0.0,0.0,0.0,0.0,0.0,0.0,0.0,0.0,0.0,0.0,0.0,0.0,0.0,0.0,0.0,0.0,0.0,0.0,0.0,0.0,0.0,0.0,0.0,0.0,0.0,0.0,0.0,0.0,0.0,0.0,0.0,0.0,0.0,0.0,0.0,0.0,0.0,0.0,0.0,0.0,0.0,0.0,0.0,0.0,0.0,0.0,0.0,0.0,0.0,0.0,0.0,0.0,0.0,0.0
2252.5,0.0,0.0,0.0,0.0,0.0,0.0,0.0,0.0,0.0,0.0,0.0,0.0,0.0,0.0,0.0,0.0,0.0,0.0,0.0,0.0,0.0,0.0,0.0,0.0,0.0,0.0,0.0,0.0,0.0,0.0,0.0,0.0,0.0,0.0,0.0,0.0,0.0,0.0,0.0,0.0,0.0,0.0,0.0,0.0,0.0,0.0,0.0,0.0,0.0,0.0,0.0,0.0,0.0,0.0,0.0,0.0
2253.5,0.0,0.0,0.0,0.0,0.0,0.0,0.0,0.0,0.0,0.0,0.0,0.0,0.0,0.0,0.0,0.0,0.0,0.0,0.0,0.0,0.0,0.0,0.0,0.0,0.0,0.0,0.0,0.0,0.0,0.0,0.0,0.0,0.0,0.0,0.0,0.0,0.0,0.0,0.0,0.0,0.0,0.0,0.0,0.0,0.0,0.0,0.0,0.0,0.0,0.0,0.0,0.0,0.0,0.0,0.0,0.0
2254.5,0.0,0.0,0.0,0.0,0.0,0.0,0.0,0.0,0.0,0.0,0.0,0.0,0.0,0.0,0.0,0.0,0.0,0.0,0.0,0.0,0.0,0.0,0.0,0.0,0.0,0.0,0.0,0.0,0.0,0.0,0.0,0.0,0.0,0.0,0.0,0.0,0.0,0.0,0.0,0.0,0.0,0.0,0.0,0.0,0.0,0.0,0.0,0.0,0.0,0.0,0.0,0.0,0.0,0.0,0.0,0.0
2255.5,0.0,0.0,0.0,0.0,0.0,0.0,0.0,0.0,0.0,0.0,0.0,0.0,0.0,0.0,0.0,0.0,0.0,0.0,0.0,0.0,0.0,0.0,0.0,0.0,0.0,0.0,0.0,0.0,0.0,0.0,0.0,0.0,0.0,0.0,0.0,0.0,0.0,0.0,0.0,0.0,0.0,0.0,0.0,0.0,0.0,0.0,0.0,0.0,0.0,0.0,0.0,0.0,0.0,0.0,0.0,0.0
2256.5,0.0,0.0,0.0,0.0,0.0,0.0,0.0,0.0,0.0,0.0,0.0,0.0,0.0,0.0,0.0,0.0,0.0,0.0,0.0,0.0,0.0,0.0,0.0,0.0,0.0,0.0,0.0,0.0,0.0,0.0,0.0,0.0,0.0,0.0,0.0,0.0,0.0,0.0,0.0,0.0,0.0,0.0,0.0,0.0,0.0,0.0,0.0,0.0,0.0,0.0,0.0,0.0,0.0,0.0,0.0,0.0
2257.5,0.0,0.0,0.0,0.0,0.0,0.0,0.0,0.0,0.0,0.0,0.0,0.0,0.0,0.0,0.0,0.0,0.0,0.0,0.0,0.0,0.0,0.0,0.0,0.0,0.0,0.0,0.0,0.0,0.0,0.0,0.0,0.0,0.0,0.0,0.0,0.0,0.0,0.0,0.0,0.0,0.0,0.0,0.0,0.0,0.0,0.0,0.0,0.0,0.0,0.0,0.0,0.0,0.0,0.0,0.0,0.0
2258.5,0.0,0.0,0.0,0.0,0.0,0.0,0.0,0.0,0.0,0.0,0.0,0.0,0.0,0.0,0.0,0.0,0.0,0.0,0.0,0.0,0.0,0.0,0.0,0.0,0.0,0.0,0.0,0.0,0.0,0.0,0.0,0.0,0.0,0.0,0.0,0.0,0.0,0.0,0.0,0.0,0.0,0.0,0.0,0.0,0.0,0.0,0.0,0.0,0.0,0.0,0.0,0.0,0.0,0.0,0.0,0.0
2259.5,0.0,0.0,0.0,0.0,0.0,0.0,0.0,0.0,0.0,0.0,0.0,0.0,0.0,0.0,0.0,0.0,0.0,0.0,0.0,0.0,0.0,0.0,0.0,0.0,0.0,0.0,0.0,0.0,0.0,0.0,0.0,0.0,0.0,0.0,0.0,0.0,0.0,0.0,0.0,0.0,0.0,0.0,0.0,0.0,0.0,0.0,0.0,0.0,0.0,0.0,0.0,0.0,0.0,0.0,0.0,0.0
2260.5,0.0,0.0,0.0,0.0,0.0,0.0,0.0,0.0,0.0,0.0,0.0,0.0,0.0,0.0,0.0,0.0,0.0,0.0,0.0,0.0,0.0,0.0,0.0,0.0,0.0,0.0,0.0,0.0,0.0,0.0,0.0,0.0,0.0,0.0,0.0,0.0,0.0,0.0,0.0,0.0,0.0,0.0,0.0,0.0,0.0,0.0,0.0,0.0,0.0,0.0,0.0,0.0,0.0,0.0,0.0,0.0
2261.5,0.0,0.0,0.0,0.0,0.0,0.0,0.0,0.0,0.0,0.0,0.0,0.0,0.0,0.0,0.0,0.0,0.0,0.0,0.0,0.0,0.0,0.0,0.0,0.0,0.0,0.0,0.0,0.0,0.0,0.0,0.0,0.0,0.0,0.0,0.0,0.0,0.0,0.0,0.0,0.0,0.0,0.0,0.0,0.0,0.0,0.0,0.0,0.0,0.0,0.0,0.0,0.0,0.0,0.0,0.0,0.0
2262.5,0.0,0.0,0.0,0.0,0.0,0.0,0.0,0.0,0.0,0.0,0.0,0.0,0.0,0.0,0.0,0.0,0.0,0.0,0.0,0.0,0.0,0.0,0.0,0.0,0.0,0.0,0.0,0.0,0.0,0.0,0.0,0.0,0.0,0.0,0.0,0.0,0.0,0.0,0.0,0.0,0.0,0.0,0.0,0.0,0.0,0.0,0.0,0.0,0.0,0.0,0.0,0.0,0.0,0.0,0.0,0.0
2263.5,0.0,0.0,0.0,0.0,0.0,0.0,0.0,0.0,0.0,0.0,0.0,0.0,0.0,0.0,0.0,0.0,0.0,0.0,0.0,0.0,0.0,0.0,0.0,0.0,0.0,0.0,0.0,0.0,0.0,0.0,0.0,0.0,0.0,0.0,0.0,0.0,0.0,0.0,0.0,0.0,0.0,0.0,0.0,0.0,0.0,0.0,0.0,0.0,0.0,0.0,0.0,0.0,0.0,0.0,0.0,0.0
2264.5,0.0,0.0,0.0,0.0,0.0,0.0,0.0,0.0,0.0,0.0,0.0,0.0,0.0,0.0,0.0,0.0,0.0,0.0,0.0,0.0,0.0,0.0,0.0,0.0,0.0,0.0,0.0,0.0,0.0,0.0,0.0,0.0,0.0,0.0,0.0,0.0,0.0,0.0,0.0,0.0,0.0,0.0,0.0,0.0,0.0,0.0,0.0,0.0,0.0,0.0,0.0,0.0,0.0,0.0,0.0,0.0
2265.5,0.0,0.0,0.0,0.0,0.0,0.0,0.0,0.0,0.0,0.0,0.0,0.0,0.0,0.0,0.0,0.0,0.0,0.0,0.0,0.0,0.0,0.0,0.0,0.0,0.0,0.0,0.0,0.0,0.0,0.0,0.0,0.0,0.0,0.0,0.0,0.0,0.0,0.0,0.0,0.0,0.0,0.0,0.0,0.0,0.0,0.0,0.0,0.0,0.0,0.0,0.0,0.0,0.0,0.0,0.0,0.0
2266.5,0.0,0.0,0.0,0.0,0.0,0.0,0.0,0.0,0.0,0.0,0.0,0.0,0.0,0.0,0.0,0.0,0.0,0.0,0.0,0.0,0.0,0.0,0.0,0.0,0.0,0.0,0.0,0.0,0.0,0.0,0.0,0.0,0.0,0.0,0.0,0.0,0.0,0.0,0.0,0.0,0.0,0.0,0.0,0.0,0.0,0.0,0.0,0.0,0.0,0.0,0.0,0.0,0.0,0.0,0.0,0.0
2267.5,0.0,0.0,0.0,0.0,0.0,0.0,0.0,0.0,0.0,0.0,0.0,0.0,0.0,0.0,0.0,0.0,0.0,0.0,0.0,0.0,0.0,0.0,0.0,0.0,0.0,0.0,0.0,0.0,0.0,0.0,0.0,0.0,0.0,0.0,0.0,0.0,0.0,0.0,0.0,0.0,0.0,0.0,0.0,0.0,0.0,0.0,0.0,0.0,0.0,0.0,0.0,0.0,0.0,0.0,0.0,0.0
2268.5,0.0,0.0,0.0,0.0,0.0,0.0,0.0,0.0,0.0,0.0,0.0,0.0,0.0,0.0,0.0,0.0,0.0,0.0,0.0,0.0,0.0,0.0,0.0,0.0,0.0,0.0,0.0,0.0,0.0,0.0,0.0,0.0,0.0,0.0,0.0,0.0,0.0,0.0,0.0,0.0,0.0,0.0,0.0,0.0,0.0,0.0,0.0,0.0,0.0,0.0,0.0,0.0,0.0,0.0,0.0,0.0
2269.5,0.0,0.0,0.0,0.0,0.0,0.0,0.0,0.0,0.0,0.0,0.0,0.0,0.0,0.0,0.0,0.0,0.0,0.0,0.0,0.0,0.0,0.0,0.0,0.0,0.0,0.0,0.0,0.0,0.0,0.0,0.0,0.0,0.0,0.0,0.0,0.0,0.0,0.0,0.0,0.0,0.0,0.0,0.0,0.0,0.0,0.0,0.0,0.0,0.0,0.0,0.0,0.0,0.0,0.0,0.0,0.0
2270.5,0.0,0.0,0.0,0.0,0.0,0.0,0.0,0.0,0.0,0.0,0.0,0.0,0.0,0.0,0.0,0.0,0.0,0.0,0.0,0.0,0.0,0.0,0.0,0.0,0.0,0.0,0.0,0.0,0.0,0.0,0.0,0.0,0.0,0.0,0.0,0.0,0.0,0.0,0.0,0.0,0.0,0.0,0.0,0.0,0.0,0.0,0.0,0.0,0.0,0.0,0.0,0.0,0.0,0.0,0.0,0.0
2271.5,0.0,0.0,0.0,0.0,0.0,0.0,0.0,0.0,0.0,0.0,0.0,0.0,0.0,0.0,0.0,0.0,0.0,0.0,0.0,0.0,0.0,0.0,0.0,0.0,0.0,0.0,0.0,0.0,0.0,0.0,0.0,0.0,0.0,0.0,0.0,0.0,0.0,0.0,0.0,0.0,0.0,0.0,0.0,0.0,0.0,0.0,0.0,0.0,0.0,0.0,0.0,0.0,0.0,0.0,0.0,0.0
2272.5,0.0,0.0,0.0,0.0,0.0,0.0,0.0,0.0,0.0,0.0,0.0,0.0,0.0,0.0,0.0,0.0,0.0,0.0,0.0,0.0,0.0,0.0,0.0,0.0,0.0,0.0,0.0,0.0,0.0,0.0,0.0,0.0,0.0,0.0,0.0,0.0,0.0,0.0,0.0,0.0,0.0,0.0,0.0,0.0,0.0,0.0,0.0,0.0,0.0,0.0,0.0,0.0,0.0,0.0,0.0,0.0
2273.5,0.0,0.0,0.0,0.0,0.0,0.0,0.0,0.0,0.0,0.0,0.0,0.0,0.0,0.0,0.0,0.0,0.0,0.0,0.0,0.0,0.0,0.0,0.0,0.0,0.0,0.0,0.0,0.0,0.0,0.0,0.0,0.0,0.0,0.0,0.0,0.0,0.0,0.0,0.0,0.0,0.0,0.0,0.0,0.0,0.0,0.0,0.0,0.0,0.0,0.0,0.0,0.0,0.0,0.0,0.0,0.0
2274.5,0.0,0.0,0.0,0.0,0.0,0.0,0.0,0.0,0.0,0.0,0.0,0.0,0.0,0.0,0.0,0.0,0.0,0.0,0.0,0.0,0.0,0.0,0.0,0.0,0.0,0.0,0.0,0.0,0.0,0.0,0.0,0.0,0.0,0.0,0.0,0.0,0.0,0.0,0.0,0.0,0.0,0.0,0.0,0.0,0.0,0.0,0.0,0.0,0.0,0.0,0.0,0.0,0.0,0.0,0.0,0.0
2275.5,0.0,0.0,0.0,0.0,0.0,0.0,0.0,0.0,0.0,0.0,0.0,0.0,0.0,0.0,0.0,0.0,0.0,0.0,0.0,0.0,0.0,0.0,0.0,0.0,0.0,0.0,0.0,0.0,0.0,0.0,0.0,0.0,0.0,0.0,0.0,0.0,0.0,0.0,0.0,0.0,0.0,0.0,0.0,0.0,0.0,0.0,0.0,0.0,0.0,0.0,0.0,0.0,0.0,0.0,0.0,0.0
2276.5,0.0,0.0,0.0,0.0,0.0,0.0,0.0,0.0,0.0,0.0,0.0,0.0,0.0,0.0,0.0,0.0,0.0,0.0,0.0,0.0,0.0,0.0,0.0,0.0,0.0,0.0,0.0,0.0,0.0,0.0,0.0,0.0,0.0,0.0,0.0,0.0,0.0,0.0,0.0,0.0,0.0,0.0,0.0,0.0,0.0,0.0,0.0,0.0,0.0,0.0,0.0,0.0,0.0,0.0,0.0,0.0
2277.5,0.0,0.0,0.0,0.0,0.0,0.0,0.0,0.0,0.0,0.0,0.0,0.0,0.0,0.0,0.0,0.0,0.0,0.0,0.0,0.0,0.0,0.0,0.0,0.0,0.0,0.0,0.0,0.0,0.0,0.0,0.0,0.0,0.0,0.0,0.0,0.0,0.0,0.0,0.0,0.0,0.0,0.0,0.0,0.0,0.0,0.0,0.0,0.0,0.0,0.0,0.0,0.0,0.0,0.0,0.0,0.0
2278.5,0.0,0.0,0.0,0.0,0.0,0.0,0.0,0.0,0.0,0.0,0.0,0.0,0.0,0.0,0.0,0.0,0.0,0.0,0.0,0.0,0.0,0.0,0.0,0.0,0.0,0.0,0.0,0.0,0.0,0.0,0.0,0.0,0.0,0.0,0.0,0.0,0.0,0.0,0.0,0.0,0.0,0.0,0.0,0.0,0.0,0.0,0.0,0.0,0.0,0.0,0.0,0.0,0.0,0.0,0.0,0.0
2279.5,0.0,0.0,0.0,0.0,0.0,0.0,0.0,0.0,0.0,0.0,0.0,0.0,0.0,0.0,0.0,0.0,0.0,0.0,0.0,0.0,0.0,0.0,0.0,0.0,0.0,0.0,0.0,0.0,0.0,0.0,0.0,0.0,0.0,0.0,0.0,0.0,0.0,0.0,0.0,0.0,0.0,0.0,0.0,0.0,0.0,0.0,0.0,0.0,0.0,0.0,0.0,0.0,0.0,0.0,0.0,0.0
2280.5,0.0,0.0,0.0,0.0,0.0,0.0,0.0,0.0,0.0,0.0,0.0,0.0,0.0,0.0,0.0,0.0,0.0,0.0,0.0,0.0,0.0,0.0,0.0,0.0,0.0,0.0,0.0,0.0,0.0,0.0,0.0,0.0,0.0,0.0,0.0,0.0,0.0,0.0,0.0,0.0,0.0,0.0,0.0,0.0,0.0,0.0,0.0,0.0,0.0,0.0,0.0,0.0,0.0,0.0,0.0,0.0
2281.5,0.0,0.0,0.0,0.0,0.0,0.0,0.0,0.0,0.0,0.0,0.0,0.0,0.0,0.0,0.0,0.0,0.0,0.0,0.0,0.0,0.0,0.0,0.0,0.0,0.0,0.0,0.0,0.0,0.0,0.0,0.0,0.0,0.0,0.0,0.0,0.0,0.0,0.0,0.0,0.0,0.0,0.0,0.0,0.0,0.0,0.0,0.0,0.0,0.0,0.0,0.0,0.0,0.0,0.0,0.0,0.0
2282.5,0.0,0.0,0.0,0.0,0.0,0.0,0.0,0.0,0.0,0.0,0.0,0.0,0.0,0.0,0.0,0.0,0.0,0.0,0.0,0.0,0.0,0.0,0.0,0.0,0.0,0.0,0.0,0.0,0.0,0.0,0.0,0.0,0.0,0.0,0.0,0.0,0.0,0.0,0.0,0.0,0.0,0.0,0.0,0.0,0.0,0.0,0.0,0.0,0.0,0.0,0.0,0.0,0.0,0.0,0.0,0.0
2283.5,0.0,0.0,0.0,0.0,0.0,0.0,0.0,0.0,0.0,0.0,0.0,0.0,0.0,0.0,0.0,0.0,0.0,0.0,0.0,0.0,0.0,0.0,0.0,0.0,0.0,0.0,0.0,0.0,0.0,0.0,0.0,0.0,0.0,0.0,0.0,0.0,0.0,0.0,0.0,0.0,0.0,0.0,0.0,0.0,0.0,0.0,0.0,0.0,0.0,0.0,0.0,0.0,0.0,0.0,0.0,0.0
2284.5,0.0,0.0,0.0,0.0,0.0,0.0,0.0,0.0,0.0,0.0,0.0,0.0,0.0,0.0,0.0,0.0,0.0,0.0,0.0,0.0,0.0,0.0,0.0,0.0,0.0,0.0,0.0,0.0,0.0,0.0,0.0,0.0,0.0,0.0,0.0,0.0,0.0,0.0,0.0,0.0,0.0,0.0,0.0,0.0,0.0,0.0,0.0,0.0,0.0,0.0,0.0,0.0,0.0,0.0,0.0,0.0
2285.5,0.0,0.0,0.0,0.0,0.0,0.0,0.0,0.0,0.0,0.0,0.0,0.0,0.0,0.0,0.0,0.0,0.0,0.0,0.0,0.0,0.0,0.0,0.0,0.0,0.0,0.0,0.0,0.0,0.0,0.0,0.0,0.0,0.0,0.0,0.0,0.0,0.0,0.0,0.0,0.0,0.0,0.0,0.0,0.0,0.0,0.0,0.0,0.0,0.0,0.0,0.0,0.0,0.0,0.0,0.0,0.0
2286.5,0.0,0.0,0.0,0.0,0.0,0.0,0.0,0.0,0.0,0.0,0.0,0.0,0.0,0.0,0.0,0.0,0.0,0.0,0.0,0.0,0.0,0.0,0.0,0.0,0.0,0.0,0.0,0.0,0.0,0.0,0.0,0.0,0.0,0.0,0.0,0.0,0.0,0.0,0.0,0.0,0.0,0.0,0.0,0.0,0.0,0.0,0.0,0.0,0.0,0.0,0.0,0.0,0.0,0.0,0.0,0.0
2287.5,0.0,0.0,0.0,0.0,0.0,0.0,0.0,0.0,0.0,0.0,0.0,0.0,0.0,0.0,0.0,0.0,0.0,0.0,0.0,0.0,0.0,0.0,0.0,0.0,0.0,0.0,0.0,0.0,0.0,0.0,0.0,0.0,0.0,0.0,0.0,0.0,0.0,0.0,0.0,0.0,0.0,0.0,0.0,0.0,0.0,0.0,0.0,0.0,0.0,0.0,0.0,0.0,0.0,0.0,0.0,0.0
2288.5,0.0,0.0,0.0,0.0,0.0,0.0,0.0,0.0,0.0,0.0,0.0,0.0,0.0,0.0,0.0,0.0,0.0,0.0,0.0,0.0,0.0,0.0,0.0,0.0,0.0,0.0,0.0,0.0,0.0,0.0,0.0,0.0,0.0,0.0,0.0,0.0,0.0,0.0,0.0,0.0,0.0,0.0,0.0,0.0,0.0,0.0,0.0,0.0,0.0,0.0,0.0,0.0,0.0,0.0,0.0,0.0
2289.5,0.0,0.0,0.0,0.0,0.0,0.0,0.0,0.0,0.0,0.0,0.0,0.0,0.0,0.0,0.0,0.0,0.0,0.0,0.0,0.0,0.0,0.0,0.0,0.0,0.0,0.0,0.0,0.0,0.0,0.0,0.0,0.0,0.0,0.0,0.0,0.0,0.0,0.0,0.0,0.0,0.0,0.0,0.0,0.0,0.0,0.0,0.0,0.0,0.0,0.0,0.0,0.0,0.0,0.0,0.0,0.0
2290.5,0.0,0.0,0.0,0.0,0.0,0.0,0.0,0.0,0.0,0.0,0.0,0.0,0.0,0.0,0.0,0.0,0.0,0.0,0.0,0.0,0.0,0.0,0.0,0.0,0.0,0.0,0.0,0.0,0.0,0.0,0.0,0.0,0.0,0.0,0.0,0.0,0.0,0.0,0.0,0.0,0.0,0.0,0.0,0.0,0.0,0.0,0.0,0.0,0.0,0.0,0.0,0.0,0.0,0.0,0.0,0.0
2291.5,0.0,0.0,0.0,0.0,0.0,0.0,0.0,0.0,0.0,0.0,0.0,0.0,0.0,0.0,0.0,0.0,0.0,0.0,0.0,0.0,0.0,0.0,0.0,0.0,0.0,0.0,0.0,0.0,0.0,0.0,0.0,0.0,0.0,0.0,0.0,0.0,0.0,0.0,0.0,0.0,0.0,0.0,0.0,0.0,0.0,0.0,0.0,0.0,0.0,0.0,0.0,0.0,0.0,0.0,0.0,0.0
2292.5,0.0,0.0,0.0,0.0,0.0,0.0,0.0,0.0,0.0,0.0,0.0,0.0,0.0,0.0,0.0,0.0,0.0,0.0,0.0,0.0,0.0,0.0,0.0,0.0,0.0,0.0,0.0,0.0,0.0,0.0,0.0,0.0,0.0,0.0,0.0,0.0,0.0,0.0,0.0,0.0,0.0,0.0,0.0,0.0,0.0,0.0,0.0,0.0,0.0,0.0,0.0,0.0,0.0,0.0,0.0,0.0
2293.5,0.0,0.0,0.0,0.0,0.0,0.0,0.0,0.0,0.0,0.0,0.0,0.0,0.0,0.0,0.0,0.0,0.0,0.0,0.0,0.0,0.0,0.0,0.0,0.0,0.0,0.0,0.0,0.0,0.0,0.0,0.0,0.0,0.0,0.0,0.0,0.0,0.0,0.0,0.0,0.0,0.0,0.0,0.0,0.0,0.0,0.0,0.0,0.0,0.0,0.0,0.0,0.0,0.0,0.0,0.0,0.0
2294.5,0.0,0.0,0.0,0.0,0.0,0.0,0.0,0.0,0.0,0.0,0.0,0.0,0.0,0.0,0.0,0.0,0.0,0.0,0.0,0.0,0.0,0.0,0.0,0.0,0.0,0.0,0.0,0.0,0.0,0.0,0.0,0.0,0.0,0.0,0.0,0.0,0.0,0.0,0.0,0.0,0.0,0.0,0.0,0.0,0.0,0.0,0.0,0.0,0.0,0.0,0.0,0.0,0.0,0.0,0.0,0.0
2295.5,0.0,0.0,0.0,0.0,0.0,0.0,0.0,0.0,0.0,0.0,0.0,0.0,0.0,0.0,0.0,0.0,0.0,0.0,0.0,0.0,0.0,0.0,0.0,0.0,0.0,0.0,0.0,0.0,0.0,0.0,0.0,0.0,0.0,0.0,0.0,0.0,0.0,0.0,0.0,0.0,0.0,0.0,0.0,0.0,0.0,0.0,0.0,0.0,0.0,0.0,0.0,0.0,0.0,0.0,0.0,0.0
2296.5,0.0,0.0,0.0,0.0,0.0,0.0,0.0,0.0,0.0,0.0,0.0,0.0,0.0,0.0,0.0,0.0,0.0,0.0,0.0,0.0,0.0,0.0,0.0,0.0,0.0,0.0,0.0,0.0,0.0,0.0,0.0,0.0,0.0,0.0,0.0,0.0,0.0,0.0,0.0,0.0,0.0,0.0,0.0,0.0,0.0,0.0,0.0,0.0,0.0,0.0,0.0,0.0,0.0,0.0,0.0,0.0
2297.5,0.0,0.0,0.0,0.0,0.0,0.0,0.0,0.0,0.0,0.0,0.0,0.0,0.0,0.0,0.0,0.0,0.0,0.0,0.0,0.0,0.0,0.0,0.0,0.0,0.0,0.0,0.0,0.0,0.0,0.0,0.0,0.0,0.0,0.0,0.0,0.0,0.0,0.0,0.0,0.0,0.0,0.0,0.0,0.0,0.0,0.0,0.0,0.0,0.0,0.0,0.0,0.0,0.0,0.0,0.0,0.0
2298.5,0.0,0.0,0.0,0.0,0.0,0.0,0.0,0.0,0.0,0.0,0.0,0.0,0.0,0.0,0.0,0.0,0.0,0.0,0.0,0.0,0.0,0.0,0.0,0.0,0.0,0.0,0.0,0.0,0.0,0.0,0.0,0.0,0.0,0.0,0.0,0.0,0.0,0.0,0.0,0.0,0.0,0.0,0.0,0.0,0.0,0.0,0.0,0.0,0.0,0.0,0.0,0.0,0.0,0.0,0.0,0.0
2299.5,0.0,0.0,0.0,0.0,0.0,0.0,0.0,0.0,0.0,0.0,0.0,0.0,0.0,0.0,0.0,0.0,0.0,0.0,0.0,0.0,0.0,0.0,0.0,0.0,0.0,0.0,0.0,0.0,0.0,0.0,0.0,0.0,0.0,0.0,0.0,0.0,0.0,0.0,0.0,0.0,0.0,0.0,0.0,0.0,0.0,0.0,0.0,0.0,0.0,0.0,0.0,0.0,0.0,0.0,0.0,0.0
2300.5,0.0,0.0,0.0,0.0,0.0,0.0,0.0,0.0,0.0,0.0,0.0,0.0,0.0,0.0,0.0,0.0,0.0,0.0,0.0,0.0,0.0,0.0,0.0,0.0,0.0,0.0,0.0,0.0,0.0,0.0,0.0,0.0,0.0,0.0,0.0,0.0,0.0,0.0,0.0,0.0,0.0,0.0,0.0,0.0,0.0,0.0,0.0,0.0,0.0,0.0,0.0,0.0,0.0,0.0,0.0,0.0
