time,ssp585 - sce1,ssp370 - sce1,ssp460 - sce1,ssp245 - sce1,ssp434 - sce1,ssp534 - sce1,ssp126 - sce1,ssp119 - sce1,ssp585 - sce2,ssp370 - sce2,ssp460 - sce2,ssp245 - sce2,ssp434 - sce2,ssp534 - sce2,ssp126 - sce2,ssp119 - sce2,ssp585 - sce3,ssp370 - sce3,ssp460 - sce3,ssp245 - sce3,ssp434 - sce3,ssp534 - sce3,ssp126 - sce3,ssp119 - sce3,ssp585 - sce4,ssp370 - sce4,ssp460 - sce4,ssp245 - sce4,ssp434 - sce4,ssp534 - sce4,ssp126 - sce4,ssp119 - sce4,ssp585 - sce5,ssp370 - sce5,ssp460 - sce5,ssp245 - sce5,ssp434 - sce5,ssp534 - sce5,ssp126 - sce5,ssp119 - sce5,ssp585 - sce6,ssp370 - sce6,ssp460 - sce6,ssp245 - sce6,ssp434 - sce6,ssp534 - sce6,ssp126 - sce6,ssp119 - sce6
2015.5,0.0,0.0,0.0,0.0,0.0,0.0,0.0,0.0,0.0,0.0,0.0,0.0,0.0,0.0,0.0,0.0,0.0,0.0,0.0,0.0,0.0,0.0,0.0,0.0,0.0,0.0,0.0,0.0,0.0,0.0,0.0,0.0,0.0,0.0,0.0,0.0,0.0,0.0,0.0,0.0,0.0,0.0,0.0,0.0,0.0,0.0,0.0,0.0
2016.5,0.0,0.0,0.0,0.0,0.0,0.0,0.0,0.0,0.0,0.0,0.0,0.0,0.0,0.0,0.0,0.0,0.0,0.0,0.0,0.0,0.0,0.0,0.0,0.0,0.0,0.0,0.0,0.0,0.0,0.0,0.0,0.0,0.0,0.0,0.0,0.0,0.0,0.0,0.0,0.0,0.0,0.0,0.0,0.0,0.0,0.0,0.0,0.0
2017.5,0.0,0.0,0.0,0.0,0.0,0.0,0.0,0.0,0.0,0.0,0.0,0.0,0.0,0.0,0.0,0.0,0.0,0.0,0.0,0.0,0.0,0.0,0.0,0.0,0.0,0.0,0.0,0.0,0.0,0.0,0.0,0.0,0.0,0.0,0.0,0.0,0.0,0.0,0.0,0.0,0.0,0.0,0.0,0.0,0.0,0.0,0.0,0.0
2018.5,0.0,0.0,0.0,0.0,0.0,0.0,0.0,0.0,0.0,0.0,0.0,0.0,0.0,0.0,0.0,0.0,0.0,0.0,0.0,0.0,0.0,0.0,0.0,0.0,0.0,0.0,0.0,0.0,0.0,0.0,0.0,0.0,0.0,0.0,0.0,0.0,0.0,0.0,0.0,0.0,0.0,0.0,0.0,0.0,0.0,0.0,0.0,0.0
2019.5,0.0,0.0,0.0,0.0,0.0,0.0,0.0,0.0,0.0,0.0,0.0,0.0,0.0,0.0,0.0,0.0,0.0,0.0,0.0,0.0,0.0,0.0,0.0,0.0,0.0,0.0,0.0,0.0,0.0,0.0,0.0,0.0,0.0,0.0,0.0,0.0,0.0,0.0,0.0,0.0,0.0,0.0,0.0,0.0,0.0,0.0,0.0,0.0
2020.5,0.0,0.0,0.0,0.0,0.0,0.0,0.0,0.0,0.0,0.0,0.0,0.0,0.0,0.0,0.0,0.0,0.0,0.0,0.0,0.0,0.0,0.0,0.0,0.0,0.0,0.0,0.0,0.0,0.0,0.0,0.0,0.0,0.0,0.0,0.0,0.0,0.0,0.0,0.0,0.0,0.0,0.0,0.0,0.0,0.0,0.0,0.0,0.0
2021.5,-0.00390625,-0.00390625,-0.00390625,-0.00390625,-0.00390625,-0.00390625,-0.00390625,0.0,-0.00390625,-0.00390625,-0.00390625,-0.00390625,-0.00390625,-0.00390625,-0.00390625,0.0,-0.0078125,-0.0078125,-0.0078125,-0.00390625,-0.0078125,-0.0078125,-0.0078125,-0.00390625,-0.0078125,-0.0078125,-0.0078125,-0.00390625,-0.0078125,-0.0078125,-0.0078125,-0.00390625,-0.0078125,-0.01171875,-0.0078125,-0.0078125,-0.01171875,-0.0078125,-0.01171875,-0.0078125,-0.0078125,-0.01171875,-0.0078125,-0.0078125,-0.01171875,-0.0078125,-0.01171875,-0.0078125
2022.5,-0.01171875,-0.01171875,-0.01171875,-0.015625,-0.01171875,-0.01171875,-0.01171875,-0.01171875,-0.01171875,-0.01171875,-0.01171875,-0.015625,-0.01171875,-0.01171875,-0.01171875,-0.01171875,-0.0234375,-0.0234375,-0.0234375,-0.02734375,-0.02734375,-0.02734375,-0.02734375,-0.02734375,-0.0234375,-0.0234375,-0.0234375,-0.02734375,-0.02734375,-0.02734375,-0.02734375,-0.02734375,-0.03515625,-0.03515625,-0.03515625,-0.0390625,-0.0390625,-0.03515625,-0.0390625,-0.0390625,-0.03515625,-0.03515625,-0.03515625,-0.0390625,-0.0390625,-0.03515625,-0.0390625,-0.0390625
2023.5,-0.03125,-0.03515625,-0.02734375,-0.03125,-0.02734375,-0.03125,-0.02734375,-0.03125,-0.03125,-0.03515625,-0.02734375,-0.03125,-0.02734375,-0.03125,-0.02734375,-0.03125,-0.0625,-0.0625,-0.05859375,-0.05859375,-0.0546875,-0.0625,-0.0625,-0.0625,-0.0625,-0.0625,-0.05859375,-0.05859375,-0.0546875,-0.0625,-0.0625,-0.0625,-0.08984375,-0.08984375,-0.08984375,-0.09375,-0.0859375,-0.08984375,-0.08984375,-0.08984375,-0.08984375,-0.08984375,-0.08984375,-0.09375,-0.0859375,-0.08984375,-0.08984375,-0.08984375
2024.5,-0.05859375,-0.06640625,-0.05859375,-0.0625,-0.05859375,-0.0625,-0.05859375,-0.05859375,-0.05859375,-0.06640625,-0.05859375,-0.0625,-0.05859375,-0.0625,-0.05859375,-0.05859375,-0.12109375,-0.125,-0.1171875,-0.1171875,-0.11328125,-0.12109375,-0.12109375,-0.1171875,-0.12109375,-0.125,-0.1171875,-0.1171875,-0.11328125,-0.12109375,-0.12109375,-0.1171875,-0.17578125,-0.17578125,-0.171875,-0.17578125,-0.171875,-0.17578125,-0.171875,-0.17578125,-0.17578125,-0.17578125,-0.171875,-0.17578125,-0.171875,-0.17578125,-0.171875,-0.17578125
2025.5,-0.1015625,-0.11328125,-0.1015625,-0.1015625,-0.1015625,-0.09765625,-0.1015625,-0.1015625,-0.1015625,-0.11328125,-0.1015625,-0.1015625,-0.1015625,-0.09765625,-0.1015625,-0.1015625,-0.19921875,-0.20703125,-0.1953125,-0.1953125,-0.1953125,-0.1953125,-0.203125,-0.203125,-0.19921875,-0.20703125,-0.1953125,-0.1953125,-0.1953125,-0.1953125,-0.203125,-0.203125,-0.296875,-0.296875,-0.2890625,-0.29296875,-0.29296875,-0.2890625,-0.296875,-0.296875,-0.296875,-0.296875,-0.2890625,-0.29296875,-0.29296875,-0.2890625,-0.296875,-0.296875
2026.5,-0.15234375,-0.1640625,-0.15625,-0.16015625,-0.16015625,-0.15625,-0.1640625,-0.16015625,-0.15234375,-0.1640625,-0.15625,-0.16015625,-0.16015625,-0.15625,-0.1640625,-0.16015625,-0.3046875,-0.30859375,-0.30078125,-0.3046875,-0.3046875,-0.3046875,-0.3125,-0.3125,-0.3046875,-0.30859375,-0.30078125,-0.3046875,-0.3046875,-0.3046875,-0.3125,-0.3125,-0.453125,-0.44921875,-0.4453125,-0.453125,-0.44921875,-0.44921875,-0.453125,-0.45703125,-0.453125,-0.44921875,-0.4453125,-0.453125,-0.44921875,-0.44921875,-0.453125,-0.45703125
2027.5,-0.22265625,-0.234375,-0.21875,-0.23046875,-0.2265625,-0.2265625,-0.23046875,-0.23046875,-0.22265625,-0.234375,-0.21875,-0.23046875,-0.2265625,-0.2265625,-0.23046875,-0.23046875,-0.4375,-0.4375,-0.4296875,-0.4375,-0.44140625,-0.4375,-0.4453125,-0.4453125,-0.4375,-0.4375,-0.4296875,-0.4375,-0.44140625,-0.4375,-0.4453125,-0.4453125,-0.6484375,-0.64453125,-0.640625,-0.6484375,-0.6484375,-0.6484375,-0.6484375,-0.65625,-0.6484375,-0.64453125,-0.640625,-0.6484375,-0.6484375,-0.6484375,-0.6484375,-0.65625
2028.5,-0.3046875,-0.31640625,-0.30078125,-0.3125,-0.30859375,-0.30859375,-0.31640625,-0.31640625,-0.3046875,-0.31640625,-0.30078125,-0.3125,-0.30859375,-0.30859375,-0.31640625,-0.31640625,-0.59765625,-0.59765625,-0.58984375,-0.59375,-0.6015625,-0.59375,-0.60546875,-0.60546875,-0.59765625,-0.59765625,-0.58984375,-0.59375,-0.6015625,-0.59375,-0.60546875,-0.60546875,-0.8828125,-0.8828125,-0.87890625,-0.88671875,-0.88671875,-0.8828125,-0.88671875,-0.8984375,-0.8828125,-0.8828125,-0.87890625,-0.88671875,-0.88671875,-0.8828125,-0.88671875,-0.8984375
2029.5,-0.40625,-0.41015625,-0.40234375,-0.41015625,-0.3984375,-0.40625,-0.41015625,-0.41796875,-0.40625,-0.41015625,-0.40234375,-0.41015625,-0.3984375,-0.40625,-0.41015625,-0.41796875,-0.78515625,-0.78515625,-0.78125,-0.7890625,-0.7890625,-0.78125,-0.79296875,-0.80078125,-0.78515625,-0.78515625,-0.78125,-0.7890625,-0.7890625,-0.78125,-0.79296875,-0.80078125,-1.1640625,-1.15625,-1.1601562,-1.171875,-1.1679688,-1.1601562,-1.1640625,-1.1835938,-1.1640625,-1.15625,-1.1601562,-1.171875,-1.1679688,-1.1601562,-1.1640625,-1.1835938
2030.5,-0.515625,-0.52734375,-0.51171875,-0.5234375,-0.515625,-0.515625,-0.5234375,-0.53125,-0.515625,-0.52734375,-0.51171875,-0.5234375,-0.515625,-0.515625,-0.5234375,-0.53125,-1.0,-1.0,-0.99609375,-1.0039062,-1.0117188,-0.99609375,-1.015625,-1.0234375,-1.0,-1.0,-0.99609375,-1.0039062,-1.0117188,-0.99609375,-1.015625,-1.0234375,-1.484375,-1.4804688,-1.4804688,-1.4921875,-1.5,-1.4804688,-1.4882812,-1.5117188,-1.484375,-1.4804688,-1.4804688,-1.4921875,-1.5,-1.4804688,-1.4882812,-1.5117188
2031.5,-0.640625,-0.6484375,-0.64453125,-0.6484375,-0.63671875,-0.640625,-0.65234375,-0.66015625,-0.640625,-0.6484375,-0.64453125,-0.6484375,-0.63671875,-0.640625,-0.65234375,-0.66015625,-1.2421875,-1.2382812,-1.2421875,-1.2460938,-1.2539062,-1.234375,-1.2617188,-1.2695312,-1.2421875,-1.2382812,-1.2421875,-1.2460938,-1.2539062,-1.234375,-1.2617188,-1.2695312,-1.84375,-1.8359375,-1.84375,-1.8515625,-1.8632812,-1.8398438,-1.8554688,-1.8789062,-1.84375,-1.8359375,-1.84375,-1.8515625,-1.8632812,-1.8398438,-1.8554688,-1.8789062
2032.5,-0.76953125,-0.77734375,-0.77734375,-0.78125,-0.7734375,-0.7734375,-0.7890625,-0.796875,-0.7734375,-0.77734375,-0.77734375,-0.78515625,-0.7734375,-0.77734375,-0.7890625,-0.796875,-1.5,-1.4921875,-1.5039062,-1.5078125,-1.5117188,-1.4882812,-1.5273438,-1.5351562,-1.5039062,-1.4960938,-1.5078125,-1.5117188,-1.515625,-1.4921875,-1.53125,-1.5351562,-2.2265625,-2.2148438,-2.2265625,-2.234375,-2.25,-2.21875,-2.25,-2.2734375,-2.2304688,-2.2148438,-2.2304688,-2.2382812,-2.2539062,-2.2226562,-2.2539062,-2.2773438
2033.5,-0.91015625,-0.91796875,-0.9140625,-0.921875,-0.91015625,-0.9140625,-0.92578125,-0.9375,-0.9140625,-0.921875,-0.91796875,-0.92578125,-0.9140625,-0.91796875,-0.9296875,-0.94140625,-1.765625,-1.7578125,-1.7695312,-1.78125,-1.7851562,-1.7539062,-1.8046875,-1.8085938,-1.7773438,-1.7695312,-1.78125,-1.7890625,-1.7929688,-1.765625,-1.8125,-1.8203125,-2.6210938,-2.609375,-2.625,-2.640625,-2.6484375,-2.6132812,-2.65625,-2.6835938,-2.6367188,-2.625,-2.640625,-2.65625,-2.6640625,-2.6289062,-2.6679688,-2.6992188
2034.5,-1.046875,-1.0585938,-1.0546875,-1.0664062,-1.0585938,-1.0507812,-1.0703125,-1.0820312,-1.0625,-1.0742188,-1.0664062,-1.078125,-1.0664062,-1.0585938,-1.0859375,-1.09375,-2.0390625,-2.03125,-2.0429688,-2.0546875,-2.0664062,-2.0273438,-2.0898438,-2.09375,-2.0625,-2.0546875,-2.0664062,-2.0820312,-2.0859375,-2.0507812,-2.109375,-2.1210938,-3.0195312,-3.0078125,-3.03125,-3.0546875,-3.0625,-3.015625,-3.0742188,-3.1054688,-3.0585938,-3.046875,-3.0664062,-3.0898438,-3.0976562,-3.0507812,-3.109375,-3.140625
2035.5,-1.1875,-1.203125,-1.1992188,-1.2109375,-1.203125,-1.1914062,-1.2148438,-1.2304688,-1.21875,-1.2265625,-1.2226562,-1.234375,-1.21875,-1.2109375,-1.2382812,-1.2539062,-2.3125,-2.3007812,-2.3242188,-2.3359375,-2.34375,-2.296875,-2.375,-2.3828125,-2.359375,-2.3476562,-2.3671875,-2.3828125,-2.390625,-2.34375,-2.4140625,-2.4335938,-3.4257812,-3.4140625,-3.4453125,-3.4726562,-3.4804688,-3.421875,-3.4960938,-3.5351562,-3.4960938,-3.484375,-3.5117188,-3.5390625,-3.5546875,-3.4882812,-3.5625,-3.6054688
2036.5,-1.3320312,-1.34375,-1.3398438,-1.359375,-1.3515625,-1.3398438,-1.3632812,-1.3789062,-1.375,-1.3828125,-1.3789062,-1.3945312,-1.3828125,-1.375,-1.40625,-1.4179688,-2.5859375,-2.578125,-2.6015625,-2.6171875,-2.625,-2.5703125,-2.6601562,-2.671875,-2.6640625,-2.6523438,-2.6757812,-2.6914062,-2.7070312,-2.6484375,-2.7304688,-2.7539062,-3.828125,-3.8164062,-3.8554688,-3.890625,-3.90625,-3.828125,-3.921875,-3.9648438,-3.9453125,-3.9375,-3.96875,-4.0039062,-4.0234375,-3.9414062,-4.0351562,-4.0859375
2037.5,-1.4726562,-1.4804688,-1.4804688,-1.5,-1.4921875,-1.4765625,-1.5078125,-1.5273438,-1.53125,-1.5429688,-1.5390625,-1.5546875,-1.5507812,-1.53125,-1.5703125,-1.5859375,-2.8554688,-2.8398438,-2.875,-2.890625,-2.9023438,-2.8320312,-2.9414062,-2.9609375,-2.9726562,-2.9570312,-2.9882812,-3.0078125,-3.0273438,-2.9492188,-3.0585938,-3.0820312,-4.2226562,-4.2109375,-4.2617188,-4.296875,-4.3242188,-4.2226562,-4.34375,-4.3984375,-4.3984375,-4.390625,-4.4335938,-4.4726562,-4.5039062,-4.3984375,-4.515625,-4.578125
2038.5,-1.609375,-1.6171875,-1.6132812,-1.6367188,-1.640625,-1.609375,-1.6601562,-1.671875,-1.6992188,-1.703125,-1.703125,-1.71875,-1.7226562,-1.6875,-1.7460938,-1.7617188,-3.1210938,-3.1054688,-3.140625,-3.1601562,-3.1796875,-3.09375,-3.2265625,-3.25,-3.2851562,-3.2695312,-3.3007812,-3.3320312,-3.3554688,-3.2617188,-3.3945312,-3.4257812,-4.6171875,-4.6054688,-4.6601562,-4.703125,-4.7421875,-4.6171875,-4.765625,-4.828125,-4.8671875,-4.8554688,-4.90625,-4.9570312,-5.0,-4.8632812,-5.015625,-5.0898438
2039.5,-1.7421875,-1.7539062,-1.75,-1.7734375,-1.7851562,-1.7460938,-1.8007812,-1.8242188,-1.8632812,-1.8789062,-1.8710938,-1.890625,-1.8984375,-1.8554688,-1.9257812,-1.9492188,-3.3789062,-3.3710938,-3.40625,-3.4257812,-3.4570312,-3.3515625,-3.5039062,-3.5390625,-3.6015625,-3.59375,-3.6289062,-3.6640625,-3.6914062,-3.5820312,-3.734375,-3.7773438,-5.0039062,-4.9960938,-5.0585938,-5.1015625,-5.1484375,-5.0039062,-5.1796875,-5.2617188,-5.3398438,-5.3320312,-5.3945312,-5.4492188,-5.5,-5.3398438,-5.5234375,-5.6132812
2040.5,-1.8710938,-1.890625,-1.8789062,-1.9179688,-1.9257812,-1.8828125,-1.9453125,-1.96875,-2.03125,-2.0507812,-2.0390625,-2.0703125,-2.0820312,-2.0234375,-2.1054688,-2.1328125,-3.625,-3.6367188,-3.6601562,-3.6914062,-3.7226562,-3.6054688,-3.7773438,-3.8164062,-3.9179688,-3.9257812,-3.9609375,-4.0039062,-4.0390625,-3.90625,-4.0820312,-4.1367188,-5.375,-5.375,-5.4414062,-5.5,-5.5507812,-5.3789062,-5.5859375,-5.6796875,-5.8125,-5.8203125,-5.8867188,-5.953125,-6.015625,-5.8164062,-6.0390625,-6.1484375
2041.5,-2.0,-2.0195312,-2.0117188,-2.0507812,-2.0625,-2.0117188,-2.078125,-2.1132812,-2.1992188,-2.21875,-2.2109375,-2.25,-2.265625,-2.1914062,-2.2851562,-2.3242188,-3.8671875,-3.8828125,-3.9179688,-3.9492188,-3.984375,-3.8515625,-4.0429688,-4.09375,-4.2421875,-4.2539062,-4.3007812,-4.3476562,-4.3867188,-4.2304688,-4.4335938,-4.5039062,-5.734375,-5.7382812,-5.8203125,-5.8828125,-5.9414062,-5.7421875,-5.984375,-6.09375,-6.296875,-6.3085938,-6.390625,-6.4648438,-6.5390625,-6.296875,-6.5625,-6.6992188
2042.5,-2.1171875,-2.1445312,-2.1367188,-2.1757812,-2.1914062,-2.1289062,-2.21875,-2.25,-2.3710938,-2.390625,-2.3867188,-2.4257812,-2.4453125,-2.359375,-2.4765625,-2.5117188,-4.0976562,-4.1210938,-4.1640625,-4.1914062,-4.234375,-4.0820312,-4.3046875,-4.359375,-4.5664062,-4.5859375,-4.640625,-4.6953125,-4.7382812,-4.5546875,-4.796875,-4.875,-6.0820312,-6.09375,-6.1835938,-6.25,-6.3242188,-6.0859375,-6.375,-6.5,-6.78125,-6.8007812,-6.8984375,-6.9726562,-7.0664062,-6.78125,-7.1015625,-7.2539062
2043.5,-2.234375,-2.2617188,-2.265625,-2.3007812,-2.3164062,-2.2460938,-2.34375,-2.3789062,-2.5429688,-2.5664062,-2.5664062,-2.6054688,-2.6289062,-2.5273438,-2.6640625,-2.703125,-4.3203125,-4.3476562,-4.4023438,-4.4335938,-4.4804688,-4.3085938,-4.5585938,-4.625,-4.890625,-4.921875,-4.9882812,-5.046875,-5.09375,-4.8867188,-5.15625,-5.2539062,-6.4140625,-6.4335938,-6.5351562,-6.609375,-6.6914062,-6.421875,-6.7460938,-6.890625,-7.265625,-7.296875,-7.4140625,-7.4921875,-7.6015625,-7.2695312,-7.640625,-7.8164062
2044.5,-2.3476562,-2.3789062,-2.3828125,-2.4179688,-2.4453125,-2.359375,-2.46875,-2.5117188,-2.7109375,-2.7421875,-2.7460938,-2.7890625,-2.8242188,-2.6992188,-2.8515625,-2.8984375,-4.53125,-4.5664062,-4.6289062,-4.6640625,-4.7226562,-4.5273438,-4.8046875,-4.8789062,-5.21875,-5.2578125,-5.3320312,-5.4023438,-5.4609375,-5.21875,-5.5273438,-5.6367188,-6.7304688,-6.7539062,-6.8710938,-6.953125,-7.0507812,-6.7421875,-7.109375,-7.2695312,-7.7539062,-7.796875,-7.9296875,-8.015625,-8.1484375,-7.7617188,-8.1875,-8.390625
2045.5,-2.453125,-2.4882812,-2.4960938,-2.5273438,-2.5625,-2.4648438,-2.5820312,-2.6328125,-2.875,-2.9140625,-2.9257812,-2.96875,-3.015625,-2.8671875,-3.0390625,-3.09375,-4.7304688,-4.7734375,-4.84375,-4.8867188,-4.953125,-4.7304688,-5.0351562,-5.1210938,-5.5390625,-5.59375,-5.6835938,-5.7539062,-5.8320312,-5.546875,-5.8945312,-6.0195312,-7.0273438,-7.0625,-7.1953125,-7.28125,-7.3945312,-7.0429688,-7.4570312,-7.6328125,-8.234375,-8.296875,-8.449219,-8.542969,-8.699219,-8.253906,-8.7421875,-8.96875
2046.5,-2.5507812,-2.59375,-2.6015625,-2.6445312,-2.6796875,-2.5625,-2.6992188,-2.7539062,-3.046875,-3.09375,-3.1054688,-3.1601562,-3.2109375,-3.0390625,-3.2304688,-3.296875,-4.9179688,-4.9726562,-5.0507812,-5.1015625,-5.1757812,-4.9257812,-5.2578125,-5.359375,-5.8710938,-5.9335938,-6.0351562,-6.1210938,-6.203125,-5.8828125,-6.2695312,-6.4179688,-7.3125,-7.359375,-7.5039062,-7.6054688,-7.7265625,-7.3320312,-7.7890625,-7.9921875,-8.722656,-8.8046875,-8.9765625,-9.0859375,-9.2578125,-8.75,-9.300781,-9.558594
2047.5,-2.6445312,-2.6914062,-2.703125,-2.75,-2.7890625,-2.6601562,-2.8085938,-2.8671875,-3.2148438,-3.265625,-3.2890625,-3.3476562,-3.40625,-3.21875,-3.421875,-3.5,-5.0976562,-5.1601562,-5.2460938,-5.3085938,-5.3867188,-5.1171875,-5.4726562,-5.5898438,-6.1953125,-6.2734375,-6.3867188,-6.484375,-6.578125,-6.2226562,-6.6484375,-6.8203125,-7.578125,-7.6367188,-7.796875,-7.90625,-8.042969,-7.6132812,-8.109375,-8.332031,-9.2109375,-9.3125,-9.503906,-9.625,-9.824219,-9.25,-9.8671875,-10.160156
2048.5,-2.7265625,-2.7851562,-2.8046875,-2.84375,-2.8945312,-2.7539062,-2.9140625,-2.9804688,-3.3789062,-3.4414062,-3.4765625,-3.53125,-3.5976562,-3.3945312,-3.6171875,-3.7109375,-5.2617188,-5.3398438,-5.4375,-5.4960938,-5.5820312,-5.296875,-5.6796875,-5.8125,-6.5234375,-6.6171875,-6.7460938,-6.8476562,-6.9570312,-6.5664062,-7.0351562,-7.2265625,-7.828125,-7.9023438,-8.078125,-8.191406,-8.339844,-7.8789062,-8.417969,-8.65625,-9.6953125,-9.8203125,-10.0390625,-10.1640625,-10.394531,-9.7578125,-10.441406,-10.769531
2049.5,-2.8046875,-2.8789062,-2.8984375,-2.9414062,-2.9960938,-2.8398438,-3.015625,-3.0859375,-3.546875,-3.625,-3.6601562,-3.71875,-3.8007812,-3.5703125,-3.8203125,-3.921875,-5.421875,-5.515625,-5.6132812,-5.6835938,-5.7773438,-5.4726562,-5.875,-6.0195312,-6.8476562,-6.96875,-7.1054688,-7.21875,-7.34375,-6.9140625,-7.421875,-7.6367188,-8.0625,-8.152344,-8.339844,-8.46875,-8.628906,-8.136719,-8.7109375,-8.96875,-10.183594,-10.332031,-10.574219,-10.714844,-10.972656,-10.2734375,-11.0234375,-11.386719
2050.5,-2.8789062,-2.9609375,-2.984375,-3.0273438,-3.09375,-2.921875,-3.1171875,-3.1875,-3.7148438,-3.8046875,-3.8476562,-3.90625,-4.0,-3.75,-4.0273438,-4.1367188,-5.5625,-5.671875,-5.78125,-5.8515625,-5.9609375,-5.6289062,-6.0625,-6.2226562,-7.1679688,-7.3164062,-7.46875,-7.5859375,-7.7304688,-7.2539062,-7.8164062,-8.0625,-8.269531,-8.3828125,-8.5859375,-8.722656,-8.902344,-8.371094,-8.988281,-9.265625,-10.6640625,-10.84375,-11.109375,-11.265625,-11.558594,-10.7890625,-11.613281,-12.011719
2051.5,-2.9453125,-3.0351562,-3.0703125,-3.1132812,-3.1875,-3.0,-3.2109375,-3.2851562,-3.8828125,-3.9804688,-4.0390625,-4.0976562,-4.2070312,-3.9296875,-4.2304688,-4.3515625,-5.6953125,-5.8203125,-5.9414062,-6.0078125,-6.1328125,-5.7773438,-6.2382812,-6.4140625,-7.4921875,-7.6601562,-7.8320312,-7.9570312,-8.125,-7.6015625,-8.214844,-8.488281,-8.4609375,-8.597656,-8.8203125,-8.964844,-9.160156,-8.59375,-9.246094,-9.546875,-11.140625,-11.355469,-11.652344,-11.824219,-12.1484375,-11.308594,-12.207031,-12.644531
2052.5,-3.0078125,-3.1054688,-3.1445312,-3.1914062,-3.2734375,-3.0703125,-3.296875,-3.375,-4.0429688,-4.1523438,-4.2265625,-4.28125,-4.4101562,-4.109375,-4.4375,-4.5625,-5.8125,-5.9492188,-6.0859375,-6.15625,-6.2929688,-5.9179688,-6.40625,-6.59375,-7.7929688,-7.9921875,-8.1875,-8.3203125,-8.511719,-7.9453125,-8.605469,-8.902344,-8.6328125,-8.7890625,-9.03125,-9.1875,-9.402344,-8.8046875,-9.488281,-9.808594,-11.597656,-11.847656,-12.1796875,-12.363281,-12.7265625,-11.816406,-12.792969,-13.261719
2053.5,-3.0546875,-3.1640625,-3.2148438,-3.2617188,-3.359375,-3.1367188,-3.3710938,-3.4609375,-4.1835938,-4.3164062,-4.3945312,-4.453125,-4.6015625,-4.2773438,-4.6289062,-4.7695312,-5.9101562,-6.0703125,-6.21875,-6.296875,-6.4492188,-6.0507812,-6.5546875,-6.7617188,-8.0703125,-8.3046875,-8.519531,-8.65625,-8.8828125,-8.261719,-8.972656,-9.300781,-8.785156,-8.9609375,-9.230469,-9.394531,-9.6328125,-9.0,-9.714844,-10.050781,-12.011719,-12.300781,-12.675781,-12.8671875,-13.28125,-12.296875,-13.34375,-13.855469
2054.5,-3.0976562,-3.2226562,-3.28125,-3.328125,-3.4335938,-3.1953125,-3.4453125,-3.5429688,-4.3085938,-4.4570312,-4.5546875,-4.6171875,-4.78125,-4.4257812,-4.8085938,-4.9609375,-5.9960938,-6.1757812,-6.3398438,-6.4257812,-6.5898438,-6.1640625,-6.703125,-6.9179688,-8.3125,-8.578125,-8.8203125,-8.964844,-9.222656,-8.550781,-9.3203125,-9.671875,-8.9140625,-9.113281,-9.40625,-9.5859375,-9.84375,-9.171875,-9.933594,-10.28125,-12.378906,-12.7109375,-13.128906,-13.3359375,-13.785156,-12.730469,-13.859375,-14.3984375
2055.5,-3.140625,-3.265625,-3.3359375,-3.3867188,-3.5078125,-3.2578125,-3.5195312,-3.6210938,-4.421875,-4.578125,-4.6914062,-4.7539062,-4.9414062,-4.5625,-4.9765625,-5.1328125,-6.0703125,-6.265625,-6.4492188,-6.5390625,-6.7226562,-6.2734375,-6.8398438,-7.0664062,-8.519531,-8.816406,-9.082031,-9.238281,-9.5234375,-8.816406,-9.628906,-10.0078125,-9.0234375,-9.246094,-9.566406,-9.753906,-10.035156,-9.339844,-10.1328125,-10.4921875,-12.6953125,-13.066406,-13.527344,-13.746094,-14.2421875,-13.128906,-14.3203125,-14.890625
2056.5,-3.171875,-3.3125,-3.3867188,-3.4335938,-3.5703125,-3.3046875,-3.578125,-3.6835938,-4.5078125,-4.6835938,-4.8046875,-4.8710938,-5.0820312,-4.6796875,-5.1132812,-5.28125,-6.1289062,-6.3476562,-6.5429688,-6.6445312,-6.8398438,-6.3710938,-6.9570312,-7.1992188,-8.6875,-9.015625,-9.3046875,-9.472656,-9.7890625,-9.042969,-9.8984375,-10.296875,-9.113281,-9.3671875,-9.703125,-9.90625,-10.214844,-9.488281,-10.3046875,-10.683594,-12.949219,-13.3671875,-13.859375,-14.09375,-14.636719,-13.464844,-14.714844,-15.316406
2057.5,-3.1953125,-3.3476562,-3.4335938,-3.4804688,-3.625,-3.3476562,-3.6289062,-3.75,-4.578125,-4.7695312,-4.90625,-4.96875,-5.203125,-4.7734375,-5.2304688,-5.4140625,-6.1796875,-6.4179688,-6.6289062,-6.7382812,-6.9453125,-6.4570312,-7.0585938,-7.3242188,-8.8203125,-9.1875,-9.496094,-9.675781,-10.019531,-9.238281,-10.125,-10.5546875,-9.1875,-9.464844,-9.828125,-10.046875,-10.375,-9.621094,-10.4609375,-10.859375,-13.15625,-13.621094,-14.144531,-14.402344,-14.980469,-13.7578125,-15.050781,-15.691406
2058.5,-3.2109375,-3.3828125,-3.4765625,-3.5195312,-3.6757812,-3.3867188,-3.671875,-3.8046875,-4.6328125,-4.84375,-4.9921875,-5.0546875,-5.3085938,-4.8632812,-5.3320312,-5.5234375,-6.21875,-6.4804688,-6.703125,-6.8164062,-7.0429688,-6.5390625,-7.1523438,-7.4296875,-8.9296875,-9.328125,-9.6640625,-9.84375,-10.222656,-9.40625,-10.328125,-10.769531,-9.246094,-9.5546875,-9.9375,-10.1640625,-10.5234375,-9.738281,-10.597656,-11.015625,-13.324219,-13.832031,-14.386719,-14.660156,-15.285156,-14.015625,-15.34375,-16.011719
2059.5,-3.2265625,-3.4101562,-3.5078125,-3.5546875,-3.7265625,-3.4179688,-3.71875,-3.8515625,-4.671875,-4.9023438,-5.0625,-5.125,-5.40625,-4.9335938,-5.4257812,-5.6210938,-6.25,-6.53125,-6.7617188,-6.8867188,-7.1289062,-6.6015625,-7.2382812,-7.5273438,-9.011719,-9.441406,-9.800781,-9.984375,-10.3984375,-9.546875,-10.5078125,-10.957031,-9.292969,-9.621094,-10.03125,-10.2578125,-10.652344,-9.839844,-10.7265625,-11.1484375,-13.453125,-14.003906,-14.589844,-14.875,-15.550781,-14.234375,-15.609375,-16.289062
2060.5,-3.234375,-3.4296875,-3.5390625,-3.578125,-3.765625,-3.453125,-3.7539062,-3.890625,-4.7070312,-4.9453125,-5.1171875,-5.1757812,-5.484375,-5.0,-5.5,-5.703125,-6.2695312,-6.5625,-6.8085938,-6.9335938,-7.1992188,-6.6601562,-7.3046875,-7.6054688,-9.078125,-9.527344,-9.910156,-10.09375,-10.542969,-9.675781,-10.65625,-11.1171875,-9.324219,-9.6640625,-10.1015625,-10.328125,-10.7578125,-9.925781,-10.832031,-11.261719,-13.542969,-14.128906,-14.753906,-15.0390625,-15.769531,-14.425781,-15.8203125,-16.519531
2061.5,-3.2382812,-3.4492188,-3.5585938,-3.6054688,-3.7929688,-3.4882812,-3.78125,-3.9296875,-4.7226562,-4.9804688,-5.1523438,-5.2265625,-5.5507812,-5.0625,-5.5585938,-5.7734375,-6.2734375,-6.5859375,-6.8359375,-6.9765625,-7.2578125,-6.71875,-7.3515625,-7.6757812,-9.113281,-9.59375,-9.988281,-10.183594,-10.660156,-9.785156,-10.7734375,-11.25,-9.332031,-9.699219,-10.144531,-10.386719,-10.84375,-10.003906,-10.910156,-11.359375,-13.59375,-14.21875,-14.875,-15.171875,-15.949219,-14.5859375,-15.9921875,-16.707031
2062.5,-3.2265625,-3.4492188,-3.5664062,-3.6171875,-3.8164062,-3.5117188,-3.8007812,-3.953125,-4.7226562,-4.9960938,-5.171875,-5.2578125,-5.6054688,-5.109375,-5.609375,-5.828125,-6.2617188,-6.5898438,-6.8476562,-7.0,-7.3007812,-6.7578125,-7.3945312,-7.7226562,-9.1171875,-9.6328125,-10.0390625,-10.2421875,-10.753906,-9.871094,-10.871094,-11.3515625,-9.3125,-9.707031,-10.167969,-10.421875,-10.910156,-10.0625,-10.9765625,-11.4296875,-13.6015625,-14.269531,-14.953125,-15.261719,-16.09375,-14.7109375,-16.128906,-16.855469
2063.5,-3.2148438,-3.4453125,-3.5664062,-3.625,-3.828125,-3.5273438,-3.8203125,-3.96875,-4.71875,-5.0039062,-5.1875,-5.2773438,-5.6445312,-5.1445312,-5.6445312,-5.8632812,-6.2382812,-6.5820312,-6.8515625,-7.0078125,-7.328125,-6.7851562,-7.4257812,-7.7539062,-9.105469,-9.6484375,-10.066406,-10.277344,-10.816406,-9.9296875,-10.9453125,-11.421875,-9.277344,-9.6953125,-10.171875,-10.4375,-10.953125,-10.09375,-11.0234375,-11.46875,-13.578125,-14.2890625,-14.988281,-15.316406,-16.191406,-14.792969,-16.230469,-16.953125
2064.5,-3.1992188,-3.4375,-3.5703125,-3.6210938,-3.8398438,-3.5390625,-3.8320312,-3.9726562,-4.6992188,-5.0,-5.1914062,-5.2773438,-5.6679688,-5.1640625,-5.6757812,-5.8828125,-6.203125,-6.5625,-6.84375,-6.9960938,-7.34375,-6.796875,-7.4414062,-7.7617188,-9.0703125,-9.640625,-10.074219,-10.28125,-10.859375,-9.96875,-10.996094,-11.457031,-9.2265625,-9.6640625,-10.160156,-10.421875,-10.9765625,-10.109375,-11.050781,-11.480469,-13.5234375,-14.277344,-14.996094,-15.324219,-16.257812,-14.847656,-16.292969,-17.0
2065.5,-3.1757812,-3.421875,-3.5546875,-3.6054688,-3.8359375,-3.5351562,-3.8359375,-3.9648438,-4.6679688,-4.984375,-5.1757812,-5.2578125,-5.6757812,-5.1679688,-5.6835938,-5.8789062,-6.1523438,-6.5273438,-6.8164062,-6.96875,-7.3359375,-6.7890625,-7.4335938,-7.75,-9.0078125,-9.605469,-10.050781,-10.2578125,-10.871094,-9.9765625,-11.011719,-11.4609375,-9.1484375,-9.609375,-10.1171875,-10.3828125,-10.972656,-10.1015625,-11.042969,-11.4609375,-13.4296875,-14.230469,-14.957031,-15.296875,-16.273438,-14.8515625,-16.308594,-17.0
2066.5,-3.1484375,-3.3984375,-3.5351562,-3.5898438,-3.828125,-3.53125,-3.8320312,-3.9492188,-4.6289062,-4.9570312,-5.1523438,-5.234375,-5.6757812,-5.1679688,-5.6796875,-5.8671875,-6.09375,-6.4804688,-6.7734375,-6.9296875,-7.3203125,-6.7773438,-7.4179688,-7.7265625,-8.9296875,-9.546875,-10.003906,-10.214844,-10.859375,-9.964844,-11.003906,-11.433594,-9.058594,-9.535156,-10.0546875,-10.3203125,-10.9453125,-10.0703125,-11.015625,-11.417969,-13.3125,-14.144531,-14.8828125,-15.2265625,-16.253906,-14.828125,-16.285156,-16.960938
2067.5,-3.109375,-3.3671875,-3.5,-3.5585938,-3.8085938,-3.5195312,-3.8125,-3.9257812,-4.578125,-4.9101562,-5.1132812,-5.1953125,-5.6523438,-5.15625,-5.65625,-5.8359375,-6.0195312,-6.4179688,-6.7148438,-6.8710938,-7.28125,-6.7460938,-7.375,-7.6835938,-8.828125,-9.4609375,-9.933594,-10.136719,-10.816406,-9.9296875,-10.9609375,-11.378906,-8.9453125,-9.4375,-9.96875,-10.230469,-10.886719,-10.019531,-10.9609375,-11.3515625,-13.15625,-14.0234375,-14.7734375,-15.1171875,-16.1875,-14.769531,-16.21875,-16.871094
2068.5,-3.0664062,-3.3242188,-3.4648438,-3.5273438,-3.7773438,-3.5039062,-3.7851562,-3.8867188,-4.5117188,-4.8554688,-5.0585938,-5.1484375,-5.6132812,-5.1328125,-5.6171875,-5.7851562,-5.9296875,-6.3398438,-6.640625,-6.8007812,-7.2226562,-6.703125,-7.3164062,-7.6132812,-8.703125,-9.355469,-9.8359375,-10.0390625,-10.7421875,-9.871094,-10.890625,-11.285156,-8.8125,-9.324219,-9.859375,-10.121094,-10.808594,-9.949219,-10.875,-11.246094,-12.96875,-13.871094,-14.621094,-14.964844,-16.082031,-14.675781,-16.109375,-16.730469
2069.5,-3.0195312,-3.28125,-3.4179688,-3.484375,-3.7421875,-3.4765625,-3.7421875,-3.8398438,-4.4414062,-4.7929688,-4.9960938,-5.0859375,-5.5585938,-5.09375,-5.5625,-5.71875,-5.8359375,-6.2539062,-6.5546875,-6.7109375,-7.1523438,-6.6484375,-7.2304688,-7.5273438,-8.566406,-9.234375,-9.714844,-9.917969,-10.6484375,-9.785156,-10.7890625,-11.1640625,-8.667969,-9.1953125,-9.730469,-9.988281,-10.703125,-9.855469,-10.7578125,-11.113281,-12.7578125,-13.6875,-14.4453125,-14.777344,-15.9375,-14.550781,-15.957031,-16.546875
2070.5,-2.9726562,-3.2265625,-3.3671875,-3.4453125,-3.6992188,-3.4492188,-3.6992188,-3.7890625,-4.3710938,-4.7226562,-4.9257812,-5.0234375,-5.4921875,-5.0507812,-5.4960938,-5.6484375,-5.734375,-6.15625,-6.4570312,-6.6210938,-7.0625,-6.5820312,-7.140625,-7.4335938,-8.417969,-9.09375,-9.578125,-9.7890625,-10.527344,-9.691406,-10.667969,-11.0234375,-8.519531,-9.046875,-9.5859375,-9.8515625,-10.578125,-9.75,-10.625,-10.96875,-12.535156,-13.4765625,-14.2421875,-14.574219,-15.765625,-14.402344,-15.78125,-16.335938
2071.5,-2.9179688,-3.171875,-3.3164062,-3.3945312,-3.6484375,-3.421875,-3.6484375,-3.7265625,-4.2929688,-4.640625,-4.8515625,-4.9414062,-5.4179688,-5.0,-5.4257812,-5.5625,-5.6289062,-6.0507812,-6.3554688,-6.5234375,-6.9648438,-6.5117188,-7.0429688,-7.3203125,-8.265625,-8.9375,-9.4296875,-9.644531,-10.390625,-9.5859375,-10.535156,-10.8671875,-8.363281,-8.890625,-9.4375,-9.699219,-10.4375,-9.636719,-10.480469,-10.8046875,-12.300781,-13.25,-14.019531,-14.347656,-15.5625,-14.238281,-15.582031,-16.09375
2072.5,-2.859375,-3.109375,-3.2578125,-3.3398438,-3.5898438,-3.3789062,-3.5976562,-3.6640625,-4.2070312,-4.5546875,-4.765625,-4.859375,-5.3320312,-4.9414062,-5.3515625,-5.4726562,-5.5195312,-5.9375,-6.2460938,-6.421875,-6.8632812,-6.4296875,-6.9296875,-7.203125,-8.1015625,-8.769531,-9.269531,-9.488281,-10.234375,-9.464844,-10.3828125,-10.691406,-8.199219,-8.71875,-9.2734375,-9.542969,-10.277344,-9.5078125,-10.3203125,-10.628906,-12.0546875,-13.0,-13.78125,-14.109375,-15.339844,-14.050781,-15.359375,-15.828125
2073.5,-2.8007812,-3.0429688,-3.1992188,-3.2773438,-3.53125,-3.3398438,-3.5390625,-3.5976562,-4.125,-4.4570312,-4.6757812,-4.7734375,-5.2460938,-4.875,-5.2695312,-5.3710938,-5.40625,-5.8164062,-6.1289062,-6.3046875,-6.7460938,-6.34375,-6.8085938,-7.0820312,-7.9335938,-8.59375,-9.097656,-9.3203125,-10.0703125,-9.328125,-10.214844,-10.503906,-8.03125,-8.5390625,-9.1015625,-9.3671875,-10.109375,-9.371094,-10.1484375,-10.4375,-11.8046875,-12.7421875,-13.53125,-13.855469,-15.09375,-13.847656,-15.109375,-15.546875
2074.5,-2.7382812,-2.9804688,-3.1367188,-3.21875,-3.46875,-3.2929688,-3.4765625,-3.5234375,-4.0351562,-4.3632812,-4.5859375,-4.6835938,-5.1523438,-4.8007812,-5.1796875,-5.265625,-5.2890625,-5.6953125,-6.0117188,-6.1914062,-6.625,-6.2421875,-6.6796875,-6.9453125,-7.7578125,-8.4140625,-8.921875,-9.144531,-9.890625,-9.1796875,-10.035156,-10.300781,-7.8554688,-8.359375,-8.925781,-9.191406,-9.9296875,-9.214844,-9.964844,-10.234375,-11.542969,-12.472656,-13.265625,-13.589844,-14.832031,-13.625,-14.847656,-15.2421875
2075.5,-2.6796875,-2.9140625,-3.0742188,-3.1601562,-3.4023438,-3.2460938,-3.4179688,-3.4453125,-3.9453125,-4.2695312,-4.4882812,-4.5898438,-5.0507812,-4.7226562,-5.0898438,-5.1484375,-5.171875,-5.5703125,-5.8867188,-6.0703125,-6.4960938,-6.140625,-6.546875,-6.8046875,-7.5859375,-8.2265625,-8.734375,-8.9609375,-9.699219,-9.0234375,-9.847656,-10.0859375,-7.6835938,-8.175781,-8.738281,-9.011719,-9.734375,-9.0546875,-9.765625,-10.0234375,-11.28125,-12.1953125,-12.988281,-13.316406,-14.546875,-13.390625,-14.5703125,-14.925781
2076.5,-2.6210938,-2.8476562,-3.0078125,-3.0976562,-3.3320312,-3.1914062,-3.3515625,-3.3554688,-3.8554688,-4.1679688,-4.390625,-4.4882812,-4.9414062,-4.640625,-4.9882812,-5.0273438,-5.0585938,-5.4414062,-5.7578125,-5.9414062,-6.359375,-6.0273438,-6.4179688,-6.6523438,-7.4140625,-8.0390625,-8.546875,-8.769531,-9.488281,-8.8515625,-9.6484375,-9.859375,-7.5078125,-7.9882812,-8.546875,-8.8203125,-9.53125,-8.8828125,-9.566406,-9.796875,-11.015625,-11.9140625,-12.703125,-13.027344,-14.246094,-13.140625,-14.277344,-14.589844
2077.5,-2.5625,-2.7773438,-2.9414062,-3.0273438,-3.2539062,-3.1445312,-3.28125,-3.2734375,-3.765625,-4.0703125,-4.2929688,-4.3828125,-4.828125,-4.5546875,-4.8789062,-4.90625,-4.9414062,-5.3203125,-5.6289062,-5.8085938,-6.21875,-5.9179688,-6.2734375,-6.5,-7.2382812,-7.8515625,-8.3515625,-8.566406,-9.277344,-8.6796875,-9.433594,-9.625,-7.3320312,-7.8046875,-8.355469,-8.621094,-9.3203125,-8.707031,-9.355469,-9.5703125,-10.75,-11.6328125,-12.4140625,-12.722656,-13.933594,-12.8828125,-13.964844,-14.246094
2078.5,-2.5039062,-2.7109375,-2.8710938,-2.9570312,-3.1757812,-3.0898438,-3.2109375,-3.1835938,-3.671875,-3.9765625,-4.1875,-4.28125,-4.7148438,-4.4648438,-4.7734375,-4.7773438,-4.8203125,-5.1992188,-5.4882812,-5.6796875,-6.0703125,-5.796875,-6.1289062,-6.3398438,-7.0585938,-7.6601562,-8.144531,-8.363281,-9.0546875,-8.5,-9.214844,-9.3828125,-7.1523438,-7.6210938,-8.1484375,-8.417969,-9.097656,-8.5234375,-9.136719,-9.324219,-10.480469,-11.3515625,-12.105469,-12.417969,-13.605469,-12.613281,-13.640625,-13.8828125
2079.5,-2.4414062,-2.640625,-2.8007812,-2.8828125,-3.09375,-3.0273438,-3.1328125,-3.0976562,-3.5820312,-3.875,-4.078125,-4.171875,-4.59375,-4.3671875,-4.65625,-4.6523438,-4.6992188,-5.0742188,-5.3515625,-5.5351562,-5.9140625,-5.671875,-5.9726562,-6.1796875,-6.8828125,-7.46875,-7.9375,-8.1484375,-8.8203125,-8.3046875,-8.984375,-9.140625,-6.9765625,-7.4335938,-7.9414062,-8.207031,-8.8671875,-8.328125,-8.90625,-9.082031,-10.2109375,-11.066406,-11.796875,-12.1015625,-13.261719,-12.324219,-13.300781,-13.515625
2080.5,-2.3789062,-2.5742188,-2.7304688,-2.8085938,-3.0117188,-2.9648438,-3.0546875,-3.0039062,-3.484375,-3.7734375,-3.9726562,-4.0625,-4.46875,-4.2695312,-4.5351562,-4.5195312,-4.578125,-4.9453125,-5.2148438,-5.390625,-5.7578125,-5.5390625,-5.8164062,-6.0117188,-6.6992188,-7.2734375,-7.7265625,-7.9335938,-8.5859375,-8.105469,-8.75,-8.8828125,-6.796875,-7.2421875,-7.734375,-7.9921875,-8.6328125,-8.128906,-8.675781,-8.832031,-9.9375,-10.7734375,-11.484375,-11.777344,-12.910156,-12.027344,-12.949219,-13.1328125
2081.5,-2.3164062,-2.5039062,-2.65625,-2.734375,-2.9257812,-2.8984375,-2.984375,-2.9101562,-3.390625,-3.671875,-3.859375,-3.9492188,-4.3398438,-4.1640625,-4.421875,-4.375,-4.4570312,-4.8164062,-5.0703125,-5.2460938,-5.59375,-5.4023438,-5.6640625,-5.8359375,-6.515625,-7.0703125,-7.5117188,-7.7148438,-8.339844,-7.8945312,-8.515625,-8.621094,-6.6171875,-7.046875,-7.5234375,-7.7773438,-8.390625,-7.921875,-8.4453125,-8.5703125,-9.6640625,-10.4765625,-11.1640625,-11.449219,-12.546875,-11.71875,-12.59375,-12.734375
2082.5,-2.2578125,-2.4296875,-2.5742188,-2.65625,-2.8398438,-2.8359375,-2.90625,-2.8125,-3.296875,-3.5664062,-3.7421875,-3.8359375,-4.2070312,-4.0546875,-4.3007812,-4.2304688,-4.3359375,-4.6875,-4.9179688,-5.1015625,-5.4257812,-5.2617188,-5.5039062,-5.6523438,-6.3359375,-6.8710938,-7.2890625,-7.4960938,-8.089844,-7.6796875,-8.269531,-8.34375,-6.4414062,-6.8554688,-7.3007812,-7.5585938,-8.140625,-7.7109375,-8.203125,-8.3046875,-9.390625,-10.1796875,-10.8359375,-11.1171875,-12.175781,-11.3984375,-12.21875,-12.328125
2083.5,-2.1914062,-2.3632812,-2.4960938,-2.5859375,-2.7539062,-2.7695312,-2.8203125,-2.7148438,-3.1992188,-3.4648438,-3.625,-3.7265625,-4.0742188,-3.9492188,-4.171875,-4.0820312,-4.2148438,-4.5625,-4.7695312,-4.9570312,-5.2578125,-5.125,-5.3359375,-5.4726562,-6.1484375,-6.6757812,-7.0664062,-7.2773438,-7.8359375,-7.4648438,-8.015625,-8.0703125,-6.2578125,-6.6679688,-7.0859375,-7.3398438,-7.890625,-7.4960938,-7.9492188,-8.03125,-9.113281,-9.886719,-10.5078125,-10.7890625,-11.796875,-11.074219,-11.8359375,-11.917969
2084.5,-2.1328125,-2.2929688,-2.421875,-2.5078125,-2.6601562,-2.6953125,-2.7382812,-2.609375,-3.1054688,-3.359375,-3.5117188,-3.609375,-3.9335938,-3.8359375,-4.0429688,-3.9296875,-4.0976562,-4.4296875,-4.6210938,-4.8007812,-5.0898438,-4.9726562,-5.1640625,-5.2851562,-5.96875,-6.4765625,-6.8476562,-7.0429688,-7.5742188,-7.234375,-7.7578125,-7.78125,-6.078125,-6.4726562,-6.8671875,-7.109375,-7.6367188,-7.265625,-7.6953125,-7.75,-8.839844,-9.5859375,-10.175781,-10.4453125,-11.40625,-10.730469,-11.449219,-11.488281
2085.5,-2.0703125,-2.2265625,-2.34375,-2.421875,-2.5664062,-2.625,-2.6484375,-2.5078125,-3.0117188,-3.2578125,-3.3945312,-3.484375,-3.7929688,-3.71875,-3.90625,-3.7734375,-3.9765625,-4.3007812,-4.4726562,-4.640625,-4.9140625,-4.8203125,-4.9882812,-5.0898438,-5.78125,-6.2773438,-6.6210938,-6.8046875,-7.3125,-7.0,-7.4882812,-7.4921875,-5.8984375,-6.28125,-6.6445312,-6.8789062,-7.375,-7.0390625,-7.4335938,-7.46875,-8.5703125,-9.2890625,-9.839844,-10.089844,-11.011719,-10.3828125,-11.046875,-11.058594
2086.5,-2.0039062,-2.1523438,-2.265625,-2.34375,-2.4726562,-2.5546875,-2.5585938,-2.3984375,-2.9140625,-3.1445312,-3.2734375,-3.359375,-3.6523438,-3.6015625,-3.7734375,-3.6132812,-3.8554688,-4.1640625,-4.3203125,-4.4804688,-4.7421875,-4.6679688,-4.8164062,-4.8945312,-5.5976562,-6.0703125,-6.3945312,-6.5664062,-7.046875,-6.7617188,-7.21875,-7.1914062,-5.71875,-6.0820312,-6.4257812,-6.6445312,-7.1171875,-6.8085938,-7.171875,-7.1757812,-8.296875,-8.984375,-9.503906,-9.738281,-10.613281,-10.03125,-10.640625,-10.613281
2087.5,-1.9453125,-2.0820312,-2.1875,-2.2617188,-2.3789062,-2.4804688,-2.4609375,-2.2929688,-2.8164062,-3.0390625,-3.15625,-3.234375,-3.5117188,-3.4804688,-3.6328125,-3.4570312,-3.734375,-4.0351562,-4.171875,-4.3164062,-4.5664062,-4.5117188,-4.6367188,-4.6953125,-5.4179688,-5.8671875,-6.1679688,-6.3242188,-6.7734375,-6.5195312,-6.9453125,-6.8945312,-5.5429688,-5.8867188,-6.2070312,-6.40625,-6.8476562,-6.5664062,-6.9023438,-6.8789062,-8.03125,-8.683594,-9.167969,-9.371094,-10.207031,-9.667969,-10.222656,-10.167969
2088.5,-1.8828125,-2.0117188,-2.109375,-2.1796875,-2.2851562,-2.3984375,-2.3671875,-2.1875,-2.7226562,-2.9335938,-3.0351562,-3.109375,-3.3632812,-3.3554688,-3.4882812,-3.296875,-3.6171875,-3.9023438,-4.015625,-4.15625,-4.3828125,-4.3515625,-4.4492188,-4.4960938,-5.2382812,-5.6640625,-5.9335938,-6.0820312,-6.4960938,-6.265625,-6.6640625,-6.5859375,-5.3671875,-5.6914062,-5.9804688,-6.1679688,-6.578125,-6.3164062,-6.6289062,-6.578125,-7.7617188,-8.3828125,-8.824219,-9.011719,-9.7890625,-9.292969,-9.796875,-9.714844
2089.5,-1.8203125,-1.9375,-2.0273438,-2.0976562,-2.1835938,-2.3164062,-2.2734375,-2.0742188,-2.625,-2.8242188,-2.9140625,-2.984375,-3.2109375,-3.21875,-3.34375,-3.1289062,-3.4960938,-3.7617188,-3.859375,-3.9921875,-4.1953125,-4.1835938,-4.265625,-4.2851562,-5.0546875,-5.4570312,-5.6992188,-5.8359375,-6.2070312,-6.0039062,-6.3789062,-6.2734375,-5.1875,-5.4882812,-5.7539062,-5.9296875,-6.296875,-6.0625,-6.3515625,-6.2734375,-7.4921875,-8.074219,-8.4765625,-8.644531,-9.363281,-8.902344,-9.3671875,-9.246094
2090.5,-1.765625,-1.8671875,-1.9492188,-2.0117188,-2.078125,-2.234375,-2.1796875,-1.9648438,-2.5351562,-2.7148438,-2.7929688,-2.8554688,-3.0546875,-3.09375,-3.203125,-2.9648438,-3.3828125,-3.6289062,-3.7070312,-3.8320312,-4.0078125,-4.0234375,-4.0820312,-4.078125,-4.8789062,-5.25,-5.4648438,-5.5898438,-5.9179688,-5.75,-6.0976562,-5.9609375,-5.015625,-5.2890625,-5.5234375,-5.6875,-6.015625,-5.8203125,-6.0742188,-5.9648438,-7.234375,-7.7695312,-8.136719,-8.277344,-8.933594,-8.527344,-8.941406,-8.78125
2091.5,-1.7109375,-1.8007812,-1.8710938,-1.9335938,-1.984375,-2.1523438,-2.0859375,-1.859375,-2.4492188,-2.6171875,-2.6757812,-2.734375,-2.9101562,-2.9609375,-3.0625,-2.8007812,-3.2734375,-3.5039062,-3.5585938,-3.6757812,-3.828125,-3.859375,-3.9023438,-3.8710938,-4.7148438,-5.0585938,-5.2382812,-5.3515625,-5.6445312,-5.4921875,-5.8203125,-5.6523438,-4.8554688,-5.1015625,-5.3007812,-5.4570312,-5.75,-5.5703125,-5.8007812,-5.6679688,-6.9882812,-7.4804688,-7.8007812,-7.921875,-8.5234375,-8.144531,-8.519531,-8.328125
2092.5,-1.65625,-1.7382812,-1.7929688,-1.8515625,-1.8867188,-2.0742188,-1.9921875,-1.7578125,-2.3671875,-2.5195312,-2.5585938,-2.6171875,-2.7617188,-2.8359375,-2.921875,-2.6484375,-3.171875,-3.3789062,-3.4140625,-3.5234375,-3.6484375,-3.703125,-3.7226562,-3.6757812,-4.5625,-4.8710938,-5.015625,-5.125,-5.3671875,-5.2460938,-5.546875,-5.359375,-4.703125,-4.9179688,-5.0859375,-5.234375,-5.4804688,-5.328125,-5.5351562,-5.3828125,-6.7578125,-7.1992188,-7.4765625,-7.5820312,-8.121094,-7.7773438,-8.109375,-7.8867188
2093.5,-1.6132812,-1.6757812,-1.7226562,-1.7773438,-1.8046875,-2.0,-1.90625,-1.6601562,-2.2929688,-2.4257812,-2.453125,-2.5,-2.6289062,-2.7148438,-2.7890625,-2.5,-3.078125,-3.2578125,-3.28125,-3.375,-3.4804688,-3.5507812,-3.5546875,-3.4882812,-4.4140625,-4.6914062,-4.8125,-4.9023438,-5.109375,-5.0078125,-5.2890625,-5.078125,-4.5625,-4.7460938,-4.8828125,-5.0195312,-5.234375,-5.0976562,-5.2851562,-5.1054688,-6.5429688,-6.9335938,-7.1757812,-7.2539062,-7.7382812,-7.421875,-7.7226562,-7.4648438
2094.5,-1.5625,-1.6171875,-1.6601562,-1.703125,-1.7226562,-1.921875,-1.8242188,-1.5664062,-2.21875,-2.3359375,-2.359375,-2.390625,-2.5,-2.5976562,-2.6679688,-2.3554688,-2.9882812,-3.1484375,-3.15625,-3.2382812,-3.3164062,-3.4023438,-3.3945312,-3.3085938,-4.2734375,-4.5195312,-4.6210938,-4.6953125,-4.859375,-4.78125,-5.0429688,-4.8085938,-4.4296875,-4.5820312,-4.6992188,-4.8164062,-4.9921875,-4.875,-5.0429688,-4.84375,-6.3359375,-6.6835938,-6.8945312,-6.9453125,-7.375,-7.0859375,-7.3515625,-7.0625
2095.5,-1.5234375,-1.5625,-1.59375,-1.6367188,-1.6445312,-1.8476562,-1.7460938,-1.4804688,-2.15625,-2.2539062,-2.2617188,-2.2890625,-2.375,-2.4882812,-2.546875,-2.2226562,-2.90625,-3.0429688,-3.0351562,-3.109375,-3.171875,-3.2617188,-3.2421875,-3.1367188,-4.1445312,-4.3632812,-4.4335938,-4.5039062,-4.6289062,-4.5664062,-4.8125,-4.5585938,-4.3046875,-4.4296875,-4.5195312,-4.6289062,-4.7734375,-4.6640625,-4.8164062,-4.5976562,-6.1445312,-6.453125,-6.625,-6.6601562,-7.0351562,-6.765625,-7.0039062,-6.6875
2096.5,-1.484375,-1.515625,-1.5351562,-1.578125,-1.5703125,-1.78125,-1.6757812,-1.3984375,-2.09375,-2.1796875,-2.1757812,-2.1992188,-2.2617188,-2.3828125,-2.4375,-2.1015625,-2.828125,-2.9492188,-2.921875,-2.9921875,-3.03125,-3.1328125,-3.1054688,-2.9765625,-4.0234375,-4.21875,-4.265625,-4.328125,-4.4101562,-4.3710938,-4.6015625,-4.3242188,-4.1875,-4.2890625,-4.3554688,-4.4570312,-4.5664062,-4.46875,-4.609375,-4.3710938,-5.96875,-6.2382812,-6.3789062,-6.3984375,-6.71875,-6.4726562,-6.6835938,-6.34375
2097.5,-1.4492188,-1.46875,-1.4765625,-1.5195312,-1.5117188,-1.71875,-1.609375,-1.3203125,-2.0351562,-2.109375,-2.0898438,-2.1132812,-2.1640625,-2.2890625,-2.3359375,-1.9882812,-2.7578125,-2.859375,-2.8164062,-2.8828125,-2.90625,-3.015625,-2.9726562,-2.828125,-3.9179688,-4.0820312,-4.1015625,-4.1640625,-4.2148438,-4.1875,-4.40625,-4.109375,-4.078125,-4.1601562,-4.1992188,-4.296875,-4.3828125,-4.2890625,-4.4179688,-4.15625,-5.8085938,-6.0429688,-6.1445312,-6.15625,-6.4335938,-6.1953125,-6.3867188,-6.0234375
2098.5,-1.4140625,-1.4296875,-1.4296875,-1.4648438,-1.4492188,-1.6679688,-1.5507812,-1.2460938,-1.984375,-2.046875,-2.015625,-2.0351562,-2.0664062,-2.2070312,-2.25,-1.8828125,-2.6914062,-2.78125,-2.7226562,-2.78125,-2.7929688,-2.9140625,-2.859375,-2.6953125,-3.8203125,-3.96875,-3.9609375,-4.015625,-4.03125,-4.0273438,-4.2304688,-3.9179688,-3.984375,-4.046875,-4.0625,-4.1523438,-4.2070312,-4.1289062,-4.2460938,-3.9648438,-5.6640625,-5.8710938,-5.9414062,-5.9335938,-6.1679688,-5.9570312,-6.125,-5.7382812
2099.5,-1.3828125,-1.3945312,-1.3867188,-1.421875,-1.3984375,-1.625,-1.5,-1.1835938,-1.9375,-1.9921875,-1.9492188,-1.96875,-1.984375,-2.1367188,-2.171875,-1.7929688,-2.6328125,-2.7109375,-2.640625,-2.6992188,-2.6914062,-2.8242188,-2.7578125,-2.5820312,-3.7304688,-3.8632812,-3.8359375,-3.8867188,-3.8789062,-3.8867188,-4.0820312,-3.75,-3.8945312,-3.9453125,-3.9375,-4.0273438,-4.0585938,-3.9921875,-4.0976562,-3.796875,-5.53125,-5.71875,-5.7578125,-5.7421875,-5.9375,-5.7460938,-5.8984375,-5.4882812
2100.5,-1.3632812,-1.3671875,-1.3476562,-1.3828125,-1.3515625,-1.5859375,-1.4570312,-1.1289062,-1.9023438,-1.9453125,-1.8945312,-1.9140625,-1.9101562,-2.0742188,-2.1054688,-1.7109375,-2.5820312,-2.6523438,-2.5703125,-2.6210938,-2.6054688,-2.7460938,-2.6679688,-2.4765625,-3.65625,-3.7773438,-3.7226562,-3.7734375,-3.7460938,-3.7617188,-3.9453125,-3.6015625,-3.8242188,-3.8554688,-3.8320312,-3.9179688,-3.9296875,-3.8671875,-3.9648438,-3.6523438,-5.421875,-5.5859375,-5.6015625,-5.5742188,-5.7382812,-5.5625,-5.6953125,-5.2734375
2101.5,-1.3359375,-1.3398438,-1.3125,-1.3476562,-1.3164062,-1.546875,-1.4140625,-1.078125,-1.8671875,-1.9023438,-1.84375,-1.8632812,-1.8515625,-2.015625,-2.046875,-1.6445312,-2.5390625,-2.6015625,-2.5039062,-2.5546875,-2.53125,-2.671875,-2.59375,-2.3828125,-3.5859375,-3.6992188,-3.625,-3.671875,-3.6328125,-3.6523438,-3.8320312,-3.46875,-3.7539062,-3.7773438,-3.7382812,-3.8203125,-3.8242188,-3.7617188,-3.8554688,-3.5273438,-5.3203125,-5.4726562,-5.4570312,-5.4257812,-5.5703125,-5.4023438,-5.5234375,-5.0859375
2102.5,-1.3164062,-1.3125,-1.28125,-1.3125,-1.2773438,-1.5195312,-1.3828125,-1.03125,-1.8359375,-1.8671875,-1.7890625,-1.8125,-1.796875,-1.9648438,-2.0,-1.5820312,-2.5,-2.5507812,-2.4453125,-2.4921875,-2.4648438,-2.6132812,-2.53125,-2.3046875,-3.5273438,-3.6289062,-3.5351562,-3.5742188,-3.53125,-3.5625,-3.734375,-3.359375,-3.6992188,-3.7109375,-3.6484375,-3.7304688,-3.7226562,-3.6679688,-3.7617188,-3.4179688,-5.2265625,-5.3671875,-5.3320312,-5.2851562,-5.4179688,-5.265625,-5.3710938,-4.9179688
2103.5,-1.296875,-1.2890625,-1.25,-1.2851562,-1.25,-1.4921875,-1.3554688,-0.99609375,-1.8046875,-1.8320312,-1.7421875,-1.7695312,-1.75,-1.9257812,-1.9570312,-1.53125,-2.4609375,-2.5039062,-2.3867188,-2.4375,-2.40625,-2.5585938,-2.4765625,-2.234375,-3.46875,-3.5625,-3.453125,-3.4921875,-3.4453125,-3.4804688,-3.6484375,-3.265625,-3.640625,-3.6445312,-3.5703125,-3.6484375,-3.6367188,-3.5898438,-3.6757812,-3.3242188,-5.1367188,-5.2734375,-5.2148438,-5.1679688,-5.2851562,-5.140625,-5.234375,-4.7773438
2104.5,-1.2773438,-1.2695312,-1.2265625,-1.2578125,-1.21875,-1.46875,-1.3320312,-0.9609375,-1.7734375,-1.796875,-1.703125,-1.7304688,-1.703125,-1.8867188,-1.9179688,-1.4804688,-2.421875,-2.4648438,-2.3398438,-2.3828125,-2.3476562,-2.5117188,-2.4257812,-2.1679688,-3.4179688,-3.5039062,-3.3867188,-3.4140625,-3.359375,-3.40625,-3.5703125,-3.1796875,-3.5898438,-3.5859375,-3.5,-3.5703125,-3.5546875,-3.515625,-3.6015625,-3.234375,-5.0546875,-5.1835938,-5.109375,-5.0507812,-5.1640625,-5.0273438,-5.1132812,-4.6445312
2105.5,-1.2578125,-1.2539062,-1.1992188,-1.234375,-1.1992188,-1.4492188,-1.3046875,-0.921875,-1.75,-1.7734375,-1.6640625,-1.6914062,-1.6640625,-1.8515625,-1.8789062,-1.4296875,-2.390625,-2.4296875,-2.296875,-2.3359375,-2.3007812,-2.46875,-2.3789062,-2.1015625,-3.3710938,-3.4492188,-3.3164062,-3.34375,-3.2890625,-3.3320312,-3.5039062,-3.09375,-3.5429688,-3.5351562,-3.4296875,-3.5,-3.4804688,-3.4453125,-3.53125,-3.1523438,-4.984375,-5.1054688,-5.0117188,-4.9453125,-5.0585938,-4.921875,-5.0039062,-4.5234375
2106.5,-1.2421875,-1.234375,-1.1757812,-1.2148438,-1.1757812,-1.4296875,-1.28125,-0.8984375,-1.7226562,-1.7421875,-1.6210938,-1.6601562,-1.6289062,-1.8242188,-1.8476562,-1.3945312,-2.359375,-2.3945312,-2.25,-2.2929688,-2.2539062,-2.4335938,-2.3359375,-2.0507812,-3.3242188,-3.3945312,-3.25,-3.2773438,-3.21875,-3.2734375,-3.4414062,-3.0195312,-3.4921875,-3.4804688,-3.3671875,-3.4414062,-3.4140625,-3.3867188,-3.46875,-3.0859375,-4.9101562,-5.0234375,-4.9179688,-4.8515625,-4.9570312,-4.828125,-4.90625,-4.4140625
2107.5,-1.2265625,-1.21875,-1.15625,-1.1914062,-1.1523438,-1.4101562,-1.265625,-0.875,-1.6992188,-1.7226562,-1.5898438,-1.6289062,-1.59375,-1.7929688,-1.8164062,-1.3554688,-2.3320312,-2.3632812,-2.2109375,-2.2539062,-2.2109375,-2.3984375,-2.296875,-2.0039062,-3.2851562,-3.3476562,-3.1914062,-3.2148438,-3.15625,-3.21875,-3.3828125,-2.953125,-3.453125,-3.4375,-3.3085938,-3.3789062,-3.3515625,-3.3359375,-3.4101562,-3.0195312,-4.8476562,-4.9570312,-4.8359375,-4.7578125,-4.8671875,-4.7460938,-4.8164062,-4.3164062
2108.5,-1.2148438,-1.2070312,-1.1367188,-1.171875,-1.1289062,-1.3945312,-1.2460938,-0.8515625,-1.6796875,-1.6992188,-1.5546875,-1.6015625,-1.5585938,-1.7695312,-1.7851562,-1.3203125,-2.3046875,-2.3320312,-2.1757812,-2.2148438,-2.171875,-2.3671875,-2.2578125,-1.9570312,-3.2460938,-3.3046875,-3.1367188,-3.1601562,-3.1015625,-3.1679688,-3.328125,-2.890625,-3.4179688,-3.390625,-3.2578125,-3.3242188,-3.296875,-3.28125,-3.3554688,-2.9570312,-4.7890625,-4.890625,-4.7617188,-4.671875,-4.7851562,-4.671875,-4.7304688,-4.2226562
2109.5,-1.203125,-1.1875,-1.1132812,-1.1523438,-1.109375,-1.3867188,-1.2265625,-0.8359375,-1.6640625,-1.6757812,-1.5234375,-1.578125,-1.5273438,-1.75,-1.7578125,-1.296875,-2.2851562,-2.3007812,-2.140625,-2.1835938,-2.1328125,-2.3398438,-2.21875,-1.921875,-3.2109375,-3.2617188,-3.0859375,-3.109375,-3.046875,-3.125,-3.2773438,-2.8398438,-3.3828125,-3.3515625,-3.203125,-3.2734375,-3.2421875,-3.2382812,-3.3046875,-2.9023438,-4.734375,-4.8242188,-4.6835938,-4.5976562,-4.7070312,-4.6015625,-4.6484375,-4.140625
2110.5,-1.1875,-1.1757812,-1.0976562,-1.1367188,-1.0976562,-1.3710938,-1.2109375,-0.81640625,-1.6445312,-1.6523438,-1.4921875,-1.5507812,-1.5039062,-1.7226562,-1.7304688,-1.2734375,-2.2578125,-2.2734375,-2.1054688,-2.1484375,-2.0976562,-2.3085938,-2.1875,-1.8867188,-3.1757812,-3.2226562,-3.0351562,-3.0625,-2.9960938,-3.0742188,-3.2304688,-2.7890625,-3.34375,-3.3085938,-3.15625,-3.2226562,-3.1914062,-3.1875,-3.2539062,-2.8554688,-4.6796875,-4.7617188,-4.6132812,-4.5234375,-4.6367188,-4.53125,-4.578125,-4.0625
2111.5,-1.171875,-1.1601562,-1.0820312,-1.1210938,-1.0742188,-1.3632812,-1.1914062,-0.80078125,-1.625,-1.6328125,-1.4648438,-1.5273438,-1.4765625,-1.703125,-1.7109375,-1.25,-2.2304688,-2.2460938,-2.078125,-2.1171875,-2.0625,-2.28125,-2.15625,-1.8515625,-3.1367188,-3.1835938,-2.9882812,-3.015625,-2.9492188,-3.0351562,-3.1875,-2.7421875,-3.3085938,-3.2734375,-3.109375,-3.1757812,-3.1445312,-3.1445312,-3.2148438,-2.8085938,-4.625,-4.7070312,-4.5507812,-4.453125,-4.5625,-4.46875,-4.5117188,-3.9882812
2112.5,-1.1601562,-1.1484375,-1.0664062,-1.1015625,-1.0625,-1.3515625,-1.1835938,-0.78125,-1.609375,-1.6171875,-1.4414062,-1.5039062,-1.453125,-1.6796875,-1.6875,-1.2226562,-2.2109375,-2.2226562,-2.046875,-2.0859375,-2.03125,-2.2578125,-2.1328125,-1.8164062,-3.1054688,-3.1484375,-2.9453125,-2.96875,-2.9023438,-2.9960938,-3.1523438,-2.6953125,-3.2773438,-3.2382812,-3.0664062,-3.1289062,-3.1015625,-3.1015625,-3.1757812,-2.7617188,-4.5742188,-4.65625,-4.4882812,-4.3828125,-4.4960938,-4.40625,-4.4492188,-3.9140625
2113.5,-1.1484375,-1.140625,-1.046875,-1.0898438,-1.0507812,-1.34375,-1.1679688,-0.765625,-1.59375,-1.6054688,-1.4140625,-1.4804688,-1.4335938,-1.6640625,-1.6601562,-1.1992188,-2.1875,-2.203125,-2.015625,-2.0585938,-2.0,-2.234375,-2.1015625,-1.78125,-3.0742188,-3.1171875,-2.9023438,-2.9257812,-2.8554688,-2.9570312,-3.1132812,-2.65625,-3.2460938,-3.2070312,-3.0234375,-3.0898438,-3.0585938,-3.0664062,-3.1328125,-2.71875,-4.5273438,-4.609375,-4.4257812,-4.3242188,-4.4335938,-4.3515625,-4.3867188,-3.8515625
2114.5,-1.1445312,-1.1289062,-1.0351562,-1.0742188,-1.03125,-1.3320312,-1.15625,-0.74609375,-1.5820312,-1.5898438,-1.3945312,-1.4609375,-1.40625,-1.6484375,-1.6367188,-1.1757812,-2.171875,-2.1835938,-1.9921875,-2.03125,-1.96875,-2.2109375,-2.0742188,-1.7460938,-3.0507812,-3.0859375,-2.8671875,-2.8867188,-2.8125,-2.921875,-3.0703125,-2.6132812,-3.2226562,-3.1796875,-2.984375,-3.046875,-3.015625,-3.03125,-3.0898438,-2.6796875,-4.484375,-4.5625,-4.375,-4.2617188,-4.3710938,-4.296875,-4.3320312,-3.7929688
2115.5,-1.1328125,-1.1171875,-1.0234375,-1.0625,-1.015625,-1.328125,-1.140625,-0.73046875,-1.5664062,-1.5703125,-1.375,-1.4414062,-1.3828125,-1.6367188,-1.6171875,-1.15625,-2.1523438,-2.1601562,-1.96875,-2.0039062,-1.9375,-2.1914062,-2.0546875,-1.71875,-3.0234375,-3.0546875,-2.8320312,-2.8476562,-2.7734375,-2.890625,-3.0390625,-2.578125,-3.1953125,-3.1445312,-2.9492188,-3.0078125,-2.9765625,-3.0,-3.0546875,-2.6445312,-4.4375,-4.515625,-4.3242188,-4.2070312,-4.3164062,-4.25,-4.28125,-3.734375
2116.5,-1.1210938,-1.1054688,-1.0117188,-1.0507812,-1.0078125,-1.3242188,-1.1328125,-0.71484375,-1.5507812,-1.5585938,-1.3554688,-1.4257812,-1.3632812,-1.625,-1.6015625,-1.1367188,-2.1328125,-2.140625,-1.9453125,-1.9804688,-1.9101562,-2.1757812,-2.03125,-1.6875,-3.0,-3.0273438,-2.796875,-2.8125,-2.7382812,-2.8632812,-3.0078125,-2.5429688,-3.171875,-3.1171875,-2.9140625,-2.9726562,-2.9414062,-2.9726562,-3.0234375,-2.6132812,-4.3984375,-4.4726562,-4.2773438,-4.1523438,-4.265625,-4.2070312,-4.2382812,-3.6835938
2117.5,-1.1132812,-1.09375,-0.99609375,-1.0429688,-1.0,-1.3203125,-1.125,-0.703125,-1.5390625,-1.5429688,-1.3359375,-1.4101562,-1.34375,-1.609375,-1.5820312,-1.1132812,-2.1171875,-2.125,-1.921875,-1.9570312,-1.8867188,-2.15625,-2.0078125,-1.65625,-2.9726562,-3.0,-2.7617188,-2.78125,-2.703125,-2.828125,-2.9765625,-2.5078125,-3.1445312,-3.0898438,-2.8789062,-2.9414062,-2.90625,-2.9414062,-2.9882812,-2.578125,-4.359375,-4.4335938,-4.2304688,-4.1054688,-4.2148438,-4.1601562,-4.1875,-3.6289062
2118.5,-1.1054688,-1.0859375,-0.984375,-1.03125,-0.98828125,-1.3164062,-1.1171875,-0.6953125,-1.5273438,-1.53125,-1.3164062,-1.3984375,-1.328125,-1.5976562,-1.5664062,-1.09375,-2.1054688,-2.109375,-1.8984375,-1.9375,-1.8632812,-2.140625,-1.9921875,-1.6328125,-2.953125,-2.9726562,-2.7265625,-2.7539062,-2.6679688,-2.8046875,-2.9453125,-2.4804688,-3.1210938,-3.0625,-2.84375,-2.9140625,-2.8710938,-2.9140625,-2.9570312,-2.5546875,-4.3242188,-4.3984375,-4.1835938,-4.0546875,-4.1640625,-4.1171875,-4.1445312,-3.5820312
2119.5,-1.0976562,-1.078125,-0.97265625,-1.015625,-0.98046875,-1.3085938,-1.1054688,-0.6875,-1.515625,-1.515625,-1.3007812,-1.3789062,-1.3125,-1.5859375,-1.5507812,-1.0859375,-2.0859375,-2.0898438,-1.875,-1.9140625,-1.84375,-2.1210938,-1.96875,-1.6132812,-2.9296875,-2.9453125,-2.6914062,-2.71875,-2.6367188,-2.7734375,-2.9140625,-2.4570312,-3.0976562,-3.0351562,-2.8085938,-2.8789062,-2.8398438,-2.8789062,-2.921875,-2.53125,-4.2851562,-4.359375,-4.140625,-4.0078125,-4.125,-4.0703125,-4.1015625,-3.5429688
2120.5,-1.0898438,-1.0664062,-0.96484375,-1.0078125,-0.96875,-1.3046875,-1.0976562,-0.671875,-1.5039062,-1.5,-1.2851562,-1.3671875,-1.2929688,-1.5742188,-1.53125,-1.0703125,-2.0742188,-2.0703125,-1.8554688,-1.8945312,-1.8203125,-2.1054688,-1.9453125,-1.5898438,-2.90625,-2.921875,-2.6640625,-2.6914062,-2.6054688,-2.75,-2.8828125,-2.4257812,-3.0742188,-3.0078125,-2.7773438,-2.8515625,-2.8046875,-2.8515625,-2.890625,-2.4960938,-4.25,-4.3203125,-4.1015625,-3.9648438,-4.0742188,-4.0273438,-4.0585938,-3.5
2121.5,-1.078125,-1.0585938,-0.94921875,-0.99609375,-0.95703125,-1.296875,-1.09375,-0.66796875,-1.4921875,-1.4882812,-1.265625,-1.3476562,-1.2773438,-1.5625,-1.5234375,-1.0585938,-2.0546875,-2.0546875,-1.8359375,-1.8710938,-1.796875,-2.0859375,-1.9296875,-1.5703125,-2.8789062,-2.8945312,-2.6328125,-2.65625,-2.5742188,-2.7226562,-2.859375,-2.3984375,-3.046875,-2.984375,-2.7421875,-2.8203125,-2.7734375,-2.8242188,-2.8671875,-2.46875,-4.2109375,-4.2851562,-4.0546875,-3.9179688,-4.03125,-3.984375,-4.0234375,-3.4570312
2122.5,-1.0703125,-1.046875,-0.9375,-0.984375,-0.9453125,-1.2890625,-1.0859375,-0.66015625,-1.484375,-1.4765625,-1.25,-1.3320312,-1.2578125,-1.5507812,-1.5078125,-1.046875,-2.046875,-2.0390625,-1.8164062,-1.8515625,-1.7734375,-2.0742188,-1.9140625,-1.5507812,-2.859375,-2.8710938,-2.6054688,-2.625,-2.5429688,-2.6953125,-2.8320312,-2.375,-3.0273438,-2.9609375,-2.7148438,-2.7890625,-2.7460938,-2.796875,-2.8398438,-2.4492188,-4.1796875,-4.25,-4.0195312,-3.875,-3.9921875,-3.9414062,-3.984375,-3.4179688
2123.5,-1.0664062,-1.0429688,-0.92578125,-0.9765625,-0.93359375,-1.2851562,-1.0820312,-0.65625,-1.4765625,-1.4648438,-1.2304688,-1.3203125,-1.2421875,-1.5429688,-1.4921875,-1.0351562,-2.03125,-2.0273438,-1.7929688,-1.8320312,-1.7578125,-2.0585938,-1.8945312,-1.53125,-2.8398438,-2.8515625,-2.5742188,-2.6054688,-2.515625,-2.671875,-2.8046875,-2.3515625,-3.0078125,-2.9414062,-2.6835938,-2.765625,-2.71875,-2.7734375,-2.8085938,-2.421875,-4.1445312,-4.21875,-3.9804688,-3.8359375,-3.953125,-3.9023438,-3.9453125,-3.3789062
2124.5,-1.0585938,-1.0390625,-0.91015625,-0.96875,-0.9296875,-1.28125,-1.0742188,-0.65234375,-1.4648438,-1.4570312,-1.2148438,-1.3085938,-1.2382812,-1.5351562,-1.4804688,-1.0195312,-2.0195312,-2.0117188,-1.7695312,-1.8164062,-1.7421875,-2.0429688,-1.8789062,-1.5195312,-2.8164062,-2.8320312,-2.546875,-2.578125,-2.4882812,-2.6523438,-2.78125,-2.328125,-2.984375,-2.921875,-2.6523438,-2.7382812,-2.6953125,-2.75,-2.78125,-2.40625,-4.109375,-4.1875,-3.9414062,-3.796875,-3.921875,-3.8671875,-3.9101562,-3.34375
2125.5,-1.0507812,-1.03125,-0.90234375,-0.95703125,-0.91796875,-1.2773438,-1.0703125,-0.64453125,-1.453125,-1.4492188,-1.203125,-1.2929688,-1.2265625,-1.5234375,-1.4726562,-1.0078125,-2.0,-2.0,-1.7539062,-1.7929688,-1.7265625,-2.03125,-1.859375,-1.5039062,-2.7929688,-2.8164062,-2.5195312,-2.5507812,-2.4648438,-2.6289062,-2.7539062,-2.3007812,-2.9609375,-2.8984375,-2.6289062,-2.7109375,-2.671875,-2.7226562,-2.7578125,-2.3828125,-4.0703125,-4.1601562,-3.90625,-3.7578125,-3.8867188,-3.8320312,-3.875,-3.3085938
2126.5,-1.0429688,-1.0195312,-0.890625,-0.94921875,-0.91015625,-1.2695312,-1.0664062,-0.64453125,-1.4414062,-1.4335938,-1.1875,-1.28125,-1.2148438,-1.5117188,-1.4609375,-1.0078125,-1.9882812,-1.984375,-1.734375,-1.7734375,-1.7109375,-2.015625,-1.8476562,-1.4921875,-2.7734375,-2.796875,-2.4921875,-2.5234375,-2.4414062,-2.609375,-2.734375,-2.2851562,-2.9414062,-2.875,-2.5976562,-2.6796875,-2.6484375,-2.703125,-2.7382812,-2.3632812,-4.0390625,-4.1289062,-3.8710938,-3.7226562,-3.8515625,-3.8007812,-3.84375,-3.2773438
2127.5,-1.0351562,-1.0117188,-0.8828125,-0.94140625,-0.90625,-1.265625,-1.0585938,-0.64453125,-1.4335938,-1.4257812,-1.1757812,-1.2695312,-1.203125,-1.5039062,-1.4492188,-1.0078125,-1.9765625,-1.9726562,-1.71875,-1.7539062,-1.6992188,-2.0039062,-1.828125,-1.4765625,-2.7539062,-2.78125,-2.46875,-2.5,-2.421875,-2.5898438,-2.7070312,-2.265625,-2.921875,-2.8554688,-2.5742188,-2.65625,-2.6289062,-2.6835938,-2.7109375,-2.34375,-4.0039062,-4.0976562,-3.8398438,-3.6835938,-3.8242188,-3.765625,-3.8046875,-3.2460938
2128.5,-1.0273438,-1.0078125,-0.87109375,-0.93359375,-0.8984375,-1.265625,-1.0585938,-0.6484375,-1.421875,-1.4140625,-1.1601562,-1.2539062,-1.1914062,-1.4960938,-1.4414062,-1.0039062,-1.9570312,-1.9609375,-1.703125,-1.734375,-1.6835938,-1.9921875,-1.8164062,-1.4648438,-2.734375,-2.7617188,-2.4414062,-2.4765625,-2.3984375,-2.5703125,-2.6875,-2.25,-2.9023438,-2.8359375,-2.5507812,-2.6289062,-2.6054688,-2.6601562,-2.6875,-2.328125,-3.9726562,-4.0703125,-3.8046875,-3.6445312,-3.796875,-3.734375,-3.7734375,-3.21875
2129.5,-1.0195312,-1.0,-0.86328125,-0.92578125,-0.890625,-1.2578125,-1.0507812,-0.640625,-1.4101562,-1.4023438,-1.1484375,-1.2421875,-1.1796875,-1.484375,-1.4335938,-0.99609375,-1.9414062,-1.9453125,-1.6835938,-1.7148438,-1.6679688,-1.9804688,-1.8046875,-1.4492188,-2.7148438,-2.7421875,-2.4179688,-2.453125,-2.3789062,-2.546875,-2.6679688,-2.2265625,-2.8828125,-2.8164062,-2.5234375,-2.6015625,-2.5820312,-2.640625,-2.6640625,-2.3046875,-3.9375,-4.0390625,-3.7695312,-3.609375,-3.765625,-3.703125,-3.7421875,-3.1875
2130.5,-1.0117188,-0.98828125,-0.85546875,-0.91796875,-0.88671875,-1.2578125,-1.0390625,-0.6328125,-1.3984375,-1.390625,-1.1367188,-1.2265625,-1.171875,-1.4804688,-1.421875,-0.98828125,-1.9296875,-1.9296875,-1.671875,-1.6953125,-1.6523438,-1.9726562,-1.7851562,-1.4296875,-2.6953125,-2.71875,-2.3945312,-2.4296875,-2.359375,-2.53125,-2.640625,-2.2070312,-2.8632812,-2.7929688,-2.5,-2.5742188,-2.5625,-2.6210938,-2.6367188,-2.28125,-3.90625,-4.0078125,-3.7382812,-3.5703125,-3.7382812,-3.671875,-3.703125,-3.1601562
2131.5,-1.0039062,-0.984375,-0.84765625,-0.91015625,-0.875,-1.2578125,-1.0390625,-0.625,-1.3867188,-1.3828125,-1.125,-1.2148438,-1.1601562,-1.4765625,-1.4101562,-0.98046875,-1.9140625,-1.9140625,-1.65625,-1.6757812,-1.6367188,-1.9648438,-1.7695312,-1.4179688,-2.6757812,-2.703125,-2.375,-2.40625,-2.3359375,-2.515625,-2.6171875,-2.1875,-2.84375,-2.7734375,-2.4804688,-2.5429688,-2.5390625,-2.6054688,-2.6132812,-2.2617188,-3.875,-3.984375,-3.7109375,-3.5351562,-3.7109375,-3.6484375,-3.671875,-3.1289062
2132.5,-0.99609375,-0.9765625,-0.83984375,-0.90234375,-0.8671875,-1.25,-1.03125,-0.62109375,-1.3789062,-1.3710938,-1.1171875,-1.203125,-1.1523438,-1.4648438,-1.3945312,-0.97265625,-1.9023438,-1.9023438,-1.6445312,-1.6601562,-1.6289062,-1.9492188,-1.7578125,-1.40625,-2.65625,-2.6875,-2.3554688,-2.3828125,-2.3164062,-2.4960938,-2.59375,-2.1679688,-2.8242188,-2.7539062,-2.4570312,-2.5195312,-2.5234375,-2.5859375,-2.5898438,-2.25,-3.84375,-3.9570312,-3.6796875,-3.5,-3.6875,-3.6132812,-3.640625,-3.1015625
2133.5,-0.9921875,-0.96875,-0.83203125,-0.8984375,-0.85546875,-1.25,-1.0234375,-0.61328125,-1.3710938,-1.359375,-1.1054688,-1.1953125,-1.1367188,-1.4609375,-1.3828125,-0.96484375,-1.8945312,-1.8867188,-1.6289062,-1.6445312,-1.6132812,-1.9414062,-1.7421875,-1.390625,-2.6445312,-2.6679688,-2.3320312,-2.3632812,-2.2929688,-2.484375,-2.5742188,-2.1445312,-2.8085938,-2.734375,-2.4296875,-2.4921875,-2.4960938,-2.5703125,-2.5664062,-2.2304688,-3.8164062,-3.9296875,-3.6484375,-3.4648438,-3.6601562,-3.5898438,-3.6054688,-3.0742188
2134.5,-0.98046875,-0.9609375,-0.82421875,-0.88671875,-0.85546875,-1.2460938,-1.015625,-0.60546875,-1.359375,-1.3476562,-1.0976562,-1.1796875,-1.1289062,-1.453125,-1.3671875,-0.953125,-1.8789062,-1.8710938,-1.6132812,-1.625,-1.6015625,-1.9296875,-1.7265625,-1.3789062,-2.6210938,-2.6484375,-2.3125,-2.3359375,-2.28125,-2.4648438,-2.5507812,-2.125,-2.7890625,-2.7148438,-2.4101562,-2.4648438,-2.4804688,-2.5507812,-2.5429688,-2.2148438,-3.7851562,-3.8984375,-3.6210938,-3.4296875,-3.6367188,-3.5625,-3.5703125,-3.046875
2135.5,-0.9765625,-0.953125,-0.81640625,-0.87890625,-0.84765625,-1.2421875,-1.0117188,-0.6015625,-1.3476562,-1.3359375,-1.0859375,-1.171875,-1.1210938,-1.4453125,-1.359375,-0.94921875,-1.8632812,-1.8554688,-1.6015625,-1.609375,-1.5898438,-1.9179688,-1.7148438,-1.3671875,-2.6015625,-2.6328125,-2.2929688,-2.3164062,-2.265625,-2.4492188,-2.53125,-2.1132812,-2.7695312,-2.6953125,-2.390625,-2.4414062,-2.4648438,-2.5351562,-2.5195312,-2.203125,-3.7578125,-3.875,-3.5898438,-3.3984375,-3.6132812,-3.5390625,-3.5390625,-3.0195312
2136.5,-0.96875,-0.9453125,-0.8125,-0.8671875,-0.84375,-1.2382812,-1.0078125,-0.6015625,-1.3359375,-1.3242188,-1.078125,-1.1601562,-1.109375,-1.4414062,-1.3515625,-0.9375,-1.8515625,-1.84375,-1.5898438,-1.5898438,-1.5742188,-1.9101562,-1.6992188,-1.3632812,-2.5820312,-2.6132812,-2.2773438,-2.2890625,-2.2460938,-2.4335938,-2.5117188,-2.1015625,-2.75,-2.6757812,-2.375,-2.4140625,-2.4414062,-2.5195312,-2.5,-2.1914062,-3.7265625,-3.84375,-3.5664062,-3.3632812,-3.5859375,-3.515625,-3.5117188,-3.0
2137.5,-0.96484375,-0.94140625,-0.8046875,-0.86328125,-0.83984375,-1.2382812,-1.0,-0.59765625,-1.328125,-1.3164062,-1.0664062,-1.1484375,-1.0976562,-1.4335938,-1.3398438,-0.9296875,-1.84375,-1.828125,-1.5742188,-1.578125,-1.5625,-1.9023438,-1.6835938,-1.3515625,-2.5703125,-2.59375,-2.2578125,-2.2734375,-2.2265625,-2.421875,-2.4882812,-2.0898438,-2.734375,-2.65625,-2.3554688,-2.390625,-2.421875,-2.5078125,-2.4726562,-2.1757812,-3.703125,-3.8203125,-3.5351562,-3.3320312,-3.5625,-3.4882812,-3.4765625,-2.9765625
2138.5,-0.95703125,-0.93359375,-0.796875,-0.85546875,-0.83203125,-1.2382812,-0.99609375,-0.59765625,-1.3203125,-1.3046875,-1.0585938,-1.140625,-1.0898438,-1.4296875,-1.3320312,-0.92578125,-1.828125,-1.8164062,-1.5625,-1.5625,-1.5507812,-1.8984375,-1.671875,-1.3398438,-2.5507812,-2.578125,-2.2382812,-2.25,-2.2070312,-2.4140625,-2.4726562,-2.078125,-2.7148438,-2.640625,-2.3359375,-2.3671875,-2.4023438,-2.4960938,-2.4570312,-2.1601562,-3.671875,-3.7929688,-3.5078125,-3.3007812,-3.5390625,-3.46875,-3.453125,-2.953125
2139.5,-0.94921875,-0.9296875,-0.7890625,-0.84765625,-0.828125,-1.234375,-0.9921875,-0.6015625,-1.3085938,-1.296875,-1.046875,-1.1289062,-1.078125,-1.4179688,-1.3203125,-0.9296875,-1.8164062,-1.8046875,-1.5507812,-1.546875,-1.5351562,-1.8867188,-1.6601562,-1.3320312,-2.53125,-2.5585938,-2.21875,-2.2304688,-2.1835938,-2.3984375,-2.4492188,-2.0703125,-2.6953125,-2.6210938,-2.3164062,-2.34375,-2.3789062,-2.4765625,-2.4335938,-2.1523438,-3.6445312,-3.765625,-3.4804688,-3.2695312,-3.5117188,-3.4375,-3.421875,-2.9375
2140.5,-0.94140625,-0.92578125,-0.78515625,-0.83984375,-0.81640625,-1.2304688,-0.984375,-0.59765625,-1.3007812,-1.2890625,-1.0390625,-1.1210938,-1.0625,-1.4140625,-1.3125,-0.92578125,-1.8046875,-1.796875,-1.5390625,-1.5351562,-1.5195312,-1.8789062,-1.6445312,-1.3203125,-2.515625,-2.546875,-2.203125,-2.2109375,-2.1601562,-2.3867188,-2.4296875,-2.0585938,-2.6796875,-2.6054688,-2.3007812,-2.3242188,-2.3554688,-2.4609375,-2.4101562,-2.1367188,-3.6171875,-3.7460938,-3.453125,-3.2421875,-3.484375,-3.4140625,-3.390625,-2.9101562
2141.5,-0.9375,-0.91796875,-0.77734375,-0.8359375,-0.8125,-1.2226562,-0.984375,-0.59765625,-1.2929688,-1.28125,-1.0273438,-1.1132812,-1.0507812,-1.40625,-1.3046875,-0.921875,-1.796875,-1.78125,-1.5273438,-1.5195312,-1.5078125,-1.8671875,-1.6328125,-1.3125,-2.5039062,-2.5273438,-2.1875,-2.1914062,-2.1445312,-2.3710938,-2.4140625,-2.046875,-2.6640625,-2.5859375,-2.2851562,-2.3046875,-2.3398438,-2.4414062,-2.390625,-2.125,-3.59375,-3.7226562,-3.4257812,-3.2148438,-3.4609375,-3.3828125,-3.3632812,-2.890625
2142.5,-0.93359375,-0.91015625,-0.7734375,-0.828125,-0.8046875,-1.21875,-0.9765625,-0.59375,-1.2851562,-1.2734375,-1.0195312,-1.1054688,-1.0390625,-1.3984375,-1.2929688,-0.91796875,-1.7851562,-1.7695312,-1.515625,-1.5078125,-1.4921875,-1.859375,-1.6171875,-1.3007812,-2.4882812,-2.5078125,-2.171875,-2.171875,-2.125,-2.359375,-2.390625,-2.03125,-2.6484375,-2.5664062,-2.2695312,-2.2851562,-2.3203125,-2.4257812,-2.3671875,-2.1132812,-3.5703125,-3.6953125,-3.3984375,-3.1875,-3.4375,-3.3554688,-3.328125,-2.8710938
2143.5,-0.92578125,-0.90625,-0.76171875,-0.8203125,-0.80078125,-1.21875,-0.96875,-0.59375,-1.2773438,-1.265625,-1.0117188,-1.09375,-1.03125,-1.3984375,-1.2851562,-0.9140625,-1.7734375,-1.7617188,-1.5039062,-1.4921875,-1.4804688,-1.8476562,-1.6015625,-1.2929688,-2.4726562,-2.4960938,-2.1523438,-2.1523438,-2.109375,-2.3476562,-2.3710938,-2.0234375,-2.6328125,-2.5507812,-2.25,-2.2617188,-2.3007812,-2.4140625,-2.3476562,-2.1015625,-3.5429688,-3.6757812,-3.3710938,-3.1601562,-3.4179688,-3.3320312,-3.3007812,-2.8515625
2144.5,-0.91796875,-0.90234375,-0.7578125,-0.8125,-0.79296875,-1.2148438,-0.9609375,-0.58984375,-1.2695312,-1.2578125,-1.0039062,-1.0859375,-1.0195312,-1.3945312,-1.2773438,-0.91015625,-1.7617188,-1.75,-1.4921875,-1.4765625,-1.4648438,-1.8398438,-1.59375,-1.2851562,-2.453125,-2.4765625,-2.1367188,-2.1328125,-2.0859375,-2.3359375,-2.3515625,-2.0117188,-2.6132812,-2.5351562,-2.2304688,-2.2421875,-2.2773438,-2.3984375,-2.3320312,-2.0898438,-3.515625,-3.6523438,-3.34375,-3.1328125,-3.3867188,-3.3125,-3.2734375,-2.8320312
2145.5,-0.9140625,-0.8984375,-0.75390625,-0.8046875,-0.77734375,-1.2148438,-0.95703125,-0.5859375,-1.2617188,-1.25,-1.0,-1.078125,-1.0,-1.3867188,-1.2695312,-0.90625,-1.75,-1.7382812,-1.484375,-1.4648438,-1.4453125,-1.8242188,-1.578125,-1.2773438,-2.4414062,-2.4609375,-2.1210938,-2.1132812,-2.0585938,-2.3203125,-2.3359375,-2.0,-2.6015625,-2.5195312,-2.2148438,-2.2226562,-2.25,-2.3867188,-2.3164062,-2.078125,-3.4921875,-3.625,-3.3203125,-3.1054688,-3.3515625,-3.2851562,-3.2421875,-2.8125
2146.5,-0.90625,-0.890625,-0.75,-0.796875,-0.7734375,-1.2109375,-0.95703125,-0.5859375,-1.2539062,-1.2421875,-0.9921875,-1.0703125,-0.98828125,-1.3828125,-1.2695312,-0.90625,-1.7382812,-1.7265625,-1.4726562,-1.4492188,-1.4296875,-1.8164062,-1.5742188,-1.2734375,-2.4257812,-2.4453125,-2.1054688,-2.09375,-2.0390625,-2.3085938,-2.3242188,-1.9882812,-2.5859375,-2.5,-2.1992188,-2.2070312,-2.2304688,-2.375,-2.3046875,-2.0703125,-3.46875,-3.6015625,-3.2929688,-3.078125,-3.3242188,-3.265625,-3.2226562,-2.796875
2147.5,-0.8984375,-0.88671875,-0.74609375,-0.796875,-0.76171875,-1.2070312,-0.953125,-0.58203125,-1.2460938,-1.234375,-0.984375,-1.0664062,-0.9765625,-1.3789062,-1.2617188,-0.8984375,-1.7265625,-1.7148438,-1.4570312,-1.4414062,-1.4101562,-1.8085938,-1.5664062,-1.265625,-2.4101562,-2.4296875,-2.0898438,-2.078125,-2.015625,-2.296875,-2.3125,-1.9765625,-2.5703125,-2.484375,-2.1796875,-2.1914062,-2.2070312,-2.359375,-2.2890625,-2.0585938,-3.4414062,-3.5742188,-3.265625,-3.0546875,-3.2929688,-3.2460938,-3.1992188,-2.7734375
2148.5,-0.89453125,-0.8828125,-0.7421875,-0.7890625,-0.75390625,-1.2070312,-0.94921875,-0.57421875,-1.2382812,-1.2265625,-0.9765625,-1.0585938,-0.9609375,-1.375,-1.2539062,-0.89453125,-1.71875,-1.7070312,-1.4492188,-1.4257812,-1.3984375,-1.8007812,-1.5585938,-1.2617188,-2.3945312,-2.4140625,-2.0742188,-2.0625,-1.9960938,-2.2890625,-2.3007812,-1.9726562,-2.5546875,-2.4726562,-2.1640625,-2.1757812,-2.1835938,-2.3476562,-2.2734375,-2.0429688,-3.4179688,-3.5546875,-3.2421875,-3.03125,-3.2617188,-3.2304688,-3.1757812,-2.75
2149.5,-0.890625,-0.875,-0.734375,-0.78125,-0.7421875,-1.2070312,-0.94140625,-0.56640625,-1.234375,-1.21875,-0.96875,-1.046875,-0.94921875,-1.3710938,-1.2460938,-0.8828125,-1.7070312,-1.6914062,-1.4335938,-1.4140625,-1.3828125,-1.7929688,-1.5429688,-1.2539062,-2.3789062,-2.3984375,-2.0546875,-2.0429688,-1.9726562,-2.2773438,-2.28125,-1.9648438,-2.5429688,-2.4570312,-2.140625,-2.1601562,-2.1640625,-2.3359375,-2.2539062,-2.03125,-3.3984375,-3.5273438,-3.2109375,-3.0039062,-3.234375,-3.2148438,-3.1484375,-2.7304688
2150.5,-0.8828125,-0.87109375,-0.73046875,-0.77734375,-0.734375,-1.2070312,-0.93359375,-0.56640625,-1.2226562,-1.2109375,-0.9609375,-1.0429688,-0.94140625,-1.3671875,-1.2382812,-0.8828125,-1.6953125,-1.6835938,-1.4257812,-1.40625,-1.3671875,-1.7851562,-1.53125,-1.2460938,-2.3632812,-2.3828125,-2.0390625,-2.03125,-1.9492188,-2.2695312,-2.2617188,-1.9570312,-2.5234375,-2.4453125,-2.125,-2.1445312,-2.1445312,-2.328125,-2.234375,-2.0234375,-3.3710938,-3.5078125,-3.1875,-2.9804688,-3.2070312,-3.203125,-3.1210938,-2.7148438
2151.5,-0.875,-0.8671875,-0.72265625,-0.7734375,-0.73046875,-1.2070312,-0.92578125,-0.5625,-1.2148438,-1.203125,-0.953125,-1.0390625,-0.93359375,-1.3671875,-1.2304688,-0.87890625,-1.6835938,-1.6757812,-1.4140625,-1.3945312,-1.359375,-1.78125,-1.5234375,-1.234375,-2.3515625,-2.3671875,-2.0234375,-2.015625,-1.9296875,-2.265625,-2.2421875,-1.9492188,-2.5078125,-2.4296875,-2.109375,-2.1289062,-2.1289062,-2.3203125,-2.2148438,-2.0117188,-3.3476562,-3.484375,-3.1601562,-2.9570312,-3.1835938,-3.1953125,-3.09375,-2.6992188
2152.5,-0.87109375,-0.86328125,-0.72265625,-0.765625,-0.72265625,-1.1992188,-0.91796875,-0.5625,-1.2070312,-1.1953125,-0.94921875,-1.03125,-0.921875,-1.3632812,-1.2226562,-0.87890625,-1.6757812,-1.6679688,-1.4101562,-1.3789062,-1.34375,-1.7773438,-1.5078125,-1.2265625,-2.3359375,-2.3554688,-2.0117188,-2.0,-1.90625,-2.2578125,-2.2304688,-1.9375,-2.4921875,-2.4179688,-2.0976562,-2.1132812,-2.1054688,-2.3046875,-2.1992188,-2.0078125,-3.3242188,-3.46875,-3.140625,-2.9296875,-3.15625,-3.1796875,-3.0664062,-2.6875
2153.5,-0.8671875,-0.859375,-0.71484375,-0.76171875,-0.71484375,-1.1992188,-0.9140625,-0.5625,-1.203125,-1.1914062,-0.94140625,-1.0234375,-0.91015625,-1.359375,-1.2148438,-0.87109375,-1.6679688,-1.6601562,-1.3984375,-1.3671875,-1.3320312,-1.7734375,-1.5,-1.21875,-2.3242188,-2.34375,-1.9960938,-1.9882812,-1.8867188,-2.25,-2.2148438,-1.9296875,-2.4804688,-2.4023438,-2.078125,-2.09375,-2.0859375,-2.3007812,-2.1875,-2.0,-3.3007812,-3.4492188,-3.1132812,-2.90625,-3.1289062,-3.1640625,-3.046875,-2.6796875
2154.5,-0.859375,-0.85546875,-0.71484375,-0.7578125,-0.70703125,-1.1992188,-0.90234375,-0.5546875,-1.1914062,-1.1835938,-0.9375,-1.0195312,-0.90234375,-1.3554688,-1.203125,-0.86328125,-1.65625,-1.6523438,-1.390625,-1.3554688,-1.3164062,-1.7695312,-1.4921875,-1.2109375,-2.3085938,-2.3320312,-1.9804688,-1.9726562,-1.8671875,-2.2460938,-2.1992188,-1.9179688,-2.4648438,-2.390625,-2.0664062,-2.078125,-2.0664062,-2.2929688,-2.1679688,-1.9882812,-3.2773438,-3.4296875,-3.0898438,-2.8828125,-3.1054688,-3.1445312,-3.015625,-2.671875
2155.5,-0.85546875,-0.84765625,-0.7109375,-0.75,-0.69921875,-1.1914062,-0.8984375,-0.55078125,-1.1875,-1.1757812,-0.93359375,-1.0117188,-0.890625,-1.34375,-1.1992188,-0.859375,-1.6484375,-1.640625,-1.3789062,-1.34375,-1.3046875,-1.7617188,-1.484375,-1.1953125,-2.296875,-2.3164062,-1.96875,-1.9609375,-1.8476562,-2.234375,-2.1875,-1.9101562,-2.453125,-2.375,-2.0507812,-2.0625,-2.046875,-2.28125,-2.1523438,-1.9804688,-3.2539062,-3.4101562,-3.0703125,-2.859375,-3.078125,-3.1210938,-2.9921875,-2.6601562
2156.5,-0.84765625,-0.83984375,-0.70703125,-0.74609375,-0.69140625,-1.1953125,-0.89453125,-0.54296875,-1.1757812,-1.1679688,-0.92578125,-1.0078125,-0.8828125,-1.3476562,-1.1914062,-0.8515625,-1.6367188,-1.6328125,-1.3671875,-1.3359375,-1.2929688,-1.7578125,-1.4765625,-1.1835938,-2.2773438,-2.3046875,-1.953125,-1.9453125,-1.828125,-2.2265625,-2.171875,-1.8984375,-2.4335938,-2.3632812,-2.0351562,-2.046875,-2.0351562,-2.2734375,-2.140625,-1.96875,-3.2304688,-3.390625,-3.0429688,-2.8398438,-3.0546875,-3.1015625,-2.9726562,-2.6445312
2157.5,-0.84375,-0.83984375,-0.703125,-0.7421875,-0.68359375,-1.1914062,-0.890625,-0.5390625,-1.171875,-1.1640625,-0.91796875,-1.0039062,-0.87109375,-1.3398438,-1.1875,-0.8515625,-1.625,-1.625,-1.359375,-1.328125,-1.28125,-1.7421875,-1.46875,-1.1757812,-2.265625,-2.2929688,-1.9375,-1.9335938,-1.8085938,-2.2148438,-2.15625,-1.8945312,-2.421875,-2.3515625,-2.0195312,-2.03125,-2.0195312,-2.2617188,-2.125,-1.9648438,-3.2070312,-3.3710938,-3.0234375,-2.8164062,-3.03125,-3.0820312,-2.9492188,-2.6367188
2158.5,-0.8359375,-0.83203125,-0.6953125,-0.734375,-0.67578125,-1.1875,-0.88671875,-0.5390625,-1.1640625,-1.1523438,-0.91015625,-1.0,-0.859375,-1.3320312,-1.1835938,-0.84375,-1.6171875,-1.6132812,-1.3476562,-1.3164062,-1.265625,-1.7382812,-1.4648438,-1.1679688,-2.2539062,-2.2773438,-1.921875,-1.921875,-1.7851562,-2.2070312,-2.1445312,-1.8867188,-2.40625,-2.3359375,-2.0039062,-2.0195312,-2.0,-2.2539062,-2.1132812,-1.9570312,-3.1835938,-3.3476562,-3.0,-2.7929688,-3.0078125,-3.0664062,-2.9296875,-2.6210938
2159.5,-0.83203125,-0.82421875,-0.6953125,-0.73046875,-0.671875,-1.1835938,-0.875,-0.5390625,-1.15625,-1.1445312,-0.90625,-0.9921875,-0.8515625,-1.328125,-1.171875,-0.84375,-1.6054688,-1.6054688,-1.3398438,-1.3085938,-1.2578125,-1.7265625,-1.4492188,-1.1679688,-2.2421875,-2.2617188,-1.9101562,-1.90625,-1.765625,-2.1953125,-2.1289062,-1.8828125,-2.3945312,-2.3203125,-1.9921875,-2.0,-1.9882812,-2.2382812,-2.09375,-1.9570312,-3.1640625,-3.328125,-2.9765625,-2.7695312,-2.9882812,-3.0507812,-2.9023438,-2.609375
2160.5,-0.83203125,-0.8203125,-0.6875,-0.7265625,-0.6640625,-1.1796875,-0.87109375,-0.53125,-1.1523438,-1.140625,-0.89453125,-0.98828125,-0.84375,-1.3203125,-1.1679688,-0.8359375,-1.5976562,-1.59375,-1.3320312,-1.3007812,-1.25,-1.71875,-1.4375,-1.1640625,-2.2304688,-2.2460938,-1.8945312,-1.8945312,-1.75,-2.1835938,-2.1171875,-1.8710938,-2.3828125,-2.3046875,-1.9765625,-1.9882812,-1.9726562,-2.2265625,-2.0820312,-1.9453125,-3.1445312,-3.3046875,-2.953125,-2.75,-2.9648438,-3.03125,-2.8789062,-2.59375
2161.5,-0.82421875,-0.81640625,-0.6796875,-0.71875,-0.66015625,-1.1757812,-0.87109375,-0.5234375,-1.140625,-1.1328125,-0.88671875,-0.984375,-0.83203125,-1.3125,-1.1640625,-0.828125,-1.5859375,-1.5859375,-1.3203125,-1.2890625,-1.2460938,-1.7109375,-1.4296875,-1.15625,-2.2148438,-2.234375,-1.875,-1.8789062,-1.7304688,-2.1796875,-2.1054688,-1.859375,-2.3671875,-2.2929688,-1.9609375,-1.9726562,-1.9570312,-2.21875,-2.0703125,-1.9375,-3.1171875,-3.2890625,-2.9257812,-2.7265625,-2.9453125,-3.015625,-2.8632812,-2.578125
2162.5,-0.8203125,-0.8125,-0.67578125,-0.7109375,-0.65625,-1.171875,-0.859375,-0.5234375,-1.1367188,-1.125,-0.8828125,-0.9765625,-0.828125,-1.3085938,-1.15625,-0.8203125,-1.578125,-1.578125,-1.3125,-1.28125,-1.2382812,-1.703125,-1.421875,-1.1523438,-2.203125,-2.21875,-1.8632812,-1.8632812,-1.71875,-2.1679688,-2.0859375,-1.8554688,-2.3554688,-2.28125,-1.9453125,-1.9570312,-1.9414062,-2.2070312,-2.0507812,-1.9335938,-3.0976562,-3.2695312,-2.90625,-2.703125,-2.921875,-3.0039062,-2.8359375,-2.5742188
2163.5,-0.81640625,-0.8046875,-0.671875,-0.70703125,-0.6484375,-1.1679688,-0.85546875,-0.5234375,-1.1289062,-1.1171875,-0.87109375,-0.97265625,-0.81640625,-1.3046875,-1.1523438,-0.82421875,-1.5703125,-1.5664062,-1.3007812,-1.2734375,-1.2226562,-1.6953125,-1.4179688,-1.1523438,-2.1914062,-2.2070312,-1.8476562,-1.8515625,-1.6953125,-2.1601562,-2.0742188,-1.8515625,-2.3398438,-2.265625,-1.9296875,-1.9414062,-1.921875,-2.1953125,-2.0351562,-1.9296875,-3.0742188,-3.2460938,-2.8789062,-2.6875,-2.8984375,-2.9921875,-2.8125,-2.5703125
2164.5,-0.8125,-0.80078125,-0.66796875,-0.69921875,-0.640625,-1.1679688,-0.85546875,-0.5234375,-1.1210938,-1.1132812,-0.8671875,-0.96484375,-0.8125,-1.3007812,-1.1445312,-0.8203125,-1.5585938,-1.5585938,-1.2890625,-1.2578125,-1.2148438,-1.6914062,-1.40625,-1.1523438,-2.171875,-2.1914062,-1.8320312,-1.8320312,-1.6796875,-2.1523438,-2.0625,-1.8398438,-2.3242188,-2.2539062,-1.9179688,-1.921875,-1.90625,-2.1835938,-2.0195312,-1.9257812,-3.0546875,-3.2265625,-2.8554688,-2.6601562,-2.875,-2.9804688,-2.7929688,-2.5664062
2165.5,-0.8046875,-0.79296875,-0.6640625,-0.6953125,-0.63671875,-1.1679688,-0.85546875,-0.51953125,-1.1132812,-1.1054688,-0.85546875,-0.9609375,-0.80859375,-1.2929688,-1.1367188,-0.81640625,-1.546875,-1.546875,-1.2773438,-1.25,-1.203125,-1.6875,-1.4023438,-1.1484375,-2.1640625,-2.1796875,-1.8164062,-1.8203125,-1.6640625,-2.140625,-2.046875,-1.8359375,-2.3125,-2.2382812,-1.9023438,-1.9101562,-1.8945312,-2.1757812,-2.0039062,-1.921875,-3.03125,-3.2070312,-2.8320312,-2.6445312,-2.859375,-2.96875,-2.7773438,-2.5546875
2166.5,-0.80078125,-0.79296875,-0.66015625,-0.68359375,-0.6328125,-1.1679688,-0.85546875,-0.51953125,-1.109375,-1.1015625,-0.8515625,-0.953125,-0.8046875,-1.2929688,-1.1328125,-0.8125,-1.5390625,-1.5429688,-1.2695312,-1.2421875,-1.1992188,-1.6796875,-1.3984375,-1.1445312,-2.1484375,-2.171875,-1.8046875,-1.8046875,-1.6523438,-2.1328125,-2.0390625,-1.8203125,-2.296875,-2.2304688,-1.8828125,-1.8945312,-1.8828125,-2.171875,-1.9921875,-1.9140625,-3.0117188,-3.1953125,-2.8085938,-2.6210938,-2.84375,-2.9492188,-2.7617188,-2.5429688
2167.5,-0.796875,-0.78515625,-0.65234375,-0.6796875,-0.625,-1.1679688,-0.84765625,-0.515625,-1.1015625,-1.0898438,-0.84375,-0.9453125,-0.80078125,-1.28125,-1.125,-0.80859375,-1.53125,-1.5273438,-1.2578125,-1.2304688,-1.1914062,-1.6757812,-1.390625,-1.1367188,-2.1367188,-2.15625,-1.7890625,-1.7929688,-1.6367188,-2.125,-2.0273438,-1.8085938,-2.2890625,-2.2148438,-1.8710938,-1.8789062,-1.8710938,-2.1640625,-1.9765625,-1.90625,-2.9921875,-3.171875,-2.7890625,-2.5976562,-2.8242188,-2.9335938,-2.7382812,-2.53125
2168.5,-0.79296875,-0.78125,-0.64453125,-0.671875,-0.62109375,-1.1679688,-0.84765625,-0.51171875,-1.09375,-1.0820312,-0.8359375,-0.94140625,-0.80078125,-1.2773438,-1.1210938,-0.8046875,-1.5195312,-1.5195312,-1.2460938,-1.2226562,-1.1914062,-1.671875,-1.3828125,-1.1289062,-2.1210938,-2.140625,-1.7695312,-1.78125,-1.6289062,-2.1132812,-2.0195312,-1.8007812,-2.2695312,-2.1992188,-1.8515625,-1.8632812,-1.859375,-2.1601562,-1.9648438,-1.9023438,-2.96875,-3.1523438,-2.7617188,-2.5820312,-2.8085938,-2.921875,-2.7226562,-2.5195312
2169.5,-0.7890625,-0.77734375,-0.640625,-0.66796875,-0.6171875,-1.1679688,-0.84765625,-0.50390625,-1.0898438,-1.0820312,-0.828125,-0.9375,-0.796875,-1.2734375,-1.1171875,-0.80078125,-1.515625,-1.515625,-1.234375,-1.2109375,-1.1875,-1.6640625,-1.3789062,-1.125,-2.1132812,-2.1328125,-1.7578125,-1.7695312,-1.6210938,-2.1054688,-2.0039062,-1.7890625,-2.2617188,-2.1914062,-1.8359375,-1.8515625,-1.8476562,-2.1484375,-1.953125,-1.8984375,-2.9492188,-3.1367188,-2.7382812,-2.5585938,-2.7890625,-2.9101562,-2.7070312,-2.5117188
2170.5,-0.78515625,-0.7734375,-0.6328125,-0.6640625,-0.61328125,-1.1640625,-0.84375,-0.50390625,-1.0820312,-1.0742188,-0.8203125,-0.93359375,-0.79296875,-1.2734375,-1.109375,-0.80078125,-1.5039062,-1.5078125,-1.2265625,-1.203125,-1.1875,-1.6601562,-1.3671875,-1.125,-2.0976562,-2.1210938,-1.7421875,-1.7539062,-1.6132812,-2.0976562,-1.9882812,-1.7851562,-2.2460938,-2.1796875,-1.8203125,-1.8359375,-1.8398438,-2.140625,-1.9414062,-1.8984375,-2.9296875,-3.1171875,-2.7148438,-2.5390625,-2.7773438,-2.8984375,-2.6875,-2.5
2171.5,-0.77734375,-0.76953125,-0.62890625,-0.65625,-0.60546875,-1.1601562,-0.83984375,-0.49609375,-1.0742188,-1.0664062,-0.8125,-0.92578125,-0.78515625,-1.2695312,-1.1015625,-0.80078125,-1.4960938,-1.4960938,-1.2148438,-1.1914062,-1.1757812,-1.65625,-1.3632812,-1.1210938,-2.0859375,-2.1054688,-1.7265625,-1.7382812,-1.5976562,-2.0898438,-1.9765625,-1.7734375,-2.234375,-2.1640625,-1.8046875,-1.8203125,-1.828125,-2.1328125,-1.9296875,-1.890625,-2.90625,-3.0976562,-2.6914062,-2.5195312,-2.7578125,-2.8789062,-2.6640625,-2.484375
2172.5,-0.7734375,-0.76171875,-0.625,-0.6484375,-0.6015625,-1.1601562,-0.83203125,-0.48828125,-1.0664062,-1.0585938,-0.80859375,-0.9140625,-0.78125,-1.265625,-1.09375,-0.79296875,-1.484375,-1.4882812,-1.2070312,-1.1757812,-1.171875,-1.6523438,-1.3515625,-1.1171875,-2.0703125,-2.09375,-1.7148438,-1.7226562,-1.5898438,-2.0820312,-1.9609375,-1.765625,-2.21875,-2.1523438,-1.7929688,-1.8007812,-1.8203125,-2.125,-1.9140625,-1.8867188,-2.8867188,-3.0820312,-2.671875,-2.4960938,-2.7421875,-2.8632812,-2.640625,-2.4726562
2173.5,-0.76953125,-0.76171875,-0.6171875,-0.64453125,-0.59765625,-1.1601562,-0.82421875,-0.4921875,-1.0625,-1.0546875,-0.80078125,-0.91015625,-0.77734375,-1.2617188,-1.0859375,-0.7890625,-1.4804688,-1.4804688,-1.1992188,-1.1679688,-1.1679688,-1.6484375,-1.34375,-1.1132812,-2.0625,-2.0820312,-1.6992188,-1.7070312,-1.578125,-2.0703125,-1.9453125,-1.7617188,-2.2109375,-2.140625,-1.7773438,-1.7890625,-1.8085938,-2.1132812,-1.8984375,-1.8867188,-2.8710938,-3.0625,-2.6484375,-2.4765625,-2.7265625,-2.8476562,-2.6210938,-2.4648438
2174.5,-0.765625,-0.75390625,-0.609375,-0.63671875,-0.58984375,-1.1601562,-0.82421875,-0.49609375,-1.0546875,-1.046875,-0.79296875,-0.8984375,-0.76953125,-1.265625,-1.0820312,-0.78515625,-1.46875,-1.46875,-1.1875,-1.15625,-1.1640625,-1.6484375,-1.3359375,-1.109375,-2.046875,-2.0703125,-1.6835938,-1.6914062,-1.5664062,-2.0664062,-1.9375,-1.7578125,-2.1953125,-2.125,-1.7617188,-1.7734375,-1.796875,-2.109375,-1.8828125,-1.8867188,-2.8476562,-3.0429688,-2.625,-2.4609375,-2.7109375,-2.8359375,-2.6054688,-2.4609375
2175.5,-0.76171875,-0.75,-0.60546875,-0.6328125,-0.5859375,-1.1601562,-0.81640625,-0.50390625,-1.0507812,-1.0390625,-0.7890625,-0.89453125,-0.765625,-1.265625,-1.0703125,-0.7890625,-1.4609375,-1.4609375,-1.1796875,-1.1484375,-1.15625,-1.640625,-1.3242188,-1.109375,-2.0390625,-2.0546875,-1.671875,-1.6796875,-1.5585938,-2.0546875,-1.9257812,-1.7578125,-2.1875,-2.1132812,-1.75,-1.7617188,-1.7890625,-2.0976562,-1.8671875,-1.890625,-2.8320312,-3.0234375,-2.6054688,-2.4414062,-2.703125,-2.8242188,-2.5820312,-2.4570312
2176.5,-0.75390625,-0.74609375,-0.6015625,-0.62890625,-0.578125,-1.15625,-0.81640625,-0.50390625,-1.0429688,-1.0351562,-0.78125,-0.88671875,-0.76171875,-1.2578125,-1.0664062,-0.7890625,-1.453125,-1.453125,-1.171875,-1.1367188,-1.1523438,-1.6289062,-1.3242188,-1.1132812,-2.0195312,-2.0429688,-1.6601562,-1.6679688,-1.546875,-2.0390625,-1.9140625,-1.7578125,-2.1679688,-2.1015625,-1.7382812,-1.7460938,-1.7773438,-2.0820312,-1.8554688,-1.890625,-2.8085938,-3.0039062,-2.5859375,-2.421875,-2.6875,-2.8007812,-2.5664062,-2.453125
2177.5,-0.75390625,-0.7421875,-0.59375,-0.6171875,-0.5703125,-1.1523438,-0.8125,-0.50390625,-1.0390625,-1.0273438,-0.7734375,-0.875,-0.75390625,-1.2460938,-1.0585938,-0.78515625,-1.4453125,-1.4453125,-1.1601562,-1.125,-1.1484375,-1.6171875,-1.3203125,-1.1054688,-2.0117188,-2.03125,-1.6445312,-1.6484375,-1.5351562,-2.0273438,-1.90625,-1.75,-2.1601562,-2.0859375,-1.7226562,-1.7304688,-1.765625,-2.0664062,-1.84375,-1.8867188,-2.7929688,-2.984375,-2.5625,-2.4023438,-2.671875,-2.78125,-2.5507812,-2.4453125
2178.5,-0.74609375,-0.734375,-0.58984375,-0.61328125,-0.5703125,-1.1523438,-0.8125,-0.5,-1.03125,-1.0195312,-0.76953125,-0.8671875,-0.75,-1.2382812,-1.0546875,-0.78125,-1.4335938,-1.4335938,-1.15625,-1.1132812,-1.1445312,-1.6132812,-1.3164062,-1.0976562,-1.9960938,-2.015625,-1.6367188,-1.6328125,-1.5273438,-2.0195312,-1.8945312,-1.7421875,-2.1445312,-2.0703125,-1.7109375,-1.7148438,-1.7578125,-2.0585938,-1.8320312,-1.8828125,-2.7695312,-2.9648438,-2.546875,-2.3828125,-2.6601562,-2.7695312,-2.5390625,-2.4335938
2179.5,-0.7421875,-0.73046875,-0.5859375,-0.6015625,-0.5625,-1.1523438,-0.81640625,-0.5,-1.0234375,-1.015625,-0.765625,-0.85546875,-0.74609375,-1.2382812,-1.046875,-0.78125,-1.4257812,-1.4296875,-1.1484375,-1.1015625,-1.140625,-1.609375,-1.3125,-1.0898438,-1.9882812,-2.0078125,-1.6289062,-1.6171875,-1.5195312,-2.0117188,-1.8828125,-1.7382812,-2.1328125,-2.0625,-1.703125,-1.6992188,-1.75,-2.0507812,-1.8242188,-1.8789062,-2.75,-2.9492188,-2.53125,-2.359375,-2.6445312,-2.7578125,-2.5234375,-2.4257812
2180.5,-0.734375,-0.72265625,-0.58203125,-0.59765625,-0.55859375,-1.1445312,-0.81640625,-0.5,-1.015625,-1.0039062,-0.7578125,-0.84765625,-0.7421875,-1.2382812,-1.0390625,-0.77734375,-1.4179688,-1.4140625,-1.140625,-1.09375,-1.1328125,-1.6054688,-1.3007812,-1.0820312,-1.9726562,-1.9921875,-1.6132812,-1.6054688,-1.5117188,-2.0078125,-1.875,-1.7304688,-2.1171875,-2.0429688,-1.6875,-1.6875,-1.7421875,-2.0429688,-1.8125,-1.8710938,-2.7304688,-2.9257812,-2.5117188,-2.34375,-2.6328125,-2.7460938,-2.5039062,-2.4179688
2181.5,-0.73046875,-0.72265625,-0.57421875,-0.59375,-0.5546875,-1.1367188,-0.80859375,-0.49609375,-1.0117188,-1.0,-0.75,-0.84375,-0.7421875,-1.2304688,-1.03125,-0.7734375,-1.40625,-1.4101562,-1.1328125,-1.0820312,-1.1328125,-1.5976562,-1.2890625,-1.078125,-1.9609375,-1.9804688,-1.6015625,-1.5898438,-1.5039062,-1.9921875,-1.859375,-1.7265625,-2.1054688,-2.0351562,-1.6757812,-1.671875,-1.734375,-2.03125,-1.8007812,-1.8671875,-2.7109375,-2.9101562,-2.4921875,-2.3203125,-2.6210938,-2.7304688,-2.484375,-2.4101562
2182.5,-0.7265625,-0.71484375,-0.57421875,-0.58984375,-0.546875,-1.140625,-0.80078125,-0.48828125,-1.0078125,-0.99609375,-0.74609375,-0.8359375,-0.734375,-1.234375,-1.0195312,-0.765625,-1.4023438,-1.3984375,-1.1289062,-1.0742188,-1.125,-1.59375,-1.2773438,-1.0742188,-1.9492188,-1.96875,-1.59375,-1.5742188,-1.4921875,-1.9882812,-1.84375,-1.7226562,-2.09375,-2.0234375,-1.6679688,-1.6601562,-1.7226562,-2.0273438,-1.7851562,-1.859375,-2.6914062,-2.8945312,-2.4804688,-2.3046875,-2.6054688,-2.7226562,-2.46875,-2.40625
2183.5,-0.72265625,-0.7109375,-0.56640625,-0.5859375,-0.5390625,-1.140625,-0.79296875,-0.48046875,-1.0039062,-0.98828125,-0.73828125,-0.828125,-0.73046875,-1.2265625,-1.0117188,-0.76171875,-1.3945312,-1.390625,-1.1171875,-1.0664062,-1.1210938,-1.5859375,-1.265625,-1.0742188,-1.9414062,-1.953125,-1.5820312,-1.5625,-1.4765625,-1.9765625,-1.828125,-1.71875,-2.0859375,-2.0078125,-1.65625,-1.6484375,-1.7148438,-2.0195312,-1.7734375,-1.8515625,-2.6757812,-2.875,-2.4609375,-2.2851562,-2.5898438,-2.7109375,-2.4453125,-2.3945312
2184.5,-0.71875,-0.70703125,-0.5625,-0.58203125,-0.53125,-1.1445312,-0.79296875,-0.48046875,-0.99609375,-0.984375,-0.734375,-0.8203125,-0.72265625,-1.2226562,-1.0078125,-0.76953125,-1.3828125,-1.3828125,-1.1132812,-1.0585938,-1.1132812,-1.5859375,-1.2617188,-1.0742188,-1.9257812,-1.9453125,-1.5703125,-1.5507812,-1.4648438,-1.96875,-1.8203125,-1.71875,-2.0703125,-2.0,-1.6484375,-1.6367188,-1.7070312,-2.015625,-1.7617188,-1.8515625,-2.65625,-2.859375,-2.4453125,-2.265625,-2.5742188,-2.703125,-2.4296875,-2.3945312
2185.5,-0.71484375,-0.70703125,-0.5546875,-0.578125,-0.52734375,-1.140625,-0.7890625,-0.48046875,-0.98828125,-0.9765625,-0.7265625,-0.81640625,-0.71875,-1.2109375,-1.0,-0.77734375,-1.375,-1.375,-1.1054688,-1.0507812,-1.109375,-1.578125,-1.25,-1.0742188,-1.9179688,-1.9335938,-1.5585938,-1.5390625,-1.4570312,-1.9492188,-1.8085938,-1.7148438,-2.0585938,-1.984375,-1.6328125,-1.625,-1.6992188,-2.0039062,-1.75,-1.8515625,-2.6367188,-2.8398438,-2.4257812,-2.2460938,-2.5585938,-2.6835938,-2.40625,-2.3867188
2186.5,-0.71484375,-0.703125,-0.55078125,-0.57421875,-0.53125,-1.1367188,-0.7890625,-0.48828125,-0.984375,-0.97265625,-0.71875,-0.80859375,-0.71875,-1.1992188,-0.99609375,-0.77734375,-1.3710938,-1.3710938,-1.0976562,-1.0429688,-1.109375,-1.578125,-1.2421875,-1.0742188,-1.90625,-1.921875,-1.5507812,-1.5273438,-1.4570312,-1.9414062,-1.796875,-1.7070312,-2.0507812,-1.9765625,-1.625,-1.6132812,-1.6992188,-1.9960938,-1.7421875,-1.8554688,-2.6210938,-2.8242188,-2.40625,-2.2304688,-2.5546875,-2.6679688,-2.3945312,-2.3828125
2187.5,-0.70703125,-0.6953125,-0.546875,-0.5703125,-0.52734375,-1.1367188,-0.78515625,-0.49609375,-0.9765625,-0.96484375,-0.71875,-0.80078125,-0.71484375,-1.1992188,-0.98828125,-0.78125,-1.359375,-1.359375,-1.09375,-1.03125,-1.1054688,-1.578125,-1.234375,-1.0703125,-1.8945312,-1.90625,-1.5429688,-1.515625,-1.4492188,-1.9375,-1.7851562,-1.6992188,-2.0390625,-1.9609375,-1.6132812,-1.5976562,-1.6914062,-1.9921875,-1.734375,-1.8515625,-2.6015625,-2.8046875,-2.3945312,-2.2109375,-2.5429688,-2.6601562,-2.375,-2.375
2188.5,-0.70703125,-0.6953125,-0.54296875,-0.5625,-0.52734375,-1.1328125,-0.78515625,-0.5,-0.97265625,-0.9609375,-0.7109375,-0.79296875,-0.71484375,-1.1914062,-0.984375,-0.78125,-1.3554688,-1.3515625,-1.0859375,-1.0195312,-1.1054688,-1.5742188,-1.2304688,-1.0585938,-1.8828125,-1.8984375,-1.5351562,-1.5,-1.4453125,-1.921875,-1.7734375,-1.6914062,-2.0234375,-1.9492188,-1.6015625,-1.5859375,-1.6875,-1.984375,-1.7226562,-1.8515625,-2.5859375,-2.7890625,-2.375,-2.1914062,-2.5390625,-2.640625,-2.359375,-2.3710938
2189.5,-0.69921875,-0.6875,-0.54296875,-0.55859375,-0.5234375,-1.1289062,-0.78515625,-0.50390625,-0.96875,-0.953125,-0.70703125,-0.78515625,-0.71484375,-1.1796875,-0.98046875,-0.78125,-1.3476562,-1.34375,-1.0859375,-1.0117188,-1.1015625,-1.5664062,-1.2226562,-1.0546875,-1.875,-1.8828125,-1.5273438,-1.4882812,-1.4375,-1.9101562,-1.765625,-1.6835938,-2.015625,-1.9414062,-1.59375,-1.5742188,-1.6835938,-1.9726562,-1.7109375,-1.8476562,-2.5664062,-2.7695312,-2.3632812,-2.1757812,-2.5273438,-2.625,-2.34375,-2.3671875
2190.5,-0.6953125,-0.68359375,-0.53515625,-0.5546875,-0.515625,-1.1328125,-0.78515625,-0.50390625,-0.9609375,-0.94921875,-0.703125,-0.78125,-0.70703125,-1.1757812,-0.9765625,-0.78125,-1.3359375,-1.3359375,-1.078125,-1.0039062,-1.0976562,-1.5664062,-1.2226562,-1.0507812,-1.859375,-1.875,-1.515625,-1.4765625,-1.4296875,-1.9023438,-1.7578125,-1.6796875,-2.0,-1.9296875,-1.5859375,-1.5664062,-1.6757812,-1.9648438,-1.703125,-1.8476562,-2.546875,-2.7539062,-2.3476562,-2.1601562,-2.515625,-2.6132812,-2.328125,-2.3632812
2191.5,-0.69140625,-0.6796875,-0.53515625,-0.55078125,-0.51171875,-1.125,-0.78125,-0.5078125,-0.953125,-0.9375,-0.69921875,-0.7734375,-0.70703125,-1.1640625,-0.97265625,-0.78515625,-1.3320312,-1.3242188,-1.0742188,-0.99609375,-1.09375,-1.5585938,-1.2148438,-1.046875,-1.8515625,-1.859375,-1.5117188,-1.4648438,-1.4257812,-1.890625,-1.75,-1.6757812,-1.9921875,-1.9140625,-1.5742188,-1.5546875,-1.671875,-1.9570312,-1.6953125,-1.84375,-2.5273438,-2.734375,-2.3359375,-2.140625,-2.5117188,-2.5976562,-2.3125,-2.3554688
2192.5,-0.6875,-0.67578125,-0.53125,-0.54296875,-0.515625,-1.125,-0.77734375,-0.5078125,-0.9453125,-0.9375,-0.69140625,-0.765625,-0.70703125,-1.15625,-0.96875,-0.7890625,-1.3242188,-1.3203125,-1.0703125,-0.98828125,-1.09375,-1.5546875,-1.2070312,-1.0429688,-1.8359375,-1.8515625,-1.5039062,-1.4492188,-1.4257812,-1.8789062,-1.7382812,-1.671875,-1.9765625,-1.9023438,-1.5664062,-1.5390625,-1.671875,-1.9453125,-1.6875,-1.8398438,-2.5078125,-2.7226562,-2.3203125,-2.1210938,-2.5039062,-2.5820312,-2.2929688,-2.3515625
2193.5,-0.68359375,-0.671875,-0.52734375,-0.5390625,-0.5078125,-1.1210938,-0.77734375,-0.5078125,-0.9453125,-0.92578125,-0.6875,-0.76171875,-0.70703125,-1.1484375,-0.96484375,-0.78515625,-1.3164062,-1.3125,-1.0664062,-0.98046875,-1.0859375,-1.5507812,-1.203125,-1.0351562,-1.8320312,-1.8398438,-1.4960938,-1.4375,-1.4179688,-1.8632812,-1.7304688,-1.6601562,-1.96875,-1.890625,-1.5585938,-1.53125,-1.6640625,-1.9375,-1.6757812,-1.8320312,-2.4921875,-2.703125,-2.3085938,-2.1054688,-2.4960938,-2.5625,-2.2773438,-2.34375
2194.5,-0.6796875,-0.66796875,-0.52734375,-0.53125,-0.50390625,-1.1132812,-0.77734375,-0.50390625,-0.9375,-0.921875,-0.6875,-0.75390625,-0.703125,-1.1367188,-0.9609375,-0.77734375,-1.3085938,-1.3046875,-1.0625,-0.97265625,-1.0820312,-1.5390625,-1.1953125,-1.0273438,-1.8164062,-1.8320312,-1.4882812,-1.421875,-1.4140625,-1.8515625,-1.7265625,-1.6484375,-1.953125,-1.8789062,-1.546875,-1.515625,-1.6601562,-1.9296875,-1.6679688,-1.8203125,-2.4765625,-2.6875,-2.296875,-2.0859375,-2.4882812,-2.546875,-2.2617188,-2.3359375
2195.5,-0.671875,-0.6640625,-0.5234375,-0.52734375,-0.5,-1.109375,-0.7734375,-0.50390625,-0.9296875,-0.91796875,-0.6796875,-0.74609375,-0.703125,-1.1289062,-0.95703125,-0.77734375,-1.296875,-1.296875,-1.0585938,-0.96484375,-1.0820312,-1.53125,-1.1914062,-1.0195312,-1.8085938,-1.8203125,-1.4765625,-1.4140625,-1.4101562,-1.8359375,-1.7148438,-1.6445312,-1.9414062,-1.8671875,-1.5351562,-1.5078125,-1.65625,-1.921875,-1.65625,-1.8164062,-2.4570312,-2.6679688,-2.2851562,-2.0703125,-2.4765625,-2.53125,-2.2460938,-2.3359375
2196.5,-0.671875,-0.66015625,-0.51953125,-0.5234375,-0.5,-1.1054688,-0.765625,-0.5,-0.92578125,-0.91015625,-0.67578125,-0.7421875,-0.69921875,-1.1171875,-0.953125,-0.77734375,-1.2890625,-1.2890625,-1.0546875,-0.95703125,-1.078125,-1.5273438,-1.1835938,-1.0117188,-1.7929688,-1.8085938,-1.46875,-1.4023438,-1.4023438,-1.8203125,-1.7070312,-1.6367188,-1.9296875,-1.8554688,-1.5234375,-1.4960938,-1.6523438,-1.9101562,-1.6445312,-1.8085938,-2.4414062,-2.6523438,-2.2695312,-2.0546875,-2.46875,-2.515625,-2.2304688,-2.328125
2197.5,-0.6640625,-0.65625,-0.515625,-0.51953125,-0.49609375,-1.1015625,-0.765625,-0.49609375,-0.921875,-0.90625,-0.671875,-0.73828125,-0.6953125,-1.1054688,-0.953125,-0.76953125,-1.28125,-1.28125,-1.0546875,-0.953125,-1.078125,-1.515625,-1.1796875,-1.0039062,-1.7851562,-1.7929688,-1.4648438,-1.3945312,-1.3984375,-1.8046875,-1.6992188,-1.6289062,-1.921875,-1.8476562,-1.5195312,-1.484375,-1.6445312,-1.8984375,-1.6367188,-1.8007812,-2.4257812,-2.6367188,-2.2617188,-2.0390625,-2.4570312,-2.5,-2.2148438,-2.3242188
2198.5,-0.6640625,-0.65234375,-0.51171875,-0.515625,-0.4921875,-1.09375,-0.765625,-0.4921875,-0.91796875,-0.90234375,-0.6640625,-0.73046875,-0.6875,-1.0898438,-0.94921875,-0.76171875,-1.2773438,-1.2734375,-1.046875,-0.9453125,-1.078125,-1.5039062,-1.1757812,-0.99609375,-1.7773438,-1.7851562,-1.453125,-1.3867188,-1.390625,-1.7890625,-1.6875,-1.6171875,-1.9101562,-1.8359375,-1.5078125,-1.4726562,-1.640625,-1.8867188,-1.6289062,-1.7890625,-2.4101562,-2.6210938,-2.2460938,-2.0273438,-2.4492188,-2.4765625,-2.2070312,-2.3164062
2199.5,-0.66015625,-0.6484375,-0.5078125,-0.51171875,-0.48828125,-1.09375,-0.76171875,-0.49609375,-0.9140625,-0.890625,-0.6640625,-0.72265625,-0.68359375,-1.0820312,-0.9453125,-0.76171875,-1.2695312,-1.265625,-1.0429688,-0.9375,-1.0703125,-1.5,-1.1640625,-0.99609375,-1.7695312,-1.7734375,-1.4492188,-1.375,-1.3828125,-1.78125,-1.6757812,-1.6132812,-1.9023438,-1.8203125,-1.5,-1.4609375,-1.6328125,-1.8789062,-1.6132812,-1.7929688,-2.3945312,-2.6015625,-2.2382812,-2.0117188,-2.4375,-2.4648438,-2.1914062,-2.3203125
2200.5,-0.65625,-0.64453125,-0.50390625,-0.51171875,-0.48046875,-1.09375,-0.75390625,-0.49609375,-0.90625,-0.88671875,-0.66015625,-0.71484375,-0.6796875,-1.0742188,-0.9375,-0.7578125,-1.265625,-1.2578125,-1.0351562,-0.9296875,-1.0664062,-1.5,-1.15625,-0.9921875,-1.7578125,-1.7617188,-1.4414062,-1.3671875,-1.375,-1.7734375,-1.6601562,-1.6015625,-1.890625,-1.8085938,-1.4921875,-1.453125,-1.625,-1.8671875,-1.6015625,-1.7890625,-2.3789062,-2.5898438,-2.2265625,-1.9960938,-2.4296875,-2.4492188,-2.1757812,-2.3203125
2201.5,-0.65234375,-0.640625,-0.5,-0.5078125,-0.4765625,-1.0898438,-0.75390625,-0.5,-0.90234375,-0.8828125,-0.65625,-0.7109375,-0.6796875,-1.0625,-0.93359375,-0.7578125,-1.2539062,-1.25,-1.03125,-0.921875,-1.0664062,-1.4921875,-1.1523438,-0.9921875,-1.75,-1.7539062,-1.4335938,-1.3554688,-1.3710938,-1.7578125,-1.6523438,-1.6015625,-1.8828125,-1.796875,-1.484375,-1.4453125,-1.6210938,-1.859375,-1.59375,-1.7929688,-2.3632812,-2.5742188,-2.2148438,-1.984375,-2.4257812,-2.4335938,-2.1640625,-2.3164062
2202.5,-0.6484375,-0.63671875,-0.49609375,-0.50390625,-0.4765625,-1.0859375,-0.75,-0.50390625,-0.89453125,-0.875,-0.65234375,-0.703125,-0.68359375,-1.0585938,-0.921875,-0.75390625,-1.25,-1.2460938,-1.0234375,-0.91796875,-1.0625,-1.4882812,-1.1445312,-0.98828125,-1.734375,-1.7382812,-1.4257812,-1.3476562,-1.3710938,-1.7460938,-1.6367188,-1.6015625,-1.8671875,-1.7890625,-1.4765625,-1.4335938,-1.6210938,-1.8515625,-1.5820312,-1.7929688,-2.3476562,-2.5585938,-2.203125,-1.9726562,-2.4179688,-2.4179688,-2.1445312,-2.3125
2203.5,-0.64453125,-0.6328125,-0.49609375,-0.49609375,-0.47265625,-1.0820312,-0.75,-0.5078125,-0.890625,-0.87109375,-0.6484375,-0.69140625,-0.6796875,-1.0507812,-0.921875,-0.74609375,-1.2421875,-1.234375,-1.0195312,-0.91015625,-1.0585938,-1.484375,-1.1445312,-0.984375,-1.7304688,-1.7265625,-1.4179688,-1.3320312,-1.3710938,-1.734375,-1.6328125,-1.5976562,-1.8632812,-1.7773438,-1.46875,-1.421875,-1.6171875,-1.84375,-1.5742188,-1.7851562,-2.3320312,-2.5429688,-2.1953125,-1.9570312,-2.4140625,-2.4023438,-2.1367188,-2.3046875
2204.5,-0.640625,-0.62890625,-0.49609375,-0.49609375,-0.46875,-1.078125,-0.75,-0.51171875,-0.88671875,-0.86328125,-0.64453125,-0.6875,-0.671875,-1.0390625,-0.921875,-0.7421875,-1.234375,-1.2226562,-1.0117188,-0.90625,-1.0507812,-1.4765625,-1.140625,-0.98828125,-1.71875,-1.7148438,-1.4101562,-1.328125,-1.359375,-1.7148438,-1.6328125,-1.59375,-1.8476562,-1.765625,-1.4609375,-1.4140625,-1.6054688,-1.8359375,-1.5664062,-1.7851562,-2.3164062,-2.5234375,-2.1835938,-1.9453125,-2.4023438,-2.3867188,-2.125,-2.3046875
2205.5,-0.63671875,-0.62890625,-0.4921875,-0.4921875,-0.46875,-1.078125,-0.7578125,-0.515625,-0.8828125,-0.86328125,-0.640625,-0.68359375,-0.671875,-1.0273438,-0.921875,-0.73828125,-1.2304688,-1.21875,-1.0039062,-0.8984375,-1.0507812,-1.4726562,-1.140625,-0.9921875,-1.7109375,-1.7109375,-1.4023438,-1.3164062,-1.3554688,-1.6992188,-1.6289062,-1.5976562,-1.8398438,-1.7578125,-1.453125,-1.40625,-1.6054688,-1.8320312,-1.5625,-1.78125,-2.3046875,-2.5117188,-2.171875,-1.9296875,-2.3984375,-2.3710938,-2.1210938,-2.3046875
2206.5,-0.63671875,-0.62109375,-0.484375,-0.48828125,-0.47265625,-1.0742188,-0.7578125,-0.5234375,-0.87890625,-0.85546875,-0.6328125,-0.6796875,-0.671875,-1.0195312,-0.91796875,-0.73046875,-1.2226562,-1.2109375,-0.99609375,-0.89453125,-1.0507812,-1.46875,-1.1367188,-0.984375,-1.6992188,-1.6992188,-1.390625,-1.3085938,-1.3554688,-1.6875,-1.6210938,-1.5859375,-1.828125,-1.7421875,-1.4453125,-1.3984375,-1.6015625,-1.8320312,-1.5546875,-1.78125,-2.2890625,-2.4960938,-2.1601562,-1.9179688,-2.3945312,-2.3554688,-2.109375,-2.296875
2207.5,-0.6328125,-0.62109375,-0.48046875,-0.48828125,-0.46875,-1.0703125,-0.75390625,-0.52734375,-0.87109375,-0.84765625,-0.62890625,-0.67578125,-0.66796875,-1.0,-0.91796875,-0.73046875,-1.21875,-1.203125,-0.984375,-0.890625,-1.046875,-1.4609375,-1.1328125,-0.98046875,-1.6953125,-1.6875,-1.3828125,-1.3046875,-1.3515625,-1.671875,-1.6171875,-1.5859375,-1.8203125,-1.734375,-1.4375,-1.390625,-1.5898438,-1.8164062,-1.546875,-1.7773438,-2.2773438,-2.484375,-2.1445312,-1.9101562,-2.3867188,-2.3359375,-2.0976562,-2.2890625
2208.5,-0.6328125,-0.6171875,-0.48046875,-0.48046875,-0.46875,-1.0664062,-0.75390625,-0.53125,-0.8671875,-0.84375,-0.62890625,-0.66796875,-0.6640625,-0.9921875,-0.9140625,-0.73046875,-1.2148438,-1.1992188,-0.98046875,-0.8828125,-1.046875,-1.453125,-1.1289062,-0.9765625,-1.6835938,-1.6796875,-1.3789062,-1.2929688,-1.3476562,-1.6601562,-1.609375,-1.5820312,-1.8125,-1.7226562,-1.4296875,-1.3789062,-1.5859375,-1.8046875,-1.5351562,-1.7773438,-2.265625,-2.46875,-2.1367188,-1.890625,-2.375,-2.3203125,-2.0898438,-2.2851562
2209.5,-0.62890625,-0.61328125,-0.48046875,-0.48046875,-0.46484375,-1.0625,-0.75390625,-0.53125,-0.86328125,-0.8359375,-0.625,-0.66796875,-0.65234375,-0.98046875,-0.90625,-0.7265625,-1.2070312,-1.1914062,-0.9765625,-0.875,-1.0390625,-1.453125,-1.125,-0.97265625,-1.6796875,-1.6679688,-1.3710938,-1.2851562,-1.3359375,-1.6445312,-1.6054688,-1.5742188,-1.8046875,-1.7109375,-1.4257812,-1.3710938,-1.5742188,-1.7929688,-1.5273438,-1.7734375,-2.2539062,-2.453125,-2.1289062,-1.8789062,-2.3554688,-2.3046875,-2.0820312,-2.28125
2210.5,-0.625,-0.609375,-0.4765625,-0.47265625,-0.45703125,-1.0585938,-0.75,-0.53515625,-0.859375,-0.83203125,-0.62109375,-0.66015625,-0.64453125,-0.96484375,-0.90234375,-0.73046875,-1.203125,-1.1835938,-0.96484375,-0.8671875,-1.03125,-1.453125,-1.1210938,-0.96875,-1.6679688,-1.65625,-1.359375,-1.2773438,-1.3242188,-1.6328125,-1.5976562,-1.5703125,-1.7929688,-1.703125,-1.4179688,-1.359375,-1.5664062,-1.78125,-1.5117188,-1.7734375,-2.2421875,-2.4414062,-2.1132812,-1.8671875,-2.34375,-2.2890625,-2.0703125,-2.28125
2211.5,-0.62109375,-0.609375,-0.48046875,-0.47265625,-0.453125,-1.0546875,-0.75,-0.53515625,-0.8515625,-0.828125,-0.62109375,-0.65625,-0.640625,-0.953125,-0.8984375,-0.734375,-1.1953125,-1.1757812,-0.9609375,-0.86328125,-1.03125,-1.453125,-1.1210938,-0.96875,-1.6601562,-1.6484375,-1.359375,-1.2695312,-1.3164062,-1.6210938,-1.59375,-1.5664062,-1.7851562,-1.6953125,-1.4140625,-1.3554688,-1.5625,-1.7695312,-1.4960938,-1.7734375,-2.2265625,-2.4257812,-2.109375,-1.8554688,-2.3359375,-2.2734375,-2.0585938,-2.2773438
2212.5,-0.6171875,-0.6015625,-0.48046875,-0.46875,-0.4453125,-1.0507812,-0.75,-0.54296875,-0.84765625,-0.82421875,-0.6171875,-0.65234375,-0.640625,-0.9453125,-0.89453125,-0.734375,-1.1875,-1.1679688,-0.95703125,-0.85546875,-1.0234375,-1.4453125,-1.1171875,-0.97265625,-1.6484375,-1.6367188,-1.3554688,-1.2617188,-1.3125,-1.6015625,-1.5859375,-1.5703125,-1.7773438,-1.6835938,-1.4101562,-1.34375,-1.5585938,-1.7617188,-1.484375,-1.7734375,-2.2148438,-2.4101562,-2.0976562,-1.84375,-2.3242188,-2.2617188,-2.046875,-2.28125
2213.5,-0.6171875,-0.6015625,-0.48046875,-0.46484375,-0.44140625,-1.0429688,-0.74609375,-0.546875,-0.84765625,-0.8203125,-0.61328125,-0.64453125,-0.63671875,-0.93359375,-0.8828125,-0.734375,-1.1875,-1.1601562,-0.94921875,-0.8515625,-1.0234375,-1.4335938,-1.1054688,-0.96875,-1.6445312,-1.6289062,-1.3476562,-1.25,-1.3046875,-1.5820312,-1.578125,-1.5664062,-1.7734375,-1.6757812,-1.40625,-1.3320312,-1.5546875,-1.75,-1.46875,-1.7734375,-2.2070312,-2.3984375,-2.0859375,-1.8320312,-2.3203125,-2.2421875,-2.0351562,-2.28125
2214.5,-0.609375,-0.59765625,-0.4765625,-0.4609375,-0.44140625,-1.0390625,-0.74609375,-0.5546875,-0.83984375,-0.8125,-0.609375,-0.63671875,-0.6328125,-0.92578125,-0.87890625,-0.734375,-1.1757812,-1.15625,-0.94140625,-0.84375,-1.0195312,-1.4296875,-1.1054688,-0.96484375,-1.6289062,-1.6210938,-1.34375,-1.2382812,-1.3007812,-1.5664062,-1.5742188,-1.5664062,-1.7578125,-1.6640625,-1.4023438,-1.3242188,-1.546875,-1.7421875,-1.4609375,-1.7734375,-2.1914062,-2.3828125,-2.078125,-1.8203125,-2.3125,-2.2265625,-2.03125,-2.2773438
2215.5,-0.61328125,-0.59375,-0.4765625,-0.4609375,-0.43359375,-1.0429688,-0.74609375,-0.55078125,-0.83984375,-0.80859375,-0.609375,-0.63671875,-0.625,-0.9140625,-0.875,-0.72265625,-1.1757812,-1.1484375,-0.94140625,-0.84375,-1.0117188,-1.421875,-1.1015625,-0.95703125,-1.625,-1.6132812,-1.3398438,-1.234375,-1.2929688,-1.5585938,-1.5703125,-1.5585938,-1.7539062,-1.65625,-1.3984375,-1.3164062,-1.5351562,-1.7304688,-1.4492188,-1.7695312,-2.1835938,-2.3710938,-2.0742188,-1.8125,-2.3007812,-2.2148438,-2.0195312,-2.2734375
2216.5,-0.609375,-0.58984375,-0.4765625,-0.45703125,-0.43359375,-1.0390625,-0.74609375,-0.546875,-0.83203125,-0.8046875,-0.60546875,-0.6328125,-0.625,-0.91015625,-0.875,-0.71875,-1.1679688,-1.1445312,-0.93359375,-0.8359375,-1.0117188,-1.4179688,-1.1054688,-0.953125,-1.6132812,-1.6015625,-1.3359375,-1.2265625,-1.2929688,-1.546875,-1.5703125,-1.5507812,-1.7421875,-1.6445312,-1.3945312,-1.3085938,-1.5351562,-1.7265625,-1.4414062,-1.765625,-2.171875,-2.359375,-2.0664062,-1.8007812,-2.2929688,-2.203125,-2.015625,-2.2695312
2217.5,-0.6015625,-0.5859375,-0.48046875,-0.45703125,-0.4296875,-1.0351562,-0.74609375,-0.54296875,-0.828125,-0.80078125,-0.609375,-0.6328125,-0.6171875,-0.8984375,-0.875,-0.71484375,-1.1601562,-1.1367188,-0.93359375,-0.8359375,-1.0078125,-1.4101562,-1.1015625,-0.94921875,-1.6054688,-1.5898438,-1.3359375,-1.2226562,-1.2851562,-1.5390625,-1.5664062,-1.5507812,-1.734375,-1.6367188,-1.3984375,-1.3046875,-1.5351562,-1.7109375,-1.4257812,-1.7617188,-2.1601562,-2.34375,-2.0625,-1.796875,-2.2851562,-2.1835938,-2.0078125,-2.2617188
2218.5,-0.59765625,-0.5859375,-0.48828125,-0.44921875,-0.42578125,-1.0351562,-0.7421875,-0.5390625,-0.8203125,-0.796875,-0.609375,-0.625,-0.61328125,-0.90234375,-0.87109375,-0.7109375,-1.15625,-1.1328125,-0.9296875,-0.828125,-1.0039062,-1.4101562,-1.0976562,-0.9375,-1.59375,-1.5859375,-1.3320312,-1.2109375,-1.2773438,-1.5390625,-1.5625,-1.5429688,-1.7226562,-1.6328125,-1.3984375,-1.2929688,-1.53125,-1.7109375,-1.4140625,-1.7578125,-2.1484375,-2.3359375,-2.0585938,-1.78125,-2.2734375,-2.1757812,-2.0,-2.2617188
2219.5,-0.59765625,-0.58203125,-0.4921875,-0.44921875,-0.42578125,-1.0351562,-0.7421875,-0.53125,-0.8203125,-0.79296875,-0.61328125,-0.62109375,-0.609375,-0.89453125,-0.8671875,-0.70703125,-1.1523438,-1.125,-0.92578125,-0.82421875,-1.0,-1.4101562,-1.09375,-0.93359375,-1.5898438,-1.5742188,-1.3359375,-1.2070312,-1.2734375,-1.53125,-1.5546875,-1.5351562,-1.71875,-1.6210938,-1.3984375,-1.2851562,-1.5234375,-1.7070312,-1.40625,-1.7539062,-2.1367188,-2.3164062,-2.0585938,-1.7734375,-2.265625,-2.171875,-1.9882812,-2.2578125
2220.5,-0.59375,-0.578125,-0.5,-0.44921875,-0.41796875,-1.03125,-0.74609375,-0.53515625,-0.8125,-0.7890625,-0.61328125,-0.62109375,-0.6015625,-0.8828125,-0.87109375,-0.703125,-1.1445312,-1.1171875,-0.921875,-0.8203125,-0.9921875,-1.3984375,-1.09375,-0.93359375,-1.578125,-1.5703125,-1.3359375,-1.1992188,-1.2578125,-1.515625,-1.5546875,-1.5351562,-1.7070312,-1.6132812,-1.4023438,-1.28125,-1.515625,-1.6953125,-1.3984375,-1.7539062,-2.125,-2.3046875,-2.0546875,-1.765625,-2.2539062,-2.15625,-1.9804688,-2.2539062
2221.5,-0.58984375,-0.58203125,-0.51171875,-0.44921875,-0.41796875,-1.0234375,-0.7421875,-0.53125,-0.80859375,-0.78515625,-0.6171875,-0.6171875,-0.59765625,-0.8671875,-0.8671875,-0.69921875,-1.140625,-1.1132812,-0.92578125,-0.8203125,-0.98828125,-1.390625,-1.0898438,-0.921875,-1.5742188,-1.5664062,-1.34375,-1.1953125,-1.25,-1.4921875,-1.5507812,-1.5234375,-1.703125,-1.6054688,-1.40625,-1.2773438,-1.5078125,-1.6875,-1.3867188,-1.7460938,-2.1171875,-2.296875,-2.0625,-1.7617188,-2.2421875,-2.140625,-1.9726562,-2.2460938
2222.5,-0.5859375,-0.57421875,-0.51953125,-0.4453125,-0.4140625,-1.03125,-0.73828125,-0.53125,-0.8046875,-0.78125,-0.62109375,-0.6171875,-0.59765625,-0.86328125,-0.859375,-0.69921875,-1.1328125,-1.109375,-0.921875,-0.81640625,-0.98046875,-1.390625,-1.0820312,-0.921875,-1.5625,-1.5546875,-1.3515625,-1.1914062,-1.2421875,-1.484375,-1.546875,-1.5195312,-1.6914062,-1.5976562,-1.4140625,-1.265625,-1.5,-1.6875,-1.3710938,-1.75,-2.1054688,-2.28125,-2.0625,-1.75,-2.234375,-2.1328125,-1.9609375,-2.2421875
2223.5,-0.58203125,-0.57421875,-0.53125,-0.44921875,-0.4140625,-1.0351562,-0.734375,-0.52734375,-0.80078125,-0.78125,-0.62109375,-0.6171875,-0.59375,-0.859375,-0.85546875,-0.69921875,-1.1289062,-1.1054688,-0.921875,-0.81640625,-0.97265625,-1.3867188,-1.078125,-0.9140625,-1.5585938,-1.5507812,-1.3554688,-1.1875,-1.2382812,-1.4726562,-1.5429688,-1.5117188,-1.6835938,-1.59375,-1.4179688,-1.2617188,-1.4960938,-1.6796875,-1.359375,-1.75,-2.0976562,-2.2734375,-2.0664062,-1.7460938,-2.21875,-2.1210938,-1.953125,-2.2382812
2224.5,-0.58203125,-0.56640625,-0.53515625,-0.44921875,-0.41015625,-1.03125,-0.73046875,-0.53125,-0.796875,-0.7734375,-0.62109375,-0.6171875,-0.58984375,-0.8515625,-0.8515625,-0.703125,-1.125,-1.0976562,-0.91796875,-0.81640625,-0.96875,-1.3828125,-1.0742188,-0.91796875,-1.5507812,-1.5390625,-1.3515625,-1.1875,-1.2265625,-1.453125,-1.5390625,-1.5117188,-1.6757812,-1.5820312,-1.4179688,-1.2617188,-1.4882812,-1.671875,-1.3515625,-1.7539062,-2.0859375,-2.2578125,-2.0625,-1.7382812,-2.2070312,-2.1015625,-1.9453125,-2.2382812
2225.5,-0.578125,-0.5625,-0.546875,-0.4453125,-0.40234375,-1.0273438,-0.734375,-0.52734375,-0.79296875,-0.76953125,-0.62109375,-0.6171875,-0.578125,-0.84765625,-0.85546875,-0.6953125,-1.1171875,-1.0898438,-0.91796875,-0.8125,-0.9609375,-1.3789062,-1.078125,-0.9140625,-1.546875,-1.53125,-1.3554688,-1.1835938,-1.2148438,-1.4375,-1.5390625,-1.5078125,-1.671875,-1.5742188,-1.421875,-1.2578125,-1.4765625,-1.6640625,-1.34375,-1.7460938,-2.078125,-2.2421875,-2.0625,-1.734375,-2.1875,-2.0898438,-1.9375,-2.234375
2226.5,-0.57421875,-0.5625,-0.546875,-0.44140625,-0.40234375,-1.0273438,-0.734375,-0.53125,-0.78515625,-0.765625,-0.62109375,-0.609375,-0.5703125,-0.84375,-0.859375,-0.69921875,-1.109375,-1.0820312,-0.9140625,-0.80859375,-0.95703125,-1.3710938,-1.0820312,-0.91796875,-1.5351562,-1.5234375,-1.3515625,-1.1757812,-1.2109375,-1.421875,-1.5390625,-1.5039062,-1.65625,-1.5664062,-1.421875,-1.25,-1.46875,-1.65625,-1.3359375,-1.75,-2.0664062,-2.2304688,-2.0585938,-1.7226562,-2.1757812,-2.078125,-1.9375,-2.234375
2227.5,-0.57421875,-0.5625,-0.55078125,-0.44140625,-0.40234375,-1.0351562,-0.734375,-0.5390625,-0.78515625,-0.765625,-0.62109375,-0.609375,-0.56640625,-0.84765625,-0.86328125,-0.70703125,-1.1054688,-1.0820312,-0.91015625,-0.80078125,-0.953125,-1.3710938,-1.0820312,-0.92578125,-1.53125,-1.5195312,-1.3476562,-1.1679688,-1.203125,-1.4179688,-1.5390625,-1.5117188,-1.6523438,-1.5585938,-1.421875,-1.2421875,-1.4648438,-1.65625,-1.328125,-1.75,-2.0546875,-2.2226562,-2.0546875,-1.7148438,-2.1640625,-2.0703125,-1.9296875,-2.2460938
2228.5,-0.5703125,-0.55859375,-0.5546875,-0.44140625,-0.3984375,-1.0351562,-0.734375,-0.5390625,-0.77734375,-0.7578125,-0.6171875,-0.609375,-0.55859375,-0.84375,-0.86328125,-0.71484375,-1.1015625,-1.0742188,-0.90625,-0.80078125,-0.94921875,-1.359375,-1.0820312,-0.921875,-1.5195312,-1.5117188,-1.3476562,-1.1679688,-1.1953125,-1.4101562,-1.5351562,-1.5117188,-1.640625,-1.5507812,-1.4179688,-1.2421875,-1.4570312,-1.6484375,-1.3242188,-1.75,-2.0429688,-2.2109375,-2.046875,-1.7109375,-2.1484375,-2.0546875,-1.9257812,-2.2460938
2229.5,-0.56640625,-0.5546875,-0.55859375,-0.4375,-0.3984375,-1.0351562,-0.73046875,-0.5390625,-0.7734375,-0.75390625,-0.6171875,-0.6015625,-0.5546875,-0.83984375,-0.86328125,-0.71875,-1.0976562,-1.0703125,-0.90234375,-0.79296875,-0.9453125,-1.3515625,-1.078125,-0.92578125,-1.515625,-1.5039062,-1.3476562,-1.1601562,-1.1914062,-1.40625,-1.53125,-1.515625,-1.6367188,-1.5429688,-1.421875,-1.2304688,-1.453125,-1.6484375,-1.3125,-1.7578125,-2.03125,-2.1992188,-2.046875,-1.6992188,-2.140625,-2.0429688,-1.9101562,-2.2460938
2230.5,-0.5625,-0.55078125,-0.5546875,-0.4375,-0.390625,-1.0351562,-0.7265625,-0.5390625,-0.76953125,-0.74609375,-0.609375,-0.6015625,-0.546875,-0.84375,-0.859375,-0.71875,-1.0898438,-1.0625,-0.8984375,-0.7890625,-0.93359375,-1.34375,-1.0742188,-0.92578125,-1.5078125,-1.4921875,-1.34375,-1.15625,-1.1796875,-1.4023438,-1.5234375,-1.515625,-1.625,-1.5351562,-1.4140625,-1.2304688,-1.4414062,-1.6484375,-1.3046875,-1.7578125,-2.0195312,-2.1875,-2.0390625,-1.6914062,-2.125,-2.0351562,-1.9023438,-2.25
2231.5,-0.55859375,-0.546875,-0.55859375,-0.4375,-0.390625,-1.0390625,-0.7265625,-0.546875,-0.765625,-0.74609375,-0.609375,-0.6015625,-0.54296875,-0.84375,-0.859375,-0.71484375,-1.0820312,-1.0585938,-0.8984375,-0.7890625,-0.9296875,-1.3359375,-1.0703125,-0.921875,-1.5,-1.484375,-1.3398438,-1.1523438,-1.171875,-1.3984375,-1.5195312,-1.5195312,-1.6210938,-1.5273438,-1.4101562,-1.2265625,-1.4375,-1.6484375,-1.2929688,-1.7578125,-2.0078125,-2.1796875,-2.0351562,-1.6875,-2.1171875,-2.03125,-1.890625,-2.2539062
2232.5,-0.55859375,-0.54296875,-0.55859375,-0.43359375,-0.39453125,-1.046875,-0.72265625,-0.546875,-0.76171875,-0.7421875,-0.60546875,-0.6015625,-0.54296875,-0.84375,-0.859375,-0.71484375,-1.0820312,-1.0507812,-0.890625,-0.78515625,-0.9296875,-1.3359375,-1.0664062,-0.91796875,-1.4921875,-1.4804688,-1.3359375,-1.1445312,-1.1679688,-1.3984375,-1.5117188,-1.5117188,-1.6132812,-1.515625,-1.40625,-1.2226562,-1.4375,-1.6484375,-1.28125,-1.75,-2.0,-2.1679688,-2.0273438,-1.6757812,-2.1132812,-2.0351562,-1.8828125,-2.2539062
2233.5,-0.5546875,-0.54296875,-0.5625,-0.4296875,-0.390625,-1.0546875,-0.7265625,-0.55078125,-0.7578125,-0.7421875,-0.6015625,-0.59765625,-0.5390625,-0.84765625,-0.859375,-0.71875,-1.078125,-1.0429688,-0.88671875,-0.78125,-0.921875,-1.3398438,-1.0664062,-0.921875,-1.4882812,-1.4726562,-1.3320312,-1.140625,-1.1601562,-1.3984375,-1.5039062,-1.515625,-1.6054688,-1.5117188,-1.4023438,-1.2148438,-1.4257812,-1.65625,-1.2773438,-1.7539062,-1.9882812,-2.15625,-2.0234375,-1.6679688,-2.1015625,-2.046875,-1.8710938,-2.2578125
2234.5,-0.55078125,-0.54296875,-0.5625,-0.42578125,-0.39453125,-1.0585938,-0.72265625,-0.55078125,-0.75,-0.73828125,-0.59765625,-0.59765625,-0.53125,-0.84765625,-0.86328125,-0.72265625,-1.0703125,-1.0390625,-0.8828125,-0.77734375,-0.91796875,-1.3398438,-1.0625,-0.921875,-1.4765625,-1.46875,-1.3320312,-1.1367188,-1.1523438,-1.3984375,-1.5,-1.515625,-1.5976562,-1.5039062,-1.3984375,-1.2109375,-1.421875,-1.65625,-1.2695312,-1.75,-1.9765625,-2.1445312,-2.015625,-1.6601562,-2.0898438,-2.0507812,-1.8632812,-2.2617188
2235.5,-0.55078125,-0.54296875,-0.56640625,-0.42578125,-0.39453125,-1.0546875,-0.71484375,-0.55078125,-0.74609375,-0.73828125,-0.59765625,-0.6015625,-0.52734375,-0.84765625,-0.859375,-0.72265625,-1.0664062,-1.0351562,-0.87890625,-0.7734375,-0.9140625,-1.3359375,-1.0546875,-0.9140625,-1.4726562,-1.4648438,-1.328125,-1.1367188,-1.140625,-1.3984375,-1.4921875,-1.5078125,-1.5898438,-1.5,-1.3984375,-1.2109375,-1.4140625,-1.65625,-1.2539062,-1.75,-1.96875,-2.1367188,-2.0117188,-1.65625,-2.078125,-2.0546875,-1.8515625,-2.2617188
2236.5,-0.546875,-0.53515625,-0.56640625,-0.421875,-0.39453125,-1.046875,-0.71484375,-0.546875,-0.7421875,-0.73046875,-0.59375,-0.59375,-0.5234375,-0.83984375,-0.86328125,-0.72265625,-1.0625,-1.0273438,-0.875,-0.76953125,-0.9140625,-1.3242188,-1.0507812,-0.9140625,-1.4648438,-1.4570312,-1.3242188,-1.1289062,-1.140625,-1.3945312,-1.4882812,-1.5039062,-1.5820312,-1.4882812,-1.390625,-1.203125,-1.40625,-1.6523438,-1.2460938,-1.7539062,-1.9570312,-2.125,-2.0,-1.6484375,-2.0664062,-2.0546875,-1.84375,-2.265625
2237.5,-0.546875,-0.53515625,-0.5703125,-0.41796875,-0.390625,-1.046875,-0.71484375,-0.5546875,-0.73828125,-0.73046875,-0.58984375,-0.59375,-0.5234375,-0.83203125,-0.86328125,-0.73046875,-1.0546875,-1.0273438,-0.87109375,-0.76953125,-0.91015625,-1.3203125,-1.0507812,-0.921875,-1.4609375,-1.453125,-1.3242188,-1.125,-1.1367188,-1.3945312,-1.484375,-1.5117188,-1.578125,-1.484375,-1.3867188,-1.1992188,-1.4023438,-1.6484375,-1.2382812,-1.7617188,-1.9492188,-2.1171875,-1.9960938,-1.640625,-2.0507812,-2.0507812,-1.8398438,-2.2734375
2238.5,-0.54296875,-0.52734375,-0.5703125,-0.41015625,-0.38671875,-1.0390625,-0.71484375,-0.55078125,-0.73046875,-0.72265625,-0.58984375,-0.58984375,-0.515625,-0.83203125,-0.8671875,-0.734375,-1.046875,-1.0195312,-0.8671875,-0.76171875,-0.90234375,-1.3164062,-1.046875,-0.92578125,-1.4492188,-1.4453125,-1.3203125,-1.1171875,-1.1328125,-1.390625,-1.4804688,-1.5078125,-1.5664062,-1.4765625,-1.3867188,-1.1914062,-1.3984375,-1.6484375,-1.2304688,-1.765625,-1.9335938,-2.1054688,-1.9882812,-1.6289062,-2.0351562,-2.046875,-1.8320312,-2.2734375
2239.5,-0.5390625,-0.5234375,-0.57421875,-0.41015625,-0.38671875,-1.0390625,-0.71875,-0.55078125,-0.7265625,-0.71875,-0.5859375,-0.58984375,-0.51171875,-0.828125,-0.87109375,-0.73828125,-1.0429688,-1.0078125,-0.86328125,-0.76171875,-0.8984375,-1.3164062,-1.0507812,-0.92578125,-1.4453125,-1.4375,-1.3164062,-1.1132812,-1.1289062,-1.3867188,-1.4804688,-1.5117188,-1.5625,-1.46875,-1.3828125,-1.1875,-1.3945312,-1.6484375,-1.2265625,-1.7734375,-1.9257812,-2.09375,-1.984375,-1.625,-2.03125,-2.046875,-1.828125,-2.2773438
2240.5,-0.5390625,-0.51953125,-0.57421875,-0.40625,-0.38671875,-1.0390625,-0.72265625,-0.54296875,-0.7265625,-0.71875,-0.5859375,-0.5859375,-0.50390625,-0.828125,-0.87109375,-0.73828125,-1.0429688,-1.0039062,-0.859375,-0.7578125,-0.890625,-1.3125,-1.0507812,-0.921875,-1.4375,-1.4335938,-1.3125,-1.109375,-1.125,-1.3867188,-1.4804688,-1.5078125,-1.5546875,-1.4648438,-1.3789062,-1.1835938,-1.3867188,-1.6484375,-1.2226562,-1.7734375,-1.9179688,-2.0859375,-1.9804688,-1.6210938,-2.0195312,-2.046875,-1.8242188,-2.2773438
2241.5,-0.53515625,-0.51953125,-0.5703125,-0.40234375,-0.38671875,-1.03125,-0.71875,-0.546875,-0.71875,-0.71484375,-0.578125,-0.5859375,-0.50390625,-0.8203125,-0.875,-0.74609375,-1.0351562,-1.0,-0.8515625,-0.75390625,-0.88671875,-1.3085938,-1.0507812,-0.92578125,-1.4335938,-1.4257812,-1.3085938,-1.1015625,-1.1210938,-1.3789062,-1.4726562,-1.5117188,-1.5507812,-1.4570312,-1.375,-1.1757812,-1.3828125,-1.640625,-1.2148438,-1.7773438,-1.90625,-2.0742188,-1.9726562,-1.6132812,-2.0117188,-2.0351562,-1.8164062,-2.28125
2242.5,-0.53515625,-0.51953125,-0.5703125,-0.40234375,-0.3828125,-1.0273438,-0.72265625,-0.546875,-0.71875,-0.71484375,-0.57421875,-0.58203125,-0.49609375,-0.81640625,-0.87109375,-0.7421875,-1.03125,-0.99609375,-0.84375,-0.75,-0.8828125,-1.3085938,-1.046875,-0.92578125,-1.4296875,-1.4257812,-1.3007812,-1.0976562,-1.1132812,-1.375,-1.4648438,-1.5117188,-1.5429688,-1.453125,-1.3671875,-1.1757812,-1.375,-1.6367188,-1.2070312,-1.7773438,-1.8984375,-2.0625,-1.9648438,-1.6054688,-2.0039062,-2.03125,-1.8125,-2.28125
2243.5,-0.53125,-0.515625,-0.56640625,-0.40234375,-0.38671875,-1.0195312,-0.72265625,-0.5390625,-0.7109375,-0.7109375,-0.5703125,-0.578125,-0.4921875,-0.8125,-0.875,-0.73828125,-1.0273438,-0.9921875,-0.8359375,-0.75,-0.87890625,-1.3046875,-1.046875,-0.91796875,-1.421875,-1.4179688,-1.2929688,-1.09375,-1.1054688,-1.3671875,-1.46875,-1.5078125,-1.5390625,-1.4453125,-1.359375,-1.1679688,-1.3671875,-1.6367188,-1.203125,-1.7734375,-1.8867188,-2.0546875,-1.9570312,-1.5976562,-1.9960938,-2.0195312,-1.8046875,-2.2734375
2244.5,-0.53125,-0.51171875,-0.5703125,-0.39453125,-0.3828125,-1.015625,-0.72265625,-0.5390625,-0.70703125,-0.70703125,-0.5703125,-0.57421875,-0.48828125,-0.80859375,-0.8828125,-0.73828125,-1.0195312,-0.98828125,-0.83203125,-0.74609375,-0.8671875,-1.296875,-1.0507812,-0.9140625,-1.4140625,-1.4140625,-1.2929688,-1.0898438,-1.09375,-1.359375,-1.4726562,-1.5117188,-1.5273438,-1.4375,-1.3554688,-1.1640625,-1.3554688,-1.6367188,-1.1992188,-1.7773438,-1.875,-2.046875,-1.9492188,-1.5898438,-1.9804688,-2.0117188,-1.8007812,-2.2695312
2245.5,-0.52734375,-0.5078125,-0.57421875,-0.39453125,-0.3828125,-1.0039062,-0.7265625,-0.54296875,-0.703125,-0.70703125,-0.5703125,-0.57421875,-0.484375,-0.80859375,-0.890625,-0.73828125,-1.015625,-0.98828125,-0.828125,-0.74609375,-0.8671875,-1.2890625,-1.0546875,-0.9140625,-1.4101562,-1.4101562,-1.2929688,-1.0859375,-1.0898438,-1.3476562,-1.4726562,-1.5117188,-1.5234375,-1.4335938,-1.3554688,-1.1601562,-1.3515625,-1.6289062,-1.1992188,-1.7734375,-1.8671875,-2.0429688,-1.9453125,-1.5820312,-1.9726562,-2.0039062,-1.796875,-2.2695312
2246.5,-0.5234375,-0.5078125,-0.5703125,-0.39453125,-0.37890625,-0.99609375,-0.7265625,-0.5390625,-0.6953125,-0.703125,-0.5625,-0.57421875,-0.48046875,-0.8125,-0.89453125,-0.73046875,-1.0078125,-0.98046875,-0.81640625,-0.74609375,-0.859375,-1.2851562,-1.0546875,-0.9140625,-1.3984375,-1.40625,-1.2851562,-1.0820312,-1.0859375,-1.3398438,-1.4726562,-1.5039062,-1.5117188,-1.4296875,-1.3476562,-1.15625,-1.3476562,-1.6289062,-1.1992188,-1.7695312,-1.8515625,-2.0351562,-1.9335938,-1.578125,-1.9609375,-2.0,-1.7929688,-2.2695312
2247.5,-0.5234375,-0.5078125,-0.5703125,-0.39453125,-0.37890625,-0.9921875,-0.73046875,-0.546875,-0.6953125,-0.69921875,-0.55859375,-0.5703125,-0.4765625,-0.8203125,-0.90234375,-0.73046875,-1.0078125,-0.9765625,-0.8125,-0.7421875,-0.859375,-1.2773438,-1.0625,-0.91796875,-1.3945312,-1.3984375,-1.28125,-1.078125,-1.0820312,-1.3359375,-1.4765625,-1.5,-1.5078125,-1.4257812,-1.3398438,-1.1523438,-1.3476562,-1.6289062,-1.203125,-1.765625,-1.84375,-2.0273438,-1.9257812,-1.5703125,-1.953125,-1.9921875,-1.7929688,-2.2695312
2248.5,-0.5234375,-0.5078125,-0.5703125,-0.390625,-0.37890625,-0.99609375,-0.73046875,-0.55078125,-0.69140625,-0.69921875,-0.5546875,-0.5703125,-0.47265625,-0.83203125,-0.90625,-0.73828125,-1.0039062,-0.97265625,-0.8046875,-0.73828125,-0.85546875,-1.2695312,-1.0664062,-0.921875,-1.390625,-1.3945312,-1.2773438,-1.0742188,-1.0820312,-1.3398438,-1.4765625,-1.5039062,-1.5039062,-1.4179688,-1.3359375,-1.1484375,-1.34375,-1.6289062,-1.203125,-1.7734375,-1.8398438,-2.015625,-1.9179688,-1.5625,-1.9453125,-1.9804688,-1.7890625,-2.2734375
2249.5,-0.51953125,-0.5078125,-0.57421875,-0.390625,-0.37890625,-1.0039062,-0.7265625,-0.546875,-0.6875,-0.69921875,-0.5546875,-0.5703125,-0.47265625,-0.84375,-0.90234375,-0.734375,-1.0,-0.97265625,-0.80078125,-0.73828125,-0.85546875,-1.2578125,-1.0625,-0.91796875,-1.3867188,-1.3945312,-1.2773438,-1.0703125,-1.078125,-1.34375,-1.46875,-1.5,-1.4960938,-1.4179688,-1.3320312,-1.1445312,-1.3398438,-1.6289062,-1.1992188,-1.7773438,-1.828125,-2.0117188,-1.90625,-1.5585938,-1.9375,-1.9726562,-1.78125,-2.2734375
2250.5,-0.51953125,-0.5078125,-0.57421875,-0.38671875,-0.37890625,-1.0117188,-0.734375,-0.546875,-0.68359375,-0.6953125,-0.55078125,-0.5703125,-0.47265625,-0.86328125,-0.90625,-0.7265625,-0.99609375,-0.96875,-0.80078125,-0.734375,-0.859375,-1.2539062,-1.0585938,-0.9140625,-1.375,-1.390625,-1.2734375,-1.0664062,-1.0742188,-1.3515625,-1.46875,-1.4921875,-1.4882812,-1.4101562,-1.3320312,-1.1367188,-1.3398438,-1.6367188,-1.1992188,-1.7773438,-1.8203125,-2.0039062,-1.9023438,-1.5507812,-1.9335938,-1.9726562,-1.7773438,-2.2773438
2251.5,-0.515625,-0.50390625,-0.57421875,-0.3828125,-0.375,-1.0234375,-0.734375,-0.5546875,-0.6796875,-0.6953125,-0.55078125,-0.5625,-0.46484375,-0.8828125,-0.90625,-0.7265625,-0.9921875,-0.96484375,-0.796875,-0.7265625,-0.859375,-1.2460938,-1.0546875,-0.9140625,-1.3710938,-1.3828125,-1.2695312,-1.0585938,-1.0703125,-1.3632812,-1.4609375,-1.4921875,-1.484375,-1.40625,-1.328125,-1.1289062,-1.3320312,-1.640625,-1.1953125,-1.78125,-1.8085938,-1.9921875,-1.890625,-1.5351562,-1.9257812,-1.9726562,-1.7695312,-2.2773438
2252.5,-0.515625,-0.49609375,-0.578125,-0.3828125,-0.37890625,-1.0351562,-0.73828125,-0.55078125,-0.6796875,-0.6875,-0.546875,-0.56640625,-0.46875,-0.90625,-0.91796875,-0.7265625,-0.9921875,-0.95703125,-0.7890625,-0.7265625,-0.86328125,-1.25,-1.0507812,-0.9140625,-1.3632812,-1.375,-1.265625,-1.0546875,-1.0703125,-1.3828125,-1.4648438,-1.4882812,-1.4804688,-1.3945312,-1.3242188,-1.125,-1.3320312,-1.6601562,-1.1953125,-1.78125,-1.8007812,-1.9804688,-1.8828125,-1.53125,-1.921875,-1.984375,-1.765625,-2.2773438
2253.5,-0.51171875,-0.49609375,-0.578125,-0.37890625,-0.37890625,-1.046875,-0.7421875,-0.546875,-0.671875,-0.6875,-0.546875,-0.5625,-0.46875,-0.921875,-0.921875,-0.7265625,-0.984375,-0.953125,-0.78515625,-0.72265625,-0.859375,-1.25,-1.0507812,-0.9140625,-1.3554688,-1.3710938,-1.2617188,-1.0507812,-1.0625,-1.3945312,-1.4609375,-1.4882812,-1.46875,-1.3945312,-1.3203125,-1.1210938,-1.3320312,-1.6679688,-1.1914062,-1.7851562,-1.7890625,-1.9765625,-1.875,-1.5273438,-1.9179688,-1.9921875,-1.7617188,-2.2773438
2254.5,-0.51171875,-0.4921875,-0.58203125,-0.37890625,-0.375,-1.0625,-0.75,-0.546875,-0.671875,-0.68359375,-0.54296875,-0.55859375,-0.46875,-0.93359375,-0.9296875,-0.7265625,-0.98046875,-0.94921875,-0.78125,-0.71875,-0.859375,-1.2460938,-1.0507812,-0.91015625,-1.3515625,-1.3632812,-1.2578125,-1.0429688,-1.0585938,-1.40625,-1.4648438,-1.4882812,-1.4648438,-1.3867188,-1.3164062,-1.1132812,-1.328125,-1.6796875,-1.1914062,-1.7929688,-1.78125,-1.9648438,-1.8632812,-1.5195312,-1.9101562,-1.9960938,-1.7617188,-2.28125
2255.5,-0.5078125,-0.4921875,-0.578125,-0.375,-0.375,-1.078125,-0.75,-0.54296875,-0.6640625,-0.68359375,-0.53515625,-0.5546875,-0.46875,-0.9453125,-0.9296875,-0.71875,-0.9765625,-0.9453125,-0.7734375,-0.71484375,-0.859375,-1.25,-1.046875,-0.91015625,-1.34375,-1.3632812,-1.25,-1.0351562,-1.0546875,-1.421875,-1.4609375,-1.4804688,-1.4570312,-1.3828125,-1.3085938,-1.1054688,-1.3242188,-1.6914062,-1.1835938,-1.796875,-1.7734375,-1.9609375,-1.8515625,-1.5078125,-1.90625,-2.0039062,-1.7617188,-2.2851562
2256.5,-0.50390625,-0.48828125,-0.57421875,-0.375,-0.37109375,-1.0859375,-0.75,-0.5390625,-0.66015625,-0.6796875,-0.53125,-0.5546875,-0.46484375,-0.94921875,-0.92578125,-0.71484375,-0.97265625,-0.94140625,-0.765625,-0.7109375,-0.85546875,-1.2539062,-1.046875,-0.91015625,-1.3359375,-1.3554688,-1.2421875,-1.03125,-1.0546875,-1.4296875,-1.4609375,-1.4804688,-1.4492188,-1.375,-1.3007812,-1.0976562,-1.3164062,-1.6953125,-1.1796875,-1.7929688,-1.7617188,-1.953125,-1.8398438,-1.5,-1.8945312,-2.0039062,-1.7539062,-2.2851562
2257.5,-0.50390625,-0.48828125,-0.578125,-0.37109375,-0.3671875,-1.09375,-0.75390625,-0.5390625,-0.66015625,-0.67578125,-0.52734375,-0.55078125,-0.46484375,-0.95703125,-0.9296875,-0.71875,-0.97265625,-0.93359375,-0.76171875,-0.7109375,-0.85546875,-1.2578125,-1.0429688,-0.921875,-1.3320312,-1.3515625,-1.234375,-1.0273438,-1.0507812,-1.4335938,-1.4609375,-1.4804688,-1.4453125,-1.3710938,-1.296875,-1.09375,-1.3125,-1.6992188,-1.1757812,-1.8046875,-1.7578125,-1.9414062,-1.8320312,-1.4921875,-1.8867188,-2.0039062,-1.7460938,-2.2890625
2258.5,-0.5,-0.484375,-0.578125,-0.3671875,-0.3671875,-1.09375,-0.76171875,-0.54296875,-0.65625,-0.671875,-0.5234375,-0.546875,-0.45703125,-0.95703125,-0.9375,-0.71875,-0.96484375,-0.9296875,-0.75390625,-0.70703125,-0.8515625,-1.2617188,-1.046875,-0.92578125,-1.3242188,-1.3476562,-1.2304688,-1.0195312,-1.0429688,-1.4257812,-1.4609375,-1.484375,-1.4375,-1.3632812,-1.2929688,-1.0898438,-1.3085938,-1.6953125,-1.1796875,-1.8085938,-1.7460938,-1.9335938,-1.8203125,-1.4804688,-1.8828125,-1.9921875,-1.7421875,-2.2890625
2259.5,-0.49609375,-0.484375,-0.58203125,-0.36328125,-0.36328125,-1.0976562,-0.765625,-0.54296875,-0.6484375,-0.671875,-0.51953125,-0.54296875,-0.453125,-0.953125,-0.94140625,-0.71484375,-0.95703125,-0.92578125,-0.75,-0.703125,-0.84765625,-1.2578125,-1.0429688,-0.92578125,-1.3164062,-1.34375,-1.2226562,-1.0117188,-1.0390625,-1.4179688,-1.453125,-1.4804688,-1.4296875,-1.359375,-1.2890625,-1.0820312,-1.3046875,-1.6914062,-1.1796875,-1.8125,-1.734375,-1.9257812,-1.8164062,-1.4726562,-1.875,-1.9882812,-1.734375,-2.2890625
2260.5,-0.49609375,-0.484375,-0.578125,-0.36328125,-0.36328125,-1.0976562,-0.7734375,-0.54296875,-0.6484375,-0.66796875,-0.515625,-0.54296875,-0.453125,-0.953125,-0.9453125,-0.71484375,-0.953125,-0.921875,-0.74609375,-0.69921875,-0.84375,-1.2617188,-1.046875,-0.92578125,-1.3125,-1.3398438,-1.2148438,-1.0078125,-1.0351562,-1.4140625,-1.453125,-1.4804688,-1.4257812,-1.3554688,-1.28125,-1.0742188,-1.3046875,-1.6875,-1.1875,-1.8164062,-1.7265625,-1.9179688,-1.8046875,-1.4648438,-1.8671875,-1.984375,-1.734375,-2.2890625
2261.5,-0.4921875,-0.4765625,-0.58203125,-0.36328125,-0.36328125,-1.0976562,-0.77734375,-0.546875,-0.64453125,-0.6640625,-0.515625,-0.5390625,-0.44921875,-0.953125,-0.9453125,-0.71484375,-0.94921875,-0.91796875,-0.7421875,-0.6953125,-0.84375,-1.2617188,-1.046875,-0.92578125,-1.3046875,-1.3320312,-1.2109375,-1.0,-1.03125,-1.4023438,-1.4492188,-1.4804688,-1.4179688,-1.3476562,-1.28125,-1.0664062,-1.3007812,-1.6835938,-1.1914062,-1.8203125,-1.71875,-1.9101562,-1.796875,-1.4570312,-1.8632812,-1.984375,-1.734375,-2.2929688
2262.5,-0.48828125,-0.47265625,-0.5859375,-0.35546875,-0.36328125,-1.0976562,-0.77734375,-0.546875,-0.640625,-0.66015625,-0.515625,-0.53125,-0.44921875,-0.95703125,-0.94140625,-0.71484375,-0.9453125,-0.91015625,-0.73828125,-0.6875,-0.84375,-1.265625,-1.0429688,-0.921875,-1.296875,-1.328125,-1.2109375,-0.9921875,-1.03125,-1.3945312,-1.4414062,-1.4804688,-1.4101562,-1.3398438,-1.28125,-1.0585938,-1.296875,-1.6757812,-1.1914062,-1.8242188,-1.7070312,-1.8984375,-1.796875,-1.4492188,-1.859375,-1.9804688,-1.7265625,-2.2890625
2263.5,-0.48828125,-0.46875,-0.58984375,-0.359375,-0.35546875,-1.09375,-0.77734375,-0.53515625,-0.63671875,-0.66015625,-0.515625,-0.53125,-0.4375,-0.95703125,-0.94140625,-0.7109375,-0.94140625,-0.90625,-0.734375,-0.6875,-0.8359375,-1.265625,-1.0429688,-0.91796875,-1.2929688,-1.3203125,-1.2070312,-0.98828125,-1.0234375,-1.3867188,-1.4375,-1.4804688,-1.40625,-1.3359375,-1.28125,-1.0546875,-1.2851562,-1.6640625,-1.1914062,-1.8203125,-1.6992188,-1.890625,-1.7890625,-1.4453125,-1.8476562,-1.9765625,-1.71875,-2.28125
2264.5,-0.484375,-0.46484375,-0.59375,-0.35546875,-0.3515625,-1.09375,-0.78515625,-0.53515625,-0.6328125,-0.65625,-0.515625,-0.53125,-0.43359375,-0.96875,-0.9453125,-0.7109375,-0.9375,-0.90234375,-0.73046875,-0.68359375,-0.83203125,-1.2734375,-1.0429688,-0.9140625,-1.2851562,-1.3164062,-1.203125,-0.984375,-1.015625,-1.3867188,-1.4335938,-1.4804688,-1.3984375,-1.3320312,-1.28125,-1.0507812,-1.28125,-1.65625,-1.1992188,-1.8242188,-1.6914062,-1.8828125,-1.7890625,-1.4375,-1.84375,-1.9765625,-1.71875,-2.28125
2265.5,-0.48046875,-0.46484375,-0.59375,-0.3515625,-0.3515625,-1.0898438,-0.78515625,-0.53515625,-0.62890625,-0.65625,-0.51171875,-0.52734375,-0.4296875,-0.9765625,-0.94921875,-0.7109375,-0.9296875,-0.89453125,-0.7265625,-0.6796875,-0.828125,-1.2734375,-1.0390625,-0.9140625,-1.2773438,-1.3164062,-1.1992188,-0.98046875,-1.0117188,-1.375,-1.4296875,-1.4804688,-1.390625,-1.328125,-1.2773438,-1.0429688,-1.2773438,-1.6445312,-1.1992188,-1.8242188,-1.6796875,-1.8789062,-1.7773438,-1.4296875,-1.8398438,-1.9804688,-1.7109375,-2.28125
2266.5,-0.48046875,-0.46484375,-0.59375,-0.3515625,-0.3515625,-1.0898438,-0.78515625,-0.53515625,-0.625,-0.65625,-0.5078125,-0.5234375,-0.4296875,-0.98828125,-0.953125,-0.70703125,-0.92578125,-0.89453125,-0.72265625,-0.67578125,-0.828125,-1.28125,-1.03125,-0.90625,-1.2734375,-1.3125,-1.1914062,-0.97265625,-1.0078125,-1.3671875,-1.4257812,-1.4765625,-1.3867188,-1.3242188,-1.2734375,-1.0390625,-1.2773438,-1.6445312,-1.203125,-1.8242188,-1.671875,-1.8710938,-1.7695312,-1.4257812,-1.8359375,-1.9921875,-1.7109375,-2.28125
2267.5,-0.4765625,-0.4609375,-0.59375,-0.34765625,-0.35546875,-1.0820312,-0.78515625,-0.5390625,-0.62109375,-0.6484375,-0.5078125,-0.515625,-0.4296875,-0.99609375,-0.953125,-0.703125,-0.921875,-0.890625,-0.72265625,-0.671875,-0.83203125,-1.28125,-1.0273438,-0.90234375,-1.2695312,-1.3085938,-1.1835938,-0.96875,-1.0078125,-1.3554688,-1.421875,-1.4765625,-1.3789062,-1.3164062,-1.2734375,-1.03125,-1.2773438,-1.640625,-1.203125,-1.8242188,-1.6640625,-1.859375,-1.7617188,-1.4140625,-1.8398438,-1.9921875,-1.7109375,-2.2851562
2268.5,-0.4765625,-0.4609375,-0.59375,-0.34375,-0.3515625,-1.078125,-0.78515625,-0.54296875,-0.62109375,-0.6484375,-0.50390625,-0.515625,-0.4296875,-1.0,-0.95703125,-0.70703125,-0.91796875,-0.88671875,-0.71875,-0.66796875,-0.828125,-1.2851562,-1.0234375,-0.8984375,-1.265625,-1.3046875,-1.1757812,-0.9609375,-1.0039062,-1.3476562,-1.4179688,-1.4804688,-1.3789062,-1.3125,-1.265625,-1.0234375,-1.2695312,-1.6367188,-1.203125,-1.8242188,-1.65625,-1.8554688,-1.75,-1.40625,-1.8359375,-1.984375,-1.7070312,-2.2890625
2269.5,-0.47265625,-0.45703125,-0.59375,-0.34375,-0.3515625,-1.0664062,-0.7890625,-0.5390625,-0.6171875,-0.64453125,-0.5,-0.51171875,-0.42578125,-0.99609375,-0.95703125,-0.6953125,-0.9140625,-0.8828125,-0.71484375,-0.6640625,-0.828125,-1.2851562,-1.0195312,-0.890625,-1.2578125,-1.296875,-1.1640625,-0.953125,-1.0039062,-1.34375,-1.4140625,-1.4726562,-1.3710938,-1.3046875,-1.2578125,-1.015625,-1.2695312,-1.625,-1.203125,-1.8242188,-1.6484375,-1.8476562,-1.7382812,-1.3984375,-1.8320312,-1.9726562,-1.6992188,-2.2851562
2270.5,-0.46875,-0.453125,-0.58984375,-0.34375,-0.3515625,-1.0546875,-0.79296875,-0.53515625,-0.61328125,-0.640625,-0.4921875,-0.51171875,-0.42578125,-0.9921875,-0.953125,-0.6875,-0.91015625,-0.87890625,-0.70703125,-0.6640625,-0.828125,-1.2851562,-1.015625,-0.890625,-1.2539062,-1.2929688,-1.15625,-0.953125,-1.0,-1.3320312,-1.4140625,-1.4726562,-1.3671875,-1.3007812,-1.2539062,-1.015625,-1.265625,-1.6210938,-1.203125,-1.8242188,-1.6367188,-1.8398438,-1.7265625,-1.3984375,-1.828125,-1.9570312,-1.6914062,-2.28125
2271.5,-0.46875,-0.453125,-0.58984375,-0.34375,-0.35546875,-1.0546875,-0.78515625,-0.53125,-0.609375,-0.640625,-0.4921875,-0.5078125,-0.42578125,-0.98828125,-0.94921875,-0.671875,-0.90234375,-0.875,-0.703125,-0.66015625,-0.828125,-1.2734375,-1.0117188,-0.8828125,-1.2460938,-1.2890625,-1.1484375,-0.94921875,-1.0,-1.3203125,-1.4140625,-1.46875,-1.359375,-1.296875,-1.2460938,-1.0078125,-1.265625,-1.6132812,-1.203125,-1.8125,-1.625,-1.8359375,-1.7148438,-1.390625,-1.828125,-1.9414062,-1.6835938,-2.2734375
2272.5,-0.46484375,-0.453125,-0.5859375,-0.33984375,-0.35546875,-1.0546875,-0.7890625,-0.52734375,-0.60546875,-0.63671875,-0.484375,-0.5078125,-0.42578125,-0.98828125,-0.95703125,-0.6640625,-0.8984375,-0.87109375,-0.6953125,-0.65625,-0.828125,-1.265625,-1.015625,-0.87890625,-1.2382812,-1.28125,-1.1328125,-0.94140625,-0.99609375,-1.3125,-1.4179688,-1.4609375,-1.3515625,-1.2890625,-1.2382812,-1.0039062,-1.265625,-1.6132812,-1.2109375,-1.8125,-1.6132812,-1.8242188,-1.6992188,-1.3828125,-1.828125,-1.9257812,-1.6796875,-2.2734375
2273.5,-0.46484375,-0.453125,-0.58203125,-0.33203125,-0.3515625,-1.0507812,-0.79296875,-0.5234375,-0.6015625,-0.63671875,-0.48046875,-0.50390625,-0.42578125,-0.98828125,-0.953125,-0.65234375,-0.8984375,-0.8671875,-0.69140625,-0.65234375,-0.82421875,-1.2617188,-1.0117188,-0.875,-1.234375,-1.28125,-1.125,-0.9375,-0.98828125,-1.3046875,-1.4179688,-1.4570312,-1.3476562,-1.2890625,-1.2304688,-0.99609375,-1.2617188,-1.6132812,-1.21875,-1.8046875,-1.6054688,-1.8164062,-1.6875,-1.375,-1.8242188,-1.9179688,-1.671875,-2.2695312
2274.5,-0.4609375,-0.453125,-0.58203125,-0.32421875,-0.34765625,-1.0507812,-0.796875,-0.515625,-0.59765625,-0.63671875,-0.48046875,-0.5,-0.421875,-0.9921875,-0.95703125,-0.64453125,-0.890625,-0.8671875,-0.6875,-0.64453125,-0.8203125,-1.2617188,-1.0117188,-0.86328125,-1.2304688,-1.2773438,-1.1171875,-0.93359375,-0.984375,-1.296875,-1.4257812,-1.453125,-1.3398438,-1.28125,-1.2226562,-0.9921875,-1.2578125,-1.6132812,-1.2265625,-1.796875,-1.5976562,-1.8085938,-1.6796875,-1.3632812,-1.8203125,-1.90625,-1.6757812,-2.265625
2275.5,-0.4609375,-0.44921875,-0.5859375,-0.3203125,-0.34765625,-1.0507812,-0.79296875,-0.51953125,-0.59765625,-0.6328125,-0.48046875,-0.5,-0.421875,-0.9921875,-0.953125,-0.64453125,-0.890625,-0.859375,-0.6875,-0.63671875,-0.8203125,-1.2578125,-1.0117188,-0.859375,-1.2226562,-1.2695312,-1.1132812,-0.92578125,-0.98046875,-1.2851562,-1.421875,-1.4570312,-1.3320312,-1.2773438,-1.21875,-0.984375,-1.2578125,-1.6132812,-1.2265625,-1.8007812,-1.5898438,-1.8007812,-1.671875,-1.3554688,-1.8203125,-1.8867188,-1.671875,-2.265625
2276.5,-0.45703125,-0.453125,-0.58203125,-0.31640625,-0.34375,-1.0507812,-0.796875,-0.5234375,-0.59375,-0.6328125,-0.4765625,-0.5,-0.41796875,-0.99609375,-0.95703125,-0.64453125,-0.88671875,-0.859375,-0.6796875,-0.62890625,-0.81640625,-1.265625,-1.0195312,-0.859375,-1.21875,-1.2695312,-1.1015625,-0.91796875,-0.9765625,-1.2773438,-1.4257812,-1.4570312,-1.328125,-1.2734375,-1.2070312,-0.984375,-1.2539062,-1.6210938,-1.234375,-1.8007812,-1.578125,-1.7929688,-1.65625,-1.3515625,-1.8164062,-1.875,-1.6679688,-2.265625
2277.5,-0.45703125,-0.453125,-0.5859375,-0.30859375,-0.33984375,-1.0585938,-0.796875,-0.52734375,-0.59375,-0.6328125,-0.4765625,-0.49609375,-0.41796875,-1.0,-0.953125,-0.64453125,-0.8828125,-0.859375,-0.6796875,-0.625,-0.81640625,-1.2695312,-1.0195312,-0.859375,-1.2148438,-1.265625,-1.0976562,-0.9140625,-0.97265625,-1.265625,-1.4257812,-1.4570312,-1.3242188,-1.2734375,-1.203125,-0.98046875,-1.2539062,-1.6210938,-1.234375,-1.8046875,-1.5703125,-1.7890625,-1.6484375,-1.3476562,-1.8125,-1.8632812,-1.6601562,-2.265625
2278.5,-0.45703125,-0.44921875,-0.5859375,-0.3046875,-0.3359375,-1.0625,-0.79296875,-0.52734375,-0.58984375,-0.62890625,-0.47265625,-0.4921875,-0.4140625,-1.0,-0.94921875,-0.64453125,-0.87890625,-0.85546875,-0.67578125,-0.6171875,-0.80859375,-1.2734375,-1.015625,-0.85546875,-1.2070312,-1.2578125,-1.0898438,-0.91015625,-0.96484375,-1.2578125,-1.4257812,-1.4570312,-1.3164062,-1.2617188,-1.1953125,-0.9765625,-1.2460938,-1.6171875,-1.234375,-1.8085938,-1.5625,-1.78125,-1.6367188,-1.34375,-1.8085938,-1.8476562,-1.6523438,-2.2578125
2279.5,-0.453125,-0.44921875,-0.5859375,-0.3046875,-0.328125,-1.0625,-0.7890625,-0.52734375,-0.5859375,-0.62890625,-0.47265625,-0.49609375,-0.41015625,-1.0039062,-0.94140625,-0.63671875,-0.875,-0.8515625,-0.671875,-0.61328125,-0.8046875,-1.2773438,-1.0117188,-0.8515625,-1.1992188,-1.2578125,-1.0859375,-0.90625,-0.953125,-1.2578125,-1.421875,-1.4570312,-1.3125,-1.2617188,-1.1914062,-0.9765625,-1.2421875,-1.6132812,-1.234375,-1.8085938,-1.5507812,-1.7734375,-1.6289062,-1.34375,-1.8046875,-1.8359375,-1.6445312,-2.2539062
2280.5,-0.453125,-0.4453125,-0.58203125,-0.30078125,-0.328125,-1.0625,-0.78515625,-0.51953125,-0.5859375,-0.625,-0.46875,-0.4921875,-0.41015625,-1.0117188,-0.9375,-0.625,-0.87109375,-0.84765625,-0.66796875,-0.609375,-0.8046875,-1.2890625,-1.0078125,-0.84765625,-1.1953125,-1.25,-1.078125,-0.90234375,-0.94921875,-1.2539062,-1.4179688,-1.4570312,-1.3085938,-1.2539062,-1.1835938,-0.96875,-1.2382812,-1.6171875,-1.234375,-1.8046875,-1.5429688,-1.765625,-1.6132812,-1.3398438,-1.8046875,-1.828125,-1.6328125,-2.25
2281.5,-0.453125,-0.4453125,-0.58203125,-0.296875,-0.3359375,-1.0585938,-0.78125,-0.51171875,-0.58203125,-0.625,-0.46484375,-0.48828125,-0.41015625,-1.0078125,-0.9375,-0.62109375,-0.86328125,-0.84375,-0.6640625,-0.6015625,-0.80859375,-1.2929688,-1.0,-0.84765625,-1.1875,-1.25,-1.0742188,-0.890625,-0.953125,-1.25,-1.421875,-1.453125,-1.3007812,-1.2539062,-1.1757812,-0.96484375,-1.2382812,-1.6171875,-1.2382812,-1.8085938,-1.5351562,-1.7617188,-1.6054688,-1.3320312,-1.8085938,-1.8164062,-1.6289062,-2.25
2282.5,-0.44921875,-0.4453125,-0.58203125,-0.296875,-0.3359375,-1.0585938,-0.78125,-0.5078125,-0.578125,-0.625,-0.4609375,-0.48828125,-0.41015625,-1.0078125,-0.93359375,-0.6171875,-0.86328125,-0.84375,-0.66015625,-0.59765625,-0.8046875,-1.3046875,-0.99609375,-0.84375,-1.1835938,-1.2460938,-1.0664062,-0.890625,-0.953125,-1.2539062,-1.4257812,-1.4492188,-1.296875,-1.25,-1.1679688,-0.9609375,-1.2382812,-1.6171875,-1.2382812,-1.8046875,-1.5273438,-1.7539062,-1.5898438,-1.3320312,-1.8046875,-1.8085938,-1.625,-2.2460938
2283.5,-0.44921875,-0.4453125,-0.578125,-0.296875,-0.3359375,-1.0625,-0.77734375,-0.5078125,-0.578125,-0.62109375,-0.4609375,-0.4921875,-0.41015625,-1.0117188,-0.93359375,-0.6171875,-0.85546875,-0.83984375,-0.65625,-0.59375,-0.8046875,-1.3085938,-0.984375,-0.84375,-1.1757812,-1.2460938,-1.0585938,-0.88671875,-0.953125,-1.25,-1.4257812,-1.4492188,-1.2929688,-1.2460938,-1.1640625,-0.95703125,-1.2382812,-1.6171875,-1.2304688,-1.8085938,-1.515625,-1.7460938,-1.578125,-1.328125,-1.8085938,-1.8085938,-1.6132812,-2.2460938
2284.5,-0.4453125,-0.44140625,-0.578125,-0.29296875,-0.33203125,-1.0585938,-0.7734375,-0.51171875,-0.57421875,-0.6171875,-0.45703125,-0.484375,-0.40234375,-1.015625,-0.9375,-0.609375,-0.8515625,-0.8359375,-0.65234375,-0.58984375,-0.79296875,-1.3164062,-0.984375,-0.8359375,-1.171875,-1.2382812,-1.0507812,-0.87890625,-0.9453125,-1.2460938,-1.4296875,-1.4414062,-1.2851562,-1.2382812,-1.15625,-0.94921875,-1.2304688,-1.609375,-1.2226562,-1.8007812,-1.5078125,-1.7382812,-1.5703125,-1.3242188,-1.8007812,-1.8125,-1.609375,-2.2382812
2285.5,-0.4453125,-0.4375,-0.57421875,-0.2890625,-0.33203125,-1.0664062,-0.76171875,-0.5078125,-0.57421875,-0.61328125,-0.453125,-0.48046875,-0.40234375,-1.0234375,-0.9296875,-0.609375,-0.8515625,-0.828125,-0.6484375,-0.5859375,-0.79296875,-1.3320312,-0.97265625,-0.8359375,-1.1679688,-1.234375,-1.0429688,-0.87109375,-0.9453125,-1.25,-1.4257812,-1.4414062,-1.28125,-1.234375,-1.1484375,-0.9453125,-1.2265625,-1.6132812,-1.2070312,-1.7929688,-1.5,-1.7304688,-1.5585938,-1.3164062,-1.796875,-1.8203125,-1.5976562,-2.2382812
2286.5,-0.4453125,-0.43359375,-0.57421875,-0.2890625,-0.328125,-1.0742188,-0.76171875,-0.515625,-0.5703125,-0.609375,-0.453125,-0.48046875,-0.39453125,-1.0351562,-0.9296875,-0.609375,-0.84765625,-0.82421875,-0.64453125,-0.58203125,-0.7890625,-1.3515625,-0.96875,-0.83203125,-1.1601562,-1.2226562,-1.0351562,-0.8671875,-0.94140625,-1.2617188,-1.4257812,-1.4453125,-1.2734375,-1.2265625,-1.1445312,-0.94140625,-1.2226562,-1.6171875,-1.1992188,-1.7929688,-1.4921875,-1.71875,-1.546875,-1.3125,-1.7890625,-1.828125,-1.5898438,-2.2382812
2287.5,-0.4453125,-0.43359375,-0.57421875,-0.28515625,-0.328125,-1.078125,-0.765625,-0.51953125,-0.5703125,-0.60546875,-0.44921875,-0.4765625,-0.39453125,-1.0507812,-0.93359375,-0.609375,-0.84765625,-0.8203125,-0.640625,-0.578125,-0.79296875,-1.3671875,-0.97265625,-0.828125,-1.1601562,-1.21875,-1.03125,-0.86328125,-0.9375,-1.2695312,-1.4257812,-1.4414062,-1.2695312,-1.2265625,-1.140625,-0.9375,-1.21875,-1.6210938,-1.203125,-1.7929688,-1.484375,-1.7109375,-1.5351562,-1.3046875,-1.7890625,-1.8398438,-1.5859375,-2.234375
2288.5,-0.4375,-0.4296875,-0.5703125,-0.28515625,-0.328125,-1.078125,-0.76171875,-0.51953125,-0.56640625,-0.6015625,-0.44921875,-0.4765625,-0.390625,-1.0585938,-0.9296875,-0.60546875,-0.83984375,-0.81640625,-0.63671875,-0.57421875,-0.79296875,-1.3789062,-0.97265625,-0.828125,-1.1484375,-1.2109375,-1.0234375,-0.859375,-0.9375,-1.2734375,-1.421875,-1.4414062,-1.2617188,-1.21875,-1.1328125,-0.93359375,-1.21875,-1.6289062,-1.203125,-1.7890625,-1.4726562,-1.703125,-1.5234375,-1.296875,-1.7851562,-1.8476562,-1.5820312,-2.2304688
2289.5,-0.4375,-0.4296875,-0.5703125,-0.28125,-0.328125,-1.078125,-0.76171875,-0.51953125,-0.5625,-0.6015625,-0.4453125,-0.46875,-0.390625,-1.0742188,-0.93359375,-0.60546875,-0.83984375,-0.81640625,-0.62890625,-0.56640625,-0.79296875,-1.3945312,-0.98046875,-0.828125,-1.1445312,-1.2109375,-1.0195312,-0.8515625,-0.9375,-1.2773438,-1.421875,-1.4414062,-1.2578125,-1.2148438,-1.125,-0.92578125,-1.21875,-1.640625,-1.2070312,-1.7890625,-1.4648438,-1.6992188,-1.5117188,-1.2929688,-1.78125,-1.8632812,-1.5859375,-2.2304688
2290.5,-0.43359375,-0.42578125,-0.5703125,-0.28125,-0.328125,-1.078125,-0.76171875,-0.5234375,-0.5625,-0.6015625,-0.4453125,-0.46484375,-0.3828125,-1.0820312,-0.9296875,-0.609375,-0.8359375,-0.8125,-0.62890625,-0.5625,-0.7890625,-1.4023438,-0.98046875,-0.8359375,-1.140625,-1.2070312,-1.0117188,-0.84375,-0.93359375,-1.2734375,-1.4179688,-1.4414062,-1.2539062,-1.2109375,-1.1210938,-0.91796875,-1.2109375,-1.640625,-1.2070312,-1.7890625,-1.4609375,-1.6953125,-1.5039062,-1.2851562,-1.7734375,-1.8710938,-1.5820312,-2.2382812
2291.5,-0.43359375,-0.42578125,-0.56640625,-0.28125,-0.328125,-1.0742188,-0.76171875,-0.53125,-0.5625,-0.59765625,-0.44140625,-0.46875,-0.3828125,-1.0820312,-0.92578125,-0.6171875,-0.83203125,-0.80859375,-0.625,-0.55859375,-0.78515625,-1.40625,-0.984375,-0.8359375,-1.1367188,-1.203125,-1.0078125,-0.84375,-0.9296875,-1.265625,-1.4140625,-1.4453125,-1.2539062,-1.2070312,-1.1132812,-0.9140625,-1.2070312,-1.640625,-1.2070312,-1.796875,-1.453125,-1.6875,-1.4921875,-1.28125,-1.7695312,-1.8789062,-1.578125,-2.2421875
2292.5,-0.42578125,-0.42578125,-0.56640625,-0.28125,-0.3203125,-1.0742188,-0.75390625,-0.53515625,-0.5546875,-0.59765625,-0.44140625,-0.46484375,-0.375,-1.0898438,-0.921875,-0.62109375,-0.828125,-0.8046875,-0.6171875,-0.5546875,-0.78515625,-1.4140625,-0.98046875,-0.8359375,-1.1289062,-1.1992188,-1.0,-0.83984375,-0.92578125,-1.265625,-1.40625,-1.4453125,-1.2460938,-1.203125,-1.1054688,-0.91015625,-1.1992188,-1.6445312,-1.1992188,-1.8007812,-1.4414062,-1.6796875,-1.4804688,-1.2734375,-1.7617188,-1.8867188,-1.5703125,-2.2421875
2293.5,-0.42578125,-0.421875,-0.56640625,-0.27734375,-0.31640625,-1.0742188,-0.76171875,-0.53125,-0.5546875,-0.59375,-0.44140625,-0.46484375,-0.375,-1.0976562,-0.9296875,-0.625,-0.828125,-0.80078125,-0.6171875,-0.55078125,-0.7890625,-1.4257812,-0.98828125,-0.8359375,-1.1289062,-1.1953125,-0.9921875,-0.83203125,-0.92578125,-1.2617188,-1.4140625,-1.4453125,-1.2421875,-1.1992188,-1.1015625,-0.90625,-1.1992188,-1.6445312,-1.203125,-1.8007812,-1.4375,-1.6757812,-1.4726562,-1.265625,-1.7578125,-1.8984375,-1.5703125,-2.2382812
2294.5,-0.42578125,-0.42578125,-0.5625,-0.27734375,-0.3125,-1.0664062,-0.765625,-0.5234375,-0.5546875,-0.59375,-0.4375,-0.46484375,-0.37109375,-1.0976562,-0.94140625,-0.625,-0.82421875,-0.796875,-0.61328125,-0.55078125,-0.78515625,-1.4296875,-0.9921875,-0.828125,-1.125,-1.1914062,-0.984375,-0.83203125,-0.921875,-1.2539062,-1.4257812,-1.4375,-1.2382812,-1.1953125,-1.0976562,-0.90625,-1.1992188,-1.6445312,-1.2109375,-1.8007812,-1.4296875,-1.6679688,-1.4609375,-1.265625,-1.7539062,-1.9023438,-1.5703125,-2.234375
2295.5,-0.421875,-0.41796875,-0.5625,-0.26953125,-0.3125,-1.0625,-0.7734375,-0.5234375,-0.55078125,-0.5859375,-0.4375,-0.45703125,-0.37109375,-1.1015625,-0.94921875,-0.625,-0.8203125,-0.7890625,-0.609375,-0.54296875,-0.78515625,-1.4296875,-0.99609375,-0.8203125,-1.1171875,-1.1875,-0.98046875,-0.828125,-0.91796875,-1.2421875,-1.4335938,-1.4296875,-1.2304688,-1.1875,-1.0898438,-0.8984375,-1.1992188,-1.640625,-1.21875,-1.796875,-1.421875,-1.65625,-1.4492188,-1.2578125,-1.7578125,-1.9101562,-1.5742188,-2.2304688
2296.5,-0.421875,-0.41796875,-0.55859375,-0.265625,-0.30859375,-1.0585938,-0.78125,-0.51953125,-0.546875,-0.58203125,-0.43359375,-0.453125,-0.3671875,-1.1054688,-0.95703125,-0.625,-0.81640625,-0.78515625,-0.60546875,-0.5390625,-0.78125,-1.4335938,-1.0,-0.81640625,-1.1171875,-1.1796875,-0.97265625,-0.8203125,-0.91796875,-1.234375,-1.4414062,-1.421875,-1.2265625,-1.1835938,-1.0859375,-0.89453125,-1.1953125,-1.6445312,-1.2226562,-1.7929688,-1.4140625,-1.6484375,-1.4375,-1.25,-1.7539062,-1.921875,-1.578125,-2.2226562
2297.5,-0.41796875,-0.4140625,-0.55859375,-0.26171875,-0.30859375,-1.0546875,-0.7890625,-0.52734375,-0.546875,-0.58203125,-0.43359375,-0.44921875,-0.37109375,-1.109375,-0.96875,-0.62890625,-0.8125,-0.78125,-0.6015625,-0.53515625,-0.78125,-1.4335938,-1.0078125,-0.8125,-1.1132812,-1.1757812,-0.96484375,-0.81640625,-0.91796875,-1.2265625,-1.4492188,-1.4179688,-1.2226562,-1.1757812,-1.0820312,-0.890625,-1.1953125,-1.6445312,-1.234375,-1.7929688,-1.40625,-1.640625,-1.4296875,-1.2421875,-1.7578125,-1.9296875,-1.5820312,-2.21875
2298.5,-0.41796875,-0.4140625,-0.5546875,-0.265625,-0.30859375,-1.0546875,-0.7890625,-0.52734375,-0.54296875,-0.58203125,-0.43359375,-0.453125,-0.3671875,-1.1132812,-0.96875,-0.625,-0.80859375,-0.78125,-0.59765625,-0.53515625,-0.77734375,-1.4335938,-1.0039062,-0.80859375,-1.1054688,-1.171875,-0.95703125,-0.81640625,-0.91015625,-1.21875,-1.4492188,-1.4101562,-1.2148438,-1.171875,-1.078125,-0.890625,-1.1875,-1.6445312,-1.234375,-1.7890625,-1.3984375,-1.6367188,-1.4179688,-1.2382812,-1.7539062,-1.9375,-1.5742188,-2.2070312
2299.5,-0.4140625,-0.41015625,-0.5546875,-0.265625,-0.3125,-1.046875,-0.79296875,-0.53125,-0.5390625,-0.57421875,-0.43359375,-0.44921875,-0.3671875,-1.1054688,-0.97265625,-0.62109375,-0.8046875,-0.77734375,-0.59375,-0.53125,-0.77734375,-1.4296875,-1.0039062,-0.796875,-1.1015625,-1.1640625,-0.953125,-0.8125,-0.90625,-1.2070312,-1.453125,-1.40625,-1.2070312,-1.1640625,-1.0742188,-0.88671875,-1.1875,-1.6445312,-1.2382812,-1.7890625,-1.390625,-1.6289062,-1.40625,-1.234375,-1.7460938,-1.9414062,-1.5664062,-2.1953125
2300.5,-0.4140625,-0.40625,-0.55078125,-0.26171875,-0.3125,-1.0507812,-0.796875,-0.53515625,-0.5390625,-0.5703125,-0.42578125,-0.44921875,-0.37109375,-1.1132812,-0.98046875,-0.62890625,-0.8046875,-0.76953125,-0.5859375,-0.52734375,-0.7734375,-1.4375,-1.0,-0.796875,-1.0976562,-1.15625,-0.94140625,-0.8046875,-0.90234375,-1.203125,-1.4609375,-1.4023438,-1.2070312,-1.15625,-1.0625,-0.87890625,-1.1796875,-1.6484375,-1.2421875,-1.7851562,-1.3828125,-1.6210938,-1.3945312,-1.2265625,-1.7421875,-1.953125,-1.5625,-2.1914062
