time,ssp585 - sce1,ssp370 - sce1,ssp460 - sce1,ssp245 - sce1,ssp434 - sce1,ssp534 - sce1,ssp126 - sce1,ssp119 - sce1,ssp585 - sce2,ssp370 - sce2,ssp460 - sce2,ssp245 - sce2,ssp434 - sce2,ssp534 - sce2,ssp126 - sce2,ssp119 - sce2,ssp585 - sce3,ssp370 - sce3,ssp460 - sce3,ssp245 - sce3,ssp434 - sce3,ssp534 - sce3,ssp126 - sce3,ssp119 - sce3,ssp585 - sce4,ssp370 - sce4,ssp460 - sce4,ssp245 - sce4,ssp434 - sce4,ssp534 - sce4,ssp126 - sce4,ssp119 - sce4,ssp585 - sce5,ssp370 - sce5,ssp460 - sce5,ssp245 - sce5,ssp434 - sce5,ssp534 - sce5,ssp126 - sce5,ssp119 - sce5,ssp585 - sce6,ssp370 - sce6,ssp460 - sce6,ssp245 - sce6,ssp434 - sce6,ssp534 - sce6,ssp126 - sce6,ssp119 - sce6
2015.5,0.0,0.0,0.0,0.0,0.0,0.0,0.0,0.0,0.0,0.0,0.0,0.0,0.0,0.0,0.0,0.0,0.0,0.0,0.0,0.0,0.0,0.0,0.0,0.0,0.0,0.0,0.0,0.0,0.0,0.0,0.0,0.0,0.0,0.0,0.0,0.0,0.0,0.0,0.0,0.0,0.0,0.0,0.0,0.0,0.0,0.0,0.0,0.0
2016.5,0.0,0.0,0.0,0.0,0.0,0.0,0.0,0.0,0.0,0.0,0.0,0.0,0.0,0.0,0.0,0.0,0.0,0.0,0.0,0.0,0.0,0.0,0.0,0.0,0.0,0.0,0.0,0.0,0.0,0.0,0.0,0.0,0.0,0.0,0.0,0.0,0.0,0.0,0.0,0.0,0.0,0.0,0.0,0.0,0.0,0.0,0.0,0.0
2017.5,0.0,0.0,0.0,0.0,0.0,0.0,0.0,0.0,0.0,0.0,0.0,0.0,0.0,0.0,0.0,0.0,0.0,0.0,0.0,0.0,0.0,0.0,0.0,0.0,0.0,0.0,0.0,0.0,0.0,0.0,0.0,0.0,0.0,0.0,0.0,0.0,0.0,0.0,0.0,0.0,0.0,0.0,0.0,0.0,0.0,0.0,0.0,0.0
2018.5,0.0,0.0,0.0,0.0,0.0,0.0,0.0,0.0,0.0,0.0,0.0,0.0,0.0,0.0,0.0,0.0,0.0,0.0,0.0,0.0,0.0,0.0,0.0,0.0,0.0,0.0,0.0,0.0,0.0,0.0,0.0,0.0,0.0,0.0,0.0,0.0,0.0,0.0,0.0,0.0,0.0,0.0,0.0,0.0,0.0,0.0,0.0,0.0
2019.5,0.0,0.0,0.0,0.0,0.0,0.0,0.0,0.0,0.0,0.0,0.0,0.0,0.0,0.0,0.0,0.0,0.0,0.0,0.0,0.0,0.0,0.0,0.0,0.0,0.0,0.0,0.0,0.0,0.0,0.0,0.0,0.0,0.0,0.0,0.0,0.0,0.0,0.0,0.0,0.0,0.0,0.0,0.0,0.0,0.0,0.0,0.0,0.0
2020.5,-2.3841858e-07,0.0,7.1525574e-07,-7.1525574e-07,0.0,0.0,-2.3841858e-07,0.0,-2.3841858e-07,0.0,7.1525574e-07,-7.1525574e-07,0.0,0.0,-2.3841858e-07,0.0,-4.7683716e-07,0.0,4.7683716e-07,-2.3841858e-07,-4.7683716e-07,2.3841858e-07,-2.3841858e-07,-2.3841858e-07,-4.7683716e-07,0.0,4.7683716e-07,-2.3841858e-07,-4.7683716e-07,2.3841858e-07,-2.3841858e-07,-2.3841858e-07,-2.3841858e-07,-2.3841858e-07,4.7683716e-07,-4.7683716e-07,-2.3841858e-07,0.0,0.0,-2.3841858e-07,-2.3841858e-07,-2.3841858e-07,4.7683716e-07,-4.7683716e-07,-2.3841858e-07,0.0,0.0,-2.3841858e-07
2021.5,-2.3841858e-07,3.0994415e-06,5.9604645e-06,-3.5762787e-06,-1.4305115e-06,-2.861023e-06,-7.1525574e-07,-2.6226044e-06,-2.3841858e-07,3.0994415e-06,5.9604645e-06,-3.5762787e-06,-1.4305115e-06,-2.861023e-06,-7.1525574e-07,-2.6226044e-06,-3.33786e-06,4.7683716e-07,9.536743e-07,-7.1525574e-07,-7.1525574e-06,1.4305115e-06,1.9073486e-06,-4.053116e-06,-3.33786e-06,4.7683716e-07,9.536743e-07,-7.1525574e-07,-7.1525574e-06,1.4305115e-06,1.9073486e-06,-4.053116e-06,-2.861023e-06,-2.861023e-06,1.9073486e-06,-4.2915344e-06,-1.66893e-06,-2.6226044e-06,4.2915344e-06,-4.7683716e-06,-2.861023e-06,-2.861023e-06,1.9073486e-06,-4.2915344e-06,-1.66893e-06,-2.6226044e-06,4.2915344e-06,-4.7683716e-06
2022.5,-3.0994415e-06,0.0,8.821487e-06,-2.1457672e-06,-2.861023e-06,-2.1457672e-06,-8.106232e-06,-7.867813e-06,-3.0994415e-06,0.0,8.821487e-06,-2.1457672e-06,-2.861023e-06,-2.1457672e-06,-8.106232e-06,-7.867813e-06,-1.0967255e-05,-5.9604645e-06,-1.9073486e-06,-7.1525574e-07,-1.3589859e-05,-5.9604645e-06,-1.1920929e-06,-1.335144e-05,-1.0967255e-05,-5.9604645e-06,-1.9073486e-06,-7.1525574e-07,-1.3589859e-05,-5.9604645e-06,-1.1920929e-06,-1.335144e-05,-1.3589859e-05,-1.4305115e-05,-4.053116e-06,-8.583069e-06,-3.33786e-06,-8.821487e-06,-2.6226044e-06,-1.5258789e-05,-1.3589859e-05,-1.4305115e-05,-4.053116e-06,-8.583069e-06,-3.33786e-06,-8.821487e-06,-2.6226044e-06,-1.5258789e-05
2023.5,-2.1457672e-06,-1.1205673e-05,5.722046e-06,-6.914139e-06,-1.1920929e-05,-2.6226044e-06,-1.5974045e-05,-1.3828278e-05,-2.1457672e-06,-1.1205673e-05,5.722046e-06,-6.914139e-06,-1.1920929e-05,-2.6226044e-06,-1.5974045e-05,-1.3828278e-05,-2.2172928e-05,-1.7642975e-05,-1.21593475e-05,-6.914139e-06,-2.4557114e-05,-1.5974045e-05,-9.298325e-06,-1.9550323e-05,-2.2172928e-05,-1.7642975e-05,-1.21593475e-05,-6.914139e-06,-2.4557114e-05,-1.5974045e-05,-9.298325e-06,-1.9550323e-05,-2.169609e-05,-3.504753e-05,-1.9073486e-05,-2.7418137e-05,-1.66893e-05,-2.7418137e-05,-1.4781952e-05,-2.8848648e-05,-2.169609e-05,-3.504753e-05,-1.9073486e-05,-2.7418137e-05,-1.66893e-05,-2.7418137e-05,-1.4781952e-05,-2.8848648e-05
2024.5,-1.2874603e-05,-2.2888184e-05,-4.7683716e-06,-2.026558e-05,-2.503395e-05,-7.6293945e-06,-2.5987625e-05,-3.0517578e-05,-1.2874603e-05,-2.2888184e-05,-4.7683716e-06,-2.026558e-05,-2.503395e-05,-7.6293945e-06,-2.5987625e-05,-3.0517578e-05,-3.7431717e-05,-4.36306e-05,-3.2186508e-05,-2.4080276e-05,-4.6491623e-05,-3.0994415e-05,-2.7656555e-05,-3.6478043e-05,-3.7431717e-05,-4.36306e-05,-3.2186508e-05,-2.4080276e-05,-4.6491623e-05,-3.0994415e-05,-2.7656555e-05,-3.6478043e-05,-5.4597855e-05,-6.175041e-05,-4.506111e-05,-5.6743622e-05,-4.196167e-05,-5.4597855e-05,-3.7908554e-05,-5.698204e-05,-5.4597855e-05,-6.175041e-05,-4.506111e-05,-5.6743622e-05,-4.196167e-05,-5.4597855e-05,-3.7908554e-05,-5.698204e-05
2025.5,-2.527237e-05,-3.552437e-05,-1.9788742e-05,-3.7908554e-05,-3.71933e-05,-2.3126602e-05,-3.7431717e-05,-5.6028366e-05,-2.527237e-05,-3.552437e-05,-1.9788742e-05,-3.7908554e-05,-3.71933e-05,-2.3126602e-05,-3.7431717e-05,-5.6028366e-05,-6.03199e-05,-7.176399e-05,-5.6743622e-05,-4.9591064e-05,-6.7949295e-05,-6.175041e-05,-5.364418e-05,-7.1287155e-05,-6.03199e-05,-7.176399e-05,-5.6743622e-05,-4.9591064e-05,-6.7949295e-05,-6.175041e-05,-5.364418e-05,-7.1287155e-05,-9.6559525e-05,-0.00010681152,-7.9870224e-05,-9.346008e-05,-8.3208084e-05,-9.4890594e-05,-7.6532364e-05,-0.00010085106,-9.6559525e-05,-0.00010681152,-7.9870224e-05,-9.346008e-05,-8.3208084e-05,-9.4890594e-05,-7.6532364e-05,-0.00010085106
2026.5,-4.7922134e-05,-5.2452087e-05,-3.552437e-05,-6.556511e-05,-5.7935715e-05,-4.529953e-05,-6.1273575e-05,-7.510185e-05,-4.7922134e-05,-5.2452087e-05,-3.552437e-05,-6.556511e-05,-5.7935715e-05,-4.529953e-05,-6.1273575e-05,-7.510185e-05,-9.8228455e-05,-0.000109910965,-8.7976456e-05,-8.9883804e-05,-0.00010371208,-0.00010418892,-9.012222e-05,-0.00010585785,-9.8228455e-05,-0.000109910965,-8.7976456e-05,-8.9883804e-05,-0.00010371208,-0.00010418892,-9.012222e-05,-0.00010585785,-0.00015068054,-0.00016474724,-0.0001296997,-0.00015163422,-0.0001411438,-0.00014925003,-0.00012636185,-0.00015807152,-0.00015068054,-0.00016474724,-0.0001296997,-0.00015163422,-0.0001411438,-0.00014925003,-0.00012636185,-0.00015807152
2027.5,-7.9870224e-05,-7.915497e-05,-6.318092e-05,-9.274483e-05,-8.010864e-05,-7.557869e-05,-9.250641e-05,-9.441376e-05,-7.9870224e-05,-7.915497e-05,-6.318092e-05,-9.274483e-05,-8.010864e-05,-7.557869e-05,-9.250641e-05,-9.441376e-05,-0.00014901161,-0.00016641617,-0.00014424324,-0.00014305115,-0.00015687943,-0.00015473366,-0.00013947487,-0.00015711784,-0.00014901161,-0.00016641617,-0.00014424324,-0.00014305115,-0.00015687943,-0.00015473366,-0.00013947487,-0.00015711784,-0.00021982193,-0.00023937225,-0.00020980835,-0.000228405,-0.00021147728,-0.00022125244,-0.00019836426,-0.00022864342,-0.00021982193,-0.00023937225,-0.00020980835,-0.000228405,-0.00021147728,-0.00022125244,-0.00019836426,-0.00022864342
2028.5,-0.00011897087,-0.00011444092,-9.7990036e-05,-0.00012469292,-0.0001077652,-0.00011181831,-0.00011920929,-0.00012230873,-0.00011897087,-0.00011444092,-9.7990036e-05,-0.00012469292,-0.0001077652,-0.00011181831,-0.00011920929,-0.00012230873,-0.0002193451,-0.00022816658,-0.00020098686,-0.00020217896,-0.00021481514,-0.00021886826,-0.00019907951,-0.00021839142,-0.0002193451,-0.00022816658,-0.00020098686,-0.00020217896,-0.00021481514,-0.00021886826,-0.00019907951,-0.00021839142,-0.00031638145,-0.0003311634,-0.00029969215,-0.00032234192,-0.00029587746,-0.000310421,-0.0002875328,-0.00031852722,-0.00031638145,-0.0003311634,-0.00029969215,-0.00032234192,-0.00029587746,-0.000310421,-0.0002875328,-0.00031852722
2029.5,-0.00015306473,-0.00015306473,-0.00013756752,-0.00015902519,-0.00013875961,-0.00015091896,-0.00015544891,-0.00016450882,-0.00015306473,-0.00015306473,-0.00013756752,-0.00015902519,-0.00013875961,-0.00015091896,-0.00015544891,-0.00016450882,-0.00028800964,-0.00030589104,-0.00027608871,-0.00027894974,-0.00029182434,-0.0002937317,-0.00027012825,-0.0002989769,-0.00028800964,-0.00030589104,-0.00027608871,-0.00027894974,-0.00029182434,-0.0002937317,-0.00027012825,-0.0002989769,-0.00042438507,-0.00044369698,-0.00041007996,-0.00042963028,-0.0004105568,-0.00041890144,-0.0003912449,-0.000436306,-0.00042438507,-0.00044369698,-0.00041007996,-0.00042963028,-0.0004105568,-0.00041890144,-0.0003912449,-0.000436306
2030.5,-0.00019931793,-0.00019812584,-0.00018644333,-0.00021123886,-0.00017929077,-0.0001988411,-0.00019788742,-0.00021529198,-0.00019931793,-0.00019812584,-0.00018644333,-0.00021123886,-0.00017929077,-0.0001988411,-0.00019788742,-0.00021529198,-0.00038456917,-0.00039887428,-0.00037002563,-0.00037527084,-0.00038170815,-0.00038027763,-0.00036406517,-0.00038981438,-0.00038456917,-0.00039887428,-0.00037002563,-0.00037527084,-0.00038170815,-0.00038027763,-0.00036406517,-0.00038981438,-0.00056028366,-0.0005815029,-0.0005466938,-0.0005681515,-0.0005481243,-0.00055527687,-0.00052404404,-0.0005764961,-0.00056028366,-0.0005815029,-0.0005466938,-0.0005681515,-0.0005481243,-0.00055527687,-0.00052404404,-0.0005764961
2031.5,-0.00025892258,-0.00025582314,-0.00024199486,-0.0002708435,-0.00022792816,-0.0002503395,-0.00025129318,-0.00026917458,-0.000259161,-0.00025629997,-0.00024199486,-0.0002706051,-0.00022792816,-0.0002501011,-0.00025129318,-0.000269413,-0.0004901886,-0.0005071163,-0.0004746914,-0.0004892349,-0.00048208237,-0.00047969818,-0.00047039986,-0.00049495697,-0.00049066544,-0.00050735474,-0.0004749298,-0.0004889965,-0.0004823208,-0.00047969818,-0.00047016144,-0.00049495697,-0.00072050095,-0.00073957443,-0.0006966591,-0.00073194504,-0.00070619583,-0.00070238113,-0.0006811619,-0.0007300377,-0.00072073936,-0.00073957443,-0.00069642067,-0.0007326603,-0.0007059574,-0.00070261955,-0.0006816387,-0.0007300377
2032.5,-0.00031518936,-0.00031876564,-0.0003042221,-0.00033593178,-0.00028967857,-0.00031638145,-0.00031495094,-0.00033187866,-0.00031614304,-0.0003182888,-0.0003042221,-0.00033402443,-0.00029230118,-0.00031757355,-0.0003130436,-0.00033068657,-0.0006020069,-0.00062584877,-0.0005950928,-0.0006108284,-0.00059890747,-0.0006005764,-0.00059080124,-0.00061273575,-0.0006055832,-0.00062680244,-0.0005977154,-0.0006084442,-0.0006015301,-0.0005991459,-0.00058960915,-0.00061511993,-0.0008928776,-0.0009162426,-0.0008749962,-0.00090789795,-0.00088334084,-0.0008780956,-0.00085377693,-0.00090646744,-0.000893116,-0.00091552734,-0.0008711815,-0.00091028214,-0.00088238716,-0.0008792877,-0.0008609295,-0.0009045601
2033.5,-0.00037837029,-0.00038170815,-0.00036907196,-0.00040721893,-0.0003569126,-0.00038313866,-0.0003848076,-0.00040197372,-0.00038051605,-0.000385046,-0.000364542,-0.00040769577,-0.00036501884,-0.00038290024,-0.0003848076,-0.00039935112,-0.00072455406,-0.00075244904,-0.0007195473,-0.0007407665,-0.0007324219,-0.0007300377,-0.0007224083,-0.0007441044,-0.00073313713,-0.000756979,-0.00072288513,-0.0007429123,-0.000739336,-0.0007276535,-0.00072312355,-0.000749588,-0.0010809898,-0.001105547,-0.0010621548,-0.0011012554,-0.0010786057,-0.0010595322,-0.0010471344,-0.0010991096,-0.0010838509,-0.0011131763,-0.0010614395,-0.0011053085,-0.0010795593,-0.0010623932,-0.0010552406,-0.0011007786
2034.5,-0.00044059753,-0.00045394897,-0.00044226646,-0.00047826767,-0.00043058395,-0.0004541874,-0.0004580021,-0.00047659874,-0.00045108795,-0.00045847893,-0.00043940544,-0.000477314,-0.00043559074,-0.0004553795,-0.00046038628,-0.00048279762,-0.00085520744,-0.0008890629,-0.00086402893,-0.0008749962,-0.0008773804,-0.0008676052,-0.00086665154,-0.000890255,-0.0008673668,-0.0008995533,-0.00086545944,-0.00088334084,-0.00089240074,-0.0008735657,-0.0008702278,-0.0009009838,-0.0012774467,-0.0013091564,-0.0012698174,-0.0013020039,-0.0012805462,-0.00126338,-0.001253128,-0.001313448,-0.0012879372,-0.0013225079,-0.0012729168,-0.0013127327,-0.0012965202,-0.0012733936,-0.0012674332,-0.0013198853
2035.5,-0.0005097389,-0.0005247593,-0.00051784515,-0.0005502701,-0.0005044937,-0.0005259514,-0.0005428791,-0.00055742264,-0.0005273819,-0.0005328655,-0.000521183,-0.000551939,-0.0005133152,-0.00053167343,-0.0005443096,-0.0005636215,-0.0009877682,-0.0010316372,-0.0010156631,-0.0010151863,-0.0010209084,-0.0010104179,-0.0010192394,-0.0010383129,-0.0010101795,-0.0010478497,-0.0010178089,-0.0010285378,-0.0010447502,-0.001024723,-0.0010335445,-0.0010569096,-0.0014817715,-0.001522541,-0.001483202,-0.0015144348,-0.0015003681,-0.001475811,-0.0014739037,-0.0015375614,-0.0015099049,-0.0015456676,-0.0015027523,-0.0015413761,-0.0015230179,-0.0014951229,-0.0015039444,-0.0015480518
2036.5,-0.00058341026,-0.00060009956,-0.0005915165,-0.0006246567,-0.0005950928,-0.00060391426,-0.0006225109,-0.00063562393,-0.00060772896,-0.0006186962,-0.0006043911,-0.0006315708,-0.0006072521,-0.00061774254,-0.00062704086,-0.00064206123,-0.0011365414,-0.0011825562,-0.0011644363,-0.0011556149,-0.0011813641,-0.0011618137,-0.0011739731,-0.0011937618,-0.0011677742,-0.0012087822,-0.0011770725,-0.001185894,-0.001219511,-0.001187563,-0.0011954308,-0.0012202263,-0.0016994476,-0.0017511845,-0.0017044544,-0.0017361641,-0.0017426014,-0.0016992092,-0.0016970634,-0.0017690659,-0.001748085,-0.0017867088,-0.0017426014,-0.0017836094,-0.0017771721,-0.001732111,-0.0017433167,-0.0017969608
2037.5,-0.0006611347,-0.00067043304,-0.00066900253,-0.00070118904,-0.00067186356,-0.00067567825,-0.0007030964,-0.00071525574,-0.0006866455,-0.0007021427,-0.0006842613,-0.00071287155,-0.0006916523,-0.0006945133,-0.00071549416,-0.000739336,-0.0012850761,-0.0013270378,-0.0013189316,-0.0013093948,-0.0013356209,-0.0013108253,-0.0013341904,-0.0013666153,-0.0013279915,-0.00137043,-0.0013444424,-0.0013530254,-0.0013906956,-0.0013484955,-0.0013692379,-0.0013995171,-0.001928091,-0.0019762516,-0.0019335747,-0.0019659996,-0.001977682,-0.0019245148,-0.0019319057,-0.00201869,-0.0019967556,-0.0020337105,-0.00198555,-0.0020349026,-0.0020303726,-0.0019762516,-0.0019960403,-0.0020651817
2038.5,-0.00074481964,-0.00075030327,-0.0007517338,-0.00078344345,-0.0007612705,-0.00075650215,-0.0007901192,-0.00079989433,-0.0007753372,-0.00079131126,-0.00077557564,-0.0008018017,-0.0007843971,-0.00077843666,-0.0008132458,-0.00083494186,-0.0014448166,-0.0014779568,-0.0014724731,-0.0014708042,-0.0015006065,-0.0014653206,-0.0014986992,-0.001529932,-0.0015044212,-0.001543045,-0.0015194416,-0.0015349388,-0.0015716553,-0.0015249252,-0.0015568733,-0.0015819073,-0.002162695,-0.0022079945,-0.002174139,-0.0022027493,-0.0022261143,-0.002151966,-0.002178669,-0.002269268,-0.002254486,-0.0022871494,-0.002248764,-0.0023081303,-0.0023043156,-0.0022380352,-0.0022666454,-0.0023412704
2039.5,-0.00082826614,-0.0008339882,-0.00083494186,-0.0008621216,-0.0008518696,-0.0008430481,-0.00088119507,-0.0008904934,-0.0008723736,-0.0008893013,-0.00087046623,-0.00089621544,-0.0008919239,-0.0008792877,-0.00091576576,-0.0009379387,-0.0016064644,-0.001642704,-0.001632452,-0.0016283989,-0.0016682148,-0.0016329288,-0.0016710758,-0.0017011166,-0.0016884804,-0.0017285347,-0.0017063618,-0.0017232895,-0.001762867,-0.0017147064,-0.001758337,-0.0017807484,-0.002405405,-0.0024478436,-0.0024135113,-0.0024456978,-0.0024790764,-0.0023961067,-0.0024328232,-0.0025212765,-0.0025343895,-0.0025603771,-0.0025241375,-0.0025832653,-0.0025951862,-0.0025196075,-0.0025539398,-0.0026311874
2040.5,-0.00091695786,-0.000921011,-0.000916481,-0.00095558167,-0.0009396076,-0.0009236336,-0.00096940994,-0.0009829998,-0.0009753704,-0.0009901524,-0.00096964836,-0.0010023117,-0.0009915829,-0.000975132,-0.0010206699,-0.0010483265,-0.001773119,-0.0018129349,-0.0017983913,-0.0017933846,-0.0018362999,-0.0017876625,-0.0018458366,-0.0018811226,-0.0018849373,-0.0019254684,-0.0019037724,-0.0019180775,-0.0019626617,-0.0019052029,-0.0019624233,-0.001991272,-0.002651453,-0.002696991,-0.0026578903,-0.0026962757,-0.0027272701,-0.0026369095,-0.002691269,-0.0027787685,-0.0028221607,-0.0028500557,-0.0028090477,-0.0028750896,-0.0028896332,-0.0028004646,-0.0028498173,-0.0029423237
2041.5,-0.0010018349,-0.001004219,-0.001003027,-0.0010373592,-0.0010328293,-0.0010063648,-0.0010612011,-0.0010797977,-0.0010797977,-0.0010957718,-0.0010700226,-0.0011103153,-0.0010960102,-0.0010755062,-0.0011310577,-0.0011649132,-0.0019412041,-0.001978159,-0.0019664764,-0.0019562244,-0.002008438,-0.0019512177,-0.0020201206,-0.0020625591,-0.002086401,-0.0021224022,-0.0021102428,-0.002120018,-0.0021686554,-0.002105236,-0.0021736622,-0.0022146702,-0.0028982162,-0.002943039,-0.002910614,-0.002944231,-0.0029826164,-0.0028805733,-0.0029525757,-0.0030477047,-0.0031192303,-0.0031483173,-0.00310421,-0.0031762123,-0.0031995773,-0.0030927658,-0.0031609535,-0.0032720566
2042.5,-0.0010924339,-0.0010876656,-0.0010893345,-0.0011229515,-0.0011208057,-0.0010957718,-0.001155138,-0.0011789799,-0.0011899471,-0.001196146,-0.0011737347,-0.0012226105,-0.0012078285,-0.0011811256,-0.0012462139,-0.0012805462,-0.0021116734,-0.0021390915,-0.0021336079,-0.0021297932,-0.002187252,-0.0021178722,-0.0021970272,-0.0022432804,-0.0022909641,-0.0023255348,-0.0023231506,-0.0023334026,-0.0023880005,-0.0023155212,-0.002398014,-0.0024409294,-0.003149271,-0.0031840801,-0.0031630993,-0.0031971931,-0.0032362938,-0.0031268597,-0.003216505,-0.0033159256,-0.0034275055,-0.0034463406,-0.0034167767,-0.0034976006,-0.0035214424,-0.003399849,-0.0034923553,-0.0036084652
2043.5,-0.0011806488,-0.0011701584,-0.0011818409,-0.0012068748,-0.0012149811,-0.0011837482,-0.0012490749,-0.001278162,-0.0012993813,-0.0013055801,-0.0012829304,-0.0013341904,-0.0013272762,-0.0012907982,-0.0013720989,-0.001405716,-0.0022797585,-0.0023088455,-0.002297163,-0.0022985935,-0.0023696423,-0.0022833347,-0.0023810863,-0.002429247,-0.0025055408,-0.0025410652,-0.002538681,-0.0025529861,-0.0026142597,-0.0025320053,-0.0026330948,-0.0026772022,-0.0033955574,-0.0034401417,-0.0034127235,-0.003450632,-0.00349164,-0.003376484,-0.003489256,-0.0035898685,-0.0037424564,-0.0037631989,-0.0037388802,-0.0038175583,-0.003853321,-0.0037181377,-0.0038297176,-0.0039548874
2044.5,-0.0012710094,-0.0012581348,-0.0012786388,-0.0012965202,-0.001308918,-0.0012695789,-0.0013401508,-0.0013728142,-0.0014154911,-0.0014226437,-0.0014064312,-0.0014536381,-0.0014455318,-0.0014050007,-0.0014960766,-0.0015285015,-0.0024528503,-0.0024814606,-0.002468586,-0.0024693012,-0.0025520325,-0.0024523735,-0.0025622845,-0.0026109219,-0.002726078,-0.0027675629,-0.0027656555,-0.0027842522,-0.0028452873,-0.00274992,-0.0028648376,-0.0029158592,-0.0036404133,-0.0036876202,-0.0036685467,-0.0037090778,-0.0037577152,-0.003626585,-0.0037529469,-0.0038628578,-0.0040671825,-0.004095316,-0.0040802956,-0.0041537285,-0.0041980743,-0.004043579,-0.0041782856,-0.0043148994
2045.5,-0.0013592243,-0.0013427734,-0.0013635159,-0.001386404,-0.0013985634,-0.0013580322,-0.0014317036,-0.0014736652,-0.0015335083,-0.0015335083,-0.0015282631,-0.0015776157,-0.001565218,-0.0015223026,-0.0016212463,-0.0016579628,-0.0026233196,-0.0026471615,-0.00263834,-0.0026404858,-0.002721548,-0.0026202202,-0.0027387142,-0.002790928,-0.0029518604,-0.002994299,-0.0029976368,-0.0030210018,-0.0030846596,-0.0029764175,-0.0031046867,-0.0031638145,-0.0038871765,-0.003934622,-0.0039224625,-0.003968239,-0.0040171146,-0.0038805008,-0.00401783,-0.004133463,-0.004402876,-0.0044350624,-0.004425764,-0.0044984818,-0.0045490265,-0.00438118,-0.004534483,-0.0046873093
2046.5,-0.0014469624,-0.0014276505,-0.0014545918,-0.0014798641,-0.0014884472,-0.0014464855,-0.0015277863,-0.0015730858,-0.0016515255,-0.0016520023,-0.0016546249,-0.0017035007,-0.0016925335,-0.0016448498,-0.0017538071,-0.0017912388,-0.0027880669,-0.0028128624,-0.0028078556,-0.0028150082,-0.0028998852,-0.002779007,-0.0029194355,-0.0029780865,-0.0031864643,-0.003219366,-0.0032446384,-0.0032639503,-0.003330946,-0.0032052994,-0.0033590794,-0.0034255981,-0.004131794,-0.00417614,-0.0041794777,-0.004229784,-0.004282713,-0.004127741,-0.004290104,-0.004409313,-0.004746914,-0.0047798157,-0.0047836304,-0.004864931,-0.0049147606,-0.0047273636,-0.004906416,-0.005072117
2047.5,-0.0015304089,-0.0015118122,-0.0015451908,-0.0015716553,-0.0015792847,-0.0015337467,-0.0016186237,-0.0016653538,-0.0017724037,-0.00177598,-0.0017869473,-0.0018320084,-0.0018236637,-0.0017752647,-0.0018894672,-0.0019240379,-0.002954483,-0.0029792786,-0.002982378,-0.0029888153,-0.0030748844,-0.0029494762,-0.0031015873,-0.0031571388,-0.003420353,-0.003462553,-0.00349164,-0.003513813,-0.0035860538,-0.003448248,-0.0036201477,-0.003683567,-0.00437665,-0.0044226646,-0.0044333935,-0.004483938,-0.0045461655,-0.0043804646,-0.0045621395,-0.0046744347,-0.005101204,-0.005138159,-0.0051522255,-0.0052313805,-0.005293846,-0.0050902367,-0.0052940845,-0.005460024
2048.5,-0.001613617,-0.0015969276,-0.0016336441,-0.0016584396,-0.0016665459,-0.0016186237,-0.0017075539,-0.001762867,-0.0018999577,-0.0019004345,-0.001919508,-0.0019600391,-0.0019540787,-0.0019035339,-0.002026558,-0.0020651817,-0.0031149387,-0.003145218,-0.0031507015,-0.0031564236,-0.0032465458,-0.0031170845,-0.003275156,-0.0033397675,-0.0036609173,-0.0037105083,-0.0037481785,-0.0037667751,-0.0038456917,-0.0036950111,-0.0038855076,-0.0039596558,-0.0046191216,-0.0046708584,-0.004689455,-0.0047397614,-0.00479722,-0.004625559,-0.004825592,-0.004943371,-0.005461693,-0.0055093765,-0.0055327415,-0.005612135,-0.005685568,-0.005457163,-0.0056922436,-0.0058686733
2049.5,-0.0016946793,-0.0016815662,-0.0017211437,-0.0017437935,-0.0017633438,-0.0017027855,-0.0017914772,-0.0018577576,-0.0020263195,-0.0020315647,-0.0020554066,-0.0020918846,-0.0020925999,-0.0020303726,-0.0021653175,-0.0022141933,-0.0032773018,-0.0033073425,-0.003322363,-0.0033209324,-0.0034241676,-0.0032818317,-0.0034501553,-0.003525734,-0.00391078,-0.0039618015,-0.0040061474,-0.004032135,-0.0041189194,-0.0039548874,-0.004155636,-0.0042459965,-0.004855633,-0.004916668,-0.0049438477,-0.00498724,-0.005059719,-0.0048685074,-0.0050787926,-0.00521636,-0.0058341026,-0.005885124,-0.0059211254,-0.0060038567,-0.006091118,-0.0058426857,-0.006095648,-0.0062947273
2050.5,-0.0017771721,-0.0017640591,-0.0018117428,-0.0018324852,-0.0018508434,-0.0017876625,-0.0018837452,-0.0019462109,-0.002162218,-0.0021660328,-0.0021944046,-0.0022370815,-0.0022330284,-0.0021693707,-0.0023128986,-0.002359867,-0.0034365654,-0.0034694672,-0.0034937859,-0.0034890175,-0.0035963058,-0.0034401417,-0.003623724,-0.0037043095,-0.0041644573,-0.0042259693,-0.004274845,-0.0043053627,-0.0043952465,-0.004210949,-0.004432678,-0.004536867,-0.0050907135,-0.005159378,-0.005188465,-0.0052392483,-0.0053133965,-0.0051090717,-0.005332947,-0.005475521,-0.006211996,-0.0062716007,-0.006320238,-0.006405592,-0.006503105,-0.006226301,-0.006508589,-0.006725073
2051.5,-0.0018553734,-0.0018472672,-0.0018947124,-0.0019154549,-0.0019426346,-0.0018751621,-0.0019774437,-0.0020341873,-0.0022969246,-0.0023021698,-0.0023348331,-0.0023784637,-0.0023880005,-0.0023105145,-0.0024631023,-0.002511263,-0.0035881996,-0.0036284924,-0.003658533,-0.0036520958,-0.0037715435,-0.0036008358,-0.0037961006,-0.003872633,-0.0044164658,-0.0044977665,-0.0045473576,-0.0045831203,-0.004687786,-0.0044837,-0.004720688,-0.004830122,-0.005316019,-0.0053987503,-0.0054352283,-0.00549078,-0.0055685043,-0.0053515434,-0.0055937767,-0.0057365894,-0.006593466,-0.006669998,-0.006725073,-0.0068171024,-0.006931305,-0.0066297054,-0.006938219,-0.007166147
2052.5,-0.0019330978,-0.0019302368,-0.00198102,-0.0019993782,-0.002033949,-0.001957178,-0.0020663738,-0.0021255016,-0.0024333,-0.00244236,-0.002481699,-0.0025246143,-0.0025417805,-0.002452135,-0.0026071072,-0.0026667118,-0.0037412643,-0.0037879944,-0.0038173199,-0.0038125515,-0.00393939,-0.00376153,-0.0039582253,-0.004051447,-0.004671812,-0.004769087,-0.004825115,-0.0048646927,-0.0049829483,-0.0047585964,-0.0050029755,-0.0051276684,-0.0055396557,-0.0056273937,-0.0056655407,-0.0057353973,-0.005815506,-0.005587101,-0.0058395863,-0.0059964657,-0.006979704,-0.007068157,-0.007138014,-0.00723505,-0.0073652267,-0.0070302486,-0.007369995,-0.0076167583
2053.5,-0.0020098686,-0.0020108223,-0.0020709038,-0.00208354,-0.002117157,-0.0020413399,-0.0021498203,-0.002213955,-0.0025696754,-0.002585888,-0.0026316643,-0.0026767254,-0.0026915073,-0.0025949478,-0.0027506351,-0.0028195381,-0.0038895607,-0.003941059,-0.0039815903,-0.0039715767,-0.0041048527,-0.0039157867,-0.0041148663,-0.0042221546,-0.0049300194,-0.005036831,-0.0051100254,-0.0051436424,-0.005272627,-0.005036354,-0.0052855015,-0.0054273605,-0.0057587624,-0.005856514,-0.005904436,-0.0059788227,-0.0060606003,-0.005820751,-0.006076336,-0.0062458515,-0.0073637962,-0.0074694157,-0.0075581074,-0.007652521,-0.0078003407,-0.007440567,-0.007796049,-0.008063078
2054.5,-0.00207901,-0.002090454,-0.0021471977,-0.002161026,-0.0022070408,-0.002122879,-0.0022294521,-0.0023069382,-0.002702713,-0.0027179718,-0.0027713776,-0.0028176308,-0.0028402805,-0.002737999,-0.0028977394,-0.0029802322,-0.004032612,-0.0040869713,-0.004134178,-0.0041258335,-0.004267931,-0.004075527,-0.0042779446,-0.0043976307,-0.005180359,-0.005300522,-0.0053777695,-0.005417347,-0.0055611134,-0.0053095818,-0.0055687428,-0.0057327747,-0.005962372,-0.0060749054,-0.0061354637,-0.0062031746,-0.0063016415,-0.0060515404,-0.0063135624,-0.0064988136,-0.0077347755,-0.0078549385,-0.007962465,-0.008065939,-0.008228064,-0.007845402,-0.008216381,-0.00851512
2055.5,-0.002146244,-0.0021677017,-0.00222826,-0.002236843,-0.0022892952,-0.0022039413,-0.0023126602,-0.0023927689,-0.0028338432,-0.0028543472,-0.0029129982,-0.002957344,-0.002984047,-0.002878189,-0.0030469894,-0.0031313896,-0.004166603,-0.004234314,-0.004287243,-0.004272461,-0.004425049,-0.0042262077,-0.0044329166,-0.0045592785,-0.0054268837,-0.0055584908,-0.0056414604,-0.005684614,-0.005845785,-0.0055794716,-0.0058460236,-0.006025076,-0.006166935,-0.006289959,-0.0063557625,-0.006426573,-0.0065381527,-0.0062799454,-0.0065460205,-0.006737232,-0.008099079,-0.008235455,-0.008359432,-0.008471727,-0.008645773,-0.008244991,-0.008636475,-0.008947372
2056.5,-0.0022130013,-0.0022454262,-0.0023059845,-0.0023069382,-0.002373457,-0.0022802353,-0.002392292,-0.0024712086,-0.0029497147,-0.0029864311,-0.003045559,-0.003083229,-0.0031199455,-0.0030083656,-0.0031864643,-0.003276348,-0.0042948723,-0.004377842,-0.0044293404,-0.004418373,-0.0045781136,-0.0043740273,-0.0045814514,-0.004718542,-0.0056586266,-0.0058050156,-0.0058937073,-0.005941868,-0.0061171055,-0.0058345795,-0.006109953,-0.006303787,-0.0063581467,-0.006500244,-0.0065670013,-0.0066390038,-0.0067698956,-0.006494999,-0.0067698956,-0.00696826,-0.008440018,-0.0086016655,-0.008737564,-0.008857727,-0.009046316,-0.008622646,-0.009033203,-0.009360313
2057.5,-0.0022788048,-0.002322197,-0.0023789406,-0.0023732185,-0.0024514198,-0.0023531914,-0.0024681091,-0.002547741,-0.0030612946,-0.0031104088,-0.0031738281,-0.0032076836,-0.003255844,-0.0031318665,-0.003327608,-0.0034155846,-0.004421711,-0.0045161247,-0.0045671463,-0.0045609474,-0.004729748,-0.004509449,-0.0047285557,-0.0048673153,-0.0058817863,-0.006043911,-0.0061426163,-0.0061864853,-0.006377697,-0.0060796738,-0.0063655376,-0.0065710545,-0.006544113,-0.006700039,-0.0067710876,-0.00685215,-0.006998062,-0.0067067146,-0.0069901943,-0.007189274,-0.008769035,-0.008952141,-0.0090966225,-0.009231091,-0.009435415,-0.008982658,-0.009418249,-0.00975728
2058.5,-0.0023407936,-0.0023937225,-0.0024495125,-0.0024428368,-0.0025296211,-0.0024161339,-0.0025434494,-0.002625227,-0.003168106,-0.003227234,-0.003294468,-0.0033311844,-0.0033917427,-0.0032448769,-0.0034542084,-0.003546238,-0.004544735,-0.0046491623,-0.0047006607,-0.0047011375,-0.0048804283,-0.0046391487,-0.0048663616,-0.0050160885,-0.006095886,-0.006271839,-0.006374836,-0.0064282417,-0.0066256523,-0.0063061714,-0.006610155,-0.0068240166,-0.0067248344,-0.0068912506,-0.0069704056,-0.0070638657,-0.0072164536,-0.0069026947,-0.0071930885,-0.0074083805,-0.009084702,-0.00928545,-0.009447575,-0.009585857,-0.0098080635,-0.009325504,-0.00977993,-0.010131359
2059.5,-0.002398491,-0.0024557114,-0.0025177002,-0.0025119781,-0.0025939941,-0.0024871826,-0.0026237965,-0.0027024746,-0.0032696724,-0.0033359528,-0.0034093857,-0.0034475327,-0.0035114288,-0.0033640862,-0.0035836697,-0.0036716461,-0.004664421,-0.004770756,-0.004828453,-0.0048360825,-0.0050177574,-0.0047721863,-0.0050041676,-0.005162239,-0.0062971115,-0.0064868927,-0.0065956116,-0.00665617,-0.006869316,-0.0065312386,-0.0068473816,-0.0070626736,-0.0068979263,-0.007077217,-0.007162571,-0.007267952,-0.0074267387,-0.0070991516,-0.007400036,-0.0076186657,-0.009383678,-0.009603977,-0.009777546,-0.0099310875,-0.01016283,-0.009664059,-0.010131121,-0.0104801655
2060.5,-0.0024590492,-0.0025162697,-0.002585888,-0.0025773048,-0.002667427,-0.0025539398,-0.0026984215,-0.0027751923,-0.003367424,-0.0034399033,-0.003520012,-0.0035533905,-0.0036349297,-0.003475666,-0.0037031174,-0.0037953854,-0.004773617,-0.004886627,-0.0049529076,-0.004957199,-0.0051498413,-0.004899025,-0.005142212,-0.005304575,-0.006485462,-0.0066871643,-0.006802559,-0.006866455,-0.0070972443,-0.0067505836,-0.0070769787,-0.007297516,-0.007060528,-0.0072488785,-0.0073423386,-0.007455349,-0.0076322556,-0.007288456,-0.007600069,-0.007823706,-0.009665012,-0.00990057,-0.010089397,-0.010249615,-0.010505676,-0.009989738,-0.010467291,-0.01081872
2061.5,-0.0025148392,-0.0025706291,-0.0026445389,-0.0026335716,-0.0027341843,-0.0026192665,-0.0027718544,-0.0028393269,-0.003460884,-0.0035357475,-0.0036168098,-0.0036592484,-0.0037465096,-0.0035862923,-0.0038309097,-0.003909588,-0.004881382,-0.0049943924,-0.005065918,-0.0050735474,-0.0052719116,-0.005027771,-0.0052752495,-0.005431652,-0.0066661835,-0.0068745613,-0.0069999695,-0.007071972,-0.007305622,-0.006960869,-0.0072956085,-0.007516861,-0.0072164536,-0.0074100494,-0.0075125694,-0.0076384544,-0.007822037,-0.0074710846,-0.00779438,-0.008016348,-0.009934902,-0.010174751,-0.010383606,-0.010548115,-0.01082468,-0.010300159,-0.01079011,-0.0111374855
2062.5,-0.0025644302,-0.0026259422,-0.0026993752,-0.0026946068,-0.0027985573,-0.0026836395,-0.0028395653,-0.0029108524,-0.003545761,-0.003631115,-0.003707409,-0.003759861,-0.0038523674,-0.003689766,-0.00394392,-0.004019499,-0.0049791336,-0.005097866,-0.005171299,-0.0051898956,-0.005396843,-0.005147457,-0.0054068565,-0.0055599213,-0.0068325996,-0.007054329,-0.0071811676,-0.0072669983,-0.007513523,-0.0071582794,-0.007505417,-0.0077273846,-0.007359028,-0.0075674057,-0.007675171,-0.007815361,-0.007997036,-0.0076470375,-0.007983208,-0.008204937,-0.010183811,-0.010436535,-0.010659218,-0.010835648,-0.011131287,-0.010593891,-0.011096954,-0.011438131
2063.5,-0.002614975,-0.0026783943,-0.0027561188,-0.0027480125,-0.0028538704,-0.002743721,-0.0029063225,-0.0029666424,-0.0036273003,-0.0037169456,-0.0037975311,-0.0038552284,-0.003944874,-0.003789425,-0.0040545464,-0.004122257,-0.0050754547,-0.005197525,-0.0052752495,-0.0052933693,-0.005507946,-0.005261421,-0.0055356026,-0.0056803226,-0.006992817,-0.0072188377,-0.007359028,-0.0074443817,-0.007701397,-0.0073490143,-0.0077028275,-0.007918596,-0.0074973106,-0.0077142715,-0.00783205,-0.00797224,-0.008163929,-0.0078125,-0.008158207,-0.008373499,-0.010420799,-0.010684013,-0.010922432,-0.011102676,-0.011414051,-0.010870457,-0.011382103,-0.011722803
2064.5,-0.002658844,-0.002735138,-0.002802372,-0.0028047562,-0.0029053688,-0.0027947426,-0.0029654503,-0.0030243397,-0.0037050247,-0.0038042068,-0.0038776398,-0.003947258,-0.004034519,-0.0038776398,-0.0041589737,-0.0042157173,-0.0051651,-0.005294323,-0.0053696632,-0.005396366,-0.005609989,-0.005363941,-0.0056505203,-0.0057930946,-0.0071377754,-0.0073781013,-0.007519722,-0.00761652,-0.007876396,-0.007519722,-0.007881641,-0.008097172,-0.0076241493,-0.007850647,-0.007973671,-0.008122444,-0.008319855,-0.007965088,-0.008326054,-0.008524895,-0.010638714,-0.010915756,-0.011157036,-0.011351585,-0.011677265,-0.011128426,-0.011646748,-0.011985064
2065.5,-0.002696991,-0.0027823448,-0.0028510094,-0.0028562546,-0.0029582977,-0.0028448105,-0.003021717,-0.0030722618,-0.003771305,-0.0038781166,-0.003955364,-0.0040254593,-0.0041189194,-0.003958702,-0.0042567253,-0.0042943954,-0.0052428246,-0.0053749084,-0.005460739,-0.0054860115,-0.005703926,-0.005458832,-0.005759239,-0.0058858395,-0.0072698593,-0.007519722,-0.0076699257,-0.0077695847,-0.008035183,-0.007680416,-0.008052826,-0.008257389,-0.007739067,-0.007974625,-0.008107662,-0.008261204,-0.008458614,-0.008108139,-0.008487225,-0.008661032,-0.010831833,-0.011128426,-0.011380196,-0.011580944,-0.011918545,-0.0113630295,-0.01189518,-0.012214899
2066.5,-0.0027298927,-0.0028276443,-0.002892971,-0.0028982162,-0.003010273,-0.0028920174,-0.0030608177,-0.0031223297,-0.003829956,-0.003952503,-0.004025936,-0.0040979385,-0.004204273,-0.004034996,-0.004333496,-0.0043764114,-0.005311489,-0.0054483414,-0.0055418015,-0.005569458,-0.0057940483,-0.0055446625,-0.0058484077,-0.005979061,-0.0073890686,-0.0076503754,-0.0078053474,-0.007905006,-0.008189678,-0.007823467,-0.008206844,-0.008407116,-0.007840157,-0.008089066,-0.008230209,-0.008385181,-0.008594513,-0.008239746,-0.008625984,-0.008790255,-0.0110087395,-0.011320591,-0.011579514,-0.011785984,-0.012144566,-0.01157999,-0.012115955,-0.012431383
2067.5,-0.002755642,-0.0028691292,-0.0029296875,-0.0029349327,-0.0030546188,-0.0029387474,-0.00310421,-0.0031619072,-0.0038847923,-0.004016876,-0.0040869713,-0.0041599274,-0.004271984,-0.00411129,-0.004409313,-0.0044431686,-0.0053744316,-0.0055217743,-0.0056147575,-0.0056385994,-0.005874157,-0.0056300163,-0.005939007,-0.006058693,-0.007496834,-0.0077667236,-0.007931232,-0.008027077,-0.008321762,-0.00796175,-0.00835228,-0.008536816,-0.007931232,-0.008192062,-0.008338451,-0.008494854,-0.008714676,-0.00836134,-0.008757114,-0.008903503,-0.011164188,-0.011493683,-0.011757851,-0.01197052,-0.012341499,-0.0117836,-0.012326717,-0.012619257
2068.5,-0.0027766228,-0.0029120445,-0.0029654503,-0.0029683113,-0.0030918121,-0.0029764175,-0.0031399727,-0.0031995773,-0.0039315224,-0.0040745735,-0.0041470528,-0.0042157173,-0.0043354034,-0.004175186,-0.004477501,-0.0045046806,-0.005423546,-0.0055851936,-0.0056829453,-0.0057024956,-0.005941391,-0.0057048798,-0.006017208,-0.006132126,-0.007584572,-0.007871628,-0.008043766,-0.008136272,-0.008441448,-0.008081913,-0.008479595,-0.008644104,-0.008005619,-0.008284569,-0.00843668,-0.008589745,-0.00881958,-0.008468151,-0.008865833,-0.0089969635,-0.011297226,-0.01165247,-0.011919022,-0.012135029,-0.012514114,-0.011955261,-0.012512684,-0.012785435
2069.5,-0.0027947426,-0.0029444695,-0.0029993057,-0.0029993057,-0.0031313896,-0.003007412,-0.0031752586,-0.0032253265,-0.0039715767,-0.004122734,-0.0041999817,-0.004265785,-0.004388809,-0.0042324066,-0.0045409203,-0.0045495033,-0.005466461,-0.0056376457,-0.00574255,-0.005759239,-0.006008148,-0.005772114,-0.006087303,-0.0061802864,-0.0076622963,-0.00796175,-0.008145332,-0.008231163,-0.008544922,-0.0081887245,-0.008592129,-0.008731842,-0.008071423,-0.008363724,-0.008524895,-0.008673191,-0.00891304,-0.0085635185,-0.008974075,-0.009075642,-0.0114097595,-0.011785984,-0.012059689,-0.012279034,-0.012669086,-0.012115002,-0.012677193,-0.012921333
2070.5,-0.002802372,-0.0029687881,-0.0030288696,-0.003025055,-0.003170967,-0.0030317307,-0.0032043457,-0.0032444,-0.0039958954,-0.004164219,-0.0042467117,-0.0043058395,-0.0044441223,-0.004281521,-0.004588127,-0.004597187,-0.005490303,-0.0056819916,-0.005795479,-0.0058050156,-0.006064415,-0.005829811,-0.006136894,-0.0062298775,-0.007716179,-0.008040905,-0.00823307,-0.0083117485,-0.008634567,-0.008282185,-0.00867939,-0.008811474,-0.008114815,-0.00842905,-0.008599281,-0.008743763,-0.008993626,-0.008644104,-0.009056568,-0.009145737,-0.011498451,-0.011903286,-0.012183189,-0.012399673,-0.012806416,-0.012253761,-0.012809277,-0.01304245
2071.5,-0.002816677,-0.0029935837,-0.0030527115,-0.0030460358,-0.0031971931,-0.0030608177,-0.0032258034,-0.003256321,-0.004011631,-0.004198551,-0.004283905,-0.0043416023,-0.0044794083,-0.0043268204,-0.0046286583,-0.004627228,-0.005513191,-0.005718231,-0.005838871,-0.0058407784,-0.0061063766,-0.0058784485,-0.006185055,-0.006263256,-0.0077590942,-0.008107662,-0.008307934,-0.008379459,-0.008705139,-0.008364201,-0.008758545,-0.008880615,-0.008152962,-0.008485317,-0.008662224,-0.008803844,-0.009056091,-0.00871706,-0.009129047,-0.009201527,-0.0115709305,-0.012004375,-0.012289047,-0.012507439,-0.01292038,-0.012374401,-0.0129265785,-0.013131142
2072.5,-0.0028309822,-0.003013134,-0.0030713081,-0.003063202,-0.0032176971,-0.0030817986,-0.0032429695,-0.0032744408,-0.0040330887,-0.0042266846,-0.0043153763,-0.0043668747,-0.0045104027,-0.004360199,-0.0046606064,-0.004650593,-0.0055384636,-0.005750656,-0.00587368,-0.0058698654,-0.0061421394,-0.005917549,-0.006226063,-0.006296158,-0.007798195,-0.008161545,-0.008369923,-0.0084347725,-0.008770466,-0.008434296,-0.0088272095,-0.008935928,-0.008193016,-0.008528709,-0.008713245,-0.00884819,-0.009106636,-0.008775234,-0.009190083,-0.0092487335,-0.011639595,-0.012084007,-0.012379646,-0.012591839,-0.013010502,-0.012477398,-0.0130319595,-0.013215065
2073.5,-0.0028395653,-0.0030326843,-0.003088951,-0.0030808449,-0.0032334328,-0.00310421,-0.0032582283,-0.0032877922,-0.004052639,-0.0042505264,-0.0043439865,-0.004397869,-0.0045380592,-0.0043911934,-0.0046873093,-0.004676819,-0.0055556297,-0.005776882,-0.0059051514,-0.005903244,-0.006173134,-0.005956173,-0.0062561035,-0.0063209534,-0.007835865,-0.008208275,-0.008420944,-0.008485794,-0.008825302,-0.008495331,-0.008882046,-0.0089793205,-0.008220673,-0.008565903,-0.008750439,-0.008893967,-0.009150505,-0.008831501,-0.0092430115,-0.009282112,-0.011694431,-0.012150288,-0.012452602,-0.01266861,-0.01308918,-0.012564659,-0.013114452,-0.013276577
2074.5,-0.0028495789,-0.003047943,-0.0031003952,-0.0030961037,-0.0032491684,-0.003124714,-0.003262043,-0.003293991,-0.004069805,-0.004272938,-0.0043649673,-0.0044178963,-0.004558563,-0.004415989,-0.004702091,-0.0046868324,-0.0055732727,-0.0057935715,-0.0059247017,-0.00592947,-0.0061969757,-0.0059871674,-0.006268978,-0.006336212,-0.007870197,-0.008243084,-0.008457184,-0.008523464,-0.008878231,-0.008544922,-0.008918762,-0.009009838,-0.008243084,-0.008593559,-0.008780956,-0.008928776,-0.009188175,-0.0088682175,-0.00926733,-0.009302616,-0.011742592,-0.012199879,-0.012509346,-0.012727261,-0.013156414,-0.012639523,-0.013176441,-0.013317585
2075.5,-0.002858162,-0.0030584335,-0.003107071,-0.0031104088,-0.0032629967,-0.0031409264,-0.003273487,-0.0033016205,-0.0040807724,-0.0042920113,-0.0043759346,-0.004436016,-0.004576683,-0.0044403076,-0.004723549,-0.0047006607,-0.0055832863,-0.005810261,-0.0059394836,-0.0059485435,-0.0062174797,-0.0060067177,-0.0062851906,-0.0063490868,-0.007892132,-0.008273125,-0.008481026,-0.00855875,-0.0089178085,-0.008589745,-0.008959293,-0.009032249,-0.008257389,-0.008614063,-0.008801937,-0.008956432,-0.00921917,-0.00890398,-0.009294987,-0.009318829,-0.011776924,-0.012239933,-0.012544632,-0.012774944,-0.013208866,-0.0126981735,-0.013229847,-0.013348103
2076.5,-0.0028572083,-0.0030608177,-0.0031108856,-0.0031166077,-0.003273964,-0.0031523705,-0.0032815933,-0.0032978058,-0.004078388,-0.0042996407,-0.004385948,-0.004445553,-0.004588604,-0.004456997,-0.0047416687,-0.004705906,-0.005583763,-0.00581789,-0.0059480667,-0.0059609413,-0.0062303543,-0.006026268,-0.0062999725,-0.006351471,-0.007901669,-0.008290768,-0.008497238,-0.008577347,-0.008945942,-0.008625984,-0.008985043,-0.009043217,-0.008258343,-0.008623123,-0.008813858,-0.008975983,-0.009236336,-0.008930683,-0.009318829,-0.009324074,-0.011794567,-0.012264252,-0.012569904,-0.012807369,-0.013242722,-0.01274395,-0.013271332,-0.013361931
2077.5,-0.0028533936,-0.0030550957,-0.0031118393,-0.0031251907,-0.0032811165,-0.0031590462,-0.0032863617,-0.0032949448,-0.004076004,-0.004298687,-0.004388809,-0.004453182,-0.0045952797,-0.0044703484,-0.0047535896,-0.004705906,-0.005578041,-0.0058116913,-0.0059490204,-0.0059685707,-0.006239414,-0.00604105,-0.0063033104,-0.0063476562,-0.007899761,-0.00828886,-0.008508682,-0.008589268,-0.00895977,-0.008646011,-0.008997917,-0.009049416,-0.008252144,-0.008618832,-0.008814335,-0.008985519,-0.009248257,-0.008945465,-0.009331703,-0.009319305,-0.011799812,-0.01226759,-0.012582302,-0.012823582,-0.013263702,-0.012778282,-0.013292789,-0.013363361
2078.5,-0.0028510094,-0.0030517578,-0.0031118393,-0.0031237602,-0.0032806396,-0.0031604767,-0.0032906532,-0.0032901764,-0.0040740967,-0.004299164,-0.004392147,-0.0044560432,-0.004600048,-0.00447464,-0.00475502,-0.0047035217,-0.0055737495,-0.005795479,-0.005947113,-0.0059690475,-0.006242752,-0.006043434,-0.006298542,-0.0063443184,-0.007894993,-0.008271217,-0.008509159,-0.008593559,-0.008966923,-0.008651733,-0.008994579,-0.009039879,-0.008244514,-0.008600235,-0.008808136,-0.008985043,-0.009250164,-0.008948326,-0.009327412,-0.009306908,-0.011795998,-0.012252331,-0.012583733,-0.01282692,-0.01327467,-0.0127949715,-0.013294697,-0.013349533
2079.5,-0.0028443336,-0.0030488968,-0.0031089783,-0.0031208992,-0.0032792091,-0.003162384,-0.0032873154,-0.0032868385,-0.004069805,-0.004292488,-0.004388809,-0.004453182,-0.0045990944,-0.004477024,-0.0047545433,-0.0046930313,-0.005567074,-0.005774021,-0.005941391,-0.005961895,-0.006234169,-0.0060477257,-0.006289482,-0.0063352585,-0.007886887,-0.008248806,-0.008507252,-0.008589268,-0.0089559555,-0.008654118,-0.008987904,-0.009021759,-0.008230209,-0.008575439,-0.008796215,-0.008977413,-0.009238243,-0.008944988,-0.009322166,-0.009283543,-0.011782169,-0.012226582,-0.012573719,-0.012815475,-0.013269901,-0.012798309,-0.01328516,-0.013320923
2080.5,-0.002834797,-0.003045082,-0.0031056404,-0.0031175613,-0.0032730103,-0.0031647682,-0.0032820702,-0.0032777786,-0.004061222,-0.004286289,-0.0043821335,-0.004444599,-0.0045924187,-0.004480362,-0.004749775,-0.004676342,-0.0055527687,-0.005753517,-0.005932331,-0.0059490204,-0.0062208176,-0.0060429573,-0.0062799454,-0.0063123703,-0.007870674,-0.008230686,-0.008494854,-0.008571625,-0.008936882,-0.008650303,-0.008976936,-0.008992672,-0.008208275,-0.008554459,-0.008781433,-0.008956432,-0.009218693,-0.0089354515,-0.00931263,-0.009249687,-0.0117583275,-0.012192726,-0.012556553,-0.012790203,-0.013244152,-0.012789249,-0.013268948,-0.013279438
2081.5,-0.0028252602,-0.0030369759,-0.0030975342,-0.0031080246,-0.0032639503,-0.0031609535,-0.003273964,-0.0032629967,-0.0040483475,-0.0042738914,-0.004371166,-0.0044322014,-0.004582882,-0.004477024,-0.004743099,-0.0046539307,-0.005534172,-0.0057353973,-0.005917549,-0.00592947,-0.0062041283,-0.0060358047,-0.006263733,-0.006289959,-0.007847309,-0.008207321,-0.008476257,-0.008546352,-0.008911133,-0.008638859,-0.008957386,-0.008961678,-0.008182526,-0.008526325,-0.008758545,-0.008926868,-0.009183407,-0.008916378,-0.0092897415,-0.00921154,-0.011725903,-0.012152672,-0.0125312805,-0.012755394,-0.013206482,-0.01277113,-0.01323843,-0.013226509
2082.5,-0.002814293,-0.0030236244,-0.0030856133,-0.00309515,-0.0032491684,-0.0031599998,-0.0032625198,-0.0032496452,-0.004034519,-0.0042562485,-0.004354,-0.0044140816,-0.004565239,-0.0044703484,-0.0047268867,-0.0046339035,-0.005513191,-0.0057115555,-0.0058956146,-0.0059070587,-0.0061764717,-0.006023884,-0.0062446594,-0.0062594414,-0.007820606,-0.008173466,-0.008448124,-0.008519173,-0.008877277,-0.0086221695,-0.008925915,-0.008919239,-0.008153915,-0.008489132,-0.008723259,-0.00889349,-0.009142876,-0.008892536,-0.009259224,-0.009168625,-0.011683941,-0.012104988,-0.012488365,-0.012714386,-0.013151646,-0.012742043,-0.013190746,-0.01316452
2083.5,-0.0028018951,-0.0030069351,-0.0030694008,-0.0030813217,-0.0032334328,-0.003150463,-0.003247261,-0.003230095,-0.004017353,-0.0042295456,-0.004328251,-0.0043992996,-0.004541874,-0.0044527054,-0.0047106743,-0.0046048164,-0.005486965,-0.0056824684,-0.005862713,-0.0058817863,-0.006145954,-0.0060014725,-0.0062212944,-0.0062217712,-0.0077853203,-0.008133411,-0.008410931,-0.008481026,-0.0088329315,-0.008592129,-0.008889675,-0.008864403,-0.008117676,-0.008442402,-0.008679867,-0.008854389,-0.009093285,-0.008856773,-0.00921917,-0.00910902,-0.0116324425,-0.012044907,-0.01242733,-0.012660503,-0.013085842,-0.012691021,-0.0131344795,-0.013081074
2084.5,-0.0027880669,-0.0029921532,-0.0030474663,-0.0030698776,-0.0032200813,-0.0031394958,-0.003227234,-0.0032081604,-0.004002571,-0.0042061806,-0.004302025,-0.0043797493,-0.0045170784,-0.004433632,-0.0046830177,-0.0045747757,-0.0054597855,-0.0056500435,-0.0058283806,-0.005853653,-0.006114006,-0.0059742928,-0.0061903,-0.006178856,-0.007750988,-0.008087158,-0.008363247,-0.00843668,-0.008790493,-0.008548737,-0.008839607,-0.008807182,-0.008078575,-0.008395195,-0.008630753,-0.0088095665,-0.009041309,-0.0088124275,-0.009169579,-0.009049416,-0.011578083,-0.011977196,-0.012359619,-0.012593746,-0.013013363,-0.012629509,-0.013062,-0.012989044
2085.5,-0.002772808,-0.0029740334,-0.003024578,-0.0030550957,-0.00319767,-0.0031218529,-0.0032129288,-0.0031723976,-0.0039806366,-0.0041799545,-0.0042743683,-0.0043520927,-0.0044870377,-0.004407406,-0.0046510696,-0.0045228004,-0.005429268,-0.0056123734,-0.005794525,-0.0058202744,-0.006075382,-0.0059423447,-0.006149292,-0.006123543,-0.00770998,-0.00803709,-0.0083088875,-0.008383274,-0.008731842,-0.00849247,-0.008782387,-0.008736134,-0.008036613,-0.008346081,-0.008574009,-0.00875473,-0.008982182,-0.008759975,-0.009109974,-0.008976936,-0.011516094,-0.01190567,-0.012281418,-0.012517452,-0.012931824,-0.012555122,-0.012973309,-0.012876987
2086.5,-0.0027561188,-0.0029530525,-0.0030059814,-0.0030369759,-0.0031766891,-0.0031075478,-0.003191948,-0.0031366348,-0.0039582253,-0.0041542053,-0.004245758,-0.004318714,-0.0044522285,-0.004383087,-0.0046229362,-0.0044732094,-0.005396366,-0.0055685043,-0.0057554245,-0.0057783127,-0.0060272217,-0.005906105,-0.0061101913,-0.0060682297,-0.0076642036,-0.007978439,-0.00825119,-0.0083251,-0.008673668,-0.008435726,-0.008722305,-0.008656979,-0.00798893,-0.00828743,-0.008514881,-0.008692741,-0.008915424,-0.008702278,-0.009051323,-0.008898735,-0.01144743,-0.01182127,-0.0121974945,-0.012431622,-0.012836456,-0.012473106,-0.012876511,-0.012756348
2087.5,-0.0027365685,-0.002931118,-0.0029864311,-0.0030136108,-0.0031466484,-0.00309515,-0.003168583,-0.0031013489,-0.003932953,-0.0041270256,-0.0042147636,-0.004281521,-0.0044116974,-0.004357815,-0.0045895576,-0.004421234,-0.005359173,-0.005525589,-0.005716324,-0.005733013,-0.0059752464,-0.005867958,-0.006062031,-0.0060014725,-0.007612705,-0.007917881,-0.008190632,-0.008256912,-0.008598328,-0.0083761215,-0.008650303,-0.00856638,-0.007936001,-0.008227348,-0.008456707,-0.008623123,-0.008841038,-0.008638859,-0.00898695,-0.008811474,-0.011370182,-0.011734009,-0.012102127,-0.012329578,-0.012728214,-0.012377262,-0.012770176,-0.012628078
2088.5,-0.0027155876,-0.0029096603,-0.002963066,-0.0029864311,-0.0031194687,-0.0030694008,-0.0031428337,-0.0030674934,-0.0039038658,-0.0040979385,-0.0041794777,-0.0042419434,-0.004371643,-0.004322529,-0.004544735,-0.004365921,-0.005321026,-0.0054798126,-0.0056672096,-0.005683899,-0.005923271,-0.00581789,-0.006008148,-0.0059337616,-0.0075564384,-0.007853508,-0.008122444,-0.008183479,-0.008519173,-0.008298874,-0.008572102,-0.008472919,-0.007877827,-0.008163929,-0.008391857,-0.00854826,-0.00876379,-0.0085635185,-0.008911133,-0.008716106,-0.011287212,-0.011636257,-0.011996746,-0.012223244,-0.0126104355,-0.012266636,-0.012652397,-0.0124902725
2089.5,-0.0026960373,-0.0028829575,-0.0029392242,-0.0029559135,-0.0030870438,-0.0030436516,-0.003115654,-0.0030293465,-0.0038723946,-0.0040636063,-0.0041399,-0.0041999817,-0.004324436,-0.004283428,-0.004500866,-0.004310608,-0.0052814484,-0.0054302216,-0.0056200027,-0.0056290627,-0.005862236,-0.005765915,-0.005950451,-0.005861759,-0.0074973106,-0.007785797,-0.008048534,-0.008103371,-0.008428574,-0.008222103,-0.008480549,-0.008367538,-0.007818222,-0.008094311,-0.008317947,-0.008467197,-0.008674622,-0.008485794,-0.0088300705,-0.008612633,-0.01119709,-0.011535168,-0.011883259,-0.012105465,-0.012476921,-0.012147903,-0.012524605,-0.012339592
2090.5,-0.0026726723,-0.0028600693,-0.002910614,-0.0029273033,-0.0030517578,-0.0030164719,-0.0030798912,-0.0029873848,-0.0038371086,-0.004032135,-0.004099846,-0.004155159,-0.004275799,-0.0042414665,-0.00444746,-0.0042505264,-0.0052394867,-0.005381584,-0.005569458,-0.005572319,-0.0057959557,-0.005713463,-0.0058846474,-0.005782604,-0.007435322,-0.007716179,-0.00797081,-0.008018017,-0.008330822,-0.008135796,-0.008379459,-0.008259773,-0.007753849,-0.0080266,-0.008241177,-0.00838089,-0.008578777,-0.008399487,-0.008734226,-0.008497238,-0.011096954,-0.011426449,-0.011767864,-0.011979103,-0.012332439,-0.012025833,-0.012376785,-0.012182713
2091.5,-0.0026474,-0.0028319359,-0.0028796196,-0.0028972626,-0.0030145645,-0.002986908,-0.0030488968,-0.0029468536,-0.0038003922,-0.0039958954,-0.004055977,-0.00411129,-0.004219055,-0.004193783,-0.004401684,-0.0041923523,-0.0051927567,-0.005331993,-0.0055155754,-0.0055174828,-0.0057258606,-0.0056552887,-0.0058164597,-0.005707264,-0.0073661804,-0.007640362,-0.007885933,-0.007931232,-0.008225918,-0.00804472,-0.008281231,-0.0081477165,-0.0076856613,-0.007950783,-0.008158684,-0.0082941055,-0.008474827,-0.008308411,-0.008639336,-0.00838995,-0.010995388,-0.011312962,-0.011643887,-0.011851311,-0.0121798515,-0.011894703,-0.012233734,-0.012018681
2092.5,-0.0026211739,-0.0028047562,-0.0028505325,-0.0028700829,-0.002980709,-0.0029554367,-0.0030183792,-0.0029087067,-0.0037636757,-0.0039567947,-0.0040125847,-0.004067421,-0.0041599274,-0.00414896,-0.0043530464,-0.0041298866,-0.0051469803,-0.0052785873,-0.005458355,-0.005461216,-0.0056529045,-0.0055933,-0.0057497025,-0.00563097,-0.0072951317,-0.00756073,-0.0078020096,-0.007843494,-0.008116245,-0.007945538,-0.008184433,-0.008034229,-0.0076146126,-0.007871628,-0.008072376,-0.008208275,-0.008369446,-0.008215427,-0.008544445,-0.008281231,-0.010890484,-0.011195183,-0.01151371,-0.0117201805,-0.012020588,-0.011760235,-0.012089729,-0.011845112
2093.5,-0.0025982857,-0.002776146,-0.0028209686,-0.0028390884,-0.0029444695,-0.0029201508,-0.0029888153,-0.0028705597,-0.0037293434,-0.0039162636,-0.0039663315,-0.004020214,-0.0041069984,-0.0041003227,-0.004299164,-0.0040664673,-0.0051002502,-0.005224228,-0.0053982735,-0.0054016113,-0.005581856,-0.0055294037,-0.0056886673,-0.005555153,-0.0072231293,-0.007478714,-0.0077114105,-0.007751465,-0.008009911,-0.007847309,-0.008085728,-0.007925034,-0.007543087,-0.0077910423,-0.007982731,-0.008120537,-0.008264542,-0.008113384,-0.008446693,-0.008167267,-0.0107860565,-0.011075497,-0.011380672,-0.011585236,-0.011862755,-0.011620998,-0.011940956,-0.011677742
2094.5,-0.0025758743,-0.0027470589,-0.0027880669,-0.0028047562,-0.0029139519,-0.0028920174,-0.0029587746,-0.002834797,-0.0036950111,-0.0038728714,-0.003918171,-0.003970623,-0.0040540695,-0.0040569305,-0.0042481422,-0.004003525,-0.005051136,-0.005168438,-0.0053362846,-0.0053420067,-0.0055160522,-0.005475521,-0.005625725,-0.0054836273,-0.0071516037,-0.00739336,-0.0076184273,-0.0076565742,-0.007903099,-0.0077576637,-0.007983208,-0.007817268,-0.007472515,-0.0077085495,-0.007891178,-0.008030891,-0.008164883,-0.008028507,-0.008346558,-0.008059502,-0.010679722,-0.010953903,-0.011249542,-0.0114479065,-0.011706352,-0.011485577,-0.011790752,-0.011511326
2095.5,-0.0025553703,-0.0027198792,-0.002758503,-0.002773285,-0.002878666,-0.0028614998,-0.0029258728,-0.0027923584,-0.0036606789,-0.0038318634,-0.0038695335,-0.0039191246,-0.004000187,-0.004009247,-0.00419569,-0.0039334297,-0.005007267,-0.0051140785,-0.00527668,-0.0052804947,-0.005445957,-0.005417824,-0.0055646896,-0.005403042,-0.007082939,-0.0073127747,-0.007528305,-0.0075650215,-0.0077929497,-0.007665634,-0.007885933,-0.0076990128,-0.007404804,-0.007630825,-0.0077996254,-0.00794363,-0.008060932,-0.007932663,-0.008245468,-0.007943153,-0.0105752945,-0.010839462,-0.011118412,-0.011312008,-0.011546135,-0.011347294,-0.011644363,-0.011333942
2096.5,-0.00253582,-0.0026931763,-0.002729416,-0.0027427673,-0.0028481483,-0.0028328896,-0.002892971,-0.0027570724,-0.003624916,-0.0037908554,-0.0038261414,-0.0038723946,-0.003947258,-0.00396204,-0.0041456223,-0.0038795471,-0.0049614906,-0.0050606728,-0.005220413,-0.005220413,-0.005385399,-0.0053634644,-0.0055031776,-0.005329132,-0.0070114136,-0.007232189,-0.007440567,-0.0074801445,-0.0076909065,-0.0075731277,-0.0077877045,-0.0075907707,-0.007335186,-0.007552147,-0.0077137947,-0.0078577995,-0.007966995,-0.007840157,-0.008149624,-0.007836342,-0.010471821,-0.010721207,-0.010993481,-0.01117754,-0.0114007,-0.011210442,-0.011497498,-0.011171818
2097.5,-0.0025134087,-0.0026669502,-0.0027008057,-0.002708435,-0.002814293,-0.002805233,-0.002857685,-0.0027303696,-0.0035881996,-0.0037488937,-0.0037903786,-0.0038261414,-0.0038952827,-0.0039186478,-0.004099846,-0.0038285255,-0.0049147606,-0.0050086975,-0.005165577,-0.005162716,-0.0053219795,-0.0053038597,-0.0054368973,-0.005270958,-0.0069413185,-0.0071520805,-0.007358551,-0.007391453,-0.007590294,-0.0074825287,-0.0076961517,-0.0074954033,-0.0072669983,-0.0074720383,-0.0076322556,-0.007771015,-0.007873058,-0.0077524185,-0.008056641,-0.0077438354,-0.010368824,-0.010604382,-0.010871887,-0.01104784,-0.011254787,-0.0110759735,-0.011364937,-0.011026382
2098.5,-0.0024905205,-0.0026388168,-0.0026717186,-0.002679348,-0.0027871132,-0.002775669,-0.002822876,-0.0027008057,-0.0035533905,-0.0037083626,-0.0037579536,-0.0037851334,-0.0038471222,-0.003871441,-0.0040540695,-0.0037813187,-0.004868984,-0.0049538612,-0.0051116943,-0.0051083565,-0.005261898,-0.0052466393,-0.0053720474,-0.00521183,-0.0068745613,-0.0070738792,-0.007273674,-0.0073127747,-0.007496834,-0.007391453,-0.0076065063,-0.0073976517,-0.007200241,-0.007396221,-0.0075502396,-0.007689476,-0.0077815056,-0.0076651573,-0.007964134,-0.007647991,-0.010269642,-0.010491371,-0.010754108,-0.0109272,-0.011115551,-0.010947704,-0.01123476,-0.010881901
2099.5,-0.0024662018,-0.002612114,-0.0026445389,-0.0026545525,-0.0027570724,-0.00274992,-0.0027990341,-0.0026741028,-0.003516674,-0.0036683083,-0.0037298203,-0.0037474632,-0.0037999153,-0.0038247108,-0.004011154,-0.0037350655,-0.0048213005,-0.004904747,-0.005059719,-0.0050582886,-0.005203247,-0.005189419,-0.005318165,-0.005153179,-0.006807804,-0.007003784,-0.0071930885,-0.007236004,-0.007405758,-0.007308483,-0.0075297356,-0.0073051453,-0.0071339607,-0.0073256493,-0.007475376,-0.0076112747,-0.007694721,-0.007584095,-0.007881641,-0.007558346,-0.010172844,-0.0103850365,-0.010640621,-0.010809422,-0.010989666,-0.010822773,-0.011114597,-0.0107450485
2100.5,-0.0024471283,-0.002588749,-0.0026183128,-0.0026278496,-0.0027279854,-0.0027284622,-0.0027737617,-0.0026454926,-0.003484726,-0.0036344528,-0.0037031174,-0.0037078857,-0.003757,-0.0037870407,-0.0039749146,-0.003695488,-0.004781246,-0.0048599243,-0.0050091743,-0.0050058365,-0.0051465034,-0.005145073,-0.0052628517,-0.005106926,-0.0067481995,-0.006934643,-0.007118702,-0.0071587563,-0.007319927,-0.007236004,-0.0074572563,-0.0072216988,-0.007074833,-0.0072579384,-0.0074014664,-0.0075383186,-0.007612705,-0.007511139,-0.0078053474,-0.007472515,-0.010086536,-0.010284901,-0.0105342865,-0.010694981,-0.010872841,-0.010714531,-0.011001587,-0.010622501
2101.5,-0.0024290085,-0.002564907,-0.0025925636,-0.0026021004,-0.0027017593,-0.0027093887,-0.0027470589,-0.002614975,-0.0034565926,-0.0036025047,-0.0036773682,-0.0036697388,-0.0037169456,-0.003748417,-0.0039362907,-0.0036563873,-0.004746437,-0.004817486,-0.004962921,-0.0049567223,-0.0050902367,-0.0050992966,-0.005214691,-0.0050525665,-0.00669384,-0.006869316,-0.007048607,-0.007086277,-0.007241726,-0.0071673393,-0.007385254,-0.0071439743,-0.0070233345,-0.007194519,-0.007334709,-0.007470131,-0.007537365,-0.0074391365,-0.0077323914,-0.0073928833,-0.010005951,-0.010191441,-0.010433197,-0.010589123,-0.010763168,-0.0106134415,-0.010896683,-0.010502815
2102.5,-0.0024104118,-0.0025453568,-0.0025691986,-0.002579689,-0.0026774406,-0.0026922226,-0.0027236938,-0.002585411,-0.0034284592,-0.0035729408,-0.0036554337,-0.0036373138,-0.003683567,-0.0037155151,-0.0039052963,-0.0036153793,-0.004712105,-0.0047774315,-0.004919529,-0.0049123764,-0.0050435066,-0.005056858,-0.0051727295,-0.005001068,-0.0066428185,-0.006807804,-0.0069856644,-0.00701952,-0.007167816,-0.0071077347,-0.007319927,-0.0070734024,-0.0069727898,-0.0071339607,-0.0072727203,-0.007404804,-0.007470131,-0.007373333,-0.007668495,-0.00731802,-0.009930611,-0.010102272,-0.010338783,-0.01048851,-0.010663986,-0.01052618,-0.010797501,-0.010392189
2103.5,-0.0023918152,-0.0025277138,-0.0025510788,-0.0025582314,-0.0026459694,-0.0026769638,-0.0027093887,-0.0025629997,-0.00340271,-0.0035481453,-0.0036358833,-0.0036034584,-0.0036444664,-0.0036859512,-0.0038776398,-0.0035777092,-0.0046772957,-0.0047421455,-0.004884243,-0.0048708916,-0.0049962997,-0.0050239563,-0.0051374435,-0.0049538612,-0.006591797,-0.006755829,-0.006930828,-0.0069584846,-0.0070991516,-0.00705719,-0.007265091,-0.0070109367,-0.006922722,-0.007081032,-0.007217884,-0.007344246,-0.0073976517,-0.007320881,-0.0076088905,-0.0072541237,-0.009855747,-0.010023117,-0.01025629,-0.010399818,-0.010561466,-0.0104522705,-0.010709286,-0.01029253
2104.5,-0.0023760796,-0.0025086403,-0.0025310516,-0.00253582,-0.0026216507,-0.002655983,-0.0026922226,-0.0025434494,-0.0033802986,-0.003522396,-0.0036196709,-0.0035691261,-0.00360775,-0.0036568642,-0.0038490295,-0.0035438538,-0.0046463013,-0.004705906,-0.0048475266,-0.0048294067,-0.004954815,-0.004994869,-0.005101204,-0.004909992,-0.0065460205,-0.006702423,-0.00688076,-0.00689888,-0.0070323944,-0.0070014,-0.007212639,-0.0069527626,-0.0068793297,-0.0070261955,-0.0071663857,-0.007285118,-0.007332325,-0.0072631836,-0.007555008,-0.0071992874,-0.009788513,-0.009941578,-0.010175228,-0.010309219,-0.01047039,-0.010378838,-0.010624409,-0.010205269
2105.5,-0.002363205,-0.0024933815,-0.0025134087,-0.0025167465,-0.0025968552,-0.0026402473,-0.0026712418,-0.0025262833,-0.0033612251,-0.0034980774,-0.0036067963,-0.0035395622,-0.003575325,-0.0036349297,-0.003824234,-0.0035161972,-0.004617214,-0.0046720505,-0.0048151016,-0.004790783,-0.00491333,-0.0049653053,-0.0050644875,-0.0048704147,-0.006503105,-0.006652355,-0.0068302155,-0.0068416595,-0.0069727898,-0.0069522858,-0.0071611404,-0.0068941116,-0.006836891,-0.0069770813,-0.007115364,-0.007229805,-0.0072727203,-0.0072140694,-0.007508278,-0.007139683,-0.009725571,-0.009870052,-0.010098457,-0.01022625,-0.01038599,-0.010308266,-0.010550022,-0.010126114
2106.5,-0.002348423,-0.0024752617,-0.0024957657,-0.0024986267,-0.0025815964,-0.0026192665,-0.0026545525,-0.0025129318,-0.0033402443,-0.0034723282,-0.0035972595,-0.0035099983,-0.003545761,-0.0036091805,-0.003800869,-0.003487587,-0.004585266,-0.0046367645,-0.004779339,-0.0047540665,-0.004878998,-0.0049390793,-0.0050373077,-0.00482893,-0.0064587593,-0.006606102,-0.0067825317,-0.0067868233,-0.0069203377,-0.00690794,-0.007118225,-0.0068354607,-0.0067925453,-0.0069289207,-0.0070643425,-0.0071787834,-0.0072231293,-0.007165909,-0.0074625015,-0.0070877075,-0.009661198,-0.009802341,-0.010024071,-0.010148525,-0.010307312,-0.010236263,-0.010483265,-0.010049343
2107.5,-0.0023355484,-0.0024609566,-0.0024809837,-0.002480507,-0.0025610924,-0.0026040077,-0.0026397705,-0.0024762154,-0.003320694,-0.0034480095,-0.003587246,-0.0034823418,-0.0035176277,-0.0035910606,-0.0037841797,-0.0034470558,-0.004556656,-0.004606247,-0.004749298,-0.0047216415,-0.0048451424,-0.004910469,-0.005007744,-0.0047864914,-0.0064177513,-0.006561756,-0.006735325,-0.006735325,-0.0068712234,-0.006866932,-0.007074356,-0.006772518,-0.006752491,-0.006883621,-0.0070199966,-0.0071258545,-0.0071754456,-0.007118225,-0.007417679,-0.0070228577,-0.009599209,-0.009738445,-0.00995636,-0.01006937,-0.010232925,-0.010167599,-0.01042223,-0.0099720955
2108.5,-0.0023226738,-0.0024466515,-0.0024690628,-0.002465248,-0.0025458336,-0.0025911331,-0.0026221275,-0.0024523735,-0.0033025742,-0.0034246445,-0.0035805702,-0.0034589767,-0.0034914017,-0.0035786629,-0.0037584305,-0.003417492,-0.0045309067,-0.004576206,-0.0047211647,-0.004690647,-0.0048127174,-0.0048851967,-0.0049767494,-0.004749775,-0.006380081,-0.0065174103,-0.006694317,-0.0066900253,-0.0068244934,-0.0068264008,-0.007030964,-0.006723881,-0.0067133904,-0.0068383217,-0.006977558,-0.007077217,-0.0071310997,-0.0070767403,-0.0073747635,-0.006974697,-0.009541988,-0.009674072,-0.009888172,-0.009999275,-0.0101623535,-0.010104179,-0.010353565,-0.009901524
2109.5,-0.0023097992,-0.0024342537,-0.0024557114,-0.0024490356,-0.0025353432,-0.0025787354,-0.002609253,-0.0024371147,-0.003282547,-0.0034031868,-0.003563404,-0.003435135,-0.003469944,-0.0035643578,-0.0037379265,-0.003387928,-0.0045056343,-0.0045490265,-0.004693985,-0.00466156,-0.0047855377,-0.0048594475,-0.004951954,-0.0047183037,-0.006342888,-0.006477356,-0.006652832,-0.0066461563,-0.0067873,-0.006788254,-0.0069918633,-0.0066747665,-0.006676674,-0.00679636,-0.006937504,-0.0070290565,-0.0070934296,-0.0070414543,-0.007338524,-0.006931305,-0.009487629,-0.009615421,-0.009821892,-0.009930134,-0.0100979805,-0.010047913,-0.0102911,-0.009832382
2110.5,-0.0022993088,-0.0024204254,-0.0024404526,-0.0024313927,-0.002521515,-0.0025725365,-0.0025920868,-0.0024209023,-0.003267765,-0.0033836365,-0.0035495758,-0.003408432,-0.0034484863,-0.0035476685,-0.0037140846,-0.0033631325,-0.004483223,-0.004521847,-0.0046663284,-0.0046339035,-0.004757881,-0.0048422813,-0.004919052,-0.0046858788,-0.0063095093,-0.0064373016,-0.006611347,-0.006600857,-0.006747246,-0.00675869,-0.006951332,-0.0066313744,-0.0066432953,-0.0067539215,-0.006893635,-0.0069847107,-0.0070500374,-0.0070152283,-0.007299423,-0.0068855286,-0.009434223,-0.00955677,-0.009755611,-0.009864807,-0.010038853,-0.0099954605,-0.010228634,-0.00977087
2111.5,-0.0022878647,-0.0024046898,-0.002427578,-0.0024170876,-0.0025076866,-0.0025639534,-0.0025758743,-0.0024089813,-0.0032539368,-0.0033621788,-0.0035367012,-0.0033893585,-0.0034236908,-0.0035281181,-0.0036940575,-0.0033397675,-0.0044612885,-0.00449419,-0.004640579,-0.004608631,-0.004731655,-0.004825592,-0.004889965,-0.004664421,-0.0062766075,-0.0063991547,-0.0065717697,-0.00656271,-0.0067067146,-0.006725788,-0.006916046,-0.006594181,-0.0066080093,-0.0067124367,-0.006854534,-0.006943226,-0.007007599,-0.0069794655,-0.007265568,-0.006848812,-0.009382248,-0.009500027,-0.00969696,-0.009805679,-0.009978294,-0.009936333,-0.01017046,-0.00971508
2112.5,-0.002275467,-0.0023899078,-0.0024123192,-0.002401352,-0.0024914742,-0.0025486946,-0.0025658607,-0.002395153,-0.0032348633,-0.0033416748,-0.003520012,-0.0033669472,-0.0034017563,-0.0035104752,-0.0036735535,-0.0033192635,-0.0044379234,-0.0044674873,-0.004611492,-0.0045804977,-0.0047068596,-0.0048089027,-0.004869461,-0.004638195,-0.0062417984,-0.006360054,-0.006527424,-0.0065226555,-0.0066714287,-0.0066924095,-0.0068864822,-0.006559372,-0.0065722466,-0.0066723824,-0.0068101883,-0.0069026947,-0.006968975,-0.0069437027,-0.0072340965,-0.0068092346,-0.009333134,-0.009446144,-0.009636879,-0.0097436905,-0.009925365,-0.009878159,-0.010122776,-0.009657383
2113.5,-0.0022625923,-0.0023713112,-0.002398491,-0.0023899078,-0.0024747849,-0.0025343895,-0.002547741,-0.0023813248,-0.0032172203,-0.0033197403,-0.0035061836,-0.0033516884,-0.0033831596,-0.0034923553,-0.003645897,-0.0032987595,-0.0044145584,-0.004438877,-0.0045843124,-0.004555702,-0.0046844482,-0.0047883987,-0.004840851,-0.004606247,-0.00620842,-0.0063204765,-0.0064873695,-0.006483078,-0.00663805,-0.0066576004,-0.006852627,-0.006524086,-0.0065374374,-0.0066332817,-0.0067687035,-0.006863117,-0.0069327354,-0.006905079,-0.0071930885,-0.006769657,-0.009284496,-0.009391308,-0.009580135,-0.009688377,-0.00987339,-0.009819984,-0.01006937,-0.009602547
2114.5,-0.0022530556,-0.002357006,-0.00238657,-0.002375126,-0.0024585724,-0.0025286674,-0.002532959,-0.002366066,-0.003203392,-0.00330019,-0.0034928322,-0.0033288002,-0.0033626556,-0.003481388,-0.0036234856,-0.003279686,-0.0043959618,-0.004413128,-0.0045604706,-0.0045285225,-0.004662037,-0.0047740936,-0.0048179626,-0.0045719147,-0.006177902,-0.0062861443,-0.00645113,-0.0064406395,-0.0066018105,-0.0066308975,-0.006817341,-0.0064873695,-0.00650692,-0.006597519,-0.0067310333,-0.0068264008,-0.006895542,-0.0068764687,-0.007159233,-0.0067334175,-0.009239197,-0.009339809,-0.00952673,-0.009628296,-0.009824276,-0.009776115,-0.0100188255,-0.009548664
2115.5,-0.002243042,-0.0023431778,-0.002374649,-0.002359867,-0.0024437904,-0.0025138855,-0.002521038,-0.0023536682,-0.0031895638,-0.0032801628,-0.0034828186,-0.0033102036,-0.0033421516,-0.0034646988,-0.0036053658,-0.0032601357,-0.004377365,-0.0043907166,-0.0045371056,-0.004504204,-0.0046401024,-0.0047516823,-0.004796982,-0.0045485497,-0.006149769,-0.006254196,-0.006416321,-0.0064044,-0.0065670013,-0.006599903,-0.006790161,-0.0064530373,-0.006476879,-0.00656271,-0.006696224,-0.0067920685,-0.0068616867,-0.0068449974,-0.0071263313,-0.006697178,-0.009195805,-0.009292126,-0.009475708,-0.00957489,-0.009773254,-0.00973177,-0.009975433,-0.009496212
2116.5,-0.0022320747,-0.002327919,-0.0023622513,-0.0023465157,-0.0024232864,-0.0025081635,-0.0025105476,-0.0023384094,-0.0031747818,-0.0032596588,-0.0034680367,-0.0032925606,-0.0033221245,-0.003443718,-0.0035877228,-0.003241539,-0.004357815,-0.0043673515,-0.0045137405,-0.0044822693,-0.0046129227,-0.0047254562,-0.0047740936,-0.0045228004,-0.006120205,-0.0062179565,-0.0063815117,-0.0063700676,-0.006532192,-0.0065689087,-0.006760597,-0.0064177513,-0.006444454,-0.0065255165,-0.0066604614,-0.0067563057,-0.0068278313,-0.0068120956,-0.0070958138,-0.006667614,-0.009151936,-0.009241581,-0.009426117,-0.009522915,-0.009721756,-0.009695053,-0.009928703,-0.009450436
2117.5,-0.0022220612,-0.002315998,-0.0023460388,-0.0023326874,-0.002412796,-0.0025091171,-0.0024971962,-0.0023198128,-0.003159523,-0.0032434464,-0.0034470558,-0.003273964,-0.0033102036,-0.0034322739,-0.0035686493,-0.0032200813,-0.0043387413,-0.0043463707,-0.004488945,-0.004459858,-0.004591465,-0.0047097206,-0.004746914,-0.0045018196,-0.0060915947,-0.0061864853,-0.006344795,-0.0063385963,-0.006506443,-0.0065436363,-0.006725788,-0.006378174,-0.0064148903,-0.0064902306,-0.006623745,-0.006722927,-0.0067977905,-0.0067868233,-0.007065296,-0.0066313744,-0.009110451,-0.009195805,-0.009377003,-0.009471893,-0.009681702,-0.009669781,-0.00988245,-0.009403706
2118.5,-0.0022115707,-0.0023036003,-0.0023355484,-0.0023207664,-0.002398491,-0.0025091171,-0.0024876595,-0.0023112297,-0.0031456947,-0.0032281876,-0.003434658,-0.0032587051,-0.0032930374,-0.003419876,-0.0035505295,-0.0031995773,-0.0043210983,-0.004324436,-0.0044674873,-0.0044374466,-0.004574299,-0.004694462,-0.0047245026,-0.0044779778,-0.0060625076,-0.0061559677,-0.006313324,-0.0063085556,-0.006474495,-0.006512642,-0.006696701,-0.0063524246,-0.0063853264,-0.006457329,-0.0065903664,-0.0066890717,-0.006767273,-0.0067563057,-0.0070352554,-0.0066075325,-0.009072304,-0.009152889,-0.009331703,-0.009422779,-0.0096383095,-0.009644508,-0.009840012,-0.00936079
2119.5,-0.002199173,-0.002292633,-0.0023231506,-0.002307415,-0.002395153,-0.0025115013,-0.002480507,-0.0023097992,-0.003129959,-0.0032114983,-0.003417015,-0.0032405853,-0.0032835007,-0.0034108162,-0.0035409927,-0.0031938553,-0.004301071,-0.0043053627,-0.004450798,-0.0044169426,-0.004552841,-0.0046858788,-0.0047049522,-0.0044646263,-0.006035328,-0.00612545,-0.0062832832,-0.006278515,-0.006445408,-0.006486416,-0.0066695213,-0.006334305,-0.0063557625,-0.0064263344,-0.006559372,-0.006655693,-0.0067424774,-0.006731987,-0.0070052147,-0.006579876,-0.009033203,-0.009111404,-0.0092840195,-0.009375095,-0.009605408,-0.0096235275,-0.00979948,-0.0093250275
2120.5,-0.002187252,-0.0022802353,-0.0023121834,-0.0022945404,-0.0023927689,-0.0025072098,-0.0024738312,-0.0023083687,-0.0031137466,-0.0031962395,-0.0034003258,-0.0032215118,-0.003276825,-0.0034017563,-0.0035271645,-0.0031867027,-0.004281521,-0.004283905,-0.0044312477,-0.0043940544,-0.0045375824,-0.004676342,-0.0046830177,-0.004448414,-0.006005764,-0.006093979,-0.00625515,-0.006245613,-0.0064196587,-0.0064663887,-0.0066480637,-0.006316662,-0.0063266754,-0.006392002,-0.006529808,-0.0066223145,-0.006720066,-0.0067067146,-0.006977558,-0.006562233,-0.008995056,-0.009068489,-0.009241581,-0.009328365,-0.009572506,-0.009603977,-0.009757996,-0.009291649
2121.5,-0.0021767616,-0.0022697449,-0.0023021698,-0.0022797585,-0.0023860931,-0.0024971962,-0.0024676323,-0.0022997856,-0.0030999184,-0.0031814575,-0.0033884048,-0.0032043457,-0.0032629967,-0.0033869743,-0.003510952,-0.0031690598,-0.0042619705,-0.004263878,-0.0044164658,-0.0043730736,-0.0045204163,-0.004659176,-0.0046625137,-0.004425049,-0.005980015,-0.006064892,-0.006231785,-0.0062127113,-0.0063905716,-0.0064406395,-0.0066223145,-0.0062828064,-0.0062994957,-0.0063614845,-0.006504059,-0.006587982,-0.006690979,-0.0066785812,-0.0069522858,-0.006538391,-0.0089588165,-0.009025097,-0.00920105,-0.009280682,-0.009534836,-0.009570599,-0.009727955,-0.009253025
2122.5,-0.0021653175,-0.0022563934,-0.0022916794,-0.002266407,-0.00237751,-0.0024871826,-0.0024518967,-0.0022912025,-0.003086567,-0.0031671524,-0.0033726692,-0.0031843185,-0.0032515526,-0.0033783913,-0.0034885406,-0.0031571388,-0.0042409897,-0.004243374,-0.0043969154,-0.004350662,-0.0045022964,-0.004647255,-0.004640579,-0.0044059753,-0.0059537888,-0.0060362816,-0.0062041283,-0.006181717,-0.0063681602,-0.006416321,-0.0065960884,-0.0062584877,-0.0062732697,-0.00633049,-0.0064706802,-0.00655365,-0.0066685677,-0.0066542625,-0.006919384,-0.0065102577,-0.008923531,-0.008983612,-0.009160519,-0.009233952,-0.00950098,-0.009531498,-0.009685516,-0.009217262
2123.5,-0.0021557808,-0.0022449493,-0.0022792816,-0.0022535324,-0.002368927,-0.0024733543,-0.0024428368,-0.0022735596,-0.0030741692,-0.0031518936,-0.0033564568,-0.003168106,-0.0032305717,-0.003373146,-0.0034723282,-0.0031428337,-0.0042243004,-0.0042238235,-0.0043725967,-0.0043301582,-0.0044813156,-0.0046310425,-0.0046277046,-0.0043821335,-0.0059304237,-0.006011963,-0.0061745644,-0.0061483383,-0.0063414574,-0.006392956,-0.0065689087,-0.0062294006,-0.0062479973,-0.0063033104,-0.0064377785,-0.0065221786,-0.006641388,-0.006629467,-0.0068912506,-0.006477833,-0.008891106,-0.008945465,-0.00911808,-0.009187698,-0.009460449,-0.009492874,-0.009642124,-0.009177208
2124.5,-0.0021471977,-0.0022325516,-0.0022644997,-0.0022416115,-0.002357483,-0.0024642944,-0.0024352074,-0.0022625923,-0.0030617714,-0.0031371117,-0.0033407211,-0.003150463,-0.003209591,-0.0033688545,-0.0034599304,-0.0031208992,-0.0042057037,-0.004204273,-0.004350662,-0.0043091774,-0.004459381,-0.0046157837,-0.0046105385,-0.004359722,-0.0059070587,-0.00598526,-0.006145954,-0.00611639,-0.006309986,-0.0063734055,-0.0065426826,-0.0061922073,-0.0062241554,-0.0062761307,-0.006406784,-0.006489277,-0.006614685,-0.006606102,-0.0068626404,-0.0064430237,-0.008859158,-0.008906841,-0.009077072,-0.009142876,-0.009418488,-0.009455681,-0.009606838,-0.009135246
2125.5,-0.0021400452,-0.0022215843,-0.002254963,-0.0022306442,-0.0023465157,-0.0024585724,-0.002427578,-0.0022592545,-0.003051281,-0.003124237,-0.0033278465,-0.0031323433,-0.0031967163,-0.0033535957,-0.0034499168,-0.003100872,-0.004190445,-0.0041851997,-0.004330635,-0.0042881966,-0.004442215,-0.0046014786,-0.00458622,-0.0043444633,-0.0058865547,-0.0059604645,-0.0061178207,-0.0060839653,-0.0062818527,-0.0063495636,-0.0065159798,-0.006166935,-0.0062026978,-0.0062499046,-0.006374836,-0.006459236,-0.006588459,-0.006585121,-0.0068354607,-0.0064234734,-0.008831024,-0.0088710785,-0.009039879,-0.009100914,-0.009383202,-0.009422779,-0.009571075,-0.009101868
2126.5,-0.0021328926,-0.002211094,-0.002243042,-0.0022192001,-0.0023374557,-0.0024528503,-0.0024137497,-0.002254963,-0.0030412674,-0.003109455,-0.0033140182,-0.0031132698,-0.0031833649,-0.0033421516,-0.0034322739,-0.0030913353,-0.004175186,-0.0041651726,-0.004307747,-0.004266262,-0.004425049,-0.004588127,-0.0045666695,-0.004328251,-0.0058665276,-0.0059342384,-0.0060892105,-0.006052971,-0.006257534,-0.006322384,-0.0064873695,-0.0061511993,-0.0061821938,-0.0062212944,-0.006345272,-0.0064291954,-0.0065641403,-0.0065641403,-0.006808758,-0.0064029694,-0.008800983,-0.008832455,-0.008998394,-0.0090556145,-0.009346008,-0.009385586,-0.009536266,-0.009075165
2127.5,-0.0021243095,-0.0022010803,-0.0022349358,-0.0022082329,-0.0023264885,-0.0024476051,-0.002404213,-0.0022530556,-0.003030777,-0.0030956268,-0.0032992363,-0.0030965805,-0.0031738281,-0.0033345222,-0.0034179688,-0.003080368,-0.004160404,-0.0041475296,-0.0042915344,-0.0042471886,-0.004413128,-0.0045728683,-0.0045437813,-0.004319668,-0.005847454,-0.0059099197,-0.006062031,-0.006023884,-0.006237507,-0.006301403,-0.006464958,-0.006134033,-0.006160736,-0.006196499,-0.0063176155,-0.006400585,-0.0065436363,-0.0065407753,-0.006781101,-0.0063815117,-0.008770943,-0.008797646,-0.008961201,-0.009015083,-0.009317398,-0.0093503,-0.009492397,-0.009043694
2128.5,-0.002120018,-0.0021915436,-0.0022230148,-0.0021982193,-0.0023117065,-0.002439022,-0.002404213,-0.0022482872,-0.0030231476,-0.0030827522,-0.0032858849,-0.0030851364,-0.0031604767,-0.0033297539,-0.0034093857,-0.0030665398,-0.00414896,-0.0041279793,-0.0042700768,-0.0042304993,-0.0043964386,-0.0045604706,-0.0045289993,-0.004306793,-0.0058283806,-0.005885601,-0.0060367584,-0.0059952736,-0.006214142,-0.0062847137,-0.0064468384,-0.0061068535,-0.006140709,-0.006169319,-0.006287575,-0.006375313,-0.0065226555,-0.0065159798,-0.006758213,-0.0063614845,-0.008746624,-0.008761883,-0.008919716,-0.008975506,-0.009281158,-0.00932312,-0.009453297,-0.009003162
2129.5,-0.0021123886,-0.0021820068,-0.002213478,-0.0021877289,-0.0022997856,-0.0024352074,-0.0023965836,-0.0022377968,-0.0030112267,-0.003071785,-0.0032744408,-0.0030698776,-0.003148079,-0.003326416,-0.0034003258,-0.0030579567,-0.0041332245,-0.0041103363,-0.0042510033,-0.004214287,-0.0043787956,-0.0045461655,-0.00451231,-0.004292488,-0.0058078766,-0.0058608055,-0.0060100555,-0.005964756,-0.0061969757,-0.0062680244,-0.0064234734,-0.006082535,-0.006119728,-0.00614357,-0.006257534,-0.0063500404,-0.0065016747,-0.006488323,-0.0067300797,-0.0063323975,-0.008720875,-0.008727074,-0.008881569,-0.008938789,-0.00924778,-0.009294987,-0.009408951,-0.008971691
2130.5,-0.002105236,-0.0021734238,-0.0021996498,-0.0021777153,-0.0022907257,-0.0024347305,-0.002389431,-0.00222826,-0.003001213,-0.0030617714,-0.003256321,-0.0030550957,-0.0031342506,-0.0033226013,-0.003387928,-0.003057003,-0.0041184425,-0.00409317,-0.0042276382,-0.0041975975,-0.0043592453,-0.0045366287,-0.0044970512,-0.004278183,-0.0057854652,-0.0058379173,-0.005979538,-0.0059347153,-0.0061745644,-0.006258011,-0.0064058304,-0.0060596466,-0.00609684,-0.0061178207,-0.0062241554,-0.006324291,-0.00647974,-0.0064668655,-0.006706238,-0.006312847,-0.008694172,-0.008693218,-0.008839607,-0.008900642,-0.009218216,-0.009271145,-0.009377003,-0.008947372
2131.5,-0.0020990372,-0.0021629333,-0.0021910667,-0.0021681786,-0.0022845268,-0.0024342537,-0.0023765564,-0.0022182465,-0.0029921532,-0.0030488968,-0.0032458305,-0.0030431747,-0.0031266212,-0.0033135414,-0.003370285,-0.00304842,-0.004105568,-0.004076004,-0.004210472,-0.004184723,-0.0043411255,-0.0045318604,-0.0044698715,-0.0042595863,-0.005765438,-0.0058164597,-0.0059547424,-0.0059103966,-0.0061507225,-0.00623703,-0.0063796043,-0.006038666,-0.0060772896,-0.006093979,-0.006198406,-0.0063004494,-0.006457329,-0.0064468384,-0.0066771507,-0.0062856674,-0.008669376,-0.00865984,-0.008799553,-0.008862972,-0.0091872215,-0.009246349,-0.009333611,-0.008911133
2132.5,-0.0020914078,-0.0021548271,-0.0021829605,-0.0021600723,-0.00227499,-0.002436161,-0.0023627281,-0.0022187233,-0.0029816628,-0.0030384064,-0.0032343864,-0.0030326843,-0.003118515,-0.0033006668,-0.0033521652,-0.0030508041,-0.004091263,-0.0040607452,-0.004196167,-0.0041713715,-0.0043268204,-0.004518509,-0.00444746,-0.004248619,-0.005745411,-0.005795479,-0.0059285164,-0.005885601,-0.0061249733,-0.006216049,-0.0063476562,-0.006023884,-0.006055832,-0.0060710907,-0.0061736107,-0.0062799454,-0.0064291954,-0.0064287186,-0.0066485405,-0.0062680244,-0.008645058,-0.008628845,-0.008764267,-0.00882864,-0.009156704,-0.009222031,-0.009296894,-0.008882523
2133.5,-0.0020833015,-0.0021457672,-0.0021734238,-0.0021514893,-0.0022764206,-0.0024323463,-0.0023608208,-0.0022082329,-0.0029706955,-0.0030260086,-0.0032224655,-0.0030202866,-0.0031113625,-0.0032949448,-0.0033369064,-0.0030341148,-0.004076481,-0.004044533,-0.004178524,-0.0041561127,-0.004319668,-0.004511833,-0.0044312477,-0.0042295456,-0.0057253838,-0.005774021,-0.005906105,-0.005861759,-0.006102562,-0.006196022,-0.006324291,-0.005996704,-0.0060338974,-0.0060477257,-0.006148815,-0.0062556267,-0.0064044,-0.006403446,-0.006618023,-0.006239891,-0.008618832,-0.008596897,-0.008729935,-0.008793354,-0.009129047,-0.009199619,-0.009266853,-0.008842468
2134.5,-0.0020751953,-0.0021386147,-0.0021653175,-0.0021443367,-0.0022673607,-0.0024323463,-0.0023517609,-0.002204895,-0.0029611588,-0.0030155182,-0.0032081604,-0.0030059814,-0.0030946732,-0.0032863617,-0.0033211708,-0.0030269623,-0.0040631294,-0.0040302277,-0.004163265,-0.004140377,-0.0043058395,-0.0045051575,-0.0044174194,-0.004217148,-0.0057048798,-0.005754471,-0.0058808327,-0.0058369637,-0.0060772896,-0.0061798096,-0.006295681,-0.0059809685,-0.0060133934,-0.0060248375,-0.0061221123,-0.0062327385,-0.006383419,-0.006383896,-0.006594181,-0.006222248,-0.008593559,-0.00856638,-0.008694172,-0.008755207,-0.0090966225,-0.009178162,-0.0092225075,-0.008812904
2135.5,-0.002070427,-0.0021309853,-0.0021567345,-0.0021386147,-0.0022602081,-0.0024280548,-0.0023431778,-0.0021939278,-0.0029540062,-0.003004074,-0.0031938553,-0.0029940605,-0.003080368,-0.0032773018,-0.0032982826,-0.0030179024,-0.004052639,-0.004014969,-0.004146099,-0.004125595,-0.0042939186,-0.0044956207,-0.004398823,-0.004199028,-0.005689621,-0.00573349,-0.005856991,-0.0058145523,-0.006055832,-0.0061602592,-0.0062680244,-0.0059571266,-0.005997658,-0.006002903,-0.0060987473,-0.006207943,-0.006366253,-0.006360054,-0.0065698624,-0.006198406,-0.008571625,-0.008535385,-0.00866127,-0.008721352,-0.009073257,-0.009154797,-0.009177208,-0.008777142
2136.5,-0.0020637512,-0.0021233559,-0.0021486282,-0.002129078,-0.002248764,-0.0024232864,-0.0023298264,-0.0021886826,-0.0029454231,-0.0029916763,-0.003182888,-0.0029821396,-0.0030646324,-0.0032639503,-0.0032806396,-0.0030136108,-0.004041195,-0.0039987564,-0.0041332245,-0.004110813,-0.004272461,-0.004482746,-0.004377365,-0.004193783,-0.0056729317,-0.0057110786,-0.005835533,-0.005792141,-0.0060338974,-0.0061397552,-0.0062384605,-0.005939007,-0.005979538,-0.0059785843,-0.006075859,-0.0061831474,-0.006344795,-0.006336689,-0.0065431595,-0.0061836243,-0.008547783,-0.008503437,-0.008628368,-0.008685589,-0.009042263,-0.0091362,-0.009139061,-0.008748531
2137.5,-0.0020575523,-0.0021162033,-0.0021409988,-0.0021209717,-0.0022449493,-0.002418995,-0.0023183823,-0.0021739006,-0.0029358864,-0.0029826164,-0.0031695366,-0.0029673576,-0.0030536652,-0.0032567978,-0.0032682419,-0.0030002594,-0.0040278435,-0.003985882,-0.004114151,-0.0040950775,-0.004254341,-0.0044794083,-0.004357338,-0.0041794777,-0.005654335,-0.005690098,-0.005812168,-0.005768299,-0.006014347,-0.0061240196,-0.006210327,-0.005912304,-0.005959511,-0.0059576035,-0.006052494,-0.0061593056,-0.0063238144,-0.0063209534,-0.0065164566,-0.006160736,-0.008523464,-0.008472443,-0.008595943,-0.008652687,-0.0090146065,-0.009119034,-0.009100914,-0.008711338
2138.5,-0.0020513535,-0.0021090508,-0.0021305084,-0.0021128654,-0.002236843,-0.0024161339,-0.0023097992,-0.0021619797,-0.0029268265,-0.0029716492,-0.0031590462,-0.0029554367,-0.0030446053,-0.003250122,-0.00325346,-0.002986908,-0.004014492,-0.003973007,-0.004096985,-0.0040807724,-0.004243374,-0.0044722557,-0.0043416023,-0.004163265,-0.0056352615,-0.005669594,-0.00578928,-0.005748272,-0.005993843,-0.0061101913,-0.006184101,-0.005885601,-0.0059399605,-0.005936146,-0.0060272217,-0.0061383247,-0.0063004494,-0.006303787,-0.0064964294,-0.0061397552,-0.008498192,-0.008440971,-0.008564949,-0.008620262,-0.008987427,-0.00909996,-0.009064198,-0.008675098
2139.5,-0.0020456314,-0.0021009445,-0.0021219254,-0.0021042824,-0.0022249222,-0.0024142265,-0.0023002625,-0.002151966,-0.0029172897,-0.002960682,-0.003144741,-0.0029382706,-0.0030283928,-0.0032496452,-0.0032348633,-0.0029697418,-0.0040016174,-0.0039577484,-0.0040802956,-0.0040631294,-0.004228115,-0.004473686,-0.0043258667,-0.0041413307,-0.0056180954,-0.0056476593,-0.005765438,-0.0057225227,-0.0059633255,-0.0060977936,-0.0061626434,-0.00586462,-0.005921364,-0.0059142113,-0.005999565,-0.0061101913,-0.006269932,-0.006292343,-0.0064692497,-0.006123543,-0.008473873,-0.008409977,-0.008532524,-0.008582115,-0.008954048,-0.009084702,-0.009030342,-0.00864172
2140.5,-0.0020389557,-0.0020928383,-0.002111435,-0.0020947456,-0.0022130013,-0.0024065971,-0.002298355,-0.002146244,-0.002907753,-0.0029501915,-0.0031313896,-0.0029234886,-0.0030150414,-0.0032401085,-0.0032262802,-0.0029644966,-0.003988743,-0.00394392,-0.0040607452,-0.0040450096,-0.004211426,-0.0044617653,-0.0043153763,-0.004128456,-0.0056004524,-0.005625725,-0.0057406425,-0.0056996346,-0.005932331,-0.0060796738,-0.00614357,-0.005836487,-0.0059018135,-0.0058927536,-0.005973339,-0.006082058,-0.0062470436,-0.006268978,-0.00645113,-0.0061154366,-0.008449078,-0.008378029,-0.008495808,-0.008543491,-0.008918762,-0.009057999,-0.008995533,-0.008617878
2141.5,-0.0020318031,-0.002084732,-0.0021028519,-0.002085209,-0.002210617,-0.0023975372,-0.00229311,-0.0021367073,-0.0028977394,-0.0029387474,-0.0031194687,-0.0029110909,-0.003004551,-0.0032320023,-0.0032167435,-0.0029592514,-0.0039753914,-0.0039277077,-0.004044533,-0.004029274,-0.0041980743,-0.004454136,-0.004306793,-0.0041184425,-0.0055828094,-0.005604744,-0.005716324,-0.005675316,-0.005917549,-0.006063938,-0.006123066,-0.005821705,-0.005883217,-0.005870819,-0.0059490204,-0.0060539246,-0.006231308,-0.0062475204,-0.006430626,-0.0060944557,-0.008425236,-0.008347034,-0.008460522,-0.008506775,-0.008889675,-0.009029388,-0.008963108,-0.008582592
2142.5,-0.0020246506,-0.0020766258,-0.002096653,-0.0020780563,-0.0022029877,-0.0023880005,-0.002292633,-0.0021371841,-0.002887249,-0.0029277802,-0.0031056404,-0.0028996468,-0.0029940605,-0.0032205582,-0.0032029152,-0.0029582977,-0.00396204,-0.003914833,-0.0040278435,-0.0040125847,-0.004180908,-0.004442215,-0.0042886734,-0.0041074753,-0.005564213,-0.0055832863,-0.0056915283,-0.005654335,-0.0059013367,-0.0060448647,-0.006102085,-0.0058054924,-0.005862713,-0.0058498383,-0.0059223175,-0.006031513,-0.0062146187,-0.0062184334,-0.0064091682,-0.006082535,-0.008399963,-0.008318424,-0.008427143,-0.008470535,-0.008865356,-0.00899601,-0.008930206,-0.008558273
2143.5,-0.0020179749,-0.002067566,-0.0020871162,-0.0020689964,-0.0021996498,-0.002380371,-0.0022807121,-0.0021295547,-0.0028772354,-0.0029158592,-0.003092289,-0.0028867722,-0.0029850006,-0.003215313,-0.003186226,-0.0029501915,-0.0039486885,-0.0038995743,-0.0040097237,-0.003993988,-0.0041627884,-0.0044341087,-0.004263878,-0.004094124,-0.005546093,-0.005560875,-0.0056653023,-0.005628109,-0.005885124,-0.006026268,-0.0060744286,-0.005786419,-0.0058431625,-0.005827427,-0.005894184,-0.00600338,-0.0061917305,-0.006198406,-0.0063824654,-0.006070614,-0.008375645,-0.008286476,-0.008392811,-0.0084319115,-0.008838654,-0.008957863,-0.008890629,-0.008530617
2144.5,-0.0020112991,-0.0020604134,-0.0020823479,-0.0020580292,-0.0021972656,-0.0023818016,-0.0022659302,-0.0021281242,-0.0028672218,-0.002904892,-0.0030789375,-0.0028710365,-0.0029797554,-0.003212452,-0.003170967,-0.0029501915,-0.003935814,-0.0038843155,-0.0039930344,-0.003973961,-0.00414896,-0.00442791,-0.004245281,-0.0040860176,-0.005528927,-0.005539894,-0.005642414,-0.005601406,-0.0058636665,-0.0060138702,-0.0060510635,-0.0057754517,-0.005823612,-0.005806923,-0.0058693886,-0.005976677,-0.0061683655,-0.0061807632,-0.0063581467,-0.006064892,-0.00835228,-0.008255959,-0.008360863,-0.008395195,-0.008811474,-0.008926868,-0.008851051,-0.008509159
2145.5,-0.0020046234,-0.0020532608,-0.002073288,-0.0020508766,-0.0021848679,-0.002374649,-0.0022482872,-0.002120018,-0.0028572083,-0.0028948784,-0.0030651093,-0.002861023,-0.0029644966,-0.003203392,-0.0031542778,-0.0029439926,-0.0039229393,-0.0038719177,-0.0039753914,-0.0039572716,-0.004131794,-0.004421711,-0.00422287,-0.0040693283,-0.005510807,-0.005520344,-0.0056171417,-0.005578041,-0.0058403015,-0.005996704,-0.006018162,-0.005747795,-0.0058054924,-0.0057868958,-0.005844116,-0.005950451,-0.006145954,-0.0061593056,-0.006328106,-0.0060448647,-0.008327961,-0.008227825,-0.008326054,-0.008359909,-0.008779526,-0.008895874,-0.008808136,-0.008483887
2146.5,-0.0019979477,-0.0020451546,-0.0020689964,-0.0020427704,-0.002170086,-0.0023703575,-0.0022425652,-0.0021224022,-0.002849102,-0.0028848648,-0.0030546188,-0.0028495789,-0.0029444695,-0.0031986237,-0.003145218,-0.0029363632,-0.003911972,-0.0038576126,-0.0039601326,-0.003941536,-0.004111767,-0.0044202805,-0.004208088,-0.004055023,-0.0054941177,-0.005501747,-0.0055971146,-0.0055537224,-0.005810261,-0.005984783,-0.0059962273,-0.005735874,-0.0057883263,-0.005765915,-0.0058202744,-0.0059280396,-0.0061240196,-0.006146431,-0.006309986,-0.0060334206,-0.008304596,-0.008198261,-0.008292675,-0.008323193,-0.008746147,-0.008865356,-0.008779526,-0.008466721
2147.5,-0.001991272,-0.0020389557,-0.0020594597,-0.00203228,-0.0021629333,-0.0023674965,-0.0022335052,-0.0021238327,-0.002840042,-0.0028748512,-0.0030403137,-0.002837658,-0.0029363632,-0.0031867027,-0.0031380653,-0.0029306412,-0.0039000511,-0.0038461685,-0.00394392,-0.003920555,-0.0040974617,-0.0044107437,-0.0041971207,-0.004038334,-0.0054764748,-0.0054836273,-0.0055704117,-0.0055265427,-0.0057935715,-0.0059690475,-0.0059776306,-0.0057239532,-0.0057702065,-0.0057463646,-0.0057940483,-0.005902767,-0.006107807,-0.0061306953,-0.0062885284,-0.0060219765,-0.008282185,-0.008172989,-0.00825882,-0.00828886,-0.008715153,-0.008841038,-0.008749962,-0.008444309
2148.5,-0.0019836426,-0.0020303726,-0.0020503998,-0.0020222664,-0.0021605492,-0.002360344,-0.0022296906,-0.0021104813,-0.0028300285,-0.0028648376,-0.0030283928,-0.0028243065,-0.0029335022,-0.0031790733,-0.003130436,-0.0029149055,-0.0038866997,-0.003832817,-0.003927231,-0.003900528,-0.004078865,-0.004404068,-0.0041775703,-0.004024029,-0.0054574013,-0.005464077,-0.00554657,-0.00549984,-0.0057764053,-0.005952835,-0.0059604645,-0.0057082176,-0.005750656,-0.0057234764,-0.0057702065,-0.0058751106,-0.006090641,-0.0061130524,-0.006267071,-0.006000519,-0.008257866,-0.008142948,-0.0082268715,-0.00824976,-0.0086894035,-0.008824348,-0.008723259,-0.008420944
2149.5,-0.0019760132,-0.0020227432,-0.002040863,-0.0020160675,-0.0021567345,-0.0023555756,-0.002231598,-0.0021061897,-0.0028195381,-0.0028557777,-0.0030169487,-0.002811432,-0.0029268265,-0.0031614304,-0.003130436,-0.0029067993,-0.003873825,-0.0038204193,-0.003911495,-0.0038814545,-0.004064083,-0.0043902397,-0.0041680336,-0.0040192604,-0.005437851,-0.0054445267,-0.005522251,-0.005478859,-0.005760193,-0.005932808,-0.0059485435,-0.005690098,-0.005730629,-0.0057029724,-0.0057435036,-0.0058517456,-0.006070137,-0.0060868263,-0.0062479973,-0.005988121,-0.00823307,-0.008115292,-0.008195877,-0.008216381,-0.008662701,-0.008803368,-0.008696556,-0.008395195
2150.5,-0.0019702911,-0.0020170212,-0.0020284653,-0.0020074844,-0.0021572113,-0.0023531914,-0.0022277832,-0.0021042824,-0.0028104782,-0.0028471947,-0.0030035973,-0.002799511,-0.0029201508,-0.0031490326,-0.0031204224,-0.0029067993,-0.0038614273,-0.0038080215,-0.0038924217,-0.003865242,-0.004053116,-0.004374981,-0.0041589737,-0.004011154,-0.005420208,-0.0054249763,-0.0054979324,-0.0054535866,-0.0057406425,-0.0059127808,-0.005932808,-0.005680084,-0.0057120323,-0.005683422,-0.0057168007,-0.0058250427,-0.006058216,-0.0060653687,-0.0062322617,-0.0059685707,-0.008210182,-0.008088589,-0.008161068,-0.008177757,-0.008636475,-0.008788109,-0.008669376,-0.008370876
2151.5,-0.0019636154,-0.0020093918,-0.0020208359,-0.0020036697,-0.0021481514,-0.002360344,-0.002216816,-0.0021018982,-0.002799511,-0.002837658,-0.0029916763,-0.0027923584,-0.002904892,-0.003145218,-0.00310421,-0.002907753,-0.0038480759,-0.0037956238,-0.0038776398,-0.0038480759,-0.0040388107,-0.004365921,-0.0041484833,-0.00400877,-0.0054006577,-0.0054068565,-0.0054736137,-0.0054340363,-0.0057139397,-0.005903721,-0.005908489,-0.005660534,-0.0056910515,-0.0056643486,-0.0056934357,-0.005803108,-0.0060358047,-0.0060510635,-0.00620842,-0.0059485435,-0.00818491,-0.008060932,-0.0081272125,-0.008145332,-0.0086016655,-0.008777142,-0.00863266,-0.008344173
2152.5,-0.0019578934,-0.002003193,-0.0020127296,-0.0019955635,-0.002140522,-0.0023584366,-0.0022053719,-0.002099514,-0.002790451,-0.0028281212,-0.002977848,-0.0027813911,-0.0028934479,-0.0031399727,-0.0030918121,-0.0028977394,-0.003835678,-0.0037822723,-0.0038628578,-0.0038318634,-0.0040273666,-0.00436306,-0.004135132,-0.00399971,-0.0053834915,-0.0053863525,-0.005448818,-0.005411625,-0.0056915283,-0.005895138,-0.0058898926,-0.005642891,-0.005671501,-0.005645752,-0.0056681633,-0.0057787895,-0.0060157776,-0.006041527,-0.006187916,-0.00592947,-0.008161068,-0.008033752,-0.008092403,-0.008111954,-0.008572102,-0.008775711,-0.0085988045,-0.0083251
2153.5,-0.0019497871,-0.0019965172,-0.0020046234,-0.0019903183,-0.0021357536,-0.0023527145,-0.0022006035,-0.0020999908,-0.0027799606,-0.0028185844,-0.0029668808,-0.0027737617,-0.0028834343,-0.0031356812,-0.0030879974,-0.002901554,-0.0038218498,-0.0037703514,-0.003844738,-0.0038166046,-0.0040135384,-0.0043582916,-0.0041270256,-0.0039982796,-0.005364895,-0.005367756,-0.0054240227,-0.0053920746,-0.0056705475,-0.0058813095,-0.0058698654,-0.0056319237,-0.005651951,-0.005628109,-0.0056447983,-0.0057549477,-0.0059924126,-0.006020069,-0.006169319,-0.005915642,-0.008136749,-0.008006573,-0.008060932,-0.008079529,-0.008544922,-0.0087714195,-0.00856781,-0.0083088875
2154.5,-0.0019431114,-0.0019893646,-0.0019979477,-0.001982212,-0.002128601,-0.0023465157,-0.002190113,-0.0020980835,-0.0027709007,-0.0028090477,-0.0029540062,-0.0027604103,-0.0028734207,-0.0031280518,-0.0030703545,-0.0028953552,-0.003809452,-0.0037574768,-0.003829956,-0.0037999153,-0.004000187,-0.0043525696,-0.0041127205,-0.0039873123,-0.0053477287,-0.0053491592,-0.0054006577,-0.0053720474,-0.0056505203,-0.00586462,-0.0058465004,-0.005615711,-0.005633354,-0.0056095123,-0.0056176186,-0.0057296753,-0.005967617,-0.0060071945,-0.006148815,-0.005906582,-0.008113861,-0.00797987,-0.008027554,-0.008043766,-0.008514404,-0.008756638,-0.008529663,-0.008285046
2155.5,-0.001938343,-0.001982212,-0.0019874573,-0.0019731522,-0.0021224022,-0.0023431778,-0.0021800995,-0.002096653,-0.0027618408,-0.002799511,-0.0029387474,-0.0027484894,-0.0028672218,-0.0031194687,-0.0030636787,-0.0028848648,-0.003798008,-0.0037441254,-0.00381279,-0.0037817955,-0.0039863586,-0.004345417,-0.0041031837,-0.0039806366,-0.0053310394,-0.0053305626,-0.0053801537,-0.005352497,-0.005634308,-0.005856991,-0.005827427,-0.0056085587,-0.0056152344,-0.0055909157,-0.005595207,-0.005704403,-0.005949974,-0.0059924126,-0.006125927,-0.005897045,-0.008090973,-0.007951736,-0.0079956055,-0.008009434,-0.008486271,-0.008743286,-0.008502483,-0.008265018
2156.5,-0.0019311905,-0.00197649,-0.0019798279,-0.0019664764,-0.0021181107,-0.0023436546,-0.0021767616,-0.0020923615,-0.002752781,-0.0027918816,-0.002925396,-0.0027422905,-0.002854824,-0.0031123161,-0.0030531883,-0.0028762817,-0.0037851334,-0.0037326813,-0.0037999153,-0.0037674904,-0.0039725304,-0.0043468475,-0.004098892,-0.0039696693,-0.0053138733,-0.005314827,-0.005358219,-0.005332947,-0.0056123734,-0.0058455467,-0.005812645,-0.0056009293,-0.0055966377,-0.0055732727,-0.0055770874,-0.005683899,-0.0059280396,-0.005981922,-0.0061097145,-0.005895138,-0.008067131,-0.00792551,-0.007964134,-0.007976532,-0.00845623,-0.008719921,-0.008472919,-0.008244514
2157.5,-0.0019259453,-0.001967907,-0.0019721985,-0.0019612312,-0.0021061897,-0.0023322105,-0.0021653175,-0.0021042824,-0.0027422905,-0.002781868,-0.0029144287,-0.0027360916,-0.0028409958,-0.0031089783,-0.0030374527,-0.0028853416,-0.0037722588,-0.0037212372,-0.0037865639,-0.0037517548,-0.0039582253,-0.004339218,-0.004090786,-0.0039806366,-0.0052962303,-0.005296707,-0.005335331,-0.00531435,-0.005586624,-0.005832672,-0.005789757,-0.005607128,-0.0055775642,-0.005554199,-0.0055556297,-0.0056619644,-0.005906582,-0.0059633255,-0.0060834885,-0.0059046745,-0.008043766,-0.007899284,-0.00793314,-0.007946968,-0.008425713,-0.008693695,-0.008440495,-0.00823307
2158.5,-0.0019197464,-0.0019631386,-0.001964569,-0.0019521713,-0.0020980835,-0.0023217201,-0.0021543503,-0.0020990372,-0.0027337074,-0.002773285,-0.0029029846,-0.0027284622,-0.002828598,-0.0031080246,-0.0030212402,-0.002875328,-0.0037603378,-0.0037107468,-0.0037736893,-0.0037345886,-0.003941536,-0.004331112,-0.004082203,-0.0039749146,-0.005280018,-0.005280018,-0.0053133965,-0.005294323,-0.005566597,-0.0058221817,-0.005765438,-0.005587101,-0.005560398,-0.0055389404,-0.0055356026,-0.0056390762,-0.005885601,-0.005949497,-0.006063938,-0.00590086,-0.0080218315,-0.0078754425,-0.007903099,-0.007914543,-0.008399487,-0.008666515,-0.0084095,-0.008208752
2159.5,-0.0019140244,-0.0019569397,-0.0019564629,-0.0019464493,-0.0020866394,-0.002313614,-0.002146244,-0.0020833015,-0.0027241707,-0.0027651787,-0.0028939247,-0.002720356,-0.0028128624,-0.0031003952,-0.0030107498,-0.0028614998,-0.0037488937,-0.0037002563,-0.003762722,-0.0037207603,-0.003923416,-0.004319668,-0.0040712357,-0.003959179,-0.0052638054,-0.0052638054,-0.005291939,-0.00527668,-0.005545616,-0.0058050156,-0.005745411,-0.0055675507,-0.005543709,-0.005522728,-0.005514145,-0.0056176186,-0.0058584213,-0.0059309006,-0.00604105,-0.005894661,-0.007999897,-0.007851124,-0.007873535,-0.007882595,-0.008366108,-0.008636951,-0.008383751,-0.008178711
2160.5,-0.0019078255,-0.001950264,-0.0019445419,-0.0019397736,-0.0020828247,-0.0023083687,-0.0021457672,-0.0020799637,-0.0027155876,-0.0027561188,-0.00288105,-0.0027127266,-0.0028018951,-0.003092289,-0.003004551,-0.0028543472,-0.0037374496,-0.0036883354,-0.00374794,-0.003707409,-0.0039029121,-0.004315853,-0.004065037,-0.00395298,-0.005247116,-0.0052466393,-0.00526762,-0.0052576065,-0.0055246353,-0.005795002,-0.005731106,-0.005561352,-0.0055265427,-0.0055041313,-0.00549078,-0.0055947304,-0.0058321953,-0.005914688,-0.006028652,-0.0058875084,-0.007977486,-0.007827282,-0.007842541,-0.007850647,-0.008340359,-0.008615017,-0.008357525,-0.008160114
2161.5,-0.0019021034,-0.0019440651,-0.0019359589,-0.0019359589,-0.002076149,-0.0023036003,-0.0021452904,-0.0020685196,-0.0027070045,-0.0027475357,-0.0028710365,-0.0027079582,-0.0027914047,-0.003080368,-0.0030035973,-0.0028409958,-0.0037255287,-0.0036773682,-0.0037326813,-0.0036950111,-0.0038924217,-0.0043063164,-0.004057884,-0.003941059,-0.0052313805,-0.00522995,-0.0052461624,-0.005241871,-0.0055031776,-0.005777359,-0.0057115555,-0.0055527687,-0.00551033,-0.0054860115,-0.0054688454,-0.005575657,-0.005812168,-0.0058922768,-0.0060153008,-0.005865097,-0.007956028,-0.0078029633,-0.0078139305,-0.00782156,-0.008310795,-0.008595467,-0.008342266,-0.008135796
2162.5,-0.001894474,-0.0019369125,-0.0019307137,-0.0019278526,-0.002064228,-0.0023031235,-0.0021429062,-0.0020618439,-0.002696991,-0.0027370453,-0.0028629303,-0.0027008057,-0.002779007,-0.0030808449,-0.002998352,-0.0028338432,-0.003712654,-0.0036644936,-0.0037226677,-0.0036802292,-0.0038762093,-0.0043029785,-0.004043579,-0.0039305687,-0.0052132607,-0.0052108765,-0.0052280426,-0.0052189827,-0.0054807663,-0.0057673454,-0.005694866,-0.0055351257,-0.0054922104,-0.0054655075,-0.005449295,-0.0055527687,-0.0057911873,-0.0058784485,-0.006005287,-0.0058460236,-0.007932663,-0.0077762604,-0.0077881813,-0.0077872276,-0.008284569,-0.008585453,-0.008316994,-0.008121967
2163.5,-0.0018877983,-0.0019302368,-0.0019235611,-0.0019216537,-0.0020565987,-0.002298355,-0.0021305084,-0.0020484924,-0.002688408,-0.0027279854,-0.002854824,-0.002690792,-0.0027685165,-0.0030779839,-0.0029821396,-0.0028266907,-0.0037002563,-0.0036520958,-0.0037112236,-0.003668785,-0.0038604736,-0.0042905807,-0.0040249825,-0.0039191246,-0.0051956177,-0.005194187,-0.0052103996,-0.005200863,-0.0054593086,-0.0057549477,-0.0056705475,-0.005511284,-0.005473137,-0.005445957,-0.005431175,-0.0055322647,-0.0057697296,-0.005856991,-0.00598526,-0.005823612,-0.007908821,-0.0077500343,-0.0077614784,-0.007754326,-0.008255959,-0.0085635185,-0.008280754,-0.008099079
2164.5,-0.0018820763,-0.0019226074,-0.0019168854,-0.0019130707,-0.0020475388,-0.0022950172,-0.002122879,-0.0020461082,-0.0026803017,-0.0027194023,-0.0028448105,-0.0026783943,-0.0027565956,-0.0030794144,-0.0029716492,-0.0028176308,-0.0036883354,-0.0036387444,-0.0036973953,-0.003651619,-0.0038480759,-0.0042824745,-0.004014492,-0.0039157867,-0.005179405,-0.0051755905,-0.0051903725,-0.005177021,-0.005441189,-0.0057411194,-0.0056495667,-0.005499363,-0.0054569244,-0.0054249763,-0.00540781,-0.005505085,-0.0057458878,-0.00583601,-0.0059657097,-0.0058059692,-0.007887363,-0.007721424,-0.0077323914,-0.0077176094,-0.008230209,-0.00854826,-0.008245945,-0.008079529
2165.5,-0.0018754005,-0.0019159317,-0.0019106865,-0.0019044876,-0.0020422935,-0.0022940636,-0.0021104813,-0.0020418167,-0.002670765,-0.0027103424,-0.002834797,-0.0026659966,-0.0027451515,-0.003083706,-0.0029616356,-0.002810955,-0.0036759377,-0.0036268234,-0.0036830902,-0.003636837,-0.003832817,-0.0042734146,-0.0039987564,-0.003909588,-0.005162239,-0.005156517,-0.0051703453,-0.0051555634,-0.0054183006,-0.0057373047,-0.005633831,-0.005486965,-0.0054392815,-0.0054068565,-0.0053863525,-0.005478859,-0.005727768,-0.0058116913,-0.005944252,-0.0057883263,-0.007864475,-0.0076942444,-0.0077033043,-0.00768137,-0.008204937,-0.008532047,-0.008220196,-0.008046627
2166.5,-0.0018696785,-0.0019102097,-0.0019035339,-0.0018949509,-0.0020365715,-0.0022859573,-0.002108097,-0.0020256042,-0.002661705,-0.0027012825,-0.0028243065,-0.0026569366,-0.0027284622,-0.00308609,-0.0029540062,-0.0028047562,-0.0036644936,-0.0036139488,-0.0036697388,-0.0036239624,-0.0038161278,-0.0042591095,-0.0039815903,-0.0038952827,-0.0051465034,-0.0051374435,-0.005148411,-0.005136013,-0.005393982,-0.005731106,-0.0056185722,-0.0054683685,-0.005423546,-0.0053887367,-0.005364418,-0.005457878,-0.0057063103,-0.0057940483,-0.0059199333,-0.0057702065,-0.007843971,-0.0076680183,-0.0076737404,-0.0076503754,-0.008173943,-0.008512974,-0.008195877,-0.008019447
2167.5,-0.0018630028,-0.0019049644,-0.0019006729,-0.0018897057,-0.00203228,-0.0022826195,-0.0021047592,-0.0020074844,-0.0026521683,-0.0026931763,-0.0028128624,-0.0026488304,-0.0027151108,-0.0030841827,-0.0029416084,-0.0027990341,-0.0036520958,-0.0036039352,-0.003657341,-0.0036091805,-0.0038018227,-0.0042529106,-0.003970146,-0.0038733482,-0.0051293373,-0.0051202774,-0.005129814,-0.0051140785,-0.0053725243,-0.005727291,-0.005598545,-0.005449295,-0.0054068565,-0.0053725243,-0.0053429604,-0.0054354668,-0.0056858063,-0.005785942,-0.0058994293,-0.0057530403,-0.007822037,-0.007643223,-0.007648468,-0.007621765,-0.008146763,-0.008497715,-0.008168697,-0.007993698
2168.5,-0.0018568039,-0.0018987656,-0.0018949509,-0.0018849373,-0.0020222664,-0.0022764206,-0.0021071434,-0.0019946098,-0.0026431084,-0.0026831627,-0.0028038025,-0.0026407242,-0.0027012825,-0.0030841827,-0.0029287338,-0.0027980804,-0.0036401749,-0.0035910606,-0.003642559,-0.0035982132,-0.0037851334,-0.0042481422,-0.0039601326,-0.0038638115,-0.005112171,-0.0051021576,-0.005110264,-0.005097866,-0.0053491592,-0.005721092,-0.005586624,-0.0054326057,-0.0053896904,-0.0053544044,-0.0053253174,-0.005414486,-0.0056643486,-0.0057730675,-0.005879402,-0.005739212,-0.0078001022,-0.0076179504,-0.007621765,-0.0075922012,-0.008118629,-0.00848341,-0.008141041,-0.007971764
2169.5,-0.001850605,-0.0018925667,-0.0018906593,-0.001876831,-0.0020194054,-0.002281189,-0.0021095276,-0.002002716,-0.0026335716,-0.0026741028,-0.0027952194,-0.002632618,-0.0026946068,-0.0030827522,-0.002919674,-0.0027990341,-0.003628254,-0.0035805702,-0.0036292076,-0.0035834312,-0.003771305,-0.004245758,-0.003947258,-0.0038657188,-0.005095482,-0.0050845146,-0.005092621,-0.005077839,-0.0053334236,-0.0057172775,-0.005572796,-0.0054221153,-0.0053720474,-0.005337715,-0.0053076744,-0.005391121,-0.0056438446,-0.0057582855,-0.005859375,-0.005731106,-0.0077781677,-0.0075922012,-0.0075950623,-0.0075597763,-0.008095264,-0.008477688,-0.008115768,-0.007958889
2170.5,-0.0018444061,-0.0018863678,-0.0018844604,-0.0018672943,-0.0020151138,-0.0022797585,-0.0021104813,-0.002008915,-0.0026245117,-0.0026650429,-0.0027832985,-0.0026226044,-0.0026888847,-0.0030789375,-0.0029129982,-0.0027918816,-0.0036177635,-0.0035676956,-0.0036144257,-0.0035686493,-0.0037555695,-0.00424242,-0.0039482117,-0.0038609505,-0.0050797462,-0.0050673485,-0.0050730705,-0.005059719,-0.0053157806,-0.005706787,-0.005563259,-0.0054121017,-0.005355358,-0.0053195953,-0.0052866936,-0.005367756,-0.005624771,-0.0057439804,-0.0058522224,-0.0057239532,-0.007757187,-0.007566929,-0.007565975,-0.0075292587,-0.008072853,-0.008468151,-0.00810051,-0.007948399
2171.5,-0.0018382072,-0.0018792152,-0.001876831,-0.0018577576,-0.0020127296,-0.0022764206,-0.002110958,-0.0020079613,-0.0026154518,-0.002655983,-0.002772808,-0.002612114,-0.0026826859,-0.0030755997,-0.0029087067,-0.0027780533,-0.0036063194,-0.0035572052,-0.003601551,-0.0035524368,-0.0037469864,-0.0042381287,-0.003941536,-0.003850937,-0.0050640106,-0.005051136,-0.0050549507,-0.005042076,-0.0053043365,-0.005701542,-0.0055532455,-0.0053887367,-0.005338669,-0.005302906,-0.0052671432,-0.0053458214,-0.0056118965,-0.0057325363,-0.0058431625,-0.0056962967,-0.007736683,-0.0075421333,-0.007537365,-0.00749588,-0.008058548,-0.0084552765,-0.008076668,-0.00792551
2172.5,-0.0018334389,-0.0018730164,-0.0018692017,-0.001847744,-0.0020093918,-0.00227499,-0.0021071434,-0.002011776,-0.0026068687,-0.0026478767,-0.0027594566,-0.0026025772,-0.0026755333,-0.0030713081,-0.0029025078,-0.0027623177,-0.0035953522,-0.003545761,-0.0035877228,-0.0035367012,-0.0037360191,-0.004233837,-0.0039286613,-0.0038404465,-0.005048752,-0.0050325394,-0.0050373077,-0.005024433,-0.0052866936,-0.0056943893,-0.0055384636,-0.0053687096,-0.0053224564,-0.0052838326,-0.0052485466,-0.005323887,-0.005592823,-0.0057234764,-0.005824089,-0.0056767464,-0.0077171326,-0.007517338,-0.0075092316,-0.007463932,-0.00803566,-0.00843811,-0.008048534,-0.00790596
2173.5,-0.0018286705,-0.0018668175,-0.0018630028,-0.0018391609,-0.002011776,-0.002275467,-0.002090454,-0.0020213127,-0.0025987625,-0.0026392937,-0.0027489662,-0.0025901794,-0.002664566,-0.003065586,-0.0028948784,-0.0027580261,-0.0035848618,-0.0035328865,-0.0035748482,-0.0035185814,-0.0037260056,-0.0042328835,-0.0039110184,-0.003836155,-0.005033493,-0.00501585,-0.0050177574,-0.005003929,-0.0052719116,-0.0056824684,-0.005520344,-0.0053572655,-0.005306244,-0.0052661896,-0.0052280426,-0.0053009987,-0.005581379,-0.005721569,-0.005800247,-0.005666256,-0.0076975822,-0.0074920654,-0.0074801445,-0.007431984,-0.008018017,-0.008427143,-0.008011818,-0.007888794
2174.5,-0.0018229485,-0.0018606186,-0.0018553734,-0.001830101,-0.0020093918,-0.0022654533,-0.0020804405,-0.0020251274,-0.0025906563,-0.0026302338,-0.0027389526,-0.0025787354,-0.002661705,-0.003057003,-0.0028877258,-0.0027503967,-0.0035738945,-0.0035209656,-0.0035629272,-0.003502369,-0.0037269592,-0.004228592,-0.0039043427,-0.003824234,-0.0050177574,-0.004998207,-0.0049972534,-0.0049858093,-0.005259514,-0.005654812,-0.0055036545,-0.0053505898,-0.0052905083,-0.0052485466,-0.005209446,-0.0052785873,-0.0055737495,-0.0057144165,-0.005780697,-0.0056533813,-0.007677555,-0.007466793,-0.007452011,-0.007401943,-0.007997513,-0.008415222,-0.007984638,-0.007866383
2175.5,-0.0018172264,-0.0018548965,-0.0018453598,-0.0018196106,-0.0020065308,-0.0022640228,-0.0020680428,-0.002026558,-0.0025820732,-0.0026216507,-0.0027279854,-0.0025672913,-0.0026540756,-0.0030460358,-0.0028834343,-0.0027427673,-0.0035629272,-0.0035090446,-0.0035486221,-0.003484249,-0.0037183762,-0.0042300224,-0.0038933754,-0.0038247108,-0.005002022,-0.004980564,-0.00497818,-0.004963875,-0.0052452087,-0.0056328773,-0.005487919,-0.0053453445,-0.005274296,-0.005230427,-0.0051879883,-0.0052576065,-0.0055584908,-0.005709648,-0.0057559013,-0.005645275,-0.007657051,-0.0074419975,-0.0074219704,-0.0073714256,-0.007977486,-0.008406639,-0.007958412,-0.007851124
2176.5,-0.0018115044,-0.0018501282,-0.0018353462,-0.0018138885,-0.0020041466,-0.0022678375,-0.0020656586,-0.0020332336,-0.002573967,-0.0026135445,-0.0027179718,-0.0025587082,-0.0026478767,-0.003033638,-0.0028748512,-0.0027422905,-0.00355196,-0.0034976006,-0.003534317,-0.0034675598,-0.00371027,-0.0042290688,-0.0038790703,-0.0038280487,-0.004986286,-0.004963875,-0.004957199,-0.0049419403,-0.0052318573,-0.0056152344,-0.0054717064,-0.0053429604,-0.0052580833,-0.0052132607,-0.0051693916,-0.0052375793,-0.00554657,-0.0057048798,-0.005733013,-0.0056319237,-0.0076375008,-0.007417679,-0.007391453,-0.0073423386,-0.0079574585,-0.008401871,-0.0079369545,-0.007841587
2177.5,-0.0018062592,-0.0018444061,-0.0018262863,-0.0018062592,-0.0020046234,-0.002272129,-0.0020599365,-0.002035141,-0.0025663376,-0.0026049614,-0.002708435,-0.0025501251,-0.0026459694,-0.0030198097,-0.002872467,-0.002737999,-0.003540516,-0.0034866333,-0.0035233498,-0.0034542084,-0.003707409,-0.0042209625,-0.0038719177,-0.0038180351,-0.0049700737,-0.0049476624,-0.004940033,-0.004921913,-0.005223274,-0.005604267,-0.0054569244,-0.0053367615,-0.005241394,-0.0051956177,-0.0051527023,-0.005218029,-0.0055365562,-0.005694866,-0.0057139397,-0.0056209564,-0.0076169968,-0.007393837,-0.00736475,-0.0073127747,-0.007942677,-0.008385181,-0.00791502,-0.007823467
2178.5,-0.0018005371,-0.0018386841,-0.0018148422,-0.0017986298,-0.001996994,-0.0022759438,-0.002061367,-0.0020356178,-0.0025577545,-0.0025963783,-0.00269413,-0.0025405884,-0.0026402473,-0.0030150414,-0.0028672218,-0.002728939,-0.003528595,-0.003475666,-0.0035076141,-0.003440857,-0.0036945343,-0.0042119026,-0.0038647652,-0.003806591,-0.004954338,-0.004930973,-0.004917145,-0.004901886,-0.005206585,-0.005599022,-0.005449295,-0.0053215027,-0.0052256584,-0.005177498,-0.005129814,-0.0051960945,-0.0055174828,-0.005683899,-0.0056939125,-0.00560236,-0.0075969696,-0.0073695183,-0.0073337555,-0.0072817802,-0.007920265,-0.008377552,-0.0078959465,-0.0078058243
2179.5,-0.0017938614,-0.0018343925,-0.001809597,-0.0017895699,-0.0019903183,-0.002278328,-0.0020532608,-0.002017498,-0.0025491714,-0.0025892258,-0.00268507,-0.0025258064,-0.002626419,-0.0030112267,-0.002857685,-0.0027093887,-0.003516674,-0.0034656525,-0.00349617,-0.0034241676,-0.0036826134,-0.004201889,-0.0038485527,-0.003792286,-0.0049381256,-0.0049157143,-0.004899025,-0.004881859,-0.005189419,-0.0055994987,-0.005434513,-0.005303383,-0.005208969,-0.0051612854,-0.005112648,-0.0051732063,-0.0054974556,-0.005669594,-0.0056710243,-0.0055794716,-0.007575512,-0.0073461533,-0.0073075294,-0.0072517395,-0.007898331,-0.0083556175,-0.007867813,-0.00777483
2180.5,-0.0017871857,-0.0018281937,-0.0018029213,-0.0017828941,-0.0019783974,-0.002277851,-0.0020503998,-0.0020074844,-0.0025405884,-0.0025820732,-0.002676487,-0.0025172234,-0.002614975,-0.0030164719,-0.002854824,-0.0027046204,-0.003504753,-0.0034561157,-0.003484726,-0.0034093857,-0.0036654472,-0.0041947365,-0.0038394928,-0.0037870407,-0.004921913,-0.0048999786,-0.0048794746,-0.0048599243,-0.005171776,-0.0056009293,-0.0054187775,-0.005291939,-0.005191803,-0.005144596,-0.0050964355,-0.005153179,-0.00548172,-0.005654335,-0.0056610107,-0.0055675507,-0.0075540543,-0.0073223114,-0.0072808266,-0.0072197914,-0.007874012,-0.008338451,-0.0078520775,-0.007763386
2181.5,-0.00178051,-0.0018210411,-0.0017962456,-0.0017743111,-0.0019688606,-0.0022716522,-0.0020418167,-0.0019946098,-0.0025320053,-0.0025734901,-0.002667427,-0.0025081635,-0.0025987625,-0.0030260086,-0.0028424263,-0.0027036667,-0.0034928322,-0.003443718,-0.0034732819,-0.0033946037,-0.0036501884,-0.0041794777,-0.0038237572,-0.0037794113,-0.0049057007,-0.0048823357,-0.004860878,-0.004839897,-0.005151272,-0.0055994987,-0.005394459,-0.005284786,-0.0051751137,-0.0051264763,-0.005080223,-0.005132675,-0.0054597855,-0.0056300163,-0.005630493,-0.0055532455,-0.0075321198,-0.007297039,-0.00725317,-0.007189274,-0.007847309,-0.008321285,-0.007829189,-0.0077414513
2182.5,-0.0017747879,-0.0018134117,-0.0017881393,-0.001768589,-0.0019683838,-0.0022711754,-0.0020413399,-0.001985073,-0.002524376,-0.0025644302,-0.002655983,-0.0024995804,-0.0025997162,-0.0030407906,-0.0028414726,-0.0027008057,-0.003481865,-0.0034313202,-0.0034589767,-0.0033841133,-0.0036478043,-0.0041718483,-0.003812313,-0.003774166,-0.004890442,-0.004864216,-0.004842758,-0.004822731,-0.0051407814,-0.0056028366,-0.005385399,-0.00526762,-0.005159378,-0.0051078796,-0.0050587654,-0.005113125,-0.005449772,-0.0056123734,-0.005619049,-0.0055384636,-0.007511139,-0.00727129,-0.0072259903,-0.0071606636,-0.00783205,-0.008311272,-0.007807255,-0.0077290535
2183.5,-0.001768589,-0.0018048286,-0.0017824173,-0.0017604828,-0.001962185,-0.0022678375,-0.0020341873,-0.0019769669,-0.0025162697,-0.0025548935,-0.002644062,-0.0024905205,-0.0025963783,-0.003054142,-0.0028333664,-0.0027031898,-0.0034704208,-0.003420353,-0.0034461021,-0.0033721924,-0.0036444664,-0.00415802,-0.0037999153,-0.0037651062,-0.0048742294,-0.004845619,-0.004826069,-0.0048007965,-0.0051321983,-0.0056037903,-0.005375862,-0.0052523613,-0.0051431656,-0.005089283,-0.0050406456,-0.005092144,-0.005438328,-0.0055980682,-0.005604744,-0.0055274963,-0.0074892044,-0.007245064,-0.007200718,-0.007133484,-0.0078125,-0.008295059,-0.0077786446,-0.0077090263
2184.5,-0.0017633438,-0.0017995834,-0.0017743111,-0.0017547607,-0.0019526482,-0.0022697449,-0.0020332336,-0.00196743,-0.0025091171,-0.0025467873,-0.002632618,-0.0024809837,-0.0025815964,-0.0030779839,-0.002828598,-0.0026917458,-0.0034599304,-0.0034098625,-0.0034341812,-0.003361702,-0.0036315918,-0.004151821,-0.0037899017,-0.0037584305,-0.0048589706,-0.0048294067,-0.0048093796,-0.004781246,-0.005109787,-0.0056085587,-0.005362034,-0.0052347183,-0.00512743,-0.0050725937,-0.0050210953,-0.00507164,-0.0054154396,-0.0055971146,-0.0055851936,-0.0055155754,-0.0074682236,-0.007221222,-0.007174492,-0.0071053505,-0.0077877045,-0.008287907,-0.00775671,-0.007689476
2185.5,-0.0017571449,-0.0017943382,-0.0017704964,-0.0017461777,-0.0019483566,-0.002266407,-0.0020198822,-0.0019564629,-0.0025014877,-0.0025391579,-0.002623558,-0.0024704933,-0.002576828,-0.0030884743,-0.002813816,-0.0026750565,-0.00344944,-0.003399849,-0.0034222603,-0.0033478737,-0.003628254,-0.004137516,-0.003774166,-0.0037436485,-0.004843235,-0.004813671,-0.004793167,-0.004758835,-0.0050997734,-0.0056095123,-0.0053424835,-0.0052137375,-0.0051116943,-0.005057335,-0.0050034523,-0.0050492287,-0.0054039955,-0.0055885315,-0.005563259,-0.0054950714,-0.0074472427,-0.007196903,-0.0071496964,-0.0070734024,-0.0077667236,-0.008275032,-0.007730961,-0.0076618195
2186.5,-0.0017518997,-0.0017886162,-0.0017647743,-0.0017418861,-0.0019454956,-0.0022706985,-0.0020112991,-0.0019493103,-0.0024933815,-0.0025324821,-0.0026154518,-0.0024614334,-0.0025658607,-0.00310421,-0.0028085709,-0.0026564598,-0.0034384727,-0.0033922195,-0.0034117699,-0.0033373833,-0.003622532,-0.004132271,-0.003768444,-0.0037298203,-0.004827976,-0.004799843,-0.004776478,-0.004743576,-0.005080223,-0.0056176186,-0.005329609,-0.005197048,-0.005095482,-0.0050411224,-0.004984379,-0.0050320625,-0.0053915977,-0.0055832863,-0.005545616,-0.0054745674,-0.0074267387,-0.007177353,-0.00712204,-0.0070466995,-0.007748127,-0.008277416,-0.007710457,-0.0076289177
2187.5,-0.0017466545,-0.0017848015,-0.0017595291,-0.001739502,-0.0019416809,-0.0022764206,-0.002008915,-0.001938343,-0.002485752,-0.002527237,-0.002606392,-0.0024504662,-0.002559185,-0.0031170845,-0.0028009415,-0.002644062,-0.0034279823,-0.0033860207,-0.0034031868,-0.0033278465,-0.0036201477,-0.004128933,-0.0037693977,-0.003712654,-0.0048127174,-0.004787922,-0.004763603,-0.00472641,-0.0050649643,-0.0056233406,-0.005315304,-0.005166054,-0.0050797462,-0.005027294,-0.0049672127,-0.005012512,-0.005376816,-0.005578041,-0.0055322647,-0.005452156,-0.0074067116,-0.007156372,-0.0070996284,-0.00701952,-0.0077290535,-0.008281231,-0.007686615,-0.007605076
2188.5,-0.0017418861,-0.0017800331,-0.0017514229,-0.0017299652,-0.0019350052,-0.0022797585,-0.0020070076,-0.00192976,-0.0024781227,-0.0025196075,-0.0025968552,-0.002439499,-0.0025501251,-0.003127575,-0.0027923584,-0.0026407242,-0.003417492,-0.003376484,-0.0033917427,-0.003314972,-0.0036115646,-0.0041241646,-0.003759861,-0.0037050247,-0.0047984123,-0.0047745705,-0.0047445297,-0.004708767,-0.0050497055,-0.0056238174,-0.005293846,-0.005147457,-0.0050644875,-0.005010128,-0.0049500465,-0.004992008,-0.005358696,-0.0055680275,-0.0055174828,-0.005443096,-0.007387638,-0.0071344376,-0.007074356,-0.0069918633,-0.0077118874,-0.008276463,-0.0076580048,-0.0075879097
2189.5,-0.0017366409,-0.0017743111,-0.0017466545,-0.0017228127,-0.0019283295,-0.002277851,-0.0020046234,-0.0019130707,-0.0024704933,-0.0025119781,-0.0025897026,-0.0024309158,-0.002544403,-0.0031356812,-0.0027770996,-0.0026316643,-0.0034070015,-0.0033669472,-0.0033826828,-0.0033025742,-0.0035996437,-0.004119396,-0.0037469864,-0.0036988258,-0.004784584,-0.0047593117,-0.004729271,-0.0046901703,-0.00503397,-0.0056238174,-0.0052723885,-0.005127907,-0.0050492287,-0.0049939156,-0.004933834,-0.0049734116,-0.0053429604,-0.005557537,-0.005498886,-0.0054249763,-0.007367611,-0.0071134567,-0.0070490837,-0.006966591,-0.007688999,-0.008265495,-0.0076289177,-0.007566929
2190.5,-0.0017318726,-0.0017666817,-0.001742363,-0.0017118454,-0.00192976,-0.00228405,-0.0020036697,-0.001912117,-0.002462864,-0.0025019646,-0.0025820732,-0.0024180412,-0.0025391579,-0.0031518936,-0.0027656555,-0.0026316643,-0.003396511,-0.003353119,-0.0033717155,-0.0032858849,-0.0035934448,-0.004122257,-0.0037345886,-0.0036940575,-0.004769802,-0.004738331,-0.004712105,-0.0046725273,-0.005022049,-0.0056328773,-0.005256176,-0.0051174164,-0.00503397,-0.0049762726,-0.004917145,-0.004951,-0.005331993,-0.0055561066,-0.0054745674,-0.005420685,-0.0073480606,-0.007088661,-0.0070238113,-0.00693655,-0.0076761246,-0.0082707405,-0.007602215,-0.0075440407
2191.5,-0.0017266273,-0.0017585754,-0.0017366409,-0.0017080307,-0.0019254684,-0.0022859573,-0.001994133,-0.0018954277,-0.0024557114,-0.0024929047,-0.0025725365,-0.002409935,-0.0025339127,-0.0031642914,-0.002755165,-0.002626896,-0.0033864975,-0.003338337,-0.003358841,-0.0032744408,-0.0035881996,-0.00412035,-0.0037264824,-0.0036907196,-0.004755974,-0.004717827,-0.004694462,-0.004656315,-0.0050091743,-0.0056419373,-0.0052375793,-0.005097866,-0.005019188,-0.0049591064,-0.004901409,-0.0049333572,-0.0053195953,-0.005555153,-0.005458832,-0.005402565,-0.0073280334,-0.0070619583,-0.0069971085,-0.0069122314,-0.0076642036,-0.008275986,-0.007572174,-0.0075292587
2192.5,-0.001721859,-0.001750946,-0.0017290115,-0.0017023087,-0.0019226074,-0.002295494,-0.0019960403,-0.0018877983,-0.002448082,-0.0024852753,-0.0025634766,-0.0024018288,-0.0025291443,-0.003177166,-0.0027489662,-0.0026249886,-0.003376484,-0.0033230782,-0.0033459663,-0.0032672882,-0.0035786629,-0.0041151047,-0.0037221909,-0.0036830902,-0.0047421455,-0.004699707,-0.004675865,-0.004637718,-0.0050034523,-0.0056529045,-0.005229473,-0.0050849915,-0.005003929,-0.0049419403,-0.004881382,-0.0049142838,-0.0053105354,-0.005551815,-0.0054502487,-0.005390644,-0.007308483,-0.0070352554,-0.0069713593,-0.006887436,-0.007657528,-0.008283615,-0.0075469017,-0.00750494
2193.5,-0.0017166138,-0.001745224,-0.0017232895,-0.0016965866,-0.0019183159,-0.0022964478,-0.0019936562,-0.0018844604,-0.0024409294,-0.0024762154,-0.0025539398,-0.0023899078,-0.0025305748,-0.003189087,-0.0027375221,-0.0026173592,-0.0033664703,-0.0033097267,-0.0033364296,-0.003252983,-0.0035700798,-0.0041122437,-0.0037093163,-0.0036764145,-0.0047283173,-0.0046839714,-0.004658222,-0.004620075,-0.005001545,-0.00565958,-0.005218029,-0.0050678253,-0.004989147,-0.004924774,-0.0048651695,-0.0048937798,-0.0053043365,-0.0055499077,-0.005438328,-0.0053782463,-0.007288933,-0.007009983,-0.006945133,-0.006858349,-0.007647991,-0.00828743,-0.0075240135,-0.007490158
2194.5,-0.0017113686,-0.0017414093,-0.0017199516,-0.0016880035,-0.0019164085,-0.0023012161,-0.0019993782,-0.0018758774,-0.0024328232,-0.0024676323,-0.002547264,-0.0023789406,-0.0025315285,-0.0032043457,-0.0027318,-0.0026082993,-0.003355503,-0.0033016205,-0.0033288002,-0.0032405853,-0.0035614967,-0.0041103363,-0.0037002563,-0.0036711693,-0.0047130585,-0.0046715736,-0.004644394,-0.004599571,-0.0049943924,-0.005672455,-0.0052137375,-0.005050659,-0.0049743652,-0.0049085617,-0.0048508644,-0.0048718452,-0.0052900314,-0.005548477,-0.0054306984,-0.0053696632,-0.0072693825,-0.006989002,-0.006918907,-0.006829262,-0.0076375008,-0.008294582,-0.0075063705,-0.0074706078
2195.5,-0.0017056465,-0.0017342567,-0.0017137527,-0.0016794205,-0.001906395,-0.0023007393,-0.0019993782,-0.0018754005,-0.002424717,-0.0024580956,-0.0025377274,-0.0023684502,-0.002524376,-0.0032200813,-0.002723217,-0.0026154518,-0.0033450127,-0.003293991,-0.003314495,-0.003226757,-0.0035424232,-0.004107952,-0.003689289,-0.0036759377,-0.0046982765,-0.004658699,-0.0046277046,-0.0045804977,-0.004977703,-0.0056777,-0.005195141,-0.0050497055,-0.0049586296,-0.0048909187,-0.0048303604,-0.004849434,-0.005264759,-0.0055470467,-0.0054130554,-0.005366802,-0.007250309,-0.0069675446,-0.0068917274,-0.006802082,-0.0076203346,-0.008299828,-0.0074853897,-0.0074620247
2196.5,-0.0017008781,-0.0017266273,-0.001707077,-0.0016727448,-0.0019097328,-0.0023040771,-0.0020046234,-0.0018644333,-0.0024170876,-0.0024485588,-0.0025277138,-0.002359867,-0.0025224686,-0.0032348633,-0.0027222633,-0.0026102066,-0.003334999,-0.0032849312,-0.0033020973,-0.003215313,-0.003540516,-0.004108906,-0.00369215,-0.0036716461,-0.004684925,-0.0046424866,-0.004611492,-0.004562378,-0.0049738884,-0.0056848526,-0.005191803,-0.0050344467,-0.0049443245,-0.0048742294,-0.0048131943,-0.0048294067,-0.005253792,-0.0055441856,-0.0054068565,-0.0053601265,-0.0072317123,-0.006946087,-0.006863594,-0.0067744255,-0.007607937,-0.008310795,-0.0074720383,-0.00744915
2197.5,-0.0016956329,-0.0017170906,-0.0017018318,-0.0016655922,-0.0019097328,-0.0023078918,-0.0019965172,-0.0018520355,-0.0024094582,-0.0024385452,-0.0025191307,-0.0023522377,-0.002523899,-0.003250599,-0.002714634,-0.0025982857,-0.0033249855,-0.0032730103,-0.003291607,-0.0032043457,-0.0035419464,-0.004110813,-0.003684044,-0.0036668777,-0.004671097,-0.0046224594,-0.0045962334,-0.0045428276,-0.0049648285,-0.0057020187,-0.005182743,-0.0050148964,-0.0049295425,-0.004858494,-0.0047979355,-0.004807949,-0.0052466393,-0.005543709,-0.005394459,-0.005344391,-0.007212162,-0.0069212914,-0.006837845,-0.0067458153,-0.0075907707,-0.008323193,-0.0074481964,-0.007420063
2198.5,-0.0016899109,-0.0017094612,-0.0016961098,-0.0016584396,-0.0019173622,-0.0023093224,-0.0019907951,-0.0018482208,-0.0024018288,-0.0024294853,-0.002509594,-0.0023441315,-0.0025219917,-0.0032696724,-0.0027098656,-0.0025997162,-0.003314972,-0.0032582283,-0.0032815933,-0.0031943321,-0.003543377,-0.004105091,-0.0036730766,-0.00366354,-0.0046577454,-0.0046014786,-0.004579544,-0.0045261383,-0.0049614906,-0.005715847,-0.0051693916,-0.0049943924,-0.0049147606,-0.0048413277,-0.0047798157,-0.0047912598,-0.0052452087,-0.005539894,-0.0053792,-0.0053372383,-0.0071926117,-0.0068941116,-0.0068125725,-0.0067214966,-0.007575035,-0.008330822,-0.0074295998,-0.0074076653
2199.5,-0.0016832352,-0.0017056465,-0.0016922951,-0.0016541481,-0.001912117,-0.002316475,-0.0019888878,-0.0018415451,-0.0023937225,-0.0024204254,-0.0025024414,-0.002334118,-0.0025072098,-0.003288269,-0.0026984215,-0.0025954247,-0.0033035278,-0.0032444,-0.0032701492,-0.0031833649,-0.003540516,-0.004096985,-0.0036597252,-0.00366354,-0.0046434402,-0.0045843124,-0.0045638084,-0.0045056343,-0.004942894,-0.005739212,-0.0051574707,-0.0049819946,-0.0048999786,-0.004825592,-0.0047631264,-0.004769802,-0.0052404404,-0.005540371,-0.0053663254,-0.0053305626,-0.0071721077,-0.0068678856,-0.0067892075,-0.0066924095,-0.0075597763,-0.00834322,-0.0074124336,-0.0073947906
2200.5,-0.0016770363,-0.0017027855,-0.0016875267,-0.0016489029,-0.0018997192,-0.0023183823,-0.0019841194,-0.0018377304,-0.0023860931,-0.0024123192,-0.0024914742,-0.0023236275,-0.0024952888,-0.0033106804,-0.0026855469,-0.0025906563,-0.0032930374,-0.0032320023,-0.0032606125,-0.0031690598,-0.0035333633,-0.004096508,-0.0036463737,-0.00366354,-0.004629135,-0.004570484,-0.0045485497,-0.004486084,-0.004922867,-0.0057587624,-0.0051465034,-0.004974842,-0.0048851967,-0.0048103333,-0.0047478676,-0.0047516823,-0.0052313805,-0.005537033,-0.0053491592,-0.005326748,-0.0071516037,-0.0068445206,-0.0067682266,-0.006667137,-0.007543564,-0.008358002,-0.0073885918,-0.007381439
2201.5,-0.0016722679,-0.0016975403,-0.0016851425,-0.0016450882,-0.0018873215,-0.0023169518,-0.0019865036,-0.0018334389,-0.0023789406,-0.0024046898,-0.0024838448,-0.0023140907,-0.002483368,-0.0033268929,-0.0026836395,-0.0025763512,-0.0032839775,-0.0032191277,-0.0032520294,-0.0031561852,-0.003531456,-0.0040922165,-0.0036416054,-0.0036520958,-0.004615307,-0.004555702,-0.004532814,-0.004467964,-0.0049061775,-0.0057702065,-0.0051374435,-0.004961014,-0.0048704147,-0.004793167,-0.0047330856,-0.004731655,-0.0052227974,-0.0055332184,-0.0053367615,-0.0053067207,-0.0071320534,-0.006819725,-0.0067481995,-0.0066394806,-0.007534027,-0.008368492,-0.0073714256,-0.0073571205
2202.5,-0.0016670227,-0.0016927719,-0.001680851,-0.0016412735,-0.0018582344,-0.002316475,-0.0019774437,-0.001832962,-0.0023722649,-0.0023970604,-0.002477169,-0.0023064613,-0.0024695396,-0.0033454895,-0.0026836395,-0.002579689,-0.0032744408,-0.0032100677,-0.0032429695,-0.0031461716,-0.003519535,-0.0040869713,-0.0036363602,-0.0036506653,-0.0046010017,-0.004542351,-0.004518509,-0.00444746,-0.004889965,-0.0057754517,-0.0051312447,-0.0049529076,-0.0048561096,-0.0047774315,-0.0047183037,-0.004711151,-0.0052013397,-0.005531788,-0.005326271,-0.0053038597,-0.00711298,-0.006798744,-0.006726742,-0.0066132545,-0.0075125694,-0.008374214,-0.0073509216,-0.0073428154
2203.5,-0.0016608238,-0.0016846657,-0.0016756058,-0.0016360283,-0.001853466,-0.0023236275,-0.0019721985,-0.00182724,-0.0023655891,-0.0023880005,-0.0024695396,-0.0022940636,-0.0024724007,-0.003376007,-0.0026845932,-0.0025720596,-0.0032644272,-0.0032014847,-0.003232479,-0.0031318665,-0.003522873,-0.004084587,-0.0036292076,-0.003642559,-0.004585743,-0.0045256615,-0.004503727,-0.004429817,-0.004887104,-0.0057959557,-0.0051193237,-0.0049448013,-0.0048413277,-0.004760742,-0.004703045,-0.004690647,-0.0051965714,-0.005531788,-0.005320549,-0.0052876472,-0.0070943832,-0.0067772865,-0.0067038536,-0.0065875053,-0.0075101852,-0.008391857,-0.0073337555,-0.0073280334
2204.5,-0.0016555786,-0.0016736984,-0.0016694069,-0.0016283989,-0.0018453598,-0.0023260117,-0.0019655228,-0.0018153191,-0.0023593903,-0.0023794174,-0.0024614334,-0.0022864342,-0.0024776459,-0.0034022331,-0.0026803017,-0.0025792122,-0.0032548904,-0.003191948,-0.003223896,-0.0031194687,-0.0035190582,-0.004079342,-0.0036177635,-0.003639698,-0.0045719147,-0.0045075417,-0.0044908524,-0.0044107437,-0.0048823357,-0.0058140755,-0.005098343,-0.0049438477,-0.004827976,-0.0047445297,-0.0046858788,-0.004671097,-0.005186558,-0.0055212975,-0.005305767,-0.005276203,-0.0070762634,-0.006755829,-0.006679058,-0.006562233,-0.0075001717,-0.008406162,-0.007311344,-0.007319927
2205.5,-0.0016503334,-0.001666069,-0.001663208,-0.0016212463,-0.0018334389,-0.002336502,-0.0019698143,-0.0017976761,-0.0023527145,-0.0023722649,-0.0024514198,-0.0022773743,-0.0024724007,-0.0034341812,-0.0026779175,-0.0025734901,-0.0032453537,-0.0031809807,-0.0032143593,-0.00310421,-0.0035085678,-0.004091263,-0.0036120415,-0.003627777,-0.0045580864,-0.0044898987,-0.004477024,-0.0043931007,-0.0048680305,-0.005841255,-0.0050878525,-0.0049180984,-0.004814148,-0.0047307014,-0.0046696663,-0.0046510696,-0.005162716,-0.0055241585,-0.0052928925,-0.005259514,-0.007056713,-0.0067329407,-0.0066547394,-0.0065364838,-0.007484913,-0.00842905,-0.007297039,-0.007297516
2206.5,-0.0016450882,-0.0016622543,-0.0016579628,-0.001613617,-0.0018353462,-0.0023350716,-0.0019693375,-0.0017743111,-0.002345562,-0.002363205,-0.0024433136,-0.0022702217,-0.0024700165,-0.0034632683,-0.0026760101,-0.0025582314,-0.003235817,-0.0031690598,-0.0032014847,-0.0030965805,-0.003499031,-0.0040869713,-0.0036034584,-0.0036149025,-0.0045456886,-0.0044722557,-0.004465103,-0.0043787956,-0.0048627853,-0.0058526993,-0.0050764084,-0.0048980713,-0.0048003197,-0.004714966,-0.004653454,-0.004635811,-0.005148411,-0.005516529,-0.005281925,-0.005240917,-0.0070357323,-0.006709099,-0.006631851,-0.0065145493,-0.0074720383,-0.008448601,-0.0072755814,-0.0072751045
2207.5,-0.0016403198,-0.0016593933,-0.0016503334,-0.0016102791,-0.001832962,-0.002333641,-0.0019683838,-0.001768589,-0.002339363,-0.002354622,-0.0024337769,-0.0022678375,-0.0024633408,-0.0034832954,-0.0026745796,-0.002547741,-0.003226757,-0.0031576157,-0.0031900406,-0.003086567,-0.0034894943,-0.0040898323,-0.0035991669,-0.0036115646,-0.004532814,-0.0044579506,-0.0044488907,-0.0043673515,-0.004855156,-0.0058727264,-0.00506258,-0.0048794746,-0.0047864914,-0.00469923,-0.0046367645,-0.00462389,-0.005135536,-0.0055184364,-0.0052866936,-0.005224228,-0.0070137978,-0.0066862106,-0.0066103935,-0.0064926147,-0.007461071,-0.008464813,-0.0072598457,-0.0072522163
2208.5,-0.0016350746,-0.0016546249,-0.0016441345,-0.0016050339,-0.0018362999,-0.002334118,-0.0019602776,-0.0017614365,-0.0023322105,-0.0023460388,-0.0024237633,-0.0022616386,-0.0024638176,-0.0035033226,-0.0026717186,-0.0025491714,-0.003218174,-0.0031466484,-0.0031785965,-0.0030779839,-0.0034909248,-0.004094124,-0.0035848618,-0.0036115646,-0.0045189857,-0.0044441223,-0.0044322014,-0.004351616,-0.0048503876,-0.005897999,-0.005044937,-0.0048704147,-0.0047721863,-0.0046830177,-0.004620075,-0.004606724,-0.005124569,-0.0055265427,-0.0052871704,-0.005223751,-0.0069918633,-0.0066637993,-0.006588936,-0.0064692497,-0.007457733,-0.008478165,-0.007241726,-0.007247925
2209.5,-0.0016298294,-0.0016508102,-0.0016388893,-0.001595974,-0.001842022,-0.002334118,-0.0019612312,-0.0017523766,-0.0023255348,-0.0023374557,-0.0024118423,-0.0022530556,-0.0024604797,-0.0035214424,-0.002673149,-0.0025362968,-0.003209591,-0.0031394958,-0.0031671524,-0.0030665398,-0.0034885406,-0.0040888786,-0.0035824776,-0.0036091805,-0.004506111,-0.0044293404,-0.004413128,-0.004336357,-0.0048513412,-0.0059161186,-0.0050377846,-0.004858017,-0.004758358,-0.004667282,-0.004602909,-0.004585743,-0.0051193237,-0.005534649,-0.0052895546,-0.0052170753,-0.0069713593,-0.006644249,-0.0065641403,-0.0064406395,-0.0074472427,-0.00848484,-0.0072255135,-0.0072317123
2210.5,-0.001625061,-0.0016431808,-0.0016336441,-0.0015916824,-0.001850605,-0.0023407936,-0.0019593239,-0.0017457008,-0.002318859,-0.0023283958,-0.0024046898,-0.0022444725,-0.0024642944,-0.0035495758,-0.002670288,-0.0025281906,-0.003200531,-0.003129959,-0.0031561852,-0.0030565262,-0.0034923553,-0.004087925,-0.0035777092,-0.003610611,-0.004492283,-0.004412651,-0.0044002533,-0.0043206215,-0.004849434,-0.0059313774,-0.005030155,-0.004848957,-0.004743576,-0.004650593,-0.00458622,-0.0045671463,-0.0051136017,-0.005543709,-0.0052866936,-0.00522089,-0.0069499016,-0.0066246986,-0.006544113,-0.006419182,-0.0074415207,-0.008494854,-0.0072054863,-0.0072216988
2211.5,-0.0016198158,-0.0016350746,-0.0016312599,-0.0015907288,-0.0018520355,-0.0023488998,-0.0019569397,-0.0017366409,-0.0023117065,-0.0023212433,-0.0023999214,-0.002234459,-0.0024662018,-0.0035734177,-0.0026621819,-0.0025296211,-0.003191948,-0.0031189919,-0.0031471252,-0.003045559,-0.003484249,-0.004090786,-0.0035648346,-0.0036082268,-0.0044789314,-0.0043940544,-0.004385948,-0.0043058395,-0.004839897,-0.005949974,-0.005019188,-0.0048389435,-0.004729271,-0.0046372414,-0.004573822,-0.00454998,-0.005103588,-0.00554657,-0.005280018,-0.0052132607,-0.0069289207,-0.0066041946,-0.00652647,-0.0063943863,-0.007435322,-0.008511066,-0.007191658,-0.0072045326
2212.5,-0.0016145706,-0.0016283989,-0.0016255379,-0.0015888214,-0.0018515587,-0.0023508072,-0.0019593239,-0.0017266273,-0.0023040771,-0.0023145676,-0.0023908615,-0.00222826,-0.0024695396,-0.003595829,-0.002661705,-0.0025296211,-0.0031824112,-0.0031089783,-0.0031366348,-0.0030355453,-0.0034732819,-0.004096031,-0.00356102,-0.0035991669,-0.004465103,-0.004377842,-0.004371643,-0.004292965,-0.0048274994,-0.0059685707,-0.0050120354,-0.0048236847,-0.0047154427,-0.00462389,-0.004559517,-0.004535198,-0.0050935745,-0.0055470467,-0.0052809715,-0.0052075386,-0.00690794,-0.0065817833,-0.0065073967,-0.006371498,-0.0074276924,-0.008522034,-0.0071759224,-0.007185936
2213.5,-0.0016098022,-0.0016260147,-0.0016188622,-0.0015850067,-0.0018510818,-0.0023493767,-0.0019512177,-0.0017204285,-0.0022974014,-0.0023088455,-0.002380371,-0.0022215843,-0.0024633408,-0.0036211014,-0.0026569366,-0.0025234222,-0.0031738281,-0.003100872,-0.0031261444,-0.0030260086,-0.0034675598,-0.004107952,-0.0035538673,-0.0035948753,-0.0044522285,-0.0043649673,-0.0043559074,-0.0042796135,-0.0048213005,-0.0059862137,-0.004998207,-0.0048127174,-0.004702091,-0.0046110153,-0.0045428276,-0.004518509,-0.005077362,-0.005554676,-0.005274296,-0.0051965714,-0.0068883896,-0.0065612793,-0.0064821243,-0.0063495636,-0.0074133873,-0.008532524,-0.0071587563,-0.0071692467
2214.5,-0.001604557,-0.0016255379,-0.0016140938,-0.0015816689,-0.0018525124,-0.0023531914,-0.0019469261,-0.0017166138,-0.0022902489,-0.0023026466,-0.0023736954,-0.0022158623,-0.0024590492,-0.00365448,-0.0026454926,-0.002515316,-0.0031642914,-0.0030927658,-0.003115654,-0.0030169487,-0.0034651756,-0.004128456,-0.0035390854,-0.003584385,-0.004439354,-0.004354,-0.004343033,-0.0042643547,-0.0048155785,-0.006014347,-0.0049819946,-0.004796505,-0.00468874,-0.004597664,-0.0045289993,-0.004501343,-0.0050702095,-0.0055704117,-0.005265236,-0.0051875114,-0.0068688393,-0.0065398216,-0.006459236,-0.0063266754,-0.007401943,-0.00855732,-0.0071411133,-0.0071525574
2215.5,-0.0015997887,-0.0016231537,-0.0016074181,-0.001578331,-0.0018553734,-0.002360344,-0.0019407272,-0.0017061234,-0.0022835732,-0.002295494,-0.002366066,-0.002211094,-0.0024614334,-0.0036773682,-0.0026345253,-0.0025086403,-0.0031552315,-0.0030841827,-0.0031061172,-0.0030083656,-0.0034632683,-0.0041422844,-0.0035262108,-0.0035924911,-0.00442791,-0.004343033,-0.004327774,-0.0042471886,-0.0048155785,-0.0060334206,-0.0049738884,-0.0047860146,-0.004675865,-0.0045843124,-0.0045161247,-0.004486561,-0.0050706863,-0.005583763,-0.005262375,-0.0051875114,-0.006849766,-0.0065197945,-0.0064353943,-0.006303787,-0.007399559,-0.0085811615,-0.0071177483,-0.0071401596
2216.5,-0.0015954971,-0.0016179085,-0.0016026497,-0.0015749931,-0.0018572807,-0.0023703575,-0.0019388199,-0.0017027855,-0.0022764206,-0.0022864342,-0.0023617744,-0.002202034,-0.002462387,-0.003689289,-0.0026273727,-0.002500534,-0.0031461716,-0.0030770302,-0.0030956268,-0.00300169,-0.0034623146,-0.0041413307,-0.003516674,-0.0035991669,-0.0044150352,-0.0043296814,-0.0043144226,-0.0042328835,-0.004807949,-0.00604105,-0.0049653053,-0.0047779083,-0.0046629906,-0.0045690536,-0.0045056343,-0.00447464,-0.005068302,-0.0056004524,-0.00526762,-0.0051751137,-0.0068306923,-0.006500244,-0.006415367,-0.0062847137,-0.0073986053,-0.008596897,-0.007106781,-0.007129669
2217.5,-0.0015907288,-0.0016102791,-0.0015940666,-0.0015740395,-0.0018544197,-0.0023818016,-0.0019345284,-0.001704216,-0.0022697449,-0.0022768974,-0.0023508072,-0.002192974,-0.002459526,-0.0036973953,-0.0026197433,-0.0024967194,-0.0031375885,-0.003068447,-0.003083229,-0.00299263,-0.0034527779,-0.004142761,-0.0035095215,-0.0035963058,-0.0044026375,-0.004313469,-0.004299164,-0.004220009,-0.0047974586,-0.0060505867,-0.0049505234,-0.0047740936,-0.004650116,-0.004553318,-0.0044908524,-0.004460335,-0.005057335,-0.0056147575,-0.0052690506,-0.0051755905,-0.006811619,-0.00647974,-0.0063900948,-0.006263733,-0.007385254,-0.008607388,-0.0070877075,-0.0071144104
2218.5,-0.0015859604,-0.001601696,-0.0015845299,-0.001572609,-0.0018515587,-0.0023946762,-0.0019345284,-0.0017175674,-0.002263546,-0.0022697449,-0.0023417473,-0.0021829605,-0.002453804,-0.003704071,-0.0026173592,-0.0025048256,-0.0031285286,-0.0030579567,-0.0030708313,-0.002984047,-0.0034456253,-0.0041399,-0.003501892,-0.003595829,-0.0043902397,-0.0042967796,-0.004283905,-0.0042057037,-0.0047912598,-0.0060596466,-0.00494051,-0.0047721863,-0.0046372414,-0.004539013,-0.0044727325,-0.0044441223,-0.0050473213,-0.0056152344,-0.0052695274,-0.005179882,-0.0067920685,-0.0064587593,-0.0063667297,-0.0062470436,-0.0073747635,-0.008614063,-0.0070700645,-0.0071163177
2219.5,-0.0015816689,-0.0015950203,-0.0015702248,-0.0015683174,-0.0018482208,-0.002400875,-0.0019330978,-0.0017151833,-0.0022583008,-0.0022640228,-0.0023293495,-0.002172947,-0.0024518967,-0.0037198067,-0.0026130676,-0.0024991035,-0.0031204224,-0.0030474663,-0.0030546188,-0.0029730797,-0.003440857,-0.004134655,-0.0034928322,-0.0035963058,-0.004378319,-0.0042819977,-0.004262924,-0.0041913986,-0.0047893524,-0.00606966,-0.004925251,-0.004767418,-0.0046248436,-0.0045256615,-0.004450798,-0.004426956,-0.0050435066,-0.0056147575,-0.0052690506,-0.00517416,-0.006773472,-0.0064382553,-0.0063385963,-0.0062265396,-0.0073628426,-0.008607864,-0.0070562363,-0.0071020126
2220.5,-0.0015773773,-0.0015926361,-0.0015535355,-0.0015621185,-0.0018458366,-0.0024056435,-0.0019330978,-0.0017199516,-0.0022530556,-0.0022587776,-0.0023169518,-0.0021648407,-0.0024528503,-0.00374794,-0.0026068687,-0.0024933815,-0.003112793,-0.0030374527,-0.0030417442,-0.0029621124,-0.0034394264,-0.004132271,-0.0034852028,-0.0035948753,-0.004365921,-0.0042672157,-0.0042386055,-0.004178047,-0.004779339,-0.0060920715,-0.00491333,-0.004764557,-0.0046129227,-0.004511833,-0.0044264793,-0.0044116974,-0.005036354,-0.0056180954,-0.0052700043,-0.005170822,-0.006755829,-0.0064177513,-0.0063056946,-0.0062036514,-0.007360935,-0.008612156,-0.0070357323,-0.007091999
2221.5,-0.0015730858,-0.0015907288,-0.0015377998,-0.0015583038,-0.0018415451,-0.0024108887,-0.0019302368,-0.0017132759,-0.0022468567,-0.0022525787,-0.0023088455,-0.0021586418,-0.0024461746,-0.0037779808,-0.0025992393,-0.002485752,-0.0031046867,-0.0030274391,-0.0030322075,-0.0029530525,-0.0034399033,-0.0041332245,-0.003472805,-0.0035881996,-0.004354477,-0.004254341,-0.0042185783,-0.004166603,-0.004769802,-0.0061178207,-0.004899502,-0.00475502,-0.004600525,-0.004498005,-0.0044054985,-0.004398346,-0.0050296783,-0.0056118965,-0.005270958,-0.005159378,-0.0067386627,-0.006397724,-0.0062766075,-0.006181717,-0.0073509216,-0.00861311,-0.007012844,-0.0070815086
2222.5,-0.0015687943,-0.0015883446,-0.0015215874,-0.0015559196,-0.0018386841,-0.002407074,-0.0019335747,-0.0017051697,-0.002240181,-0.0022463799,-0.0023007393,-0.002155304,-0.0024409294,-0.0038003922,-0.0025835037,-0.002477169,-0.0030961037,-0.003018856,-0.003021717,-0.0029468536,-0.0034365654,-0.0041360855,-0.0034585,-0.003581047,-0.004342556,-0.004242897,-0.004196167,-0.004155159,-0.0047574043,-0.0061416626,-0.0048770905,-0.004750252,-0.004588604,-0.0044846535,-0.0043849945,-0.0043845177,-0.005018711,-0.0056095123,-0.005273342,-0.0051546097,-0.0067210197,-0.0063786507,-0.0062479973,-0.0061616898,-0.007347107,-0.008626938,-0.0069918633,-0.007071972
2223.5,-0.0015640259,-0.0015845299,-0.0015044212,-0.0015544891,-0.0018367767,-0.0024056435,-0.0019273758,-0.0017032623,-0.0022335052,-0.0022387505,-0.0022892952,-0.0021500587,-0.002439022,-0.0038166046,-0.0025696754,-0.0024604797,-0.0030875206,-0.0030126572,-0.0030093193,-0.002937317,-0.0034337044,-0.0041337013,-0.0034384727,-0.003569603,-0.004331112,-0.0042300224,-0.0041718483,-0.0041413307,-0.004752636,-0.006157875,-0.004855633,-0.0047359467,-0.004576683,-0.004470825,-0.004360676,-0.0043697357,-0.005012989,-0.005613804,-0.0052666664,-0.0051465034,-0.0067038536,-0.006360531,-0.0062179565,-0.0061416626,-0.007349968,-0.008644581,-0.006963253,-0.0070610046
2224.5,-0.0015592575,-0.0015773773,-0.0014886856,-0.0015501976,-0.0018339157,-0.002403736,-0.0019259453,-0.0017023087,-0.0022268295,-0.0022301674,-0.0022764206,-0.002143383,-0.0024347305,-0.0038204193,-0.002553463,-0.0024580956,-0.0030798912,-0.0030055046,-0.0029964447,-0.0029277802,-0.003431797,-0.0041298866,-0.0034179688,-0.003569603,-0.004319191,-0.0042152405,-0.0041513443,-0.0041327477,-0.0047416687,-0.006166935,-0.004828453,-0.0047311783,-0.004564762,-0.0044555664,-0.004339218,-0.0043554306,-0.005004883,-0.0056085587,-0.005259037,-0.0051522255,-0.0066866875,-0.006342411,-0.006187439,-0.006123066,-0.00734663,-0.008653641,-0.006937027,-0.0070557594
2225.5,-0.001554966,-0.0015697479,-0.0014753342,-0.0015449524,-0.0018334389,-0.0024027824,-0.0019197464,-0.0016870499,-0.0022201538,-0.0022230148,-0.0022668839,-0.0021362305,-0.0024375916,-0.0038337708,-0.0025367737,-0.002444744,-0.003071785,-0.0029950142,-0.0029854774,-0.0029172897,-0.0034332275,-0.0041303635,-0.0033950806,-0.0035614967,-0.004307747,-0.0042004585,-0.00412941,-0.004122734,-0.0047311783,-0.0061798096,-0.004798889,-0.00471735,-0.004553318,-0.0044403076,-0.0043206215,-0.004342079,-0.004990101,-0.005605221,-0.005253315,-0.00514555,-0.006669998,-0.0063233376,-0.006157875,-0.0061035156,-0.0073390007,-0.008666515,-0.0069031715,-0.0070438385
2226.5,-0.0015501976,-0.0015625954,-0.0014629364,-0.0015425682,-0.0018305779,-0.002389431,-0.0019192696,-0.0016860962,-0.002213955,-0.0022172928,-0.0022583008,-0.002128601,-0.0024342537,-0.0038366318,-0.002527237,-0.0024385452,-0.0030641556,-0.002984047,-0.0029745102,-0.0029082298,-0.0034303665,-0.0041298866,-0.0033845901,-0.0035614967,-0.0042967796,-0.0041856766,-0.0041074753,-0.0041122437,-0.004714012,-0.0061821938,-0.004784107,-0.0047049522,-0.004541874,-0.0044264793,-0.0043034554,-0.0043315887,-0.004971981,-0.0055856705,-0.0052599907,-0.0051312447,-0.006652832,-0.0063033104,-0.006128788,-0.0060863495,-0.0073313713,-0.008668423,-0.00688982,-0.0070323944
2227.5,-0.0015454292,-0.0015592575,-0.0014491081,-0.0015387535,-0.0018253326,-0.002377987,-0.0019197464,-0.0016756058,-0.002207756,-0.0022120476,-0.0022444725,-0.0021214485,-0.0024294853,-0.003829956,-0.002518177,-0.0024309158,-0.0030560493,-0.0029745102,-0.0029616356,-0.0029029846,-0.0034270287,-0.0041365623,-0.0033664703,-0.0035481453,-0.0042853355,-0.0041718483,-0.004085064,-0.004099369,-0.0046977997,-0.0061912537,-0.004775524,-0.0046954155,-0.004529476,-0.0044136047,-0.004284382,-0.004319668,-0.004958153,-0.005560875,-0.005270481,-0.0051231384,-0.0066361427,-0.0062847137,-0.006095886,-0.00606966,-0.0073132515,-0.008667946,-0.0068793297,-0.007019043
2228.5,-0.0015406609,-0.0015573502,-0.0014333725,-0.0015377998,-0.0018239021,-0.002366066,-0.0019164085,-0.0016636848,-0.002202034,-0.002204895,-0.0022325516,-0.0021133423,-0.002421379,-0.0038118362,-0.0025000572,-0.0024147034,-0.0030474663,-0.002963066,-0.002948761,-0.0028939247,-0.0034208298,-0.004137039,-0.003358841,-0.003540039,-0.0042743683,-0.00415802,-0.0040607452,-0.0040888786,-0.0046868324,-0.0061855316,-0.004770279,-0.004687786,-0.0045175552,-0.004398346,-0.0042591095,-0.004307747,-0.0049467087,-0.00553751,-0.005273342,-0.005118847,-0.0066199303,-0.0062646866,-0.006063938,-0.0060539246,-0.007296562,-0.008660793,-0.0068683624,-0.007001877
2229.5,-0.0015358925,-0.0015544891,-0.0014162064,-0.0015387535,-0.0018234253,-0.002345562,-0.0019073486,-0.0016593933,-0.002196312,-0.0021986961,-0.0022215843,-0.0021061897,-0.002421379,-0.0037851334,-0.0024776459,-0.0024056435,-0.0030398369,-0.0029540062,-0.0029377937,-0.0028877258,-0.0034165382,-0.004131317,-0.0033478737,-0.0035333633,-0.004263401,-0.0041446686,-0.0040392876,-0.004078388,-0.004681587,-0.006164074,-0.004761696,-0.004679203,-0.0045056343,-0.0043845177,-0.004234314,-0.0042972565,-0.004942894,-0.005514145,-0.0052728653,-0.0051207542,-0.006603718,-0.0062451363,-0.006029606,-0.006034851,-0.0072894096,-0.008639336,-0.00684309,-0.0069904327
2230.5,-0.0015311241,-0.0015506744,-0.0013990402,-0.0015377998,-0.0018234253,-0.002334118,-0.0019011497,-0.0016646385,-0.00219059,-0.0021920204,-0.0022058487,-0.0021009445,-0.0024170876,-0.0037703514,-0.0024638176,-0.0023927689,-0.0030317307,-0.0029492378,-0.0029211044,-0.002878189,-0.0034117699,-0.0041418076,-0.0033388138,-0.003528595,-0.004252434,-0.0041327477,-0.004014969,-0.0040655136,-0.0046806335,-0.00614357,-0.004750252,-0.004673481,-0.00449419,-0.004371166,-0.004205227,-0.0042877197,-0.004936695,-0.005505085,-0.005277157,-0.005115509,-0.0065875053,-0.006228924,-0.0059919357,-0.0060191154,-0.007285595,-0.0086221695,-0.006822586,-0.0069875717
2231.5,-0.0015268326,-0.0015435219,-0.0013809204,-0.0015354156,-0.0018320084,-0.002327919,-0.0019049644,-0.0016684532,-0.0021848679,-0.0021824837,-0.0021948814,-0.0020923615,-0.0024251938,-0.0037555695,-0.0024476051,-0.0023903847,-0.0030241013,-0.0029420853,-0.0029101372,-0.002869606,-0.003417015,-0.0041456223,-0.0033254623,-0.0035281181,-0.0042419434,-0.0041179657,-0.0039920807,-0.004052639,-0.0046806335,-0.006123543,-0.0047454834,-0.004658699,-0.004482746,-0.0043549538,-0.0041804314,-0.004277706,-0.0049357414,-0.0054860115,-0.00528574,-0.0051164627,-0.0065727234,-0.0062127113,-0.0059580803,-0.0060019493,-0.007288933,-0.008593559,-0.006799221,-0.006975651
2232.5,-0.001522541,-0.001534462,-0.0013604164,-0.0015335083,-0.001830101,-0.0023355484,-0.0019059181,-0.0016498566,-0.0021791458,-0.00217247,-0.002178669,-0.0020895004,-0.0024204254,-0.0037431717,-0.0024323463,-0.002368927,-0.0030164719,-0.002931118,-0.002896309,-0.0028648376,-0.0034070015,-0.0041532516,-0.0033130646,-0.0035114288,-0.004230976,-0.004102707,-0.0039639473,-0.004040718,-0.0046720505,-0.006104946,-0.004734516,-0.0046367645,-0.004471302,-0.0043382645,-0.0041532516,-0.004269123,-0.0049290657,-0.0054650307,-0.0052928925,-0.005100727,-0.0065569878,-0.0061950684,-0.0059194565,-0.005987644,-0.0072932243,-0.008556843,-0.0067863464,-0.0069561005
2233.5,-0.0015187263,-0.0015258789,-0.0013408661,-0.001534462,-0.0018258095,-0.0023412704,-0.0019016266,-0.0016469955,-0.0021734238,-0.002163887,-0.0021624565,-0.0020856857,-0.002421379,-0.003736496,-0.0024147034,-0.002357006,-0.0030088425,-0.002919674,-0.0028834343,-0.002858162,-0.0034036636,-0.0041456223,-0.0032949448,-0.0035076141,-0.004220009,-0.004087925,-0.0039367676,-0.0040311813,-0.0046639442,-0.0060887337,-0.00471735,-0.0046339035,-0.0044608116,-0.004321575,-0.004125595,-0.0042591095,-0.00492239,-0.005434513,-0.0053043365,-0.005100727,-0.006541252,-0.0061764717,-0.005882263,-0.005970955,-0.0072922707,-0.008509159,-0.006770611,-0.0069556236
2234.5,-0.0015144348,-0.0015211105,-0.0013232231,-0.0015296936,-0.0018234253,-0.0023503304,-0.001894474,-0.001645565,-0.002166748,-0.0021572113,-0.0021486282,-0.0020794868,-0.002418518,-0.0037360191,-0.002403736,-0.0023479462,-0.003001213,-0.0029091835,-0.0028705597,-0.0028481483,-0.0033984184,-0.0041399,-0.0032835007,-0.003499508,-0.0042090416,-0.004075527,-0.0039105415,-0.0040163994,-0.004652977,-0.0060782433,-0.0047068596,-0.00463295,-0.0044493675,-0.0043063164,-0.00410223,-0.0042409897,-0.004910946,-0.005420685,-0.0053195953,-0.005094528,-0.0065255165,-0.006157398,-0.0058465004,-0.0059552193,-0.007288456,-0.008473396,-0.006758213,-0.0069522858
2235.5,-0.001511097,-0.00151968,-0.0013022423,-0.0015296936,-0.001824379,-0.0023684502,-0.0018939972,-0.0016479492,-0.002161026,-0.0021514893,-0.0021352768,-0.0020737648,-0.0024209023,-0.0037560463,-0.0024018288,-0.0023303032,-0.0029940605,-0.0029001236,-0.0028562546,-0.0028414726,-0.0033926964,-0.0041418076,-0.0032782555,-0.0034999847,-0.0041980743,-0.0040631294,-0.0038824081,-0.004006386,-0.0046362877,-0.006075859,-0.0047044754,-0.004626274,-0.004438877,-0.004293442,-0.0040769577,-0.0042290688,-0.0048975945,-0.005417824,-0.0053372383,-0.005086899,-0.0065107346,-0.006140232,-0.0058088303,-0.005941868,-0.007279873,-0.0084524155,-0.0067443848,-0.006951809
2236.5,-0.0015072823,-0.0015187263,-0.0012822151,-0.0015268326,-0.0018186569,-0.0023822784,-0.0018906593,-0.0016422272,-0.0021548271,-0.002146244,-0.002120018,-0.0020661354,-0.0024108887,-0.0037822723,-0.002395153,-0.0023117065,-0.0029864311,-0.0028920174,-0.0028438568,-0.002831459,-0.0033869743,-0.004140377,-0.0032658577,-0.0034885406,-0.004187107,-0.004050255,-0.003853321,-0.0039949417,-0.0046162605,-0.0060691833,-0.004690647,-0.0046072006,-0.00442791,-0.004280567,-0.004049778,-0.00421381,-0.004886627,-0.005420685,-0.005350113,-0.0050702095,-0.006495476,-0.0061216354,-0.005768299,-0.005923748,-0.0072665215,-0.008441448,-0.0067276955,-0.006940365
2237.5,-0.0015039444,-0.0015144348,-0.0012617111,-0.0015215874,-0.0018219948,-0.00238657,-0.0018868446,-0.0016393661,-0.0021486282,-0.0021414757,-0.0021071434,-0.002058506,-0.0024080276,-0.0038022995,-0.0023889542,-0.0023055077,-0.0029792786,-0.0028877258,-0.0028319359,-0.0028238297,-0.0033841133,-0.0041356087,-0.003256321,-0.0034809113,-0.00417614,-0.004038334,-0.0038237572,-0.0039844513,-0.00460577,-0.006066799,-0.0046782494,-0.0046010017,-0.0044169426,-0.0042681694,-0.004020214,-0.0042004585,-0.004881859,-0.0054163933,-0.005356312,-0.005065441,-0.006480694,-0.0061059,-0.0057287216,-0.005906105,-0.0072550774,-0.008425236,-0.006708622,-0.0069379807
2238.5,-0.0014996529,-0.0015068054,-0.0012421608,-0.0015182495,-0.0018162727,-0.0023913383,-0.0018854141,-0.0016360283,-0.0021429062,-0.0021333694,-0.0020928383,-0.0020518303,-0.0024046898,-0.0038166046,-0.0023798943,-0.0022950172,-0.0029716492,-0.00288105,-0.0028176308,-0.0028185844,-0.0033783913,-0.0041251183,-0.0032439232,-0.0034694672,-0.0041646957,-0.004023075,-0.0037941933,-0.003973007,-0.004600048,-0.006063938,-0.0046687126,-0.0045933723,-0.0044059753,-0.0042529106,-0.003991604,-0.0041894913,-0.004878521,-0.0054006577,-0.0053663254,-0.0050559044,-0.006465435,-0.006090641,-0.005689621,-0.005887985,-0.0072426796,-0.008408546,-0.006693363,-0.006928444
2239.5,-0.0014948845,-0.0014986992,-0.0012235641,-0.0015120506,-0.0018100739,-0.0023965836,-0.0018897057,-0.0016336441,-0.0021362305,-0.0021238327,-0.00207901,-0.0020456314,-0.002400875,-0.003827095,-0.0023679733,-0.0022835732,-0.002963543,-0.0028705597,-0.0028042793,-0.002811432,-0.003373146,-0.0041189194,-0.0032320023,-0.0034646988,-0.0041532516,-0.0040078163,-0.0037651062,-0.0039601326,-0.004594803,-0.006070614,-0.004658699,-0.0045819283,-0.004395008,-0.004236698,-0.0039634705,-0.0041770935,-0.004875183,-0.00538826,-0.0053772926,-0.00504303,-0.0064496994,-0.006075382,-0.0056533813,-0.005871296,-0.0072393417,-0.008395672,-0.0066804886,-0.006916046
2240.5,-0.0014901161,-0.0014896393,-0.0012054443,-0.0015048981,-0.0018081665,-0.0023956299,-0.0018949509,-0.0016331673,-0.002129078,-0.0021128654,-0.002064705,-0.0020384789,-0.0024032593,-0.0038342476,-0.002354145,-0.0022797585,-0.0029554367,-0.0028572083,-0.0027923584,-0.0028057098,-0.003376007,-0.004108906,-0.003218174,-0.0034589767,-0.0041418076,-0.0039920807,-0.0037369728,-0.0039491653,-0.004600048,-0.006082535,-0.0046486855,-0.0045833588,-0.004383564,-0.0042181015,-0.0039362907,-0.0041646957,-0.0048708916,-0.00537014,-0.0053806305,-0.005044937,-0.006433964,-0.0060572624,-0.0056185722,-0.0058574677,-0.007244587,-0.008393288,-0.0066661835,-0.0069150925
2241.5,-0.0014863014,-0.0014834404,-0.0011863708,-0.0015010834,-0.001806736,-0.0023927689,-0.0018992424,-0.001625061,-0.002122879,-0.0021047592,-0.0020489693,-0.0020332336,-0.002404213,-0.0038275719,-0.0023384094,-0.0022668839,-0.0029482841,-0.0028467178,-0.0027794838,-0.0027990341,-0.0033726692,-0.004111767,-0.00320673,-0.0034489632,-0.004131317,-0.003979683,-0.0037083626,-0.0039396286,-0.0045928955,-0.0061006546,-0.0046343803,-0.004573822,-0.0043735504,-0.0042028427,-0.0039076805,-0.004154682,-0.004868984,-0.005355358,-0.005382061,-0.00504303,-0.0064196587,-0.0060396194,-0.005581379,-0.005842209,-0.007252693,-0.008396149,-0.0066452026,-0.0069093704
2242.5,-0.0014824867,-0.0014796257,-0.0011630058,-0.001499176,-0.0018053055,-0.0023913383,-0.001897335,-0.0016312599,-0.0021166801,-0.0020985603,-0.0020298958,-0.0020318031,-0.002401352,-0.0038137436,-0.0023150444,-0.002278328,-0.0029411316,-0.002837658,-0.0027661324,-0.002793312,-0.0033621788,-0.004122257,-0.0031819344,-0.003455639,-0.00412035,-0.0039687157,-0.0036783218,-0.0039305687,-0.0045819283,-0.006111145,-0.00461483,-0.004585266,-0.0043621063,-0.0041894913,-0.003877163,-0.0041441917,-0.004858017,-0.005346775,-0.0053772926,-0.005053997,-0.0064048767,-0.0060224533,-0.005540848,-0.005829811,-0.0072517395,-0.008403778,-0.006618023,-0.0069203377
2243.5,-0.0014777184,-0.001478672,-0.0011415482,-0.001496315,-0.0018029213,-0.002380371,-0.0019011497,-0.0016226768,-0.0021100044,-0.0020928383,-0.0020127296,-0.002026558,-0.002400875,-0.0037784576,-0.0022912025,-0.0022673607,-0.0029335022,-0.0028295517,-0.0027546883,-0.0027885437,-0.003355503,-0.0041270256,-0.003159523,-0.0034470558,-0.004108906,-0.0039577484,-0.003651619,-0.0039196014,-0.0045690536,-0.0061068535,-0.0046019554,-0.0045638084,-0.004350662,-0.0041766167,-0.0038480759,-0.004132271,-0.004851818,-0.00533247,-0.005367279,-0.0050435066,-0.006389141,-0.006005764,-0.005502224,-0.005813122,-0.007250309,-0.008402348,-0.0065875053,-0.006907463
2244.5,-0.00147295,-0.0014767647,-0.0011167526,-0.0014925003,-0.0018062592,-0.0023622513,-0.0019083023,-0.0016217232,-0.002102375,-0.0020871162,-0.0019960403,-0.0020213127,-0.002400875,-0.003730774,-0.0022716522,-0.0022540092,-0.002925396,-0.0028223991,-0.0027413368,-0.0027828217,-0.0033521652,-0.004135132,-0.0031366348,-0.0034513474,-0.004096985,-0.00394392,-0.0036234856,-0.003909111,-0.0045609474,-0.0060892105,-0.0045928955,-0.004565716,-0.0043387413,-0.004163742,-0.0038194656,-0.0041246414,-0.004840374,-0.005322933,-0.0053567886,-0.005048275,-0.0063734055,-0.005988598,-0.0054650307,-0.0057988167,-0.007247448,-0.008404255,-0.0065641403,-0.006907463
2245.5,-0.0014691353,-0.00147295,-0.001095295,-0.0014877319,-0.001809597,-0.0023312569,-0.0019140244,-0.0016264915,-0.0020961761,-0.002081871,-0.001982689,-0.0020155907,-0.0023999214,-0.003666401,-0.002248764,-0.0022568703,-0.0029177666,-0.0028181076,-0.0027308464,-0.0027780533,-0.0033473969,-0.0041413307,-0.0031147003,-0.0034604073,-0.0040864944,-0.0039305687,-0.0036005974,-0.003894329,-0.004550457,-0.006043911,-0.0045781136,-0.004574299,-0.004327774,-0.0041513443,-0.0037937164,-0.0041103363,-0.0048308372,-0.005297184,-0.0053482056,-0.005050659,-0.0063591003,-0.005973339,-0.0054306984,-0.0057816505,-0.0072402954,-0.008397102,-0.0065464973,-0.006905079
2246.5,-0.0014643669,-0.0014667511,-0.001074791,-0.0014839172,-0.0018076897,-0.0023040771,-0.0019254684,-0.0016245842,-0.0020895004,-0.002073288,-0.0019688606,-0.0020098686,-0.0023989677,-0.00359869,-0.0022296906,-0.002251625,-0.0029101372,-0.0028133392,-0.0027198792,-0.0027742386,-0.0033388138,-0.0041542053,-0.0031032562,-0.0034561157,-0.0040750504,-0.0039167404,-0.0035748482,-0.0038847923,-0.0045409203,-0.005988121,-0.0045681,-0.004573345,-0.004316807,-0.004137993,-0.0037660599,-0.0040984154,-0.004827976,-0.0052599907,-0.0053429604,-0.005053997,-0.0063443184,-0.005959511,-0.0053954124,-0.005765438,-0.007230282,-0.008383274,-0.0065407753,-0.0069003105
2247.5,-0.0014600754,-0.0014591217,-0.0010509491,-0.0014810562,-0.001803875,-0.0022616386,-0.0019378662,-0.0016202927,-0.0020828247,-0.0020627975,-0.0019545555,-0.0020041466,-0.0023975372,-0.003516674,-0.002210617,-0.0022411346,-0.0029025078,-0.002805233,-0.0027046204,-0.002767086,-0.0033307076,-0.004155636,-0.0031013489,-0.0034446716,-0.00406456,-0.0039010048,-0.0035471916,-0.0038757324,-0.004532337,-0.005911827,-0.004558563,-0.0045604706,-0.0043053627,-0.0041217804,-0.003736496,-0.0040869713,-0.004819393,-0.0052051544,-0.005341053,-0.005045414,-0.0063290596,-0.005944729,-0.005356312,-0.005751133,-0.0072202682,-0.008347034,-0.006536007,-0.006884575
2248.5,-0.0014562607,-0.0014514923,-0.0010309219,-0.0014767647,-0.001801014,-0.0022234917,-0.0019392967,-0.0016260147,-0.0020771027,-0.0020508766,-0.0019412041,-0.0019989014,-0.002398491,-0.0034341812,-0.002193451,-0.0022425652,-0.002895832,-0.0027956963,-0.0026903152,-0.0027618408,-0.0033268929,-0.00414896,-0.0031023026,-0.003446579,-0.0040540695,-0.0038852692,-0.003520012,-0.003868103,-0.004524231,-0.005830765,-0.004544258,-0.004564762,-0.0042943954,-0.0041041374,-0.0037088394,-0.004078388,-0.0048151016,-0.005133629,-0.005343914,-0.005045891,-0.0063147545,-0.0059285164,-0.005321026,-0.0057353973,-0.007218361,-0.008284569,-0.0065279007,-0.0068893433
2249.5,-0.001452446,-0.0014443398,-0.0010108948,-0.0014719963,-0.0018029213,-0.0021762848,-0.0019311905,-0.0016298294,-0.002070427,-0.0020399094,-0.0019259453,-0.0019917488,-0.002398491,-0.0033535957,-0.0021691322,-0.0022349358,-0.0028882027,-0.0027871132,-0.0026760101,-0.0027503967,-0.0033259392,-0.004128933,-0.00310421,-0.0034484863,-0.004043579,-0.003871441,-0.0034914017,-0.0038585663,-0.004515648,-0.005748749,-0.00453043,-0.0045642853,-0.004283428,-0.0040869713,-0.0036811829,-0.0040631294,-0.0048131943,-0.005048275,-0.005344391,-0.0050382614,-0.0063004494,-0.005912304,-0.005281925,-0.0057177544,-0.007209778,-0.0082035065,-0.0065145493,-0.0068893433
2250.5,-0.0014486313,-0.001440525,-0.0009937286,-0.0014653206,-0.0018019676,-0.0021333694,-0.0019350052,-0.0016293526,-0.002064705,-0.0020318031,-0.0019140244,-0.0019841194,-0.0023975372,-0.0033068657,-0.0021600723,-0.0022330284,-0.002881527,-0.0027809143,-0.002664566,-0.0027413368,-0.0033197403,-0.004102707,-0.003115654,-0.0034456253,-0.0040335655,-0.0038590431,-0.0034661293,-0.0038485527,-0.004509926,-0.0056710243,-0.0045256615,-0.004565716,-0.0042734146,-0.0040721893,-0.00365448,-0.0040507317,-0.004802704,-0.0049653053,-0.0053567886,-0.0050349236,-0.006287098,-0.0058984756,-0.0052466393,-0.005700588,-0.0072054863,-0.008126736,-0.0065083504,-0.006886959
2251.5,-0.0014452934,-0.001437664,-0.00097227097,-0.0014619827,-0.001806736,-0.0020899773,-0.001935482,-0.0016264915,-0.0020594597,-0.0020241737,-0.0018987656,-0.0019774437,-0.0023961067,-0.00329113,-0.0021533966,-0.00222826,-0.0028748512,-0.0027737617,-0.0026516914,-0.0027318,-0.003317833,-0.0040683746,-0.0031204224,-0.0034546852,-0.0040245056,-0.0038461685,-0.0034389496,-0.0038380623,-0.00450325,-0.005598545,-0.0045189857,-0.0045700073,-0.004263401,-0.004057884,-0.0036244392,-0.0040392876,-0.0047950745,-0.0048880577,-0.005373001,-0.005033493,-0.0062737465,-0.005883217,-0.005208969,-0.0056824684,-0.0072011948,-0.008061409,-0.006495476,-0.0068883896
2252.5,-0.0014419556,-0.0014357567,-0.0009551048,-0.0014576912,-0.0018024445,-0.0020551682,-0.0019373894,-0.0016241074,-0.0020542145,-0.002017498,-0.0018873215,-0.001970768,-0.002389431,-0.0032801628,-0.0021438599,-0.0022144318,-0.0028686523,-0.0027661324,-0.002641201,-0.0027227402,-0.0033135414,-0.0040402412,-0.0031175613,-0.0034394264,-0.0040154457,-0.0038347244,-0.003417015,-0.0038237572,-0.0044908524,-0.005539894,-0.004509926,-0.0045661926,-0.0042529106,-0.0040454865,-0.0035996437,-0.0040302277,-0.0047822,-0.00482893,-0.0053930283,-0.005024433,-0.006259918,-0.005868435,-0.0051751137,-0.0056676865,-0.007194996,-0.008022308,-0.006486416,-0.0068855286
2253.5,-0.0014381409,-0.0014343262,-0.0009365082,-0.0014529228,-0.001803875,-0.0020270348,-0.0019330978,-0.0016131401,-0.0020480156,-0.0020112991,-0.0018758774,-0.0019664764,-0.0023908615,-0.003271103,-0.0021352768,-0.0021948814,-0.002861023,-0.0027599335,-0.0026288033,-0.0027170181,-0.0033154488,-0.0040192604,-0.0031113625,-0.0034189224,-0.0040044785,-0.0038223267,-0.0033931732,-0.0038137436,-0.0044837,-0.005502224,-0.00449419,-0.0045495033,-0.0042414665,-0.0040340424,-0.0035729408,-0.004020214,-0.004779339,-0.0047826767,-0.0054039955,-0.0050144196,-0.006245613,-0.0058546066,-0.0051403046,-0.0056552887,-0.007194042,-0.007985592,-0.0064759254,-0.006873131
2254.5,-0.001434803,-0.0014338493,-0.0009174347,-0.0014486313,-0.0017957687,-0.002006054,-0.0019211769,-0.0016088486,-0.0020427704,-0.002006054,-0.0018639565,-0.001962185,-0.0023798943,-0.0032567978,-0.0021181107,-0.0021891594,-0.0028543472,-0.0027570724,-0.002617836,-0.0027127266,-0.0033063889,-0.003997326,-0.0031018257,-0.0034155846,-0.003994465,-0.0038104057,-0.0033683777,-0.0038018227,-0.004467964,-0.0054764748,-0.004480839,-0.004544258,-0.004231453,-0.0040225983,-0.003546238,-0.004009247,-0.0047693253,-0.004740238,-0.0054106712,-0.005004406,-0.006231785,-0.005841732,-0.005103588,-0.0056405067,-0.0071821213,-0.007951736,-0.006456375,-0.006858349
2255.5,-0.001431942,-0.0014328957,-0.0008997917,-0.0014476776,-0.0017929077,-0.0019979477,-0.0019006729,-0.0016021729,-0.002038002,-0.0019984245,-0.0018529892,-0.0019607544,-0.0023770332,-0.0032548904,-0.0020914078,-0.0021800995,-0.0028481483,-0.002755165,-0.0026097298,-0.0027103424,-0.00330019,-0.003988743,-0.003086567,-0.0034165382,-0.003985882,-0.0037994385,-0.0033431053,-0.00379467,-0.0044612885,-0.0054745674,-0.0044703484,-0.0045347214,-0.004222393,-0.0040097237,-0.0035185814,-0.004000187,-0.0047621727,-0.004714489,-0.005405426,-0.005004883,-0.00621891,-0.005830765,-0.005066395,-0.005630493,-0.007176876,-0.007926941,-0.0064287186,-0.006852627
2256.5,-0.001429081,-0.0014262199,-0.0008831024,-0.0014410019,-0.0017910004,-0.0019798279,-0.0018758774,-0.0015969276,-0.0020337105,-0.0019865036,-0.0018434525,-0.001953125,-0.0023736954,-0.0032439232,-0.0020575523,-0.0021777153,-0.0028419495,-0.002749443,-0.0025997162,-0.002705574,-0.0032930374,-0.003973961,-0.003059864,-0.0034136772,-0.003976345,-0.0037841797,-0.0033192635,-0.0037822723,-0.0044527054,-0.0054712296,-0.0044488907,-0.0045228004,-0.0042128563,-0.0039925575,-0.0034918785,-0.0039873123,-0.0047535896,-0.0046901703,-0.0053777695,-0.005002022,-0.006205559,-0.00581789,-0.0050315857,-0.005613327,-0.007164955,-0.007891178,-0.0063824654,-0.0068454742
2257.5,-0.0014252663,-0.0014176369,-0.0008659363,-0.0014333725,-0.001786232,-0.0019536018,-0.0018520355,-0.0015912056,-0.0020284653,-0.0019755363,-0.0018320084,-0.0019478798,-0.0023694038,-0.0032234192,-0.0020370483,-0.002166748,-0.002834797,-0.0027418137,-0.0025897026,-0.002702713,-0.003291607,-0.003941059,-0.0030322075,-0.0034089088,-0.0039663315,-0.0037693977,-0.0032958984,-0.0037727356,-0.004447937,-0.00547266,-0.004436493,-0.0045056343,-0.004202366,-0.0039744377,-0.0034656525,-0.003976345,-0.004750252,-0.004673481,-0.005349636,-0.004992008,-0.006190777,-0.005803585,-0.004995346,-0.005595684,-0.0071587563,-0.0078549385,-0.006340027,-0.0068383217
2258.5,-0.0014214516,-0.0014095306,-0.0008511543,-0.0014276505,-0.0017795563,-0.0019454956,-0.0018382072,-0.0015854836,-0.00202322,-0.0019669533,-0.0018210411,-0.0019431114,-0.0023646355,-0.0032196045,-0.0020208359,-0.0021629333,-0.002828598,-0.0027341843,-0.0025792122,-0.0027012825,-0.0032811165,-0.003930092,-0.0030007362,-0.0034017563,-0.0039567947,-0.0037560463,-0.003271103,-0.0037636757,-0.004439831,-0.0054888725,-0.0044264793,-0.0045108795,-0.0041923523,-0.0039567947,-0.0034384727,-0.003967762,-0.0047450066,-0.0046858788,-0.005326271,-0.00498724,-0.0061774254,-0.005788803,-0.004961014,-0.005578518,-0.007147312,-0.007840157,-0.0063023567,-0.006831169
2259.5,-0.0014176369,-0.0014047623,-0.00083589554,-0.0014219284,-0.0017704964,-0.001953125,-0.0018310547,-0.0015835762,-0.0020179749,-0.0019598007,-0.0018081665,-0.0019350052,-0.002354622,-0.0032157898,-0.0020036697,-0.0021548271,-0.0028219223,-0.0027265549,-0.002571106,-0.00269413,-0.003267765,-0.003926754,-0.002974987,-0.0033912659,-0.003946781,-0.0037441254,-0.003247261,-0.0037522316,-0.0044283867,-0.0055060387,-0.0044226646,-0.0045027733,-0.0041823387,-0.003942013,-0.0034132004,-0.0039544106,-0.0047388077,-0.004714012,-0.005303383,-0.004971504,-0.006164074,-0.005774975,-0.004928589,-0.0055594444,-0.0071411133,-0.0078372955,-0.0062737465,-0.0068206787
2260.5,-0.0014138222,-0.0014009476,-0.00082063675,-0.001414299,-0.0017604828,-0.001964569,-0.0018224716,-0.0015749931,-0.0020136833,-0.0019526482,-0.0017971992,-0.0019259453,-0.0023493767,-0.0032086372,-0.0019817352,-0.002149582,-0.0028157234,-0.0027170181,-0.002562046,-0.0026826859,-0.0032610893,-0.0039229393,-0.002957344,-0.0033817291,-0.0039372444,-0.003730297,-0.0032262802,-0.0037379265,-0.0044202805,-0.005516529,-0.00440979,-0.004491806,-0.004172325,-0.0039258003,-0.0033888817,-0.0039396286,-0.004732132,-0.004744053,-0.005279064,-0.0049643517,-0.0061507225,-0.005759239,-0.004896641,-0.0055394173,-0.007135868,-0.0078344345,-0.006258011,-0.006808281
2261.5,-0.0014100075,-0.0013999939,-0.0008020401,-0.0014123917,-0.001762867,-0.0019845963,-0.0018186569,-0.0015692711,-0.002008438,-0.0019459724,-0.0017857552,-0.0019130707,-0.0023508072,-0.0031938553,-0.0019593239,-0.0021471977,-0.0028085709,-0.002708912,-0.002553463,-0.0026741028,-0.0032601357,-0.0039305687,-0.0029478073,-0.0033845901,-0.003927231,-0.0037174225,-0.003203392,-0.0037231445,-0.0044150352,-0.0055298805,-0.004403591,-0.0044879913,-0.0041623116,-0.003911495,-0.0033621788,-0.00392437,-0.0047283173,-0.004785061,-0.005261898,-0.004961014,-0.006136894,-0.0057444572,-0.0048623085,-0.00551939,-0.0071349144,-0.00783062,-0.0062499046,-0.00680542
2262.5,-0.0014066696,-0.0013999939,-0.0007843971,-0.0014042854,-0.0017499924,-0.0019903183,-0.0018100739,-0.001563549,-0.002003193,-0.0019402504,-0.0017738342,-0.0019016266,-0.0023441315,-0.003165722,-0.0019307137,-0.0021395683,-0.0028018951,-0.0027017593,-0.0025434494,-0.0026626587,-0.0032482147,-0.003927231,-0.0029592514,-0.0033812523,-0.0039172173,-0.003704071,-0.0031819344,-0.0037078857,-0.004403591,-0.0055322647,-0.0043940544,-0.0044851303,-0.004152298,-0.0038990974,-0.0033364296,-0.003909111,-0.0047187805,-0.0048036575,-0.0052399635,-0.0049495697,-0.006123066,-0.005730152,-0.0048270226,-0.0055012703,-0.007127762,-0.0078024864,-0.006236553,-0.006799698
2263.5,-0.0014028549,-0.0013990402,-0.000767231,-0.001393795,-0.0017461777,-0.0020017624,-0.0018014908,-0.0015482903,-0.0019979477,-0.0019330978,-0.0017619133,-0.001888752,-0.0023407936,-0.003139019,-0.0019140244,-0.002140522,-0.0027947426,-0.002696991,-0.0025339127,-0.002653122,-0.0032396317,-0.003909111,-0.0029802322,-0.0033750534,-0.0039072037,-0.0036911964,-0.0031590462,-0.0036916733,-0.0043969154,-0.0055384636,-0.00438118,-0.0044732094,-0.0041422844,-0.0038862228,-0.0033102036,-0.003894329,-0.004708767,-0.004805088,-0.00522089,-0.0049381256,-0.0061092377,-0.0057172775,-0.004793644,-0.00548172,-0.0071229935,-0.0077724457,-0.0062246323,-0.006788254
2264.5,-0.0013995171,-0.001396656,-0.0007510185,-0.0013890266,-0.0017347336,-0.002014637,-0.0017971992,-0.0015478134,-0.0019931793,-0.0019245148,-0.0017514229,-0.0018811226,-0.002334118,-0.003127098,-0.0019025803,-0.0021438599,-0.0027880669,-0.00269413,-0.0025248528,-0.0026454926,-0.0032262802,-0.003903389,-0.002998352,-0.003373623,-0.003897667,-0.0036783218,-0.0031375885,-0.003677845,-0.0043883324,-0.0055475235,-0.004369259,-0.0044703484,-0.0041327477,-0.003870964,-0.0032844543,-0.003882885,-0.004694462,-0.0048003197,-0.005203724,-0.004928589,-0.006096363,-0.0057048798,-0.004757881,-0.0054621696,-0.0071134567,-0.0077552795,-0.0062093735,-0.006782055
2265.5,-0.0013961792,-0.0013904572,-0.0007352829,-0.0013828278,-0.001730442,-0.002029419,-0.0018014908,-0.001543045,-0.001987934,-0.0019130707,-0.0017404556,-0.0018725395,-0.0023288727,-0.0031223297,-0.0019001961,-0.0021448135,-0.0027809143,-0.002688408,-0.0025172234,-0.0026359558,-0.003218174,-0.0038933754,-0.0030136108,-0.0033745766,-0.0038876534,-0.00366354,-0.003115654,-0.0036673546,-0.004374504,-0.0055532455,-0.00436306,-0.004465103,-0.004123211,-0.003853798,-0.0032577515,-0.003868103,-0.0046811104,-0.004784584,-0.0051994324,-0.0049180984,-0.0060830116,-0.0056915283,-0.004725933,-0.0054421425,-0.007098198,-0.007748127,-0.006196022,-0.006779194
2266.5,-0.001393795,-0.0013818741,-0.00071811676,-0.0013775826,-0.0017123222,-0.002028942,-0.0018033981,-0.0015330315,-0.0019836426,-0.0019016266,-0.0017285347,-0.0018658638,-0.0023126602,-0.003109455,-0.0018930435,-0.0021324158,-0.0027747154,-0.0026798248,-0.002506256,-0.0026278496,-0.0032010078,-0.0038838387,-0.003019333,-0.0033712387,-0.0038790703,-0.003648758,-0.0030946732,-0.0036568642,-0.004357815,-0.005548954,-0.004357338,-0.004454136,-0.004114628,-0.0038366318,-0.0032334328,-0.003856182,-0.00466156,-0.0047688484,-0.0052056313,-0.0048952103,-0.006070137,-0.0056757927,-0.0046930313,-0.0054221153,-0.0070796013,-0.00774765,-0.006187916,-0.0067749023
2267.5,-0.001390934,-0.001373291,-0.000702858,-0.00137043,-0.0017008781,-0.0020160675,-0.0018019676,-0.0015230179,-0.0019788742,-0.0018911362,-0.0017180443,-0.0018553734,-0.0022997856,-0.0031061172,-0.0018835068,-0.00212574,-0.0027685165,-0.0026712418,-0.0024971962,-0.0026197433,-0.0031929016,-0.003888607,-0.003019333,-0.0033659935,-0.0038704872,-0.003633976,-0.0030732155,-0.0036444664,-0.0043439865,-0.0055480003,-0.004348278,-0.004441738,-0.004105091,-0.003818512,-0.0032105446,-0.0038461685,-0.0046463013,-0.0047507286,-0.0052132607,-0.004887581,-0.0060567856,-0.0056591034,-0.0046629906,-0.005405903,-0.0070672035,-0.0077590942,-0.0061821938,-0.0067710876
2268.5,-0.001388073,-0.0013651848,-0.00068616867,-0.0013685226,-0.0016918182,-0.001996994,-0.0017924309,-0.0015220642,-0.0019745827,-0.0018835068,-0.0017061234,-0.0018520355,-0.0022907257,-0.0031051636,-0.001868248,-0.0021300316,-0.0027623177,-0.0026626587,-0.002485752,-0.0026164055,-0.0031847954,-0.0039010048,-0.0030093193,-0.0033755302,-0.0038614273,-0.003619194,-0.003051281,-0.0036344528,-0.0043377876,-0.005543709,-0.004336357,-0.004450321,-0.0040955544,-0.0038022995,-0.0031867027,-0.0038414001,-0.0046343803,-0.0047335625,-0.00521183,-0.004890442,-0.006043911,-0.0056438446,-0.0046310425,-0.005391121,-0.0070548058,-0.007762909,-0.00617218,-0.0067744255
2269.5,-0.001385212,-0.0013599396,-0.0006723404,-0.0013651848,-0.0016803741,-0.00197649,-0.0017733574,-0.0015149117,-0.0019712448,-0.0018758774,-0.0016970634,-0.0018444061,-0.0022773743,-0.0030984879,-0.0018582344,-0.0021276474,-0.0027565956,-0.0026540756,-0.0024762154,-0.0026144981,-0.0031762123,-0.0039167404,-0.0029935837,-0.0033693314,-0.0038523674,-0.0036034584,-0.0030293465,-0.0036273003,-0.0043320656,-0.005551815,-0.0043201447,-0.004447937,-0.0040864944,-0.003786087,-0.0031638145,-0.0038313866,-0.0046229362,-0.0047101974,-0.0051965714,-0.004881859,-0.006031513,-0.005627632,-0.0046014786,-0.005373955,-0.0070500374,-0.0077648163,-0.006151676,-0.006760597
2270.5,-0.0013818741,-0.0013585091,-0.00065755844,-0.001364708,-0.0016818047,-0.0019483566,-0.0017552376,-0.0015058517,-0.0019669533,-0.0018687248,-0.0016875267,-0.0018348694,-0.0022759438,-0.0030908585,-0.0018463135,-0.0021233559,-0.0027503967,-0.0026454926,-0.0024662018,-0.0026135445,-0.0031728745,-0.003926754,-0.0029768944,-0.0033564568,-0.0038428307,-0.0035905838,-0.0030064583,-0.0036139488,-0.0043296814,-0.005551815,-0.0043144226,-0.004439354,-0.0040769577,-0.003771782,-0.0031385422,-0.0038189888,-0.004618168,-0.0046753883,-0.005177498,-0.004864216,-0.0060186386,-0.00561285,-0.004570961,-0.005358696,-0.007051468,-0.00777483,-0.0061211586,-0.006752014
2271.5,-0.0013780594,-0.0013570786,-0.0006432533,-0.0013651848,-0.0016913414,-0.0019340515,-0.0017361641,-0.0014996529,-0.001962185,-0.0018630028,-0.0016798973,-0.0018253326,-0.00227499,-0.0030846596,-0.0018339157,-0.0021166801,-0.0027427673,-0.00263834,-0.0024571419,-0.0026183128,-0.0031671524,-0.00393486,-0.0029497147,-0.0033483505,-0.003833294,-0.0035777092,-0.002986908,-0.003602028,-0.0043315887,-0.005563259,-0.0043034554,-0.004422188,-0.004066944,-0.0037574768,-0.003115654,-0.0038084984,-0.004611492,-0.0046458244,-0.00514555,-0.0048589706,-0.006005287,-0.0055980682,-0.004542351,-0.0053396225,-0.007051468,-0.007794857,-0.006079197,-0.006747246
2272.5,-0.0013742447,-0.0013537407,-0.0006275177,-0.0013775826,-0.0017075539,-0.0019292831,-0.0017337799,-0.0015044212,-0.0019583702,-0.0018568039,-0.0016698837,-0.0018181801,-0.0022816658,-0.003080368,-0.0018239021,-0.0021276474,-0.0027360916,-0.002632618,-0.0024471283,-0.0026245117,-0.0031671524,-0.0039458275,-0.0029239655,-0.0033407211,-0.0038237572,-0.003563881,-0.0029649734,-0.003592968,-0.0043358803,-0.005571842,-0.00429821,-0.0044107437,-0.0040574074,-0.0037426949,-0.003092289,-0.0037975311,-0.00461483,-0.0046219826,-0.0051174164,-0.004852295,-0.0059919357,-0.0055828094,-0.0045113564,-0.005325794,-0.0070562363,-0.00782156,-0.006052017,-0.0067481995
2273.5,-0.0013709068,-0.0013494492,-0.0006132126,-0.0013833046,-0.0017199516,-0.0019249916,-0.0017457008,-0.0015063286,-0.0019550323,-0.0018491745,-0.0016589165,-0.001809597,-0.0022830963,-0.0030789375,-0.0018239021,-0.0021328926,-0.0027303696,-0.0026273727,-0.0024380684,-0.002632141,-0.003165722,-0.003955841,-0.0028996468,-0.0033330917,-0.003815174,-0.0035505295,-0.0029411316,-0.0035791397,-0.0043387413,-0.005586624,-0.0042891502,-0.0044116974,-0.0040488243,-0.0037293434,-0.0030694008,-0.0037865639,-0.004609108,-0.0046138763,-0.005097866,-0.0048475266,-0.005979538,-0.005569935,-0.0044813156,-0.0053081512,-0.007054329,-0.007860661,-0.0060372353,-0.0067458153
2274.5,-0.0013666153,-0.0013408661,-0.0005965233,-0.0013885498,-0.0017166138,-0.0019259453,-0.0017662048,-0.0015034676,-0.001950264,-0.0018382072,-0.0016479492,-0.0018005371,-0.0022816658,-0.0030713081,-0.0018277168,-0.0021309853,-0.0027236938,-0.0026197433,-0.0024280548,-0.0026392937,-0.0031609535,-0.0039548874,-0.0028905869,-0.0033202171,-0.0038061142,-0.0035338402,-0.002919197,-0.003575325,-0.0043406487,-0.0055966377,-0.00427866,-0.004404068,-0.0040392876,-0.003713131,-0.0030469894,-0.0037722588,-0.004600525,-0.004612446,-0.0050907135,-0.0048422813,-0.0059657097,-0.005555153,-0.004451275,-0.0052900314,-0.0070405006,-0.007889748,-0.0060424805,-0.0067443848
2275.5,-0.0013613701,-0.0013298988,-0.00058174133,-0.0013914108,-0.0017194748,-0.0019211769,-0.0017852783,-0.0014977455,-0.0019445419,-0.0018267632,-0.001639843,-0.0017929077,-0.0022764206,-0.0030522346,-0.0018377304,-0.0021214485,-0.0027155876,-0.0026102066,-0.0024194717,-0.002646923,-0.003162384,-0.0039401054,-0.0028924942,-0.0033054352,-0.0037965775,-0.0035181046,-0.0028967857,-0.0035734177,-0.004339695,-0.0055933,-0.0042738914,-0.004398346,-0.0040283203,-0.0036950111,-0.0030241013,-0.003759861,-0.0045990944,-0.004602909,-0.0050811768,-0.004835129,-0.0059518814,-0.0055394173,-0.0044226646,-0.005270481,-0.007039547,-0.007908344,-0.0060606003,-0.0067362785
2276.5,-0.0013580322,-0.0013203621,-0.00056552887,-0.0013976097,-0.0017094612,-0.0019249916,-0.0018115044,-0.0014920235,-0.0019407272,-0.0018157959,-0.0016283989,-0.001791954,-0.0022654533,-0.0030326843,-0.0018587112,-0.0021166801,-0.002708912,-0.0026011467,-0.0024089813,-0.0026540756,-0.0031561852,-0.003926754,-0.0029125214,-0.00329113,-0.0037879944,-0.003502369,-0.0028734207,-0.0035743713,-0.0043325424,-0.0055909157,-0.0042743683,-0.0043849945,-0.0040183067,-0.003677845,-0.0030007362,-0.0037436485,-0.0045905113,-0.0045924187,-0.0050845146,-0.0048241615,-0.00593853,-0.005522251,-0.0043911934,-0.0052480698,-0.0070290565,-0.007926464,-0.006082058,-0.0067310333
2277.5,-0.0013551712,-0.001311779,-0.0005493164,-0.001393795,-0.0016961098,-0.0019369125,-0.0018143654,-0.0014710426,-0.0019369125,-0.0018086433,-0.0016188622,-0.0017900467,-0.0022554398,-0.0030169487,-0.0018558502,-0.0021123886,-0.0027036667,-0.0025920868,-0.0023999214,-0.0026535988,-0.0031442642,-0.0039052963,-0.0029306412,-0.003282547,-0.0037794113,-0.0034861565,-0.0028514862,-0.0035672188,-0.0043177605,-0.005592346,-0.004261017,-0.004363537,-0.004009247,-0.0036616325,-0.0029768944,-0.0037288666,-0.0045804977,-0.0045809746,-0.00507164,-0.0048069954,-0.005926609,-0.0055041313,-0.0043616295,-0.005223751,-0.007013321,-0.0079340935,-0.00607872,-0.006723881
2278.5,-0.0013518333,-0.0013041496,-0.0005340576,-0.001390934,-0.0016856194,-0.0019507408,-0.0018167496,-0.0014615059,-0.001932621,-0.0018019676,-0.0016088486,-0.0017871857,-0.0022482872,-0.003004551,-0.001847744,-0.002105713,-0.0026974678,-0.0025820732,-0.0023913383,-0.0026512146,-0.003136158,-0.0038790703,-0.0029454231,-0.0032773018,-0.0037708282,-0.0034708977,-0.0028281212,-0.0035572052,-0.004310608,-0.0055942535,-0.0042381287,-0.004356861,-0.0039992332,-0.0036444664,-0.0029540062,-0.0037178993,-0.0045776367,-0.004565716,-0.0050644875,-0.004796505,-0.0059142113,-0.0054855347,-0.0043330193,-0.005198002,-0.0069999695,-0.007932186,-0.0060687065,-0.0067243576
2279.5,-0.0013480186,-0.0013003349,-0.0005207062,-0.0013923645,-0.0016722679,-0.0019574165,-0.0018253326,-0.001461029,-0.0019283295,-0.0017957687,-0.0016002655,-0.00178051,-0.0022363663,-0.0029850006,-0.0018382072,-0.0020947456,-0.002691269,-0.0025730133,-0.0023832321,-0.0026493073,-0.003129959,-0.00385046,-0.002957821,-0.0032606125,-0.0037617683,-0.003458023,-0.002805233,-0.003549099,-0.004298687,-0.005599022,-0.0042085648,-0.0043473244,-0.003988743,-0.0036320686,-0.0029301643,-0.003709793,-0.0045681,-0.004547596,-0.0050616264,-0.0047898293,-0.0059013367,-0.005469799,-0.004304886,-0.005179882,-0.006989002,-0.007918835,-0.006055832,-0.006711483
2280.5,-0.0013451576,-0.0012984276,-0.00050735474,-0.0013923645,-0.0016560555,-0.0019555092,-0.0018348694,-0.0014576912,-0.0019245148,-0.0017914772,-0.0015921593,-0.0017743111,-0.0022258759,-0.0029611588,-0.0018239021,-0.0020856857,-0.0026860237,-0.0025668144,-0.0023756027,-0.0026474,-0.0031237602,-0.00381279,-0.0029592514,-0.0032515526,-0.0037531853,-0.0034451485,-0.002784729,-0.0035390854,-0.004289627,-0.0055942535,-0.00417614,-0.0043411255,-0.003979206,-0.003619194,-0.0029087067,-0.003695488,-0.0045666695,-0.0045251846,-0.0050725937,-0.0047826767,-0.005888462,-0.0054540634,-0.004278183,-0.0051674843,-0.006975651,-0.007894993,-0.0060505867,-0.0067043304
2281.5,-0.0013418198,-0.0012969971,-0.0004916191,-0.0013971329,-0.0016450882,-0.0019488335,-0.0018544197,-0.0014557838,-0.0019192696,-0.0017871857,-0.0015835762,-0.0017733574,-0.0022182465,-0.002933979,-0.0018205643,-0.0020833015,-0.0026803017,-0.002562046,-0.0023665428,-0.0026507378,-0.0031147003,-0.003768444,-0.0029616356,-0.0032467842,-0.0037441254,-0.0034337044,-0.0027604103,-0.0035352707,-0.0042772293,-0.005586624,-0.0041570663,-0.0043435097,-0.0039696693,-0.00360775,-0.0028858185,-0.0036873817,-0.0045523643,-0.0044999123,-0.005100727,-0.004776001,-0.0058751106,-0.0054397583,-0.0042500496,-0.005153656,-0.0069680214,-0.007858753,-0.0060548782,-0.0066976547
2282.5,-0.0013380051,-0.001294136,-0.00047779083,-0.0013980865,-0.0016345978,-0.001935482,-0.0018668175,-0.0014467239,-0.0019140244,-0.0017814636,-0.0015764236,-0.0017709732,-0.0022149086,-0.00289917,-0.0018153191,-0.0020837784,-0.002673149,-0.0025577545,-0.0023584366,-0.0026507378,-0.003106594,-0.003718853,-0.0029597282,-0.0032463074,-0.0037341118,-0.0034222603,-0.0027389526,-0.003528595,-0.0042686462,-0.0055761337,-0.0041480064,-0.0043330193,-0.0039596558,-0.0035953522,-0.0028653145,-0.0036730766,-0.0045428276,-0.004474163,-0.005121231,-0.0047650337,-0.0058608055,-0.00542593,-0.004222393,-0.005138874,-0.0069584846,-0.007809639,-0.0060534477,-0.006696701
2283.5,-0.0013341904,-0.0012879372,-0.00046348572,-0.0014023781,-0.0016283989,-0.0019130707,-0.0018715858,-0.0014514923,-0.0019087791,-0.00177145,-0.0015687943,-0.0017690659,-0.0022172928,-0.0028619766,-0.0018057823,-0.0020713806,-0.0026659966,-0.0025515556,-0.0023508072,-0.0026545525,-0.0030918121,-0.0036606789,-0.0029611588,-0.0032510757,-0.0037240982,-0.003408432,-0.0027165413,-0.0035233498,-0.004252434,-0.0055537224,-0.0041441917,-0.004330635,-0.003950119,-0.003581524,-0.00284338,-0.0036625862,-0.0045256615,-0.0044355392,-0.0051407814,-0.004758358,-0.0058469772,-0.0054121017,-0.0041942596,-0.0051236153,-0.006948948,-0.0077576637,-0.00605011,-0.0066952705
2284.5,-0.0013318062,-0.0012779236,-0.00045013428,-0.0014028549,-0.0016212463,-0.0018906593,-0.0018634796,-0.0014548302,-0.0019044876,-0.0017585754,-0.0015602112,-0.0017671585,-0.002216339,-0.0028133392,-0.0017876625,-0.0020651817,-0.0026593208,-0.0025424957,-0.0023407936,-0.0026578903,-0.0030827522,-0.0035967827,-0.0029501915,-0.0032467842,-0.0037145615,-0.0033917427,-0.0026974678,-0.0035181046,-0.0042381287,-0.0055208206,-0.0041356087,-0.004327774,-0.003941059,-0.0035624504,-0.0028223991,-0.003651619,-0.0045113564,-0.004383564,-0.0051436424,-0.0047545433,-0.0058341026,-0.005394459,-0.0041685104,-0.00510931,-0.00693655,-0.0076966286,-0.0060338974,-0.0066986084
2285.5,-0.0013289452,-0.0012664795,-0.00043821335,-0.0014061928,-0.0016145706,-0.0018744469,-0.0018467903,-0.0014576912,-0.0018997192,-0.0017476082,-0.001552105,-0.0017633438,-0.0022068024,-0.0027637482,-0.0017647743,-0.002073288,-0.0026521683,-0.0025324821,-0.0023331642,-0.0026626587,-0.003068924,-0.0035319328,-0.0029268265,-0.00325346,-0.0037045479,-0.0033769608,-0.0026774406,-0.0035128593,-0.0042204857,-0.005496502,-0.0041217804,-0.004327774,-0.0039310455,-0.0035467148,-0.0028014183,-0.0036439896,-0.004491329,-0.0043315887,-0.005132675,-0.0047593117,-0.0058202744,-0.0053772926,-0.0041413307,-0.005095005,-0.0069179535,-0.0076351166,-0.006000519,-0.0067029
2286.5,-0.0013256073,-0.0012564659,-0.00042629242,-0.0014019012,-0.0016102791,-0.0018730164,-0.0018410683,-0.0014548302,-0.0018949509,-0.001739502,-0.0015435219,-0.0017576218,-0.0022091866,-0.002729416,-0.0017547607,-0.0020623207,-0.0026454926,-0.0025234222,-0.0023245811,-0.0026626587,-0.003068924,-0.0034837723,-0.002901554,-0.0032515526,-0.003695488,-0.0033607483,-0.0026574135,-0.0035037994,-0.0042033195,-0.0054917336,-0.004114151,-0.004328251,-0.0039219856,-0.0035309792,-0.0027823448,-0.0036354065,-0.0044760704,-0.004287243,-0.005125046,-0.004758835,-0.0058073997,-0.005358219,-0.004113674,-0.0050783157,-0.0069084167,-0.0075798035,-0.0059666634,-0.0067019463
2287.5,-0.0013232231,-0.0012512207,-0.00041532516,-0.0014004707,-0.0016112328,-0.0018873215,-0.0018429756,-0.001455307,-0.0018911362,-0.0017361641,-0.0015349388,-0.0017533302,-0.0022058487,-0.0026993752,-0.0017538071,-0.0020604134,-0.0026392937,-0.0025162697,-0.0023145676,-0.0026602745,-0.0030622482,-0.0034537315,-0.002878666,-0.003250122,-0.003686428,-0.0033493042,-0.0026359558,-0.0034980774,-0.004192829,-0.00549984,-0.004119873,-0.0043263435,-0.003912449,-0.003520012,-0.002761364,-0.003625393,-0.004463196,-0.0042562485,-0.005125046,-0.00476408,-0.005794525,-0.00534153,-0.0040864944,-0.0050621033,-0.006901741,-0.0075335503,-0.005943775,-0.0066957474
2288.5,-0.0013208389,-0.0012493134,-0.00040245056,-0.0013980865,-0.0016188622,-0.0018992424,-0.0018405914,-0.0014448166,-0.0018863678,-0.0017333031,-0.0015249252,-0.0017476082,-0.0022053719,-0.0026717186,-0.0017404556,-0.0020508766,-0.002632618,-0.0025081635,-0.0023059845,-0.0026574135,-0.0030584335,-0.0034255981,-0.0028557777,-0.0032382011,-0.0036773682,-0.0033369064,-0.0026173592,-0.0034871101,-0.0041851997,-0.00551033,-0.0041251183,-0.0043230057,-0.0039029121,-0.0035076141,-0.0027422905,-0.003619194,-0.0044517517,-0.0042290688,-0.005126953,-0.004763603,-0.0057811737,-0.0053248405,-0.004061222,-0.005045414,-0.0069065094,-0.00748682,-0.005932808,-0.006685734
2289.5,-0.0013184547,-0.0012483597,-0.0003900528,-0.0013985634,-0.0016245842,-0.0019111633,-0.001832962,-0.0014381409,-0.0018811226,-0.0017285347,-0.0015182495,-0.0017447472,-0.0022091866,-0.0026516914,-0.0017213821,-0.0020451546,-0.0026259422,-0.0025000572,-0.002295971,-0.0026578903,-0.0030474663,-0.003399849,-0.0028362274,-0.0032305717,-0.003668785,-0.0033249855,-0.0025963783,-0.0034804344,-0.0041718483,-0.005525112,-0.00412035,-0.0043182373,-0.0038938522,-0.00349617,-0.002723217,-0.0036129951,-0.0044379234,-0.004204273,-0.0051255226,-0.0047597885,-0.005768299,-0.0053081512,-0.0040340424,-0.0050315857,-0.006899357,-0.0074510574,-0.0059227943,-0.0066723824
2290.5,-0.0013151169,-0.001247406,-0.0003786087,-0.0013980865,-0.0016365051,-0.0019211769,-0.0018219948,-0.0014309883,-0.0018773079,-0.0017256737,-0.0015115738,-0.0017409325,-0.0022177696,-0.0026307106,-0.0016946793,-0.0020341873,-0.0026197433,-0.0024938583,-0.0022883415,-0.0026535988,-0.0030431747,-0.0033721924,-0.0028290749,-0.0032229424,-0.0036597252,-0.003312111,-0.0025792122,-0.0034718513,-0.0041675568,-0.0055389404,-0.0041017532,-0.004319191,-0.0038852692,-0.0034832954,-0.0027060509,-0.003604889,-0.004430771,-0.0041770935,-0.0051283836,-0.0047574043,-0.0057559013,-0.005293846,-0.004009247,-0.005015373,-0.0068945885,-0.007414341,-0.005914688,-0.0066609383
2291.5,-0.001311779,-0.001244545,-0.0003671646,-0.0013961792,-0.0016579628,-0.0019273758,-0.0017881393,-0.001429081,-0.00187397,-0.0017204285,-0.0015044212,-0.0017361641,-0.0022187233,-0.0026054382,-0.0016498566,-0.0020194054,-0.0026130676,-0.0024895668,-0.0022807121,-0.0026521683,-0.0030403137,-0.0033364296,-0.0028157234,-0.003221035,-0.0036511421,-0.0033011436,-0.0025601387,-0.0034632683,-0.0041651726,-0.0055503845,-0.0040597916,-0.0043210983,-0.0038762093,-0.0034723282,-0.0026869774,-0.0035934448,-0.004424572,-0.0041418076,-0.0051050186,-0.0047574043,-0.0057435036,-0.005280018,-0.0039844513,-0.005001545,-0.006881714,-0.0073719025,-0.0058908463,-0.006655693
2292.5,-0.0013079643,-0.0012397766,-0.00035762787,-0.0013961792,-0.0016751289,-0.0019388199,-0.0017547607,-0.0014157295,-0.0018692017,-0.0017132759,-0.0014986992,-0.0017318726,-0.002216816,-0.0025753975,-0.0016069412,-0.001996994,-0.002606392,-0.002485752,-0.0022740364,-0.0026478767,-0.0030403137,-0.0033111572,-0.0027999878,-0.003221035,-0.0036420822,-0.0032868385,-0.0025439262,-0.0034565926,-0.0041689873,-0.005574703,-0.0040192604,-0.0043096542,-0.0038671494,-0.0034575462,-0.0026698112,-0.003581047,-0.004424095,-0.0041069984,-0.0050787926,-0.0047569275,-0.005731106,-0.0052661896,-0.0039596558,-0.004986763,-0.006872177,-0.0073280334,-0.005856991,-0.006650448
2293.5,-0.0013046265,-0.0012316704,-0.00034809113,-0.001396656,-0.0016903877,-0.0019512177,-0.0017237663,-0.0014162064,-0.0018649101,-0.0017023087,-0.0014925003,-0.0017299652,-0.002213955,-0.0025515556,-0.0015649796,-0.0019865036,-0.002600193,-0.0024776459,-0.002266407,-0.0026493073,-0.0030474663,-0.0032901764,-0.0027775764,-0.0032253265,-0.0036334991,-0.0032725334,-0.0025248528,-0.00344944,-0.004180908,-0.0056028366,-0.003973007,-0.004307747,-0.0038585663,-0.0034422874,-0.002652645,-0.0035719872,-0.0044312477,-0.004076004,-0.0050525665,-0.004758358,-0.005719185,-0.005250454,-0.003935814,-0.0049734116,-0.0068712234,-0.0072803497,-0.0058221817,-0.0066461563
2294.5,-0.0013012886,-0.0012230873,-0.0003399849,-0.0013942719,-0.0016818047,-0.001965046,-0.001701355,-0.0014138222,-0.0018610954,-0.0016899109,-0.0014882088,-0.001727581,-0.0022053719,-0.0025281906,-0.0015244484,-0.0019769669,-0.0025939941,-0.0024676323,-0.0022611618,-0.002646923,-0.0030446053,-0.0032758713,-0.0027666092,-0.003229618,-0.003624916,-0.0032577515,-0.0025091171,-0.0034413338,-0.004181385,-0.0056319237,-0.003930092,-0.004313946,-0.00385046,-0.003426075,-0.0026378632,-0.003563881,-0.0044264793,-0.004047394,-0.005024433,-0.004764557,-0.005707264,-0.0052342415,-0.003912449,-0.0049586296,-0.006866455,-0.0072364807,-0.005797863,-0.0066432953
2295.5,-0.0012984276,-0.0012164116,-0.00033187866,-0.0013871193,-0.0016674995,-0.001973629,-0.0016899109,-0.0014033318,-0.0018568039,-0.0016818047,-0.0014829636,-0.0017199516,-0.00219059,-0.0025110245,-0.0014920235,-0.001962185,-0.0025877953,-0.0024590492,-0.002254963,-0.002644062,-0.0030355453,-0.003264904,-0.0027580261,-0.0032315254,-0.003616333,-0.003247261,-0.0024924278,-0.0034313202,-0.0041737556,-0.005660057,-0.0038881302,-0.0043087006,-0.003841877,-0.003414631,-0.0026221275,-0.0035543442,-0.0044136047,-0.004025936,-0.0050063133,-0.0047655106,-0.005694866,-0.005218029,-0.0038881302,-0.0049409866,-0.006851673,-0.007203102,-0.005792141,-0.0066404343
2296.5,-0.0012950897,-0.0012111664,-0.00032424927,-0.0013813972,-0.0016489029,-0.0019760132,-0.0016760826,-0.0013823509,-0.0018520355,-0.00167799,-0.001478672,-0.0017151833,-0.002184391,-0.0025057793,-0.0014634132,-0.0019478798,-0.0025811195,-0.0024514198,-0.0022468567,-0.0026388168,-0.003021717,-0.003262043,-0.0027561188,-0.0032305717,-0.003607273,-0.003235817,-0.0024762154,-0.0034217834,-0.0041589737,-0.005692005,-0.0038471222,-0.0043034554,-0.0038323402,-0.0034036636,-0.002603531,-0.003545761,-0.004395008,-0.00401783,-0.0049858093,-0.004750252,-0.0056819916,-0.0052027702,-0.0038647652,-0.0049233437,-0.006831646,-0.007177353,-0.00578928,-0.006638527
2297.5,-0.0012922287,-0.0012102127,-0.00031995773,-0.0013785362,-0.0016241074,-0.001965046,-0.0016713142,-0.001364708,-0.0018472672,-0.00167799,-0.00147295,-0.0017080307,-0.0021657944,-0.0024957657,-0.0014286041,-0.001938343,-0.0025744438,-0.0024456978,-0.0022416115,-0.0026350021,-0.0030150414,-0.0032567978,-0.0027594566,-0.0032334328,-0.0035977364,-0.003227234,-0.0024609566,-0.0034136772,-0.0041441917,-0.0057196617,-0.003806591,-0.004299164,-0.0038232803,-0.0033960342,-0.0025877953,-0.0035357475,-0.0043792725,-0.004003048,-0.0049653053,-0.004757881,-0.005669594,-0.005188942,-0.0038442612,-0.0049066544,-0.006798744,-0.0071516037,-0.005785942,-0.0066370964
2298.5,-0.0012898445,-0.00121212,-0.000313282,-0.0013794899,-0.0016102791,-0.0019388199,-0.0016636848,-0.0013408661,-0.0018424988,-0.0016760826,-0.0014677048,-0.0017023087,-0.0021557808,-0.00248909,-0.0013980865,-0.0019173622,-0.0025687218,-0.0024399757,-0.0022358894,-0.002632141,-0.0030107498,-0.0032367706,-0.002761364,-0.0032281876,-0.0035891533,-0.0032167435,-0.002444744,-0.0034065247,-0.0041422844,-0.005735874,-0.0037636757,-0.0042977333,-0.0038146973,-0.0033845901,-0.0025720596,-0.0035290718,-0.004377365,-0.0039787292,-0.004942417,-0.004746914,-0.005657673,-0.005173683,-0.0038247108,-0.004893303,-0.006781101,-0.007109642,-0.0057787895,-0.0066256523
2299.5,-0.0012860298,-0.0012125969,-0.00030708313,-0.0013799667,-0.0015850067,-0.0019073486,-0.0016589165,-0.0013308525,-0.0018372536,-0.0016722679,-0.001461029,-0.0016994476,-0.0021367073,-0.002486229,-0.0013785362,-0.0019102097,-0.002562046,-0.0024356842,-0.0022287369,-0.002629757,-0.0030007362,-0.003223896,-0.0027666092,-0.0032262802,-0.0035796165,-0.003209114,-0.0024285316,-0.0034022331,-0.004131794,-0.0057530403,-0.0037350655,-0.0043001175,-0.0038042068,-0.003376484,-0.0025572777,-0.0035219193,-0.0043730736,-0.0039544106,-0.0049176216,-0.0047397614,-0.005645275,-0.005159855,-0.0038013458,-0.004881382,-0.0067634583,-0.007059574,-0.005774498,-0.006624222
2300.5,-0.0012831688,-0.0012125969,-0.00030183792,-0.0013790131,-0.0015683174,-0.0018715858,-0.0016541481,-0.0013170242,-0.0018324852,-0.0016679764,-0.001458168,-0.0016989708,-0.0021271706,-0.0024871826,-0.0013628006,-0.0019025803,-0.0025558472,-0.0024337769,-0.0022234917,-0.0026245117,-0.0029931068,-0.0032048225,-0.0027651787,-0.0032205582,-0.0035705566,-0.0032000542,-0.0024137497,-0.0033979416,-0.0041184425,-0.005762577,-0.0037164688,-0.0043058395,-0.0037956238,-0.003367424,-0.002544403,-0.0035147667,-0.004378319,-0.003932953,-0.0048885345,-0.0047359467,-0.005633354,-0.005148411,-0.0037822723,-0.0048666,-0.006760597,-0.0069971085,-0.005765915,-0.006627083
