time,ssp585 - sce1,ssp370 - sce1,ssp460 - sce1,ssp245 - sce1,ssp434 - sce1,ssp534 - sce1,ssp126 - sce1,ssp119 - sce1,ssp585 - sce2,ssp370 - sce2,ssp460 - sce2,ssp245 - sce2,ssp434 - sce2,ssp534 - sce2,ssp126 - sce2,ssp119 - sce2,ssp585 - sce3,ssp370 - sce3,ssp460 - sce3,ssp245 - sce3,ssp434 - sce3,ssp534 - sce3,ssp126 - sce3,ssp119 - sce3,ssp585 - sce4,ssp370 - sce4,ssp460 - sce4,ssp245 - sce4,ssp434 - sce4,ssp534 - sce4,ssp126 - sce4,ssp119 - sce4,ssp585 - sce5,ssp370 - sce5,ssp460 - sce5,ssp245 - sce5,ssp434 - sce5,ssp534 - sce5,ssp126 - sce5,ssp119 - sce5,ssp585 - sce6,ssp370 - sce6,ssp460 - sce6,ssp245 - sce6,ssp434 - sce6,ssp534 - sce6,ssp126 - sce6,ssp119 - sce6
2015.5,0.0,0.0,0.0,0.0,0.0,0.0,0.0,0.0,0.0,0.0,0.0,0.0,0.0,0.0,0.0,0.0,0.0,0.0,0.0,0.0,0.0,0.0,0.0,0.0,0.0,0.0,0.0,0.0,0.0,0.0,0.0,0.0,0.0,0.0,0.0,0.0,0.0,0.0,0.0,0.0,0.0,0.0,0.0,0.0,0.0,0.0,0.0,0.0
2016.5,0.0,0.0,0.0,0.0,0.0,0.0,0.0,0.0,0.0,0.0,0.0,0.0,0.0,0.0,0.0,0.0,0.0,0.0,0.0,0.0,0.0,0.0,0.0,0.0,0.0,0.0,0.0,0.0,0.0,0.0,0.0,0.0,0.0,0.0,0.0,0.0,0.0,0.0,0.0,0.0,0.0,0.0,0.0,0.0,0.0,0.0,0.0,0.0
2017.5,0.0,0.0,0.0,0.0,0.0,0.0,0.0,0.0,0.0,0.0,0.0,0.0,0.0,0.0,0.0,0.0,0.0,0.0,0.0,0.0,0.0,0.0,0.0,0.0,0.0,0.0,0.0,0.0,0.0,0.0,0.0,0.0,0.0,0.0,0.0,0.0,0.0,0.0,0.0,0.0,0.0,0.0,0.0,0.0,0.0,0.0,0.0,0.0
2018.5,0.0,0.0,0.0,0.0,0.0,0.0,0.0,0.0,0.0,0.0,0.0,0.0,0.0,0.0,0.0,0.0,0.0,0.0,0.0,0.0,0.0,0.0,0.0,0.0,0.0,0.0,0.0,0.0,0.0,0.0,0.0,0.0,0.0,0.0,0.0,0.0,0.0,0.0,0.0,0.0,0.0,0.0,0.0,0.0,0.0,0.0,0.0,0.0
2019.5,0.0,0.0,0.0,0.0,0.0,0.0,0.0,0.0,0.0,0.0,0.0,0.0,0.0,0.0,0.0,0.0,0.0,0.0,0.0,0.0,0.0,0.0,0.0,0.0,0.0,0.0,0.0,0.0,0.0,0.0,0.0,0.0,0.0,0.0,0.0,0.0,0.0,0.0,0.0,0.0,0.0,0.0,0.0,0.0,0.0,0.0,0.0,0.0
2020.5,3.0517578e-05,3.0517578e-05,-6.1035156e-05,3.0517578e-05,-6.1035156e-05,0.0,0.0,0.0,3.0517578e-05,3.0517578e-05,-6.1035156e-05,3.0517578e-05,-6.1035156e-05,0.0,0.0,0.0,0.0,0.0,-6.1035156e-05,0.0,-3.0517578e-05,0.0,3.0517578e-05,-3.0517578e-05,0.0,0.0,-6.1035156e-05,0.0,-3.0517578e-05,0.0,3.0517578e-05,-3.0517578e-05,3.0517578e-05,-3.0517578e-05,-9.1552734e-05,0.0,0.0,-3.0517578e-05,0.0,0.0,3.0517578e-05,-3.0517578e-05,-9.1552734e-05,0.0,0.0,-3.0517578e-05,0.0,0.0
2021.5,-6.1035156e-05,0.00015258789,-0.0002746582,9.1552734e-05,-0.00036621094,0.00018310547,-3.0517578e-05,6.1035156e-05,-6.1035156e-05,0.00015258789,-0.0002746582,9.1552734e-05,-0.00036621094,0.00018310547,-3.0517578e-05,6.1035156e-05,-0.00012207031,-6.1035156e-05,-0.00012207031,-6.1035156e-05,-0.00012207031,0.0,0.00033569336,0.00018310547,-0.00012207031,-6.1035156e-05,-0.00012207031,-6.1035156e-05,-0.00012207031,0.0,0.00033569336,0.00018310547,-0.00033569336,-9.1552734e-05,-0.00036621094,6.1035156e-05,0.00012207031,3.0517578e-05,6.1035156e-05,9.1552734e-05,-0.00033569336,-9.1552734e-05,-0.00036621094,6.1035156e-05,0.00012207031,3.0517578e-05,6.1035156e-05,9.1552734e-05
2022.5,0.00021362305,0.0002746582,-0.00021362305,0.00018310547,-0.00045776367,0.0008544922,-0.0002746582,-0.00039672852,0.00021362305,0.0002746582,-0.00021362305,0.00018310547,-0.00045776367,0.0008544922,-0.0002746582,-0.00039672852,3.0517578e-05,-0.001159668,-9.1552734e-05,3.0517578e-05,0.0002746582,0.00036621094,0.0013427734,0.00036621094,3.0517578e-05,-0.001159668,-9.1552734e-05,3.0517578e-05,0.0002746582,0.00036621094,0.0013427734,0.00036621094,-0.0014038086,3.0517578e-05,-0.0005187988,6.1035156e-05,0.000579834,0.0007324219,0.0005493164,-0.00012207031,-0.0014038086,3.0517578e-05,-0.0005187988,6.1035156e-05,0.000579834,0.0007324219,0.0005493164,-0.00012207031
2023.5,-0.00076293945,0.0018920898,3.0517578e-05,0.0010681152,-9.1552734e-05,0.0006713867,-0.0015563965,-0.0015563965,-0.00076293945,0.0018920898,3.0517578e-05,0.0010681152,-9.1552734e-05,0.0006713867,-0.0015563965,-0.0015563965,-3.0517578e-05,-0.0007019043,0.00039672852,0.0009460449,0.00064086914,0.0005187988,0.00024414062,-0.00018310547,-3.0517578e-05,-0.0007019043,0.00039672852,0.0009460449,0.00064086914,0.0005187988,0.00024414062,-0.00018310547,-0.0014343262,0.00036621094,-0.00039672852,0.00033569336,-0.00064086914,-0.0004272461,-0.00088500977,-0.0010375977,-0.0014343262,0.00036621094,-0.00039672852,0.00033569336,-0.00064086914,-0.0004272461,-0.00088500977,-0.0010375977
2024.5,-0.0006713867,0.0009765625,0.00033569336,0.0059814453,-0.00039672852,-0.001953125,-0.00076293945,-0.0014648438,-0.0006713867,0.0009765625,0.00033569336,0.0059814453,-0.00039672852,-0.001953125,-0.00076293945,-0.0014648438,-3.0517578e-05,-0.0013427734,0.001159668,0.0057678223,-0.001159668,0.00030517578,0.0008239746,-0.00061035156,-3.0517578e-05,-0.0013427734,0.001159668,0.0057678223,-0.001159668,0.00030517578,0.0008239746,-0.00061035156,-0.0014648438,6.1035156e-05,-0.0005187988,0.00289917,-0.003753662,-0.0032043457,-0.00061035156,-0.0014953613,-0.0014648438,6.1035156e-05,-0.0005187988,0.00289917,-0.003753662,-0.0032043457,-0.00061035156,-0.0014953613
2025.5,-0.0013122559,0.0016174316,-0.0014648438,0.008392334,0.00015258789,-0.004272461,0.0007324219,-0.0011291504,-0.0013122559,0.0016174316,-0.0014648438,0.008392334,0.00015258789,-0.004272461,0.0007324219,-0.0011291504,0.00021362305,-0.0010681152,0.00088500977,0.007904053,-0.0018615723,0.0007019043,0.0006713867,-0.0008544922,0.00021362305,-0.0010681152,0.00088500977,0.007904053,-0.0018615723,0.0007019043,0.0006713867,-0.0008544922,0.0,0.0010070801,-0.0014343262,0.006652832,-0.0025939941,-0.0052490234,0.0014038086,-0.0030822754,0.0,0.0010070801,-0.0014343262,0.006652832,-0.0025939941,-0.0052490234,0.0014038086,-0.0030822754
2026.5,-0.00036621094,0.0015258789,-0.009216309,0.008178711,-6.1035156e-05,-0.004547119,0.0024108887,0.0015258789,-0.00036621094,0.0015258789,-0.009216309,0.008178711,-6.1035156e-05,-0.004547119,0.0024108887,0.0015258789,0.00024414062,-0.0038757324,-0.0008239746,0.014953613,0.0009460449,0.0032043457,0.006378174,-0.0017700195,0.00024414062,-0.0038757324,-0.0008239746,0.014953613,0.0009460449,0.0032043457,0.006378174,-0.0017700195,0.005065918,-0.003753662,-0.005645752,0.0073547363,0.00491333,-0.004058838,0.0079956055,-0.0051574707,0.005065918,-0.003753662,-0.005645752,0.0073547363,0.00491333,-0.004058838,0.0079956055,-0.0051574707
2027.5,0.005279541,0.006164551,-0.018554688,0.012207031,-0.008361816,-0.0058898926,0.0087890625,0.009338379,0.005279541,0.006164551,-0.018554688,0.012207031,-0.008361816,-0.0058898926,0.0087890625,0.009338379,0.001159668,-0.0019226074,-0.006591797,0.021209717,-0.0027160645,0.0009765625,0.015533447,0.00018310547,0.001159668,-0.0019226074,-0.006591797,0.021209717,-0.0027160645,0.0009765625,0.015533447,0.00018310547,0.010803223,-0.0037231445,-0.011230469,0.011260986,0.008422852,-0.0034484863,0.017211914,-0.0043029785,0.010803223,-0.0037231445,-0.011230469,0.011260986,0.008422852,-0.0034484863,0.017211914,-0.0043029785
2028.5,0.0053100586,0.010955811,-0.023620605,0.010223389,-0.015014648,-0.00680542,0.01373291,0.013153076,0.0053100586,0.010955811,-0.023620605,0.010223389,-0.015014648,-0.00680542,0.01373291,0.013153076,0.0037841797,0.0008544922,-0.010925293,0.021911621,-0.0061950684,-0.00076293945,0.024475098,-0.001373291,0.0037841797,0.0008544922,-0.010925293,0.021911621,-0.0061950684,-0.00076293945,0.024475098,-0.001373291,0.0154418945,-0.0076904297,-0.012207031,0.016235352,0.006011963,-0.0035095215,0.022216797,-0.0047302246,0.0154418945,-0.0076904297,-0.012207031,0.016235352,0.006011963,-0.0035095215,0.022216797,-0.0047302246
2029.5,0.006958008,0.0077209473,-0.027130127,0.011810303,-0.017700195,-0.002380371,0.015991211,0.011169434,0.006958008,0.0077209473,-0.027130127,0.011810303,-0.017700195,-0.002380371,0.015991211,0.011169434,0.008026123,-0.001739502,-0.014251709,0.024108887,-0.007537842,0.0006713867,0.029754639,-0.0025024414,0.008026123,-0.001739502,-0.014251709,0.024108887,-0.007537842,0.0006713867,0.029754639,-0.0025024414,0.017730713,-0.014434814,-0.012512207,0.022033691,0.00491333,0.0010375977,0.02331543,-0.0027160645,0.017730713,-0.014434814,-0.012512207,0.022033691,0.00491333,0.0010375977,0.02331543,-0.0027160645
2030.5,0.009063721,-0.00045776367,-0.027740479,0.0138549805,-0.018615723,0.0057373047,0.015960693,0.012145996,0.009063721,-0.00045776367,-0.027740479,0.0138549805,-0.018615723,0.0057373047,0.015960693,0.012145996,0.010925293,-0.0068969727,-0.014587402,0.026123047,-0.0058288574,0.005493164,0.030090332,0.0010681152,0.010925293,-0.0068969727,-0.014587402,0.026123047,-0.0058288574,0.005493164,0.030090332,0.0010681152,0.02243042,-0.019989014,-0.0113220215,0.027435303,0.004180908,0.007446289,0.022125244,0.00091552734,0.02243042,-0.019989014,-0.0113220215,0.027435303,0.004180908,0.007446289,0.022125244,0.00091552734
2031.5,0.009674072,-0.014556885,-0.026153564,0.008239746,-0.022979736,0.012664795,0.019714355,0.011627197,0.009674072,-0.014587402,-0.026184082,0.008239746,-0.022949219,0.012664795,0.019714355,0.011657715,0.013977051,-0.020446777,-0.014190674,0.03387451,-0.003326416,0.011047363,0.04171753,0.00390625,0.013946533,-0.02041626,-0.014221191,0.03390503,-0.0032958984,0.011047363,0.041748047,0.0038757324,0.026031494,-0.029296875,-0.0071411133,0.03274536,0.0033874512,0.012329102,0.032318115,0.0043945312,0.026000977,-0.029266357,-0.0071411133,0.03274536,0.0033874512,0.012298584,0.032318115,0.0043640137
2032.5,0.009613037,-0.027282715,-0.03302002,0.0046691895,-0.033813477,0.015472412,0.023101807,0.013580322,0.010070801,-0.027496338,-0.03314209,0.0050964355,-0.03378296,0.015563965,0.023223877,0.0138549805,0.021759033,-0.034332275,-0.013092041,0.042999268,0.0007324219,0.018676758,0.0692749,0.0057678223,0.021575928,-0.034088135,-0.013183594,0.042999268,0.00088500977,0.018585205,0.069488525,0.0056762695,0.030426025,-0.038604736,-0.013366699,0.048034668,0.0018920898,0.017150879,0.059295654,0.011138916,0.030273438,-0.0385437,-0.013183594,0.047821045,0.0018920898,0.017150879,0.059051514,0.010894775
2033.5,0.012084961,-0.030731201,-0.04550171,0.008178711,-0.04373169,0.019866943,0.024810791,0.019104004,0.012664795,-0.030334473,-0.045928955,0.009552002,-0.043823242,0.020080566,0.024871826,0.01977539,0.038146973,-0.037719727,-0.01940918,0.0496521,0.007232666,0.020324707,0.09991455,0.010467529,0.038024902,-0.036895752,-0.019378662,0.049713135,0.0071105957,0.019195557,0.10058594,0.0105896,0.036254883,-0.035064697,-0.020019531,0.069122314,0.0016479492,0.026489258,0.07507324,0.021697998,0.036132812,-0.035827637,-0.01953125,0.068481445,0.0010070801,0.026733398,0.074523926,0.021484375
2034.5,0.016571045,-0.027893066,-0.052520752,0.0134887695,-0.04824829,0.03765869,0.031036377,0.03149414,0.01727295,-0.028839111,-0.051971436,0.01449585,-0.047973633,0.03643799,0.030639648,0.03201294,0.04751587,-0.04248047,-0.020690918,0.05050659,0.007873535,0.026245117,0.123687744,0.015411377,0.04812622,-0.041107178,-0.021514893,0.053009033,0.008300781,0.02557373,0.12359619,0.015380859,0.044647217,-0.026245117,-0.01586914,0.08023071,0.0024414062,0.051879883,0.086120605,0.033843994,0.043914795,-0.02810669,-0.0154418945,0.079193115,0.0005493164,0.051452637,0.08581543,0.03286743
2035.5,0.022399902,-0.014434814,-0.051757812,0.021026611,-0.033935547,0.05493164,0.042541504,0.03955078,0.022155762,-0.016479492,-0.05126953,0.020690918,-0.035003662,0.052764893,0.042144775,0.04006958,0.05706787,-0.0368042,-0.011779785,0.05166626,0.020812988,0.032928467,0.13543701,0.018615723,0.058013916,-0.036224365,-0.013916016,0.056610107,0.022521973,0.032989502,0.13586426,0.020629883,0.055023193,-0.015411377,-6.1035156e-05,0.0803833,0.029327393,0.06970215,0.09686279,0.042999268,0.054656982,-0.017700195,-0.0008544922,0.07952881,0.027893066,0.068359375,0.096710205,0.039916992
2036.5,0.03060913,-0.004638672,-0.054748535,0.02835083,-0.020751953,0.064331055,0.068573,0.04345703,0.029510498,-0.006866455,-0.053527832,0.028442383,-0.024017334,0.062072754,0.06842041,0.045166016,0.067108154,-0.025482178,-0.0031433105,0.051940918,0.03173828,0.03704834,0.15032959,0.025146484,0.06817627,-0.025268555,-0.0071411133,0.06112671,0.032592773,0.03793335,0.15063477,0.026947021,0.06668091,-0.0012207031,0.013793945,0.08081055,0.047454834,0.07699585,0.11090088,0.05316162,0.06750488,-0.0031433105,0.012054443,0.081604004,0.045715332,0.074798584,0.11087036,0.04510498
2037.5,0.044799805,0.0055236816,-0.056854248,0.030792236,-0.017608643,0.07299805,0.08816528,0.047424316,0.043029785,0.0028076172,-0.055480957,0.032073975,-0.020996094,0.07122803,0.08770752,0.047607422,0.080322266,-0.012481689,0.0042419434,0.053985596,0.038360596,0.048583984,0.16366577,0.027709961,0.08248901,-0.012542725,0.0002746582,0.06713867,0.03817749,0.049224854,0.16311646,0.030578613,0.0836792,0.016662598,0.022216797,0.087402344,0.05593872,0.085754395,0.11791992,0.06036377,0.085876465,0.013824463,0.019165039,0.08743286,0.054840088,0.08331299,0.11721802,0.049926758
2038.5,0.063812256,0.019195557,-0.053253174,0.039001465,-0.012359619,0.08117676,0.102996826,0.055236816,0.061187744,0.016906738,-0.05267334,0.041748047,-0.016601562,0.07879639,0.102630615,0.05606079,0.09786987,0.0058288574,0.021484375,0.06417847,0.049194336,0.062438965,0.18182373,0.030883789,0.10040283,0.0047912598,0.017059326,0.07965088,0.04901123,0.06262207,0.17910767,0.034210205,0.11047363,0.0423584,0.03842163,0.101745605,0.07034302,0.097961426,0.13006592,0.074798584,0.112579346,0.041046143,0.03677368,0.10070801,0.06951904,0.09500122,0.1288147,0.063934326
2039.5,0.08560181,0.03945923,-0.037017822,0.058044434,-0.0030517578,0.102630615,0.11395264,0.06726074,0.083221436,0.037353516,-0.03668213,0.062194824,-0.010772705,0.100097656,0.115478516,0.06939697,0.103515625,0.032226562,0.042388916,0.08856201,0.06994629,0.09329224,0.19677734,0.039245605,0.105773926,0.030944824,0.036956787,0.10397339,0.07092285,0.093688965,0.19616699,0.04373169,0.13830566,0.07269287,0.06536865,0.13497925,0.0892334,0.11669922,0.14379883,0.10076904,0.13504028,0.073272705,0.06573486,0.13223267,0.09020996,0.11392212,0.14328003,0.08895874
2040.5,0.109954834,0.056365967,-0.020629883,0.077941895,0.011505127,0.11303711,0.12738037,0.07611084,0.1071167,0.055023193,-0.019042969,0.077545166,0.0037841797,0.11141968,0.12713623,0.08569336,0.11126709,0.060699463,0.05923462,0.12161255,0.09249878,0.12527466,0.21243286,0.05496216,0.110961914,0.062927246,0.04989624,0.13180542,0.09576416,0.124694824,0.21276855,0.05883789,0.17297363,0.11627197,0.095214844,0.16744995,0.10656738,0.14108276,0.16412354,0.13452148,0.16696167,0.10958862,0.098358154,0.16470337,0.11282349,0.13796997,0.16494751,0.12130737
2041.5,0.12478638,0.06549072,0.000579834,0.10040283,0.03213501,0.11929321,0.1295166,0.07992554,0.12063599,0.06451416,0.0021362305,0.09173584,0.024871826,0.111328125,0.12954712,0.09246826,0.12973022,0.08572388,0.087371826,0.15377808,0.110687256,0.1512146,0.2206726,0.07098389,0.12792969,0.09024048,0.069122314,0.16189575,0.11404419,0.14953613,0.22744751,0.07650757,0.20410156,0.14859009,0.121917725,0.20465088,0.13058472,0.1699524,0.1894226,0.17547607,0.19741821,0.1418457,0.13513184,0.20043945,0.14068604,0.16409302,0.1857605,0.15628052
2042.5,0.1359253,0.082092285,0.014099121,0.11907959,0.049591064,0.11740112,0.13101196,0.07485962,0.12609863,0.081604004,0.017852783,0.110809326,0.039398193,0.104003906,0.1262207,0.08718872,0.14163208,0.111206055,0.1098938,0.17272949,0.12567139,0.16445923,0.22521973,0.07998657,0.13967896,0.12094116,0.080566406,0.1875,0.13186646,0.15914917,0.23364258,0.086517334,0.22836304,0.17758179,0.14404297,0.23739624,0.14770508,0.18725586,0.21313477,0.20672607,0.2244873,0.18084717,0.17129517,0.23321533,0.1593628,0.17837524,0.2097168,0.1824646
2043.5,0.15899658,0.10568237,0.025970459,0.1329956,0.05886841,0.13397217,0.13238525,0.07019043,0.14492798,0.101989746,0.034820557,0.12594604,0.049041748,0.12783813,0.12615967,0.08255005,0.16860962,0.14328003,0.13574219,0.19390869,0.14129639,0.19784546,0.23577881,0.08514404,0.16610718,0.14587402,0.099609375,0.2197876,0.14874268,0.1949768,0.24313354,0.09136963,0.27020264,0.21688843,0.17907715,0.2779541,0.16235352,0.23913574,0.23999023,0.21850586,0.27093506,0.23202515,0.21707153,0.27178955,0.17617798,0.22793579,0.23849487,0.18649292
2044.5,0.17477417,0.13916016,0.05316162,0.1572876,0.080841064,0.15216064,0.13677979,0.06774902,0.16760254,0.124938965,0.0630188,0.15084839,0.07608032,0.15621948,0.13116455,0.079315186,0.20077515,0.18331909,0.18377686,0.22973633,0.18051147,0.22579956,0.25006104,0.08981323,0.2000122,0.18338013,0.14529419,0.26934814,0.17666626,0.22583008,0.25317383,0.094573975,0.31661987,0.2800598,0.24050903,0.3449402,0.20687866,0.2937622,0.2664795,0.2263794,0.32531738,0.30020142,0.28485107,0.3408203,0.2199707,0.2758484,0.2689209,0.18551636
2045.5,0.19345093,0.17123413,0.0921936,0.18481445,0.10140991,0.17044067,0.15917969,0.07424927,0.20419312,0.14855957,0.10153198,0.18283081,0.10638428,0.18618774,0.15560913,0.08459473,0.2305603,0.2265625,0.24441528,0.26757812,0.22460938,0.27120972,0.2831421,0.107055664,0.23873901,0.23080444,0.20123291,0.32348633,0.21557617,0.26693726,0.27954102,0.111450195,0.38131714,0.3425293,0.3161621,0.41662598,0.2618103,0.34988403,0.31228638,0.24404907,0.397583,0.37179565,0.3635254,0.41809082,0.28381348,0.3274231,0.3183899,0.19793701
2046.5,0.21661377,0.21295166,0.124176025,0.21087646,0.12020874,0.19128418,0.17956543,0.090148926,0.2487793,0.18252563,0.12646484,0.21350098,0.1328125,0.22076416,0.1807251,0.10165405,0.2782898,0.27194214,0.30459595,0.30618286,0.2654419,0.32821655,0.32504272,0.1416626,0.29382324,0.28378296,0.26324463,0.3710022,0.26281738,0.32278442,0.3180542,0.14752197,0.45617676,0.41207886,0.39013672,0.47988892,0.3128357,0.42263794,0.37878418,0.28164673,0.46951294,0.44781494,0.4492798,0.4906006,0.34988403,0.39285278,0.39538574,0.22943115
2047.5,0.2107544,0.2631836,0.17321777,0.24557495,0.13851929,0.2062378,0.20181274,0.10134888,0.2669983,0.22470093,0.16912842,0.2554016,0.1482544,0.2314148,0.21099854,0.11578369,0.2996521,0.34545898,0.3725891,0.34243774,0.29882812,0.36047363,0.3701172,0.17910767,0.32366943,0.36547852,0.3317871,0.41635132,0.3086853,0.35409546,0.3548584,0.18649292,0.51394653,0.5093689,0.46017456,0.54351807,0.37002563,0.47421265,0.43444824,0.33163452,0.5221863,0.5438843,0.522522,0.5635681,0.4182434,0.4459839,0.46380615,0.278656
2048.5,0.19592285,0.30599976,0.2043457,0.2668457,0.16903687,0.22573853,0.22341919,0.11300659,0.28970337,0.2624817,0.19372559,0.28155518,0.17831421,0.25006104,0.2395935,0.1296997,0.32403564,0.40124512,0.42858887,0.37374878,0.3397522,0.40283203,0.4255066,0.21817017,0.3565979,0.43093872,0.39831543,0.46017456,0.36260986,0.39935303,0.4025879,0.21875,0.5647888,0.5739746,0.5326233,0.6227417,0.42837524,0.5350647,0.49209595,0.375,0.5751953,0.619812,0.60165405,0.6481323,0.49554443,0.5119629,0.53286743,0.32574463
2049.5,0.17581177,0.35791016,0.228302,0.30230713,0.19412231,0.24743652,0.2524414,0.13946533,0.30108643,0.3154602,0.21438599,0.30541992,0.20471191,0.2822876,0.27450562,0.1522522,0.35324097,0.46395874,0.46432495,0.4093628,0.38720703,0.4456482,0.49038696,0.25759888,0.39367676,0.5045166,0.44955444,0.5191345,0.4217224,0.4697876,0.46017456,0.2494812,0.6007385,0.64334106,0.5809021,0.7095642,0.48950195,0.6225281,0.5679321,0.42163086,0.61898804,0.6936035,0.65444946,0.74020386,0.56863403,0.60824585,0.6230774,0.3731079
2050.5,0.15042114,0.3887329,0.26168823,0.3403015,0.21942139,0.26159668,0.30584717,0.16131592,0.31307983,0.3710327,0.24261475,0.32885742,0.23007202,0.3274231,0.3334961,0.16827393,0.39205933,0.5281067,0.49441528,0.44473267,0.4317627,0.48553467,0.56152344,0.29867554,0.4256897,0.5767212,0.4963379,0.5692749,0.481781,0.54141235,0.5278015,0.28289795,0.61624146,0.70040894,0.61398315,0.7922058,0.5518799,0.72387695,0.6584778,0.46618652,0.6642456,0.763031,0.70635986,0.8261719,0.644104,0.7158203,0.72369385,0.42303467
2051.5,0.12432861,0.42614746,0.29205322,0.36315918,0.24404907,0.26760864,0.36434937,0.17800903,0.31924438,0.42538452,0.28955078,0.350708,0.24853516,0.36642456,0.40072632,0.18530273,0.40750122,0.60232544,0.55096436,0.48721313,0.46054077,0.5159607,0.62887573,0.33551025,0.4396057,0.6643677,0.559845,0.6185608,0.5310974,0.5720215,0.602417,0.3145752,0.6248474,0.7584839,0.6664429,0.8553772,0.6144104,0.8023071,0.7436218,0.51068115,0.7056885,0.8399658,0.78393555,0.89126587,0.7197876,0.80807495,0.8279419,0.47317505
2052.5,0.12149048,0.45089722,0.3126526,0.37280273,0.26968384,0.2670288,0.4060974,0.20935059,0.33502197,0.47079468,0.3395691,0.37512207,0.2680664,0.37539673,0.45303345,0.2185669,0.41140747,0.651947,0.6109314,0.5383301,0.48544312,0.5281067,0.68203735,0.3789673,0.4570923,0.74432373,0.62823486,0.6622925,0.56777954,0.58102417,0.6689453,0.35568237,0.64450073,0.80148315,0.72872925,0.9152832,0.673645,0.8559265,0.8236084,0.5632324,0.7390747,0.92333984,0.8747864,0.9497986,0.7962036,0.86517334,0.9206238,0.5349426
2053.5,0.14694214,0.4671631,0.3284912,0.38641357,0.28857422,0.2808838,0.43463135,0.24093628,0.37350464,0.5067444,0.36691284,0.41589355,0.2845459,0.39205933,0.5022583,0.25405884,0.43310547,0.68466187,0.6449585,0.603302,0.5091858,0.55496216,0.731781,0.4265747,0.48876953,0.7967224,0.6799927,0.71221924,0.59747314,0.6123047,0.7376709,0.39950562,0.6908264,0.8295288,0.7880249,0.9954834,0.7174072,0.9096985,0.90875244,0.6131897,0.7897644,0.98464966,0.9725647,1.0349121,0.85128784,0.9244995,1.0195312,0.5970459
2054.5,0.17434692,0.47158813,0.33636475,0.41156006,0.3121338,0.30148315,0.45098877,0.26254272,0.40649414,0.53015137,0.36743164,0.46011353,0.30410767,0.42544556,0.55044556,0.28390503,0.47763062,0.703949,0.6626587,0.68899536,0.5378113,0.61221313,0.7746887,0.474823,0.549469,0.82180786,0.71551514,0.7574768,0.63494873,0.6746216,0.8009033,0.44708252,0.76467896,0.84594727,0.83517456,1.1030273,0.75289917,0.9739685,0.97958374,0.6633911,0.87924194,1.0281372,1.0684814,1.1474304,0.901062,1.0078735,1.1114197,0.6522217
2055.5,0.18551636,0.50045776,0.35073853,0.41696167,0.3378601,0.29794312,0.45550537,0.28341675,0.40396118,0.56451416,0.3696289,0.47772217,0.3215027,0.4493103,0.57855225,0.31072998,0.47677612,0.7484131,0.66882324,0.75457764,0.5586853,0.67004395,0.8087158,0.52664185,0.5829773,0.87579346,0.73464966,0.80270386,0.6814575,0.74694824,0.86053467,0.5032654,0.8216553,0.9006653,0.8793335,1.186676,0.7935791,1.0417175,1.035675,0.7227783,0.97332764,1.0888977,1.145813,1.2445679,0.9562378,1.0950317,1.188446,0.71759033
2056.5,0.19464111,0.52578735,0.3624878,0.43270874,0.35916138,0.28530884,0.4546814,0.3041687,0.40072632,0.59017944,0.37768555,0.49893188,0.3474121,0.45703125,0.5967102,0.334198,0.47146606,0.8029785,0.6809387,0.81069946,0.58132935,0.6812439,0.83044434,0.5755005,0.59503174,0.94348145,0.7694092,0.84921265,0.7341614,0.78448486,0.90625,0.55374146,0.85409546,0.97314453,0.92477417,1.2467041,0.8428345,1.0892639,1.0821838,0.77960205,1.0340881,1.1695557,1.2094727,1.3439331,1.0281067,1.1792297,1.2478027,0.7876587
2057.5,0.19781494,0.5345154,0.39712524,0.44314575,0.36956787,0.27618408,0.45495605,0.32955933,0.41311646,0.59051514,0.4069519,0.5180359,0.36001587,0.46401978,0.61434937,0.3543396,0.4837036,0.8192444,0.70944214,0.8738098,0.6112671,0.67266846,0.8518982,0.61505127,0.6131592,1.004364,0.8249817,0.9050293,0.7769165,0.79714966,0.94873047,0.60253906,0.8942871,1.033783,0.98709106,1.2965393,0.89193726,1.0960693,1.1191711,0.82839966,1.0769348,1.2471619,1.2790527,1.4280701,1.1056213,1.2264099,1.3044434,0.8578491
2058.5,0.21368408,0.53341675,0.43411255,0.46099854,0.38705444,0.2692566,0.4593811,0.3475647,0.43444824,0.5772095,0.44363403,0.53552246,0.3761902,0.4758911,0.63391113,0.37106323,0.52612305,0.80148315,0.76071167,0.91433716,0.64367676,0.67144775,0.8729553,0.6427307,0.6604004,1.0200806,0.8936157,0.9624634,0.80929565,0.8095398,0.98779297,0.6468811,0.951355,1.0450745,1.0564575,1.342102,0.94610596,1.0905762,1.1556396,0.8657837,1.1368713,1.2931519,1.3517151,1.4984131,1.1853943,1.2458191,1.354126,0.9177246
2059.5,0.2164917,0.5482178,0.4715271,0.50823975,0.38153076,0.30114746,0.4777832,0.36224365,0.4309082,0.5778198,0.47079468,0.5827637,0.3887329,0.5194397,0.66378784,0.38885498,0.5545349,0.77685547,0.7972107,0.9604187,0.67019653,0.72180176,0.9026489,0.6626282,0.7111511,1.0258484,0.96954346,1.026001,0.8294983,0.86434937,1.0335083,0.68740845,1.0117493,1.0490112,1.1247559,1.3863525,0.98150635,1.1253967,1.1967773,0.8958435,1.1857605,1.3068848,1.4317627,1.5701904,1.2672424,1.295044,1.4094543,0.9752197
2060.5,0.22589111,0.5994568,0.49832153,0.54278564,0.37384033,0.33285522,0.49313354,0.3821106,0.4248047,0.6166382,0.4784546,0.63442993,0.3955078,0.5507202,0.6904602,0.41235352,0.5812683,0.78622437,0.82058716,1.0029297,0.6810303,0.79074097,0.92266846,0.68115234,0.7496948,1.0672607,1.0228577,1.0913696,0.85705566,0.9468994,1.0796204,0.7324219,1.0383911,1.0838928,1.1739807,1.430603,1.0264282,1.1822205,1.2348328,0.93362427,1.2089233,1.3432007,1.5114441,1.6353455,1.3346863,1.3712769,1.4619446,1.0380859
2061.5,0.24130249,0.63186646,0.5220032,0.5739441,0.3859558,0.35421753,0.51657104,0.40472412,0.43972778,0.65960693,0.47979736,0.67807007,0.41644287,0.5666199,0.73358154,0.43408203,0.6312866,0.8182678,0.8169861,1.035553,0.6999512,0.8378601,0.9491577,0.69699097,0.80093384,1.1383972,1.0549011,1.1581421,0.8974304,0.99505615,1.1473083,0.7701416,1.0716858,1.1446533,1.2012634,1.4892883,1.0950928,1.230133,1.2975464,0.97302246,1.2426758,1.4116821,1.5679932,1.6993103,1.4130554,1.4349976,1.5319214,1.1003723
2062.5,0.2569275,0.6424866,0.5388794,0.57748413,0.40829468,0.371521,0.5695801,0.42004395,0.46783447,0.67266846,0.49450684,0.69052124,0.44195557,0.5763855,0.8000488,0.45443726,0.67852783,0.8250122,0.8275757,1.0472717,0.72540283,0.86190796,1.0014343,0.7113037,0.8653259,1.1994019,1.0928955,1.1956787,0.94641113,1.0220032,1.248169,0.8029175,1.1239014,1.1963806,1.2331238,1.5382385,1.1595154,1.2749634,1.3934631,1.0127563,1.319397,1.4906616,1.6220703,1.7575378,1.498352,1.4804993,1.6329346,1.158844
2063.5,0.2619629,0.63900757,0.54537964,0.586792,0.44454956,0.38742065,0.62564087,0.4199524,0.47927856,0.67700195,0.5062256,0.6991577,0.46975708,0.58425903,0.8658447,0.46392822,0.6886902,0.81689453,0.83410645,1.0453491,0.74746704,0.8731384,1.0664673,0.7287903,0.91360474,1.2250061,1.1416016,1.2204285,0.9977417,1.0302124,1.3644104,0.833374,1.153656,1.2106628,1.2773132,1.572937,1.2271118,1.3042297,1.5047913,1.0488586,1.3785095,1.5535583,1.671936,1.8311768,1.590332,1.5215454,1.7538452,1.215332
2064.5,0.269989,0.6303406,0.56259155,0.5855713,0.5078125,0.4126587,0.6712036,0.41586304,0.487854,0.67263794,0.53240967,0.68237305,0.52334595,0.59765625,0.92025757,0.46810913,0.69750977,0.7974243,0.84658813,1.0441589,0.78933716,0.8928833,1.1216125,0.74887085,0.94625854,1.2138062,1.1825867,1.2311401,1.0665588,1.0410461,1.4738464,0.8619385,1.1560669,1.1984558,1.3304443,1.5853882,1.2994995,1.3276062,1.6037598,1.0794983,1.4006653,1.585907,1.7332153,1.882782,1.697937,1.5678406,1.8708801,1.265625
2065.5,0.28671265,0.6561279,0.5643921,0.57901,0.5697937,0.42388916,0.69696045,0.40707397,0.5068054,0.7089844,0.5449524,0.65859985,0.5921631,0.6065674,0.9634094,0.47506714,0.71713257,0.8117676,0.8670044,1.0308533,0.84661865,0.9122925,1.1535034,0.7591858,0.9871521,1.2293701,1.2110596,1.2426758,1.14505,1.052002,1.5576172,0.885376,1.1673279,1.2083435,1.3786926,1.5867004,1.3654175,1.3402405,1.699707,1.0992126,1.4296875,1.6386414,1.7767029,1.9014587,1.8127747,1.6076355,1.9696045,1.3103638
2066.5,0.31570435,0.6974182,0.54577637,0.59161377,0.61013794,0.4406433,0.7071533,0.3955078,0.5282898,0.75579834,0.5329895,0.6503906,0.6708069,0.6126404,0.99838257,0.48254395,0.73516846,0.8748474,0.87402344,1.0195007,0.91796875,0.9274292,1.1869507,0.76651,1.0287476,1.2946472,1.2183228,1.2611084,1.2246704,1.0754395,1.61969,0.9029541,1.18396,1.2668457,1.4031677,1.5891113,1.4403381,1.3613281,1.7806091,1.1163025,1.4772949,1.7283325,1.8080139,1.9250488,1.9290161,1.6414185,2.0620117,1.3505859
2067.5,0.33169556,0.7136841,0.53616333,0.62841797,0.6188965,0.45559692,0.70822144,0.38415527,0.53970337,0.7802124,0.52233887,0.6665344,0.69540405,0.6202698,1.0133972,0.49014282,0.73809814,0.92663574,0.8773804,1.0323792,0.9662781,0.9400635,1.2164612,0.77633667,1.0570068,1.3482361,1.2136841,1.305603,1.2947693,1.114624,1.6692505,0.9216919,1.2009888,1.3171082,1.414978,1.6025696,1.507782,1.390686,1.8340149,1.1283569,1.5078125,1.8309326,1.846405,1.9602356,2.032959,1.6839905,2.1509705,1.387085
2068.5,0.3406372,0.7037964,0.55114746,0.6639404,0.6074524,0.46777344,0.7185364,0.3735962,0.54489136,0.78048706,0.5421753,0.6914978,0.6833496,0.62649536,1.0241699,0.49935913,0.73010254,0.9406433,0.9140625,1.0559998,0.9781189,0.952301,1.2400208,0.7879944,1.0540466,1.3727112,1.2340698,1.353241,1.3569031,1.1607361,1.7223206,0.9411316,1.1972351,1.324585,1.4291382,1.6281433,1.5635681,1.4223633,1.8821106,1.1407471,1.5149536,1.8760376,1.8955688,2.0040894,2.1205444,1.7422485,2.2471924,1.4175415
2069.5,0.3428955,0.6927185,0.5566406,0.69317627,0.59439087,0.48568726,0.73165894,0.36160278,0.5470886,0.7741089,0.5562134,0.69625854,0.6611328,0.6357422,1.0361328,0.50564575,0.7392273,0.9385071,0.95147705,1.070221,0.964447,0.97436523,1.2584229,0.7986145,1.0610657,1.3728027,1.2833862,1.3844604,1.3904724,1.217865,1.7718506,0.9555969,1.201416,1.3128052,1.458313,1.6435852,1.6061401,1.4637146,1.9214172,1.1493225,1.5203857,1.8917236,1.9605713,2.040741,2.2011108,1.8188477,2.33432,1.4398804
2070.5,0.3607483,0.6951904,0.5520325,0.69317627,0.5913391,0.49725342,0.7411499,0.35235596,0.57855225,0.77130127,0.5571594,0.68600464,0.6533203,0.6444702,1.0451355,0.5128479,0.7769165,0.9421387,0.98083496,1.0770569,0.9569092,0.99783325,1.2724609,0.80340576,1.0951538,1.3761597,1.3279724,1.3793335,1.3990173,1.2772217,1.808197,0.9656067,1.2348328,1.3129883,1.4838867,1.6362915,1.6216125,1.5128784,1.9453735,1.1585999,1.5871887,1.8942566,2.02182,2.0567017,2.2771301,1.9085083,2.3924255,1.4565735
2071.5,0.3928833,0.67678833,0.5218506,0.70129395,0.59698486,0.5133362,0.7480469,0.34518433,0.6348877,0.75735474,0.5321045,0.695282,0.65335083,0.65286255,1.0554199,0.5196533,0.8239136,0.9379883,0.983551,1.0957947,0.9690857,1.0235901,1.2750549,0.80685425,1.1844788,1.3746948,1.3364563,1.381134,1.4077759,1.3377075,1.8383789,0.97491455,1.3134766,1.3091736,1.4839783,1.6396179,1.6221313,1.5635071,1.9597473,1.1679993,1.7022095,1.8995972,2.052185,2.0801086,2.3470154,1.9908447,2.4338074,1.473938
2072.5,0.39733887,0.641449,0.49313354,0.7064514,0.60580444,0.536438,0.7472229,0.3373413,0.6685486,0.73986816,0.5123596,0.71713257,0.65267944,0.6639099,1.067627,0.5243225,0.83535767,0.91760254,0.966095,1.1288147,0.98861694,1.048645,1.2743835,0.80789185,1.2286377,1.3502197,1.3078003,1.3946533,1.4164124,1.3775635,1.8649292,0.98391724,1.3428955,1.2892151,1.4582825,1.6569214,1.621582,1.606781,1.9736328,1.1763916,1.797821,1.8965149,2.0508728,2.0931396,2.3837585,2.0700989,2.467926,1.4901123
2073.5,0.39474487,0.61105347,0.48519897,0.7235718,0.60910034,0.5465698,0.7492676,0.32946777,0.69091797,0.73217773,0.5126343,0.74295044,0.65237427,0.6654968,1.0829468,0.5266113,0.831604,0.8937683,0.9618225,1.1692505,0.9953613,1.0670776,1.2741394,0.8089905,1.2300415,1.326294,1.2837524,1.4278564,1.4118652,1.397644,1.8941345,0.9928589,1.3298645,1.2607727,1.4295654,1.6954651,1.6094971,1.6290283,1.9805298,1.181488,1.8112793,1.8796997,2.0549622,2.1151123,2.3822937,2.1252441,2.5049744,1.506073
2074.5,0.39266968,0.59317017,0.4956665,0.74102783,0.6159973,0.55178833,0.7550659,0.31845093,0.6981201,0.7230835,0.5391846,0.76950073,0.65493774,0.65774536,1.0915833,0.5290222,0.8265686,0.8817444,0.97351074,1.21521,0.9978943,1.0734863,1.2822266,0.81082153,1.232605,1.3172302,1.2912292,1.4684448,1.400177,1.4100952,1.9145203,1.0017395,1.3234253,1.2402344,1.427948,1.7476196,1.590271,1.6362915,1.9863586,1.1879578,1.8084106,1.8605347,2.0621948,2.1574097,2.3647766,2.1637268,2.5460205,1.5216064
2075.5,0.4178772,0.569458,0.49490356,0.7472534,0.6270447,0.55618286,0.7670593,0.30667114,0.70806885,0.70114136,0.5494995,0.77459717,0.6622925,0.64764404,1.1005859,0.5338135,0.83999634,0.86968994,0.97213745,1.2338257,1.0007324,1.0729065,1.2946777,0.8126831,1.2686462,1.2995911,1.3113708,1.4933167,1.3912964,1.417572,1.9303284,1.0105896,1.3384094,1.2228394,1.4383545,1.7787781,1.5710754,1.6325989,1.9953308,1.1984863,1.842804,1.831665,2.0755615,2.2022095,2.3402405,2.193634,2.587738,1.5374146
2076.5,0.4441223,0.5731201,0.48306274,0.7367554,0.63952637,0.56240845,0.77960205,0.2973938,0.726593,0.72076416,0.5373535,0.760437,0.67993164,0.6368408,1.1106262,0.53933716,0.8605957,0.8935852,0.9567566,1.2236938,1.0076904,1.069397,1.300415,0.81710815,1.3104248,1.321228,1.3074951,1.4987793,1.3941956,1.4140625,1.9406738,1.0222168,1.3671875,1.2506714,1.4282227,1.77771,1.5645447,1.6158752,2.0031738,1.2094727,1.8795166,1.8431396,2.0922546,2.2251282,2.32135,2.2115784,2.6186829,1.5559082
2077.5,0.46185303,0.57284546,0.46972656,0.73721313,0.6461792,0.5718384,0.7885742,0.28903198,0.74539185,0.7352905,0.51501465,0.75653076,0.69647217,0.6289978,1.1190491,0.5404053,0.8734741,0.93548584,0.91952515,1.2167053,1.0128479,1.0681152,1.3033142,0.8216858,1.3539734,1.3930969,1.2757568,1.4987183,1.4020386,1.4123535,1.9533691,1.0334167,1.4022217,1.3205261,1.3898315,1.7632141,1.5648499,1.603302,2.0112,1.2188721,1.9230957,1.904541,2.0757446,2.2392273,2.3044739,2.2276,2.6366272,1.5730591
2078.5,0.46481323,0.57354736,0.46606445,0.738678,0.6399231,0.5765686,0.79486084,0.27563477,0.74450684,0.75387573,0.49435425,0.7722168,0.7170105,0.6222534,1.1307678,0.5364075,0.867157,0.95892334,0.87960815,1.2229004,1.0178833,1.0647583,1.309082,0.8249512,1.3596802,1.4228516,1.2344666,1.5045166,1.4102173,1.4119568,1.9673157,1.041748,1.3994141,1.3683777,1.3403625,1.7491455,1.5668945,1.5935974,2.018036,1.2241821,1.9306946,1.9623413,2.0359802,2.2348328,2.2917786,2.2350464,2.646576,1.5830078
2079.5,0.47055054,0.571228,0.46536255,0.7428589,0.6350708,0.5861206,0.80926514,0.26034546,0.7610779,0.76904297,0.49124146,0.7852478,0.7322693,0.6228943,1.1483765,0.5345154,0.8935852,0.983551,0.8559265,1.2149658,1.0214539,1.0649719,1.3251038,0.8294983,1.3781433,1.4328308,1.1999207,1.5160217,1.4214478,1.4185791,1.986206,1.0465393,1.416565,1.4065247,1.299469,1.7402344,1.5718689,1.5869141,2.0378723,1.2288818,1.9435425,1.9872131,1.9788818,2.2285156,2.285797,2.2416382,2.6593628,1.5910645
2080.5,0.4876709,0.56411743,0.45874023,0.73843384,0.63101196,0.60162354,0.8366089,0.24777222,0.7791748,0.7831116,0.50427246,0.788147,0.7393799,0.6279602,1.1716309,0.53427124,0.9342346,1.0039368,0.8508301,1.188446,1.0220947,1.0678711,1.3475342,0.83206177,1.4076233,1.4282227,1.189148,1.5222168,1.4408264,1.4255676,2.0119934,1.0510559,1.4427795,1.4239807,1.283905,1.7312317,1.5820923,1.5825806,2.0637207,1.2315369,1.9879456,1.989624,1.934845,2.225769,2.28891,2.2433167,2.6761475,1.5984802
2081.5,0.4881897,0.5578308,0.43789673,0.7403259,0.63949585,0.62997437,0.8681946,0.23547363,0.7669678,0.78189087,0.5076294,0.7944336,0.7520447,0.64404297,1.2007751,0.53048706,0.93310547,1.0169067,0.83987427,1.1677856,1.0270386,1.0828857,1.3710022,0.8319092,1.4076233,1.4223022,1.1933594,1.5363464,1.4701233,1.4388123,2.0354004,1.0549011,1.4367065,1.4246216,1.2821045,1.7103577,1.609314,1.5872498,2.0850525,1.2319031,2.0108337,1.9850159,1.9086914,2.2314148,2.29953,2.2528076,2.6941223,1.6051636
2082.5,0.4807434,0.5612488,0.4354248,0.7173462,0.65182495,0.66503906,0.89001465,0.22415161,0.73883057,0.78533936,0.5290222,0.7874756,0.77371216,0.6680603,1.2270813,0.52505493,0.9136658,1.0303955,0.8554077,1.1456299,1.0397949,1.1064453,1.3901978,0.8310547,1.370636,1.4333191,1.2171326,1.5416565,1.5043335,1.4551086,2.061676,1.0559387,1.3944397,1.4381409,1.2940369,1.6789551,1.6439514,1.5960388,2.1065674,1.2306213,1.9684448,1.986084,1.9255066,2.2273254,2.3146057,2.271698,2.7122192,1.6077881
2083.5,0.46237183,0.56536865,0.45877075,0.68408203,0.6636963,0.69885254,0.9121399,0.2119751,0.7140198,0.8012085,0.5635376,0.74993896,0.8088379,0.6936035,1.2562866,0.519928,0.8955078,1.0383301,0.89834595,1.0988464,1.0716858,1.1305237,1.4152222,0.8306885,1.3255615,1.4538269,1.2739868,1.520813,1.5479431,1.4728088,2.0943298,1.0554504,1.3456421,1.4578247,1.3430786,1.6350708,1.68396,1.607727,2.1350403,1.2281799,1.9123535,2.0003967,1.9582214,2.2052917,2.3466492,2.2909546,2.736908,1.6096191
2084.5,0.44778442,0.55389404,0.4901123,0.651886,0.6693115,0.7277527,0.93048096,0.20065308,0.6947937,0.79248047,0.5937195,0.7017517,0.83032227,0.71832275,1.283844,0.5144043,0.88461304,1.0372314,0.9419861,1.0376892,1.103302,1.1533508,1.4439392,0.83044434,1.2945862,1.467926,1.3206482,1.4675293,1.5896301,1.4914551,2.1254578,1.0534058,1.3094177,1.459137,1.3920288,1.5743408,1.7204285,1.6190491,2.164154,1.2258606,1.8768005,2.0108948,2.010376,2.1542358,2.3842163,2.3067932,2.7643127,1.611023
2085.5,0.4378662,0.5476074,0.50897217,0.6260681,0.6548157,0.74975586,0.94921875,0.19329834,0.67211914,0.7741089,0.607666,0.6574402,0.8410034,0.7394104,1.3130798,0.5085449,0.86538696,1.0274048,0.98443604,0.9797058,1.117096,1.1739197,1.4767761,0.8294983,1.2737732,1.4533691,1.3552551,1.4116516,1.6295776,1.5098267,2.1617737,1.0507202,1.2765808,1.4444885,1.4392395,1.5118408,1.7548523,1.627594,2.2001343,1.2228394,1.8500061,2.0155334,2.046173,2.0848389,2.4216003,2.3231812,2.8009338,1.6109314
2086.5,0.44482422,0.54571533,0.5205078,0.6070862,0.6522827,0.7623596,0.9659424,0.18640137,0.6781616,0.76794434,0.6272583,0.61828613,0.85791016,0.7572632,1.3345032,0.50634766,0.8613281,1.0288696,1.0002136,0.92837524,1.1365051,1.1946716,1.5061951,0.8314209,1.283905,1.4441528,1.3752441,1.3641663,1.670166,1.5247803,2.1935425,1.0500488,1.2822571,1.4424133,1.4666748,1.45755,1.8005676,1.6362915,2.2345276,1.2201843,1.8399963,2.0254211,2.0862732,2.0021667,2.4605713,2.338562,2.8373718,1.6129761
2087.5,0.43145752,0.54852295,0.51016235,0.6064453,0.65356445,0.76885986,0.99108887,0.1899414,0.65945435,0.7592163,0.6274414,0.6029358,0.87387085,0.76431274,1.3557739,0.5138855,0.8395691,1.0271606,0.99002075,0.8983154,1.1453552,1.2137451,1.5431519,0.8442383,1.2644348,1.4482117,1.3686218,1.3354492,1.686676,1.5362854,2.2290344,1.0573425,1.255127,1.4507141,1.4660645,1.4236145,1.8328857,1.6425781,2.271515,1.227356,1.8144226,2.0387268,2.0769348,1.9306946,2.4960327,2.3483582,2.872467,1.6257629
2088.5,0.41918945,0.5404358,0.49395752,0.610199,0.64559937,0.77545166,1.0126953,0.19418335,0.6460571,0.7398071,0.61724854,0.61517334,0.8838196,0.7679138,1.3727722,0.519928,0.83322144,1.010437,0.95962524,0.89297485,1.1456299,1.2327881,1.5731506,0.8567505,1.2380981,1.4428406,1.3406067,1.3310242,1.6851501,1.547821,2.2615967,1.0630798,1.2261963,1.4440613,1.4315491,1.413971,1.8474121,1.6498108,2.3045044,1.2357483,1.775177,2.0307312,2.0419922,1.8844299,2.5212708,2.3515625,2.9051208,1.6342468
2089.5,0.42111206,0.52175903,0.47750854,0.5923462,0.6371155,0.7719116,1.0291443,0.19625854,0.6463318,0.71118164,0.6042175,0.6152344,0.8688965,0.76727295,1.3843994,0.523468,0.8334656,0.98501587,0.9250488,0.88378906,1.1419067,1.250824,1.5940857,0.8640747,1.2156372,1.4240112,1.302185,1.3342896,1.6566162,1.5583801,2.2918396,1.0697327,1.1946411,1.4158936,1.3820496,1.4082031,1.8418884,1.6565857,2.3283386,1.2402039,1.7403564,2.0028381,1.986145,1.8454895,2.5376587,2.350708,2.931305,1.6384583
2090.5,0.40908813,0.49804688,0.49224854,0.5753174,0.6319885,0.7616577,1.0405273,0.19342041,0.6252136,0.68392944,0.62164307,0.6099243,0.8423462,0.7656555,1.3891907,0.5235901,0.8269043,0.95803833,0.9255066,0.86331177,1.1246643,1.2653198,1.6064758,0.86831665,1.1851501,1.3835449,1.2961426,1.338623,1.6209717,1.5666504,2.313324,1.0740356,1.1589966,1.3736572,1.3672485,1.3966064,1.834198,1.6583557,2.3458557,1.2434692,1.7102051,1.96521,1.9516602,1.8156433,2.5393372,2.3465881,2.9516907,1.6407776
2091.5,0.401886,0.47644043,0.48599243,0.5696106,0.63165283,0.747345,1.0488892,0.18865967,0.61227417,0.6559143,0.6444702,0.60150146,0.8182678,0.7585144,1.3891907,0.51782227,0.8146057,0.92663574,0.9350891,0.8574524,1.1068726,1.2728882,1.6127625,0.8665161,1.1540222,1.3274841,1.3125305,1.331665,1.5892029,1.5734863,2.3289795,1.0757446,1.1277466,1.315094,1.3729858,1.3802795,1.8317261,1.6513977,2.3627625,1.244751,1.6651001,1.8997192,1.9425354,1.8065186,2.5353088,2.3406677,2.9667358,1.6431274
2092.5,0.39923096,0.47052002,0.4819336,0.56170654,0.63323975,0.7338257,1.0581055,0.18530273,0.5882263,0.64749146,0.65475464,0.57803345,0.7945862,0.7468872,1.3883667,0.51382446,0.7987671,0.9185791,0.9411011,0.86083984,1.0904236,1.2754517,1.6161804,0.86608887,1.125824,1.3002319,1.3281555,1.3261414,1.5466003,1.5806885,2.3436584,1.07724,1.1046753,1.2892456,1.3778076,1.3715515,1.8215332,1.6402283,2.3704834,1.2419128,1.6296082,1.8586426,1.9462585,1.7932739,2.5226135,2.3355713,2.9796143,1.6446838
2093.5,0.3925171,0.46835327,0.47332764,0.5536804,0.6336975,0.7189331,1.0692139,0.18164062,0.5594177,0.63653564,0.6486206,0.5545044,0.7716675,0.7322693,1.3865051,0.51049805,0.7651062,0.90335083,0.94641113,0.854126,1.0736389,1.2747192,1.6163025,0.86828613,1.0834656,1.2637634,1.3384705,1.3188782,1.4985046,1.5860596,2.3503113,1.0767822,1.0708008,1.2554626,1.3663635,1.3632507,1.806427,1.6275024,2.3773499,1.2436829,1.5808105,1.8075256,1.9551392,1.780304,2.5047913,2.325409,2.9919128,1.6474304
2094.5,0.37667847,0.44921875,0.46948242,0.5529175,0.63565063,0.70492554,1.0822754,0.18060303,0.5296936,0.6271057,0.649292,0.542511,0.75042725,0.716095,1.3843079,0.51327515,0.7241821,0.87841797,0.9454346,0.855011,1.057251,1.2714844,1.6086121,0.8755188,1.0310364,1.2146301,1.334259,1.3191833,1.4508362,1.5900879,2.3526917,1.084137,1.020874,1.2092896,1.3522949,1.363678,1.7845154,1.6158447,2.3825073,1.2504578,1.5087891,1.7480774,1.9476929,1.7792358,2.484253,2.3087463,2.9997864,1.6540833
2095.5,0.35858154,0.43899536,0.4675598,0.54922485,0.6342468,0.6913147,1.0922852,0.17962646,0.4998474,0.62841797,0.63668823,0.5423584,0.7307434,0.69918823,1.3779297,0.51901245,0.6845398,0.8656311,0.92733765,0.8485718,1.0402832,1.2661133,1.5977478,0.87994385,0.9754944,1.1824951,1.3161011,1.3178406,1.4047241,1.5921326,2.3485718,1.0908813,0.9675293,1.1731262,1.3344116,1.3620911,1.7599792,1.6038513,2.3838806,1.2562256,1.4291687,1.6995239,1.9289551,1.7850037,2.4537048,2.290741,3.0005493,1.6602173
2096.5,0.34222412,0.4382019,0.45492554,0.5444946,0.6329956,0.6786499,1.0968323,0.17855835,0.4762268,0.61346436,0.61642456,0.54766846,0.7153015,0.68322754,1.3710327,0.5232239,0.6500244,0.8449707,0.9024658,0.8306885,1.0279846,1.2568665,1.5866394,0.87979126,0.9243469,1.1643372,1.2843018,1.3111267,1.361969,1.5928345,2.342102,1.0931702,0.9197998,1.1550598,1.3056641,1.3706665,1.7339783,1.5922546,2.3848267,1.2591248,1.3614502,1.6790161,1.8966064,1.793396,2.422058,2.2709045,2.9996033,1.6644897
2097.5,0.33364868,0.43618774,0.4411316,0.54678345,0.63964844,0.6670227,1.0943298,0.17453003,0.4613037,0.60354614,0.5965271,0.5689697,0.71481323,0.6694031,1.3635559,0.52197266,0.6161194,0.8309021,0.8800354,0.8243103,1.0274963,1.2416992,1.5760193,0.87997437,0.8757324,1.1422119,1.2490234,1.2963257,1.3313293,1.5890198,2.337494,1.0950012,0.87390137,1.1362,1.2723999,1.38974,1.7174072,1.582428,2.3819885,1.2629395,1.308197,1.647583,1.8537598,1.7983704,2.3908386,2.2511597,2.9969482,1.667511
2098.5,0.3298645,0.43029785,0.42712402,0.5366821,0.6461487,0.65405273,1.0871277,0.17071533,0.464386,0.58917236,0.5739441,0.57785034,0.71850586,0.65597534,1.3554993,0.5181885,0.60494995,0.81085205,0.84643555,0.8164978,1.0301819,1.2251282,1.5643616,0.8830261,0.844574,1.1187134,1.2073364,1.2702026,1.3078308,1.5817871,2.3334656,1.0979614,0.8500366,1.1116333,1.2284241,1.3822937,1.7007141,1.5709839,2.376831,1.2684021,1.2827148,1.6212463,1.7954102,1.7903748,2.36026,2.231598,2.9925232,1.6711426
2099.5,0.3277893,0.4239502,0.41131592,0.5213623,0.6451721,0.6396179,1.0795593,0.16705322,0.4633484,0.5824585,0.5510559,0.5671692,0.717041,0.64401245,1.34552,0.51382446,0.5869446,0.79748535,0.80981445,0.8027649,1.0195618,1.2077026,1.5551453,0.8847656,0.81762695,1.0964355,1.1588745,1.2399292,1.2889404,1.5758362,2.3330688,1.1014404,0.8239746,1.0877075,1.1779175,1.3688965,1.6799927,1.5596313,2.374054,1.2723694,1.2660828,1.5987549,1.7279968,1.7661743,2.3289795,2.2134094,2.990631,1.6746216
2100.5,0.32540894,0.4197998,0.40618896,0.51013184,0.6498718,0.62628174,1.0755005,0.1630249,0.45333862,0.58239746,0.5501404,0.54907227,0.7211609,0.63397217,1.3384094,0.50946045,0.5614929,0.7848511,0.7965698,0.78692627,1.010315,1.1915894,1.5500183,0.8876953,0.7901001,1.0696411,1.1318665,1.2132568,1.283844,1.5671082,2.332367,1.1060791,0.7989502,1.0669556,1.1507263,1.3467407,1.6690979,1.550293,2.3717651,1.2756348,1.2347107,1.5730591,1.6796875,1.7306519,2.3078918,2.1963196,2.9839478,1.6793823
2101.5,0.3083496,0.4074707,0.40011597,0.49523926,0.6571655,0.6126404,1.0715942,0.15652466,0.42910767,0.5718689,0.55078125,0.530426,0.7199402,0.62405396,1.3354492,0.50424194,0.5422363,0.75564575,0.7889099,0.76690674,1.0011292,1.1742554,1.5443726,0.89035034,0.77279663,1.0348206,1.1214905,1.171875,1.2845459,1.5574951,2.3298645,1.1086121,0.7763672,1.0313416,1.1444092,1.29953,1.6663513,1.540802,2.3673096,1.2778625,1.1912231,1.5388794,1.6603699,1.6841736,2.2933044,2.1797485,2.9702454,1.6816711
2102.5,0.28933716,0.39041138,0.3894348,0.48251343,0.6588745,0.6026306,1.0696106,0.15100098,0.40286255,0.5514221,0.53796387,0.5137634,0.7136841,0.6171875,1.3347473,0.49691772,0.49642944,0.722229,0.7668457,0.7509155,0.9792175,1.1603699,1.5423889,0.8915405,0.7399597,0.99746704,1.099823,1.1355896,1.283844,1.5498047,2.3276672,1.1115112,0.7475891,0.99728394,1.1227112,1.2548218,1.6611328,1.5335693,2.3658447,1.2798767,1.1470337,1.4933167,1.6318665,1.6304321,2.2763672,2.165802,2.9543457,1.6832275
2103.5,0.27127075,0.37457275,0.37667847,0.469635,0.6488342,0.59384155,1.0643616,0.14587402,0.39013672,0.5303955,0.51849365,0.50320435,0.69229126,0.61065674,1.3283997,0.4916687,0.45910645,0.68881226,0.7380371,0.73272705,0.95196533,1.1488647,1.5369568,0.89282227,0.7062378,0.96032715,1.0733948,1.1072083,1.2754517,1.542572,2.3214417,1.1154175,0.71881104,0.9605713,1.0933228,1.2216797,1.640564,1.5280457,2.361786,1.2840271,1.11203,1.4380493,1.5817566,1.5853271,2.2573547,2.1536865,2.9388428,1.6853943
2104.5,0.2635193,0.36203003,0.3623352,0.4656372,0.6364746,0.58425903,1.0556641,0.14157104,0.386261,0.512146,0.49282837,0.5020447,0.66574097,0.6026306,1.3214111,0.48883057,0.43875122,0.6617737,0.70651245,0.7241516,0.9205017,1.1360168,1.5328064,0.8942261,0.68356323,0.9154358,1.0313416,1.0894165,1.2521057,1.533783,2.3153687,1.118866,0.6982422,0.91604614,1.0473328,1.1990051,1.6119385,1.5216064,2.3556824,1.2873535,1.0768738,1.3764343,1.5228577,1.552124,2.2366638,2.1400452,2.9237976,1.6877747
2105.5,0.25805664,0.35610962,0.34558105,0.45788574,0.62609863,0.5762329,1.0505371,0.13909912,0.38061523,0.5020752,0.47146606,0.50149536,0.6404114,0.594574,1.3144226,0.48675537,0.4270935,0.6446533,0.6770325,0.7178345,0.8804321,1.1243591,1.5262451,0.89727783,0.6572876,0.87124634,0.9868164,1.0713501,1.2227478,1.5253601,2.3085327,1.1216736,0.67385864,0.86746216,1.0025635,1.1768188,1.5803833,1.5144653,2.3485413,1.2908325,1.03479,1.3211975,1.4635315,1.5254211,2.217743,2.127655,2.9094849,1.6898193
2106.5,0.2492981,0.34051514,0.3274536,0.44400024,0.6159668,0.56967163,1.0480652,0.13668823,0.36520386,0.4803772,0.45040894,0.49176025,0.6170044,0.58807373,1.3076477,0.48391724,0.40951538,0.6173096,0.64520264,0.7017822,0.8353882,1.112915,1.5153503,0.8995056,0.6269226,0.82421875,0.9505005,1.046936,1.1920166,1.5186462,2.301941,1.1251526,0.645813,0.818573,0.96643066,1.1470337,1.5466919,1.5082703,2.33844,1.2948608,0.98498535,1.25531,1.4076538,1.4936218,2.1848145,2.1174927,2.8952637,1.6903992
2107.5,0.23565674,0.3248291,0.3131714,0.43634033,0.60650635,0.56607056,1.0420837,0.13494873,0.3435669,0.4573059,0.42752075,0.49212646,0.59591675,0.584198,1.2981567,0.48150635,0.3854065,0.58761597,0.61691284,0.69763184,0.7897949,1.1037292,1.5019836,0.9022522,0.59573364,0.7805481,0.9103699,1.0263977,1.1534729,1.5161743,2.2900696,1.1270752,0.6150818,0.77407837,0.9274597,1.1220093,1.5062256,1.5028381,2.3252563,1.2998657,0.93130493,1.1924744,1.3447266,1.4673767,2.1463318,2.111786,2.8778076,1.6925964
2108.5,0.21209717,0.31240845,0.30056763,0.41931152,0.5992737,0.5632019,1.0339661,0.13504028,0.3139038,0.43643188,0.40689087,0.484375,0.57901,0.58013916,1.2906494,0.47973633,0.35076904,0.5613098,0.59198,0.6896057,0.7475891,1.0996399,1.4893799,0.90771484,0.55374146,0.7429199,0.86834717,1.0138245,1.1071777,1.5142212,2.2773438,1.1333008,0.57366943,0.73657227,0.8880615,1.1029053,1.4636536,1.5000305,2.3122253,1.3062439,0.87298584,1.1347046,1.2767334,1.4377441,2.1099243,2.1067505,2.858612,1.6941833
2109.5,0.19223022,0.29956055,0.28930664,0.4045105,0.5954895,0.5628052,1.0239258,0.13458252,0.2892151,0.41903687,0.38534546,0.46572876,0.566864,0.57562256,1.2797546,0.4786682,0.3244934,0.5379944,0.5663147,0.6726074,0.71136475,1.0980225,1.476593,0.9133911,0.51831055,0.71084595,0.8294983,0.99090576,1.0593262,1.511322,2.2657166,1.1398621,0.5375366,0.7062988,0.8488159,1.0747681,1.4268799,1.4963684,2.2990417,1.3103638,0.8218994,1.0821838,1.2116089,1.4067993,2.071167,2.103119,2.839508,1.6928406
2110.5,0.18029785,0.29788208,0.2836914,0.39401245,0.59051514,0.56414795,1.0146484,0.13586426,0.27249146,0.41131592,0.3529663,0.45321655,0.5538635,0.5716858,1.2675476,0.4800415,0.30722046,0.52401733,0.5496826,0.6609192,0.6760864,1.0990906,1.46698,0.9180908,0.4908142,0.6897888,0.7928467,0.9534607,1.0117493,1.5099487,2.2539062,1.1455994,0.5093689,0.6869507,0.8173828,1.0470581,1.392273,1.4934692,2.286499,1.3146057,0.7780762,1.0377502,1.1582031,1.3596497,2.020813,2.1006775,2.8198547,1.6903992
2111.5,0.17190552,0.29714966,0.28796387,0.38079834,0.5846863,0.5668335,1.0124817,0.13580322,0.259552,0.4039917,0.34118652,0.43930054,0.53912354,0.57040405,1.2606812,0.48199463,0.2939453,0.5151367,0.55618286,0.6503601,0.6419678,1.1005554,1.4651184,0.9208374,0.46780396,0.67333984,0.7880249,0.9104614,0.9661255,1.5094604,2.2415466,1.1498108,0.48638916,0.6751709,0.8113098,1.0223694,1.3595276,1.4915771,2.2799988,1.3186646,0.74002075,1.0041809,1.1361694,1.3134766,1.9658508,2.100006,2.7998962,1.6904297
2112.5,0.16369629,0.28790283,0.29486084,0.3756714,0.5786743,0.5689087,1.0126038,0.13534546,0.24816895,0.3921814,0.33770752,0.42929077,0.5238342,0.5690918,1.2572632,0.48199463,0.28173828,0.5008545,0.56292725,0.64315796,0.60913086,1.1004944,1.4641418,0.9135132,0.44610596,0.65704346,0.7980652,0.8765259,0.9234009,1.5067444,2.232605,1.1504517,0.46502686,0.65597534,0.81451416,1.004364,1.3286133,1.487854,2.276764,1.3201904,0.7050171,0.9727478,1.1244812,1.2718201,1.9119263,2.0969238,2.7807007,1.6920471
2113.5,0.15692139,0.2753296,0.30270386,0.3691101,0.5723877,0.56988525,1.0105286,0.13058472,0.23739624,0.37960815,0.33377075,0.4149475,0.5074158,0.56811523,1.2534485,0.4802246,0.27139282,0.49450684,0.55947876,0.6259155,0.5775757,1.1009827,1.461029,0.9013672,0.4262085,0.6422119,0.8019104,0.8451538,0.88446045,1.5034485,2.2254639,1.1460266,0.44625854,0.6431885,0.8124695,0.97354126,1.3005676,1.4866333,2.2731323,1.3187256,0.6725769,0.95199585,1.1105652,1.2360535,1.8626404,2.0952148,2.7626343,1.6917114
2114.5,0.15447998,0.26782227,0.31195068,0.36715698,0.565094,0.5684509,1.0069275,0.12591553,0.22894287,0.3720398,0.33666992,0.4085083,0.4921875,0.56539917,1.2485657,0.47521973,0.27453613,0.4854126,0.5533447,0.61364746,0.5493164,1.1000366,1.4560547,0.89450073,0.41033936,0.6260681,0.8034973,0.82302856,0.8494873,1.4996948,2.2163696,1.1447144,0.4420166,0.62387085,0.8085022,0.9399414,1.2751465,1.4840393,2.2658386,1.319397,0.64404297,0.92633057,1.0946655,1.2077637,1.8165283,2.0927124,2.7453918,1.6908264
2115.5,0.14859009,0.25680542,0.31454468,0.35272217,0.56433105,0.5675049,1.0057678,0.122924805,0.21987915,0.35824585,0.3262024,0.40756226,0.4845581,0.5621643,1.2462769,0.47000122,0.2670288,0.46688843,0.549469,0.5982361,0.5286255,1.0985107,1.4515381,0.89038086,0.3940735,0.6011963,0.8003845,0.8013916,0.8227844,1.4973145,2.208191,1.145874,0.4284973,0.59039307,0.8036194,0.91452026,1.257782,1.480957,2.2598572,1.3197937,0.61602783,0.89276123,1.0820618,1.1833191,1.7775269,2.0899353,2.7306519,1.6896057
2116.5,0.14318848,0.25411987,0.31347656,0.3357849,0.5659485,0.56796265,1.0110474,0.12142944,0.21105957,0.34851074,0.31292725,0.4067688,0.478302,0.56118774,1.2499695,0.4649353,0.25646973,0.4544983,0.5418091,0.5822449,0.50997925,1.0972595,1.4468079,0.88586426,0.37905884,0.57540894,0.7831726,0.7827759,0.7982178,1.4958496,2.2024841,1.1459656,0.41253662,0.56152344,0.7878723,0.89004517,1.2421265,1.4777832,2.257904,1.3192139,0.58950806,0.8565979,1.0631409,1.1550598,1.742279,2.0879517,2.7190857,1.6873169
2117.5,0.13812256,0.24066162,0.30255127,0.31826782,0.56359863,0.5693054,1.0168762,0.11953735,0.2033081,0.32843018,0.30010986,0.39364624,0.47003174,0.5600586,1.2528076,0.4578247,0.24777222,0.43518066,0.52319336,0.5679321,0.49041748,1.096283,1.4425659,0.87942505,0.36621094,0.5481262,0.7542114,0.76831055,0.7736206,1.4943848,2.1946716,1.1459045,0.39819336,0.53131104,0.7607422,0.86938477,1.2265625,1.4752502,2.2511292,1.3171997,0.56643677,0.826355,1.0292969,1.127594,1.7079163,2.0845642,2.7065735,1.6856995
2118.5,0.13388062,0.22509766,0.28952026,0.30596924,0.558197,0.5701294,1.018158,0.117614746,0.19625854,0.3090515,0.28704834,0.3786621,0.46246338,0.5581665,1.2520447,0.45263672,0.24005127,0.42016602,0.5027771,0.55648804,0.4723816,1.0962219,1.4371643,0.8734131,0.35577393,0.518219,0.72821045,0.7581482,0.74780273,1.4934998,2.1859436,1.144104,0.38537598,0.5029297,0.73687744,0.85440063,1.2091064,1.4732056,2.2387695,1.3121338,0.5461731,0.7979431,0.99282837,1.0991516,1.6755676,2.0811462,2.690033,1.6809082
2119.5,0.12960815,0.20709229,0.27749634,0.29595947,0.5532837,0.56884766,1.0185547,0.11734009,0.18951416,0.29086304,0.2730713,0.36367798,0.45761108,0.55563354,1.2504578,0.45095825,0.23239136,0.4034729,0.48010254,0.5449524,0.45803833,1.0942383,1.43219,0.8711853,0.34484863,0.49328613,0.6975708,0.7420044,0.7269592,1.4917603,2.1777344,1.1416321,0.37216187,0.47930908,0.70861816,0.83657837,1.1952515,1.4703674,2.2271118,1.3068542,0.5260925,0.76919556,0.9536133,1.070343,1.648468,2.076233,2.672058,1.677185
2120.5,0.12524414,0.19537354,0.27017212,0.28881836,0.5487366,0.56710815,1.0159912,0.11856079,0.1824646,0.27209473,0.25863647,0.35272217,0.45309448,0.55392456,1.2474365,0.4498291,0.22418213,0.38742065,0.4651184,0.53604126,0.44482422,1.092102,1.4285278,0.8704529,0.33306885,0.47348022,0.67214966,0.7270813,0.7081909,1.4893188,2.1710815,1.1381836,0.3597107,0.46270752,0.6821594,0.8222351,1.1828308,1.4642639,2.2185364,1.2992249,0.50668335,0.7432556,0.9205017,1.0453186,1.6237793,2.0713806,2.656067,1.6756287
2121.5,0.121032715,0.19012451,0.255188,0.27929688,0.5430298,0.5647278,1.0113525,0.116241455,0.17684937,0.26358032,0.23361206,0.3421631,0.44683838,0.55148315,1.2424011,0.44848633,0.21670532,0.37731934,0.44473267,0.52993774,0.43014526,1.0908203,1.4236145,0.8675232,0.32202148,0.4590454,0.64715576,0.71621704,0.6878357,1.4858093,2.1631775,1.1311646,0.34780884,0.45672607,0.65960693,0.81448364,1.1694031,1.458374,2.209076,1.2941589,0.48876953,0.7238159,0.8956909,1.0309448,1.6020508,2.0664978,2.6416626,1.6716003
2122.5,0.11709595,0.18392944,0.23883057,0.27108765,0.5399475,0.5623779,1.0108337,0.112854004,0.17150879,0.25476074,0.21026611,0.32659912,0.44421387,0.5498352,1.2422485,0.4480896,0.20996094,0.3635254,0.419281,0.51348877,0.4212036,1.0896912,1.4178772,0.86761475,0.311615,0.442688,0.61380005,0.70095825,0.67178345,1.4833374,2.1589355,1.1271973,0.33670044,0.44778442,0.6329346,0.80181885,1.1612549,1.455658,2.20401,1.2935486,0.472229,0.6994324,0.86499023,1.0135803,1.5862427,2.0629272,2.6319275,1.6678772
2123.5,0.113861084,0.17996216,0.21865845,0.26712036,0.5391846,0.56121826,1.0129089,0.108062744,0.16616821,0.24505615,0.1835022,0.30926514,0.4429016,0.54992676,1.2427368,0.44522095,0.20349121,0.34970093,0.3912964,0.494812,0.41503906,1.0892334,1.4129028,0.8699951,0.30184937,0.42785645,0.57855225,0.6830139,0.66226196,1.4825134,2.1506653,1.1256714,0.32699585,0.4361267,0.60723877,0.78448486,1.1570435,1.4532471,2.1981506,1.2934265,0.45733643,0.6739197,0.8345337,0.99102783,1.572876,2.0620728,2.6200256,1.6616516
2124.5,0.110565186,0.17953491,0.20986938,0.26290894,0.54000854,0.55960083,1.0122986,0.105285645,0.16192627,0.2402649,0.169281,0.29141235,0.44110107,0.54937744,1.239563,0.444458,0.19802856,0.33868408,0.38064575,0.46801758,0.40689087,1.0886536,1.4083862,0.8732605,0.2932434,0.42074585,0.55477905,0.66049194,0.6520691,1.4822083,2.1420288,1.1263123,0.31796265,0.43746948,0.5890198,0.76068115,1.1512146,1.4524231,2.190857,1.290802,0.44384766,0.65618896,0.8208618,0.9703064,1.5600281,2.0618286,2.6047363,1.6547546
2125.5,0.107543945,0.18005371,0.20550537,0.25637817,0.5409241,0.5593262,1.0100708,0.10491943,0.15774536,0.23434448,0.15655518,0.2758789,0.4388733,0.5496521,1.2309875,0.44610596,0.19320679,0.32772827,0.3685608,0.4404297,0.39743042,1.088501,1.4017944,0.8727722,0.28564453,0.4109497,0.5378723,0.6367798,0.6413574,1.4827576,2.1341858,1.1226196,0.30923462,0.43792725,0.57540894,0.7312317,1.144867,1.4527893,2.183319,1.2892761,0.4317627,0.6380615,0.8078003,0.9510803,1.5472107,2.062561,2.5892334,1.6491699
2126.5,0.10461426,0.17626953,0.19732666,0.25332642,0.54281616,0.55862427,1.0101013,0.10531616,0.15377808,0.22668457,0.14260864,0.2625122,0.43566895,0.54989624,1.2236938,0.44683838,0.18875122,0.3157959,0.35488892,0.42218018,0.38809204,1.0889893,1.3950195,0.8722229,0.2784729,0.3982544,0.51760864,0.61901855,0.6319885,1.4830322,2.1266785,1.1180725,0.30136108,0.4276123,0.55700684,0.7018738,1.1407166,1.4527588,2.1759949,1.2906189,0.42034912,0.61691284,0.7900696,0.9298401,1.5362549,2.0635376,2.5750122,1.6455383
2127.5,0.10192871,0.17089844,0.1887207,0.25164795,0.54455566,0.5574951,1.0109558,0.104522705,0.15008545,0.21975708,0.12478638,0.25250244,0.432312,0.54867554,1.2189941,0.4494629,0.18444824,0.3048706,0.34039307,0.40856934,0.37905884,1.088623,1.3885803,0.8713989,0.27178955,0.3857727,0.4986267,0.6046753,0.6246033,1.4829102,2.1191711,1.1174622,0.29434204,0.41394043,0.5350342,0.684845,1.1368408,1.4518433,2.165619,1.2911682,0.40985107,0.5957031,0.7653198,0.9168396,1.5266113,2.063446,2.560913,1.6458435
2128.5,0.09963989,0.16552734,0.18527222,0.25476074,0.54797363,0.55648804,1.0122986,0.103149414,0.14691162,0.21298218,0.11694336,0.24645996,0.43017578,0.5470886,1.2162476,0.44976807,0.18081665,0.29470825,0.32788086,0.3963623,0.37045288,1.0878296,1.3826904,0.8707886,0.26602173,0.37438965,0.48693848,0.5939331,0.6182556,1.4824829,2.1109009,1.1159363,0.28808594,0.4008789,0.52005005,0.6676941,1.1352539,1.4509277,2.1568298,1.2904663,0.40048218,0.57592773,0.7465515,0.90826416,1.5165405,2.0622253,2.5483398,1.6427612
2129.5,0.097595215,0.1600647,0.17895508,0.25628662,0.54904175,0.5567932,1.0132141,0.107543945,0.14385986,0.20703125,0.11639404,0.24295044,0.42825317,0.54660034,1.2140808,0.4517212,0.1774292,0.28500366,0.31625366,0.38864136,0.36288452,1.0881958,1.3762512,0.8714905,0.26065063,0.3640442,0.47549438,0.5822754,0.6107483,1.4823303,2.1029053,1.1170349,0.2824402,0.3878479,0.5051575,0.65448,1.1338501,1.4503174,2.1498413,1.2919006,0.39178467,0.5570984,0.72836304,0.90045166,1.5056152,2.0611877,2.5378113,1.642456
2130.5,0.09564209,0.1557312,0.17178345,0.25738525,0.5482483,0.55825806,1.0115051,0.11026001,0.14105225,0.20184326,0.11831665,0.24139404,0.42684937,0.54678345,1.2099304,0.45257568,0.17428589,0.2758484,0.3040161,0.38876343,0.35577393,1.0892639,1.3701477,0.871521,0.25595093,0.35427856,0.46072388,0.5689697,0.60043335,1.4832153,2.0966797,1.1161499,0.2774048,0.37695312,0.49075317,0.63946533,1.1291504,1.4503784,2.1446838,1.2912903,0.38409424,0.5397949,0.70861816,0.8896179,1.4942932,2.0615234,2.5290833,1.6430664
2131.5,0.09387207,0.15112305,0.16018677,0.2583313,0.54385376,0.559021,1.006012,0.10708618,0.13842773,0.19619751,0.11419678,0.24194336,0.4241333,0.54626465,1.2051086,0.4494629,0.17132568,0.26727295,0.28927612,0.3857422,0.34500122,1.088501,1.3618164,0.8694458,0.2518921,0.3446045,0.45028687,0.5593872,0.5866089,1.4836121,2.090332,1.1124268,0.27270508,0.36688232,0.47976685,0.6253662,1.1203308,1.4505005,2.1383362,1.2886963,0.3774414,0.5237732,0.69073486,0.8783264,1.4798889,2.0619507,2.5222473,1.6390076
2132.5,0.092437744,0.14624023,0.14678955,0.24816895,0.5397339,0.558136,0.99557495,0.106658936,0.13604736,0.19094849,0.10922241,0.23669434,0.42044067,0.5444641,1.1979065,0.44760132,0.16870117,0.25897217,0.27526855,0.3753662,0.33392334,1.0865173,1.3553467,0.8675842,0.24804688,0.33584595,0.44070435,0.54071045,0.57196045,1.4818115,2.0859375,1.1095276,0.26831055,0.35714722,0.4605713,0.60369873,1.1107483,1.4487,2.1330261,1.2857361,0.37130737,0.5092163,0.673645,0.85809326,1.4653931,2.0611267,2.516571,1.6374817
2133.5,0.09100342,0.14099121,0.13381958,0.2310791,0.5371399,0.555542,0.98825073,0.108306885,0.1338501,0.18426514,0.10437012,0.23120117,0.41607666,0.5428467,1.1914673,0.44863892,0.16638184,0.24996948,0.2614441,0.36557007,0.32443237,1.0848999,1.3492737,0.8668823,0.24414062,0.3258667,0.42459106,0.5171814,0.55895996,1.4788818,2.082428,1.1080322,0.26419067,0.34622192,0.44644165,0.57702637,1.1010437,1.446228,2.1282043,1.2810059,0.3652649,0.4937439,0.65701294,0.82943726,1.4519958,2.0601501,2.5101929,1.6342773
2134.5,0.08963013,0.13757324,0.11911011,0.21246338,0.53445435,0.5527344,0.98272705,0.10736084,0.13168335,0.17926025,0.09408569,0.22937012,0.40963745,0.5419922,1.1889648,0.4484253,0.16412354,0.24301147,0.243927,0.356781,0.31436157,1.0835266,1.3480835,0.86434937,0.24038696,0.31781006,0.40856934,0.49597168,0.5455017,1.4757385,2.0830078,1.1049805,0.26037598,0.33721924,0.43389893,0.55352783,1.089325,1.4443665,2.1245422,1.2776489,0.3595581,0.48080444,0.63571167,0.7966614,1.4375305,2.0585022,2.502777,1.6275024
2135.5,0.08834839,0.13583374,0.115356445,0.19955444,0.53234863,0.5528259,0.9807739,0.10681152,0.12957764,0.17556763,0.092041016,0.22564697,0.40301514,0.5427551,1.1888428,0.44873047,0.16220093,0.23690796,0.23706055,0.34777832,0.30493164,1.0817566,1.3499451,0.8619385,0.23721313,0.3117981,0.4055786,0.48150635,0.5317993,1.4745789,2.0827026,1.1047363,0.25732422,0.32998657,0.43145752,0.53289795,1.078186,1.4430542,2.1228943,1.2731018,0.35482788,0.4699402,0.6210327,0.7671509,1.4234619,2.0568542,2.496643,1.6238708
2136.5,0.08728027,0.13357544,0.12063599,0.19021606,0.5313721,0.5528259,0.9803467,0.10592651,0.12792969,0.17248535,0.097839355,0.22164917,0.39822388,0.5427246,1.1871643,0.4472351,0.16043091,0.2324524,0.23187256,0.3371582,0.29663086,1.0798035,1.3491516,0.8614197,0.23416138,0.30603027,0.40405273,0.4650879,0.51956177,1.4738159,2.080841,1.1063843,0.25439453,0.32315063,0.4275818,0.5140991,1.0673218,1.4420166,2.1220398,1.2670288,0.35040283,0.45996094,0.61257935,0.73968506,1.4129028,2.0549622,2.4902039,1.623352
2137.5,0.08602905,0.13293457,0.11941528,0.18319702,0.5310364,0.55236816,0.97924805,0.10247803,0.12600708,0.16983032,0.10134888,0.21829224,0.39535522,0.5422058,1.1850891,0.44448853,0.15872192,0.22869873,0.22543335,0.32919312,0.2899475,1.0783691,1.344635,0.86035156,0.23132324,0.302063,0.40457153,0.45040894,0.50875854,1.4742126,2.0779114,1.1044617,0.25164795,0.31808472,0.41986084,0.49801636,1.0586853,1.4406738,2.1212463,1.2614441,0.34622192,0.45217896,0.6078491,0.71551514,1.4024353,2.0545654,2.4851074,1.6206665
2138.5,0.0848999,0.13092041,0.11645508,0.17745972,0.5288086,0.5522156,0.9818115,0.10168457,0.1244812,0.16671753,0.101501465,0.2140503,0.39138794,0.541626,1.1876221,0.4467163,0.1569519,0.22415161,0.22073364,0.3213501,0.28329468,1.0778809,1.3440247,0.8601074,0.22869873,0.29727173,0.39718628,0.4373169,0.49572754,1.473999,2.078247,1.104065,0.2489624,0.31170654,0.41207886,0.4826355,1.0497437,1.4404297,2.1235657,1.2609253,0.3423462,0.44406128,0.5970459,0.69277954,1.3917847,2.053772,2.483551,1.6183472
2139.5,0.08392334,0.12908936,0.10800171,0.17346191,0.525177,0.5513916,0.9833374,0.10076904,0.123168945,0.1647644,0.09307861,0.20977783,0.3869934,0.54086304,1.1895752,0.44799805,0.15533447,0.22021484,0.21670532,0.3121643,0.277771,1.0776672,1.345398,0.8597107,0.22625732,0.29330444,0.38775635,0.42669678,0.48342896,1.4736633,2.0781555,1.1031494,0.24649048,0.30615234,0.40325928,0.4713745,1.0419006,1.4406433,2.1221619,1.2605896,0.33865356,0.4360962,0.5760498,0.6727295,1.3832092,2.052063,2.4830322,1.6147461
2140.5,0.08279419,0.12719727,0.09777832,0.17004395,0.5214844,0.55081177,0.98373413,0.09954834,0.12194824,0.162323,0.08325195,0.20568848,0.38354492,0.539978,1.1918335,0.44796753,0.1534729,0.21691895,0.20697021,0.30245972,0.27127075,1.0776978,1.3470764,0.85839844,0.22393799,0.28897095,0.37960815,0.41851807,0.474823,1.4735718,2.0724792,1.1017456,0.24414062,0.30108643,0.39404297,0.46258545,1.0348511,1.4406738,2.1173706,1.2607422,0.33514404,0.42825317,0.55340576,0.655365,1.3760986,2.0504456,2.481781,1.6100159
2141.5,0.08200073,0.12515259,0.09661865,0.16900635,0.52072144,0.5515137,0.98550415,0.09765625,0.12060547,0.15960693,0.07849121,0.20211792,0.38098145,0.54074097,1.193573,0.44647217,0.15170288,0.21310425,0.20501709,0.29275513,0.26385498,1.0782776,1.3478699,0.85494995,0.22167969,0.28427124,0.3753662,0.40731812,0.4673767,1.4743652,2.0679016,1.1005859,0.24212646,0.29571533,0.38729858,0.45483398,1.026947,1.4413452,2.1142883,1.2607727,0.3320923,0.42099,0.5404053,0.6392212,1.3691101,2.0508423,2.4802246,1.6057434
2142.5,0.081329346,0.12265015,0.097961426,0.16992188,0.5189514,0.5524292,0.9885254,0.0954895,0.119628906,0.15704346,0.07836914,0.19952393,0.37780762,0.54125977,1.1965027,0.4432373,0.15060425,0.20883179,0.2038269,0.27868652,0.25579834,1.078949,1.3484497,0.85266113,0.21984863,0.2798462,0.36975098,0.3942566,0.45742798,1.4753418,2.0652466,1.0991516,0.24023438,0.28988647,0.38119507,0.44387817,1.0178223,1.4419556,2.1140137,1.2598572,0.32937622,0.41333008,0.53149414,0.6194763,1.3616028,2.051056,2.4776306,1.6044617
2143.5,0.080841064,0.11242676,0.09588623,0.17364502,0.5171509,0.552948,0.99282837,0.09347534,0.11886597,0.15438843,0.07852173,0.20327759,0.37445068,0.5410156,1.1993713,0.43676758,0.14984131,0.20440674,0.20092773,0.26333618,0.24972534,1.0791931,1.3491821,0.8515625,0.21832275,0.27539062,0.36160278,0.37646484,0.44818115,1.4759216,2.0636292,1.0978088,0.23883057,0.28442383,0.37106323,0.43899536,1.0102234,1.4429626,2.111786,1.2590942,0.32720947,0.4057312,0.5206604,0.6063843,1.3545837,2.0515137,2.4745178,1.6030273
2144.5,0.08035278,0.1083374,0.096343994,0.17858887,0.51605225,0.55010986,0.9942932,0.0859375,0.118133545,0.15170288,0.07885742,0.2074585,0.3720703,0.54019165,1.2008362,0.43188477,0.14901733,0.199646,0.19937134,0.25128174,0.2451477,1.0787659,1.3515625,0.8496094,0.21676636,0.2711792,0.35491943,0.36203003,0.44161987,1.4753113,2.061554,1.0953369,0.23730469,0.27957153,0.3642273,0.4373474,1.0056152,1.4430237,2.107605,1.2566223,0.32492065,0.3987732,0.51190186,0.59832764,1.348877,2.0517883,2.46875,1.5997009
2145.5,0.07989502,0.10696411,0.09677124,0.18811035,0.5155029,0.5481262,0.99591064,0.081604004,0.11740112,0.15014648,0.07952881,0.21810913,0.36880493,0.53964233,1.2011414,0.43164062,0.14822388,0.19671631,0.19805908,0.24743652,0.2406311,1.0778198,1.3547974,0.84924316,0.21530151,0.2675476,0.34835815,0.35598755,0.43481445,1.4746399,2.0596924,1.0931702,0.23583984,0.27578735,0.35754395,0.4416504,1.0014954,1.4425354,2.1071777,1.2554932,0.3227539,0.39431763,0.50561523,0.596405,1.3435059,2.0516357,2.4635925,1.5979004
2146.5,0.079559326,0.106170654,0.09802246,0.19937134,0.51379395,0.54776,0.99710083,0.08584595,0.116760254,0.14822388,0.08016968,0.2262268,0.36450195,0.53897095,1.1968689,0.43624878,0.14752197,0.19369507,0.19680786,0.24649048,0.23651123,1.0771484,1.3580627,0.8541565,0.21401978,0.26452637,0.34143066,0.34768677,0.4295044,1.473877,2.0605774,1.0934753,0.2345581,0.2720642,0.3499756,0.44641113,0.9984436,1.441864,2.1077576,1.2600098,0.32092285,0.39004517,0.49777222,0.5883179,1.3389282,2.0508118,2.4579773,1.6012573
2147.5,0.079315186,0.10519409,0.10006714,0.21447754,0.5131836,0.54766846,0.99835205,0.090148926,0.116363525,0.1459961,0.082336426,0.23754883,0.36090088,0.53848267,1.1912842,0.43988037,0.14697266,0.19116211,0.19781494,0.2503662,0.23342896,1.0774841,1.3561401,0.8573303,0.21304321,0.26171875,0.33532715,0.34387207,0.42504883,1.4734192,2.0592957,1.0941162,0.23355103,0.26831055,0.3447876,0.44891357,0.99591064,1.4413757,2.1059875,1.2638245,0.31933594,0.38552856,0.48962402,0.57873535,1.3345032,2.0503235,2.4526672,1.6040039
2148.5,0.07897949,0.10418701,0.098846436,0.23605347,0.51342773,0.54797363,0.99838257,0.09262085,0.11593628,0.14364624,0.0836792,0.2555542,0.3607788,0.53860474,1.1884155,0.44198608,0.14642334,0.18884277,0.19766235,0.25411987,0.23168945,1.078125,1.3521423,0.85842896,0.21203613,0.25823975,0.3286438,0.3491211,0.42166138,1.472992,2.0550842,1.0943909,0.23251343,0.26480103,0.33825684,0.4543152,0.99334717,1.4411926,2.1029358,1.2661133,0.31774902,0.3812256,0.48199463,0.56533813,1.3311157,2.050171,2.4479675,1.6062927
2149.5,0.07846069,0.10397339,0.096832275,0.25979614,0.5138855,0.548584,0.9964905,0.09387207,0.11529541,0.14163208,0.08468628,0.28131104,0.36080933,0.5397339,1.1860046,0.44403076,0.14569092,0.1867981,0.19668579,0.25854492,0.23001099,1.0785828,1.3486328,0.85891724,0.21081543,0.2550354,0.3216858,0.36099243,0.4171753,1.4719238,2.0515137,1.0932007,0.23132324,0.26150513,0.33361816,0.46035767,0.9906616,1.4404297,2.0996094,1.2678833,0.3161621,0.3765564,0.4725647,0.5597229,1.3280029,2.0499573,2.4427795,1.6075745
2150.5,0.07800293,0.1026001,0.09524536,0.27670288,0.5133362,0.5492859,0.9956665,0.09573364,0.11489868,0.13897705,0.08502197,0.3060913,0.36016846,0.5397339,1.1821289,0.44625854,0.14517212,0.18457031,0.19534302,0.26153564,0.2277832,1.078949,1.3434143,0.8590698,0.20986938,0.25216675,0.3164673,0.37750244,0.411438,1.4720764,2.0467224,1.0937195,0.23043823,0.25842285,0.32977295,0.46743774,0.98654175,1.439331,2.0969849,1.2689209,0.31484985,0.37182617,0.4635315,0.5588074,1.3234863,2.0503845,2.4393005,1.6085205
2151.5,0.077697754,0.102508545,0.09579468,0.29214478,0.5120239,0.54852295,0.99401855,0.09780884,0.11462402,0.1375122,0.08654785,0.331604,0.35949707,0.5382385,1.1783447,0.44717407,0.14480591,0.18310547,0.19552612,0.26623535,0.22457886,1.0773621,1.3391724,0.8597717,0.20916748,0.25003052,0.31323242,0.39437866,0.40612793,1.4717712,2.0444336,1.0968018,0.22970581,0.2562561,0.3250122,0.47506714,0.9831238,1.4367676,2.0929565,1.2684631,0.31365967,0.36779785,0.45703125,0.55773926,1.3184814,2.0513916,2.4362183,1.611023
2152.5,0.077545166,0.1020813,0.09542847,0.3058777,0.51031494,0.5475769,0.99157715,0.09805298,0.11444092,0.13644409,0.08779907,0.36376953,0.359375,0.5377197,1.1720581,0.4463501,0.1444397,0.18139648,0.19589233,0.27087402,0.22061157,1.0766602,1.3346558,0.8590698,0.20861816,0.24798584,0.30895996,0.4165039,0.4024048,1.4729004,2.0429993,1.0992737,0.22903442,0.25360107,0.3189392,0.47921753,0.9796448,1.4357605,2.0883484,1.2623291,0.31262207,0.36434937,0.45239258,0.5522766,1.3099365,2.052185,2.433014,1.612915
2153.5,0.07745361,0.10153198,0.096466064,0.311615,0.5104065,0.5469055,0.9906311,0.09799194,0.114349365,0.13522339,0.09085083,0.38531494,0.35882568,0.5374756,1.1694946,0.44613647,0.14419556,0.17926025,0.197052,0.2709961,0.21713257,1.0762329,1.331665,0.85791016,0.20809937,0.24557495,0.30603027,0.43695068,0.39770508,1.4736328,2.0419312,1.1020813,0.22845459,0.25057983,0.31414795,0.47473145,0.9761658,1.4360962,2.086029,1.2586365,0.31170654,0.3605957,0.4489441,0.5463867,1.3023987,2.0510864,2.4309998,1.6125183
2154.5,0.077301025,0.100982666,0.10153198,0.30917358,0.5100403,0.5473633,0.9888611,0.09957886,0.114349365,0.13400269,0.09750366,0.4015808,0.35736084,0.5377197,1.1715393,0.44622803,0.144104,0.17773438,0.19992065,0.2703247,0.21417236,1.0753174,1.3291626,0.85705566,0.20773315,0.24346924,0.3060608,0.4501648,0.39263916,1.4734497,2.043274,1.102478,0.22802734,0.2484436,0.3139038,0.46984863,0.9736023,1.4359131,2.0862122,1.2583923,0.3109131,0.35757446,0.4475708,0.5333557,1.2971802,2.0505676,2.4315186,1.6115112
2155.5,0.07714844,0.100616455,0.10430908,0.30361938,0.5090637,0.5482483,0.98709106,0.10183716,0.11425781,0.13311768,0.10821533,0.41586304,0.35681152,0.5383606,1.1744385,0.44613647,0.14385986,0.17623901,0.20510864,0.26867676,0.2112732,1.073883,1.3290405,0.8566284,0.20730591,0.24145508,0.30325317,0.45791626,0.38650513,1.4733276,2.044098,1.1029663,0.22753906,0.24645996,0.31829834,0.4623413,0.9723511,1.4365234,2.0858765,1.2597961,0.3100586,0.35479736,0.44943237,0.5177307,1.2926025,2.0513916,2.4333801,1.6099548
2156.5,0.076934814,0.100494385,0.102630615,0.29837036,0.5080261,0.54907227,0.9871216,0.10513306,0.114105225,0.13208008,0.1098938,0.42663574,0.35403442,0.5385132,1.1768799,0.4463501,0.14361572,0.17480469,0.20455933,0.26501465,0.20953369,1.0731201,1.3316345,0.8534851,0.20684814,0.24020386,0.29852295,0.466156,0.38049316,1.472992,2.0449524,1.1048889,0.22698975,0.24502563,0.3154602,0.45565796,0.9685669,1.4371948,2.085968,1.2608643,0.30926514,0.35235596,0.44613647,0.50372314,1.289978,2.0523682,2.4352722,1.6064453
2157.5,0.07675171,0.09994507,0.10107422,0.28955078,0.5057373,0.5492554,0.98547363,0.104034424,0.113861084,0.13098145,0.10934448,0.43579102,0.34838867,0.5383606,1.1764526,0.4446411,0.14334106,0.17352295,0.20269775,0.26101685,0.20639038,1.0724487,1.3319397,0.84924316,0.20635986,0.23904419,0.29449463,0.47000122,0.37457275,1.4720459,2.0456238,1.1017151,0.22644043,0.24359131,0.3098755,0.4522705,0.9641113,1.4371338,2.085144,1.2596436,0.3085327,0.34991455,0.44180298,0.48910522,1.2863464,2.0532532,2.433075,1.6009521
2158.5,0.07659912,0.099731445,0.09906006,0.2786255,0.5036926,0.5482788,0.983551,0.09976196,0.113586426,0.12997437,0.109191895,0.44403076,0.34423828,0.5378113,1.1766357,0.44259644,0.14309692,0.17269897,0.20071411,0.25579834,0.20056152,1.0716553,1.3325195,0.8446655,0.2059021,0.23794556,0.29119873,0.4680786,0.37051392,1.4712524,2.0473328,1.0960693,0.2258606,0.24215698,0.3059082,0.44262695,0.960968,1.4363708,2.085907,1.2566528,0.3078003,0.34762573,0.43728638,0.47232056,1.2825928,2.053894,2.4302673,1.5951538
2159.5,0.07650757,0.09942627,0.099487305,0.27227783,0.5029297,0.54745483,0.98309326,0.095947266,0.11331177,0.12893677,0.110443115,0.4507141,0.34295654,0.5376892,1.1764526,0.4366455,0.14285278,0.17181396,0.19995117,0.2548828,0.19692993,1.0714722,1.3353577,0.8420105,0.20544434,0.23693848,0.2890625,0.46981812,0.3673401,1.4709778,2.048462,1.0907593,0.22537231,0.24084473,0.30462646,0.43688965,0.9588928,1.4359131,2.0889587,1.254303,0.30725098,0.34542847,0.43426514,0.45993042,1.2806702,2.0548096,2.4296875,1.5895691
2160.5,0.07647705,0.09906006,0.09921265,0.26278687,0.5024414,0.5470581,0.9819641,0.09442139,0.11315918,0.12866211,0.11065674,0.4547119,0.34249878,0.53744507,1.1785889,0.43310547,0.14263916,0.17144775,0.19955444,0.25271606,0.19519043,1.0715027,1.3385315,0.8435974,0.20510864,0.23620605,0.28598022,0.45922852,0.3647766,1.4706421,2.04422,1.0881042,0.22497559,0.24002075,0.30163574,0.42633057,0.95770264,1.4355164,2.091156,1.2552795,0.30673218,0.34381104,0.42929077,0.4491577,1.2792664,2.0549316,2.4267273,1.5869751
2161.5,0.0763855,0.09906006,0.10031128,0.24752808,0.50131226,0.54693604,0.982666,0.09396362,0.11306763,0.12832642,0.112701416,0.45663452,0.3414917,0.5373535,1.1816711,0.43395996,0.14248657,0.17123413,0.20050049,0.24191284,0.19354248,1.0713196,1.3366089,0.8456116,0.20498657,0.2354126,0.28363037,0.44232178,0.36239624,1.4700623,2.038208,1.0878906,0.2246399,0.23931885,0.30108643,0.40975952,0.9567566,1.4350586,2.0927124,1.2565308,0.3062439,0.34249878,0.42648315,0.43804932,1.277008,2.0548706,2.4233093,1.5875854
2162.5,0.076293945,0.098968506,0.10046387,0.23266602,0.5001221,0.5470886,0.98587036,0.09466553,0.11291504,0.12771606,0.11340332,0.45413208,0.34146118,0.53704834,1.1847534,0.43707275,0.14230347,0.17071533,0.19940186,0.2305603,0.19360352,1.0714111,1.335968,0.84991455,0.20471191,0.2347107,0.28292847,0.42416382,0.36212158,1.4704285,2.035431,1.0900879,0.22424316,0.23825073,0.30249023,0.38946533,0.9561157,1.4348755,2.0922546,1.2606201,0.30569458,0.3411255,0.4244995,0.4246521,1.2755737,2.0557556,2.4197998,1.5927124
2163.5,0.07623291,0.09881592,0.10101318,0.21817017,0.50079346,0.5474243,0.98779297,0.09829712,0.11276245,0.12722778,0.11117554,0.44943237,0.34353638,0.5368347,1.1859741,0.4418335,0.1421814,0.17010498,0.19888306,0.20977783,0.19595337,1.0715332,1.3367615,0.8548889,0.20443726,0.2338562,0.28067017,0.40325928,0.36331177,1.4708862,2.0336304,1.0931396,0.22390747,0.23730469,0.30047607,0.36901855,0.95684814,1.4353333,2.0894775,1.265686,0.30523682,0.33969116,0.42147827,0.40875244,1.274353,2.0562744,2.4154968,1.5987549
2164.5,0.076171875,0.09890747,0.101501465,0.20089722,0.5020752,0.547699,0.98983765,0.10058594,0.112579346,0.12722778,0.11013794,0.44418335,0.34484863,0.5370178,1.1853027,0.44476318,0.14202881,0.16998291,0.19802856,0.18560791,0.19735718,1.0724182,1.3374634,0.8575134,0.2041626,0.23324585,0.27682495,0.38113403,0.36340332,1.472168,2.0327454,1.0952148,0.2236023,0.23666382,0.29745483,0.34280396,0.9561157,1.4361267,2.0878906,1.2679443,0.30480957,0.3387146,0.41793823,0.39385986,1.2714233,2.057495,2.4134827,1.6020508
2165.5,0.07608032,0.09915161,0.102752686,0.18197632,0.50167847,0.54766846,0.99313354,0.101745605,0.11239624,0.12686157,0.11026001,0.43920898,0.3446045,0.5366516,1.1852112,0.44589233,0.14181519,0.16986084,0.19900513,0.16046143,0.19647217,1.0729675,1.3404846,0.8578186,0.20391846,0.23309326,0.27355957,0.3600464,0.36108398,1.4729614,2.0332642,1.0958862,0.22329712,0.23638916,0.2954712,0.31555176,0.95266724,1.4364929,2.0854492,1.2666626,0.30438232,0.3378601,0.41455078,0.38067627,1.2670288,2.0575562,2.415985,1.603241
2166.5,0.07598877,0.09927368,0.10308838,0.16845703,0.5024719,0.5479431,0.99386597,0.102874756,0.11227417,0.1272583,0.11126709,0.43762207,0.34588623,0.5359802,1.1853638,0.44677734,0.1416626,0.16976929,0.20007324,0.13632202,0.19561768,1.0729065,1.341217,0.85757446,0.2036438,0.2333374,0.27209473,0.34417725,0.3576355,1.4723511,2.032135,1.0966187,0.22302246,0.2362976,0.2946167,0.29232788,0.94888306,1.436615,2.0832214,1.2654114,0.3040161,0.33709717,0.41360474,0.3739624,1.2648621,2.0570374,2.4169006,1.6039734
2167.5,0.07589722,0.099243164,0.10083008,0.1541748,0.50393677,0.54766846,0.99298096,0.103759766,0.1121521,0.12747192,0.11038208,0.4317932,0.34313965,0.53515625,1.1838684,0.44735718,0.14144897,0.16925049,0.1979065,0.1111145,0.19537354,1.0721741,1.334198,0.8565674,0.20333862,0.23294067,0.26940918,0.33135986,0.35305786,1.4710388,2.0300293,1.0975952,0.2227478,0.23590088,0.2906494,0.27316284,0.94525146,1.435791,2.0817566,1.2661133,0.30361938,0.336792,0.41168213,0.36868286,1.2644958,2.056427,2.4143982,1.6040039
2168.5,0.07583618,0.099090576,0.09887695,0.1383667,0.5036621,0.54800415,0.99472046,0.104156494,0.112091064,0.12728882,0.107055664,0.4277954,0.33944702,0.53530884,1.1820679,0.44747925,0.1413269,0.16879272,0.19494629,0.088134766,0.19265747,1.0719604,1.3273315,0.85546875,0.203125,0.23236084,0.2659607,0.31750488,0.34924316,1.4708862,2.0276184,1.0981445,0.2225647,0.23516846,0.28347778,0.26031494,0.94332886,1.4353943,2.0764465,1.26651,0.30334473,0.33602905,0.407135,0.36016846,1.2633972,2.0560303,2.4067078,1.6016235
2169.5,0.07577515,0.098968506,0.09719849,0.1239624,0.5027466,0.5479126,0.99642944,0.10418701,0.11199951,0.12710571,0.10650635,0.41619873,0.33847046,0.5352783,1.1809998,0.44744873,0.14120483,0.16821289,0.19326782,0.06781006,0.19076538,1.0720215,1.3273315,0.85491943,0.20291138,0.23165894,0.26553345,0.30273438,0.34918213,1.4704895,2.026886,1.0986023,0.22235107,0.23413086,0.27886963,0.24246216,0.94363403,1.435852,2.0730896,1.2661438,0.30303955,0.33486938,0.40255737,0.3494873,1.2625427,2.0559082,2.4027405,1.5994873
2170.5,0.07571411,0.09893799,0.09475708,0.11236572,0.50167847,0.5482483,0.9944763,0.10369873,0.11187744,0.12701416,0.108428955,0.39694214,0.33810425,0.5354614,1.1802368,0.44680786,0.14108276,0.16784668,0.19421387,0.049560547,0.18954468,1.0710754,1.3297119,0.8540344,0.20269775,0.23120117,0.2673645,0.28744507,0.34881592,1.4700317,2.0288086,1.0990906,0.22213745,0.23327637,0.27789307,0.22146606,0.9430237,1.4363403,2.074585,1.2637634,0.3027649,0.33428955,0.39840698,0.33795166,1.260437,2.0566711,2.402008,1.5991821
2171.5,0.075683594,0.09875488,0.09069824,0.107299805,0.5013428,0.5481262,0.9944153,0.102508545,0.11178589,0.12680054,0.107940674,0.3781433,0.3385315,0.53515625,1.182373,0.44555664,0.14093018,0.16738892,0.1921997,0.037841797,0.1892395,1.0701599,1.3331909,0.8531189,0.20254517,0.23065186,0.26385498,0.27041626,0.34802246,1.4688721,2.0354004,1.0994568,0.22195435,0.23254395,0.27304077,0.2062378,0.94262695,1.435852,2.0786438,1.2598267,0.30245972,0.33343506,0.39263916,0.33428955,1.258667,2.0565186,2.405182,1.5987244
2172.5,0.07562256,0.09841919,0.08935547,0.104003906,0.49780273,0.5469971,0.99612427,0.10235596,0.11172485,0.1265564,0.10870361,0.3635559,0.3385315,0.5346985,1.1824646,0.44555664,0.14083862,0.16690063,0.19342041,0.029083252,0.18960571,1.0695801,1.3357239,0.85250854,0.2024231,0.2303772,0.2611084,0.25402832,0.34646606,1.4669495,2.0414429,1.0992737,0.22177124,0.23120117,0.26641846,0.19293213,0.94259644,1.4344788,2.0812988,1.2584839,0.30218506,0.33239746,0.39041138,0.328125,1.2574768,2.0548096,2.408722,1.598877
2173.5,0.07559204,0.09832764,0.081726074,0.10180664,0.49658203,0.54599,0.9940491,0.10256958,0.11166382,0.12634277,0.106658936,0.35046387,0.34054565,0.5346985,1.1777954,0.44522095,0.14074707,0.16647339,0.1968689,0.022460938,0.19168091,1.0688171,1.3298035,0.8520813,0.20233154,0.22994995,0.25823975,0.2397461,0.3475647,1.4653625,2.0403137,1.096405,0.22164917,0.23043823,0.25753784,0.18185425,0.94415283,1.433258,2.0780945,1.2574768,0.30197144,0.3315735,0.38790894,0.32235718,1.2589417,2.0536804,2.4083557,1.5980225
2174.5,0.075531006,0.09820557,0.07269287,0.1000061,0.4960327,0.5460205,0.991272,0.102264404,0.1116333,0.12609863,0.1015625,0.3381958,0.3418274,0.53482056,1.1732788,0.44503784,0.14065552,0.16619873,0.18966675,0.017547607,0.19247437,1.0683899,1.3240051,0.8518677,0.20227051,0.22949219,0.25482178,0.22167969,0.34902954,1.4647827,2.0379333,1.0952759,0.22146606,0.2298584,0.24584961,0.17306519,0.94540405,1.4319153,2.0732727,1.2569275,0.3017273,0.33087158,0.38031006,0.31530762,1.2586365,2.0535583,2.4074707,1.595398
2175.5,0.075531006,0.09802246,0.06680298,0.09887695,0.4953308,0.54611206,0.99017334,0.10195923,0.11160278,0.12588501,0.09597778,0.3262024,0.341156,0.53430176,1.1728821,0.4451599,0.140625,0.16589355,0.18569946,0.013824463,0.19165039,1.0674133,1.3222961,0.84994507,0.20220947,0.22903442,0.25183105,0.20492554,0.348938,1.4645996,2.0355835,1.0937805,0.221344,0.22946167,0.24002075,0.1663208,0.9443054,1.4315491,2.0697327,1.2565918,0.3015442,0.3302307,0.37182617,0.30685425,1.2552185,2.0532837,2.4061584,1.5923767
2176.5,0.075531006,0.09762573,0.065216064,0.09423828,0.49475098,0.54623413,0.9868164,0.10220337,0.111572266,0.12557983,0.09439087,0.31298828,0.34054565,0.5344238,1.1739807,0.44580078,0.14056396,0.16549683,0.18817139,0.010864258,0.19180298,1.0670776,1.3212891,0.84576416,0.20211792,0.22869873,0.24865723,0.1887207,0.3486328,1.4649353,2.033783,1.0926819,0.22122192,0.22912598,0.23632812,0.15991211,0.939209,1.4315796,2.0689697,1.2564697,0.3013916,0.3300171,0.36746216,0.29693604,1.2525635,2.0533142,2.4033203,1.5912781
2177.5,0.07546997,0.09768677,0.06399536,0.09313965,0.49401855,0.5455322,0.982605,0.10296631,0.11148071,0.12557983,0.09429932,0.30603027,0.3363037,0.53414917,1.1735535,0.44677734,0.1404419,0.16552734,0.19033813,0.00970459,0.19168091,1.0660706,1.3198242,0.84381104,0.20196533,0.22875977,0.24737549,0.18222046,0.34848022,1.4651794,2.0326233,1.0914612,0.22103882,0.22909546,0.23370361,0.1592102,0.9338989,1.4302673,2.0668945,1.256073,0.30114746,0.32992554,0.36621094,0.29211426,1.2510376,2.052826,2.4000854,1.5908813
2178.5,0.07543945,0.09765625,0.06100464,0.09631348,0.49316406,0.54437256,0.98065186,0.10266113,0.11141968,0.1255188,0.09170532,0.3040161,0.33236694,0.5338135,1.1730652,0.4468994,0.14038086,0.16543579,0.18997192,0.00970459,0.1914978,1.065033,1.3196106,0.8420105,0.20184326,0.22872925,0.24597168,0.18270874,0.34814453,1.4647827,2.0301514,1.0906982,0.22085571,0.22909546,0.2314148,0.16488647,0.93130493,1.4287109,2.0665588,1.254242,0.30096436,0.32980347,0.3635254,0.2876587,1.249939,2.0524597,2.3992004,1.5898132
2179.5,0.07543945,0.09719849,0.054382324,0.09887695,0.4932251,0.5437622,0.98028564,0.10229492,0.11138916,0.12512207,0.087890625,0.29629517,0.33163452,0.5335388,1.1751404,0.4456482,0.14038086,0.16497803,0.18774414,0.00680542,0.19244385,1.0648804,1.319458,0.84069824,0.20175171,0.22845459,0.24295044,0.18252563,0.34848022,1.4639587,2.0284119,1.0908508,0.22073364,0.22857666,0.22817993,0.1685791,0.93148804,1.4280396,2.0682678,1.2531128,0.30081177,0.3296814,0.35916138,0.2807312,1.2497253,2.0527039,2.4006348,1.5894165
2180.5,0.07543945,0.096954346,0.050811768,0.100097656,0.4930725,0.54486084,0.9784241,0.102752686,0.11135864,0.124816895,0.086364746,0.28518677,0.33206177,0.5348511,1.1755066,0.44262695,0.14035034,0.16470337,0.18734741,0.002105713,0.1921997,1.0653992,1.3178406,0.8408203,0.20166016,0.22821045,0.24090576,0.17648315,0.34817505,1.4644775,2.0257874,1.0915833,0.22061157,0.2281189,0.22943115,0.16473389,0.93118286,1.4291077,2.067505,1.2535095,0.30065918,0.3293152,0.35687256,0.27246094,1.2484436,2.05365,2.401764,1.5901794
2181.5,0.075408936,0.09667969,0.0413208,0.10317993,0.49295044,0.5466919,0.97488403,0.10220337,0.11129761,0.12460327,0.08358765,0.27316284,0.33239746,0.5361023,1.1746826,0.4421997,0.14031982,0.16455078,0.18637085,9.1552734e-05,0.19198608,1.0666199,1.3182068,0.8423767,0.20159912,0.22790527,0.23690796,0.16912842,0.3479004,1.4660034,2.0216675,1.0933838,0.22052002,0.22784424,0.2206726,0.15939331,0.9306946,1.4313965,2.0643616,1.255127,0.3005371,0.32870483,0.3534851,0.2658081,1.24646,2.0556946,2.399353,1.590332
2182.5,0.07537842,0.096588135,0.025390625,0.10751343,0.49041748,0.5479126,0.9754944,0.101867676,0.11126709,0.12451172,0.078125,0.26550293,0.3327942,0.5366821,1.1795349,0.4446411,0.1402893,0.16445923,0.18527222,3.0517578e-05,0.19277954,1.0674744,1.3243103,0.84588623,0.20150757,0.22763062,0.23654175,0.16531372,0.347229,1.4664612,2.0239258,1.0968323,0.22039795,0.22763062,0.21142578,0.15704346,0.9306946,1.4324951,2.0653992,1.2584839,0.300354,0.32821655,0.35494995,0.2604065,1.2445374,2.0568848,2.3944092,1.5935974
2183.5,0.075286865,0.09649658,0.008392334,0.11178589,0.49032593,0.5475769,0.97875977,0.101135254,0.11117554,0.124420166,0.069122314,0.2611084,0.33535767,0.53634644,1.1851196,0.4454651,0.14019775,0.16430664,0.18899536,0.0007324219,0.19515991,1.0674133,1.3306274,0.8472595,0.20135498,0.22738647,0.24099731,0.16421509,0.34857178,1.465332,2.026703,1.0984802,0.22024536,0.22735596,0.20706177,0.15811157,0.93362427,1.4318237,2.069397,1.2601318,0.30020142,0.32772827,0.34683228,0.25769043,1.2449036,2.0561523,2.3903809,1.5956726
2184.5,0.07522583,0.09637451,0.0024719238,0.11090088,0.4907837,0.5466614,0.98187256,0.100616455,0.1111145,0.12432861,0.06933594,0.24978638,0.33706665,0.53518677,1.1881409,0.4447937,0.1401062,0.1642456,0.20178223,0.0012207031,0.19638062,1.0670471,1.3352966,0.84783936,0.20126343,0.22714233,0.24584961,0.1633606,0.34991455,1.4643555,2.0250244,1.0991821,0.22015381,0.22723389,0.2102356,0.15710449,0.93637085,1.4302368,2.0726624,1.2607422,0.30004883,0.32733154,0.3427124,0.2572937,1.2453918,2.0541077,2.3892517,1.5967407
2185.5,0.07519531,0.09625244,-0.007507324,0.11593628,0.4911499,0.5461426,0.9810791,0.100982666,0.111083984,0.124176025,0.06619263,0.23986816,0.33761597,0.533844,1.1851501,0.4432373,0.14004517,0.1640625,0.21444702,0.0064086914,0.1963501,1.0665588,1.3316345,0.84799194,0.2012024,0.22686768,0.24737549,0.16604614,0.35046387,1.4633789,2.0203247,1.0994263,0.22009277,0.22698975,0.20513916,0.16070557,0.93270874,1.4292297,2.0725708,1.2608643,0.29995728,0.32687378,0.33898926,0.25985718,1.2463379,2.052185,2.3885803,1.5973511
2186.5,0.07522583,0.09613037,-0.0154418945,0.12283325,0.4906006,0.54611206,0.9808655,0.101501465,0.11105347,0.12402344,0.0647583,0.23339844,0.3361206,0.53289795,1.1798706,0.44302368,0.14001465,0.16381836,0.21517944,0.016113281,0.19393921,1.0658875,1.325592,0.8479004,0.20117188,0.2265625,0.24832153,0.17105103,0.3493042,1.4623718,2.0182495,1.0993958,0.22003174,0.22671509,0.19567871,0.1689148,0.927124,1.427887,2.0711975,1.2609558,0.29986572,0.32641602,0.33544922,0.26846313,1.2460022,2.051056,2.3875122,1.598053
2187.5,0.07519531,0.096069336,-0.016052246,0.12573242,0.4897766,0.5459595,0.97991943,0.10171509,0.11105347,0.12384033,0.06442261,0.22738647,0.33065796,0.5317383,1.1742859,0.4430542,0.13995361,0.16351318,0.21960449,0.027374268,0.19213867,1.0657349,1.3214417,0.84750366,0.20108032,0.22619629,0.24655151,0.1769104,0.34802246,1.4602966,2.0167236,1.0988464,0.21994019,0.22644043,0.19119263,0.1781311,0.923584,1.4268188,2.066925,1.2602539,0.29974365,0.32592773,0.33502197,0.27853394,1.2450562,2.0506897,2.3862915,1.5980225
2188.5,0.07513428,0.0960083,-0.013458252,0.12860107,0.48898315,0.5456543,0.97891235,0.102264404,0.110961914,0.12365723,0.06286621,0.22106934,0.3258667,0.53079224,1.1723633,0.44348145,0.13986206,0.16323853,0.22647095,0.03753662,0.19052124,1.0657349,1.3229675,0.8468628,0.20098877,0.22589111,0.24499512,0.18338013,0.3474121,1.459259,2.0164795,1.0975952,0.21984863,0.22628784,0.19055176,0.18630981,0.9222412,1.426178,2.0644226,1.2587585,0.29959106,0.32611084,0.33511353,0.2886963,1.2443542,2.0499573,2.3849792,1.5979309
2189.5,0.07507324,0.09588623,-0.00970459,0.13204956,0.4887085,0.54504395,0.9812927,0.103271484,0.11090088,0.123535156,0.06274414,0.2177124,0.32278442,0.530426,1.1742859,0.44439697,0.13977051,0.1630249,0.23202515,0.049438477,0.18917847,1.0652771,1.326294,0.847229,0.2008667,0.22558594,0.2434082,0.19100952,0.347229,1.4585266,2.0193787,1.097168,0.21969604,0.2260437,0.1913147,0.19448853,0.9215393,1.4265442,2.0639648,1.2553406,0.29943848,0.3257141,0.33370972,0.29788208,1.2440491,2.0488586,2.384674,1.5987244
2190.5,0.07501221,0.09585571,-0.004119873,0.131073,0.4880371,0.5443115,0.98379517,0.10336304,0.110839844,0.1234436,0.06375122,0.2159729,0.3210144,0.5291748,1.1755676,0.44418335,0.13973999,0.16287231,0.23345947,0.06036377,0.18826294,1.0643005,1.3283081,0.8465576,0.20077515,0.22537231,0.2420044,0.19784546,0.34729004,1.4567261,2.0230408,1.0961609,0.21960449,0.22573853,0.19631958,0.20202637,0.92123413,1.4255676,2.0617676,1.2529907,0.2992859,0.32522583,0.33587646,0.30526733,1.2437744,2.0475159,2.383667,1.5987854
2191.5,0.07498169,0.095947266,-0.00064086914,0.13027954,0.4873047,0.543396,0.9843445,0.103302,0.11077881,0.12332153,0.06567383,0.21313477,0.3210144,0.52752686,1.175354,0.44354248,0.13967896,0.16275024,0.23129272,0.06930542,0.1885376,1.063446,1.3245239,0.8453369,0.20065308,0.22512817,0.23779297,0.2034607,0.34695435,1.4551392,2.0210266,1.0928345,0.21948242,0.22558594,0.19900513,0.20999146,0.9205017,1.4241638,2.0586548,1.2507324,0.29916382,0.32485962,0.33596802,0.31192017,1.2436523,2.0462952,2.3819275,1.5971375
2192.5,0.074920654,0.09609985,0.0030822754,0.13009644,0.4838562,0.5430908,0.9852905,0.10324097,0.11074829,0.12359619,0.07046509,0.2098999,0.32070923,0.5260925,1.1740417,0.44351196,0.13961792,0.1628418,0.23010254,0.07626343,0.18838501,1.0623779,1.3189392,0.84506226,0.20056152,0.22537231,0.23480225,0.20806885,0.3461914,1.4528809,2.0178528,1.0895691,0.21942139,0.22543335,0.20263672,0.21713257,0.9188843,1.4229736,2.057495,1.25,0.29907227,0.32489014,0.33843994,0.31811523,1.2434387,2.0453186,2.380249,1.5949402
2193.5,0.074920654,0.096069336,0.0063171387,0.12860107,0.48010254,0.54281616,0.9840698,0.103393555,0.11074829,0.12362671,0.07305908,0.21035767,0.31958008,0.5251465,1.1720581,0.44378662,0.1395874,0.16293335,0.22842407,0.08685303,0.18798828,1.061676,1.314331,0.8451233,0.20050049,0.22537231,0.23220825,0.21429443,0.3456726,1.4512329,2.015808,1.0883179,0.21929932,0.22518921,0.20513916,0.22695923,0.9166565,1.4225769,2.0563965,1.2501526,0.2989807,0.3246765,0.3404541,0.32681274,1.2420044,2.044983,2.3781433,1.5924683
2194.5,0.074920654,0.09603882,0.010040283,0.12731934,0.4774475,0.54385376,0.98605347,0.10360718,0.110687256,0.123535156,0.07348633,0.2116394,0.31884766,0.52453613,1.1712341,0.4432068,0.13952637,0.16290283,0.22671509,0.10116577,0.18777466,1.0621338,1.3164673,0.84277344,0.20037842,0.22515869,0.22924805,0.21951294,0.34527588,1.4501343,2.016693,1.0878601,0.21920776,0.22494507,0.20837402,0.2401123,0.91452026,1.4233398,2.0585632,1.2502747,0.29888916,0.3242798,0.34326172,0.3362732,1.2400208,2.0454102,2.3796997,1.5899658
2195.5,0.07489014,0.09591675,0.01574707,0.12582397,0.47613525,0.5444641,0.98812866,0.103759766,0.11065674,0.12338257,0.07614136,0.20925903,0.31863403,0.5235596,1.1706238,0.4433899,0.13946533,0.16271973,0.22473145,0.10848999,0.18759155,1.0621643,1.3186646,0.8395691,0.20028687,0.22479248,0.22201538,0.22439575,0.34484863,1.4490051,2.0204163,1.0882874,0.2190857,0.22467041,0.21292114,0.24707031,0.910553,1.4242859,2.0606384,1.2505188,0.2987671,0.3237915,0.3451233,0.3420105,1.2393799,2.045807,2.3831787,1.5895386
2196.5,0.07485962,0.09585571,0.019927979,0.12524414,0.47647095,0.545166,0.9871826,0.10418701,0.110565186,0.123291016,0.07772827,0.205719,0.318573,0.5229492,1.1705017,0.4433899,0.1394043,0.1625061,0.21813965,0.114990234,0.18795776,1.0623169,1.3192139,0.8383179,0.20019531,0.22451782,0.21063232,0.22998047,0.344635,1.4490051,2.0251465,1.08844,0.21896362,0.22445679,0.21621704,0.25152588,0.9076843,1.4255371,2.0605164,1.2507629,0.2986145,0.32339478,0.34417725,0.3466797,1.2394409,2.045929,2.386139,1.589508
2197.5,0.074798584,0.095825195,0.022064209,0.12527466,0.47750854,0.5458374,0.98483276,0.10412598,0.11050415,0.123168945,0.07733154,0.2026062,0.31466675,0.52227783,1.1715698,0.4423523,0.13934326,0.16235352,0.21115112,0.12045288,0.18893433,1.061615,1.3182373,0.8373108,0.20010376,0.22433472,0.19909668,0.23553467,0.34429932,1.4485474,2.0273743,1.0878906,0.21887207,0.2243042,0.21774292,0.2557068,0.90625,1.4253235,2.0596008,1.2503357,0.29849243,0.32302856,0.34387207,0.3534546,1.2397461,2.0447388,2.3862305,1.5891418
2198.5,0.07476807,0.09597778,0.022064209,0.12463379,0.47769165,0.54592896,0.9839783,0.10491943,0.110443115,0.12298584,0.076171875,0.19976807,0.31106567,0.52145386,1.171814,0.43972778,0.13928223,0.16226196,0.20733643,0.12506104,0.18945312,1.0607605,1.3169556,0.8369751,0.2000122,0.2241211,0.18911743,0.23864746,0.34265137,1.4482727,2.0264587,1.0874329,0.21875,0.22409058,0.21920776,0.25881958,0.90527344,1.4242554,2.057312,1.25,0.29833984,0.3229065,0.34451294,0.35845947,1.2389832,2.043396,2.3833008,1.5895996
2199.5,0.07476807,0.095947266,0.021881104,0.12615967,0.47799683,0.545105,0.9819641,0.10623169,0.11038208,0.12286377,0.07635498,0.1963501,0.3102417,0.5199585,1.1710815,0.4367981,0.13922119,0.16220093,0.2059021,0.13259888,0.19015503,1.0601501,1.3139648,0.83755493,0.19992065,0.22399902,0.181427,0.24441528,0.34262085,1.4476318,2.02182,1.0873718,0.21862793,0.22387695,0.2234497,0.26467896,0.9059448,1.4226685,2.0536194,1.2504578,0.29821777,0.3227234,0.34649658,0.3656311,1.2390442,2.0411987,2.3801575,1.5913391
2200.5,0.07470703,0.09579468,0.027923584,0.12738037,0.47839355,0.5444946,0.9770813,0.10992432,0.11029053,0.1227417,0.08224487,0.1921997,0.31066895,0.51846313,1.1699829,0.4390869,0.13912964,0.16210938,0.20599365,0.1381836,0.18966675,1.0597534,1.3101501,0.8406372,0.19979858,0.2237854,0.17614746,0.25271606,0.34277344,1.4457703,2.0160522,1.0918884,0.21847534,0.22366333,0.23068237,0.26843262,0.9062195,1.4213562,2.0488892,1.2545471,0.2980957,0.32244873,0.35128784,0.3748169,1.2378845,2.0395508,2.3780212,1.596344
2201.5,0.07470703,0.095703125,0.03149414,0.12728882,0.47805786,0.54422,0.97280884,0.10964966,0.11026001,0.12261963,0.08520508,0.1878357,0.31106567,0.5169983,1.1689148,0.44088745,0.13909912,0.16201782,0.19894409,0.14111328,0.18884277,1.059082,1.3075867,0.84246826,0.19973755,0.22354126,0.17025757,0.2564087,0.34225464,1.4432983,2.0121765,1.094635,0.21838379,0.22348022,0.23364258,0.27072144,0.90625,1.420044,2.0470886,1.2568054,0.2980652,0.32214355,0.35305786,0.37704468,1.2366638,2.0382385,2.3778381,1.5991211
2202.5,0.07467651,0.09561157,0.036468506,0.1302185,0.47366333,0.5432129,0.9720154,0.10913086,0.11016846,0.122528076,0.09164429,0.18869019,0.309906,0.5155945,1.1677246,0.4420166,0.13900757,0.16186523,0.18850708,0.14718628,0.18734741,1.0574341,1.307251,0.84246826,0.199646,0.22332764,0.16513062,0.2607727,0.34109497,1.4400635,2.010376,1.095398,0.21826172,0.2232666,0.23910522,0.27755737,0.9059143,1.4183655,2.0474854,1.256134,0.29794312,0.32180786,0.35684204,0.3824768,1.2331543,2.0368958,2.3794556,1.5996094
2203.5,0.074645996,0.09555054,0.041046143,0.13165283,0.47006226,0.5418701,0.97265625,0.10870361,0.11010742,0.12243652,0.095062256,0.18847656,0.30911255,0.5140991,1.1685181,0.44281006,0.13894653,0.16165161,0.1791687,0.15029907,0.18676758,1.056427,1.308075,0.84298706,0.19958496,0.22314453,0.1595459,0.2659607,0.34051514,1.4381104,2.0092163,1.0958862,0.21813965,0.22299194,0.2444458,0.28295898,0.9052429,1.4175415,2.0475464,1.2563171,0.29785156,0.32144165,0.36193848,0.3885498,1.230133,2.0360107,2.3800354,1.5991821
2204.5,0.07461548,0.09564209,0.04727173,0.13064575,0.46875,0.5407715,0.9713135,0.10897827,0.11001587,0.12246704,0.09753418,0.18737793,0.309906,0.5123596,1.1683044,0.44329834,0.13885498,0.16152954,0.17044067,0.15264893,0.18722534,1.0556946,1.3085327,0.84368896,0.19949341,0.2230835,0.15411377,0.26657104,0.34103394,1.4363403,2.00766,1.0959778,0.21801758,0.2227478,0.25167847,0.28500366,0.9024658,1.416748,2.0459595,1.2568054,0.29769897,0.32107544,0.36517334,0.3927307,1.2294006,2.034607,2.3763428,1.5988464
2205.5,0.07461548,0.09567261,0.05203247,0.12872314,0.46966553,0.54019165,0.9682617,0.10977173,0.109954834,0.12237549,0.09887695,0.18661499,0.3116455,0.5110779,1.1655884,0.44351196,0.13882446,0.16134644,0.16113281,0.153656,0.18875122,1.0549316,1.3104553,0.8440857,0.19943237,0.22290039,0.1489563,0.26782227,0.34179688,1.434021,2.0078125,1.0958252,0.21789551,0.22253418,0.25784302,0.28573608,0.89956665,1.4160767,2.0460815,1.2569885,0.29760742,0.32073975,0.36721802,0.39257812,1.229187,2.0329895,2.3717346,1.5995483
2206.5,0.074523926,0.095581055,0.057617188,0.12594604,0.47177124,0.54019165,0.9685974,0.11035156,0.10986328,0.1222229,0.10357666,0.18493652,0.3103943,0.50979614,1.1669922,0.44345093,0.13873291,0.16122437,0.15579224,0.15383911,0.19058228,1.0542297,1.3131409,0.8444214,0.1993103,0.22271729,0.14718628,0.26965332,0.3430786,1.4320679,2.009552,1.0964966,0.21777344,0.22229004,0.26730347,0.28497314,0.89779663,1.4151917,2.0480652,1.2565308,0.29742432,0.32040405,0.37225342,0.39105225,1.2297974,2.0319824,2.3718872,1.5999756
2207.5,0.07449341,0.09542847,0.06185913,0.12332153,0.47369385,0.54000854,0.9706726,0.111450195,0.10983276,0.12210083,0.10873413,0.18374634,0.30792236,0.5081177,1.1710205,0.44378662,0.13867188,0.16107178,0.15270996,0.15231323,0.1921997,1.0533142,1.315979,0.8448181,0.19921875,0.22250366,0.14712524,0.27020264,0.3439026,1.4302979,2.011963,1.0968018,0.21768188,0.22207642,0.27365112,0.28475952,0.89627075,1.4143677,2.051361,1.2536316,0.29730225,0.3201599,0.3814392,0.3890686,1.230011,2.0316467,2.3750916,1.6009827
2208.5,0.07443237,0.09524536,0.068847656,0.122283936,0.4743042,0.5397339,0.9729614,0.11279297,0.10974121,0.12197876,0.11706543,0.18240356,0.30490112,0.5062866,1.1729431,0.44360352,0.13858032,0.1609497,0.15933228,0.15167236,0.19070435,1.0523071,1.3180542,0.8456726,0.19906616,0.22225952,0.15560913,0.2694702,0.3414917,1.428833,2.0134277,1.0970764,0.2175293,0.22189331,0.28842163,0.28381348,0.89434814,1.4135132,2.0527039,1.251831,0.29714966,0.31988525,0.40014648,0.38864136,1.2282715,2.031311,2.3766785,1.6025696
2209.5,0.07437134,0.09503174,0.080718994,0.12200928,0.47332764,0.53930664,0.97494507,0.11407471,0.10964966,0.12188721,0.13034058,0.18054199,0.3024292,0.5045166,1.1742554,0.44396973,0.13848877,0.16079712,0.16241455,0.15310669,0.18893433,1.0516663,1.320404,0.8463135,0.19894409,0.2220459,0.1643982,0.26879883,0.33877563,1.4272766,2.0141907,1.0966492,0.21740723,0.22164917,0.30545044,0.28323364,0.89312744,1.4127197,2.0507812,1.2510376,0.29699707,0.3196106,0.41964722,0.3878479,1.2251892,2.0310974,2.37854,1.6038818
2210.5,0.07437134,0.0949707,0.09741211,0.1237793,0.47164917,0.53860474,0.97662354,0.11444092,0.10961914,0.121795654,0.13989258,0.17919922,0.3005371,0.5030823,1.1751404,0.44430542,0.13842773,0.16061401,0.1630249,0.15570068,0.18682861,1.0510864,1.3204651,0.84606934,0.19885254,0.22195435,0.17660522,0.2705078,0.33724976,1.425415,2.0135803,1.092926,0.21734619,0.22149658,0.32608032,0.28448486,0.8920593,1.4119873,2.046997,1.2501526,0.29690552,0.31933594,0.43795776,0.38983154,1.2228088,2.0299072,2.3791199,1.6046143
2211.5,0.0743103,0.0949707,0.11099243,0.12423706,0.47079468,0.5383606,0.9789734,0.11489868,0.10958862,0.1217041,0.14328003,0.17807007,0.29940796,0.5024109,1.173584,0.44451904,0.1383667,0.16049194,0.15612793,0.15609741,0.18582153,1.0515137,1.3178711,0.84625244,0.19882202,0.22189331,0.18527222,0.2715149,0.33547974,1.4241333,2.012909,1.0916748,0.21728516,0.22137451,0.3336792,0.28555298,0.892334,1.4120483,2.0449524,1.2498779,0.296875,0.31906128,0.4513855,0.39138794,1.2221375,2.0292053,2.3781738,1.6045532
2212.5,0.074279785,0.09512329,0.12625122,0.12399292,0.4684143,0.5388489,0.98184204,0.11489868,0.10952759,0.12173462,0.15209961,0.17578125,0.29919434,0.5019226,1.1703186,0.44384766,0.13830566,0.16052246,0.15386963,0.1552124,0.18600464,1.0516663,1.3136292,0.8451538,0.19873047,0.22192383,0.19793701,0.27087402,0.33416748,1.4231567,2.013916,1.0908203,0.2171936,0.22131348,0.34439087,0.28552246,0.89315796,1.4115906,2.0430908,1.2493591,0.29675293,0.3189087,0.46398926,0.39163208,1.221405,2.0284119,2.3763123,1.601532
2213.5,0.07424927,0.09524536,0.14151001,0.12423706,0.46591187,0.539978,0.983551,0.11532593,0.10946655,0.121795654,0.15994263,0.17608643,0.299469,0.5015869,1.1687927,0.44314575,0.13824463,0.16055298,0.15374756,0.15499878,0.18615723,1.0514526,1.3121948,0.841156,0.1986084,0.22210693,0.20654297,0.26953125,0.33218384,1.4224854,2.0171814,1.0906067,0.21707153,0.22128296,0.35665894,0.285614,0.8934326,1.4111023,2.0404663,1.2479858,0.29660034,0.31900024,0.47457886,0.39151,1.2192688,2.0278625,2.3759155,1.6000366
2214.5,0.07418823,0.095184326,0.15820312,0.12527466,0.4635315,0.5401306,0.9830017,0.11529541,0.10940552,0.1217041,0.16906738,0.17529297,0.29989624,0.5003967,1.1671448,0.44314575,0.13812256,0.16043091,0.15826416,0.15594482,0.18591309,1.0507507,1.3130188,0.83862305,0.19851685,0.22195435,0.21646118,0.26882935,0.33062744,1.4207764,2.0170288,1.0908203,0.21694946,0.22116089,0.37319946,0.28619385,0.89346313,1.409668,2.0373535,1.2474976,0.29641724,0.31884766,0.489563,0.39120483,1.2172546,2.0265808,2.3753052,1.5993958
2215.5,0.074157715,0.095062256,0.17553711,0.12664795,0.46102905,0.53860474,0.9784241,0.11505127,0.109313965,0.12161255,0.17849731,0.17565918,0.2987976,0.49935913,1.1652222,0.44311523,0.138031,0.1602478,0.16384888,0.15689087,0.1843872,1.0500488,1.3116455,0.8366089,0.19836426,0.2217102,0.22567749,0.26956177,0.3291626,1.4188538,2.0128174,1.0906677,0.21676636,0.2210083,0.38891602,0.2892151,0.89105225,1.4089661,2.0331726,1.2474365,0.29623413,0.31860352,0.50393677,0.39120483,1.2140198,2.0256348,2.3716736,1.5985107
2216.5,0.07409668,0.0949707,0.18603516,0.12600708,0.46090698,0.53686523,0.9768677,0.115478516,0.10925293,0.121520996,0.18655396,0.17449951,0.29736328,0.4979248,1.1661682,0.44232178,0.13796997,0.16003418,0.16763306,0.15777588,0.18237305,1.0490417,1.3122559,0.83483887,0.19824219,0.22146606,0.23358154,0.2705078,0.328125,1.4176025,2.012268,1.0904236,0.21661377,0.2208252,0.40167236,0.29196167,0.8890381,1.4077148,2.0318298,1.2473755,0.29605103,0.31829834,0.517395,0.39111328,1.2114868,2.0246277,2.3717957,1.5982666
2217.5,0.074035645,0.09490967,0.19424438,0.12628174,0.46069336,0.53564453,0.97854614,0.11505127,0.109191895,0.12149048,0.19424438,0.17398071,0.2955017,0.49621582,1.1685486,0.43826294,0.13790894,0.15988159,0.16854858,0.15975952,0.18032837,1.0475464,1.3125305,0.8338623,0.19812012,0.221344,0.24380493,0.27090454,0.3274231,1.4162903,2.013153,1.0898743,0.2164917,0.2206726,0.41409302,0.2934265,0.8869629,1.4057922,2.0316162,1.2469788,0.29589844,0.31802368,0.52978516,0.39144897,1.2089233,2.0227356,2.3742065,1.5980835
2218.5,0.07400513,0.09487915,0.20101929,0.12527466,0.46148682,0.53530884,0.977417,0.11431885,0.10913086,0.12142944,0.1993103,0.17294312,0.29379272,0.49441528,1.167572,0.43658447,0.13781738,0.159729,0.16696167,0.15771484,0.18045044,1.0465088,1.3105774,0.83499146,0.19799805,0.22122192,0.2536316,0.27090454,0.32766724,1.4153748,2.0144653,1.0902405,0.21633911,0.22055054,0.42034912,0.2886963,0.8856201,1.4047546,2.0319824,1.2478333,0.29571533,0.3177185,0.535614,0.39041138,1.2079468,2.02063,2.3772888,1.5994873
2219.5,0.073913574,0.09490967,0.20736694,0.12472534,0.46359253,0.53533936,0.9743347,0.114593506,0.10903931,0.12133789,0.20254517,0.17196655,0.29415894,0.49328613,1.1648865,0.43856812,0.13775635,0.15963745,0.16494751,0.15292358,0.18157959,1.0462341,1.3086243,0.838501,0.19787598,0.22113037,0.26242065,0.2713623,0.3274536,1.4143677,2.015442,1.0934143,0.21618652,0.22042847,0.42538452,0.28277588,0.8854065,1.4048157,2.0305786,1.2520752,0.29559326,0.31747437,0.53881836,0.38674927,1.2084045,2.0191956,2.3770142,1.6038208
2220.5,0.07385254,0.094818115,0.21368408,0.12612915,0.46585083,0.535553,0.9694824,0.11520386,0.108947754,0.1211853,0.20675659,0.1713562,0.29586792,0.49246216,1.1610413,0.4392395,0.1376648,0.15951538,0.16567993,0.14929199,0.18270874,1.046051,1.3059082,0.8404541,0.1977539,0.22097778,0.26617432,0.27371216,0.32803345,1.4128418,2.013794,1.0953674,0.21606445,0.22027588,0.4310608,0.27923584,0.8843689,1.4048157,2.0283813,1.255249,0.29544067,0.31723022,0.54504395,0.38238525,1.2087708,2.0186462,2.3738708,1.6074524
2221.5,0.073791504,0.09466553,0.21994019,0.12704468,0.46542358,0.5358887,0.9644165,0.115722656,0.1088562,0.12106323,0.21191406,0.169281,0.29690552,0.49215698,1.157898,0.4394226,0.13757324,0.15942383,0.16265869,0.15020752,0.18136597,1.0458374,1.3027954,0.84140015,0.19766235,0.2208252,0.26864624,0.28042603,0.32629395,1.4107971,2.0098267,1.0965576,0.21591187,0.22015381,0.43704224,0.28100586,0.8833313,1.4051208,2.026703,1.2564087,0.29525757,0.3170166,0.55303955,0.38516235,1.2057495,2.0184631,2.37146,1.6098938
2222.5,0.07376099,0.09454346,0.22518921,0.12667847,0.46432495,0.5352173,0.96343994,0.11630249,0.108795166,0.12097168,0.21697998,0.16760254,0.2982483,0.49057007,1.1584167,0.4399414,0.1375122,0.15933228,0.15795898,0.15158081,0.18087769,1.0446472,1.3026733,0.8423462,0.1975708,0.2206726,0.26934814,0.28234863,0.32495117,1.4091187,2.0090332,1.0978088,0.21582031,0.22000122,0.44369507,0.28070068,0.8840637,1.4039001,2.027832,1.2579651,0.29510498,0.31677246,0.55911255,0.38775635,1.2041626,2.0176086,2.3717957,1.6118164
2223.5,0.07376099,0.09442139,0.23092651,0.1272583,0.4618225,0.53463745,0.96395874,0.116882324,0.10876465,0.12088013,0.22055054,0.16720581,0.2970276,0.4888916,1.1632385,0.4411316,0.13748169,0.1592102,0.15435791,0.15341187,0.18014526,1.0426941,1.3044739,0.8439331,0.19750977,0.22052002,0.27127075,0.28442383,0.32269287,1.4068298,2.0095825,1.0987244,0.21572876,0.21987915,0.45129395,0.28222656,0.88360596,1.4014893,2.027893,1.2589417,0.29507446,0.31652832,0.56381226,0.38900757,1.2007751,2.0159607,2.373291,1.6133728
2224.5,0.07373047,0.09439087,0.23620605,0.12643433,0.45907593,0.53414917,0.9630127,0.11694336,0.10870361,0.12088013,0.22296143,0.1659851,0.2956848,0.48794556,1.1672058,0.44158936,0.13742065,0.15905762,0.15109253,0.15478516,0.1803894,1.0423584,1.3067322,0.84384155,0.19741821,0.22039795,0.27355957,0.2835083,0.32131958,1.403717,2.0117493,1.0987854,0.2156372,0.21975708,0.4581604,0.28271484,0.88235474,1.3995361,2.0270386,1.2590332,0.2949524,0.31625366,0.5684509,0.38882446,1.1971436,2.0136719,2.3738098,1.6137085
2225.5,0.07369995,0.09436035,0.23999023,0.12680054,0.45840454,0.5340576,0.96432495,0.1161499,0.10858154,0.12084961,0.22329712,0.165802,0.29556274,0.48757935,1.1707153,0.44143677,0.1373291,0.15896606,0.14544678,0.15582275,0.18066406,1.0422058,1.3098145,0.84329224,0.19729614,0.2203064,0.27438354,0.28128052,0.32138062,1.401947,2.0163574,1.0982361,0.21548462,0.21969604,0.46328735,0.2828369,0.881958,1.3990173,2.0285645,1.2562866,0.2947693,0.31600952,0.56585693,0.38772583,1.1950073,2.0126953,2.3762512,1.6135254
2226.5,0.073638916,0.094329834,0.24206543,0.12573242,0.45837402,0.533905,0.9675598,0.11578369,0.10852051,0.120788574,0.22467041,0.16452026,0.29403687,0.486969,1.1721497,0.4414978,0.13723755,0.15890503,0.13903809,0.15707397,0.17959595,1.0417786,1.3128357,0.8430481,0.19714355,0.22021484,0.27114868,0.27944946,0.32125854,1.4014587,2.0207214,1.0981445,0.21530151,0.21960449,0.4607544,0.28305054,0.8816223,1.4000549,2.0318604,1.2530212,0.2946167,0.31582642,0.5604248,0.3861084,1.1936951,2.0127869,2.3799133,1.6140137
2227.5,0.0736084,0.094329834,0.23803711,0.124694824,0.4588623,0.5332031,0.9687195,0.11514282,0.108428955,0.12075806,0.2241211,0.16375732,0.29351807,0.48529053,1.1705322,0.440979,0.137146,0.15887451,0.13189697,0.15863037,0.17837524,1.0420227,1.3118896,0.8423767,0.19702148,0.22015381,0.2668152,0.27859497,0.32141113,1.4000549,2.0194702,1.0973206,0.21517944,0.21951294,0.45526123,0.2828369,0.88131714,1.4006958,2.0325317,1.2510376,0.2944641,0.31567383,0.55459595,0.38528442,1.1912842,2.0121765,2.3806152,1.6144409
2228.5,0.07354736,0.094177246,0.23233032,0.122558594,0.459198,0.53271484,0.96987915,0.11483765,0.1083374,0.12069702,0.21478271,0.162323,0.29241943,0.4831543,1.1707153,0.43988037,0.13705444,0.15881348,0.1253357,0.15795898,0.17858887,1.0417786,1.3111572,0.8421631,0.19689941,0.22000122,0.263031,0.2774048,0.32138062,1.3962402,2.0185852,1.0939026,0.21502686,0.21939087,0.44882202,0.28234863,0.880188,1.4008789,2.0329285,1.2492065,0.2942505,0.3154602,0.54940796,0.3847046,1.1878662,2.0109863,2.3804016,1.6149292
2229.5,0.07348633,0.094055176,0.22994995,0.12121582,0.46020508,0.53201294,0.970459,0.11468506,0.10821533,0.12063599,0.20309448,0.16131592,0.29083252,0.48254395,1.1725464,0.43881226,0.13693237,0.15872192,0.12237549,0.15646362,0.17855835,1.040863,1.3145752,0.8418884,0.19674683,0.21984863,0.25979614,0.2774353,0.32156372,1.3945007,2.020691,1.0914307,0.21484375,0.21929932,0.44522095,0.28311157,0.88079834,1.40094,2.032898,1.2481079,0.29406738,0.31524658,0.5486145,0.38461304,1.1828918,2.0108032,2.3796692,1.615387
2230.5,0.07345581,0.093933105,0.22262573,0.12017822,0.4621582,0.53237915,0.9710388,0.115448,0.10812378,0.12054443,0.18945312,0.16043091,0.29022217,0.48239136,1.1767883,0.4383545,0.13684082,0.15853882,0.11685181,0.1564331,0.17892456,1.0403442,1.3181763,0.8418884,0.19662476,0.21969604,0.2541504,0.27755737,0.3216858,1.3935547,2.0217285,1.0903625,0.21472168,0.21911621,0.44210815,0.28253174,0.88186646,1.4012451,2.0343628,1.2477417,0.2939148,0.3149414,0.5466919,0.38067627,1.1826477,2.01062,2.379547,1.6156311
2231.5,0.07348633,0.09387207,0.21749878,0.12097168,0.4612732,0.5336914,0.9746094,0.11630249,0.10809326,0.1204834,0.17877197,0.16088867,0.28842163,0.48254395,1.1812744,0.43875122,0.1368103,0.15835571,0.1076355,0.15963745,0.17749023,1.0409241,1.3236389,0.8391113,0.19659424,0.21957397,0.25128174,0.27893066,0.3192749,1.3938293,2.0221863,1.089447,0.21466064,0.21896362,0.44256592,0.2841797,0.88064575,1.4023438,2.0372925,1.2479248,0.2939453,0.31466675,0.5470886,0.3774109,1.1816406,2.01062,2.3842163,1.6132812
2232.5,0.07345581,0.09396362,0.21740723,0.121520996,0.4590454,0.5352173,0.97802734,0.11657715,0.10800171,0.12054443,0.17358398,0.1612854,0.28671265,0.4831848,1.1846619,0.43930054,0.13674927,0.15829468,0.09875488,0.16033936,0.17544556,1.0419312,1.3262329,0.8355713,0.19647217,0.21951294,0.25152588,0.28045654,0.3166504,1.3936462,2.0198364,1.0887451,0.21450806,0.21890259,0.44580078,0.28640747,0.8788452,1.4037781,2.0393982,1.2478943,0.2937622,0.31445312,0.55081177,0.37384033,1.1794739,2.0117798,2.3878784,1.6109924
2233.5,0.07333374,0.09396362,0.21896362,0.12161255,0.45510864,0.53570557,0.9803467,0.11715698,0.10784912,0.120513916,0.17132568,0.16207886,0.28604126,0.48413086,1.188324,0.4399109,0.1366272,0.15823364,0.09197998,0.15771484,0.17312622,1.0424805,1.3245239,0.8340454,0.19628906,0.21942139,0.25305176,0.28189087,0.31365967,1.3944092,2.0194397,1.0883789,0.21432495,0.21881104,0.4501648,0.28536987,0.87646484,1.4041748,2.0382996,1.247406,0.29351807,0.3142395,0.5550537,0.37008667,1.1756592,2.012268,2.3864746,1.61026
2234.5,0.07330322,0.09390259,0.22045898,0.12030029,0.45385742,0.5364685,0.98376465,0.11791992,0.107788086,0.12045288,0.1699524,0.16894531,0.28549194,0.4845581,1.190155,0.4404297,0.13656616,0.1581726,0.08166504,0.15966797,0.17147827,1.0424805,1.3230591,0.8335266,0.19619751,0.21932983,0.25567627,0.2894287,0.31210327,1.3942261,2.0194397,1.0880432,0.21420288,0.21871948,0.4517212,0.28918457,0.875,1.4042664,2.038971,1.2469482,0.29336548,0.3140564,0.55459595,0.3730774,1.1724854,2.0119934,2.3853455,1.6102905
2235.5,0.07321167,0.09378052,0.22085571,0.12020874,0.45422363,0.5341797,0.98153687,0.11804199,0.107666016,0.12036133,0.16748047,0.1767273,0.2864685,0.48425293,1.1839905,0.440094,0.13644409,0.15805054,0.07009888,0.15982056,0.17089844,1.0422363,1.3212585,0.8324585,0.19607544,0.21917725,0.2532959,0.29577637,0.3126831,1.3933411,2.0183105,1.0879517,0.21401978,0.2185669,0.45114136,0.29406738,0.8747864,1.4036865,2.0347595,1.2459412,0.29312134,0.31381226,0.55307007,0.3776245,1.170166,2.012268,2.3817444,1.6103821
2236.5,0.07318115,0.093566895,0.22177124,0.12261963,0.4553833,0.53237915,0.97891235,0.11740112,0.10760498,0.12023926,0.1637268,0.18231201,0.28683472,0.48345947,1.1789246,0.43667603,0.13638306,0.15789795,0.059570312,0.15991211,0.17089844,1.0413513,1.3200989,0.8312988,0.19592285,0.21902466,0.25057983,0.30145264,0.3140564,1.3904724,2.0181274,1.0879822,0.2138977,0.21838379,0.4503479,0.30010986,0.87423706,1.4013977,2.031952,1.2454224,0.2929077,0.31356812,0.55166626,0.3847046,1.1678467,2.0118713,2.3805237,1.6106567
2237.5,0.07312012,0.093444824,0.22485352,0.12841797,0.45666504,0.53125,0.9852295,0.11581421,0.10751343,0.12008667,0.1592102,0.1899414,0.28625488,0.48260498,1.1863708,0.4345703,0.1362915,0.15771484,0.04977417,0.16253662,0.17184448,1.0412598,1.3270569,0.8319397,0.19580078,0.21887207,0.24835205,0.30859375,0.31515503,1.3903809,2.0233154,1.0887756,0.2137146,0.21820068,0.45010376,0.3027954,0.8751831,1.4004822,2.0358276,1.2464294,0.2927246,0.31329346,0.5498657,0.38952637,1.1648865,2.0101624,2.3901367,1.6114502
2238.5,0.07321167,0.09335327,0.22817993,0.13470459,0.45892334,0.53009033,0.99438477,0.11605835,0.10760498,0.11999512,0.14828491,0.1973877,0.28707886,0.48110962,1.1931152,0.43692017,0.13623047,0.1574707,0.041229248,0.16445923,0.17404175,1.0402222,1.335022,0.8355713,0.19586182,0.21871948,0.24676514,0.3111267,0.31689453,1.3898315,2.032135,1.0921936,0.21368408,0.2180481,0.45022583,0.3045349,0.8762512,1.3994141,2.039795,1.2498474,0.29281616,0.31298828,0.54800415,0.39215088,1.1643982,2.0096436,2.3976135,1.6148071
2239.5,0.07330322,0.093322754,0.23574829,0.13919067,0.45983887,0.52822876,1.0073547,0.11663818,0.1076355,0.1199646,0.13928223,0.20370483,0.28671265,0.47979736,1.2035828,0.43856812,0.13623047,0.15731812,0.039642334,0.16674805,0.17428589,1.0394592,1.3421936,0.8384094,0.19586182,0.21862793,0.2512207,0.3105774,0.315979,1.3885803,2.0439758,1.095459,0.21368408,0.21792603,0.45596313,0.30517578,0.8748779,1.3981323,2.0494995,1.2530212,0.29299927,0.3126526,0.5522461,0.39379883,1.162323,2.0080566,2.4064026,1.6183777
2240.5,0.073272705,0.09329224,0.24359131,0.13931274,0.4619751,0.52749634,1.0120544,0.116760254,0.107543945,0.1199646,0.13302612,0.20999146,0.2868042,0.47903442,1.2107239,0.43972778,0.13613892,0.15725708,0.043792725,0.16921997,0.17492676,1.0395203,1.3469849,0.8406067,0.19577026,0.21853638,0.25402832,0.31069946,0.31451416,1.3849182,2.049591,1.0981445,0.2135315,0.21789551,0.4668274,0.30706787,0.8730469,1.3972473,2.0561218,1.2557983,0.29284668,0.31237793,0.5614319,0.39535522,1.1611633,2.0065613,2.4108582,1.6216431
2241.5,0.07318115,0.0932312,0.24847412,0.13845825,0.4647522,0.5269165,1.011322,0.116760254,0.107421875,0.11987305,0.12710571,0.21142578,0.2876892,0.47705078,1.2167053,0.440094,0.13595581,0.15713501,0.042266846,0.17077637,0.17575073,1.0384216,1.3525391,0.8417053,0.19558716,0.21838379,0.25646973,0.3107605,0.31402588,1.381012,2.0543213,1.0989685,0.21331787,0.21780396,0.4781494,0.30789185,0.8725281,1.3963928,2.0612793,1.2570496,0.29257202,0.31210327,0.5709839,0.39538574,1.161377,2.004364,2.4142456,1.6231995
2242.5,0.07312012,0.093048096,0.25183105,0.13867188,0.46417236,0.52593994,1.019867,0.116607666,0.10733032,0.11975098,0.121795654,0.21130371,0.28723145,0.47473145,1.2251892,0.4402771,0.13583374,0.1569519,0.03878784,0.17126465,0.17434692,1.0338745,1.3622742,0.8423157,0.19543457,0.21826172,0.25881958,0.31228638,0.31240845,1.3785706,2.06427,1.0991211,0.21310425,0.21768188,0.4859314,0.309021,0.87075806,1.3961792,2.0672607,1.2576904,0.2923584,0.3117981,0.5774231,0.39700317,1.1592407,2.002777,2.4252014,1.6238708
2243.5,0.07305908,0.09286499,0.26205444,0.13775635,0.4610901,0.5250244,1.0284119,0.11679077,0.10723877,0.119628906,0.12319946,0.20944214,0.28671265,0.47314453,1.2312622,0.44003296,0.13571167,0.15679932,0.04107666,0.1720581,0.17141724,1.0325317,1.3736877,0.8425293,0.19528198,0.21810913,0.2687683,0.3114624,0.30999756,1.377655,2.0753784,1.0982056,0.21298218,0.2175293,0.4965515,0.309906,0.86950684,1.39505,2.0739136,1.2576904,0.29214478,0.31149292,0.5895386,0.39935303,1.1559143,1.9981995,2.43573,1.6239929
2244.5,0.07299805,0.092681885,0.27520752,0.13595581,0.45861816,0.52407837,1.0315552,0.117004395,0.107177734,0.119506836,0.12753296,0.20700073,0.2852173,0.47232056,1.2410278,0.4404602,0.13562012,0.15661621,0.04296875,0.17230225,0.16751099,1.0303345,1.3832703,0.84259033,0.19515991,0.21792603,0.2796936,0.309021,0.3071289,1.3768921,2.0824585,1.0979309,0.21282959,0.21734619,0.50946045,0.30999756,0.86880493,1.3934021,2.0794678,1.2569275,0.29196167,0.31118774,0.59921265,0.40142822,1.1494141,1.9962158,2.4422302,1.6240234
2245.5,0.07293701,0.09259033,0.28671265,0.1340332,0.4559021,0.5243225,1.036499,0.11691284,0.1071167,0.11941528,0.13153076,0.20547485,0.284729,0.47174072,1.2488403,0.4406128,0.13549805,0.15640259,0.04434204,0.17233276,0.16415405,1.0284424,1.3859253,0.84210205,0.19503784,0.21783447,0.28799438,0.3070984,0.3060913,1.376648,2.0849304,1.0979614,0.21270752,0.21722412,0.5217285,0.30908203,0.8689575,1.3905334,2.0842285,1.2536621,0.29174805,0.31088257,0.6068115,0.40216064,1.1465759,1.9957275,2.4470825,1.6237183
2246.5,0.07287598,0.09246826,0.29766846,0.1317749,0.45510864,0.526001,1.0439148,0.11694336,0.107055664,0.11932373,0.13049316,0.20422363,0.28451538,0.47232056,1.2545166,0.44030762,0.1354065,0.15615845,0.04550171,0.17172241,0.16079712,1.027832,1.3941956,0.8414612,0.19488525,0.21777344,0.29592896,0.30566406,0.3059082,1.3773499,2.0941772,1.0971375,0.21255493,0.21707153,0.5332947,0.3079834,0.8699951,1.3904724,2.0931702,1.2498474,0.29153442,0.31054688,0.6131897,0.4026184,1.1440735,1.9959717,2.4554138,1.6231995
2247.5,0.07284546,0.09240723,0.30871582,0.12915039,0.4543457,0.52648926,1.048523,0.11779785,0.10699463,0.11929321,0.12841797,0.20141602,0.28463745,0.47268677,1.2637329,0.4404297,0.13534546,0.15600586,0.04650879,0.16931152,0.1602478,1.0259705,1.403595,0.8418579,0.19476318,0.21768188,0.3031311,0.300354,0.306427,1.3731384,2.1016846,1.0943604,0.21240234,0.21694946,0.54312134,0.30560303,0.86968994,1.3901062,2.0942078,1.248352,0.29135132,0.3102417,0.6133423,0.39993286,1.1419373,1.9943542,2.4637146,1.6231384
2248.5,0.072753906,0.092315674,0.3190918,0.12664795,0.45614624,0.5266113,1.0541077,0.11886597,0.106903076,0.11929321,0.12548828,0.19894409,0.28363037,0.4741211,1.2774658,0.44125366,0.1352539,0.15585327,0.04800415,0.16845703,0.16125488,1.0217285,1.4147949,0.84298706,0.19458008,0.21762085,0.30874634,0.29510498,0.30682373,1.369812,2.1122131,1.0918579,0.21224976,0.21685791,0.5513916,0.30444336,0.8687134,1.390625,2.0969849,1.2476196,0.2911377,0.30993652,0.6102295,0.39624023,1.1413879,1.9925842,2.47641,1.6242065
2249.5,0.07272339,0.09225464,0.32873535,0.12506104,0.4572754,0.5312195,1.0612488,0.11968994,0.106903076,0.11932373,0.12200928,0.19708252,0.28045654,0.4767151,1.2835388,0.4414978,0.13522339,0.15570068,0.04827881,0.16748047,0.16314697,1.0221863,1.4215698,0.84381104,0.19448853,0.21755981,0.30969238,0.29077148,0.3070984,1.3733826,2.1218567,1.0899963,0.21218872,0.21679688,0.5585022,0.3025818,0.86816406,1.3945007,2.0942078,1.2471008,0.29101562,0.30969238,0.60598755,0.3934021,1.1410522,1.993866,2.4855957,1.6246338
2250.5,0.072784424,0.09213257,0.33953857,0.12390137,0.45785522,0.5329895,1.0661316,0.1199646,0.10696411,0.119262695,0.11941528,0.19534302,0.27890015,0.48013306,1.2901611,0.4413452,0.13528442,0.15545654,0.049713135,0.16705322,0.16452026,1.0212097,1.4254761,0.8437195,0.19451904,0.21740723,0.30944824,0.28878784,0.30621338,1.3753052,2.131012,1.0883789,0.21221924,0.2166748,0.5659485,0.3017578,0.86779785,1.3954773,2.089386,1.2471313,0.2909851,0.3093567,0.6013489,0.39056396,1.1389465,1.993103,2.4965515,1.622406
2251.5,0.072784424,0.092041016,0.35202026,0.12359619,0.45559692,0.53356934,1.068634,0.12094116,0.106933594,0.119262695,0.11904907,0.19360352,0.27774048,0.48242188,1.295044,0.4414978,0.13528442,0.15527344,0.05368042,0.16781616,0.16436768,1.0180054,1.4256897,0.8418579,0.19442749,0.21728516,0.31237793,0.28686523,0.30438232,1.3742371,2.1315002,1.0878601,0.2121582,0.21661377,0.57662964,0.30059814,0.8665161,1.395752,2.0818787,1.2477112,0.2909546,0.309021,0.59573364,0.38897705,1.1371765,1.9902344,2.502777,1.6212463
2252.5,0.07281494,0.09197998,0.36541748,0.122924805,0.45401,0.532959,1.0776672,0.12188721,0.106903076,0.119262695,0.11920166,0.1923523,0.2770996,0.48327637,1.3045349,0.44226074,0.13522339,0.15512085,0.058563232,0.1687622,0.16299438,1.0169067,1.4324646,0.8397217,0.19433594,0.2171936,0.3163147,0.2854309,0.3020935,1.3727417,2.1359558,1.0883484,0.21212769,0.21655273,0.5878296,0.299469,0.8649597,1.396698,2.0775757,1.2483826,0.29086304,0.30871582,0.5905762,0.38839722,1.1343994,1.9880676,2.510376,1.6213379
2253.5,0.07272339,0.09188843,0.3781433,0.121520996,0.4537964,0.5322876,1.0810242,0.12231445,0.10684204,0.119262695,0.11920166,0.19036865,0.2781372,0.4803772,1.3119202,0.44296265,0.13513184,0.15499878,0.06365967,0.16952515,0.16241455,1.017395,1.4389038,0.83895874,0.19421387,0.21713257,0.31933594,0.2843933,0.30187988,1.3728333,2.1438599,1.0886841,0.2119751,0.21646118,0.5986023,0.29699707,0.864624,1.3971558,2.0714722,1.2485657,0.29067993,0.30844116,0.5857239,0.38708496,1.133728,1.9877319,2.5174866,1.6213379
2254.5,0.072631836,0.091796875,0.38955688,0.12164307,0.45483398,0.5331421,1.081543,0.122924805,0.10675049,0.11923218,0.1161499,0.18890381,0.27993774,0.47991943,1.314209,0.44351196,0.13500977,0.15481567,0.06817627,0.16989136,0.16226196,1.0166931,1.4423523,0.8387451,0.19412231,0.21710205,0.3201599,0.28347778,0.30181885,1.3734436,2.1495667,1.0889587,0.21182251,0.21636963,0.6083069,0.2947693,0.8653259,1.3978577,2.0617065,1.2492065,0.2904663,0.3081665,0.58044434,0.3857422,1.133606,1.9858704,2.5205383,1.6217346
2255.5,0.07260132,0.09164429,0.40063477,0.12045288,0.4560852,0.5342102,1.0778198,0.123291016,0.10671997,0.11920166,0.11004639,0.18630981,0.28189087,0.47924805,1.319458,0.44332886,0.13494873,0.15460205,0.07092285,0.16976929,0.16238403,1.0149841,1.4511108,0.8385315,0.19396973,0.21704102,0.31918335,0.28186035,0.30194092,1.3734131,2.1562805,1.0892944,0.21170044,0.21624756,0.61849976,0.29330444,0.86672974,1.3978577,2.0584717,1.2496033,0.2902527,0.30786133,0.5751953,0.3829956,1.1331482,1.9846802,2.5205994,1.6226196
2256.5,0.07247925,0.0914917,0.41351318,0.118011475,0.45715332,0.5358887,1.0744324,0.124816895,0.10662842,0.11920166,0.10699463,0.18313599,0.28323364,0.47766113,1.323822,0.44244385,0.13482666,0.15438843,0.07467651,0.16781616,0.16296387,1.0166931,1.4544678,0.8406372,0.19378662,0.2170105,0.31207275,0.2786255,0.30194092,1.3738708,2.1622314,1.0914001,0.21154785,0.21618652,0.6274719,0.29266357,0.8682251,1.3987122,2.0543823,1.2517395,0.29003906,0.30758667,0.570282,0.3804016,1.1321106,1.9865723,2.5244446,1.6253052
2257.5,0.072387695,0.0914917,0.42504883,0.11703491,0.45492554,0.5350952,1.0724182,0.12426758,0.10650635,0.119262695,0.10491943,0.18139648,0.28277588,0.47662354,1.3304138,0.44302368,0.13467407,0.15423584,0.077545166,0.16708374,0.16217041,1.0169983,1.460846,0.8435364,0.19360352,0.2170105,0.30264282,0.27633667,0.30038452,1.3725281,2.1661682,1.09375,0.21136475,0.21621704,0.63586426,0.29193115,0.86886597,1.3993225,2.0546265,1.2537231,0.28979492,0.30734253,0.56417847,0.3803711,1.1274109,1.9846497,2.5352478,1.6282043
2258.5,0.07232666,0.09152222,0.43640137,0.116882324,0.45404053,0.53616333,1.069397,0.12387085,0.106414795,0.11932373,0.10305786,0.18026733,0.2817688,0.47543335,1.335907,0.44378662,0.134552,0.15408325,0.08010864,0.16760254,0.1609497,1.01474,1.4656982,0.84576416,0.19345093,0.2170105,0.28826904,0.2744751,0.29800415,1.3705139,2.1655884,1.095581,0.21121216,0.21624756,0.6427002,0.29141235,0.86917114,1.3990173,2.0507812,1.2546997,0.28955078,0.3070984,0.5565796,0.38046265,1.1242371,1.9828186,2.5394592,1.6300659
2259.5,0.07232666,0.09152222,0.44778442,0.11618042,0.4543152,0.537323,1.0627136,0.12460327,0.10638428,0.11932373,0.1020813,0.17868042,0.2807312,0.47503662,1.3402405,0.44561768,0.13449097,0.15390015,0.083618164,0.16729736,0.16040039,1.0120544,1.4654541,0.84765625,0.19329834,0.21694946,0.2746582,0.27157593,0.29553223,1.3689575,2.1621094,1.0977173,0.21105957,0.21621704,0.649353,0.29037476,0.8682251,1.3986206,2.0439758,1.2563171,0.28936768,0.30682373,0.547699,0.3800354,1.1221924,1.9830017,2.534546,1.6324158
2260.5,0.07229614,0.09152222,0.45928955,0.11608887,0.45391846,0.5361023,1.0571289,0.12521362,0.10632324,0.11932373,0.10092163,0.17767334,0.27868652,0.47210693,1.3406372,0.44732666,0.1343689,0.15377808,0.087005615,0.16751099,0.15960693,1.011261,1.462738,0.8486328,0.19320679,0.21688843,0.26135254,0.26983643,0.2932129,1.368042,2.1551514,1.0986023,0.2109375,0.21621704,0.65426636,0.2904663,0.86550903,1.3978577,2.0410461,1.2578125,0.28918457,0.30654907,0.5357971,0.37820435,1.1195374,1.982666,2.5316162,1.6338501
2261.5,0.07229614,0.091430664,0.46853638,0.11538696,0.4534607,0.5333557,1.0544434,0.12567139,0.10623169,0.11929321,0.10092163,0.17712402,0.27737427,0.4716797,1.348175,0.44833374,0.13424683,0.15368652,0.0909729,0.16625977,0.15924072,1.0107727,1.4608765,0.8489685,0.19302368,0.21685791,0.24957275,0.2682495,0.29177856,1.3655396,2.1460876,1.0988159,0.21078491,0.21621704,0.657959,0.29040527,0.86203,1.3945923,2.0392456,1.2583618,0.28897095,0.30630493,0.5235596,0.37493896,1.1183472,1.9778748,2.527588,1.6339722
2262.5,0.07223511,0.09133911,0.47628784,0.11413574,0.45263672,0.533905,1.0501404,0.12600708,0.106170654,0.11929321,0.10092163,0.1749878,0.2763977,0.4718628,1.3519592,0.44848633,0.13415527,0.15359497,0.09509277,0.16622925,0.15859985,1.0081787,1.4539185,0.84869385,0.19284058,0.21688843,0.23760986,0.26635742,0.2906189,1.363739,2.134735,1.0983887,0.21063232,0.21621704,0.661438,0.28964233,0.8592529,1.3950806,2.0374146,1.2585449,0.2887268,0.30612183,0.5122986,0.37265015,1.1168518,1.9771729,2.5205078,1.6339417
2263.5,0.07229614,0.09118652,0.48309326,0.11444092,0.44900513,0.5357666,1.0427246,0.1267395,0.10620117,0.11923218,0.10076904,0.17462158,0.2760315,0.47406006,1.3446045,0.44848633,0.13421631,0.15344238,0.09817505,0.16751099,0.15786743,1.0106201,1.4440308,0.84887695,0.1928711,0.2168274,0.22357178,0.26605225,0.29049683,1.3597412,2.124939,1.0981445,0.21069336,0.216156,0.6643677,0.28933716,0.8581238,1.3970947,2.0310364,1.2584839,0.2886963,0.3058777,0.5018616,0.371521,1.1148987,1.9803467,2.5083313,1.6343384
2264.5,0.07235718,0.09106445,0.48669434,0.11416626,0.44699097,0.5345764,1.0416565,0.12741089,0.10626221,0.11920166,0.09536743,0.17404175,0.27648926,0.4751892,1.3434753,0.44869995,0.13439941,0.15322876,0.09637451,0.16799927,0.15725708,1.0111389,1.4382324,0.84924316,0.19293213,0.21676636,0.20385742,0.26620483,0.29190063,1.3550415,2.1239014,1.098053,0.21081543,0.21609497,0.6663513,0.28936768,0.8586731,1.3934937,2.0318298,1.2564697,0.28881836,0.30560303,0.48614502,0.37124634,1.1129761,1.9773865,2.5037537,1.6351624
2265.5,0.07247925,0.090911865,0.4927063,0.113586426,0.44421387,0.5331726,1.0364075,0.1277771,0.10635376,0.11917114,0.09106445,0.17208862,0.27581787,0.47576904,1.3365173,0.44909668,0.134552,0.15301514,0.09463501,0.16867065,0.15634155,1.0073853,1.4282227,0.8496399,0.19302368,0.2166748,0.18591309,0.26556396,0.2920227,1.3468323,2.1181946,1.097992,0.21096802,0.21606445,0.6651306,0.28948975,0.85910034,1.3908386,2.030487,1.254303,0.28897095,0.30529785,0.47027588,0.37042236,1.1081543,1.9771118,2.4995728,1.6361389
2266.5,0.07260132,0.09082031,0.5041504,0.1133728,0.4439087,0.53219604,1.0289612,0.1281128,0.10635376,0.11920166,0.0921936,0.17080688,0.27542114,0.4739685,1.3302307,0.44943237,0.13458252,0.15283203,0.097717285,0.16918945,0.15625,1.0082092,1.4212036,0.8500366,0.1930542,0.21664429,0.17391968,0.2654419,0.2916565,1.3389587,2.1126099,1.0969543,0.21096802,0.21609497,0.6667175,0.28933716,0.85894775,1.3899231,2.0299072,1.2536011,0.28897095,0.3050232,0.45410156,0.3701172,1.1056824,1.9787292,2.496521,1.6371155
2267.5,0.072509766,0.09082031,0.51657104,0.11349487,0.44421387,0.53015137,1.0247803,0.1289978,0.106292725,0.11923218,0.094940186,0.17111206,0.27478027,0.47702026,1.3286133,0.4496765,0.13446045,0.15267944,0.102874756,0.16918945,0.15670776,1.0121155,1.4178772,0.85025024,0.19302368,0.21658325,0.16503906,0.2644348,0.29190063,1.3354187,2.1113586,1.0944214,0.21078491,0.21612549,0.6678772,0.28875732,0.8597412,1.3912354,2.0296326,1.2539673,0.28884888,0.30477905,0.43832397,0.37106323,1.1053467,1.9785461,2.4943848,1.6380005
2268.5,0.072387695,0.09085083,0.5287781,0.11236572,0.44592285,0.53027344,1.0207214,0.12997437,0.10620117,0.119262695,0.09729004,0.17053223,0.27572632,0.47772217,1.3226318,0.45013428,0.13424683,0.15252686,0.1078186,0.16848755,0.15744019,1.0130005,1.4146118,0.8508911,0.19281006,0.21655273,0.15655518,0.26309204,0.2920227,1.3298035,2.1087952,1.0935364,0.21051025,0.21609497,0.66137695,0.28729248,0.8627014,1.3890076,2.0254517,1.2550659,0.28851318,0.3045349,0.4234314,0.37091064,1.105011,1.9706116,2.4907227,1.638855
2269.5,0.07229614,0.09082031,0.53344727,0.1104126,0.44378662,0.5290222,1.0168762,0.12976074,0.1060791,0.119262695,0.09945679,0.16955566,0.27548218,0.47677612,1.3141785,0.45031738,0.13409424,0.15240479,0.11218262,0.16818237,0.15716553,1.0081482,1.4086609,0.8510437,0.19259644,0.21652222,0.14801025,0.2624817,0.29089355,1.3244934,2.1019897,1.0926514,0.21026611,0.21609497,0.652771,0.28607178,0.8626404,1.3866272,2.0212402,1.2567139,0.288208,0.30422974,0.4092102,0.37023926,1.1044617,1.9661255,2.4837952,1.6374817
2270.5,0.07217407,0.090789795,0.5352173,0.10934448,0.44247437,0.52819824,1.0183411,0.12896729,0.10595703,0.11929321,0.101379395,0.16937256,0.27508545,0.4727478,1.3086548,0.45013428,0.13391113,0.15231323,0.116607666,0.16784668,0.15649414,1.0043335,1.4021912,0.8489685,0.19241333,0.2164917,0.13970947,0.2619629,0.28979492,1.3200378,2.098175,1.0926819,0.21005249,0.21612549,0.64434814,0.28671265,0.86068726,1.3861694,2.020111,1.2582703,0.2878723,0.3039856,0.39590454,0.36843872,1.1045532,1.9628601,2.4804993,1.637085
2271.5,0.07211304,0.09069824,0.5308838,0.109375,0.44265747,0.5329895,1.0203857,0.12753296,0.10583496,0.11932373,0.103515625,0.16931152,0.27392578,0.4767456,1.3059998,0.44952393,0.13372803,0.15222168,0.12112427,0.16708374,0.15588379,1.0059204,1.3985901,0.8470764,0.19223022,0.21646118,0.13156128,0.26089478,0.2883606,1.3192139,2.093689,1.0931396,0.20986938,0.21612549,0.6369324,0.28720093,0.8578491,1.3912964,2.0197449,1.2592163,0.28759766,0.30377197,0.38220215,0.36624146,1.1031494,1.9595337,2.4796143,1.6367493
2272.5,0.072021484,0.09063721,0.5282593,0.10882568,0.4416504,0.5350952,1.0178833,0.12695312,0.10574341,0.119262695,0.107421875,0.16915894,0.27191162,0.4781189,1.3009644,0.4487915,0.13357544,0.15213013,0.12902832,0.16531372,0.15487671,1.0062561,1.3944397,0.84661865,0.19204712,0.21643066,0.12713623,0.2597351,0.28634644,1.3174744,2.0856934,1.0942383,0.20968628,0.21612549,0.63308716,0.28677368,0.85632324,1.3932495,2.0166626,1.2599182,0.287323,0.30355835,0.37142944,0.36483765,1.1004333,1.9567261,2.4742126,1.6370239
2273.5,0.07192993,0.09060669,0.5288391,0.10733032,0.4411316,0.5333252,1.0177002,0.12670898,0.10562134,0.11923218,0.11328125,0.169281,0.26898193,0.47424316,1.3002625,0.4458313,0.13339233,0.15203857,0.13931274,0.1628418,0.15444946,1.0015259,1.3958435,0.8465271,0.1918335,0.21640015,0.12591553,0.2588501,0.28393555,1.3129578,2.086853,1.0956421,0.20947266,0.21612549,0.6319885,0.28598022,0.85595703,1.3913879,2.021881,1.2608643,0.28704834,0.30334473,0.36483765,0.3637085,1.0948486,1.9533386,2.4754333,1.6378479
2274.5,0.07183838,0.09051514,0.53067017,0.105041504,0.440094,0.53448486,1.0193481,0.12615967,0.10549927,0.11920166,0.11883545,0.17010498,0.26696777,0.47454834,1.3035889,0.44250488,0.13327026,0.15188599,0.14849854,0.16159058,0.15393066,0.99923706,1.3979187,0.84588623,0.19168091,0.21640015,0.12527466,0.25906372,0.28411865,1.3090515,2.0881653,1.0964355,0.20925903,0.21609497,0.6260376,0.2859192,0.85601807,1.3877563,2.0271301,1.2616272,0.2868042,0.3031006,0.3597107,0.36383057,1.0907288,1.9486389,2.4773865,1.6387024
2275.5,0.07180786,0.09051514,0.53186035,0.10205078,0.43875122,0.53378296,1.0193787,0.1253357,0.1053772,0.119262695,0.12265015,0.17056274,0.26611328,0.4741516,1.302948,0.44174194,0.13311768,0.15179443,0.15377808,0.16152954,0.15188599,0.99884033,1.3998718,0.84835815,0.1914978,0.21643066,0.12423706,0.25860596,0.28274536,1.3042908,2.0874023,1.0989075,0.20904541,0.21609497,0.6159363,0.28683472,0.85531616,1.3859558,2.0284119,1.2642212,0.28656006,0.30285645,0.3548584,0.36480713,1.0866089,1.9395142,2.4761353,1.6411743
2276.5,0.071746826,0.09051514,0.534729,0.09887695,0.43585205,0.5323181,1.0161743,0.1255188,0.10525513,0.11929321,0.128479,0.16845703,0.26641846,0.47296143,1.299408,0.442688,0.1329956,0.15167236,0.16021729,0.16015625,0.14962769,0.99786377,1.3966064,0.851532,0.19134521,0.21636963,0.12582397,0.25585938,0.28155518,1.298523,2.0855713,1.101532,0.2088623,0.21612549,0.6062622,0.2861328,0.8545227,1.3845215,2.0258179,1.2677002,0.28631592,0.3026123,0.35165405,0.36383057,1.0844421,1.9309387,2.4719238,1.6445007
2277.5,0.07165527,0.090545654,0.5371704,0.097595215,0.4343567,0.5307007,1.0149231,0.12536621,0.10510254,0.11932373,0.13531494,0.16653442,0.26675415,0.47332764,1.2973022,0.4433899,0.13287354,0.15151978,0.1666565,0.15820312,0.14746094,0.99276733,1.3937988,0.8534241,0.19116211,0.21636963,0.128479,0.25369263,0.2798462,1.2940979,2.0869446,1.1024475,0.20864868,0.216156,0.5985718,0.28448486,0.8546753,1.3791809,2.02594,1.2700195,0.28607178,0.30239868,0.3479004,0.3633423,1.082489,1.9267578,2.4708557,1.6465454
2278.5,0.071624756,0.09057617,0.53741455,0.09857178,0.43475342,0.5322571,1.0140381,0.12579346,0.10498047,0.11932373,0.14190674,0.16519165,0.26474,0.4750061,1.2944336,0.4446411,0.13275146,0.15142822,0.17282104,0.15777588,0.14300537,0.990448,1.3902588,0.8548279,0.19104004,0.21640015,0.13162231,0.2531128,0.2781372,1.2903748,2.086792,1.1034546,0.2084961,0.21621704,0.5913696,0.2838745,0.85446167,1.373291,2.0231323,1.2717896,0.28582764,0.3022766,0.34231567,0.36437988,1.079773,1.9250488,2.468872,1.6475525
2279.5,0.0715332,0.09057617,0.5383911,0.098724365,0.43527222,0.5331116,1.0125427,0.12640381,0.10482788,0.11935425,0.14916992,0.1651001,0.26428223,0.47598267,1.291565,0.4463501,0.13256836,0.15136719,0.18011475,0.15786743,0.14215088,0.992218,1.386261,0.8562317,0.19082642,0.21640015,0.13458252,0.25350952,0.2769165,1.2862854,2.0830383,1.1047363,0.20828247,0.21621704,0.58529663,0.28375244,0.85287476,1.3710327,2.0202637,1.2732239,0.28555298,0.3020935,0.33728027,0.3659973,1.0779724,1.9217529,2.464264,1.6481628
2280.5,0.071502686,0.090545654,0.53967285,0.09851074,0.4359131,0.5301819,1.0103455,0.12734985,0.10473633,0.119384766,0.15667725,0.16470337,0.26394653,0.4750061,1.2877197,0.44729614,0.1324768,0.15130615,0.18762207,0.15649414,0.14245605,0.9920349,1.3800964,0.85720825,0.19064331,0.21640015,0.13778687,0.25460815,0.27548218,1.2799072,2.0772705,1.1055603,0.20812988,0.21624756,0.5794983,0.28399658,0.8519287,1.3699646,2.0174866,1.2742004,0.28530884,0.30187988,0.33322144,0.3671875,1.0766296,1.9188843,2.4565125,1.6489258
2281.5,0.07144165,0.09051514,0.54104614,0.09780884,0.43572998,0.52578735,1.0121155,0.12774658,0.104644775,0.119384766,0.16445923,0.1628418,0.2632141,0.47433472,1.2878418,0.44754028,0.13235474,0.1512146,0.19351196,0.15438843,0.14175415,0.9885254,1.3761292,0.8573303,0.19049072,0.21640015,0.1402893,0.25360107,0.27371216,1.2742004,2.075531,1.1058044,0.20794678,0.21621704,0.5726013,0.2843628,0.84973145,1.3649597,2.014801,1.2748718,0.28503418,0.30169678,0.32989502,0.36712646,1.0730896,1.9162292,2.4499207,1.6492615
2282.5,0.0713501,0.090423584,0.54177856,0.09664917,0.43484497,0.5260315,1.0099487,0.12838745,0.104522705,0.11935425,0.17172241,0.16152954,0.26187134,0.4758911,1.2843933,0.4479065,0.13220215,0.15112305,0.19985962,0.1515503,0.14019775,0.98727417,1.372467,0.85757446,0.1902771,0.2163086,0.14126587,0.25204468,0.27243042,1.2721252,2.0722961,1.1057739,0.20776367,0.21618652,0.56536865,0.28414917,0.8462219,1.3597107,2.0112305,1.2729187,0.28475952,0.30151367,0.32559204,0.36642456,1.0708008,1.9165955,2.4451904,1.6496277
2283.5,0.07128906,0.09033203,0.5428772,0.09579468,0.43011475,0.52752686,1.0075073,0.1288147,0.104400635,0.11935425,0.17929077,0.16116333,0.25778198,0.47540283,1.2797852,0.44781494,0.13208008,0.1510315,0.20077515,0.14904785,0.13824463,0.98635864,1.3706665,0.85769653,0.190094,0.21624756,0.14273071,0.25131226,0.270813,1.2696228,2.0682678,1.1058044,0.20755005,0.21618652,0.5585022,0.28399658,0.8406372,1.3562317,2.0097961,1.2704468,0.28448486,0.30130005,0.32162476,0.3656311,1.0687256,1.9140015,2.4418945,1.6497803
2284.5,0.07122803,0.09033203,0.54437256,0.095703125,0.42764282,0.52682495,1.0083923,0.12884521,0.1043396,0.119384766,0.18682861,0.16015625,0.2555542,0.47164917,1.2761841,0.44744873,0.13195801,0.15097046,0.19848633,0.1458435,0.13739014,0.986145,1.3711548,0.857605,0.1899414,0.21627808,0.14221191,0.2511902,0.27023315,1.2630005,2.0667114,1.105133,0.20739746,0.21624756,0.55303955,0.2835083,0.8340759,1.353241,2.0090637,1.2692261,0.28424072,0.30108643,0.31698608,0.36499023,1.066925,1.9085083,2.4413452,1.6500244
2285.5,0.07116699,0.09036255,0.54611206,0.09555054,0.4277649,0.5274658,1.006134,0.12857056,0.10421753,0.119506836,0.19451904,0.15841675,0.2554016,0.47421265,1.2757874,0.44708252,0.13183594,0.15097046,0.19613647,0.14260864,0.13708496,0.9890442,1.3704224,0.8575134,0.1897583,0.21633911,0.14151001,0.25082397,0.27017212,1.2629395,2.0663452,1.1025085,0.20721436,0.21636963,0.54855347,0.28302002,0.8326111,1.3510437,2.0081787,1.2683716,0.28399658,0.30096436,0.30755615,0.3633728,1.065033,1.9090576,2.4407654,1.6502991
2286.5,0.07107544,0.09036255,0.548584,0.09661865,0.42767334,0.5286865,1.0050354,0.12872314,0.10412598,0.11953735,0.20239258,0.15838623,0.2545166,0.47732544,1.277832,0.44662476,0.13171387,0.15081787,0.19226074,0.14129639,0.13684082,0.99087524,1.3690491,0.85757446,0.1895752,0.2163086,0.14138794,0.25054932,0.2699585,1.2638245,2.0662842,1.1000671,0.20703125,0.21640015,0.5453186,0.28414917,0.833313,1.351471,2.0075378,1.2675171,0.28375244,0.30078125,0.2977295,0.36328125,1.0640564,1.9091797,2.4394226,1.650177
2287.5,0.071014404,0.09036255,0.55111694,0.09765625,0.42733765,0.5274353,1.0031433,0.12936401,0.104034424,0.119506836,0.21029663,0.1592102,0.25335693,0.47610474,1.2768555,0.44644165,0.13162231,0.1506958,0.1876831,0.14172363,0.13626099,0.98776245,1.3674622,0.8575134,0.18939209,0.21621704,0.14120483,0.25039673,0.27008057,1.259491,2.0667114,1.098938,0.20684814,0.21636963,0.5427246,0.28482056,0.833374,1.3500977,2.0061646,1.2668762,0.2835083,0.30059814,0.28814697,0.36444092,1.0633545,1.9082947,2.4370422,1.6481018
2288.5,0.07092285,0.09033203,0.5523987,0.09811401,0.4265747,0.52963257,1.0010376,0.1317749,0.10391235,0.11947632,0.21813965,0.16018677,0.24978638,0.47653198,1.2736206,0.44854736,0.13150024,0.15057373,0.18353271,0.14221191,0.13470459,0.9864807,1.3653259,0.8572693,0.18920898,0.216156,0.14154053,0.25091553,0.26901245,1.2547302,2.0639343,1.0984192,0.20666504,0.21636963,0.54074097,0.28482056,0.8326416,1.3497314,2.0032349,1.2688599,0.28326416,0.30044556,0.27902222,0.3647766,1.0594482,1.9076233,2.435028,1.6478882
2289.5,0.0708313,0.090270996,0.55252075,0.0970459,0.42294312,0.53125,0.995636,0.13461304,0.10379028,0.1194458,0.22415161,0.1592102,0.24758911,0.4762268,1.2673035,0.4512329,0.13134766,0.15045166,0.17889404,0.14135742,0.13354492,0.98864746,1.3597107,0.8551941,0.18902588,0.21606445,0.14031982,0.250885,0.26638794,1.2499695,2.0574036,1.0977783,0.20645142,0.2163086,0.538147,0.28323364,0.8332825,1.3466187,1.9966125,1.2709961,0.28302002,0.30023193,0.2685852,0.3638916,1.0541382,1.9068909,2.428772,1.648529
2290.5,0.070739746,0.09020996,0.5548706,0.09460449,0.42044067,0.5300598,0.9932251,0.13574219,0.10372925,0.11941528,0.23175049,0.15640259,0.24710083,0.47686768,1.2633972,0.45288086,0.1312561,0.15039062,0.17480469,0.13778687,0.13342285,0.99005127,1.3572388,0.85250854,0.18887329,0.21603394,0.13510132,0.24987793,0.2642517,1.2484436,2.0534058,1.097168,0.20629883,0.21627808,0.5370178,0.28118896,0.8336792,1.3417664,1.9931335,1.2717896,0.2828064,0.3000183,0.26028442,0.36187744,1.0510864,1.9036865,2.4238281,1.6488953
2291.5,0.07064819,0.09020996,0.5579834,0.093170166,0.42053223,0.53067017,0.9934387,0.1352539,0.10360718,0.11941528,0.24050903,0.1545105,0.24560547,0.4802246,1.2614441,0.45220947,0.13110352,0.15026855,0.17190552,0.13522339,0.13348389,0.98916626,1.3579712,0.8513794,0.18869019,0.2159729,0.12841797,0.24874878,0.26379395,1.2449951,2.0517273,1.0967712,0.2060852,0.21621704,0.536499,0.28030396,0.83343506,1.3383789,1.9923096,1.2718201,0.28256226,0.2998352,0.2519226,0.36117554,1.0494385,1.9001465,2.421173,1.648468
2292.5,0.070617676,0.09017944,0.559906,0.09423828,0.4199829,0.5286865,0.99349976,0.13531494,0.103515625,0.11935425,0.24768066,0.15405273,0.24417114,0.48156738,1.2598877,0.4498291,0.13095093,0.15008545,0.16860962,0.13357544,0.13305664,0.98550415,1.35849,0.8508606,0.18856812,0.21591187,0.12045288,0.24822998,0.26312256,1.2388611,2.052002,1.0964661,0.20593262,0.21618652,0.53585815,0.28094482,0.830719,1.3367615,1.9940796,1.2720337,0.28234863,0.29956055,0.2427063,0.36080933,1.0489197,1.8997803,2.419983,1.6488647
2293.5,0.07058716,0.090148926,0.561676,0.093933105,0.4185791,0.5274353,0.994751,0.13470459,0.10348511,0.11932373,0.25405884,0.15267944,0.24127197,0.48220825,1.2581787,0.44821167,0.13085938,0.14990234,0.16671753,0.13183594,0.13168335,0.98428345,1.3569946,0.8508911,0.18844604,0.21582031,0.11300659,0.24603271,0.2617798,1.2368469,2.0525818,1.0965576,0.20581055,0.21612549,0.53518677,0.280365,0.8283081,1.3349304,1.9989014,1.2727356,0.28216553,0.2993164,0.23416138,0.36047363,1.047699,1.9000854,2.419159,1.6497803
2294.5,0.07052612,0.090148926,0.5639038,0.093566895,0.41677856,0.5267029,0.9948425,0.13470459,0.103393555,0.119384766,0.25952148,0.15133667,0.23913574,0.48129272,1.2592468,0.44921875,0.1307373,0.14981079,0.16461182,0.12988281,0.12747192,0.9859619,1.3556519,0.8530884,0.18826294,0.21582031,0.10656738,0.24487305,0.2605896,1.2315674,2.0549927,1.098999,0.20562744,0.216156,0.5343628,0.28033447,0.8267822,1.3326111,2.0037842,1.2754517,0.2819519,0.2991333,0.22583008,0.3605652,1.0471191,1.898529,2.419281,1.6523132
2295.5,0.07046509,0.090148926,0.56658936,0.09384155,0.4147339,0.52679443,0.99575806,0.13644409,0.103302,0.119384766,0.2649231,0.1503601,0.24020386,0.48187256,1.2628479,0.45074463,0.13064575,0.14968872,0.1628418,0.12921143,0.124694824,0.98657227,1.3551025,0.85598755,0.18814087,0.21572876,0.100494385,0.2447815,0.26010132,1.2275696,2.0612488,1.1019897,0.20547485,0.21606445,0.533905,0.280365,0.8253174,1.3340149,2.006134,1.2785339,0.28173828,0.2989502,0.21810913,0.36062622,1.047821,1.9006042,2.4208984,1.6552429
2296.5,0.07043457,0.09008789,0.5694885,0.095458984,0.4142456,0.52459717,0.9958801,0.13809204,0.10321045,0.11935425,0.27078247,0.15066528,0.24179077,0.48184204,1.2659912,0.45184326,0.1305542,0.14953613,0.1614685,0.12911987,0.124694824,0.9843445,1.3537598,0.8578186,0.18798828,0.2156372,0.095184326,0.24609375,0.25967407,1.2217712,2.0634766,1.104126,0.20532227,0.21600342,0.5332031,0.28207397,0.82351685,1.3336182,2.0061646,1.2806702,0.28155518,0.29870605,0.21185303,0.36193848,1.0479736,1.8993225,2.4208984,1.6571045
2297.5,0.07040405,0.08999634,0.57229614,0.0970459,0.41680908,0.52319336,0.9932556,0.13970947,0.1031189,0.11929321,0.27545166,0.15185547,0.24249268,0.48095703,1.2648315,0.4534912,0.13043213,0.14935303,0.16027832,0.12805176,0.12548828,0.9842224,1.3497925,0.8592529,0.18786621,0.21548462,0.089660645,0.2480774,0.260437,1.2172852,2.0606995,1.1057434,0.20516968,0.21588135,0.53253174,0.28329468,0.82211304,1.3308105,2.0032349,1.2824402,0.28137207,0.2984619,0.20663452,0.3628235,1.0462952,1.8970337,2.4157715,1.6584473
2298.5,0.07034302,0.089904785,0.5743103,0.09753418,0.41854858,0.52301025,0.99172974,0.14141846,0.102996826,0.11917114,0.27722168,0.15298462,0.24420166,0.48101807,1.262085,0.4550476,0.13027954,0.14916992,0.1578064,0.1265564,0.12716675,0.9830017,1.3473816,0.86050415,0.18771362,0.21539307,0.08258057,0.24960327,0.26315308,1.2131042,2.0569763,1.1070251,0.20498657,0.2157898,0.53060913,0.28372192,0.8210144,1.3277893,2.0005188,1.2842102,0.28112793,0.2982483,0.20062256,0.36227417,1.0431824,1.8948059,2.4102173,1.6595764
2299.5,0.0703125,0.08972168,0.57644653,0.09710693,0.4248047,0.5251465,0.9911194,0.14331055,0.10290527,0.11911011,0.27978516,0.15286255,0.25048828,0.4819641,1.2591553,0.45690918,0.13012695,0.14898682,0.15661621,0.1257019,0.13217163,0.98254395,1.3460388,0.861969,0.18759155,0.215271,0.075531006,0.2505188,0.2692871,1.2089539,2.0550842,1.1082153,0.20483398,0.2156372,0.52926636,0.28308105,0.82141113,1.3263245,1.9985352,1.2859802,0.2809143,0.29797363,0.19610596,0.3611145,1.04422,1.8960266,2.4046936,1.6608887
2300.5,0.070251465,0.08963013,0.5782776,0.095947266,0.4302063,0.526947,0.99087524,0.14434814,0.10281372,0.11907959,0.28237915,0.15167236,0.25656128,0.48303223,1.2579651,0.4578247,0.1300354,0.1487732,0.15560913,0.12466431,0.1387024,0.98431396,1.3450317,0.8627014,0.18743896,0.21514893,0.06869507,0.25003052,0.2743225,1.2050781,2.052246,1.10849,0.2046814,0.21557617,0.5274353,0.28146362,0.82299805,1.3260193,1.9971008,1.2863464,0.28067017,0.2977295,0.1907959,0.36132812,1.0480652,1.897644,2.3996887,1.6611938
