time,ssp585 - sce1,ssp370 - sce1,ssp460 - sce1,ssp245 - sce1,ssp434 - sce1,ssp534 - sce1,ssp126 - sce1,ssp119 - sce1,ssp585 - sce2,ssp370 - sce2,ssp460 - sce2,ssp245 - sce2,ssp434 - sce2,ssp534 - sce2,ssp126 - sce2,ssp119 - sce2,ssp585 - sce3,ssp370 - sce3,ssp460 - sce3,ssp245 - sce3,ssp434 - sce3,ssp534 - sce3,ssp126 - sce3,ssp119 - sce3,ssp585 - sce4,ssp370 - sce4,ssp460 - sce4,ssp245 - sce4,ssp434 - sce4,ssp534 - sce4,ssp126 - sce4,ssp119 - sce4,ssp585 - sce5,ssp370 - sce5,ssp460 - sce5,ssp245 - sce5,ssp434 - sce5,ssp534 - sce5,ssp126 - sce5,ssp119 - sce5,ssp585 - sce6,ssp370 - sce6,ssp460 - sce6,ssp245 - sce6,ssp434 - sce6,ssp534 - sce6,ssp126 - sce6,ssp119 - sce6
2015.5,0.0,0.0,0.0,0.0,0.0,0.0,0.0,0.0,0.0,0.0,0.0,0.0,0.0,0.0,0.0,0.0,0.0,0.0,0.0,0.0,0.0,0.0,0.0,0.0,0.0,0.0,0.0,0.0,0.0,0.0,0.0,0.0,0.0,0.0,0.0,0.0,0.0,0.0,0.0,0.0,0.0,0.0,0.0,0.0,0.0,0.0,0.0,0.0
2016.5,0.0,0.0,0.0,0.0,0.0,0.0,0.0,0.0,0.0,0.0,0.0,0.0,0.0,0.0,0.0,0.0,0.0,0.0,0.0,0.0,0.0,0.0,0.0,0.0,0.0,0.0,0.0,0.0,0.0,0.0,0.0,0.0,0.0,0.0,0.0,0.0,0.0,0.0,0.0,0.0,0.0,0.0,0.0,0.0,0.0,0.0,0.0,0.0
2017.5,0.0,0.0,0.0,0.0,0.0,0.0,0.0,0.0,0.0,0.0,0.0,0.0,0.0,0.0,0.0,0.0,0.0,0.0,0.0,0.0,0.0,0.0,0.0,0.0,0.0,0.0,0.0,0.0,0.0,0.0,0.0,0.0,0.0,0.0,0.0,0.0,0.0,0.0,0.0,0.0,0.0,0.0,0.0,0.0,0.0,0.0,0.0,0.0
2018.5,0.0,0.0,0.0,0.0,0.0,0.0,0.0,0.0,0.0,0.0,0.0,0.0,0.0,0.0,0.0,0.0,0.0,0.0,0.0,0.0,0.0,0.0,0.0,0.0,0.0,0.0,0.0,0.0,0.0,0.0,0.0,0.0,0.0,0.0,0.0,0.0,0.0,0.0,0.0,0.0,0.0,0.0,0.0,0.0,0.0,0.0,0.0,0.0
2019.5,0.0,0.0,0.0,0.0,0.0,0.0,0.0,0.0,0.0,0.0,0.0,0.0,0.0,0.0,0.0,0.0,0.0,0.0,0.0,0.0,0.0,0.0,0.0,0.0,0.0,0.0,0.0,0.0,0.0,0.0,0.0,0.0,0.0,0.0,0.0,0.0,0.0,0.0,0.0,0.0,0.0,0.0,0.0,0.0,0.0,0.0,0.0,0.0
2020.5,-4.3213367e-07,-6.854534e-07,5.9604645e-07,-8.046627e-07,1.937151e-07,-3.2782555e-07,1.0728836e-06,-8.6426735e-07,-4.3213367e-07,-6.854534e-07,5.9604645e-07,-8.046627e-07,1.937151e-07,-3.2782555e-07,1.0728836e-06,-8.6426735e-07,-3.2782555e-07,2.9802322e-08,-9.3877316e-07,-5.066395e-07,-8.34465e-07,2.3841858e-07,7.003546e-07,-8.1956387e-07,-3.2782555e-07,2.9802322e-08,-9.3877316e-07,-5.066395e-07,-8.34465e-07,2.3841858e-07,7.003546e-07,-8.1956387e-07,-1.1920929e-06,-1.1920929e-07,-4.61936e-07,-4.917383e-07,4.172325e-07,-1.0430813e-06,1.4305115e-06,-8.046627e-07,-1.1920929e-06,-1.1920929e-07,-4.61936e-07,-4.917383e-07,4.172325e-07,-1.0430813e-06,1.4305115e-06,-8.046627e-07
2021.5,-1.3113022e-06,-8.940697e-07,-3.2782555e-07,-2.2947788e-06,-1.1920929e-07,-1.4901161e-06,7.8976154e-07,-2.9057264e-06,-1.3113022e-06,-8.940697e-07,-3.2782555e-07,-2.2947788e-06,-1.1920929e-07,-1.4901161e-06,7.8976154e-07,-2.9057264e-06,-3.5613775e-06,-1.758337e-06,-8.493662e-07,-1.9967556e-06,-4.351139e-06,1.937151e-06,7.748604e-07,-5.3942204e-06,-3.5613775e-06,-1.758337e-06,-8.493662e-07,-1.9967556e-06,-4.351139e-06,1.937151e-06,7.748604e-07,-5.3942204e-06,-4.798174e-06,-4.2021275e-06,6.2584877e-07,-2.682209e-06,-2.3841858e-07,-4.0382147e-06,6.7055225e-07,-3.993511e-06,-4.798174e-06,-4.2021275e-06,6.2584877e-07,-2.682209e-06,-2.3841858e-07,-4.0382147e-06,6.7055225e-07,-3.993511e-06
2022.5,-2.8908253e-06,-1.1473894e-06,-3.4570694e-06,-4.172325e-06,-2.2351742e-07,-2.0861626e-06,-3.4421682e-06,-4.068017e-06,-2.8908253e-06,-1.1473894e-06,-3.4570694e-06,-4.172325e-06,-2.2351742e-07,-2.0861626e-06,-3.4421682e-06,-4.068017e-06,-9.417534e-06,-6.839633e-06,-5.5730343e-06,-7.4207783e-06,-1.0833144e-05,-3.4719706e-06,-3.3974648e-06,-1.0833144e-05,-9.417534e-06,-6.839633e-06,-5.5730343e-06,-7.4207783e-06,-1.0833144e-05,-3.4719706e-06,-3.3974648e-06,-1.0833144e-05,-1.5124679e-05,-1.1757016e-05,-4.693866e-06,-8.493662e-06,-5.930662e-06,-9.760261e-06,-9.343028e-06,-1.0415912e-05,-1.5124679e-05,-1.1757016e-05,-4.693866e-06,-8.493662e-06,-5.930662e-06,-9.760261e-06,-9.343028e-06,-1.0415912e-05
2023.5,-1.8626451e-06,-8.881092e-06,-5.5730343e-06,-1.0833144e-05,-7.3611736e-06,-3.5017729e-06,-9.0152025e-06,-9.983778e-06,-1.8626451e-06,-8.881092e-06,-5.5730343e-06,-1.0833144e-05,-7.3611736e-06,-3.5017729e-06,-9.0152025e-06,-9.983778e-06,-1.5586615e-05,-1.8239021e-05,-1.6093254e-05,-1.5869737e-05,-1.989305e-05,-8.821487e-06,-1.02669e-05,-1.9073486e-05,-1.5586615e-05,-1.8239021e-05,-1.6093254e-05,-1.5869737e-05,-1.989305e-05,-8.821487e-06,-1.02669e-05,-1.9073486e-05,-2.4318695e-05,-3.094971e-05,-1.9103289e-05,-2.82377e-05,-1.8686056e-05,-2.373755e-05,-1.8328428e-05,-2.6479363e-05,-2.4318695e-05,-3.094971e-05,-1.9103289e-05,-2.82377e-05,-1.8686056e-05,-2.373755e-05,-1.8328428e-05,-2.6479363e-05
2024.5,-8.776784e-06,-1.8939376e-05,-1.3709068e-05,-2.2828579e-05,-1.6793609e-05,-1.321733e-05,-1.7508864e-05,-2.6896596e-05,-8.776784e-06,-1.8939376e-05,-1.3709068e-05,-2.2828579e-05,-1.6793609e-05,-1.321733e-05,-1.7508864e-05,-2.6896596e-05,-3.07858e-05,-3.696978e-05,-3.3274293e-05,-3.2126904e-05,-3.4555793e-05,-2.4721026e-05,-2.6509166e-05,-3.260374e-05,-3.07858e-05,-3.696978e-05,-3.3274293e-05,-3.2126904e-05,-3.4555793e-05,-2.4721026e-05,-2.6509166e-05,-3.260374e-05,-5.042553e-05,-5.4195523e-05,-4.0367246e-05,-5.6028366e-05,-3.8161874e-05,-4.6402216e-05,-4.014373e-05,-5.312264e-05,-5.042553e-05,-5.4195523e-05,-4.0367246e-05,-5.6028366e-05,-3.8161874e-05,-4.6402216e-05,-4.014373e-05,-5.312264e-05
2025.5,-2.1755695e-05,-2.8848648e-05,-2.3588538e-05,-3.220141e-05,-2.4080276e-05,-2.7820468e-05,-2.425909e-05,-4.5865774e-05,-2.1755695e-05,-2.8848648e-05,-2.3588538e-05,-3.220141e-05,-2.4080276e-05,-2.7820468e-05,-2.425909e-05,-4.5865774e-05,-4.887581e-05,-6.084144e-05,-5.6549907e-05,-5.1781535e-05,-5.1140785e-05,-5.7071447e-05,-4.9486756e-05,-5.798042e-05,-4.887581e-05,-6.084144e-05,-5.6549907e-05,-5.1781535e-05,-5.1140785e-05,-5.7071447e-05,-4.9486756e-05,-5.798042e-05,-8.249283e-05,-9.164214e-05,-7.0393085e-05,-8.6948276e-05,-6.824732e-05,-8.273125e-05,-7.349253e-05,-9.281933e-05,-8.249283e-05,-9.164214e-05,-7.0393085e-05,-8.6948276e-05,-6.824732e-05,-8.273125e-05,-7.349253e-05,-9.281933e-05
2026.5,-4.7013164e-05,-4.1618943e-05,-3.7953258e-05,-4.74751e-05,-3.924966e-05,-4.36455e-05,-4.4986606e-05,-6.382167e-05,-4.7013164e-05,-4.1618943e-05,-3.7953258e-05,-4.74751e-05,-3.924966e-05,-4.36455e-05,-4.4986606e-05,-6.382167e-05,-8.197129e-05,-9.125471e-05,-8.530915e-05,-8.191168e-05,-7.906556e-05,-9.36687e-05,-8.328259e-05,-9.086728e-05,-8.197129e-05,-9.125471e-05,-8.530915e-05,-8.191168e-05,-7.906556e-05,-9.36687e-05,-8.328259e-05,-9.086728e-05,-0.00013101101,-0.00013740361,-0.00011281669,-0.00013533235,-0.000116184354,-0.0001309663,-0.00012373924,-0.0001398623,-0.00013101101,-0.00013740361,-0.00011281669,-0.00013533235,-0.000116184354,-0.0001309663,-0.00012373924,-0.0001398623
2027.5,-7.7068806e-05,-6.6533685e-05,-5.9574842e-05,-7.015467e-05,-6.265938e-05,-6.4596534e-05,-7.143617e-05,-7.981062e-05,-7.7068806e-05,-6.6533685e-05,-5.9574842e-05,-7.015467e-05,-6.265938e-05,-6.4596534e-05,-7.143617e-05,-7.981062e-05,-0.00013044477,-0.00013464689,-0.00012655556,-0.00012640655,-0.00012359023,-0.00013418496,-0.00012463331,-0.00013311207,-0.00013044477,-0.00013464689,-0.00012655556,-0.00012640655,-0.00012359023,-0.00013418496,-0.00012463331,-0.00013311207,-0.00019975007,-0.00020124018,-0.00017733872,-0.00020423532,-0.0001796037,-0.00019265711,-0.00018706918,-0.00019855797,-0.00019975007,-0.00020124018,-0.00017733872,-0.00020423532,-0.0001796037,-0.00019265711,-0.00018706918,-0.00019855797
2028.5,-0.000113129616,-9.87649e-05,-9.164214e-05,-0.00010381639,-8.5905194e-05,-8.916855e-05,-9.801984e-05,-9.897351e-05,-0.000113129616,-9.87649e-05,-9.164214e-05,-0.00010381639,-8.5905194e-05,-8.916855e-05,-9.801984e-05,-9.897351e-05,-0.0001885593,-0.00019074976,-0.00017873943,-0.00018283725,-0.00017775595,-0.00018551946,-0.0001745224,-0.00018651783,-0.0001885593,-0.00019074976,-0.00017873943,-0.00018283725,-0.00017775595,-0.00018551946,-0.0001745224,-0.00018651783,-0.000280872,-0.00028054416,-0.00025559962,-0.0002821684,-0.0002552718,-0.00026758015,-0.00026601553,-0.00027284026,-0.000280872,-0.00028054416,-0.00025559962,-0.0002821684,-0.0002552718,-0.00026758015,-0.00026601553,-0.00027284026
2029.5,-0.00014440715,-0.00013199449,-0.00012934208,-0.00014044344,-0.000115185976,-0.00012271106,-0.00013025105,-0.00013257563,-0.00014440715,-0.00013199449,-0.00012934208,-0.00014044344,-0.000115185976,-0.00012271106,-0.00013025105,-0.00013257563,-0.00025252998,-0.00025714934,-0.00024338067,-0.00025318563,-0.000242576,-0.0002529472,-0.00023673475,-0.00024986267,-0.00025252998,-0.00025714934,-0.00024338067,-0.00025318563,-0.000242576,-0.0002529472,-0.00023673475,-0.00024986267,-0.0003723204,-0.00037534535,-0.00035342574,-0.0003772229,-0.00035201013,-0.00036484003,-0.00036135316,-0.00037306547,-0.0003723204,-0.00037534535,-0.00035342574,-0.0003772229,-0.00035201013,-0.00036484003,-0.00036135316,-0.00037306547
2030.5,-0.00018070638,-0.00016972423,-0.00017137825,-0.00018492341,-0.00015386939,-0.00016203523,-0.00016890466,-0.00017175078,-0.00018070638,-0.00016972423,-0.00017137825,-0.00018492341,-0.00015386939,-0.00016203523,-0.00016890466,-0.00017175078,-0.00033323467,-0.00033327937,-0.00032047927,-0.0003347844,-0.0003182739,-0.00032389164,-0.00031782687,-0.000322029,-0.00033323467,-0.00033327937,-0.00032047927,-0.0003347844,-0.0003182739,-0.00032389164,-0.00031782687,-0.000322029,-0.00048208237,-0.00048556924,-0.0004697889,-0.0004965812,-0.00046426058,-0.00047570467,-0.00047315657,-0.00048244,-0.00048208237,-0.00048556924,-0.0004697889,-0.0004965812,-0.00046426058,-0.00047570467,-0.00047315657,-0.00048244
2031.5,-0.00022287667,-0.00021642447,-0.0002130717,-0.00023239851,-0.00019814074,-0.00020198524,-0.00021545589,-0.00021591783,-0.00022366643,-0.00021576881,-0.000214234,-0.00023300946,-0.00019864738,-0.00020231307,-0.00021585822,-0.00021640956,-0.00042186677,-0.0004222542,-0.00040507317,-0.00042705238,-0.00040712953,-0.0004054159,-0.0004055947,-0.00040890276,-0.00042194128,-0.00042192638,-0.00040578842,-0.0004272163,-0.0004080385,-0.00040574372,-0.00040587783,-0.0004095286,-0.00060658157,-0.0006137043,-0.0005981028,-0.0006351769,-0.0005944669,-0.0006002933,-0.0006043613,-0.0006109774,-0.0006079227,-0.00061522424,-0.0005991757,-0.00063431263,-0.0005944818,-0.00060108304,-0.0006054193,-0.0006096065
2032.5,-0.00027111173,-0.000264436,-0.0002642274,-0.00028410554,-0.00024928153,-0.0002552867,-0.00026854873,-0.00026865304,-0.00027143955,-0.00026348233,-0.00026370585,-0.0002835393,-0.00025118887,-0.00025564432,-0.0002680421,-0.00026896596,-0.0005135238,-0.0005143732,-0.0005032867,-0.00052802265,-0.0005078465,-0.00050391257,-0.0005054325,-0.00050508976,-0.00051377714,-0.0005147755,-0.0005045235,-0.000528425,-0.0005108416,-0.000502795,-0.00050599873,-0.0005065799,-0.0007481426,-0.0007560551,-0.00074645877,-0.00078076124,-0.00074349344,-0.0007456094,-0.0007518381,-0.000758186,-0.00074984133,-0.0007571131,-0.00074598193,-0.00078071654,-0.00074233115,-0.0007458925,-0.0007561296,-0.0007572323
2033.5,-0.00032643974,-0.00031359494,-0.0003144741,-0.0003375858,-0.0003079027,-0.00031365454,-0.00032645464,-0.0003284663,-0.00032497942,-0.0003144592,-0.0003092885,-0.00033681095,-0.00031222403,-0.0003156662,-0.00032812357,-0.00032684207,-0.0006160736,-0.0006135851,-0.00060866773,-0.000631243,-0.0006185472,-0.00061555207,-0.0006145388,-0.00061134994,-0.00061528385,-0.0006162077,-0.00060880184,-0.00063459575,-0.0006222129,-0.00061528385,-0.00061638653,-0.00061647594,-0.0009059757,-0.00091326237,-0.0008996576,-0.00093337893,-0.0009011179,-0.00089912117,-0.00091563165,-0.00091798604,-0.0009082705,-0.00091362,-0.0009023547,-0.00093501806,-0.0009035021,-0.00090025365,-0.00091826916,-0.00091800094
2034.5,-0.0003760159,-0.00036986172,-0.00037112832,-0.0003940761,-0.00037239492,-0.000375852,-0.00039240718,-0.00039222836,-0.0003771484,-0.00037065148,-0.0003670901,-0.00039039552,-0.00037281215,-0.00037899613,-0.00039750338,-0.00039702654,-0.0007162839,-0.00071790814,-0.0007198453,-0.00073570013,-0.0007381886,-0.0007325858,-0.000732407,-0.0007343739,-0.00072158873,-0.0007251352,-0.0007210821,-0.0007442832,-0.00075000525,-0.00073230267,-0.0007403344,-0.0007417649,-0.0010634661,-0.0010753423,-0.0010605305,-0.0010896623,-0.0010681748,-0.0010641515,-0.001083687,-0.0010957867,-0.0010717362,-0.001079902,-0.0010669231,-0.0010973513,-0.001081109,-0.0010727048,-0.0010929406,-0.001098454
2035.5,-0.00043027103,-0.00042931736,-0.0004325509,-0.00045503676,-0.0004312247,-0.00043657422,-0.00045707822,-0.0004631877,-0.00044097006,-0.00043275952,-0.00043703616,-0.0004493147,-0.0004311353,-0.00044301152,-0.0004657507,-0.00046873093,-0.0008251965,-0.0008278191,-0.0008434504,-0.00084990263,-0.00085632503,-0.0008457601,-0.0008574128,-0.0008598417,-0.00083884597,-0.0008440316,-0.0008445382,-0.0008635521,-0.00087685883,-0.0008545369,-0.0008736253,-0.0008754432,-0.0012293309,-0.0012483001,-0.0012342632,-0.0012601018,-0.0012426376,-0.0012336969,-0.0012625754,-0.0012846589,-0.0012494475,-0.0012628883,-0.0012519956,-0.0012779981,-0.0012635291,-0.0012540221,-0.0012837946,-0.0012931824
2036.5,-0.00048418343,-0.0004900545,-0.0004939139,-0.0005172938,-0.0004979521,-0.00050391257,-0.0005169958,-0.0005272031,-0.00051002204,-0.000500381,-0.0005069226,-0.00051274896,-0.0005020052,-0.00051485,-0.00053189695,-0.0005404055,-0.0009448081,-0.00094631314,-0.00096543133,-0.00096158683,-0.0009785146,-0.00096316636,-0.0009852946,-0.0009892285,-0.0009666085,-0.00097543,-0.0009751767,-0.000989601,-0.0010064244,-0.0009873956,-0.0010076165,-0.0010144264,-0.0014056861,-0.0014328063,-0.00141114,-0.0014292747,-0.0014258772,-0.001410082,-0.0014390498,-0.001473546,-0.0014407635,-0.0014586747,-0.00144656,-0.0014659464,-0.0014580339,-0.0014470518,-0.0014779568,-0.0014962703
2037.5,-0.0005464256,-0.0005515963,-0.0005596131,-0.0005867183,-0.0005648136,-0.0005683601,-0.0005812645,-0.0005892515,-0.0005764365,-0.00057291985,-0.0005719811,-0.00058840215,-0.00057692826,-0.000582695,-0.0006018132,-0.00061534345,-0.0010656714,-0.001065746,-0.0010897368,-0.0010898709,-0.0011073947,-0.001086399,-0.0011124611,-0.0011246651,-0.001101017,-0.0011098534,-0.0011146963,-0.0011278391,-0.0011471212,-0.0011202395,-0.0011495054,-0.0011626184,-0.0015894622,-0.0016136914,-0.0015901029,-0.0016127974,-0.0016219616,-0.001594156,-0.0016186982,-0.0016727298,-0.0016399473,-0.0016619861,-0.0016442835,-0.0016741157,-0.0016679466,-0.001650244,-0.001679197,-0.0017119795
2038.5,-0.0006158948,-0.000614956,-0.0006249845,-0.000652954,-0.00063478947,-0.00062939525,-0.0006453544,-0.00065617263,-0.0006505698,-0.0006495267,-0.00064462423,-0.00066304207,-0.0006560236,-0.00064970553,-0.0006726682,-0.00069335103,-0.0011908561,-0.001188159,-0.0012141019,-0.0012215078,-0.0012386739,-0.0012109578,-0.0012377053,-0.0012583435,-0.0012448877,-0.0012485236,-0.0012565106,-0.0012716353,-0.001296863,-0.0012598187,-0.0012920797,-0.0013103485,-0.0017746091,-0.0017933547,-0.0017790198,-0.0018060654,-0.0018247366,-0.0017799586,-0.0018006116,-0.0018724203,-0.0018438697,-0.0018710047,-0.0018559545,-0.0018882155,-0.0018920898,-0.0018536747,-0.0018871427,-0.0019371212
2039.5,-0.00067718327,-0.00067938864,-0.00068852305,-0.00071285665,-0.0006957054,-0.00069223344,-0.00071425736,-0.0007249564,-0.0007234067,-0.0007240325,-0.0007237792,-0.00073586404,-0.0007392466,-0.000727877,-0.00074724853,-0.0007699281,-0.0013164133,-0.0013184547,-0.0013466328,-0.0013524294,-0.00136213,-0.001338318,-0.0013701022,-0.0013901591,-0.001385197,-0.0013957769,-0.0014068484,-0.0014245808,-0.0014476031,-0.0014074743,-0.0014462322,-0.0014653355,-0.0019621253,-0.0019791424,-0.001972869,-0.001992181,-0.002021119,-0.001966387,-0.0019932091,-0.0020666122,-0.0020592213,-0.0020855367,-0.0020772517,-0.0021012723,-0.0021223277,-0.002071038,-0.0021084398,-0.0021645725
2040.5,-0.0007429719,-0.0007466972,-0.0007559508,-0.0007774234,-0.0007648766,-0.0007546842,-0.00077694654,-0.00078880787,-0.00079889596,-0.00080551207,-0.0008044839,-0.0008171946,-0.00082556903,-0.00080138445,-0.00082604587,-0.0008482784,-0.0014394969,-0.0014562458,-0.0014818162,-0.0014860481,-0.0014947951,-0.0014591664,-0.0015011281,-0.001521498,-0.0015319735,-0.0015542805,-0.0015629977,-0.0015814006,-0.0016043037,-0.0015554726,-0.0016041994,-0.0016250759,-0.0021508932,-0.002171889,-0.0021675974,-0.0021844655,-0.0022214204,-0.0021481365,-0.0021888167,-0.0022625923,-0.0022848547,-0.0023169518,-0.00230515,-0.0023250282,-0.0023640096,-0.0022917837,-0.0023370236,-0.0024008602
2041.5,-0.00081269443,-0.0008111149,-0.00082445145,-0.0008466095,-0.00083231926,-0.00082175434,-0.00085005164,-0.0008596033,-0.0008793026,-0.0008869618,-0.00088584423,-0.0009058416,-0.0009059161,-0.0008789152,-0.0009150058,-0.0009345561,-0.0015664697,-0.0015895814,-0.001613453,-0.00161618,-0.0016231686,-0.0015859455,-0.0016344637,-0.0016563833,-0.0016915649,-0.0017117709,-0.0017275065,-0.001742512,-0.0017594546,-0.0017132312,-0.0017702729,-0.0017960668,-0.0023419112,-0.002358377,-0.0023611486,-0.002379194,-0.002412051,-0.0023352355,-0.002391547,-0.002466619,-0.0025213063,-0.002550006,-0.0025422275,-0.0025651008,-0.0026040673,-0.0025178492,-0.0025815815,-0.0026552528
2042.5,-0.00089137256,-0.0008754283,-0.0008869767,-0.00091068447,-0.00089782476,-0.000887081,-0.00091426075,-0.00093106925,-0.00097315013,-0.00096488,-0.00096710026,-0.0009911507,-0.0009865016,-0.00096547604,-0.0010005683,-0.0010249168,-0.0017054528,-0.0017176867,-0.0017355233,-0.0017416775,-0.0017529428,-0.0017161369,-0.0017653704,-0.0017973036,-0.0018621981,-0.001871571,-0.0018915832,-0.0019040704,-0.0019258708,-0.0018800497,-0.0019395351,-0.0019758046,-0.0025437623,-0.0025488436,-0.0025510192,-0.0025697798,-0.0026011914,-0.0025274903,-0.002590984,-0.0026754737,-0.002775818,-0.0027871132,-0.002783537,-0.0028095394,-0.0028503388,-0.0027545542,-0.0028319657,-0.0029212236
2043.5,-0.0009587258,-0.0009432733,-0.0009534359,-0.0009723902,-0.0009627789,-0.0009519905,-0.0009779334,-0.0010044724,-0.0010615736,-0.00105533,-0.0010512471,-0.001078561,-0.0010714233,-0.0010523349,-0.0010818392,-0.0011232942,-0.0018327832,-0.0018505454,-0.0018576533,-0.0018649697,-0.0018837452,-0.0018444955,-0.0018928796,-0.0019407421,-0.0020304918,-0.0020398349,-0.002055183,-0.002067536,-0.0021005124,-0.002041787,-0.0021093786,-0.0021583885,-0.0027338415,-0.002747625,-0.0027388334,-0.0027599186,-0.0027977526,-0.0027155876,-0.0027918369,-0.0028816313,-0.0030223578,-0.0030360073,-0.0030307174,-0.0030594617,-0.003108099,-0.0030046105,-0.0030892938,-0.0031939745
2044.5,-0.0010257512,-0.001009807,-0.0010233521,-0.0010401309,-0.0010310262,-0.0010169297,-0.0010448843,-0.0010739714,-0.0011530817,-0.0011449307,-0.00113976,-0.0011677742,-0.0011606514,-0.0011401325,-0.0011674911,-0.0012209564,-0.001963392,-0.0019849539,-0.001983896,-0.001990363,-0.00201343,-0.0019722432,-0.0020201206,-0.002076149,-0.0022064447,-0.0022190362,-0.0022290945,-0.0022443086,-0.0022769421,-0.0022073388,-0.0022844076,-0.0023398846,-0.0029191077,-0.0029389858,-0.0029306859,-0.0029529333,-0.0029936284,-0.0029080063,-0.002992466,-0.0030842572,-0.0032756627,-0.0032934695,-0.0032963455,-0.0033259392,-0.003366083,-0.0032595247,-0.0033549964,-0.003472969
2045.5,-0.0010854155,-0.0010806769,-0.0010847002,-0.0011070967,-0.0011001229,-0.0010892749,-0.0011202842,-0.0011485964,-0.0012364984,-0.0012313724,-0.001232475,-0.0012630671,-0.0012542903,-0.0012338012,-0.0012660325,-0.0013231039,-0.0020905286,-0.0021142364,-0.0021069795,-0.0021159798,-0.002146244,-0.0021027178,-0.0021554083,-0.0022073984,-0.002379775,-0.0024004579,-0.0024036467,-0.0024278313,-0.0024583787,-0.0023911297,-0.0024688393,-0.0025253296,-0.0031020194,-0.003127262,-0.003118664,-0.0031513125,-0.003186971,-0.0031033903,-0.0031948239,-0.0032809526,-0.0035321414,-0.0035605729,-0.0035651475,-0.0036012828,-0.0036373138,-0.0035241842,-0.0036347508,-0.0037555844
2046.5,-0.0011520237,-0.0011461377,-0.001149252,-0.0011697114,-0.0011630654,-0.0011528283,-0.001200676,-0.00122042,-0.0013276339,-0.0013222694,-0.0013311952,-0.0013596565,-0.001354754,-0.0013223141,-0.0013745278,-0.0014229864,-0.0022109747,-0.0022374243,-0.0022389144,-0.0022426397,-0.0022798777,-0.0022211522,-0.0022952706,-0.0023418516,-0.0025560707,-0.0025786161,-0.002595514,-0.0026136637,-0.0026482195,-0.002567917,-0.0026662797,-0.0027217865,-0.0032831877,-0.003310144,-0.0033098012,-0.0033480227,-0.0033785403,-0.0032881051,-0.0033955425,-0.0034799278,-0.0037932098,-0.0038306564,-0.0038409084,-0.003880009,-0.0039186627,-0.003793791,-0.003922671,-0.004043728
2047.5,-0.0012130886,-0.0012059361,-0.0012164712,-0.0012384504,-0.0012304187,-0.001215741,-0.0012821406,-0.0012898296,-0.0014185607,-0.0014222413,-0.0014316887,-0.0014603585,-0.0014592707,-0.0014186352,-0.0014892071,-0.0015198588,-0.0023306161,-0.0023599118,-0.002366975,-0.002376482,-0.0024104416,-0.00233832,-0.0024337023,-0.002472043,-0.0027339011,-0.0027626753,-0.00279136,-0.0028063506,-0.0028459728,-0.002750814,-0.002873823,-0.0029172748,-0.0034597814,-0.0034918338,-0.00349918,-0.0035420358,-0.0035700053,-0.0034703761,-0.003594637,-0.0036725402,-0.0040637255,-0.0041025877,-0.0041222125,-0.004166886,-0.004209429,-0.0040706694,-0.0042226464,-0.0043378025
2048.5,-0.0012658387,-0.0012665838,-0.0012803972,-0.0013059974,-0.0012951493,-0.0012781918,-0.001346767,-0.0013624579,-0.0015060157,-0.0015189052,-0.0015327483,-0.0015621632,-0.0015625358,-0.001518622,-0.0015981942,-0.0016271174,-0.0024393052,-0.0024755597,-0.0024906546,-0.0025045723,-0.0025386512,-0.0024570525,-0.0025619715,-0.0026027411,-0.002914086,-0.0029441565,-0.002983719,-0.0030047446,-0.0030447096,-0.00293988,-0.0030798763,-0.0031238347,-0.0036313236,-0.0036641061,-0.0036866963,-0.0037318617,-0.0037642568,-0.003651023,-0.0037843138,-0.003863424,-0.0043287575,-0.0043771714,-0.0044117123,-0.0044592023,-0.004510924,-0.004352778,-0.004525602,-0.004644379
2049.5,-0.0013187379,-0.0013239086,-0.001340434,-0.0013686419,-0.0013660043,-0.0013372749,-0.0014072955,-0.0014267862,-0.0015985072,-0.0016156286,-0.0016302168,-0.0016613603,-0.001668483,-0.0016187578,-0.0017035902,-0.001737535,-0.002550736,-0.0025918335,-0.0026170164,-0.002621457,-0.0026697367,-0.0025779605,-0.0026935637,-0.002729088,-0.0030949116,-0.0031284988,-0.003180176,-0.003204152,-0.0032547861,-0.003136143,-0.003284052,-0.0033333749,-0.0037992,-0.0038377494,-0.003866896,-0.0039093345,-0.0039608926,-0.0038271844,-0.0039692223,-0.0040517747,-0.004605815,-0.004660964,-0.0046986938,-0.0047519803,-0.0048226565,-0.0046455413,-0.004832715,-0.004954487
2050.5,-0.0013745278,-0.0013859868,-0.0013999194,-0.0014306307,-0.001432687,-0.0013970435,-0.0014669597,-0.0014871806,-0.001695022,-0.0017184913,-0.0017301291,-0.0017676651,-0.0017752349,-0.0017192811,-0.0018118471,-0.0018461645,-0.0026606321,-0.002705887,-0.0027343929,-0.0027404577,-0.0027976185,-0.002694413,-0.0028212368,-0.002852559,-0.0032790154,-0.0033248514,-0.0033771098,-0.0034078956,-0.003467828,-0.0033289194,-0.0034940094,-0.0035467297,-0.00396432,-0.004006475,-0.004041359,-0.004087046,-0.0041469485,-0.0039934963,-0.0041485727,-0.0042341053,-0.0048854947,-0.0049515516,-0.0049896985,-0.0050528646,-0.005139753,-0.0049334913,-0.005139604,-0.005270645
2051.5,-0.001433894,-0.0014433861,-0.0014626086,-0.0014932454,-0.0015016198,-0.001459837,-0.0015282333,-0.0015512109,-0.0017991811,-0.0018213689,-0.0018332005,-0.0018788576,-0.001893118,-0.0018236041,-0.0019253194,-0.0019624531,-0.0027722865,-0.0028167963,-0.00284414,-0.0028572679,-0.002924651,-0.0028056502,-0.0029491931,-0.0029779524,-0.0034716725,-0.0035240054,-0.003574729,-0.0036213845,-0.0036901534,-0.003529027,-0.0037120283,-0.0037682354,-0.0041252375,-0.004171714,-0.004214689,-0.004272595,-0.0043337494,-0.00416176,-0.0043328553,-0.004420519,-0.005170405,-0.005244389,-0.0052927285,-0.0053660125,-0.0054637045,-0.005226329,-0.0054596215,-0.005597636
2052.5,-0.0014943331,-0.0015074909,-0.001521945,-0.0015522689,-0.0015640259,-0.0015186965,-0.001589343,-0.0016213208,-0.0019066334,-0.0019275546,-0.0019364655,-0.0019848049,-0.0020074546,-0.0019327253,-0.0020365268,-0.002083838,-0.0028838515,-0.0029301494,-0.0029527247,-0.0029748231,-0.0030459464,-0.0029176176,-0.0030641705,-0.0031110197,-0.0036636442,-0.0037270933,-0.003779009,-0.0038329214,-0.0039107203,-0.0037288964,-0.003916964,-0.0039961636,-0.00428541,-0.004334852,-0.0043732375,-0.004447967,-0.0045083463,-0.0043283105,-0.0045023113,-0.0046088398,-0.0054606944,-0.005542055,-0.005593598,-0.0056748837,-0.0057877153,-0.0055250973,-0.005776018,-0.005933851
2053.5,-0.0015555471,-0.001565218,-0.0015848279,-0.0016101897,-0.0016241074,-0.001574412,-0.0016478598,-0.0016839057,-0.0020085573,-0.0020319074,-0.0020420402,-0.0020896196,-0.0021226704,-0.0020393282,-0.0021439046,-0.002198115,-0.0029917061,-0.003037557,-0.0030642003,-0.0030825436,-0.0031646788,-0.0030290037,-0.0031761974,-0.0032294244,-0.0038567483,-0.003925234,-0.003986135,-0.004038647,-0.0041264594,-0.003931001,-0.004129544,-0.004213333,-0.0044446886,-0.0044971704,-0.0045363903,-0.0046148,-0.00467965,-0.004494503,-0.0046674907,-0.004784718,-0.0057507455,-0.005842313,-0.005898252,-0.0059853643,-0.0061126053,-0.005828798,-0.006090656,-0.0062639415
2054.5,-0.0016106069,-0.0016157925,-0.0016397834,-0.001666367,-0.0016847253,-0.001630485,-0.001697123,-0.001748234,-0.0021103919,-0.0021298677,-0.0021464676,-0.0021909922,-0.0022292584,-0.0021432936,-0.00224559,-0.00231494,-0.0030963123,-0.0031433702,-0.0031701475,-0.0031879991,-0.0032726228,-0.0031377673,-0.003277555,-0.0033456981,-0.0040418506,-0.0041211694,-0.004181564,-0.0042427927,-0.0043329746,-0.0041313022,-0.0043371767,-0.004429728,-0.0045963526,-0.004655212,-0.004697919,-0.00477615,-0.00484021,-0.0046537817,-0.004828617,-0.0049540997,-0.006034255,-0.0061267465,-0.006196633,-0.006294325,-0.00642471,-0.0061259866,-0.006392598,-0.00659208
2055.5,-0.0016577542,-0.0016643405,-0.0016936362,-0.0017177314,-0.001742512,-0.0016868114,-0.001745671,-0.0018084049,-0.0022072792,-0.0022235215,-0.0022472143,-0.0022863,-0.0023298115,-0.0022454262,-0.002342254,-0.0024209768,-0.0031931996,-0.003243655,-0.0032759309,-0.0032832623,-0.0033771396,-0.0032437444,-0.0033724457,-0.0034559667,-0.0042209923,-0.0043046772,-0.0043736845,-0.0044329464,-0.0045334697,-0.0043328702,-0.004530415,-0.004635796,-0.0047406256,-0.004804641,-0.0048539937,-0.0049239844,-0.0049993545,-0.0048154593,-0.0049860924,-0.0051155984,-0.0063023865,-0.0063981265,-0.0064846277,-0.00658828,-0.0067244917,-0.0064168423,-0.006683767,-0.0068995208
2056.5,-0.0017025769,-0.0017145574,-0.0017481148,-0.0017628521,-0.001808539,-0.0017426312,-0.0017973036,-0.0018646121,-0.002291888,-0.0023183525,-0.0023423433,-0.0023732036,-0.0024329275,-0.002341777,-0.0024362057,-0.0025226027,-0.003278017,-0.0033429563,-0.0033733547,-0.0033750534,-0.003490299,-0.0033487678,-0.003469929,-0.003562048,-0.004389763,-0.004483521,-0.00455454,-0.004607007,-0.004734203,-0.004518628,-0.004715994,-0.004832566,-0.0048717856,-0.004952252,-0.0050022155,-0.005059764,-0.0051642507,-0.00496915,-0.0051371753,-0.0052762628,-0.0065497756,-0.006661445,-0.006757915,-0.0068576485,-0.0070173144,-0.0066933036,-0.0069639236,-0.0071920156
2057.5,-0.0017443299,-0.0017653704,-0.0017999709,-0.0018033683,-0.0018623918,-0.0017976761,-0.001851961,-0.0019116402,-0.002373159,-0.0024056435,-0.0024365485,-0.0024597347,-0.0025247484,-0.0024329424,-0.0025319457,-0.00261195,-0.0033596754,-0.0034346282,-0.0034689605,-0.003471464,-0.0035968274,-0.003445685,-0.0035686344,-0.0036579669,-0.004548788,-0.0046534836,-0.0047335327,-0.004774183,-0.0049167126,-0.004699677,-0.00490053,-0.005011022,-0.0049946904,-0.0050849915,-0.0051439404,-0.0051940978,-0.005319774,-0.0051202774,-0.0052912533,-0.005417958,-0.006786585,-0.0069057345,-0.0070156157,-0.007115066,-0.007288754,-0.0069558322,-0.0072354376,-0.0074628443
2058.5,-0.0017869473,-0.0018115938,-0.0018518269,-0.0018470585,-0.0019125342,-0.0018405616,-0.0019078404,-0.0019563437,-0.0024462342,-0.0024868548,-0.0025297701,-0.0025435984,-0.0026156455,-0.0025134385,-0.0026207864,-0.0026963651,-0.0034425855,-0.0035214722,-0.0035625398,-0.0035661757,-0.0036985874,-0.0035351217,-0.0036591291,-0.0037522018,-0.0046996176,-0.004812926,-0.004905343,-0.004935831,-0.0050896704,-0.004860759,-0.005073011,-0.0051781237,-0.005117178,-0.0052110553,-0.00528419,-0.005330324,-0.0054654777,-0.00525555,-0.005433798,-0.0055564344,-0.007009685,-0.007135719,-0.007261932,-0.007358417,-0.007544875,-0.007198572,-0.0074873418,-0.007713139
2059.5,-0.0018247068,-0.0018552244,-0.0019018352,-0.0018984675,-0.001962006,-0.0018853545,-0.001959607,-0.002000317,-0.002512604,-0.0025611222,-0.002614677,-0.002628386,-0.0027023256,-0.0025936961,-0.0027084053,-0.0027747452,-0.0035191774,-0.0036078095,-0.003652364,-0.0036633313,-0.0037947595,-0.003621012,-0.0037483722,-0.0038372576,-0.004840821,-0.0049604774,-0.0050676763,-0.005092323,-0.0052595586,-0.005013466,-0.0052301884,-0.005333364,-0.0052337646,-0.0053340197,-0.0054187775,-0.00546664,-0.005613193,-0.005384654,-0.005561009,-0.0056822,-0.0072179437,-0.0073556006,-0.0074911416,-0.007592261,-0.0077958256,-0.0074311793,-0.007722631,-0.007940233
2060.5,-0.0018625557,-0.0018988252,-0.0019491613,-0.0019386113,-0.00200665,-0.0019281209,-0.002004549,-0.0020468086,-0.0025755167,-0.0026346147,-0.0026940107,-0.002698034,-0.0027844608,-0.0026681125,-0.002784416,-0.0028519928,-0.0035913289,-0.003688842,-0.003735751,-0.003743112,-0.0038796365,-0.0037042499,-0.0038364083,-0.0039244145,-0.0049741864,-0.0051000714,-0.005213201,-0.0052293837,-0.0054120123,-0.0051595867,-0.0053775758,-0.0054908544,-0.005343646,-0.005448848,-0.0055398047,-0.005586028,-0.0057481676,-0.0055062175,-0.0056784004,-0.0058110505,-0.0074103177,-0.007558793,-0.007705033,-0.007802546,-0.008027524,-0.0076533556,-0.00794217,-0.008162379
2061.5,-0.0018976927,-0.0019373298,-0.001985222,-0.0019776523,-0.0020462573,-0.0019678175,-0.0020507127,-0.0020911247,-0.0026358068,-0.0027027428,-0.002758801,-0.0027687848,-0.002857387,-0.0027421117,-0.0028642267,-0.0029221624,-0.0036627054,-0.0037592351,-0.0038059354,-0.003817588,-0.003957212,-0.0037911534,-0.003922984,-0.0040054023,-0.0050970316,-0.005228311,-0.0053415596,-0.005364597,-0.005550295,-0.0053005517,-0.0055186003,-0.00563249,-0.005444169,-0.005555153,-0.0056503713,-0.005700916,-0.005868137,-0.0056230724,-0.0058001727,-0.0059290975,-0.0075897276,-0.0077466667,-0.007906526,-0.007996857,-0.008241147,-0.007862121,-0.0081522465,-0.00836435
2062.5,-0.0019295812,-0.0019655824,-0.002019316,-0.0020130575,-0.0020829737,-0.0020122826,-0.0021012872,-0.0021388233,-0.0026921034,-0.0027639866,-0.0028164387,-0.0028342903,-0.002921462,-0.0028121471,-0.0029417574,-0.0029937923,-0.0037288964,-0.0038226247,-0.0038703382,-0.003890276,-0.004033178,-0.0038722456,-0.0040107816,-0.004085809,-0.005205363,-0.0053456724,-0.005459726,-0.005488187,-0.0056851804,-0.0054402947,-0.0056566596,-0.0057659894,-0.0055351257,-0.0056521595,-0.005753368,-0.0058115125,-0.0059808493,-0.0057435036,-0.0059212,-0.0060497075,-0.007753134,-0.007917404,-0.008092523,-0.00818184,-0.008435547,-0.008059442,-0.008349225,-0.008554488
2063.5,-0.0019577146,-0.0019973218,-0.0020455718,-0.0020497143,-0.0021178424,-0.0020486712,-0.0021445006,-0.0021801293,-0.0027456582,-0.002816707,-0.0028651655,-0.0029025674,-0.0029798448,-0.0028755665,-0.0030131936,-0.003061235,-0.0037857592,-0.0038806796,-0.003927797,-0.003959149,-0.0040979683,-0.0039441288,-0.004088968,-0.004165292,-0.0053071976,-0.0054536164,-0.0055678785,-0.005610049,-0.0058038235,-0.0055640936,-0.005781099,-0.005889818,-0.0056215525,-0.0057449937,-0.0058485866,-0.005920738,-0.006082773,-0.005847782,-0.0060296953,-0.0061554164,-0.007904828,-0.008076936,-0.008254677,-0.008354098,-0.008616447,-0.008234769,-0.008525938,-0.008733213
2064.5,-0.001984179,-0.0020263195,-0.0020734966,-0.002089113,-0.0021457672,-0.0020825267,-0.0021843612,-0.0022156239,-0.0027985275,-0.0028700233,-0.0029167235,-0.002963543,-0.0030347705,-0.0029331744,-0.003077507,-0.0031204075,-0.0038428307,-0.003936708,-0.0039888024,-0.004024714,-0.004154891,-0.004010856,-0.004159808,-0.004233569,-0.005400598,-0.005554408,-0.005670607,-0.005723715,-0.0059111714,-0.0056735873,-0.005892098,-0.0060019493,-0.005698681,-0.0058276355,-0.005935043,-0.0060215294,-0.006172091,-0.005941808,-0.0061304867,-0.006247297,-0.008042425,-0.008222431,-0.00840494,-0.008512795,-0.008778036,-0.0083961785,-0.008689076,-0.008887529
2065.5,-0.0020119548,-0.0020507574,-0.0021009147,-0.0021221638,-0.0021723509,-0.002117902,-0.0022206604,-0.0022416264,-0.0028410554,-0.0029176474,-0.002960205,-0.003011465,-0.0030823052,-0.002986133,-0.0031340122,-0.0031676143,-0.003894478,-0.003982097,-0.00403741,-0.004080057,-0.004207909,-0.00407061,-0.0042230785,-0.004286319,-0.005486697,-0.0056419075,-0.005753517,-0.0058214366,-0.006002873,-0.0057783425,-0.005998254,-0.006093681,-0.005772203,-0.0059031844,-0.006006807,-0.006108731,-0.006249875,-0.0060323775,-0.0062218904,-0.0063278824,-0.008166581,-0.008352995,-0.008538187,-0.008657187,-0.00892064,-0.008542031,-0.008837417,-0.0090183765
2066.5,-0.0020336807,-0.0020806193,-0.002122879,-0.0021511614,-0.0022057295,-0.0021443665,-0.0022459328,-0.0022678971,-0.0028814971,-0.0029628873,-0.0029950738,-0.0030593574,-0.0031338036,-0.0030283034,-0.0031817555,-0.0032147318,-0.0039417446,-0.0040236413,-0.004076749,-0.004135877,-0.004262775,-0.004116714,-0.0042757094,-0.0043379813,-0.005565107,-0.0057184994,-0.0058238506,-0.0059115887,-0.0060953796,-0.0058622956,-0.0060907006,-0.006175965,-0.005839914,-0.0059700906,-0.0060667098,-0.0061915517,-0.0063296556,-0.006110221,-0.0063031316,-0.006396413,-0.008280605,-0.008462518,-0.0086475015,-0.008789599,-0.009054363,-0.008672565,-0.008966982,-0.009132102
2067.5,-0.002051711,-0.002107352,-0.0021458268,-0.0021713674,-0.0022312403,-0.0021700263,-0.0022684932,-0.0022879988,-0.0029184818,-0.002999097,-0.0030299127,-0.0030965805,-0.003175974,-0.0030680597,-0.0032218099,-0.0032524168,-0.003982097,-0.0040648878,-0.0041163564,-0.0041785836,-0.0043067336,-0.004158914,-0.0043204725,-0.0043783337,-0.005633384,-0.0057857633,-0.005888462,-0.0059842467,-0.006175399,-0.0059368312,-0.006171614,-0.0062450618,-0.0058942437,-0.0060258806,-0.006122142,-0.0062572956,-0.006400794,-0.006176114,-0.006371647,-0.006450951,-0.008374542,-0.008558303,-0.008743167,-0.008900851,-0.009168655,-0.008786738,-0.009086579,-0.00922209
2068.5,-0.0020675063,-0.002130866,-0.0021646917,-0.00219208,-0.0022543073,-0.0021902323,-0.00229159,-0.0023064315,-0.0029447973,-0.0030302107,-0.0030636787,-0.0031303763,-0.0032125413,-0.0031024516,-0.003258407,-0.0032818317,-0.004008472,-0.004098177,-0.0041539967,-0.0042096674,-0.0043432415,-0.00419724,-0.004352778,-0.0044143647,-0.0056829453,-0.005842775,-0.00594756,-0.0060450733,-0.0062389076,-0.0059996843,-0.0062365234,-0.0063003153,-0.005933076,-0.006074488,-0.00617522,-0.0063102543,-0.0064611733,-0.0062280297,-0.006429106,-0.0064965636,-0.008448869,-0.008649409,-0.008826911,-0.008992165,-0.00925982,-0.008880556,-0.009182543,-0.009301603
2069.5,-0.0020786226,-0.0021503568,-0.00218606,-0.0022057295,-0.0022657812,-0.0022057295,-0.0023072958,-0.0023183227,-0.0029676557,-0.0030546188,-0.0030936599,-0.0031544566,-0.0032327175,-0.0031329095,-0.0032931268,-0.0033006072,-0.0040290058,-0.004119307,-0.004188895,-0.0042333603,-0.0043667853,-0.004228264,-0.004382819,-0.004436344,-0.005721599,-0.0058858693,-0.005998343,-0.006091684,-0.006284952,-0.006053388,-0.0062847733,-0.0063431263,-0.0059658885,-0.006111294,-0.0062176883,-0.0063487887,-0.0065025687,-0.006272286,-0.0064742863,-0.00653027,-0.0085089505,-0.008717507,-0.00889653,-0.00906688,-0.009332508,-0.008960724,-0.009259552,-0.009358898
2070.5,-0.0020908713,-0.002165109,-0.0022007823,-0.0022129714,-0.0022825897,-0.0022176504,-0.002318263,-0.0023299903,-0.0029947758,-0.0030809045,-0.0031157434,-0.0031695068,-0.0032541752,-0.0031603277,-0.0033192337,-0.0033248216,-0.0040493906,-0.0041431785,-0.0042134523,-0.004250765,-0.0043857396,-0.0042544007,-0.004407108,-0.004463166,-0.005760461,-0.005928993,-0.0060409307,-0.0061259866,-0.006322205,-0.006099701,-0.0063248575,-0.0063759685,-0.005995482,-0.0061462224,-0.006247282,-0.0063755214,-0.006534189,-0.0063100755,-0.006504804,-0.006558597,-0.008559197,-0.008774757,-0.008953929,-0.009120375,-0.00938651,-0.009027094,-0.009317815,-0.009404734
2071.5,-0.0020937324,-0.0021823347,-0.002205193,-0.002216816,-0.0022999644,-0.0022286773,-0.002318889,-0.002327025,-0.003006518,-0.0031007528,-0.0031256676,-0.0031797588,-0.0032691658,-0.0031816661,-0.0033328831,-0.0033296794,-0.004058212,-0.0041645467,-0.0042259693,-0.0042562187,-0.004392475,-0.0042720437,-0.004420519,-0.0044668466,-0.005785078,-0.005963087,-0.006069511,-0.006147057,-0.0063405633,-0.0061379075,-0.006357074,-0.006387502,-0.00601241,-0.0061727166,-0.0062693357,-0.006388277,-0.0065528154,-0.006340325,-0.006524563,-0.0065675527,-0.008592278,-0.008818835,-0.008992046,-0.009155601,-0.00942564,-0.009078026,-0.009360284,-0.009424984
2072.5,-0.0020895004,-0.0021899939,-0.0022042394,-0.0022198856,-0.00231269,-0.0022351146,-0.0023194253,-0.0023284554,-0.0030094683,-0.0031137466,-0.003131628,-0.0031851232,-0.003283739,-0.0031954348,-0.003341943,-0.003332585,-0.004057497,-0.004181057,-0.0042305887,-0.0042594373,-0.004404545,-0.0042851865,-0.0044368505,-0.0044786483,-0.0057942867,-0.0059866607,-0.0060873628,-0.0061638057,-0.0063587725,-0.00616616,-0.006381333,-0.00639607,-0.006017387,-0.006188005,-0.006280601,-0.0063990653,-0.006566137,-0.006360978,-0.006541401,-0.006574884,-0.008607864,-0.008848578,-0.0090173185,-0.009177774,-0.009455234,-0.009112716,-0.009396464,-0.0094445795
2073.5,-0.0020813346,-0.0021937191,-0.0022060573,-0.0022197664,-0.0023117065,-0.0022398531,-0.002321571,-0.0023210049,-0.0030074418,-0.0031164289,-0.003140062,-0.003191322,-0.0032874644,-0.003199637,-0.0033502579,-0.0033366978,-0.004053861,-0.0041829348,-0.004234165,-0.004261017,-0.0044083,-0.004293561,-0.004447162,-0.004481405,-0.005792856,-0.0059977174,-0.0061026514,-0.0061740577,-0.006365657,-0.0061762333,-0.0063978434,-0.0063970983,-0.0060115457,-0.006193429,-0.006282985,-0.0064025223,-0.0065668225,-0.006370127,-0.0065533817,-0.0065723658,-0.008603662,-0.008863986,-0.009031177,-0.009194523,-0.00946632,-0.009133577,-0.009416252,-0.009450555
2074.5,-0.0020778477,-0.0021933317,-0.0022054315,-0.002218783,-0.0023123622,-0.002245307,-0.0023196042,-0.0023176372,-0.0030035973,-0.0031157732,-0.0031455755,-0.003189832,-0.0032864213,-0.0032049716,-0.0033521056,-0.0033309162,-0.0040516853,-0.0041774213,-0.0042321086,-0.004258156,-0.0044063926,-0.004298955,-0.004441738,-0.0044772625,-0.005788654,-0.005999148,-0.0061049163,-0.006168723,-0.006367743,-0.006182015,-0.006398201,-0.006391749,-0.0060036182,-0.006190121,-0.0062814057,-0.0063969195,-0.006557584,-0.0063703954,-0.006551802,-0.0065574795,-0.008600712,-0.008865505,-0.009034395,-0.009194076,-0.009467781,-0.0091457665,-0.009417832,-0.009438112
2075.5,-0.0020786822,-0.0021921992,-0.0022021532,-0.002215147,-0.002308309,-0.0022451878,-0.0023237765,-0.0023130178,-0.0030004382,-0.0031126142,-0.0031419396,-0.0031843781,-0.0032821596,-0.0032069385,-0.0033577979,-0.0033249855,-0.0040504336,-0.004172504,-0.004229188,-0.0042488873,-0.00440076,-0.0042924583,-0.004439175,-0.004463285,-0.005786568,-0.0059931576,-0.006098777,-0.0061636865,-0.0063679516,-0.0061852634,-0.0063958764,-0.0063703656,-0.0059972703,-0.0061780214,-0.0062731802,-0.0063859522,-0.0065460503,-0.0063670576,-0.0065473914,-0.006532073,-0.008598894,-0.008855462,-0.009027094,-0.009188652,-0.009468883,-0.009145409,-0.009413838,-0.0094077885
2076.5,-0.0020747483,-0.0021848679,-0.002196461,-0.0022112727,-0.0023022294,-0.0022428036,-0.0023218095,-0.0023064017,-0.0029909313,-0.0031027198,-0.0031364858,-0.003177017,-0.0032718182,-0.0031996071,-0.003360182,-0.0033152997,-0.0040412247,-0.004161477,-0.004218936,-0.0042386055,-0.0043870807,-0.0042841136,-0.0044333637,-0.004440844,-0.005776733,-0.0059814453,-0.006082326,-0.006151587,-0.006355375,-0.006180942,-0.006386161,-0.0063420534,-0.0059838593,-0.006162286,-0.0062565506,-0.0063737333,-0.0065250993,-0.0063552856,-0.0065351725,-0.0065042675,-0.008589476,-0.008841544,-0.009007722,-0.009173453,-0.009445101,-0.009136736,-0.009405643,-0.00937064
2077.5,-0.002071768,-0.0021838546,-0.0021952093,-0.002211213,-0.0022985637,-0.0022411942,-0.0023129582,-0.0022943318,-0.0029829443,-0.0030997992,-0.0031323135,-0.0031706095,-0.003261596,-0.0031957626,-0.003356129,-0.003298223,-0.0040281713,-0.0041529536,-0.0042084157,-0.004231781,-0.004374057,-0.0042763054,-0.0044209957,-0.0044137836,-0.005758792,-0.0059705973,-0.0060732663,-0.006135851,-0.0063352585,-0.006170273,-0.006368041,-0.006311953,-0.0059641004,-0.0061513484,-0.006242901,-0.0063560605,-0.0065039992,-0.006341994,-0.0065223873,-0.006472379,-0.0085707605,-0.008828074,-0.008985341,-0.009147286,-0.009413898,-0.009121925,-0.00938192,-0.009321094
2078.5,-0.002065301,-0.0021817386,-0.002192825,-0.00220263,-0.0022920072,-0.0022337437,-0.0023103356,-0.002279073,-0.002973318,-0.0030934513,-0.0031231642,-0.003159523,-0.0032514036,-0.0031822324,-0.0033515096,-0.0032782257,-0.004015863,-0.0041441023,-0.0041929483,-0.004219353,-0.004362881,-0.004260391,-0.0044085085,-0.0043881834,-0.0057424605,-0.005955577,-0.0060521364,-0.006114155,-0.0063109696,-0.0061500072,-0.0063423216,-0.006278783,-0.005943686,-0.006137222,-0.0062194765,-0.006332934,-0.006473303,-0.0063180625,-0.006506324,-0.0064410567,-0.0085476935,-0.008805007,-0.008954465,-0.009112626,-0.009376258,-0.009093046,-0.009347171,-0.009267986
2079.5,-0.0020584166,-0.002171725,-0.00218454,-0.0021963716,-0.0022812188,-0.0022260249,-0.002303958,-0.0022627711,-0.0029629767,-0.0030782819,-0.0031073391,-0.0031493008,-0.0032343566,-0.0031662881,-0.0033372343,-0.0032503307,-0.0040011704,-0.00413087,-0.0041744113,-0.004201621,-0.004342973,-0.004245341,-0.0043878257,-0.0043581724,-0.005728841,-0.005933374,-0.0060284436,-0.006089717,-0.0062738657,-0.006126255,-0.0063076913,-0.0062313676,-0.005923778,-0.006114334,-0.0061892867,-0.006306857,-0.006436765,-0.006287694,-0.006479919,-0.006391555,-0.008522987,-0.008774251,-0.0089120865,-0.0090684295,-0.009323806,-0.009055674,-0.009303719,-0.0092020035
2080.5,-0.0020466745,-0.0021613836,-0.0021803975,-0.0021902025,-0.002267301,-0.0022179186,-0.0022961795,-0.0022479594,-0.0029491782,-0.0030608475,-0.0030975044,-0.0031368732,-0.0032120645,-0.0031517744,-0.0033187568,-0.0032187402,-0.0039812326,-0.0041134953,-0.0041598976,-0.0041818917,-0.004314482,-0.004226595,-0.004364103,-0.0043163896,-0.0057001114,-0.0059013367,-0.0060040653,-0.006060183,-0.006231189,-0.0060935616,-0.006275773,-0.0061745048,-0.005890459,-0.0060811937,-0.0061649084,-0.0062735975,-0.006398201,-0.0062511265,-0.0064502954,-0.0063376427,-0.008480281,-0.008731663,-0.008874655,-0.009019405,-0.009261847,-0.009005815,-0.009258509,-0.009134293
2081.5,-0.0020343363,-0.0021471083,-0.0021718442,-0.0021796525,-0.0022510886,-0.0022060573,-0.0022796988,-0.002225846,-0.0029289126,-0.0030388832,-0.0030859113,-0.0031184256,-0.003191471,-0.0031356812,-0.0032975078,-0.0031847358,-0.003955096,-0.004084468,-0.0041418076,-0.0041567385,-0.004284084,-0.0042025447,-0.004331112,-0.004276812,-0.0056634843,-0.005857885,-0.005975038,-0.0060230494,-0.0061873198,-0.0060553253,-0.006232202,-0.006123781,-0.0058537126,-0.0060350597,-0.0061335564,-0.0062360168,-0.0063489377,-0.0062095523,-0.006408125,-0.0062837303,-0.008429706,-0.008675724,-0.008829206,-0.008963913,-0.009191573,-0.008949816,-0.0091973245,-0.009056151
2082.5,-0.002016604,-0.002131164,-0.0021583736,-0.0021656156,-0.0022309422,-0.0021990538,-0.0022574961,-0.002203226,-0.0029038787,-0.0030150115,-0.0030662715,-0.003096193,-0.0031645894,-0.0031207204,-0.0032715797,-0.0031547844,-0.0039228797,-0.004049152,-0.0041184127,-0.0041278005,-0.004246205,-0.004179001,-0.0042940974,-0.0042410493,-0.005618274,-0.0058096647,-0.0059372187,-0.005979061,-0.0061377883,-0.0060191154,-0.006182641,-0.006073296,-0.0058116615,-0.005984634,-0.006090164,-0.006189972,-0.0062958896,-0.0061705112,-0.0063610673,-0.0062269866,-0.008366793,-0.008608252,-0.008773804,-0.008901238,-0.009109616,-0.008892298,-0.009123504,-0.008975744
2083.5,-0.0020000935,-0.002115637,-0.0021365583,-0.002144426,-0.0022117496,-0.002185613,-0.0022366047,-0.002175659,-0.0028809607,-0.0029927492,-0.003035456,-0.0030731559,-0.0031367242,-0.003097415,-0.003248334,-0.0031172633,-0.0038926005,-0.004016459,-0.004084289,-0.004095167,-0.0042119324,-0.004149854,-0.0042613745,-0.004197955,-0.005573064,-0.0057632923,-0.005890101,-0.0059320927,-0.006082535,-0.005974829,-0.0061302483,-0.0060116053,-0.0057663023,-0.0059340596,-0.006039858,-0.0061386824,-0.0062367916,-0.0061253905,-0.0063050687,-0.0061578155,-0.008301258,-0.008535981,-0.008705705,-0.008832127,-0.009024143,-0.008823186,-0.009039253,-0.00887844
2084.5,-0.00198254,-0.0020998418,-0.00211066,-0.0021257997,-0.0021933317,-0.0021710992,-0.002215743,-0.0021458864,-0.0028596222,-0.002970159,-0.0030039847,-0.0030468702,-0.0031054616,-0.0030721426,-0.0032218397,-0.0030842423,-0.0038631558,-0.003983915,-0.0040418506,-0.0040582716,-0.0041736066,-0.004118681,-0.004224092,-0.0041470528,-0.0055316687,-0.005717069,-0.005831182,-0.0058778524,-0.0060268044,-0.0059210956,-0.0060712993,-0.0059433877,-0.0057228506,-0.005887687,-0.005981058,-0.006085813,-0.0061737895,-0.006072551,-0.006249428,-0.006084442,-0.0082371235,-0.008460104,-0.008626342,-0.008755058,-0.008937627,-0.008741617,-0.008946568,-0.008776188
2085.5,-0.0019631386,-0.0020793974,-0.0020824075,-0.0021009147,-0.002171725,-0.0021504164,-0.0021973252,-0.0021105409,-0.0028353631,-0.0029426515,-0.0029696226,-0.0030146241,-0.0030744374,-0.0030416548,-0.0031875074,-0.0030405223,-0.0038293004,-0.003950864,-0.0040016472,-0.004019171,-0.0041373074,-0.0040805936,-0.0041805506,-0.004091829,-0.005482912,-0.005669296,-0.0057700872,-0.0058147907,-0.0059658587,-0.0058574677,-0.0060043633,-0.0058671236,-0.0056752264,-0.005838573,-0.005919844,-0.006026566,-0.006113559,-0.006007254,-0.006181091,-0.006002784,-0.008165091,-0.008381158,-0.008536696,-0.008671463,-0.008849442,-0.008650243,-0.008847237,-0.008662522
2086.5,-0.0019451082,-0.0020600557,-0.0020631552,-0.0020788014,-0.0021481216,-0.0021308959,-0.0021709502,-0.0020849109,-0.0028108954,-0.0029117167,-0.0029384494,-0.0029796958,-0.003038019,-0.0030126572,-0.0031512678,-0.0029998124,-0.0037956834,-0.003914058,-0.003960699,-0.0039732754,-0.004089892,-0.00403744,-0.004136443,-0.004042506,-0.005429834,-0.005612761,-0.0057094097,-0.0057480633,-0.005902469,-0.0057918727,-0.0059343576,-0.005790055,-0.005623758,-0.005782008,-0.0058602393,-0.005961716,-0.006043792,-0.0059398413,-0.0061133504,-0.005928099,-0.008087486,-0.008301318,-0.008449078,-0.008576244,-0.008747935,-0.008552343,-0.008746147,-0.0085499585
2087.5,-0.0019266307,-0.0020365715,-0.0020416677,-0.002056092,-0.002118975,-0.0021100342,-0.0021435916,-0.002046913,-0.0027835667,-0.002880156,-0.0029067397,-0.0029377341,-0.0029973984,-0.0029792786,-0.0031148195,-0.002947569,-0.003761381,-0.0038743615,-0.003917396,-0.003924638,-0.004037887,-0.0039907396,-0.0040856004,-0.0039815605,-0.0053783357,-0.0055508316,-0.00564453,-0.0056789517,-0.005827844,-0.005716294,-0.0058599114,-0.005700588,-0.0055717826,-0.005723417,-0.005799234,-0.0058894753,-0.0059668124,-0.005866885,-0.006047398,-0.0058434904,-0.008011878,-0.008215159,-0.008348733,-0.008468658,-0.00863862,-0.0084501505,-0.008637458,-0.008422494
2088.5,-0.0019069016,-0.0020157993,-0.0020174384,-0.0020370483,-0.0020943284,-0.0020891726,-0.0021163225,-0.0020163655,-0.0027527213,-0.002847582,-0.0028728545,-0.0029013455,-0.0029548407,-0.0029459,-0.0030746758,-0.0029005408,-0.0037208498,-0.0038284957,-0.0038675368,-0.0038800538,-0.003986299,-0.003944665,-0.004032314,-0.0039254725,-0.0053187907,-0.005484998,-0.00557521,-0.0056114197,-0.0057496727,-0.0056423545,-0.005782783,-0.005617827,-0.005511582,-0.005660653,-0.0057353377,-0.0058213174,-0.005890161,-0.0057964027,-0.0059725046,-0.005762726,-0.00792703,-0.008123368,-0.008244783,-0.008364916,-0.008523673,-0.00834319,-0.008521944,-0.008297563
2089.5,-0.0018881559,-0.0019909143,-0.0019929707,-0.0020153522,-0.0020646453,-0.0020665228,-0.0020908713,-0.0019840598,-0.0027219057,-0.0028153956,-0.0028351247,-0.0028646588,-0.0029079616,-0.0029078722,-0.0030301213,-0.0028482974,-0.0036796331,-0.0037834048,-0.0038200915,-0.003832996,-0.003929317,-0.0038923025,-0.0039756,-0.0038624704,-0.00525707,-0.005417526,-0.005505532,-0.0055367947,-0.005658418,-0.0055647492,-0.0056909323,-0.0055233836,-0.00545004,-0.005596906,-0.005667597,-0.0057484508,-0.005801171,-0.0057165623,-0.005896896,-0.0056767166,-0.007838637,-0.0080316365,-0.008133799,-0.008254945,-0.008395106,-0.008226514,-0.008402139,-0.00816524
2090.5,-0.0018642545,-0.001968801,-0.001967758,-0.0019901395,-0.0020268857,-0.0020360947,-0.0020579994,-0.0019471347,-0.0026862323,-0.0027836561,-0.0027991533,-0.0028253198,-0.0028615892,-0.002868265,-0.002978593,-0.002797544,-0.0036386251,-0.003738463,-0.0037679672,-0.003781736,-0.0038659573,-0.003835827,-0.0039114356,-0.00379318,-0.005194396,-0.0053520203,-0.0054284334,-0.005457431,-0.005566865,-0.0054801702,-0.0055898726,-0.005424291,-0.005385846,-0.005533606,-0.0055966675,-0.005671203,-0.0057117343,-0.005629003,-0.0058068633,-0.005579382,-0.007741213,-0.007933706,-0.008022249,-0.008134693,-0.0082629025,-0.008104473,-0.008264124,-0.008023262
2091.5,-0.0018407702,-0.0019445717,-0.001940757,-0.0019627213,-0.0019885302,-0.0020090044,-0.0020281672,-0.0019131005,-0.0026528537,-0.00275141,-0.0027579367,-0.0027854443,-0.0028129816,-0.0028300583,-0.0029321015,-0.0027552545,-0.0035986304,-0.0036907196,-0.0037178993,-0.0037300885,-0.0038014948,-0.0037806928,-0.0038464963,-0.0037275255,-0.005133301,-0.0052832663,-0.005350262,-0.0053780675,-0.005471736,-0.0053965747,-0.0054959953,-0.0053290725,-0.005325049,-0.0054632723,-0.005517453,-0.0055978,-0.005620688,-0.00554505,-0.005713105,-0.0054858625,-0.007646233,-0.007825166,-0.007909209,-0.008014679,-0.0081245005,-0.007982433,-0.008123934,-0.007877171
2092.5,-0.001816392,-0.0019195974,-0.0019160509,-0.0019363463,-0.0019516647,-0.0019819438,-0.0020008385,-0.0018727779,-0.0026170015,-0.0027168095,-0.0027159452,-0.002744168,-0.0027563572,-0.002784878,-0.0028842688,-0.0026987493,-0.0035551488,-0.0036394596,-0.0036690533,-0.0036738813,-0.003731966,-0.0037207305,-0.0037884116,-0.0036577284,-0.0050693154,-0.005205512,-0.0052744746,-0.005296588,-0.0053656995,-0.0053060055,-0.0054068565,-0.005228877,-0.0052627623,-0.0053890944,-0.005438179,-0.0055193007,-0.005523443,-0.0054594874,-0.0056271553,-0.0053906143,-0.0075499415,-0.0077106655,-0.0077905655,-0.007893056,-0.007979482,-0.007856965,-0.007990122,-0.0077263415
2093.5,-0.0017956197,-0.0018945932,-0.001889199,-0.0019056499,-0.0019179583,-0.0019504726,-0.0019752085,-0.0018358231,-0.002584517,-0.0026803613,-0.0026715398,-0.0026980937,-0.0027033687,-0.002737224,-0.0028358102,-0.0026441813,-0.0035123527,-0.0035874248,-0.0036159456,-0.0036198497,-0.0036654472,-0.0036624372,-0.0037306547,-0.0035936832,-0.0050058067,-0.005129814,-0.0051923394,-0.0052093267,-0.005267918,-0.0052163005,-0.005318612,-0.005131066,-0.0052003264,-0.0053161085,-0.0053560436,-0.0054382086,-0.005428195,-0.0053705573,-0.005539775,-0.0052909255,-0.0074574053,-0.007595569,-0.0076687634,-0.0077673197,-0.007837027,-0.007729113,-0.00785768,-0.00758335
2094.5,-0.0017741919,-0.001868099,-0.0018621683,-0.001876086,-0.0018901527,-0.0019273162,-0.001947552,-0.0017997026,-0.0025531054,-0.002640307,-0.002630204,-0.0026549697,-0.0026541948,-0.002698511,-0.0027933419,-0.002591014,-0.0034707189,-0.0035342872,-0.0035664141,-0.0035676956,-0.0036055446,-0.003610611,-0.0036741197,-0.0035289228,-0.0049405396,-0.0050564706,-0.00511533,-0.0051226914,-0.005173236,-0.0051336586,-0.005228877,-0.005040437,-0.0051388144,-0.0052419305,-0.005276382,-0.0053571165,-0.0053385794,-0.005290389,-0.005452007,-0.005192101,-0.007364422,-0.00748533,-0.007554412,-0.007645428,-0.007697493,-0.007608682,-0.0077244937,-0.0074469447
2095.5,-0.0017570853,-0.0018441379,-0.0018391609,-0.0018483698,-0.001863271,-0.0019052029,-0.0019195378,-0.001760006,-0.0025253296,-0.0026046932,-0.0025920868,-0.0026112795,-0.0026094615,-0.002657622,-0.0027557015,-0.002534926,-0.0034323335,-0.0034877956,-0.0035202801,-0.0035090744,-0.003545642,-0.003564477,-0.0036249459,-0.003464222,-0.004881561,-0.004983455,-0.0050420463,-0.0050397515,-0.00508067,-0.0050509274,-0.0051447153,-0.0049468875,-0.0050802827,-0.0051724613,-0.005204946,-0.005275458,-0.0052515864,-0.0052114725,-0.0053682923,-0.005096674,-0.007276058,-0.0073831677,-0.0074476004,-0.007526666,-0.0075602233,-0.007485777,-0.007595986,-0.007304281
2096.5,-0.0017396212,-0.0018205345,-0.0018150806,-0.0018208325,-0.0018396676,-0.0018796921,-0.0018955171,-0.00172773,-0.0024965405,-0.0025704503,-0.0025542676,-0.0025725365,-0.0025666058,-0.0026156604,-0.0027182698,-0.0024912655,-0.0033951998,-0.003441751,-0.0034724772,-0.0034562647,-0.0034966469,-0.0035226345,-0.0035755634,-0.0034054816,-0.004824817,-0.004910946,-0.004968643,-0.004963517,-0.00499779,-0.004974276,-0.0050631464,-0.0048575103,-0.005022049,-0.0051062405,-0.0051333606,-0.005199194,-0.0051733553,-0.005142033,-0.0052889884,-0.0050117373,-0.007191956,-0.0072787106,-0.0073392987,-0.0074142516,-0.0074331164,-0.0073729455,-0.007474214,-0.0071718395
2097.5,-0.0017215014,-0.001799345,-0.0017894804,-0.0017912984,-0.0018129349,-0.0018525422,-0.0018707812,-0.0016945302,-0.002465427,-0.0025380254,-0.0025156438,-0.0025354922,-0.002526939,-0.0025734305,-0.002680242,-0.0024393797,-0.0033569932,-0.0033951104,-0.0034257472,-0.0034069717,-0.0034459531,-0.0034724772,-0.0035243034,-0.0033498406,-0.0047690272,-0.00484246,-0.0049026012,-0.0048871636,-0.004915029,-0.0048995614,-0.0049899817,-0.0047684014,-0.004966259,-0.0050380826,-0.005065173,-0.005127698,-0.005094826,-0.0050693154,-0.005215287,-0.00493145,-0.007108569,-0.0071795285,-0.007235676,-0.0073082745,-0.007306099,-0.0072587132,-0.0073628426,-0.0070464313
2098.5,-0.0017046928,-0.0017766654,-0.0017666519,-0.0017644763,-0.0017933846,-0.0018268526,-0.0018413365,-0.001670301,-0.0024387836,-0.00250566,-0.0024781227,-0.0024990737,-0.0024893284,-0.00253281,-0.0026400387,-0.002397269,-0.0033231378,-0.0033501983,-0.0033831894,-0.0033586323,-0.0033997,-0.0034270287,-0.0034745336,-0.0032983422,-0.004715562,-0.004778683,-0.0048360527,-0.0048208237,-0.0048398376,-0.004825413,-0.004917413,-0.0046928525,-0.004914403,-0.004975587,-0.0050022304,-0.005057901,-0.0050271153,-0.0050015748,-0.005140722,-0.0048565865,-0.007030964,-0.007085681,-0.007140249,-0.0072054267,-0.007199347,-0.007150978,-0.0072524548,-0.0069312155
2099.5,-0.0016884804,-0.0017561913,-0.0017415285,-0.001743108,-0.00177145,-0.0018045008,-0.0018125176,-0.0016441047,-0.0024114847,-0.0024701655,-0.0024375021,-0.0024647713,-0.0024526417,-0.0025012195,-0.0025936961,-0.0023570359,-0.0032883286,-0.0033107996,-0.0033402443,-0.0033169389,-0.0033581257,-0.003385365,-0.0034228265,-0.003248781,-0.0046638846,-0.004721403,-0.0047710836,-0.0047578216,-0.0047691464,-0.004761398,-0.00484848,-0.0046192408,-0.0048636794,-0.004917562,-0.0049411654,-0.0049886107,-0.004962057,-0.0049409866,-0.0050667822,-0.004781604,-0.006953895,-0.0069964826,-0.0070465803,-0.007106513,-0.0071032345,-0.00705415,-0.00714913,-0.0068223476
2100.5,-0.0016757846,-0.0017387867,-0.0017271042,-0.001721561,-0.0017501116,-0.0017853677,-0.0017891228,-0.0016203821,-0.0023865104,-0.0024428964,-0.002407819,-0.0024321377,-0.002417028,-0.0024760365,-0.0025592744,-0.0023227036,-0.0032577515,-0.0032733083,-0.0033050478,-0.0032773018,-0.00331676,-0.0033502579,-0.0033765435,-0.0032102764,-0.004616916,-0.00466612,-0.004716903,-0.004700154,-0.004701853,-0.0047057867,-0.0047863126,-0.004554808,-0.0048159957,-0.004862517,-0.0048855543,-0.0049290657,-0.004899591,-0.0048847795,-0.0050024986,-0.004716426,-0.0068831444,-0.0069138706,-0.006964177,-0.007016033,-0.007015407,-0.006975889,-0.0070556104,-0.006726414
2101.5,-0.0016619563,-0.0017197132,-0.0017126203,-0.0017040372,-0.0017350018,-0.00176844,-0.00176391,-0.0015980899,-0.0023634434,-0.0024163723,-0.0023842156,-0.0024070144,-0.0023864806,-0.0024503171,-0.0025245845,-0.0022885203,-0.0032299757,-0.003237605,-0.0032740235,-0.0032432377,-0.0032764673,-0.0033161342,-0.003333658,-0.003172189,-0.0045719743,-0.004613757,-0.0046679676,-0.0046474934,-0.0046418607,-0.004650444,-0.004726708,-0.004493028,-0.004773915,-0.004811585,-0.0048404336,-0.0048779845,-0.004846126,-0.0048327744,-0.0049408376,-0.0046541393,-0.0068174005,-0.0068365335,-0.0068912506,-0.006937027,-0.006935239,-0.0069036484,-0.006971985,-0.0066379607
2102.5,-0.001650393,-0.0017032027,-0.0016974807,-0.0016857982,-0.0017225742,-0.0017563999,-0.0017381012,-0.0015875101,-0.0023433566,-0.0023923516,-0.0023593009,-0.0023836493,-0.0023663342,-0.0024273992,-0.0024915934,-0.0022603571,-0.003205955,-0.0032043457,-0.0032432675,-0.003210485,-0.003243357,-0.003292203,-0.0032957792,-0.0031451285,-0.0045332313,-0.004565835,-0.0046188533,-0.00459677,-0.004589349,-0.0046058893,-0.0046719015,-0.0044478774,-0.0047356486,-0.0047647357,-0.0047967136,-0.004832983,-0.004799813,-0.0047870874,-0.0048896074,-0.0046072304,-0.006758392,-0.006765187,-0.006821096,-0.0068633854,-0.0068629384,-0.0068382323,-0.006893575,-0.0065628886
2103.5,-0.0016375184,-0.0016903281,-0.0016853511,-0.0016709566,-0.0017012358,-0.0017467737,-0.0017233789,-0.0015716851,-0.0023217797,-0.002375245,-0.0023365319,-0.0023607612,-0.0023396313,-0.0024043024,-0.0024683177,-0.0022313893,-0.003181696,-0.0031787157,-0.0032158792,-0.0031827986,-0.0032067895,-0.0032690465,-0.0032657683,-0.0031159818,-0.004494071,-0.0045276284,-0.0045750737,-0.004550904,-0.004541278,-0.004567206,-0.004627675,-0.0044015944,-0.0046978593,-0.0047284365,-0.004754454,-0.0047903955,-0.004754573,-0.00474751,-0.0048439205,-0.004559666,-0.0066996813,-0.006708443,-0.006758243,-0.006799102,-0.006787926,-0.0067753494,-0.006828785,-0.006486267
2104.5,-0.0016248226,-0.0016764402,-0.0016724169,-0.001652211,-0.0016874075,-0.0017333329,-0.0017163754,-0.0015530884,-0.0023056269,-0.0023556352,-0.0023145676,-0.002338469,-0.002317369,-0.0023809671,-0.0024514496,-0.0022042394,-0.0031590462,-0.0031510592,-0.0031867325,-0.003150016,-0.0031784773,-0.0032410622,-0.0032406151,-0.0030877292,-0.0044590235,-0.004487574,-0.0045345128,-0.004503697,-0.004501939,-0.0045298934,-0.004590571,-0.0043612123,-0.0046640635,-0.0046886206,-0.00471583,-0.0047467947,-0.0047127903,-0.0047076643,-0.004801959,-0.0045160353,-0.006644547,-0.006647587,-0.0066990554,-0.0067335963,-0.00672698,-0.006715089,-0.006765634,-0.006417185
2105.5,-0.0016144514,-0.0016681552,-0.0016621053,-0.0016389787,-0.0016683638,-0.0017227829,-0.0017032027,-0.0015441775,-0.0022906065,-0.0023402572,-0.0022976995,-0.002316147,-0.002294749,-0.0023599863,-0.002431959,-0.0021877289,-0.0031383634,-0.0031287074,-0.003167808,-0.003117919,-0.0031488836,-0.003214687,-0.003213793,-0.003069669,-0.004428208,-0.004450679,-0.0044985116,-0.0044600964,-0.004462987,-0.004496485,-0.0045485497,-0.0043277442,-0.0046363473,-0.0046588182,-0.0046794713,-0.004706204,-0.0046723485,-0.004669428,-0.0047654808,-0.0044751465,-0.006595373,-0.0065981746,-0.0066460967,-0.006669283,-0.0066667795,-0.006660551,-0.0067094862,-0.0063586235
2106.5,-0.0016025901,-0.0016548634,-0.0016470253,-0.0016288161,-0.0016568601,-0.0017115772,-0.0016967356,-0.0015375614,-0.0022711158,-0.0023233294,-0.0022756457,-0.0022932887,-0.002270043,-0.0023398101,-0.0024166405,-0.002177894,-0.0031147003,-0.0031052232,-0.0031411052,-0.0030928552,-0.0031237006,-0.0031913817,-0.0031931996,-0.003050208,-0.0043967366,-0.0044175386,-0.0044582784,-0.0044190884,-0.004424244,-0.00446409,-0.00451988,-0.0042967796,-0.0046078563,-0.004628122,-0.0046402514,-0.004670322,-0.004636854,-0.004631132,-0.004733652,-0.0044443905,-0.006548941,-0.0065485835,-0.006587237,-0.006611675,-0.00661096,-0.006606698,-0.0066649616,-0.0063059926
2107.5,-0.001591444,-0.0016458035,-0.0016351342,-0.0016179085,-0.0016438961,-0.0017040372,-0.0016918182,-0.0015175641,-0.0022557974,-0.0023074746,-0.0022613704,-0.0022701323,-0.002250433,-0.0023240745,-0.0024084449,-0.0021608174,-0.0030924082,-0.003083825,-0.0031251311,-0.0030686557,-0.0030992925,-0.003170818,-0.0031762123,-0.0030241907,-0.0043652654,-0.0043854117,-0.0044275224,-0.0043791533,-0.0043884516,-0.0044324994,-0.0044933558,-0.0042607486,-0.004575193,-0.004595816,-0.0046111643,-0.0046334863,-0.004601598,-0.0046001077,-0.004707366,-0.0044086874,-0.0065015554,-0.0065021515,-0.0065410733,-0.0065523684,-0.0065579414,-0.00656271,-0.006627202,-0.0062497556
2108.5,-0.0015818477,-0.0016366243,-0.0016184747,-0.0016104579,-0.0016359389,-0.0016923249,-0.001680553,-0.0015098155,-0.0022426844,-0.0022910237,-0.0022498965,-0.0022551417,-0.0022334158,-0.0023054183,-0.0023923218,-0.0021467805,-0.0030736923,-0.0030627847,-0.0031012893,-0.0030473173,-0.0030770898,-0.0031523108,-0.0031585395,-0.0030023158,-0.0043384433,-0.0043525696,-0.004396379,-0.0043483675,-0.0043520927,-0.0044010878,-0.0044645965,-0.0042371154,-0.004549384,-0.004565239,-0.0045752525,-0.00460124,-0.0045708716,-0.0045681,-0.0046783686,-0.004388094,-0.0064579844,-0.006456375,-0.0064961314,-0.006502062,-0.006509602,-0.0065204203,-0.006583363,-0.00620687
2109.5,-0.0015727282,-0.0016244054,-0.0016028285,-0.0016007125,-0.0016230047,-0.0016855597,-0.001666069,-0.0015036762,-0.0022292733,-0.0022757053,-0.0022357702,-0.002239108,-0.0022151172,-0.002294749,-0.0023771226,-0.0021275878,-0.0030539632,-0.003041625,-0.0030783415,-0.003029406,-0.0030517876,-0.003134489,-0.0031417906,-0.0029770434,-0.0043103695,-0.004322827,-0.004362315,-0.004317194,-0.0043193996,-0.004373938,-0.004440099,-0.004206419,-0.004522264,-0.0045360923,-0.0045388937,-0.0045678318,-0.0045408607,-0.00453943,-0.0046512187,-0.004361123,-0.0064168572,-0.0064142942,-0.0064491034,-0.0064553916,-0.006462902,-0.006481439,-0.006537497,-0.006164402
2110.5,-0.0015649796,-0.0016149879,-0.0015876293,-0.0015868843,-0.0016103089,-0.0016805232,-0.0016525388,-0.001488924,-0.002218783,-0.0022633076,-0.0022267401,-0.0022222698,-0.0021978617,-0.0022869706,-0.0023594499,-0.0021086633,-0.0030386448,-0.0030226707,-0.0030543506,-0.0030096471,-0.0030263364,-0.0031189322,-0.003119558,-0.0029502213,-0.004286349,-0.0042963624,-0.004329711,-0.0042868555,-0.0042903125,-0.00435102,-0.004410088,-0.004174322,-0.00449872,-0.0045069456,-0.004504651,-0.0045385957,-0.0045087337,-0.0045138597,-0.004622072,-0.0043281317,-0.006379485,-0.0063738227,-0.006403595,-0.006413698,-0.0064225197,-0.006446451,-0.0064894855,-0.0061250925
2111.5,-0.0015601516,-0.0016073585,-0.0015775561,-0.0015751421,-0.0016012192,-0.0016706288,-0.0016382337,-0.0014768541,-0.0022102594,-0.0022483468,-0.0022212565,-0.0022099316,-0.0021823049,-0.0022804737,-0.0023469627,-0.002087891,-0.003022015,-0.0030046105,-0.0030340552,-0.0029898286,-0.0030053854,-0.0031045377,-0.0031029582,-0.0029342175,-0.004262328,-0.004271984,-0.004303038,-0.004260123,-0.004266411,-0.0043269694,-0.004387617,-0.0041395724,-0.004475236,-0.0044798255,-0.004480839,-0.004508972,-0.004477799,-0.0044869483,-0.004600227,-0.004298955,-0.006343305,-0.006333649,-0.0063635707,-0.006372243,-0.00638029,-0.0064100325,-0.006453067,-0.0060901344
2112.5,-0.0015519261,-0.0016006231,-0.0015675426,-0.0015639961,-0.0015921593,-0.0016611814,-0.0016315281,-0.0014705658,-0.002199173,-0.0022381544,-0.0022130907,-0.0021951795,-0.002166301,-0.0022717416,-0.002340287,-0.0020686686,-0.0030043721,-0.0029880404,-0.0030151904,-0.002971381,-0.0029868782,-0.0030936897,-0.003093928,-0.0029165447,-0.0042383075,-0.0042477846,-0.0042743683,-0.00423342,-0.0042457283,-0.0043060184,-0.0043723285,-0.0041116774,-0.004453361,-0.004454553,-0.004455179,-0.0044816434,-0.0044490993,-0.0044650137,-0.0045823753,-0.004270911,-0.006309569,-0.006300509,-0.0063207746,-0.0063299537,-0.006346017,-0.0063810647,-0.006422758,-0.0060554445
2113.5,-0.0015451908,-0.0015926957,-0.0015597343,-0.0015565753,-0.0015820265,-0.0016566515,-0.0016223788,-0.0014600158,-0.0021879673,-0.0022287369,-0.0022071004,-0.0021862686,-0.0021506548,-0.002256751,-0.0023263693,-0.0020555854,-0.0029920936,-0.0029729605,-0.0029978454,-0.0029543936,-0.0029723644,-0.0030858517,-0.0030766428,-0.002893865,-0.004217088,-0.0042263865,-0.0042502284,-0.0042083263,-0.004226744,-0.0042862,-0.0043509305,-0.0040847063,-0.0044315457,-0.004431486,-0.0044317245,-0.004454881,-0.004427105,-0.0044448376,-0.0045567453,-0.004244089,-0.00627625,-0.0062687993,-0.0062836707,-0.006293416,-0.006311238,-0.006352037,-0.006386757,-0.0060159564
2114.5,-0.0015385747,-0.001586616,-0.0015523434,-0.0015436113,-0.0015715957,-0.0016541481,-0.0016151369,-0.0014508963,-0.0021780133,-0.0022207499,-0.002200216,-0.00216797,-0.0021386147,-0.0022437274,-0.002313763,-0.0020481646,-0.0029792786,-0.002958119,-0.0029788613,-0.0029364824,-0.0029595196,-0.0030781329,-0.003060311,-0.002875954,-0.0041983128,-0.004208088,-0.0042272806,-0.0041781366,-0.0042017996,-0.004266739,-0.0043279827,-0.004065633,-0.0044105053,-0.004410565,-0.004408002,-0.0044267476,-0.004404545,-0.004425168,-0.00453642,-0.004218966,-0.006245613,-0.0062392354,-0.006245911,-0.0062535405,-0.006279409,-0.0063221753,-0.006355554,-0.0059784353
2115.5,-0.0015314817,-0.0015785098,-0.0015457273,-0.0015339255,-0.0015600324,-0.001644522,-0.0016049743,-0.0014465153,-0.0021668673,-0.00220716,-0.0021982193,-0.0021566749,-0.0021229982,-0.0022295117,-0.0023004413,-0.0020372272,-0.0029645562,-0.0029432178,-0.0029650927,-0.0029217303,-0.0029465556,-0.003062874,-0.003049761,-0.0028606057,-0.0041763783,-0.004186034,-0.004208088,-0.0041521788,-0.0041761994,-0.0042438805,-0.0043103993,-0.004047692,-0.0043904185,-0.0043870807,-0.0043863356,-0.0044018626,-0.0043829083,-0.0043984354,-0.0045152903,-0.004196048,-0.0062143207,-0.0062069297,-0.00621137,-0.0062173605,-0.0062439144,-0.0062858164,-0.0063301325,-0.005948007
2116.5,-0.001525104,-0.0015661716,-0.0015391707,-0.0015248656,-0.001544416,-0.0016374886,-0.0015995204,-0.0014413893,-0.0021561384,-0.0021927357,-0.0021898746,-0.0021411479,-0.0021073222,-0.0022179782,-0.0022898018,-0.0020296574,-0.0029512644,-0.0029269457,-0.002951026,-0.0029084384,-0.0029262006,-0.003050834,-0.0030395687,-0.0028470159,-0.004157126,-0.004164517,-0.004187584,-0.0041276515,-0.004149437,-0.004226774,-0.004294127,-0.0040316284,-0.0043729544,-0.0043625236,-0.004363656,-0.004376769,-0.004360944,-0.0043741167,-0.004496366,-0.00417614,-0.0061872005,-0.006177783,-0.0061767697,-0.006182939,-0.0062042773,-0.00625512,-0.0063037276,-0.0059193373
2117.5,-0.001518786,-0.0015588999,-0.00153023,-0.0015224814,-0.0015410185,-0.0016324222,-0.0015922189,-0.0014269352,-0.0021479726,-0.0021805167,-0.0021805763,-0.002131313,-0.002101034,-0.0022141635,-0.0022799373,-0.0020152032,-0.0029395223,-0.0029130578,-0.002935648,-0.0028967261,-0.0029149652,-0.0030460656,-0.003019452,-0.0028293133,-0.004140556,-0.004145205,-0.004160702,-0.004109651,-0.004133612,-0.004214078,-0.0042743087,-0.0040041804,-0.0043549538,-0.004339874,-0.004341364,-0.004360825,-0.0043479204,-0.0043607056,-0.0044766963,-0.004147738,-0.006161213,-0.0061481595,-0.0061457753,-0.0061549544,-0.0061808527,-0.006230086,-0.006275773,-0.005888343
2118.5,-0.0015138388,-0.0015500784,-0.001524508,-0.0015196502,-0.0015335381,-0.0016233027,-0.001588583,-0.0014189482,-0.002139926,-0.002169311,-0.0021779537,-0.002125442,-0.002086103,-0.0022090375,-0.0022688806,-0.0020016134,-0.0029290915,-0.002900064,-0.002921462,-0.002884537,-0.0029048324,-0.0030357242,-0.0030011237,-0.0028080046,-0.0041246414,-0.0041246414,-0.0041393638,-0.0040944517,-0.004114419,-0.0041951537,-0.004255563,-0.0039856434,-0.004336536,-0.0043216944,-0.004319191,-0.00434497,-0.004327208,-0.004344225,-0.0044614375,-0.004128307,-0.006138921,-0.0061182976,-0.0061182976,-0.0061275363,-0.0061541796,-0.006204933,-0.006245315,-0.00585711
2119.5,-0.0015076399,-0.0015420914,-0.001516819,-0.0015107393,-0.0015330613,-0.0016199946,-0.0015862286,-0.0014174283,-0.0021333694,-0.0021570325,-0.0021690726,-0.0021131039,-0.0020860434,-0.002203703,-0.0022616088,-0.0019890964,-0.0029197335,-0.002888143,-0.0029061437,-0.0028693676,-0.0028948486,-0.0030304492,-0.002991438,-0.0027962923,-0.0041071177,-0.004105091,-0.004116416,-0.004075378,-0.004103124,-0.004181862,-0.004240036,-0.003966838,-0.004319668,-0.0043038726,-0.0042983294,-0.0043237507,-0.0043144226,-0.00433141,-0.0044430792,-0.0041064024,-0.0061175823,-0.0060924888,-0.006089151,-0.0060934722,-0.006136507,-0.0061813295,-0.006218612,-0.005829364
2120.5,-0.0014998913,-0.0015333891,-0.0015112758,-0.001501441,-0.0015293658,-0.0016234815,-0.0015812814,-0.0014140904,-0.0021259785,-0.002144456,-0.0021644235,-0.0020999014,-0.002083391,-0.002200961,-0.0022521317,-0.0019737184,-0.0029107332,-0.002874434,-0.0028918386,-0.002853483,-0.002887547,-0.0030264556,-0.0029760003,-0.0027790964,-0.0040903687,-0.0040849447,-0.004097104,-0.004055172,-0.0040923655,-0.0041701794,-0.0042274,-0.003950268,-0.0043023825,-0.0042817593,-0.0042767525,-0.004303187,-0.004302293,-0.004321456,-0.004423648,-0.0040893853,-0.0060964227,-0.0060659647,-0.0060625076,-0.006064117,-0.0061205626,-0.006163031,-0.0061915815,-0.005795926
2121.5,-0.0014939308,-0.0015284419,-0.0015041828,-0.001493156,-0.0015246868,-0.0016191304,-0.0015751421,-0.0014083683,-0.0021204352,-0.0021375418,-0.0021617413,-0.002091229,-0.0020805895,-0.0021912158,-0.0022419095,-0.001959592,-0.00290066,-0.0028645396,-0.0028822422,-0.00284791,-0.0028820336,-0.003013432,-0.0029596984,-0.002766639,-0.004077494,-0.0040686727,-0.0040825605,-0.0040388107,-0.00408116,-0.0041514933,-0.0042093396,-0.003931552,-0.00428617,-0.004265785,-0.0042608976,-0.004288405,-0.004290104,-0.004303634,-0.004404694,-0.004072875,-0.006074846,-0.0060423613,-0.006037712,-0.0060379803,-0.0061028004,-0.0061401427,-0.006165594,-0.0057688653
2122.5,-0.0014888644,-0.0015193224,-0.0014956594,-0.0014854074,-0.0015167892,-0.001616627,-0.0015640557,-0.0014039278,-0.0021121502,-0.0021259785,-0.0021538138,-0.0020790994,-0.0020821095,-0.0021806955,-0.0022280514,-0.0019571483,-0.0028899908,-0.002853334,-0.0028703213,-0.0028369427,-0.0028735101,-0.0030049086,-0.0029454827,-0.0027585328,-0.0040626526,-0.0040503144,-0.0040623546,-0.0040183365,-0.004067987,-0.0041353703,-0.004191667,-0.0039229095,-0.0042701364,-0.00424397,-0.004234433,-0.0042654276,-0.00427866,-0.004289061,-0.0043866634,-0.004065633,-0.0060546994,-0.0060172677,-0.0060113072,-0.0060071647,-0.006082684,-0.0061241686,-0.006137669,-0.0057534575
2123.5,-0.0014835596,-0.001511395,-0.0014874339,-0.0014763474,-0.0015127361,-0.0016107857,-0.001558423,-0.0013994873,-0.0021058917,-0.0021132827,-0.0021461248,-0.0020688772,-0.002074182,-0.0021731257,-0.0022174418,-0.0019520819,-0.002879262,-0.0028434992,-0.0028581023,-0.0028238297,-0.0028638542,-0.0029946566,-0.0029327571,-0.0027502775,-0.004046738,-0.004034817,-0.004042268,-0.003997326,-0.0040524006,-0.004118085,-0.004175842,-0.003907472,-0.0042536855,-0.0042275786,-0.0042129755,-0.004242301,-0.0042594075,-0.0042743087,-0.0043695867,-0.0040490627,-0.0060347915,-0.0059948564,-0.0059856176,-0.005977273,-0.0060595274,-0.006107211,-0.0061160624,-0.0057343543
2124.5,-0.0014745593,-0.001503408,-0.0014784932,-0.001470238,-0.0015090406,-0.00160712,-0.0015545487,-0.0013918579,-0.0020973086,-0.0021057725,-0.0021409988,-0.0020571053,-0.002063036,-0.002170533,-0.0022084415,-0.0019361973,-0.0028668046,-0.0028330088,-0.002848208,-0.0028128028,-0.0028516352,-0.0029832423,-0.0029221773,-0.0027360022,-0.004028797,-0.0040200353,-0.0040252805,-0.00397861,-0.0040361583,-0.0041035414,-0.004157871,-0.0038847625,-0.0042356253,-0.0042104125,-0.0041935444,-0.0042218566,-0.004243195,-0.0042584836,-0.0043504834,-0.004026711,-0.006013155,-0.005973637,-0.005962312,-0.0059500337,-0.0060417354,-0.006088197,-0.0060982406,-0.0057121217
2125.5,-0.0014688969,-0.0014995933,-0.0014718175,-0.0014625192,-0.0015066564,-0.0016036928,-0.0015479624,-0.0013863146,-0.0020892024,-0.0021021962,-0.0021333098,-0.0020461082,-0.0020532608,-0.002165705,-0.0021971762,-0.0019264519,-0.0028579235,-0.0028190613,-0.0028333068,-0.0027997494,-0.0028413534,-0.0029749274,-0.0029082596,-0.002723664,-0.0040148497,-0.0040085316,-0.0040070415,-0.0039580762,-0.0040233135,-0.0040870905,-0.0041348934,-0.0038644373,-0.0042191744,-0.0041953325,-0.0041718483,-0.0042021275,-0.0042276382,-0.004243821,-0.004328966,-0.004011363,-0.005995095,-0.0059526563,-0.0059387684,-0.005924791,-0.006027609,-0.006069958,-0.006073773,-0.005689472
2126.5,-0.0014662147,-0.0014916658,-0.0014668703,-0.0014548004,-0.001504004,-0.0016017556,-0.0015430748,-0.0013816059,-0.0020838976,-0.002094984,-0.0021262765,-0.0020329654,-0.002040565,-0.0021618903,-0.0021800995,-0.0019246638,-0.0028478503,-0.002807796,-0.002819419,-0.0027861,-0.0028298795,-0.002961427,-0.0028981268,-0.0027123392,-0.0040034056,-0.0039975643,-0.0039896965,-0.003937453,-0.0040097237,-0.004068017,-0.0041132867,-0.0038469136,-0.0042079687,-0.0041788816,-0.004153788,-0.0041843653,-0.00420931,-0.0042274892,-0.0043092966,-0.0039976835,-0.0059800744,-0.0059327483,-0.0059120655,-0.005897671,-0.0060035586,-0.006046653,-0.0060474575,-0.005666882
2127.5,-0.001461029,-0.0014838576,-0.0014597774,-0.0014470816,-0.0015010238,-0.0015996695,-0.0015366077,-0.0013793409,-0.0020810366,-0.0020858645,-0.0021166205,-0.0020249486,-0.0020358562,-0.0021579862,-0.0021663308,-0.0019236207,-0.002838254,-0.002795577,-0.002806902,-0.0027745366,-0.002821058,-0.0029489994,-0.0028843582,-0.0027068853,-0.0039916635,-0.0039862394,-0.003970802,-0.0039200187,-0.003998071,-0.004055381,-0.0040999055,-0.0038366318,-0.004196048,-0.004161477,-0.004136145,-0.004167348,-0.004197806,-0.004212916,-0.004296571,-0.003987491,-0.0059646964,-0.005913019,-0.0058867335,-0.005876422,-0.0059880316,-0.006025821,-0.0060199797,-0.005643457
2128.5,-0.0014580488,-0.0014773607,-0.0014503598,-0.0014411807,-0.0014961064,-0.0015935004,-0.0015388131,-0.0013772249,-0.0020757914,-0.0020772219,-0.002108574,-0.0020158887,-0.0020255744,-0.0021512508,-0.0021601915,-0.0019198358,-0.0028318167,-0.002784133,-0.0027928948,-0.0027624369,-0.0028076172,-0.0029402673,-0.0028756857,-0.0026987493,-0.003979385,-0.003972113,-0.003955841,-0.0039018393,-0.003979653,-0.0040429235,-0.0040935874,-0.0038219988,-0.0041849613,-0.004146099,-0.004118204,-0.004152,-0.0041876435,-0.004197389,-0.0042883754,-0.003976196,-0.005951822,-0.005891323,-0.0058605075,-0.0058526397,-0.0059668124,-0.006013304,-0.0059987307,-0.0056221187
2129.5,-0.0014523864,-0.0014696121,-0.0014436841,-0.0014356375,-0.0014888346,-0.0015881062,-0.0015385151,-0.0013755262,-0.0020694733,-0.0020689368,-0.0021013618,-0.0020042658,-0.0020149052,-0.002142191,-0.0021530092,-0.0019152164,-0.0028234124,-0.00277251,-0.0027802587,-0.0027526617,-0.002795279,-0.002924502,-0.0028650463,-0.0026916564,-0.0039702654,-0.0039550066,-0.003937423,-0.003883481,-0.00396505,-0.0040228963,-0.004078716,-0.0038099587,-0.0041752458,-0.0041289926,-0.0041003227,-0.00413841,-0.0041767657,-0.0041790903,-0.004273534,-0.0039625466,-0.005939245,-0.005871296,-0.005835712,-0.0058327317,-0.0059441626,-0.0059939623,-0.0059731007,-0.0056025386
2130.5,-0.0014480948,-0.0014615655,-0.001435399,-0.0014274716,-0.0014711916,-0.0015870929,-0.0015315711,-0.0013749897,-0.0020635128,-0.0020606518,-0.002090931,-0.0019901395,-0.0020032525,-0.002140075,-0.0021420717,-0.0019091368,-0.0028129816,-0.0027621984,-0.0027677417,-0.002739489,-0.0027811825,-0.0029155612,-0.0028497577,-0.0026848316,-0.0039574504,-0.0039387345,-0.0039210916,-0.0038625598,-0.003944993,-0.0040133595,-0.004062116,-0.0037994087,-0.0041620135,-0.0041119456,-0.004081905,-0.004122138,-0.0041584373,-0.0041667223,-0.0042613745,-0.0039590895,-0.0059266686,-0.005851686,-0.005812168,-0.005810499,-0.005919367,-0.005975485,-0.0059512556,-0.005589545
2131.5,-0.0014433265,-0.0014552474,-0.001429975,-0.0014224052,-0.0014583468,-0.0015883148,-0.0015252829,-0.0013732016,-0.0020552278,-0.0020530224,-0.002086699,-0.0019834042,-0.0019973814,-0.0021377802,-0.0021354556,-0.0018929541,-0.0028026104,-0.0027520657,-0.002759099,-0.002731502,-0.002768457,-0.0029150248,-0.0028333962,-0.002667129,-0.00394547,-0.003924608,-0.0039087534,-0.0038499236,-0.0039299726,-0.0040053725,-0.004047632,-0.0037826598,-0.0041486025,-0.0040977,-0.00406754,-0.0041116476,-0.0041434467,-0.004156053,-0.004241675,-0.0039391518,-0.0059132576,-0.005831659,-0.005786419,-0.00578928,-0.005897343,-0.005959034,-0.005925536,-0.0055654645
2132.5,-0.0014380217,-0.0014497638,-0.0014240742,-0.0014160275,-0.0014496446,-0.0015907884,-0.0015137494,-0.0013727844,-0.0020481944,-0.0020490885,-0.0020786524,-0.0019783378,-0.001991719,-0.0021382272,-0.0021276176,-0.001886636,-0.002793491,-0.002741456,-0.0027492046,-0.002722025,-0.0027548373,-0.0029132366,-0.0028207302,-0.0026570857,-0.0039324164,-0.003911674,-0.0038923621,-0.0038338304,-0.003914565,-0.003997177,-0.004029691,-0.0037709475,-0.0041350126,-0.0040839314,-0.0040490627,-0.0040999055,-0.0041316748,-0.004145235,-0.004222989,-0.003927201,-0.005898714,-0.005813539,-0.0057614446,-0.005768478,-0.0058835447,-0.0059449375,-0.005900562,-0.005549878
2133.5,-0.0014336705,-0.0014469028,-0.0014184713,-0.0014087558,-0.0014508963,-0.0015899837,-0.0015053451,-0.0013656914,-0.002043426,-0.0020430088,-0.0020747185,-0.0019727945,-0.001986444,-0.0021367967,-0.0021210313,-0.001876384,-0.0027855635,-0.0027311444,-0.0027374625,-0.0027121305,-0.0027469099,-0.0029080808,-0.0028116405,-0.0026437938,-0.003921151,-0.003900528,-0.0038795471,-0.0038182735,-0.0038990378,-0.003991753,-0.004012406,-0.0037510693,-0.004122913,-0.0040709376,-0.004033923,-0.0040878654,-0.0041185915,-0.004130602,-0.004202038,-0.0039075315,-0.0058859587,-0.0057952404,-0.0057418346,-0.0057424903,-0.0058666766,-0.0059226155,-0.0058837235,-0.00552842
2134.5,-0.0014281869,-0.0014408827,-0.0014132857,-0.0014070272,-0.0014494658,-0.0015904009,-0.0014948249,-0.001365155,-0.0020365715,-0.002035737,-0.0020739436,-0.0019679666,-0.001979947,-0.0021285713,-0.002106756,-0.0018827915,-0.0027784705,-0.0027205944,-0.002728045,-0.0027050972,-0.0027368069,-0.0028998852,-0.0027979016,-0.002638489,-0.0039111376,-0.0038889647,-0.0038662553,-0.0038037896,-0.003882736,-0.003984332,-0.003988594,-0.0037444532,-0.0041098,-0.0040578246,-0.004017055,-0.0040769577,-0.0041050017,-0.0041200817,-0.004181117,-0.0038968623,-0.005874276,-0.0057767034,-0.0057188272,-0.0057225823,-0.005849421,-0.0059005916,-0.0058546364,-0.005515367
2135.5,-0.0014237165,-0.0014352202,-0.0014060736,-0.0014033318,-0.0014518797,-0.0015904307,-0.0014924407,-0.0013599098,-0.0020288825,-0.0020285249,-0.0020688176,-0.001963079,-0.0019776523,-0.0021220148,-0.0020965338,-0.0018849671,-0.002769947,-0.0027100444,-0.0027170777,-0.0026957393,-0.0027344823,-0.0028918087,-0.0027866662,-0.0026290715,-0.0038998127,-0.0038765073,-0.003853023,-0.0037896037,-0.0038736463,-0.0039763153,-0.003970474,-0.0037317276,-0.004097402,-0.004045725,-0.0040019155,-0.004063487,-0.0040896535,-0.0041023195,-0.0041626096,-0.0038830936,-0.0058615804,-0.005758226,-0.0056957603,-0.005703151,-0.005838692,-0.005881369,-0.0058277845,-0.0054979324
2136.5,-0.0014199615,-0.0014299154,-0.001401782,-0.0013959408,-0.0014439225,-0.0015867949,-0.0014887452,-0.0013546348,-0.0020245314,-0.002020061,-0.0020660758,-0.0019567013,-0.0019709766,-0.0021086335,-0.002090633,-0.001881063,-0.0027635694,-0.0026985407,-0.0027099252,-0.002688527,-0.0027276874,-0.0028788447,-0.0027745664,-0.0026182532,-0.0038889647,-0.0038657188,-0.0038420558,-0.003776908,-0.0038588643,-0.003960341,-0.0039513707,-0.003717482,-0.0040872693,-0.0040310025,-0.003985584,-0.0040513873,-0.0040715635,-0.0040819347,-0.004141122,-0.0038724244,-0.005849004,-0.0057393312,-0.005673349,-0.005681753,-0.005819857,-0.005862355,-0.0058006346,-0.005476773
2137.5,-0.0014166236,-0.0014234185,-0.0014000535,-0.0013918877,-0.0014353395,-0.001581639,-0.0014832616,-0.0013500452,-0.0020172,-0.002014041,-0.0020623207,-0.001952529,-0.001963675,-0.0020982623,-0.0020819902,-0.001868248,-0.0027545094,-0.0026890635,-0.002701342,-0.0026833415,-0.0027146935,-0.002867192,-0.0027621686,-0.0026053488,-0.0038759112,-0.0038517714,-0.003827691,-0.0037648678,-0.0038398504,-0.0039413273,-0.003934115,-0.0036986768,-0.004075885,-0.004015863,-0.003970206,-0.0040397644,-0.0040520728,-0.004067391,-0.004116684,-0.0038538575,-0.0058350563,-0.0057192445,-0.0056502223,-0.005664408,-0.0057973266,-0.0058453977,-0.005770445,-0.005452603
2138.5,-0.0014118552,-0.0014204979,-0.0013906956,-0.0013855696,-0.0014228523,-0.0015782714,-0.0014816821,-0.0013513565,-0.0020093918,-0.0020073056,-0.0020595193,-0.0019467473,-0.001951158,-0.0020941794,-0.0020776987,-0.0018617809,-0.0027452707,-0.0026819706,-0.0026896,-0.0026749969,-0.0027088523,-0.0028560162,-0.0027501583,-0.0026009977,-0.003862083,-0.003841877,-0.0038101673,-0.0037540793,-0.0038247406,-0.0039259493,-0.0039230287,-0.0036872923,-0.004062414,-0.0040016174,-0.003953576,-0.004024744,-0.0040396154,-0.0040528476,-0.0041030943,-0.0038459897,-0.005820453,-0.0057011843,-0.005630374,-0.0056449175,-0.005774915,-0.005831778,-0.0057490766,-0.005436182
2139.5,-0.0014080405,-0.0014165044,-0.0013854504,-0.0013825297,-0.0014147162,-0.0015784502,-0.0014813244,-0.0013434887,-0.0020034313,-0.0020012856,-0.0020537376,-0.0019373298,-0.0019356012,-0.0020962358,-0.0020655394,-0.0018518269,-0.0027360916,-0.002671957,-0.0026780963,-0.0026636124,-0.0027009249,-0.0028525293,-0.0027382672,-0.0025900602,-0.0038502812,-0.0038294792,-0.00379467,-0.00374192,-0.0038127005,-0.003920585,-0.0039132535,-0.003670156,-0.0040483475,-0.0039873123,-0.003937125,-0.004005909,-0.004027009,-0.0040468574,-0.0040909946,-0.0038287342,-0.005805731,-0.0056816936,-0.005610764,-0.005622506,-0.005754292,-0.005822301,-0.00573048,-0.005408466
2140.5,-0.0014025569,-0.0014122128,-0.0013821125,-0.0013764501,-0.001410991,-0.0015746057,-0.0014802814,-0.0013347864,-0.0019974113,-0.0019947886,-0.0020464063,-0.0019313097,-0.0019268095,-0.0020941794,-0.0020533502,-0.0018460155,-0.0027273297,-0.002662599,-0.0026641488,-0.0026539564,-0.002690941,-0.00284338,-0.002728492,-0.0025830567,-0.0038385987,-0.00381428,-0.0037800074,-0.0037288666,-0.0037981272,-0.0039105415,-0.0039031506,-0.0036571324,-0.0040351152,-0.003972411,-0.0039232373,-0.003986597,-0.004011214,-0.004033327,-0.004078865,-0.0038160682,-0.0057893395,-0.005662024,-0.0055907965,-0.0055963397,-0.005733967,-0.005806029,-0.0057103336,-0.0053865314
2141.5,-0.0013977289,-0.0014080405,-0.0013792515,-0.0013682842,-0.0014101565,-0.001568526,-0.0014753342,-0.00131917,-0.0019909143,-0.0019883513,-0.002039671,-0.0019168854,-0.0019177794,-0.002083987,-0.0020460486,-0.0018371046,-0.0027185678,-0.002654314,-0.0026516914,-0.0026398897,-0.002675414,-0.0028342307,-0.0027210116,-0.0025756955,-0.003826499,-0.0038020015,-0.003768146,-0.0037125945,-0.0037824512,-0.0038959682,-0.0038926005,-0.0036438107,-0.0040234327,-0.00396055,-0.0039103627,-0.0039631724,-0.0039924085,-0.004021108,-0.0040658414,-0.003796965,-0.0057754517,-0.0056456923,-0.0055708885,-0.005567491,-0.0057126284,-0.0057890415,-0.0056932867,-0.0053559244
2142.5,-0.0013924837,-0.0014026165,-0.0013789535,-0.0013661385,-0.0013998747,-0.0015599728,-0.0014804602,-0.0013094246,-0.0019848943,-0.0019837022,-0.0020341873,-0.0019057989,-0.0019063056,-0.0020716488,-0.0020451844,-0.0018273592,-0.0027096868,-0.0026471019,-0.0026435256,-0.0026258826,-0.0026605725,-0.0028283596,-0.0027155578,-0.0025582314,-0.0038149357,-0.00378865,-0.0037553906,-0.0036994815,-0.0037631094,-0.003880024,-0.003885597,-0.0036272705,-0.004010737,-0.003947139,-0.0038999915,-0.003947735,-0.0039742887,-0.004002005,-0.0040637255,-0.0037867725,-0.0057601333,-0.0056291223,-0.00555408,-0.0055446625,-0.0056908727,-0.0057712495,-0.005682558,-0.005329907
2143.5,-0.0013882518,-0.0013971925,-0.0013780594,-0.0013602972,-0.0013916492,-0.0015524924,-0.0014787614,-0.0013019145,-0.001978457,-0.001976192,-0.00203377,-0.0018926263,-0.0018972456,-0.0020675957,-0.002040267,-0.0018141568,-0.002701223,-0.0026358962,-0.002642393,-0.0026120543,-0.0026490986,-0.00282678,-0.0027098954,-0.0025431216,-0.0038032532,-0.0037741065,-0.0037472248,-0.003681481,-0.0037465692,-0.0038648546,-0.0038733184,-0.0036112368,-0.0039976835,-0.003932297,-0.0038914084,-0.003924966,-0.003959447,-0.0039866865,-0.00405246,-0.0037735999,-0.0057443976,-0.0056099296,-0.0055393577,-0.0055162907,-0.00567171,-0.005756527,-0.0056623816,-0.0053144693
2144.5,-0.0013840199,-0.0013937354,-0.0013770461,-0.0013535619,-0.001388073,-0.0015524328,-0.0014716983,-0.0012960136,-0.0019727945,-0.0019690394,-0.0020290017,-0.0018767715,-0.0018915236,-0.002063334,-0.0020362437,-0.0018116236,-0.0026940703,-0.0026270747,-0.002636075,-0.0025981069,-0.002643019,-0.002824664,-0.0027045906,-0.0025382638,-0.0037914515,-0.0037598014,-0.0037369728,-0.0036649704,-0.003734231,-0.0038550198,-0.003861189,-0.0036029518,-0.0039853454,-0.003918588,-0.0038760304,-0.0039027333,-0.0039482117,-0.0039772987,-0.0040376186,-0.003766358,-0.005731225,-0.0055904984,-0.005524993,-0.005492687,-0.005654633,-0.0057433844,-0.0056384504,-0.0053011477
2145.5,-0.0013790727,-0.0013865232,-0.0013676882,-0.0013501048,-0.0013786554,-0.0015510619,-0.00146541,-0.001293391,-0.001966238,-0.0019612908,-0.0020205975,-0.0018702745,-0.0018826723,-0.0020563304,-0.0020342767,-0.0018111765,-0.0026866794,-0.002615571,-0.0026240349,-0.0025877953,-0.0026310086,-0.0028217435,-0.0026987493,-0.0025381446,-0.003780067,-0.0037450194,-0.0037208796,-0.003647983,-0.003721416,-0.0038471818,-0.003846258,-0.0035932362,-0.0039740205,-0.0039020777,-0.0038595796,-0.0038868785,-0.0039351285,-0.0039651394,-0.0040263236,-0.0037548244,-0.005716741,-0.0055698752,-0.0055034757,-0.0054689646,-0.005635202,-0.0057285726,-0.005614847,-0.0052824616
2146.5,-0.0013763309,-0.00138098,-0.0013666153,-0.0013485551,-0.0013718307,-0.0015472472,-0.0014567375,-0.0012905598,-0.001962304,-0.0019536018,-0.0020168424,-0.0018653274,-0.0018680096,-0.002050519,-0.002028346,-0.0017986,-0.0026800632,-0.002604127,-0.0026146173,-0.0025832057,-0.0026125312,-0.0028237998,-0.0026869178,-0.0025312006,-0.0037702322,-0.0037314892,-0.0037124753,-0.0036313534,-0.0037027001,-0.0038375258,-0.0038295984,-0.0035884976,-0.003963828,-0.003888309,-0.0038440228,-0.0038749576,-0.00391832,-0.0039533675,-0.004014194,-0.0037423372,-0.0057027936,-0.005549073,-0.0054829717,-0.0054464936,-0.0056113005,-0.005715579,-0.005593568,-0.005266428
2147.5,-0.0013716817,-0.0013754964,-0.0013579726,-0.001342237,-0.0013709664,-0.0015464127,-0.0014422834,-0.0012829006,-0.0019561052,-0.0019468069,-0.002003193,-0.0018574595,-0.0018645525,-0.0020492673,-0.0020145178,-0.0017866194,-0.0026718974,-0.0025965571,-0.002597332,-0.0025696754,-0.0026034713,-0.002822727,-0.0026701093,-0.0025188327,-0.00375849,-0.0037204027,-0.0036939979,-0.0036104918,-0.0036928952,-0.003827691,-0.0038044155,-0.0035777986,-0.0039506555,-0.0038769841,-0.0038199425,-0.0038565993,-0.0039054751,-0.0039468408,-0.0039937496,-0.0037332177,-0.0056892633,-0.005529821,-0.0054596066,-0.0054227114,-0.0055909753,-0.0057037473,-0.0055624545,-0.005251825
2148.5,-0.0013663173,-0.0013700128,-0.0013530254,-0.0013347864,-0.0013688505,-0.0015432537,-0.0014362037,-0.0012843907,-0.0019503236,-0.0019430518,-0.0019931197,-0.0018479824,-0.0018616915,-0.002049178,-0.002002716,-0.0017805398,-0.0026632547,-0.0025874376,-0.0025849938,-0.0025562048,-0.0025921464,-0.0028223991,-0.0026564598,-0.0025119185,-0.003746748,-0.0037079453,-0.0036779046,-0.003591597,-0.003676653,-0.0038184226,-0.0037826002,-0.0035679638,-0.0039384365,-0.0038653612,-0.003803432,-0.0038372278,-0.0038953424,-0.003934741,-0.0039735436,-0.0037287176,-0.0056750774,-0.005509615,-0.0054365396,-0.0053937435,-0.00557217,-0.0056871176,-0.0055384636,-0.0052449107
2149.5,-0.0013620257,-0.0013659596,-0.0013512373,-0.0013323426,-0.001368165,-0.00153929,-0.0014365911,-0.0012971759,-0.0019444227,-0.0019382834,-0.001988113,-0.001842022,-0.0018556118,-0.0020414293,-0.0019976497,-0.0017812252,-0.0026555657,-0.0025799274,-0.0025758743,-0.0025426745,-0.0025829673,-0.0028186142,-0.002650708,-0.0025106072,-0.0037349463,-0.0036953092,-0.0036624074,-0.003576994,-0.0036630332,-0.0038067698,-0.0037724376,-0.0035568178,-0.003926575,-0.003851533,-0.0037868023,-0.0038235784,-0.0038837492,-0.0039186478,-0.003958583,-0.0037259161,-0.0056608915,-0.0054911375,-0.0054154396,-0.005371928,-0.0055525005,-0.0056690574,-0.005520195,-0.0052349865
2150.5,-0.0013573766,-0.0013615489,-0.0013453364,-0.0013290048,-0.0013670623,-0.0015399456,-0.0014330745,-0.0013006628,-0.0019388199,-0.0019330382,-0.0019837618,-0.0018346906,-0.0018468499,-0.0020375252,-0.0019876957,-0.0017825365,-0.0026479363,-0.002570808,-0.002563715,-0.0025336742,-0.0025711656,-0.0028128326,-0.0026436746,-0.0025036037,-0.003723383,-0.0036824346,-0.0036456585,-0.0035623312,-0.0036432445,-0.0037971735,-0.003762573,-0.0035513341,-0.003914535,-0.0038397312,-0.0037660599,-0.0038101077,-0.0038748682,-0.0039113164,-0.003944725,-0.003723234,-0.0056467056,-0.0054723024,-0.0053917766,-0.005350232,-0.005530268,-0.0056526065,-0.005502224,-0.0052265823
2151.5,-0.0013543963,-0.0013558269,-0.0013380051,-0.0013256669,-0.0013633966,-0.001547128,-0.0014275014,-0.0012967587,-0.0019335151,-0.001927495,-0.0019759536,-0.001829803,-0.0018373132,-0.002040118,-0.0019794405,-0.0017726421,-0.0026405454,-0.002564311,-0.0025524497,-0.002523005,-0.002561152,-0.0028112829,-0.0026332438,-0.002494663,-0.0037128925,-0.0036705732,-0.0036265254,-0.0035524368,-0.0036236942,-0.0037960112,-0.0037475228,-0.0035397112,-0.0039035678,-0.0038295388,-0.0037501454,-0.0037993193,-0.0038580298,-0.0039041936,-0.003927171,-0.0037134588,-0.005633235,-0.0054557323,-0.005370915,-0.0053324103,-0.005509138,-0.00564003,-0.0054823756,-0.0052102506
2152.5,-0.0013515353,-0.001351893,-0.0013337731,-0.0013202429,-0.0013591051,-0.0015478134,-0.0014205277,-0.0012918115,-0.0019288659,-0.0019197464,-0.001967907,-0.0018217564,-0.0018276274,-0.0020366907,-0.0019719899,-0.0017727315,-0.0026345253,-0.0025542974,-0.0025457144,-0.0025134087,-0.0025533736,-0.0028079152,-0.0026206672,-0.0024922192,-0.0037032366,-0.0036565065,-0.0036101937,-0.003537953,-0.003611952,-0.003788948,-0.0037333965,-0.003530234,-0.0038937926,-0.0038155317,-0.0037358403,-0.0037834048,-0.003848642,-0.0038934946,-0.003908783,-0.0036978722,-0.00562042,-0.0054380298,-0.005350411,-0.0053088665,-0.0054911077,-0.005631,-0.005461067,-0.0051966608
2153.5,-0.0013484359,-0.0013485551,-0.0013276935,-0.0013161302,-0.0013555884,-0.001545459,-0.0014166534,-0.0012928843,-0.0019232035,-0.0019130111,-0.0019623637,-0.0018166304,-0.0018215775,-0.0020301044,-0.0019670427,-0.0017765462,-0.0026265979,-0.0025494695,-0.0025358796,-0.0025018454,-0.0025475621,-0.0027986467,-0.0026118457,-0.0024928749,-0.0036934018,-0.00364542,-0.0035931468,-0.0035275817,-0.0035981834,-0.0037774444,-0.003721714,-0.0035206676,-0.003882587,-0.0038033128,-0.0037212968,-0.0037694573,-0.003837049,-0.0038777888,-0.0038981736,-0.0036941469,-0.005607426,-0.0054240823,-0.0053289533,-0.0052865148,-0.005474925,-0.0056186914,-0.0054405034,-0.0051846504
2154.5,-0.0013430715,-0.0013448,-0.0013264418,-0.00130862,-0.001351893,-0.0015417933,-0.001408875,-0.0012991428,-0.0019167066,-0.0019076467,-0.001954496,-0.0018071532,-0.0018163025,-0.0020261705,-0.0019538403,-0.0017790198,-0.0026177168,-0.0025431514,-0.0025268793,-0.0024917126,-0.0025432706,-0.002793461,-0.0026000142,-0.0024868846,-0.0036816,-0.0036332011,-0.0035758018,-0.0035153627,-0.003581047,-0.0037719905,-0.0037040412,-0.003507197,-0.0038692951,-0.0037920475,-0.0037035942,-0.0037529469,-0.0038205981,-0.0038700998,-0.0038879216,-0.003686875,-0.0055937767,-0.0054083467,-0.0053064227,-0.005264759,-0.005457729,-0.005608976,-0.005414486,-0.005170971
2155.5,-0.0013391376,-0.0013418198,-0.00131917,-0.0012990832,-0.0013492405,-0.0015374124,-0.001403898,-0.0012994707,-0.0019103289,-0.001901865,-0.0019440651,-0.0017981529,-0.001814574,-0.002018422,-0.0019475222,-0.0017709434,-0.0026106238,-0.0025358796,-0.0025152564,-0.0024796128,-0.0025380254,-0.002785772,-0.002593279,-0.0024796426,-0.003671527,-0.0036224723,-0.0035603046,-0.0035004616,-0.0035672188,-0.0037660599,-0.003693074,-0.0034950078,-0.0038577318,-0.0037825704,-0.0036852956,-0.0037319064,-0.003807664,-0.0038591027,-0.0038763285,-0.0036665201,-0.0055801272,-0.00539279,-0.0052856803,-0.0052403808,-0.0054391325,-0.005599797,-0.0053916276,-0.005154699
2156.5,-0.0013341308,-0.0013374686,-0.001316607,-0.0012942553,-0.0013507307,-0.0015388727,-0.0014022887,-0.0013017356,-0.0019040704,-0.0018966198,-0.0019370914,-0.0017915368,-0.0018101335,-0.002014786,-0.0019410253,-0.0017687976,-0.0026019812,-0.0025286674,-0.002506733,-0.0024704933,-0.0025293827,-0.0027839243,-0.0025885701,-0.0024758875,-0.0036612153,-0.0036124587,-0.0035470724,-0.0034852028,-0.0035527349,-0.0037600994,-0.0036846101,-0.0034944415,-0.0038455129,-0.003770113,-0.0036731362,-0.0037186146,-0.0037914813,-0.0038535595,-0.0038697422,-0.0036571026,-0.0055637956,-0.0053762794,-0.0052639246,-0.005218804,-0.00541839,-0.0055903494,-0.0053732693,-0.005139172
2157.5,-0.0013303757,-0.0013335943,-0.0013161898,-0.0012919307,-0.001345545,-0.0015311837,-0.0013990104,-0.0013061464,-0.001897335,-0.0018906593,-0.001930356,-0.001788199,-0.0018041432,-0.0020115972,-0.0019337833,-0.001770258,-0.002593279,-0.0025228262,-0.0024966598,-0.002459824,-0.0025199652,-0.0027794838,-0.0025804937,-0.002482891,-0.0036491156,-0.0036026835,-0.0035341978,-0.0034725666,-0.003543049,-0.0037532747,-0.0036740005,-0.0034907758,-0.0038343072,-0.0037600994,-0.0036601424,-0.003702879,-0.0037777126,-0.0038397908,-0.003858,-0.0036509633,-0.005550325,-0.0053620934,-0.005244434,-0.0051991343,-0.005398333,-0.005583763,-0.00535354,-0.005120635
2158.5,-0.0013258457,-0.0013299584,-0.0013123155,-0.0012859702,-0.0013369322,-0.0015283823,-0.0013875365,-0.0013010502,-0.0018908978,-0.0018862486,-0.0019239783,-0.0017824173,-0.0017951131,-0.0020115674,-0.0019209385,-0.0017636716,-0.0025843382,-0.0025146604,-0.0024855733,-0.002447486,-0.0025063455,-0.002776891,-0.0025692284,-0.0024794042,-0.0036389828,-0.003592074,-0.0035196543,-0.0034610033,-0.003531307,-0.0037504137,-0.0036545396,-0.0034768581,-0.0038235188,-0.003750801,-0.003645897,-0.0036876202,-0.0037614405,-0.003829211,-0.0038396716,-0.0036424398,-0.005536437,-0.005346477,-0.005225301,-0.0051777363,-0.005379021,-0.0055815578,-0.0053302646,-0.0051043928
2159.5,-0.0013207197,-0.0013250113,-0.0013038516,-0.0012789369,-0.0013306141,-0.0015259981,-0.0013790429,-0.0012878776,-0.0018823147,-0.001881659,-0.0019167662,-0.0017768145,-0.001786232,-0.002006501,-0.0019122958,-0.0017473102,-0.002576232,-0.002507925,-0.0024760365,-0.0024363995,-0.0024962723,-0.002775818,-0.0025604367,-0.0024609864,-0.0036280155,-0.0035800338,-0.003502965,-0.0034472942,-0.0035186708,-0.0037425458,-0.003642112,-0.0034597516,-0.0038121939,-0.0037404895,-0.0036296248,-0.0036700964,-0.0037465096,-0.003818065,-0.0038193166,-0.0036271214,-0.00552094,-0.0053312182,-0.005202532,-0.0051550865,-0.0053593516,-0.005578816,-0.0053083897,-0.005082011
2160.5,-0.001316905,-0.0013204217,-0.0012984276,-0.0012723804,-0.0013239384,-0.0015199482,-0.0013794899,-0.0012855232,-0.0018776655,-0.001875937,-0.0019084811,-0.0017739534,-0.0017786026,-0.0019998252,-0.0019097626,-0.0017378628,-0.002570033,-0.0025013685,-0.002470076,-0.002425015,-0.002479136,-0.002772957,-0.0025582612,-0.0024555326,-0.0036184788,-0.003568709,-0.003489375,-0.0034344196,-0.0035039783,-0.0037335157,-0.0036306381,-0.0034565926,-0.0038015842,-0.0037298799,-0.0036173463,-0.0036526918,-0.003726691,-0.0038082898,-0.0038090348,-0.0036236346,-0.0055083036,-0.005315721,-0.0051862,-0.0051323175,-0.0053420663,-0.00556916,-0.0052933693,-0.0050716996
2161.5,-0.0013136864,-0.0013161302,-0.0012925267,-0.0012713075,-0.0013199747,-0.001511991,-0.0013757348,-0.0012821555,-0.0018723011,-0.0018703341,-0.0019022822,-0.001773715,-0.0017739534,-0.0019890666,-0.0019077361,-0.0017323792,-0.0025624037,-0.0024943948,-0.0024601817,-0.0024158359,-0.0024745762,-0.0027661324,-0.0025566518,-0.0024508238,-0.0036085844,-0.0035578012,-0.0034772158,-0.003425181,-0.0034956336,-0.0037225783,-0.0036182106,-0.0034550428,-0.0037920475,-0.0037181973,-0.0036048293,-0.0036386847,-0.003713429,-0.0037926733,-0.003796041,-0.0036097765,-0.0054962635,-0.0052990317,-0.0051700473,-0.005111873,-0.005325228,-0.005551338,-0.0052806437,-0.0050616264
2162.5,-0.001308918,-0.0013138652,-0.0012866259,-0.001265049,-0.0013124943,-0.0015040338,-0.0013741553,-0.0012858212,-0.0018655062,-0.001864016,-0.0018963814,-0.0017693639,-0.0017703176,-0.0019823015,-0.0019027293,-0.0017332137,-0.0025542974,-0.0024875402,-0.002449274,-0.0024064183,-0.0024658442,-0.0027587414,-0.0025473535,-0.0024469793,-0.0035971403,-0.0035472512,-0.0034632087,-0.0034089684,-0.003484875,-0.0037114918,-0.0036081076,-0.0034418404,-0.0037810802,-0.0037068129,-0.0035915375,-0.0036219954,-0.0037008822,-0.0037772357,-0.0037858486,-0.0036091208,-0.0054819584,-0.0052850842,-0.0051507354,-0.0050893426,-0.0053102374,-0.0055336356,-0.005264491,-0.005059868
2163.5,-0.0013045073,-0.0013093948,-0.0012830496,-0.001255393,-0.0013093948,-0.0014972985,-0.001365006,-0.0012743771,-0.0018588305,-0.0018580556,-0.001891017,-0.0017611384,-0.0017706752,-0.001979351,-0.0018923581,-0.0017302334,-0.002545476,-0.0024816394,-0.0024430156,-0.0023962855,-0.002459854,-0.0027486682,-0.002536863,-0.0024386942,-0.0035856962,-0.0035358071,-0.0034504533,-0.003394246,-0.0034747422,-0.003702104,-0.0035935342,-0.0034230053,-0.003768444,-0.0036950707,-0.0035820007,-0.003606379,-0.0036943853,-0.0037664473,-0.0037738085,-0.0036008656,-0.0054666996,-0.0052678585,-0.005133629,-0.0050678253,-0.005295843,-0.005520731,-0.0052461624,-0.0050462484
2164.5,-0.0013004541,-0.0013051629,-0.001278758,-0.0012478828,-0.0013021231,-0.0014949739,-0.0013529658,-0.0012737513,-0.0018537045,-0.0018519759,-0.0018847585,-0.0017525554,-0.0017636418,-0.0019832253,-0.0018837154,-0.0017313063,-0.0025384426,-0.0024742484,-0.0024357438,-0.0023829937,-0.0024531782,-0.0027433932,-0.002527088,-0.002438277,-0.0035750866,-0.0035223365,-0.0034385324,-0.0033761263,-0.0034587383,-0.0036953986,-0.0035779774,-0.0034203827,-0.0037577152,-0.0036823153,-0.003568709,-0.003586471,-0.0036778152,-0.003758669,-0.0037573278,-0.0035949945,-0.005453348,-0.005249381,-0.0051136613,-0.0050439835,-0.005276829,-0.005507678,-0.005220145,-0.0050369203
2165.5,-0.0012960434,-0.0012995005,-0.0012704134,-0.0012413859,-0.0013000965,-0.0014910996,-0.0013430119,-0.0012671351,-0.0018472672,-0.0018452406,-0.0018752217,-0.0017431974,-0.0017558634,-0.0019842088,-0.0018747151,-0.001729101,-0.0025298595,-0.0024629831,-0.0024255514,-0.0023739934,-0.0024447143,-0.0027357042,-0.0025125146,-0.0024302006,-0.0035635233,-0.0035104752,-0.0034234524,-0.0033610463,-0.0034423769,-0.0036898851,-0.0035628378,-0.003410548,-0.003746748,-0.00367105,-0.0035541058,-0.0035691857,-0.003666222,-0.003743589,-0.0037439466,-0.003587097,-0.0054399967,-0.00523299,-0.0050934553,-0.0050195456,-0.0052606463,-0.0054916143,-0.0051947534,-0.0050134957
2166.5,-0.0012916327,-0.0012957454,-0.0012625456,-0.0012358427,-0.0012970567,-0.0014840066,-0.0013392866,-0.0012518764,-0.0018408298,-0.0018398166,-0.0018652081,-0.0017366409,-0.0017412603,-0.001980275,-0.001868248,-0.0017209649,-0.0025207996,-0.002454698,-0.0024158359,-0.0023642182,-0.0024355948,-0.0027276278,-0.0025012195,-0.0024197698,-0.0035524368,-0.0034983754,-0.0034051538,-0.0033516288,-0.0034252107,-0.003677845,-0.003544569,-0.0033989847,-0.0037356615,-0.0036599636,-0.0035372376,-0.0035553575,-0.0036506355,-0.003727436,-0.0037332773,-0.0035832822,-0.0054262877,-0.005216539,-0.0050714016,-0.004998982,-0.0052322745,-0.0054757,-0.0051760674,-0.0049948096
2167.5,-0.001287818,-0.0012936592,-0.0012578964,-0.0012329221,-0.0012947321,-0.001476407,-0.0013399124,-0.0012444258,-0.0018349886,-0.0018350482,-0.0018572807,-0.0017299056,-0.0017307103,-0.0019757152,-0.0018625557,-0.0017174482,-0.0025142431,-0.0024482608,-0.0024079084,-0.0023539662,-0.0024237633,-0.0027199686,-0.0024955869,-0.0024175048,-0.0035418272,-0.0034883022,-0.0033940673,-0.0033364892,-0.0034081042,-0.0036661327,-0.0035309792,-0.0033976138,-0.0037257671,-0.003650248,-0.0035209656,-0.0035393834,-0.003634125,-0.003714949,-0.0037257075,-0.0035831034,-0.005413294,-0.00520283,-0.0050541162,-0.0049775243,-0.0052099526,-0.005463153,-0.0051605105,-0.0049799085
2168.5,-0.0012840033,-0.0012899637,-0.0012526512,-0.0012273192,-0.0012900233,-0.0014739335,-0.0013378859,-0.0012463331,-0.0018285513,-0.0018294454,-0.0018497705,-0.0017246604,-0.0017148256,-0.001977563,-0.0018586218,-0.0017126203,-0.0025076866,-0.0024420023,-0.0023992062,-0.0023431182,-0.002412349,-0.0027216375,-0.0024835467,-0.002418995,-0.003530264,-0.003477037,-0.0033782125,-0.0033265352,-0.0033856034,-0.003660649,-0.0035200417,-0.0033913255,-0.003714919,-0.0036408305,-0.003505528,-0.0035251975,-0.0036185086,-0.0037082434,-0.0037108362,-0.003580004,-0.005399704,-0.0051864386,-0.005036533,-0.004953325,-0.005187273,-0.0054551363,-0.005140662,-0.0049721897
2169.5,-0.0012791157,-0.0012850165,-0.0012508035,-0.0012253523,-0.0012850463,-0.0014740229,-0.0013353527,-0.0012485385,-0.0018224716,-0.0018230081,-0.00184232,-0.0017211437,-0.00170964,-0.0019815266,-0.0018546879,-0.0017008185,-0.0025013685,-0.002434671,-0.0023916364,-0.0023354292,-0.002401799,-0.0027243495,-0.002472341,-0.0024180412,-0.0035207272,-0.0034649372,-0.003366232,-0.0033165216,-0.0033735037,-0.0036567748,-0.0035032034,-0.003383249,-0.0037043095,-0.0036315322,-0.0034909844,-0.0035132766,-0.0036047995,-0.0036943257,-0.003688991,-0.0035702884,-0.005387664,-0.0051704645,-0.0050169826,-0.004934132,-0.0051693916,-0.0054470003,-0.0051184297,-0.004961252
2170.5,-0.0012764931,-0.0012828112,-0.0012458563,-0.001224041,-0.0012771487,-0.0014734566,-0.0013333261,-0.001236707,-0.0018177032,-0.0018200278,-0.0018346906,-0.0017196536,-0.0017058849,-0.0019813776,-0.001845777,-0.0016980171,-0.0024955273,-0.0024284124,-0.0023810267,-0.0023300052,-0.0023899972,-0.0027209818,-0.0024667978,-0.0024056435,-0.0035120249,-0.0034558773,-0.003354013,-0.0033073425,-0.0033594072,-0.003650725,-0.0034908354,-0.0033770502,-0.003694892,-0.0036232471,-0.0034732223,-0.0035016537,-0.0035889745,-0.0036783516,-0.0036766827,-0.0035556853,-0.0053761005,-0.005156517,-0.0049978495,-0.0049179196,-0.005150467,-0.005433768,-0.005099833,-0.004944682
2171.5,-0.0012731552,-0.0012786388,-0.0012431741,-0.0012193918,-0.0012686551,-0.0014722645,-0.0013360083,-0.0012254715,-0.001811266,-0.0018134713,-0.0018281937,-0.0017150044,-0.0017022192,-0.0019806325,-0.0018442869,-0.0016988814,-0.002488494,-0.002420783,-0.0023704171,-0.0023192167,-0.0023782253,-0.002716601,-0.0024619699,-0.0023853183,-0.0035014153,-0.003445208,-0.0033410788,-0.003297031,-0.0033475757,-0.003648609,-0.003488481,-0.00336802,-0.0036838055,-0.0036118627,-0.0034585,-0.0034888387,-0.0035740733,-0.0036703944,-0.003674537,-0.0035407543,-0.0053651333,-0.0051410794,-0.004976332,-0.004896283,-0.0051368177,-0.0054198205,-0.0050858855,-0.0049260557
2172.5,-0.0012686253,-0.0012751222,-0.001234293,-0.0012124777,-0.0012632906,-0.0014717877,-0.0013366044,-0.001221627,-0.0018033981,-0.0018087626,-0.0018175244,-0.0017118454,-0.0016983747,-0.0019793212,-0.0018425286,-0.0017019808,-0.0024796724,-0.0024154186,-0.0023596883,-0.0023088455,-0.0023673177,-0.0027163625,-0.0024626255,-0.002377838,-0.0034923553,-0.0034344196,-0.0033245683,-0.0032840967,-0.0033354461,-0.0036501288,-0.003483653,-0.0033624768,-0.003672719,-0.0036010146,-0.0034455657,-0.0034763217,-0.0035589635,-0.0036657155,-0.0036700666,-0.0035355985,-0.005351782,-0.005125582,-0.0049539804,-0.004877448,-0.005120337,-0.0054070354,-0.00507161,-0.004920244
2173.5,-0.0012667179,-0.0012708902,-0.0012287498,-0.0012078285,-0.001264602,-0.0014715195,-0.0013361573,-0.00120911,-0.0017997026,-0.0018038154,-0.0018096566,-0.0017036796,-0.0016944706,-0.0019762218,-0.0018382072,-0.0016959608,-0.0024739504,-0.0024094582,-0.0023517013,-0.002297163,-0.0023576021,-0.0027120113,-0.002463162,-0.0023682117,-0.0034840107,-0.0034246445,-0.0033111572,-0.003271103,-0.003328234,-0.003645569,-0.0034753084,-0.0033490062,-0.0036652088,-0.0035908818,-0.0034310222,-0.0034630895,-0.0035518408,-0.0036571324,-0.003665477,-0.0035214424,-0.00534153,-0.005109489,-0.0049316287,-0.0048559904,-0.0051106215,-0.005399883,-0.0050550997,-0.004906267
2174.5,-0.0012625456,-0.0012664795,-0.0012231469,-0.0012024641,-0.0012607872,-0.0014715791,-0.0013280213,-0.001195848,-0.0017950535,-0.0017988682,-0.0018020868,-0.0016960502,-0.001693666,-0.001980245,-0.0018262267,-0.0016884208,-0.0024677515,-0.0024021864,-0.0023428798,-0.0022863746,-0.0023526847,-0.0027097166,-0.0024516582,-0.002357334,-0.0034736395,-0.0034142733,-0.0032966137,-0.0032570958,-0.0033192635,-0.0036459565,-0.0034648478,-0.0033341348,-0.003655076,-0.0035803318,-0.0034199357,-0.0034463406,-0.0035426319,-0.003651321,-0.003651023,-0.0035087466,-0.0053294897,-0.0050941706,-0.004911959,-0.0048342347,-0.005093664,-0.005394697,-0.0050305426,-0.004887104
2175.5,-0.0012607574,-0.001265049,-0.0012151003,-0.0011929274,-0.001260519,-0.0014720261,-0.0013195872,-0.0011879504,-0.0017898083,-0.0017939806,-0.0017944574,-0.0016853213,-0.0016860068,-0.0019860566,-0.001816988,-0.0016778111,-0.0024620295,-0.0023956299,-0.0023308396,-0.0022716522,-0.0023459196,-0.0027105808,-0.0024410784,-0.0023502111,-0.0034644604,-0.003404498,-0.0032829046,-0.0032384396,-0.0033106804,-0.0036432147,-0.0034552813,-0.0033186674,-0.003646493,-0.0035711527,-0.0034055114,-0.0034290552,-0.0035257041,-0.0036498606,-0.0036332607,-0.0035058558,-0.0053191185,-0.005079508,-0.0048913956,-0.004811108,-0.0050780773,-0.0053929985,-0.005007386,-0.004870087
2176.5,-0.0012561083,-0.0012615919,-0.0012063384,-0.0011858344,-0.0012611747,-0.0014763474,-0.0013133883,-0.0011963844,-0.0017842054,-0.0017887354,-0.001785934,-0.001678884,-0.0016845763,-0.001996249,-0.0018110275,-0.001681149,-0.002454877,-0.0023884773,-0.0023181438,-0.0022577047,-0.0023457706,-0.0027132332,-0.0024350882,-0.0023534,-0.0034546852,-0.0033928156,-0.0032656789,-0.0032233,-0.0033057332,-0.003640145,-0.0034505427,-0.0033086538,-0.0036349297,-0.0035597086,-0.0033881068,-0.0034162998,-0.0035199523,-0.0036515892,-0.0036222637,-0.0035017133,-0.0053076744,-0.005063772,-0.0048669577,-0.0047911406,-0.0050658286,-0.005394578,-0.0049904883,-0.0048588216
2177.5,-0.001251936,-0.0012583733,-0.0012006164,-0.0011814237,-0.0012637079,-0.0014749765,-0.0013123453,-0.0011951029,-0.0017793179,-0.0017836094,-0.0017791986,-0.0016741753,-0.0016829967,-0.0019967258,-0.0018047988,-0.0016748011,-0.0024468899,-0.0023815632,-0.0023100376,-0.002249062,-0.002344668,-0.0027107,-0.0024303794,-0.0023471415,-0.0034447908,-0.0033817291,-0.003252089,-0.0032131076,-0.0033024251,-0.0036347806,-0.0034441352,-0.0032915175,-0.003624916,-0.0035481453,-0.0033733845,-0.003401637,-0.003516227,-0.0036481023,-0.0036076605,-0.003481865,-0.0052964687,-0.005048871,-0.00484699,-0.0047729015,-0.0050543547,-0.0053910613,-0.0049711764,-0.0048410594
2178.5,-0.0012491941,-0.0012562275,-0.0011940598,-0.0011760592,-0.0012621582,-0.0014720261,-0.0013058186,-0.0011948347,-0.0017746687,-0.0017771721,-0.0017697215,-0.0016632676,-0.0016790032,-0.0019926727,-0.0017954111,-0.0016731024,-0.0024403334,-0.0023747683,-0.002301395,-0.0022392273,-0.0023358166,-0.0027101934,-0.0024175644,-0.0023450553,-0.0034353733,-0.0033715963,-0.00323838,-0.0031998754,-0.0032913685,-0.0036228,-0.0034315884,-0.003285855,-0.0036165714,-0.0035370588,-0.0033612847,-0.003382802,-0.0035097897,-0.003648162,-0.0035918355,-0.003468752,-0.0052855015,-0.0050342083,-0.0048276186,-0.00475204,-0.0050390065,-0.0053842366,-0.004949361,-0.00482893
2179.5,-0.001244545,-0.001252532,-0.0011885762,-0.0011689067,-0.0012590289,-0.0014690161,-0.001293689,-0.0011979043,-0.0017691851,-0.0017733574,-0.0017616749,-0.0016508102,-0.0016672313,-0.0019842982,-0.0017870367,-0.0016731322,-0.0024328232,-0.0023674965,-0.002294302,-0.0022295713,-0.0023290813,-0.0027086139,-0.0023982227,-0.0023523867,-0.003424883,-0.0033624172,-0.0032251477,-0.00318712,-0.0032809675,-0.0036144853,-0.0034140646,-0.0032877624,-0.003604412,-0.0035264492,-0.003348291,-0.0033676028,-0.0035019517,-0.0036462545,-0.0035740435,-0.0034663677,-0.005270481,-0.0050189495,-0.0048083663,-0.0047323704,-0.005022794,-0.0053773522,-0.004927218,-0.0048190653
2180.5,-0.0012395382,-0.0012470484,-0.0011833906,-0.0011609793,-0.0012535751,-0.001467824,-0.0012847781,-0.0012056828,-0.0017635822,-0.0017676353,-0.0017554164,-0.0016434193,-0.0016603768,-0.001981914,-0.0017870069,-0.0016739666,-0.002424121,-0.0023593903,-0.0022861958,-0.0022170544,-0.0023237467,-0.0027066767,-0.0023825765,-0.0023604333,-0.0034140348,-0.003352046,-0.003209889,-0.0031699538,-0.0032701492,-0.0036117136,-0.003401965,-0.0032886267,-0.0035932064,-0.003514886,-0.0033359528,-0.0033541918,-0.0034926534,-0.003640622,-0.0035579503,-0.0034624934,-0.0052568913,-0.005003214,-0.004791677,-0.004709959,-0.005004227,-0.0053741336,-0.0049124956,-0.0048192143
2181.5,-0.0012345314,-0.0012415648,-0.0011798143,-0.0011524558,-0.0012483299,-0.0014692843,-0.00127998,-0.0012101233,-0.0017569065,-0.0017629862,-0.0017529726,-0.0016355515,-0.0016480982,-0.0019837618,-0.001783073,-0.001671195,-0.0024152994,-0.0023508072,-0.002282679,-0.0022028089,-0.0023159385,-0.0027100444,-0.0023753047,-0.0023622513,-0.003402114,-0.0033392906,-0.003198564,-0.0031543374,-0.0032556355,-0.0036077201,-0.0033931732,-0.0032814443,-0.003581643,-0.0035033226,-0.003327787,-0.0033400655,-0.0034769177,-0.003637433,-0.0035440624,-0.0034542978,-0.005242467,-0.004986763,-0.004774213,-0.004687369,-0.004986942,-0.005372286,-0.0048982203,-0.0048089623
2182.5,-0.0012316704,-0.0012360811,-0.0011729598,-0.0011495948,-0.0012497306,-0.001471132,-0.0012773275,-0.0012176037,-0.0017534494,-0.0017565489,-0.0017448664,-0.0016311407,-0.0016494393,-0.0019783378,-0.0017810762,-0.0016698241,-0.0024102926,-0.0023442507,-0.002273798,-0.0021976829,-0.0023137927,-0.002711475,-0.002366215,-0.0023626685,-0.0033929348,-0.0033265352,-0.0031834245,-0.003144443,-0.003252089,-0.0036028028,-0.003384173,-0.0032749176,-0.0035727024,-0.0034911633,-0.0033150911,-0.0033296943,-0.0034744143,-0.003632784,-0.0035346448,-0.003449738,-0.005230665,-0.0049693584,-0.004752755,-0.0046676397,-0.0049812794,-0.0053625107,-0.004887879,-0.004799664
2183.5,-0.0012284517,-0.0012298822,-0.0011696815,-0.0011456609,-0.0012504458,-0.0014733076,-0.0012767315,-0.0012061894,-0.00175035,-0.0017496347,-0.001740396,-0.0016278625,-0.00164783,-0.001974821,-0.0017812252,-0.001663059,-0.0024052858,-0.002334237,-0.0022662282,-0.0021885633,-0.0023061335,-0.0027125478,-0.002364099,-0.0023532808,-0.0033843517,-0.0033134222,-0.0031719208,-0.0031285882,-0.0032503605,-0.0035995245,-0.0033770204,-0.0032610595,-0.0035642385,-0.0034772158,-0.0033054948,-0.0033197403,-0.0034702122,-0.0036263466,-0.0035270452,-0.0034364164,-0.005218506,-0.004951,-0.004734814,-0.0046464205,-0.004970014,-0.005353719,-0.0048758686,-0.0047867
2184.5,-0.0012251139,-0.0012265444,-0.0011621118,-0.001139462,-0.0012412667,-0.0014772117,-0.0012745261,-0.0011969507,-0.0017459393,-0.0017461777,-0.0017348528,-0.0016205311,-0.001639694,-0.0019740164,-0.0017823577,-0.0016469955,-0.0023969412,-0.0023280382,-0.0022569895,-0.0021795034,-0.0022935867,-0.0027065575,-0.0023631454,-0.0023381412,-0.003373146,-0.0033029318,-0.0031563044,-0.0031139255,-0.0032363236,-0.0035941303,-0.0033710003,-0.003252089,-0.003553152,-0.0034674406,-0.0032919645,-0.00330472,-0.0034520924,-0.003622055,-0.0035157502,-0.0034264624,-0.005203247,-0.0049362183,-0.0047153234,-0.0046254396,-0.0049550235,-0.005341798,-0.0048642755,-0.0047715604
2185.5,-0.001221776,-0.0012218952,-0.001152873,-0.001134038,-0.0012339652,-0.0014768243,-0.0012717247,-0.0011862516,-0.0017408133,-0.0017397404,-0.0017263293,-0.001617074,-0.0016384423,-0.001972437,-0.0017777085,-0.0016376376,-0.002390623,-0.0023214817,-0.0022463202,-0.002176106,-0.0022908747,-0.0026955307,-0.002360016,-0.0023183525,-0.00336349,-0.003291726,-0.0031422973,-0.0031013489,-0.003230691,-0.0035870075,-0.0033635795,-0.003242284,-0.0035432577,-0.0034563541,-0.0032772422,-0.003291607,-0.0034415722,-0.0036082864,-0.0035068393,-0.003413856,-0.0051903725,-0.0049194098,-0.0046969056,-0.0046049953,-0.004942149,-0.005328238,-0.004847914,-0.0047562122
2186.5,-0.001219511,-0.0012192726,-0.0011473298,-0.0011312366,-0.0012273192,-0.0014765263,-0.0012738109,-0.0011778176,-0.0017375946,-0.0017366409,-0.001722157,-0.0016125441,-0.0016296208,-0.0019705296,-0.001776129,-0.0016306341,-0.0023852587,-0.0023165941,-0.0022386909,-0.0021694303,-0.0022770762,-0.0026892126,-0.0023579895,-0.0023109913,-0.0033557415,-0.0032844543,-0.0031286478,-0.0030915737,-0.0032166243,-0.0035868287,-0.003358841,-0.003234893,-0.0035347939,-0.0034463406,-0.0032656789,-0.0032796264,-0.0034278035,-0.0035974383,-0.0034999251,-0.0034013987,-0.0051805973,-0.004905343,-0.004677832,-0.004588008,-0.0049263835,-0.00532037,-0.004839301,-0.0047426224
2187.5,-0.00121665,-0.0012162924,-0.0011435747,-0.0011318326,-0.0012238026,-0.0014806986,-0.0012724698,-0.0011620224,-0.0017328262,-0.001732111,-0.0017134547,-0.0016074777,-0.0016255379,-0.0019763112,-0.0017687082,-0.0016184747,-0.002378583,-0.002310276,-0.002230823,-0.002168119,-0.0022683144,-0.0026820898,-0.0023534894,-0.0022979677,-0.003345728,-0.0032744408,-0.0031185746,-0.003083527,-0.0032070577,-0.0035947263,-0.0033518672,-0.0032210946,-0.0035258532,-0.003437519,-0.0032530427,-0.0032678246,-0.0034166276,-0.0035910606,-0.003487885,-0.0033930242,-0.005169034,-0.0048918724,-0.004659891,-0.004575014,-0.0049109757,-0.005312741,-0.004829824,-0.004722953
2188.5,-0.0012125969,-0.001213789,-0.0011363626,-0.001131773,-0.0012180805,-0.0014792979,-0.0012648404,-0.001154244,-0.001727581,-0.0017288923,-0.0017036796,-0.0016040802,-0.001616478,-0.0019799173,-0.0017576516,-0.0016146004,-0.0023707151,-0.0023038387,-0.002222538,-0.0021663904,-0.0022562742,-0.0026752055,-0.0023433566,-0.0022895634,-0.0033359528,-0.0032645464,-0.003103137,-0.0030753613,-0.003195703,-0.0035923421,-0.0033371449,-0.0032072663,-0.003514886,-0.0034269094,-0.003236413,-0.003257215,-0.0034012198,-0.003574133,-0.003469348,-0.0033852458,-0.0051562786,-0.004877925,-0.00464046,-0.0045628548,-0.004895687,-0.005302787,-0.0048114955,-0.004708886
2189.5,-0.0012103319,-0.0012102127,-0.0011321306,-0.0011281371,-0.00121212,-0.0014782548,-0.0012619197,-0.0011458993,-0.0017230511,-0.001725316,-0.0016964674,-0.0015926361,-0.0016115904,-0.001987636,-0.0017471611,-0.0016102493,-0.002364874,-0.002298355,-0.002215743,-0.002157092,-0.0022445917,-0.0026684105,-0.0023353696,-0.0022776723,-0.0033279657,-0.0032567978,-0.003093183,-0.0030626059,-0.0031883717,-0.003589034,-0.0033141375,-0.0031894445,-0.0035051107,-0.0034183264,-0.0032248497,-0.0032416582,-0.0033897758,-0.00356403,-0.0034520626,-0.003367424,-0.0051441193,-0.0048645735,-0.004622996,-0.004542768,-0.0048783123,-0.0052963197,-0.0047891736,-0.004687488
2190.5,-0.0012068748,-0.0012073517,-0.0011282563,-0.0011215806,-0.0012071729,-0.0014746189,-0.0012577772,-0.001144439,-0.0017187595,-0.0017209053,-0.0016875863,-0.0015797615,-0.0016070604,-0.0019934177,-0.001743108,-0.0016070008,-0.002358079,-0.0022913218,-0.0022075176,-0.0021454692,-0.0022415519,-0.0026594102,-0.0023245513,-0.0022732913,-0.0033185482,-0.0032444,-0.0030795336,-0.0030516982,-0.003177464,-0.0035868287,-0.0032993853,-0.0031810403,-0.003495574,-0.0034071207,-0.0032123923,-0.0032259822,-0.0033756495,-0.0035561025,-0.0034359992,-0.0033566952,-0.005132675,-0.0048497915,-0.004606366,-0.0045229197,-0.004866302,-0.0052869916,-0.004766375,-0.0046684146
2191.5,-0.0012038946,-0.0012031794,-0.0011230707,-0.0011184216,-0.0012056828,-0.0014721453,-0.0012533069,-0.0011408031,-0.0017135143,-0.0017157793,-0.0016830564,-0.001570344,-0.001598239,-0.0019950569,-0.0017355084,-0.0015990138,-0.0023503304,-0.0022820234,-0.002201438,-0.0021355152,-0.0022406578,-0.002650559,-0.0023154318,-0.0022740662,-0.0033103228,-0.00323236,-0.003066957,-0.00303936,-0.0031673312,-0.0035884082,-0.0032845736,-0.003167212,-0.0034866333,-0.0033949614,-0.003201425,-0.0032112002,-0.003370583,-0.0035487115,-0.0034192204,-0.0033470988,-0.0051203966,-0.0048339367,-0.004589498,-0.0045060515,-0.00485301,-0.005281359,-0.0047447085,-0.0046554506
2192.5,-0.0012003183,-0.0011976957,-0.0011186004,-0.0011125207,-0.0012005568,-0.0014671683,-0.0012525916,-0.0011405945,-0.001707077,-0.0017108917,-0.0016767979,-0.0015586615,-0.001594305,-0.0020005703,-0.0017282963,-0.0015911758,-0.0023441315,-0.0022745132,-0.002193749,-0.002128899,-0.0022428632,-0.0026424527,-0.0023076236,-0.002271831,-0.0033009052,-0.0032217503,-0.0030572414,-0.003023684,-0.0031569004,-0.00359115,-0.003270775,-0.0031516254,-0.0034749508,-0.003382802,-0.0031888485,-0.0031946301,-0.0033629537,-0.003541261,-0.003403753,-0.0033407211,-0.005107641,-0.0048184395,-0.0045719743,-0.0044851303,-0.0048404336,-0.005277574,-0.0047264695,-0.004642129
2193.5,-0.0011988878,-0.0011948347,-0.0011154413,-0.0011094213,-0.0011980534,-0.0014620721,-0.0012505352,-0.0011353791,-0.0017020702,-0.0017043352,-0.0016720891,-0.0015503168,-0.001593113,-0.0020045042,-0.0017233491,-0.0015778542,-0.0023385286,-0.0022691488,-0.0021876097,-0.002120614,-0.0022463202,-0.0026309788,-0.0023045242,-0.002265036,-0.0032929182,-0.0032128096,-0.0030471683,-0.0030108094,-0.0031498075,-0.0035906434,-0.0032613873,-0.0031345487,-0.00346601,-0.0033707619,-0.0031806827,-0.0031812787,-0.0033597946,-0.0035316944,-0.0033925474,-0.003331691,-0.0050957203,-0.004802823,-0.0045574307,-0.0044665337,-0.0048298836,-0.0052722394,-0.0047110617,-0.0046312213
2194.5,-0.0011953115,-0.00119102,-0.0011130571,-0.0011108518,-0.001201868,-0.0014611781,-0.001254946,-0.001129359,-0.0016970634,-0.0016976595,-0.0016684532,-0.0015451908,-0.0015912056,-0.002011627,-0.0017228425,-0.0015717447,-0.0023319721,-0.002262354,-0.0021824837,-0.0021170974,-0.0022452474,-0.0026252866,-0.0023038983,-0.002257198,-0.0032827854,-0.0032035112,-0.00303787,-0.0029975772,-0.003142655,-0.003592074,-0.0032533407,-0.0031234622,-0.0034564734,-0.0033607483,-0.0031724572,-0.0031695962,-0.0033551455,-0.0035288036,-0.003387332,-0.0033221245,-0.0050837994,-0.004789591,-0.0045401454,-0.004452169,-0.0048244,-0.005268246,-0.0046966374,-0.0046201646
2195.5,-0.0011923313,-0.0011855364,-0.001110971,-0.0011050701,-0.0012010336,-0.0014671683,-0.0012575984,-0.0011270642,-0.0016925335,-0.001691699,-0.0016633868,-0.0015369058,-0.00159055,-0.0020241141,-0.0017183125,-0.0015741885,-0.0023264885,-0.0022554398,-0.0021762848,-0.0021100044,-0.00223732,-0.0026266873,-0.0023006797,-0.0022556782,-0.0032740831,-0.0031929016,-0.0030280352,-0.0029845834,-0.0031336546,-0.003600061,-0.0032446682,-0.003117323,-0.0034464598,-0.0033489466,-0.0031619072,-0.0031526685,-0.0033445954,-0.0035305023,-0.0033843815,-0.003315568,-0.0050731897,-0.0047757626,-0.004525721,-0.0044344068,-0.0048149824,-0.0052696764,-0.004680991,-0.00461334
2196.5,-0.0011888742,-0.001182437,-0.0011054277,-0.0011003613,-0.0011966228,-0.0014739633,-0.001251787,-0.0011249781,-0.0016891956,-0.0016851425,-0.0016566515,-0.0015284419,-0.0015839934,-0.0020382404,-0.0017098188,-0.0015766621,-0.002321124,-0.00224936,-0.0021687746,-0.0021018386,-0.002230525,-0.0026302934,-0.0022941828,-0.0022558868,-0.0032668114,-0.0031833649,-0.0030152202,-0.002973199,-0.0031287074,-0.0036058426,-0.003237754,-0.0031089187,-0.0034384727,-0.0033391714,-0.00315094,-0.0031386614,-0.0033339858,-0.0035326183,-0.003376335,-0.003311634,-0.005063057,-0.0047599077,-0.0045084357,-0.004414141,-0.004805565,-0.0052710474,-0.004667431,-0.0046080947
2197.5,-0.0011848211,-0.0011777878,-0.0010995865,-0.0010941029,-0.0011923909,-0.0014772713,-0.0012495518,-0.0011235476,-0.0016841888,-0.0016793013,-0.0016514659,-0.0015206337,-0.0015836954,-0.002054751,-0.0017024279,-0.0015683174,-0.0023145676,-0.00224185,-0.0021627545,-0.0020959973,-0.0022264123,-0.002632171,-0.0022869408,-0.002254039,-0.0032582283,-0.0031707287,-0.0030055642,-0.0029609203,-0.0031209588,-0.0036172569,-0.0032319725,-0.0030943751,-0.0034286976,-0.0033289194,-0.003139913,-0.0031237006,-0.003326416,-0.0035336316,-0.0033669174,-0.0033076704,-0.0050508976,-0.004744172,-0.0044919252,-0.0043940544,-0.004801929,-0.0052788556,-0.0046551228,-0.0045993626
2198.5,-0.0011818409,-0.0011739731,-0.0010960102,-0.0010890961,-0.0011965632,-0.0014790297,-0.001253128,-0.0011217594,-0.001679182,-0.0016723871,-0.0016450882,-0.001511991,-0.0015876889,-0.0020685196,-0.0016941428,-0.001565069,-0.002306819,-0.0022348166,-0.0021579266,-0.0020876527,-0.0022267103,-0.002631694,-0.0022851229,-0.0022592545,-0.0032486916,-0.0031584501,-0.0029934049,-0.0029491782,-0.0031229854,-0.00362283,-0.003229469,-0.003081292,-0.0034201145,-0.0033166409,-0.0031279325,-0.0031099916,-0.0033316612,-0.0035336316,-0.003361404,-0.003301531,-0.005038023,-0.0047284365,-0.0044748783,-0.0043747425,-0.004799247,-0.0052883327,-0.0046483874,-0.0045959353
2199.5,-0.0011775494,-0.0011714697,-0.001093924,-0.0010865331,-0.0011968017,-0.001477778,-0.0012503862,-0.0011087358,-0.0016738176,-0.001666069,-0.001640737,-0.0015051961,-0.001588285,-0.0020802915,-0.0016845167,-0.0015569925,-0.0023001432,-0.0022269487,-0.0021486878,-0.0020862222,-0.0022261739,-0.0026302338,-0.0022817254,-0.0022569299,-0.0032404661,-0.003148079,-0.0029845238,-0.002937317,-0.0031226277,-0.0036320984,-0.0032301545,-0.003066808,-0.003411293,-0.0033060312,-0.0031163096,-0.0030966997,-0.0033314824,-0.003527701,-0.0033530593,-0.0032910109,-0.0050258636,-0.004711628,-0.004456699,-0.0043572187,-0.0047950745,-0.0052951574,-0.0046408176,-0.004588455
2200.5,-0.001173377,-0.0011683702,-0.001090169,-0.0010835528,-0.0011976957,-0.001473695,-0.0012516379,-0.0011068285,-0.0016696453,-0.0016613007,-0.0016340017,-0.0014994144,-0.0015835166,-0.0020920336,-0.0016775727,-0.0015538633,-0.0022945404,-0.0022181273,-0.0021425486,-0.0020805597,-0.0022270083,-0.0026278496,-0.0022798479,-0.0022563934,-0.0032316446,-0.003136754,-0.002974689,-0.002927661,-0.003120482,-0.0036433637,-0.0032343268,-0.0030614436,-0.003401041,-0.0032954216,-0.0031068325,-0.0030860305,-0.0033220053,-0.0035299957,-0.0033427477,-0.0032901466,-0.005013466,-0.004696369,-0.004441142,-0.0043424964,-0.004786849,-0.005301267,-0.0046314895,-0.0045748353
2201.5,-0.0011700392,-0.0011627674,-0.0010889769,-0.0010809898,-0.0012009144,-0.0014742613,-0.0012565851,-0.0011079311,-0.0016645193,-0.001655817,-0.0016314983,-0.0014955997,-0.0015754104,-0.002102673,-0.0016745329,-0.0015564561,-0.0022872686,-0.0022095442,-0.0021398664,-0.0020740628,-0.0022274852,-0.0026163459,-0.0022718906,-0.00225991,-0.0032225847,-0.0031256676,-0.0029658675,-0.0029176474,-0.00311023,-0.0036586225,-0.0032318532,-0.003054291,-0.0033917427,-0.003284812,-0.0030987859,-0.0030754805,-0.0033128858,-0.0035286248,-0.0033329725,-0.0032856762,-0.005001545,-0.00467968,-0.0044291615,-0.0043265224,-0.004777491,-0.0053094327,-0.0046214163,-0.004562378
2202.5,-0.0011656284,-0.0011591911,-0.0010840893,-0.001075983,-0.00119555,-0.001480937,-0.0012528002,-0.0011105835,-0.0016596317,-0.0016504526,-0.0016248226,-0.0014915466,-0.0015714169,-0.0021187365,-0.001671195,-0.0015607178,-0.0022804737,-0.002201438,-0.0021305084,-0.0020638704,-0.0022239685,-0.0026134253,-0.0022653043,-0.0022560358,-0.0032122135,-0.0031136274,-0.002954483,-0.0029018521,-0.0031004548,-0.0036730766,-0.0032212138,-0.0030490756,-0.0033820868,-0.003273964,-0.0030850172,-0.003061831,-0.0033069253,-0.0035304427,-0.0033209026,-0.0032868087,-0.004989028,-0.0046641827,-0.004410684,-0.0043075085,-0.0047673583,-0.005317867,-0.0046057403,-0.0045518875
2203.5,-0.0011605024,-0.0011565685,-0.0010801554,-0.0010704398,-0.00120157,-0.0014779866,-0.001252681,-0.0011126697,-0.0016543865,-0.0016444921,-0.0016195178,-0.0014867783,-0.0015761256,-0.0021296144,-0.0016690791,-0.0015628636,-0.0022734404,-0.002192974,-0.0021225214,-0.0020539165,-0.0022309422,-0.002611667,-0.002261579,-0.002252698,-0.0032023191,-0.0031017065,-0.0029454827,-0.0028876662,-0.0031026602,-0.0036827326,-0.003214538,-0.003047645,-0.0033723116,-0.003263235,-0.0030731559,-0.003050387,-0.0033084154,-0.0035248995,-0.0033134222,-0.0032798648,-0.0049773455,-0.004650712,-0.004395485,-0.004291177,-0.00476557,-0.0053236485,-0.004592508,-0.0045435727
2204.5,-0.0011588335,-0.0011514425,-0.001075983,-0.001061976,-0.001200974,-0.0014784634,-0.0012469888,-0.0011098087,-0.0016522408,-0.0016391277,-0.0016147494,-0.0014826655,-0.001580596,-0.0021448433,-0.0016658306,-0.001572758,-0.002269864,-0.0021842718,-0.002114892,-0.002041459,-0.002231896,-0.0026052892,-0.0022583008,-0.0022459924,-0.0031951666,-0.0030902624,-0.00293684,-0.0028703213,-0.0031026006,-0.003695786,-0.00320822,-0.0030511022,-0.003365159,-0.0032510757,-0.0030588508,-0.003036201,-0.0033089519,-0.0035232604,-0.0033064783,-0.0032770634,-0.0049669743,-0.004634261,-0.0043809414,-0.0042704344,-0.004757941,-0.005329728,-0.004580438,-0.0045320094
2205.5,-0.0011556149,-0.0011487007,-0.0010719895,-0.0010547042,-0.0011915565,-0.0014845729,-0.0012414753,-0.0011067092,-0.0016473532,-0.0016329288,-0.0016077161,-0.0014745593,-0.0015721321,-0.0021657944,-0.0016625822,-0.00156793,-0.0022631884,-0.002177596,-0.002106011,-0.0020281672,-0.0022274256,-0.0026082993,-0.0022516549,-0.0022336543,-0.003185749,-0.0030817986,-0.0029223561,-0.0028568506,-0.0030905008,-0.0037087202,-0.0031959414,-0.0030404925,-0.0033560991,-0.0032424927,-0.0030442476,-0.0030217767,-0.0032984018,-0.0035209358,-0.0032905042,-0.003271848,-0.004954219,-0.0046201944,-0.0043638945,-0.0042529106,-0.00474751,-0.0053375363,-0.0045658946,-0.0045100152
2206.5,-0.0011521578,-0.0011450052,-0.001070559,-0.0010488629,-0.0011858344,-0.0014926195,-0.0012361705,-0.001104027,-0.0016435385,-0.0016268492,-0.0016044378,-0.0014706254,-0.0015690327,-0.0021897852,-0.0016631186,-0.0015643239,-0.0022560358,-0.0021704435,-0.0020997524,-0.0020215511,-0.002220571,-0.0026144385,-0.0022491217,-0.0022301674,-0.0031780005,-0.0030709505,-0.0029132366,-0.0028448105,-0.003081262,-0.0037251413,-0.0031830072,-0.0030318797,-0.003347993,-0.0032304525,-0.0030338168,-0.0030120611,-0.0032951236,-0.0035226643,-0.0032734275,-0.003261894,-0.004940152,-0.004604459,-0.004353583,-0.0042371154,-0.0047394633,-0.005355656,-0.0045519173,-0.0045060515
2207.5,-0.0011488199,-0.0011395216,-0.0010662675,-0.0010430217,-0.0011731982,-0.001494199,-0.0012361109,-0.0011003315,-0.001639843,-0.0016208887,-0.0015987754,-0.001470089,-0.0015609264,-0.0022081733,-0.0016589761,-0.00156039,-0.0022511482,-0.0021641254,-0.002092123,-0.0020124316,-0.002210021,-0.0026154518,-0.002250582,-0.0022281408,-0.003170967,-0.0030593872,-0.0029042363,-0.002834797,-0.0030654073,-0.0037371516,-0.0031743348,-0.0030274987,-0.0033392906,-0.003219843,-0.0030249953,-0.003003478,-0.0032798052,-0.0035211742,-0.0032613575,-0.003249675,-0.004925847,-0.004591346,-0.004341483,-0.0042228103,-0.0047270656,-0.005366564,-0.0045422018,-0.004506588
2208.5,-0.0011461973,-0.0011334419,-0.0010643601,-0.0010359883,-0.0011675954,-0.0014919043,-0.0012334287,-0.0011032224,-0.0016360283,-0.0016139746,-0.0015939474,-0.001467526,-0.0015627742,-0.0022253096,-0.0016572177,-0.001570046,-0.0022468567,-0.0021572113,-0.0020865798,-0.0020041466,-0.002210617,-0.002616018,-0.00224486,-0.0022309124,-0.0031630993,-0.0030468702,-0.0028970838,-0.0028242469,-0.0030630827,-0.0037520528,-0.0031679273,-0.0030302107,-0.0033314228,-0.0032080412,-0.0030181408,-0.0029948354,-0.0032683015,-0.00352332,-0.0032467246,-0.0032497942,-0.004912019,-0.0045770407,-0.004329741,-0.0042083263,-0.004724145,-0.0053786933,-0.004532516,-0.004509121
2209.5,-0.001142621,-0.0011315346,-0.0010589361,-0.0010303259,-0.0011689067,-0.0014935136,-0.0012347698,-0.0010975301,-0.0016317368,-0.0016087294,-0.0015878081,-0.0014691353,-0.0015653968,-0.002241224,-0.0016603768,-0.0015676618,-0.0022422075,-0.0021512508,-0.0020788908,-0.0019970536,-0.0022127032,-0.0026187003,-0.002242446,-0.0022324622,-0.003155589,-0.003036499,-0.0028848052,-0.0028166175,-0.003062129,-0.0037626326,-0.0031615496,-0.0030231178,-0.0033230782,-0.0031967163,-0.003007412,-0.0029872656,-0.003263414,-0.0035224557,-0.0032382607,-0.0032462776,-0.0048974752,-0.0045622587,-0.0043110847,-0.0041933656,-0.004721105,-0.0053907633,-0.004526943,-0.0045001507
2210.5,-0.0011398792,-0.0011281967,-0.0010569692,-0.0010213852,-0.0011681914,-0.0014985502,-0.0012359917,-0.0010890663,-0.0016276836,-0.0016032457,-0.0015826225,-0.0014668107,-0.0015637279,-0.0022569299,-0.0016598403,-0.0015698969,-0.0022369623,-0.0021436214,-0.0020676255,-0.0019923449,-0.0022120476,-0.0026219785,-0.0022378564,-0.0022372901,-0.00314641,-0.0030251741,-0.0028778315,-0.0028108358,-0.0030584335,-0.0037749708,-0.0031569004,-0.0030168593,-0.003313899,-0.003186345,-0.0029952526,-0.0029790998,-0.0032580495,-0.003519863,-0.0032362044,-0.0032562613,-0.0048834085,-0.0045489073,-0.0042967796,-0.0041790605,-0.0047183633,-0.005398512,-0.004512131,-0.0044945776
2211.5,-0.0011364222,-0.0011256933,-0.0010579824,-0.0010165572,-0.0011627674,-0.0015066862,-0.0012331903,-0.0010837615,-0.0016241074,-0.0015983582,-0.0015807152,-0.0014626384,-0.0015548468,-0.0022799075,-0.0016623139,-0.0015712082,-0.002230525,-0.0021373034,-0.0020581484,-0.0019856095,-0.0022069812,-0.0026221573,-0.0022283494,-0.0022309422,-0.0031374693,-0.0030158758,-0.0028665066,-0.0028030872,-0.0030522943,-0.0037932992,-0.0031503737,-0.0030021071,-0.0033038855,-0.0031772852,-0.002985835,-0.0029697418,-0.0032460093,-0.0035250783,-0.003232479,-0.003250897,-0.004868746,-0.004535675,-0.004284203,-0.0041635633,-0.004712105,-0.005412489,-0.0044983923,-0.0044772625
2212.5,-0.0011316538,-0.0011225939,-0.0010555983,-0.0010083318,-0.0011625886,-0.001506567,-0.0012331605,-0.0010853708,-0.0016174316,-0.0015925169,-0.0015767217,-0.0014588237,-0.0015519857,-0.002293229,-0.0016649067,-0.0015684068,-0.0022226572,-0.0021318197,-0.002052784,-0.001976788,-0.0022041202,-0.002616465,-0.0022227168,-0.0022241175,-0.0031279325,-0.0030082464,-0.0028591156,-0.0027943254,-0.0030488968,-0.0038045347,-0.003143251,-0.002997905,-0.0032941103,-0.003168106,-0.0029788017,-0.002960384,-0.0032394528,-0.0035241842,-0.0032281578,-0.0032443404,-0.0048542023,-0.0045210123,-0.004274547,-0.0041474104,-0.0047038794,-0.005422801,-0.004490733,-0.0044666827
2213.5,-0.0011296272,-0.0011178255,-0.0010555983,-0.0010027289,-0.0011608601,-0.0015125871,-0.0012359321,-0.0010786951,-0.0016127825,-0.0015870333,-0.0015749335,-0.0014547706,-0.0015528798,-0.0023088157,-0.001663655,-0.0015591085,-0.0022183657,-0.0021266937,-0.002050817,-0.0019695759,-0.0022005439,-0.0026145577,-0.0022159517,-0.00222072,-0.0031203032,-0.002998829,-0.0028520226,-0.002785921,-0.0030441284,-0.003815025,-0.0031363964,-0.0029915571,-0.0032866,-0.003157854,-0.002972126,-0.0029480457,-0.0032356381,-0.0035268366,-0.003222078,-0.0032383502,-0.004841566,-0.0045080185,-0.0042663813,-0.004130721,-0.004695773,-0.0054388344,-0.004480034,-0.004461795
2214.5,-0.0011264086,-0.0011119843,-0.0010569096,-0.0010018349,-0.0011587739,-0.0015159845,-0.0012356937,-0.001072526,-0.0016078949,-0.0015803576,-0.0015739202,-0.0014463663,-0.001547873,-0.0023270547,-0.0016573668,-0.0015563667,-0.0022130013,-0.0021203756,-0.002047658,-0.0019628406,-0.0021930933,-0.002614081,-0.0022045374,-0.0022203922,-0.0031114817,-0.0029873848,-0.0028471947,-0.0027757287,-0.00303334,-0.0038294792,-0.0031227767,-0.0029857159,-0.0032781363,-0.0031460524,-0.0029677749,-0.0029357076,-0.003228426,-0.0035317242,-0.0032103956,-0.003236413,-0.00482893,-0.0044919252,-0.004260063,-0.004109621,-0.004689753,-0.0054495633,-0.0044631064,-0.0044564903
2215.5,-0.0011245012,-0.0011079311,-0.0010564923,-0.0009995103,-0.0011612177,-0.001514256,-0.0012305975,-0.0010556579,-0.0016034842,-0.0015748739,-0.0015711188,-0.0014424324,-0.0015451908,-0.0023429394,-0.0016517937,-0.0015466809,-0.0022078753,-0.0021140575,-0.0020458102,-0.0019572377,-0.0021912456,-0.0026142,-0.0021972954,-0.0022183955,-0.0031046867,-0.0029758215,-0.0028423667,-0.002763927,-0.0030300021,-0.0038392246,-0.0031110346,-0.002972722,-0.00327003,-0.0031374693,-0.0029637814,-0.0029206872,-0.0032235384,-0.0035341084,-0.0031979084,-0.0032218099,-0.004815817,-0.0044778585,-0.0042533875,-0.0040934086,-0.004687488,-0.0054603815,-0.0044472516,-0.0044374764
2216.5,-0.0011217594,-0.001103282,-0.0010609627,-0.0010035038,-0.0011612177,-0.0015169084,-0.0012312531,-0.0010456145,-0.0015985966,-0.0015699863,-0.0015742183,-0.0014405847,-0.001542151,-0.002361685,-0.0016489625,-0.0015395582,-0.0022025108,-0.0021078587,-0.0020455122,-0.0019550323,-0.0021839738,-0.0026210546,-0.0021953583,-0.0022205114,-0.0030961037,-0.0029648542,-0.0028425455,-0.0027583241,-0.003024459,-0.0038521588,-0.003105849,-0.0029628575,-0.0032615662,-0.003127098,-0.002963841,-0.002910614,-0.0032146573,-0.0035387874,-0.0031897128,-0.003213495,-0.004803419,-0.004463792,-0.004253626,-0.004077375,-0.0046840906,-0.0054723322,-0.004437268,-0.004419267
2217.5,-0.00111866,-0.0011003017,-0.0010663271,-0.0010051131,-0.0011617541,-0.0015164614,-0.0012354553,-0.0010493994,-0.0015940666,-0.001565218,-0.0015763044,-0.0014361143,-0.0015396476,-0.0023750365,-0.0016493499,-0.0015389621,-0.0021971464,-0.0021016598,-0.0020449162,-0.0019516349,-0.002180159,-0.0026234388,-0.0021941066,-0.0022151172,-0.0030878782,-0.0029566288,-0.0028457046,-0.0027483702,-0.0030184388,-0.0038654208,-0.0031018257,-0.0029499829,-0.0032541752,-0.0031182766,-0.0029674172,-0.0028977394,-0.0032055974,-0.003537953,-0.0031833053,-0.0032071173,-0.004790902,-0.004448414,-0.004250288,-0.004059255,-0.0046788454,-0.005476713,-0.0044303834,-0.004408151
2218.5,-0.0011148453,-0.0010977983,-0.0010715127,-0.0010066032,-0.0011619925,-0.0015162528,-0.0012333691,-0.0010580122,-0.0015884638,-0.0015611649,-0.0015791059,-0.0014328957,-0.0015377998,-0.002385348,-0.0016472936,-0.0015435815,-0.0021903515,-0.0020970106,-0.002044022,-0.001949966,-0.002176106,-0.0026227832,-0.0021896064,-0.0022203624,-0.00307858,-0.0029494762,-0.0028488636,-0.0027396083,-0.0030146837,-0.003873527,-0.003097415,-0.002952963,-0.0032442808,-0.0031119585,-0.0029702187,-0.0028858185,-0.0032020211,-0.0035389662,-0.0031775236,-0.0032078922,-0.00477767,-0.0044357777,-0.0042512417,-0.004047096,-0.0046709776,-0.0054862797,-0.0044225454,-0.0044053495
2219.5,-0.0011126995,-0.0010943413,-0.0010729432,-0.0010052323,-0.0011669993,-0.0015178323,-0.0012282431,-0.0010563135,-0.001585722,-0.0015566349,-0.001573205,-0.0014291406,-0.0015443563,-0.0024014413,-0.0016412437,-0.0015417337,-0.002186656,-0.0020917654,-0.002036035,-0.0019389391,-0.0021793842,-0.0026256442,-0.0021804273,-0.0022260249,-0.0030719042,-0.002942562,-0.002845943,-0.002730608,-0.0030189157,-0.0038866997,-0.0030871928,-0.0029523075,-0.0032367706,-0.003102541,-0.002967,-0.0028720498,-0.0032081008,-0.0035446584,-0.00317204,-0.0032082796,-0.004766345,-0.0044242144,-0.0042454004,-0.0040344,-0.004668176,-0.0054968297,-0.0044136345,-0.0043922067
2220.5,-0.0011097193,-0.0010908842,-0.0010694861,-0.0010024905,-0.001169622,-0.0015206039,-0.0012233853,-0.0010450482,-0.0015821457,-0.0015503168,-0.0015653968,-0.0014176965,-0.0015482903,-0.0024119318,-0.0016361475,-0.0015431046,-0.0021814108,-0.002085805,-0.0020261407,-0.0019276142,-0.0021782517,-0.0026299953,-0.0021749139,-0.002226919,-0.003063202,-0.002932787,-0.0028380752,-0.002717495,-0.0030143857,-0.0038979053,-0.003074944,-0.0029503107,-0.0032286644,-0.003091693,-0.0029583573,-0.0028609633,-0.0032054186,-0.0035493076,-0.003165394,-0.0032059252,-0.004755974,-0.0044111013,-0.004229665,-0.0040219426,-0.0046670437,-0.005507976,-0.0044023395,-0.0043804944
2221.5,-0.001106143,-0.0010848045,-0.0010666251,-0.0010026693,-0.0011703372,-0.0015281439,-0.0012218654,-0.0010446906,-0.0015771389,-0.00154531,-0.0015617013,-0.0014129281,-0.0015446544,-0.002419889,-0.0016289651,-0.0015435219,-0.0021755695,-0.0020804405,-0.002022922,-0.0019203424,-0.0021780133,-0.0026327968,-0.0021703243,-0.0022283196,-0.0030542612,-0.002921939,-0.0028333068,-0.0027119517,-0.0030079484,-0.0039045513,-0.0030671656,-0.0029537082,-0.0032207966,-0.0030819178,-0.0029525757,-0.0028563142,-0.003199041,-0.0035521686,-0.003162831,-0.0032050908,-0.004744768,-0.004398346,-0.0042202473,-0.004013419,-0.004656911,-0.005511999,-0.0043878257,-0.004375994
2222.5,-0.0011037588,-0.0010784864,-0.0010596514,-0.0010000467,-0.0011729002,-0.0015321672,-0.0012199581,-0.0010407865,-0.0015723705,-0.0015386343,-0.0015563965,-0.0014096498,-0.001540482,-0.0024290383,-0.0016306937,-0.0015389621,-0.0021703243,-0.0020728111,-0.002019167,-0.0019150376,-0.002179265,-0.0026335418,-0.0021692514,-0.0022277236,-0.0030465126,-0.0029102564,-0.002821684,-0.0027031302,-0.0030055642,-0.0039106905,-0.0030647218,-0.0029551387,-0.0032129288,-0.0030710697,-0.0029447079,-0.002851069,-0.003196001,-0.0035574138,-0.0031696856,-0.0032054186,-0.0047324896,-0.004383564,-0.004204333,-0.0039996505,-0.0046536922,-0.005518049,-0.0043783486,-0.0043780208
2223.5,-0.0011014938,-0.0010761023,-0.0010499954,-0.0009996295,-0.0011751056,-0.0015351772,-0.0012193322,-0.0010311007,-0.0015690327,-0.0015339851,-0.0015502572,-0.0014039874,-0.0015432835,-0.0024445653,-0.0016356409,-0.001535356,-0.0021648407,-0.0020674467,-0.00201118,-0.0019114614,-0.0021836758,-0.0026350021,-0.0021695793,-0.0022155643,-0.0030405521,-0.0029008389,-0.0028117895,-0.0026946068,-0.0030058622,-0.0039173067,-0.0030642748,-0.0029457211,-0.0032060146,-0.0030623674,-0.0029329658,-0.0028426647,-0.0031962395,-0.0035620332,-0.0031728148,-0.00319767,-0.0047222376,-0.0043706894,-0.0041850805,-0.003986001,-0.0046529174,-0.0055200756,-0.00437209,-0.0043731034
2224.5,-0.0010988712,-0.0010739565,-0.0010498166,-0.0009951591,-0.0011724234,-0.0015408993,-0.001215905,-0.0010273457,-0.001565814,-0.0015300512,-0.0015509129,-0.0014002919,-0.0015404224,-0.0024618506,-0.0016378164,-0.0015428066,-0.0021615028,-0.002061367,-0.0020099878,-0.0019088387,-0.00218153,-0.0026328266,-0.0021682978,-0.0022149086,-0.0030335188,-0.0028924942,-0.0028080344,-0.002689004,-0.0030008554,-0.0039274096,-0.0030617118,-0.0029415786,-0.003198862,-0.0030543804,-0.0029260516,-0.0028348565,-0.0031947494,-0.003563702,-0.003174007,-0.0031982064,-0.0047129393,-0.0043566227,-0.004173875,-0.0039740205,-0.0046427846,-0.0055167675,-0.004359752,-0.004373193
2225.5,-0.0010955334,-0.0010726452,-0.001052916,-0.0009940267,-0.0011690855,-0.0015385747,-0.0012138188,-0.0010220706,-0.0015616417,-0.0015274286,-0.001552403,-0.0013943315,-0.0015402436,-0.0024673343,-0.0016346574,-0.001542449,-0.0021562576,-0.002056241,-0.0020099282,-0.001901567,-0.0021834373,-0.0026241243,-0.0021611452,-0.002219677,-0.0030267239,-0.002886653,-0.0028019547,-0.0026838183,-0.0029992461,-0.00392887,-0.0030553043,-0.0029310286,-0.0031923056,-0.0030466318,-0.0029227734,-0.0028255582,-0.0031931996,-0.0035617352,-0.0031730235,-0.0031921566,-0.0047023296,-0.0043451786,-0.0041659474,-0.0039591193,-0.0046370625,-0.005510509,-0.004341662,-0.0043640137
2226.5,-0.0010917187,-0.0010687113,-0.0010534525,-0.0009930134,-0.001164496,-0.0015387833,-0.0012129843,-0.0010247529,-0.0015573502,-0.001521945,-0.0015542507,-0.0013877153,-0.0015367866,-0.0024755895,-0.0016298294,-0.0015466511,-0.0021511316,-0.0020509958,-0.0020050406,-0.0018932819,-0.0021811128,-0.002621889,-0.0021516085,-0.0022254586,-0.0030187368,-0.002878666,-0.0027938485,-0.0026764274,-0.002998054,-0.003935814,-0.0030462444,-0.0029351115,-0.0031843185,-0.0030379295,-0.0029184818,-0.0028139353,-0.0031847954,-0.0035665631,-0.0031694174,-0.0031931698,-0.004691839,-0.0043325424,-0.0041606426,-0.0039455295,-0.004636407,-0.005510658,-0.004321277,-0.0043594837
2227.5,-0.0010890961,-0.0010653734,-0.001046896,-0.000988841,-0.0011595488,-0.0015421212,-0.0012079775,-0.001016885,-0.0015546083,-0.0015163422,-0.0015457273,-0.0013859868,-0.0015336275,-0.0024903417,-0.0016221404,-0.0015376508,-0.0021458864,-0.0020457506,-0.001994729,-0.0018852353,-0.0021800399,-0.0026249886,-0.0021392405,-0.0022212267,-0.0030122995,-0.0028687716,-0.0027819872,-0.0026652217,-0.002992928,-0.00394848,-0.0030339658,-0.0029289722,-0.0031766891,-0.0030277967,-0.0029088259,-0.0028005242,-0.0031744838,-0.003571421,-0.0031694472,-0.003186196,-0.0046824217,-0.0043200254,-0.004146397,-0.00393337,-0.00463289,-0.0055198073,-0.0043023825,-0.0043515265
2228.5,-0.0010858774,-0.0010615587,-0.001036346,-0.0009849668,-0.0011581182,-0.0015476346,-0.0012049377,-0.0010154545,-0.0015506744,-0.0015112162,-0.0015401244,-0.0013827085,-0.0015259385,-0.0025086105,-0.001621455,-0.0015227199,-0.0021406412,-0.002039075,-0.0019868016,-0.0018760562,-0.0021757483,-0.002633065,-0.0021296144,-0.00222373,-0.0030058622,-0.0028588772,-0.0027680397,-0.0026569366,-0.0029848218,-0.003957212,-0.003022939,-0.0029258728,-0.0031688213,-0.0030180216,-0.0028973818,-0.0027908087,-0.0031612515,-0.003576994,-0.003171116,-0.0031859577,-0.0046719313,-0.004308462,-0.004130602,-0.0039203763,-0.0046286583,-0.0055353045,-0.004291296,-0.0043407083
2229.5,-0.0010821819,-0.0010565519,-0.0010275245,-0.000982523,-0.0011566281,-0.0015577972,-0.0012028217,-0.0010223985,-0.001546979,-0.0015047789,-0.0015342832,-0.0013823509,-0.001526773,-0.0025241673,-0.0016157627,-0.0015122592,-0.0021358728,-0.0020321608,-0.001980126,-0.0018724799,-0.0021719933,-0.002645731,-0.0021217465,-0.002224028,-0.0029982328,-0.002848506,-0.002756238,-0.002650082,-0.0029720068,-0.003973156,-0.0030094087,-0.0029221475,-0.0031610727,-0.0030084848,-0.0028914213,-0.0027836561,-0.0031499863,-0.0035829544,-0.0031716526,-0.0031903982,-0.0046612024,-0.0042955875,-0.00411129,-0.0039084554,-0.0046230555,-0.005546212,-0.00428012,-0.0043364465
2230.5,-0.0010788441,-0.0010547638,-0.001021266,-0.0009807944,-0.0011560917,-0.0015636384,-0.0012000799,-0.0010305941,-0.0015442371,-0.0015023947,-0.001526773,-0.0013798475,-0.0015228391,-0.0025298595,-0.001612395,-0.0015080273,-0.0021305084,-0.0020266771,-0.001967132,-0.0018666387,-0.0021665692,-0.002649933,-0.002115637,-0.0022245646,-0.0029921532,-0.002840042,-0.002744913,-0.0026435256,-0.0029601455,-0.003981173,-0.0029977262,-0.0029215515,-0.0031539202,-0.0030001402,-0.0028853416,-0.0027759671,-0.0031405687,-0.0035779774,-0.0031755269,-0.0031895041,-0.004651189,-0.0042848587,-0.0040916204,-0.0038987398,-0.0046135783,-0.0055466294,-0.0042695105,-0.004327804
2231.5,-0.001077652,-0.0010533333,-0.001014471,-0.0009800792,-0.0011608601,-0.0015673041,-0.0011922121,-0.0010276437,-0.0015412569,-0.0014972687,-0.0015233159,-0.0013753772,-0.0015277267,-0.0025336742,-0.0016083717,-0.0015124381,-0.002126217,-0.0020192862,-0.0019580722,-0.0018582344,-0.002167225,-0.0026444495,-0.0021119416,-0.002227664,-0.0029867887,-0.0028316975,-0.002734065,-0.0026373267,-0.0029575229,-0.0039849877,-0.0029880106,-0.0029180646,-0.0031479597,-0.0029900074,-0.002876103,-0.0027709603,-0.0031346679,-0.0035729408,-0.00317958,-0.0031910837,-0.0046424866,-0.00427258,-0.0040738583,-0.0038882494,-0.0046039224,-0.0055477023,-0.004253894,-0.0043111444
2232.5,-0.0010735989,-0.0010513067,-0.0010004044,-0.0009766817,-0.0011598468,-0.0015671253,-0.0011939406,-0.0010058582,-0.0015380383,-0.0014915466,-0.0015152693,-0.001371026,-0.0015253425,-0.002534926,-0.0016017258,-0.0014975667,-0.002120614,-0.002012968,-0.0019490719,-0.0018497705,-0.0021604896,-0.002645135,-0.002107054,-0.0022126138,-0.0029797554,-0.0028238297,-0.0027157664,-0.0026319027,-0.0029542446,-0.0039910674,-0.0029839575,-0.002901256,-0.003140092,-0.0029803514,-0.002860546,-0.002763331,-0.0031268597,-0.0035685003,-0.0031821728,-0.0031818151,-0.0046327114,-0.0042598248,-0.0040485263,-0.0038769245,-0.004595816,-0.0055474937,-0.004237443,-0.0042980015
2233.5,-0.0010710955,-0.0010501146,-0.0009869337,-0.00097441673,-0.0011540055,-0.0015585124,-0.0011995733,-0.0009987056,-0.0015347004,-0.0014882088,-0.0015093684,-0.0013649464,-0.0015251637,-0.0025300384,-0.0016025007,-0.0014882684,-0.002116084,-0.0020090342,-0.0019415021,-0.0018422604,-0.0021600127,-0.0026410222,-0.0021021068,-0.002200514,-0.0029739141,-0.0028169155,-0.0026993752,-0.0026257634,-0.0029509664,-0.003988892,-0.0029813051,-0.0029005408,-0.0031346083,-0.0029718876,-0.0028432012,-0.0027573109,-0.0031242967,-0.0035612881,-0.0031909347,-0.003183782,-0.004624009,-0.0042487383,-0.004025221,-0.00386101,-0.0045865774,-0.005542159,-0.004227668,-0.004294634
2234.5,-0.0010682344,-0.0010470152,-0.0009726286,-0.0009702444,-0.0011489987,-0.0015500188,-0.0012126267,-0.0009955764,-0.001532197,-0.001483202,-0.0015029311,-0.0013597012,-0.0015194416,-0.0025180876,-0.0016046762,-0.0014843345,-0.0021121502,-0.0020034313,-0.001932025,-0.0018426776,-0.002151966,-0.0026381016,-0.0021018982,-0.0021961331,-0.002967596,-0.0028083324,-0.0026829839,-0.0026208162,-0.0029449463,-0.003980309,-0.0029812157,-0.002899915,-0.0031272173,-0.0029609203,-0.0028257966,-0.0027541518,-0.003119588,-0.003548652,-0.003209114,-0.0031820536,-0.0046150684,-0.004237771,-0.004003644,-0.0038524866,-0.0045775175,-0.005529642,-0.0042243004,-0.0042880177
2235.5,-0.0010668039,-0.0010436773,-0.00095641613,-0.0009785295,-0.0011410713,-0.0015462339,-0.0012233257,-0.0009862483,-0.0015290976,-0.0014779568,-0.0014929175,-0.0013616681,-0.0015169382,-0.002508849,-0.0016063452,-0.0014692247,-0.0021082163,-0.0019972324,-0.0019232631,-0.0018485188,-0.0021485686,-0.0026349723,-0.0021003485,-0.0021885037,-0.0029603243,-0.0027985573,-0.0026636124,-0.0026212335,-0.0029414296,-0.0039682686,-0.002983749,-0.002889216,-0.0031211376,-0.0029509068,-0.0028042793,-0.0027585626,-0.0031125546,-0.0035354495,-0.0032297075,-0.0031737387,-0.0046058893,-0.0042266846,-0.0039821863,-0.0038539767,-0.0045752525,-0.0055134296,-0.0042239428,-0.0042757094
2236.5,-0.0010648966,-0.0010381937,-0.0009448528,-0.0009796023,-0.0011357069,-0.0015475154,-0.0012218058,-0.0009781122,-0.0015269518,-0.0014740229,-0.0014823675,-0.001362145,-0.0015052557,-0.0024996102,-0.0015986562,-0.0014521182,-0.0021051168,-0.0019919872,-0.0019174218,-0.0018479824,-0.0021417737,-0.0026400387,-0.002093047,-0.0021781027,-0.002953887,-0.002788186,-0.0026453137,-0.0026131272,-0.002933979,-0.00396508,-0.0029728413,-0.0028754175,-0.003114581,-0.0029429197,-0.002784729,-0.0027552843,-0.0031053424,-0.0035295784,-0.0032447577,-0.0031622946,-0.004597068,-0.0042141676,-0.003960252,-0.003848672,-0.004575491,-0.0055009127,-0.004217714,-0.004264444
2237.5,-0.0010615587,-0.0010335445,-0.00093251467,-0.0009789467,-0.0011386275,-0.0015432239,-0.0012206137,-0.00097352266,-0.0015234947,-0.0014698505,-0.001470387,-0.001359582,-0.001502037,-0.0024843216,-0.0015939772,-0.0014362931,-0.0020992756,-0.0019854307,-0.001907289,-0.0018478036,-0.002137661,-0.0026403666,-0.0020899475,-0.0021594763,-0.0029472113,-0.0027785301,-0.002629578,-0.0026043653,-0.0029264092,-0.0039570034,-0.0029695332,-0.0028697848,-0.003107071,-0.0029343367,-0.0027653575,-0.0027498603,-0.003097117,-0.0035196245,-0.0032591224,-0.0031455755,-0.004585743,-0.004202366,-0.0039337277,-0.0038437247,-0.0045811534,-0.0054841936,-0.004215777,-0.0042559505
2238.5,-0.001059413,-0.0010306835,-0.0009152889,-0.0009818673,-0.0011408925,-0.0015370846,-0.0012185872,-0.00097450614,-0.0015202761,-0.0014654398,-0.0014538169,-0.0013610125,-0.0015035868,-0.0024742782,-0.0015824735,-0.0014285147,-0.0020947456,-0.0019786358,-0.0018939376,-0.0018454194,-0.0021357536,-0.0026334226,-0.0020791888,-0.002149105,-0.0029405355,-0.0027679205,-0.002610147,-0.002592802,-0.0029197931,-0.003947437,-0.0029638112,-0.0028714836,-0.0031015873,-0.0029256344,-0.0027439594,-0.002739787,-0.0030915737,-0.0035103858,-0.003266126,-0.0031321347,-0.0045776367,-0.0041908026,-0.003900826,-0.003833115,-0.0045841336,-0.005466163,-0.0042098165,-0.0042582154
2239.5,-0.0010565519,-0.0010291338,-0.00089913607,-0.0009796619,-0.001142621,-0.0015339553,-0.0012114346,-0.0009770691,-0.0015164614,-0.0014617443,-0.0014393926,-0.0013598204,-0.0015069842,-0.0024664402,-0.0015652478,-0.0014208555,-0.0020896196,-0.0019729137,-0.0018824935,-0.0018388629,-0.002134204,-0.002626568,-0.0020583868,-0.0021480322,-0.0029325485,-0.0027592182,-0.0025889277,-0.0025798082,-0.0029113293,-0.003937453,-0.0029548407,-0.002871573,-0.003093958,-0.002916932,-0.0027219057,-0.002728045,-0.0030850172,-0.0035030246,-0.0032663345,-0.003120035,-0.0045671463,-0.004178405,-0.0038700104,-0.0038188696,-0.0045847893,-0.005443454,-0.0041985214,-0.0042571425
2240.5,-0.0010546446,-0.0010259151,-0.0008839965,-0.000980258,-0.0011423826,-0.0015324652,-0.0012057722,-0.000988692,-0.0015134811,-0.0014563799,-0.0014255643,-0.0013559461,-0.0015114546,-0.0024609268,-0.0015557408,-0.001423806,-0.002085805,-0.0019665956,-0.0018727779,-0.0018360019,-0.0021392107,-0.0026226044,-0.002042681,-0.0021500587,-0.0029269457,-0.002751708,-0.0025667548,-0.0025729537,-0.002908349,-0.003923893,-0.0029501915,-0.0028787255,-0.003087759,-0.0029075146,-0.002698958,-0.002719462,-0.003077805,-0.0034929514,-0.0032683015,-0.0031247735,-0.004558563,-0.004165888,-0.0038403869,-0.0038064718,-0.004583895,-0.005425483,-0.0041873157,-0.004270345
2241.5,-0.0010519028,-0.0010223389,-0.00086551905,-0.0009788275,-0.0011411905,-0.0015321076,-0.001206845,-0.0009878278,-0.0015090704,-0.0014523268,-0.0014126897,-0.0013510585,-0.0015112162,-0.0024580061,-0.0015500784,-0.0014223754,-0.0020809174,-0.0019614697,-0.001860857,-0.0018324256,-0.0021364093,-0.002626121,-0.0020335019,-0.002146691,-0.0029193163,-0.0027427673,-0.0025414228,-0.0025658607,-0.0028979778,-0.003911644,-0.0029430687,-0.002877742,-0.0030813217,-0.0028977394,-0.002672255,-0.002708912,-0.003072977,-0.0034855306,-0.003272593,-0.0031308532,-0.0045484304,-0.0041537285,-0.0038080812,-0.0037938356,-0.0045769215,-0.0054107904,-0.0041764975,-0.004270375
2242.5,-0.001049757,-0.0010182858,-0.00084728,-0.0009738207,-0.0011413693,-0.0015314817,-0.0012099147,-0.0009878278,-0.0015054941,-0.001447916,-0.001398325,-0.001339376,-0.001512289,-0.0024511814,-0.0015425682,-0.0014197528,-0.0020754337,-0.0019561052,-0.0018517375,-0.00182271,-0.0021333098,-0.0026242733,-0.0020275116,-0.0021502972,-0.0029139519,-0.0027354956,-0.0025153756,-0.0025578141,-0.0028967857,-0.0038940609,-0.0029391646,-0.0028763711,-0.0030745268,-0.0028877258,-0.002649188,-0.0026931167,-0.003071487,-0.0034753978,-0.0032833219,-0.003136605,-0.004538536,-0.0041424036,-0.0037745833,-0.003782928,-0.0045703053,-0.005396098,-0.0041684806,-0.0042757094
2243.5,-0.0010460615,-0.0010120869,-0.0008299351,-0.0009726286,-0.0011455417,-0.0015330315,-0.0012168586,-0.0009821355,-0.0015009642,-0.0014426708,-0.0013874173,-0.0013317466,-0.0015089512,-0.0024484396,-0.0015355647,-0.0014106333,-0.0020694733,-0.0019483566,-0.00184232,-0.0018160343,-0.0021348,-0.0026204586,-0.0020277798,-0.0021452606,-0.0029056072,-0.0027276278,-0.0024923086,-0.0025510788,-0.002900958,-0.0038861036,-0.0029316545,-0.0028605163,-0.0030667782,-0.0028773546,-0.002627015,-0.0026840568,-0.0030805469,-0.0034606159,-0.003296584,-0.0031296313,-0.0045297146,-0.004130602,-0.0037429929,-0.0037724972,-0.004569769,-0.005382836,-0.0041618347,-0.0042763352
2244.5,-0.0010439157,-0.0010071993,-0.0008097291,-0.0009742379,-0.0011442304,-0.0015416741,-0.0012168586,-0.0009841919,-0.0014965534,-0.0014379025,-0.0013779402,-0.0013286471,-0.0015050173,-0.0024522543,-0.0015237927,-0.0014073849,-0.0020645857,-0.0019412041,-0.0018299222,-0.0018079877,-0.0021306872,-0.0026330054,-0.0020279884,-0.0021506548,-0.0028972626,-0.002717495,-0.0024655461,-0.0025451183,-0.0028984547,-0.0038872063,-0.0029257834,-0.0028596818,-0.0030593872,-0.0028682947,-0.0026040673,-0.0026741028,-0.00307858,-0.003455758,-0.0033107102,-0.0031413138,-0.004520178,-0.0041183233,-0.00371027,-0.0037694573,-0.0045663714,-0.0053814054,-0.0041531324,-0.004285127
2245.5,-0.0010393858,-0.001004219,-0.0007901192,-0.0009740591,-0.0011445284,-0.0015452504,-0.0012114942,-0.0009806454,-0.0014907122,-0.0014367104,-0.001368165,-0.001324594,-0.0015046,-0.0024471283,-0.0015084147,-0.0013978481,-0.0020587444,-0.0019384623,-0.0018165112,-0.0017972589,-0.0021274686,-0.0026490688,-0.0020210147,-0.0021410882,-0.0028893948,-0.0027093887,-0.0024369955,-0.0025387406,-0.0028913617,-0.0038903058,-0.0029097497,-0.0028494596,-0.0030515194,-0.002861619,-0.0025792122,-0.0026640296,-0.0030779839,-0.0034437776,-0.003317982,-0.0031385422,-0.0045092106,-0.004107952,-0.0036741495,-0.0037580132,-0.0045660734,-0.0053787827,-0.0041413605,-0.0042770505
2246.5,-0.0010370016,-0.0010023117,-0.0007709861,-0.0009769201,-0.0011491776,-0.0015361309,-0.0012100935,-0.0009811223,-0.001486659,-0.0014327765,-0.001357913,-0.0013203025,-0.0015094876,-0.002419591,-0.0014972389,-0.0014002323,-0.0020540953,-0.001933217,-0.0018042922,-0.0017924309,-0.0021272898,-0.0026484728,-0.0020113587,-0.0021386147,-0.0028829575,-0.0027016401,-0.0024069548,-0.002534926,-0.002890408,-0.0038735569,-0.0028968453,-0.0028463304,-0.0030448437,-0.0028545856,-0.0025526881,-0.0026575923,-0.0030781627,-0.0034121275,-0.0033210516,-0.003142655,-0.0045000315,-0.0040985346,-0.003639698,-0.0037507415,-0.0045704246,-0.005352348,-0.004127443,-0.0042729974
2247.5,-0.0010341406,-0.0009987354,-0.00074744225,-0.0009788871,-0.0011481643,-0.0015177131,-0.0012094975,-0.0009768009,-0.0014830828,-0.0014264584,-0.001347959,-0.0013189316,-0.0015105009,-0.0023875833,-0.0014831424,-0.001395762,-0.0020496845,-0.001927495,-0.0017896295,-0.0017944574,-0.0021228194,-0.0026415586,-0.001998186,-0.0021332502,-0.0028762817,-0.0026915073,-0.0023803115,-0.002530992,-0.0028820634,-0.0038440228,-0.0028816462,-0.002839446,-0.003038168,-0.0028446913,-0.0025274158,-0.0026530027,-0.0030679703,-0.0033778548,-0.003319651,-0.0031410754,-0.00449121,-0.004087448,-0.0036091805,-0.003747046,-0.0045651793,-0.005321175,-0.004103273,-0.0042638183
2248.5,-0.0010317564,-0.0009952784,-0.00072830915,-0.0009814501,-0.0011473894,-0.0015133619,-0.0012135506,-0.000977546,-0.0014793873,-0.0014199018,-0.0013378263,-0.0013230443,-0.0015087128,-0.0023649335,-0.0014742613,-0.0013860464,-0.0020455122,-0.0019233227,-0.0017763972,-0.0017963648,-0.0021169186,-0.0026394725,-0.0019834042,-0.0021302998,-0.00286901,-0.0026835203,-0.0023552775,-0.0025280714,-0.0028710961,-0.0038187504,-0.002871275,-0.002839595,-0.003031969,-0.0028352737,-0.0025058985,-0.002651751,-0.003062129,-0.0033527613,-0.0033227801,-0.0031324327,-0.004480958,-0.0040763617,-0.0035829544,-0.0037407875,-0.0045648813,-0.0052987337,-0.004088491,-0.004258305
2249.5,-0.0010281801,-0.0009930134,-0.00071269274,-0.0009821653,-0.0011455417,-0.0015126467,-0.001218617,-0.00097063184,-0.0014747381,-0.0014157295,-0.0013253689,-0.0013229251,-0.0015068054,-0.0023359656,-0.0014657974,-0.0013732016,-0.0020409822,-0.0019209385,-0.0017688274,-0.001798749,-0.002112031,-0.0026316047,-0.001975298,-0.0021230876,-0.002861619,-0.002677083,-0.002333343,-0.002522707,-0.002857864,-0.003786087,-0.0028737783,-0.002832532,-0.0030238628,-0.0028265715,-0.002484262,-0.0026487708,-0.003056705,-0.003327787,-0.0033295155,-0.003124863,-0.0044721365,-0.00406909,-0.003558457,-0.0037358403,-0.004554808,-0.0052818656,-0.004083574,-0.0042487085
2250.5,-0.001026988,-0.000988841,-0.00069755316,-0.0009773374,-0.0011385679,-0.0015044212,-0.0012204647,-0.0009751022,-0.0014724731,-0.0014107227,-0.0013133287,-0.0013204217,-0.0015041828,-0.0023049116,-0.0014526248,-0.0013768375,-0.0020378828,-0.0019180775,-0.0017620325,-0.0017989278,-0.00210315,-0.0026305914,-0.0019686222,-0.0021231174,-0.0028573275,-0.0026683807,-0.002313435,-0.0025131106,-0.00284487,-0.0037600398,-0.0028682947,-0.0028385818,-0.0030187368,-0.0028185844,-0.0024588704,-0.00264436,-0.0030463338,-0.003310442,-0.0033391714,-0.0031237304,-0.0044647455,-0.0040637255,-0.0035325885,-0.003726244,-0.0045479536,-0.005270362,-0.0040823817,-0.0042544305
2251.5,-0.0010243654,-0.0009841919,-0.0006763935,-0.00096809864,-0.0011396408,-0.0014932752,-0.0012199283,-0.0009754002,-0.0014691353,-0.0014028549,-0.0012966394,-0.0013112426,-0.0015044808,-0.0022790432,-0.0014312267,-0.0013744235,-0.0020335913,-0.0019111633,-0.0017546415,-0.0017883182,-0.0021010041,-0.0026359558,-0.001964569,-0.0021205842,-0.0028508902,-0.0026592016,-0.0022892952,-0.0025011897,-0.0028392076,-0.0037391186,-0.002855897,-0.0028414726,-0.0030117035,-0.0028084517,-0.0024349093,-0.0026320815,-0.0030425787,-0.0032954812,-0.0033465028,-0.0031193197,-0.0044562817,-0.0040535927,-0.003499806,-0.0037125945,-0.0045453906,-0.005257845,-0.0040771365,-0.004249215
2252.5,-0.0010222197,-0.0009797812,-0.00065916777,-0.00096172094,-0.0011364222,-0.0014772415,-0.0012189746,-0.0009776354,-0.0014663935,-0.0013977289,-0.0012834668,-0.0013003945,-0.001505971,-0.0022524595,-0.0014122128,-0.0013662279,-0.0020287037,-0.001904726,-0.0017473698,-0.0017781854,-0.002098024,-0.0026351213,-0.0019580126,-0.0021121502,-0.0028446913,-0.0026519299,-0.0022670627,-0.0024895072,-0.0028345585,-0.003715992,-0.0028437376,-0.0028394163,-0.0030050278,-0.0027998686,-0.0024130344,-0.002622068,-0.003038168,-0.0032695532,-0.00334692,-0.0031058788,-0.0044469833,-0.00404346,-0.0034657717,-0.0036976337,-0.00454849,-0.005240619,-0.004069686,-0.004243821
2253.5,-0.0010198355,-0.0009790659,-0.0006432533,-0.0009586215,-0.0011348724,-0.0014516711,-0.0012124777,-0.000980258,-0.0014612675,-0.0013964176,-0.0012702346,-0.0012955666,-0.0015069842,-0.002227962,-0.0013914704,-0.0013508499,-0.0020244122,-0.001901269,-0.0017359257,-0.0017709136,-0.0021002293,-0.0026233196,-0.0019478798,-0.002110362,-0.002837181,-0.0026439428,-0.0022435784,-0.0024828315,-0.0028330088,-0.0036868453,-0.002824366,-0.0028308034,-0.0029982328,-0.002793789,-0.0023881793,-0.0026111007,-0.0030363798,-0.003229022,-0.0033351183,-0.0030969977,-0.0044380426,-0.0040353537,-0.0034321547,-0.0036832094,-0.0045517087,-0.005211413,-0.0040489435,-0.0042363703
2254.5,-0.0010179281,-0.0009807348,-0.0006263256,-0.0009548664,-0.0011256337,-0.0014273524,-0.0012085438,-0.0009897649,-0.0014590025,-0.0013934374,-0.0012610555,-0.0012909174,-0.0014984608,-0.0022073984,-0.0013737679,-0.0013492107,-0.0020211935,-0.0019005537,-0.0017300248,-0.0017617345,-0.0020908713,-0.002613902,-0.0019314289,-0.0021133125,-0.0028311014,-0.002637744,-0.00222373,-0.002476275,-0.0028250813,-0.0036534667,-0.0028076172,-0.0028337836,-0.00299263,-0.0027874708,-0.0023664832,-0.0025977492,-0.0030264258,-0.0031846166,-0.003327012,-0.003100127,-0.0044304132,-0.004027009,-0.003401935,-0.0036725998,-0.0045459867,-0.0051870346,-0.0040255785,-0.0042415857
2255.5,-0.001016736,-0.0009829998,-0.00061035156,-0.0009545684,-0.0011296868,-0.0014049411,-0.0012078285,-0.000991255,-0.001455903,-0.001390338,-0.0012523532,-0.0012919307,-0.0015015602,-0.0021882653,-0.0013584495,-0.0013411641,-0.0020177364,-0.0018997192,-0.0017251968,-0.0017604232,-0.0020865798,-0.0026082397,-0.0019144416,-0.002107948,-0.0028256178,-0.0026319027,-0.002204001,-0.0024750233,-0.0028237104,-0.0036177635,-0.0028008819,-0.0028285086,-0.0029865503,-0.0027805567,-0.0023440719,-0.0025927424,-0.0030235648,-0.0031501055,-0.003323853,-0.003096044,-0.004422188,-0.004020214,-0.00337255,-0.0036690831,-0.0045505166,-0.0051681995,-0.00400877,-0.004247457
2256.5,-0.0010136366,-0.0009803772,-0.00059592724,-0.00095671415,-0.0011333227,-0.0013813376,-0.0012129545,-0.0009969771,-0.0014523268,-0.0013848543,-0.0012458563,-0.0012924075,-0.0015033484,-0.002168119,-0.0013504624,-0.0013386011,-0.002014637,-0.0018970966,-0.0017191172,-0.0017609596,-0.0020834208,-0.0025981665,-0.0019052625,-0.0021110773,-0.0028195381,-0.0026230812,-0.0021882057,-0.002470255,-0.002818644,-0.0035780072,-0.0027954578,-0.0028214455,-0.0029796362,-0.002771616,-0.0023263693,-0.0025904775,-0.0030171275,-0.0031145215,-0.0033258796,-0.0030933619,-0.004414201,-0.0040113926,-0.0033468008,-0.0036661625,-0.0045475364,-0.0051451325,-0.003997028,-0.004248947
2257.5,-0.0010098219,-0.00097489357,-0.00058066845,-0.00095146894,-0.0011327863,-0.0013636947,-0.0012167692,-0.0009982884,-0.0014468431,-0.0013803244,-0.0012375116,-0.0012925863,-0.0015019178,-0.002144277,-0.0013391972,-0.001319468,-0.0020093918,-0.0018953085,-0.0017135143,-0.0017616153,-0.00208354,-0.0025891066,-0.0019016862,-0.002099216,-0.0028117895,-0.0026134253,-0.0021717548,-0.0024653673,-0.0028136373,-0.0035427809,-0.0027875304,-0.0028070211,-0.0029717684,-0.002761364,-0.002307415,-0.0025864244,-0.0030104518,-0.0030767322,-0.0033339858,-0.0030810535,-0.0044031143,-0.0040038824,-0.0033186674,-0.0036631227,-0.00454396,-0.005119145,-0.0039988756,-0.0042310655
2258.5,-0.0010097027,-0.0009688139,-0.0005646944,-0.0009442568,-0.0011326671,-0.0013464093,-0.0012129545,-0.0009941757,-0.0014449358,-0.001373291,-0.001227498,-0.0012906194,-0.001504004,-0.0021156669,-0.0013204813,-0.001306206,-0.0020068884,-0.0018912554,-0.0017045736,-0.0017570853,-0.0020839572,-0.0025774837,-0.0019019246,-0.0020814538,-0.002806902,-0.002605319,-0.0021520853,-0.002460897,-0.002810955,-0.0035107136,-0.0027769804,-0.0028055608,-0.0029665232,-0.0027496815,-0.002284646,-0.0025811195,-0.0030070543,-0.0030446053,-0.0033385754,-0.0030703843,-0.0043969154,-0.0039960146,-0.003288865,-0.0036504269,-0.004540682,-0.0050872564,-0.0039941072,-0.0042254627
2259.5,-0.0010075569,-0.0009647608,-0.000551939,-0.0009429455,-0.0011344552,-0.00132972,-0.001200676,-0.0009872615,-0.0014418364,-0.0013674498,-0.0012171268,-0.0012897849,-0.001500845,-0.0020939708,-0.0013006926,-0.0013013184,-0.0020025969,-0.0018866062,-0.0016981363,-0.0017538071,-0.002078414,-0.0025696754,-0.0019030571,-0.002073884,-0.00280118,-0.002596736,-0.0021339655,-0.0024561882,-0.0028031468,-0.0034872293,-0.0027703643,-0.002802968,-0.0029600859,-0.0027389526,-0.0022628307,-0.0025773644,-0.0030010939,-0.0030273795,-0.003336668,-0.0030631125,-0.0043895245,-0.0039880276,-0.003262639,-0.0036389828,-0.004543543,-0.005061209,-0.003986776,-0.004218966
2260.5,-0.0010052919,-0.0009609461,-0.00054228306,-0.00093984604,-0.001134634,-0.0013144016,-0.0011893511,-0.000982374,-0.0014388561,-0.0013602972,-0.0012106895,-0.0012860894,-0.001506269,-0.002077818,-0.0012887716,-0.0012944639,-0.0019991398,-0.0018795729,-0.0016920567,-0.0017502904,-0.0020820498,-0.0025647879,-0.0018981099,-0.002063632,-0.0027954578,-0.0025856495,-0.0021214485,-0.0024484396,-0.0028038025,-0.0034729838,-0.0027647614,-0.0027994812,-0.0029542446,-0.002726674,-0.0022426844,-0.0025713444,-0.0030012727,-0.0030240417,-0.0033333898,-0.0030604303,-0.0043810606,-0.003976941,-0.0032385588,-0.0036246777,-0.004546225,-0.0050402284,-0.0039722323,-0.0042108297
2261.5,-0.0010038614,-0.00095915794,-0.00053036213,-0.00093507767,-0.0011386871,-0.0013031363,-0.0011808872,-0.0009713173,-0.0014367104,-0.0013567209,-0.0012016296,-0.0012820959,-0.0015115738,-0.0020706654,-0.0012860298,-0.0012892485,-0.0019949675,-0.0018750429,-0.001683116,-0.0017473698,-0.0020856261,-0.0025637746,-0.0018912554,-0.0020585954,-0.002790928,-0.0025786161,-0.0021049976,-0.0024440885,-0.0028030872,-0.0034695268,-0.0027611852,-0.0028002262,-0.002947688,-0.0027178526,-0.002220869,-0.0025681257,-0.0030041337,-0.0030283332,-0.0033285618,-0.003057301,-0.0043740273,-0.003967881,-0.0032137632,-0.0036122203,-0.004548967,-0.0050273538,-0.003953159,-0.004209757
2262.5,-0.0010015965,-0.00095915794,-0.000521183,-0.0009288788,-0.0011308193,-0.0012922287,-0.0011703968,-0.000977099,-0.001431942,-0.0013542175,-0.0011897087,-0.0012786984,-0.0015054941,-0.0020662546,-0.001275599,-0.0012952387,-0.0019893646,-0.0018714666,-0.0016723871,-0.0017442703,-0.0020822287,-0.0025565028,-0.0018803477,-0.0020621717,-0.0027837753,-0.00257051,-0.002090454,-0.0024352074,-0.0027950406,-0.0034701824,-0.0027566552,-0.002799511,-0.00294137,-0.0027109385,-0.0022021532,-0.002564907,-0.0029984713,-0.0030266047,-0.0033212304,-0.003050506,-0.004367113,-0.003959179,-0.0031895638,-0.0036066175,-0.0045437217,-0.005014062,-0.0039343834,-0.004208833
2263.5,-0.0010001659,-0.00096070766,-0.00051259995,-0.00093084574,-0.0011273026,-0.0012882352,-0.0011621118,-0.0009780228,-0.0014287233,-0.0013511181,-0.0011820793,-0.0012745857,-0.0014999509,-0.0020678043,-0.0012627244,-0.00129354,-0.0019869804,-0.0018681288,-0.0016665459,-0.0017422438,-0.0020748377,-0.0025568604,-0.0018668771,-0.002055049,-0.002778411,-0.002562523,-0.0020792484,-0.0024294853,-0.002789855,-0.003474474,-0.002752781,-0.0027863681,-0.0029357672,-0.0027029514,-0.0021884441,-0.0025590062,-0.0029900074,-0.0030323267,-0.0033157468,-0.0030471683,-0.004359126,-0.003950119,-0.0031725168,-0.0036019683,-0.0045372844,-0.005009711,-0.0039190054,-0.004204452
2264.5,-0.0009976625,-0.0009611845,-0.00050854683,-0.00092983246,-0.0011154413,-0.0012877584,-0.0011555552,-0.0009799898,-0.0014243126,-0.0013459921,-0.0011804104,-0.0012668967,-0.0014927387,-0.0020748377,-0.0012450218,-0.0012949705,-0.0019825697,-0.0018652678,-0.001665473,-0.0017368197,-0.002062261,-0.002562344,-0.0018595457,-0.00205791,-0.0027712584,-0.0025538206,-0.002073288,-0.0024191737,-0.002783358,-0.0034752488,-0.0027467608,-0.0027842522,-0.0029300451,-0.0026940107,-0.0021797419,-0.0025476217,-0.0029761195,-0.003039956,-0.0033158064,-0.00304389,-0.0043509007,-0.003941655,-0.0031557083,-0.003591299,-0.004527569,-0.005004406,-0.0039105415,-0.004203856
2265.5,-0.0009949207,-0.0009572506,-0.00050365925,-0.0009249449,-0.0011113286,-0.0012876987,-0.0011484623,-0.0009797513,-0.0014202595,-0.0013387203,-0.0011752844,-0.0012580156,-0.0014894009,-0.0020830631,-0.0012259483,-0.0012964904,-0.001977086,-0.0018612146,-0.0016622543,-0.0017294884,-0.002055049,-0.002569735,-0.0018523335,-0.002058208,-0.0027643442,-0.002544403,-0.0020649433,-0.002406776,-0.002778411,-0.0034763813,-0.002745688,-0.0027783513,-0.0029240847,-0.002683878,-0.002169609,-0.0025347471,-0.0029680133,-0.003044784,-0.0033073425,-0.0030433536,-0.0043421984,-0.003933072,-0.0031386614,-0.0035780668,-0.004520297,-0.005007446,-0.0038978457,-0.0042008758
2266.5,-0.0009938478,-0.00095307827,-0.0004925728,-0.0009200573,-0.0011022091,-0.0012809038,-0.0011396408,-0.0009791851,-0.0014172792,-0.0013312101,-0.0011695623,-0.001252532,-0.0014788508,-0.0020908713,-0.0012007952,-0.0012981594,-0.0019735098,-0.001857996,-0.0016527176,-0.0017194748,-0.0020444393,-0.0025678873,-0.0018450022,-0.0020547211,-0.0027589798,-0.00253582,-0.0020540953,-0.0023980737,-0.0027737021,-0.003473997,-0.0027424097,-0.0027720034,-0.0029187202,-0.0026733875,-0.0021557808,-0.0025200844,-0.0029595494,-0.0030452013,-0.003294289,-0.0030339658,-0.004333496,-0.003924608,-0.0031176805,-0.0035629869,-0.0045099854,-0.0050117373,-0.00387609,-0.0042003393
2267.5,-0.0009928942,-0.0009497404,-0.0004825592,-0.00090688467,-0.001098454,-0.0012793541,-0.0011361837,-0.0009692311,-0.0014135838,-0.0013232231,-0.0011656284,-0.0012376308,-0.0014750957,-0.0020985007,-0.0011872649,-0.001303941,-0.001969695,-0.0018545389,-0.0016480684,-0.001703918,-0.002039671,-0.0025660992,-0.001845479,-0.0020589828,-0.0027536154,-0.0025265217,-0.0020440817,-0.002385497,-0.0027652383,-0.003475964,-0.0027412176,-0.0027659237,-0.0029131174,-0.0026608706,-0.0021436214,-0.002503693,-0.0029580593,-0.0030477643,-0.0032847524,-0.0030235946,-0.004325509,-0.003916383,-0.0031021833,-0.0035444498,-0.004512131,-0.0050171018,-0.0038554072,-0.0041976273
2268.5,-0.0009897947,-0.00094366074,-0.0004720688,-0.00090163946,-0.0010940433,-0.0012767911,-0.0011402965,-0.00096184015,-0.001410842,-0.0013171434,-0.0011569262,-0.0012318492,-0.0014742613,-0.0020994544,-0.0011791587,-0.0013023317,-0.0019649267,-0.0018502474,-0.0016410351,-0.0016923547,-0.002035439,-0.0025770664,-0.001847446,-0.0020604134,-0.002745986,-0.002515316,-0.0020338297,-0.0023761988,-0.0027586818,-0.0034779906,-0.0027409196,-0.0027587116,-0.0029067993,-0.002648592,-0.0021303892,-0.0024915338,-0.0029560924,-0.0030468106,-0.003273785,-0.003014952,-0.004317045,-0.003908038,-0.003083229,-0.0035294294,-0.004508078,-0.005023539,-0.003838241,-0.0041888356
2269.5,-0.0009868145,-0.00093877316,-0.00046420097,-0.00089228153,-0.0010816455,-0.001273334,-0.0011403561,-0.00094911456,-0.0014066696,-0.0013104677,-0.0011502504,-0.0012275577,-0.0014653206,-0.00208956,-0.0011702776,-0.001301825,-0.0019607544,-0.0018450022,-0.0016359091,-0.0016841888,-0.0020273328,-0.0025832653,-0.0018498898,-0.002053976,-0.002739787,-0.002503395,-0.0020229816,-0.00237149,-0.00274539,-0.0034828186,-0.0027353168,-0.002747655,-0.0029008389,-0.0026358366,-0.0021172762,-0.0024809837,-0.002946794,-0.00304389,-0.0032599568,-0.0030062795,-0.0043087006,-0.0038969517,-0.003066063,-0.0035159588,-0.004503906,-0.005027652,-0.0038226247,-0.004180491
2270.5,-0.0009846687,-0.0009368658,-0.00045371056,-0.0008881092,-0.001074791,-0.001264751,-0.0011453629,-0.00094497204,-0.0014028549,-0.001306653,-0.0011419058,-0.0012253523,-0.0014588833,-0.0020759106,-0.0011665225,-0.0013076961,-0.0019556284,-0.0018401146,-0.0016281605,-0.0016804338,-0.002018094,-0.0025859475,-0.0018507838,-0.0020591319,-0.0027325153,-0.0024957657,-0.002007246,-0.002365768,-0.0027396083,-0.00348413,-0.0027347803,-0.0027438998,-0.0028936863,-0.0026271343,-0.002099514,-0.0024770498,-0.002938211,-0.0030400753,-0.003255427,-0.0029996932,-0.0043001175,-0.0038883686,-0.003045559,-0.00350523,-0.0045021772,-0.0050293207,-0.0038154721,-0.0041826665
2271.5,-0.000982523,-0.0009351969,-0.00044560432,-0.000880301,-0.0010685325,-0.0012504458,-0.0011544228,-0.0009380281,-0.0014003515,-0.0013034344,-0.0011349916,-0.0012145638,-0.0014477372,-0.0020624995,-0.0011665225,-0.0013115406,-0.0019514561,-0.0018335581,-0.0016220808,-0.0016719103,-0.0020123124,-0.0025838614,-0.001853168,-0.002058357,-0.002726674,-0.0024883747,-0.0019973516,-0.00236094,-0.002729535,-0.0034804344,-0.002741754,-0.0027343333,-0.0028879642,-0.0026171207,-0.0020865202,-0.002470851,-0.0029260516,-0.0030331016,-0.003248632,-0.0030030608,-0.0042920113,-0.0038787127,-0.00302732,-0.0034877658,-0.004491985,-0.005023122,-0.0038152337,-0.0041848123
2272.5,-0.0009806156,-0.00093626976,-0.00043857098,-0.0008780956,-0.0010690093,-0.0012364984,-0.0011526942,-0.00093486905,-0.001398325,-0.0013005733,-0.0011273623,-0.0012077093,-0.0014461279,-0.0020526648,-0.0011702776,-0.0013175011,-0.0019470453,-0.0018290281,-0.0016157627,-0.0016623139,-0.0020127296,-0.0025791526,-0.0018532276,-0.0020538568,-0.0027204752,-0.00248003,-0.001987815,-0.0023570657,-0.0027317405,-0.0034732819,-0.0027459264,-0.0027365685,-0.0028823614,-0.0026086569,-0.0020728111,-0.0024698377,-0.0029265285,-0.0030303597,-0.0032372475,-0.0030029118,-0.0042825937,-0.0038694143,-0.0030087233,-0.0034793615,-0.004486978,-0.0050210357,-0.0038177967,-0.0041784644
2273.5,-0.0009766817,-0.00093758106,-0.00043118,-0.00087332726,-0.0010697246,-0.0012274384,-0.0011463761,-0.0009365976,-0.0013951063,-0.0012965202,-0.0011188984,-0.0012002587,-0.0014415979,-0.002045691,-0.001180768,-0.0013252199,-0.0019435883,-0.0018255711,-0.0016132593,-0.0016524196,-0.0020135045,-0.002577901,-0.0018549562,-0.0020464957,-0.0027159452,-0.0024724007,-0.0019743443,-0.002344668,-0.0027382374,-0.003474772,-0.0027460456,-0.0027455091,-0.0028768778,-0.0026005507,-0.0020593405,-0.00246495,-0.0029256344,-0.0030277967,-0.0032237172,-0.0030080676,-0.004274845,-0.0038608313,-0.0029910803,-0.0034666657,-0.00448519,-0.0050261617,-0.003814578,-0.0041752458
2274.5,-0.0009729862,-0.0009343624,-0.00042176247,-0.0008740425,-0.0010626316,-0.0012267232,-0.0011305809,-0.0009394884,-0.0013920069,-0.0012897253,-0.0011115074,-0.0011942387,-0.0014420152,-0.0020439029,-0.0011765361,-0.0013246834,-0.0019389391,-0.0018233061,-0.0016077757,-0.001644969,-0.002006352,-0.002583027,-0.0018459558,-0.0020424724,-0.0027103424,-0.002462864,-0.0019603968,-0.0023364425,-0.0027409792,-0.0034825206,-0.0027400851,-0.0027436614,-0.002870679,-0.0025919676,-0.0020438433,-0.0024602413,-0.00292027,-0.0030292273,-0.0032022,-0.0030066073,-0.0042659044,-0.0038528442,-0.002972722,-0.0034567118,-0.004478872,-0.005034089,-0.0037932396,-0.0041701496
2275.5,-0.0009690523,-0.0009300709,-0.00041353703,-0.00086438656,-0.0010629892,-0.001224339,-0.0011113286,-0.0009428561,-0.0013870001,-0.0012831688,-0.0011056662,-0.0011863112,-0.0014346838,-0.0020409822,-0.0011693239,-0.0013170242,-0.0019328594,-0.0018208027,-0.0016030073,-0.0016341209,-0.0020008683,-0.0025877357,-0.0018382668,-0.0020414293,-0.002704382,-0.0024528503,-0.0019452572,-0.0023166537,-0.0027323365,-0.0034897923,-0.0027334094,-0.002739936,-0.0028630495,-0.0025808811,-0.0020295382,-0.0024514198,-0.0029159784,-0.0030246973,-0.003186047,-0.0030033886,-0.0042568445,-0.0038442612,-0.002956152,-0.003443718,-0.0044784546,-0.0050395727,-0.0037712455,-0.0041692555
2276.5,-0.0009664297,-0.0009242296,-0.00040447712,-0.00086939335,-0.0010623336,-0.0012264252,-0.0011044741,-0.00093498826,-0.0013849735,-0.0012748241,-0.0010962486,-0.0011838675,-0.001429677,-0.0020391345,-0.0011685491,-0.0013113618,-0.0019285679,-0.001816988,-0.0015952587,-0.0016355515,-0.0019919276,-0.0025936365,-0.001830399,-0.0020424128,-0.0026983023,-0.0024433136,-0.0019288063,-0.0023072958,-0.0027264357,-0.003504932,-0.0027291179,-0.0027231276,-0.0028567314,-0.0025693178,-0.0020122528,-0.0024433136,-0.0029093623,-0.0030246377,-0.003179729,-0.0030014813,-0.0042485,-0.0038360357,-0.0029331446,-0.0034356713,-0.004468918,-0.005045891,-0.0037606359,-0.004167676
2277.5,-0.00096488,-0.0009174347,-0.00039327145,-0.00086963177,-0.0010682344,-0.0012316108,-0.0011094809,-0.00092726946,-0.0013833046,-0.0012682676,-0.0010902882,-0.0011805296,-0.0014292598,-0.0020304322,-0.0011783242,-0.0013027489,-0.0019258261,-0.0018116236,-0.0015898943,-0.0016416311,-0.0019877553,-0.0025929213,-0.0018237829,-0.0020417273,-0.002693653,-0.0024317503,-0.0019133091,-0.0023000836,-0.0027257204,-0.0035144687,-0.0027309656,-0.002716422,-0.0028522015,-0.0025565624,-0.0019956827,-0.0024392009,-0.002904296,-0.0030177832,-0.0031827092,-0.0029897392,-0.0042419434,-0.0038262606,-0.0029125214,-0.003429532,-0.004463434,-0.005047977,-0.0037595034,-0.0041687787
2278.5,-0.0009623766,-0.00091159344,-0.00038266182,-0.0008713603,-0.0010742545,-0.0012444854,-0.0011229515,-0.0009146929,-0.0013803244,-0.0012624264,-0.0010819435,-0.0011796355,-0.0014252663,-0.0020171404,-0.0011873841,-0.0012905002,-0.0019218922,-0.0018041134,-0.0015820265,-0.0016496778,-0.001989007,-0.0025895834,-0.0018220544,-0.002038002,-0.0026882887,-0.002421379,-0.001897335,-0.002297163,-0.002733469,-0.0035166144,-0.0027365685,-0.0027047694,-0.0028457642,-0.0025433302,-0.0019809008,-0.0024316907,-0.0029057264,-0.0030099154,-0.0031846166,-0.0029816926,-0.0042339563,-0.0038154125,-0.002892375,-0.003422618,-0.0044637322,-0.005053222,-0.0037637353,-0.004164189
2279.5,-0.0009601116,-0.00090658665,-0.00037288666,-0.000872612,-0.001072228,-0.001252532,-0.0011345148,-0.00091663003,-0.001377821,-0.0012571812,-0.0010735989,-0.0011767745,-0.0014201403,-0.0019961,-0.0012011528,-0.0012927353,-0.001917839,-0.00179708,-0.0015739202,-0.0016537905,-0.0019842982,-0.0025773644,-0.0018272996,-0.0020367205,-0.0026814938,-0.0024123192,-0.0018799305,-0.0022907257,-0.0027338862,-0.0035111904,-0.002750516,-0.0027015805,-0.00283885,-0.0025333166,-0.001963973,-0.0024235249,-0.0029001236,-0.0029913783,-0.0031945705,-0.0029848516,-0.004224658,-0.0038045645,-0.0028727055,-0.0034114718,-0.0044638515,-0.00505203,-0.0037738085,-0.004159689
2280.5,-0.0009570122,-0.0009034872,-0.00036525726,-0.00087720156,-0.0010666251,-0.001259625,-0.0011395216,-0.00092178583,-0.0013736486,-0.0012559891,-0.0010685921,-0.0011780858,-0.0014187694,-0.0019823909,-0.0012100935,-0.0013088882,-0.0019136667,-0.0017917156,-0.0015690327,-0.0016584992,-0.001974523,-0.0025643706,-0.0018352866,-0.0020396411,-0.0026750565,-0.002403736,-0.0018687248,-0.0022902489,-0.0027328134,-0.0035066009,-0.002755165,-0.0026957095,-0.002832055,-0.0025265217,-0.0019506216,-0.0024152398,-0.0028996468,-0.0029759407,-0.0031915307,-0.0029848516,-0.0042158365,-0.0037950277,-0.0028568506,-0.0034033656,-0.0044591427,-0.005055368,-0.0037738085,-0.0041716695
2281.5,-0.0009549856,-0.00090420246,-0.0003553629,-0.00088113546,-0.00106287,-0.001265049,-0.0011394024,-0.00091835856,-0.0013701916,-0.001254797,-0.0010621548,-0.0011775494,-0.0014159083,-0.0019688606,-0.0012138486,-0.0013085902,-0.0019105673,-0.0017877817,-0.0015630722,-0.001663506,-0.001967609,-0.002557516,-0.0018360019,-0.0020352304,-0.0026681423,-0.0023964643,-0.0018523932,-0.0022913218,-0.002716899,-0.0035030842,-0.0027499795,-0.00268659,-0.0028254986,-0.0025179386,-0.0019358397,-0.0024121404,-0.0028870106,-0.0029594302,-0.0031853914,-0.0029749572,-0.0042073727,-0.003786087,-0.0028368235,-0.0033929944,-0.0044485927,-0.005055368,-0.0037674904,-0.004170507
2282.5,-0.00095295906,-0.0009047985,-0.0003451109,-0.0008774996,-0.0010613203,-0.0012665391,-0.0011413693,-0.0009074509,-0.0013660192,-0.0012512207,-0.0010575056,-0.0011631846,-0.0014106035,-0.0019491911,-0.0012118816,-0.0013001561,-0.001906991,-0.0017851591,-0.0015580654,-0.0016552806,-0.0019638538,-0.0025466084,-0.0018362999,-0.0020293295,-0.0026619434,-0.0023915768,-0.0018399954,-0.0022808313,-0.0027062893,-0.0035005808,-0.002742529,-0.0026647747,-0.002818346,-0.0025120974,-0.0019212961,-0.0023987293,-0.0028771162,-0.0029396415,-0.0031810403,-0.002964586,-0.0041971207,-0.0037779808,-0.0028208494,-0.003376007,-0.004437089,-0.00504601,-0.0037559867,-0.004163921
2283.5,-0.0009499788,-0.000903368,-0.00033545494,-0.0008764267,-0.0010594726,-0.0012614727,-0.0011473298,-0.00090262294,-0.0013622046,-0.0012460947,-0.0010495186,-0.001155138,-0.0014069676,-0.0019337535,-0.0012114048,-0.0012891591,-0.0019025803,-0.0017824173,-0.0015523434,-0.0016520023,-0.0019600391,-0.00252676,-0.0018376708,-0.0020220578,-0.0026562214,-0.0023807287,-0.0018228292,-0.0022722483,-0.0026962757,-0.003499031,-0.0027323365,-0.0026492774,-0.0028113127,-0.0025023222,-0.0019049644,-0.0023890138,-0.0028645992,-0.0029203892,-0.0031901598,-0.0029564798,-0.004188299,-0.0037705898,-0.0028018951,-0.0033559203,-0.0044280887,-0.0050312877,-0.0037468672,-0.004160583
2284.5,-0.0009481907,-0.00089871883,-0.0003259182,-0.0008752346,-0.0010628104,-0.0012598634,-0.0011613369,-0.00089773536,-0.0013589859,-0.0012381077,-0.001044035,-0.0011492968,-0.0014052987,-0.0019136071,-0.0012168288,-0.0012850761,-0.0018974543,-0.0017778873,-0.0015448332,-0.0016473532,-0.0019676685,-0.0025014877,-0.0018401742,-0.0020101666,-0.002649784,-0.0023714304,-0.0018103123,-0.0022669435,-0.0027008057,-0.0034962296,-0.0027265549,-0.0026409626,-0.0028043985,-0.0024915934,-0.0018913746,-0.0023810267,-0.0028698444,-0.0029035807,-0.0032030344,-0.0029486418,-0.0041787624,-0.0037602186,-0.002783537,-0.003348291,-0.0044287443,-0.0050156713,-0.0037520528,-0.0041591823
2285.5,-0.00094640255,-0.00089097023,-0.00031888485,-0.00087451935,-0.0010570288,-0.0012649894,-0.001172185,-0.0008968413,-0.0013560057,-0.0012294054,-0.0010416508,-0.0011413693,-0.0013978481,-0.0019006729,-0.0012142658,-0.0012805462,-0.0018931627,-0.001773715,-0.0015423298,-0.0016457438,-0.001966834,-0.0024815798,-0.0018383861,-0.002001077,-0.0026437044,-0.0023617744,-0.0017975569,-0.0022634268,-0.0026973486,-0.0034931898,-0.0027235746,-0.002640307,-0.0027983189,-0.0024795532,-0.0018810034,-0.0023764968,-0.002868712,-0.002891302,-0.003211081,-0.0029489696,-0.0041697025,-0.0037504435,-0.002770543,-0.0033419132,-0.0044214725,-0.005002022,-0.003755927,-0.0041582584
2286.5,-0.00094389915,-0.0008844137,-0.00031101704,-0.00087344646,-0.0010504127,-0.0012671947,-0.0011731982,-0.00089648366,-0.0013535023,-0.0012228489,-0.0010353327,-0.0011402369,-0.0013979077,-0.00188905,-0.0012028813,-0.0012756884,-0.0018889904,-0.0017700195,-0.0015368462,-0.0016467571,-0.0019645095,-0.0024564862,-0.0018336773,-0.0019996762,-0.00263834,-0.0023525953,-0.001786232,-0.0022607446,-0.0026903749,-0.003489256,-0.002718985,-0.002638042,-0.0027930737,-0.002470374,-0.0018696785,-0.0023703575,-0.0028678775,-0.0028790236,-0.0032177567,-0.0029432476,-0.0041612387,-0.0037411451,-0.002751708,-0.003337264,-0.004420638,-0.0049904585,-0.003758192,-0.0041563213
2287.5,-0.0009435415,-0.000877738,-0.0003026724,-0.00088119507,-0.0010425448,-0.0012689233,-0.0011688471,-0.0008856654,-0.0013513565,-0.0012177229,-0.0010278225,-0.0011412501,-0.0013959408,-0.0018676519,-0.0011893511,-0.0012632906,-0.0018850565,-0.0017621517,-0.0015305281,-0.0016527772,-0.0019578338,-0.0024275184,-0.0018286109,-0.0020006,-0.0026334524,-0.0023412704,-0.0017710924,-0.0022611022,-0.002680838,-0.0034883618,-0.00270617,-0.0026274025,-0.0027883053,-0.0024594069,-0.0018532276,-0.0023624897,-0.0028557777,-0.0028584003,-0.0032183528,-0.0029316843,-0.004154086,-0.003729701,-0.0027314425,-0.0033320785,-0.0044152737,-0.00496912,-0.003758788,-0.0041457713
2288.5,-0.0009417534,-0.0008713007,-0.00029444695,-0.00088351965,-0.0010381341,-0.001267314,-0.0011662245,-0.00088611245,-0.0013477802,-0.0012108088,-0.001019597,-0.0011411905,-0.0013976693,-0.0018413067,-0.0011783242,-0.0012646914,-0.0018812418,-0.0017530918,-0.0015240908,-0.0016622543,-0.0019526482,-0.0023921132,-0.0018202662,-0.0019995868,-0.002627492,-0.0023310184,-0.0017580986,-0.0022633672,-0.002673328,-0.0034889579,-0.0026911497,-0.002622366,-0.0027822256,-0.0024493933,-0.001842618,-0.0023574233,-0.0028443933,-0.0028293729,-0.00321424,-0.00293231,-0.0041463375,-0.0037183762,-0.002712369,-0.0033251047,-0.004407704,-0.0049375296,-0.0037552714,-0.004143089
2289.5,-0.00093996525,-0.00086808205,-0.00028824806,-0.0008890033,-0.0010323524,-0.0012663603,-0.0011620522,-0.0008840263,-0.0013446808,-0.0012077093,-0.0010164976,-0.0011438727,-0.0013952255,-0.0018167496,-0.0011737347,-0.0012610555,-0.0018769503,-0.0017454624,-0.0015195608,-0.00166893,-0.0019408464,-0.002358973,-0.0018158555,-0.0019948184,-0.0026210546,-0.0023195744,-0.0017454624,-0.0022665262,-0.0026569366,-0.0034887195,-0.0026805997,-0.002620697,-0.0027766228,-0.0024389029,-0.0018318892,-0.0023528934,-0.0028261542,-0.0027999282,-0.0032085776,-0.002927363,-0.0041378736,-0.00370574,-0.0026952028,-0.003315866,-0.0043922663,-0.0049051046,-0.00374645,-0.004137397
2290.5,-0.0009384155,-0.0008685589,-0.00028061867,-0.0008929968,-0.001036942,-0.0012665987,-0.0011554956,-0.0008742511,-0.0013414621,-0.0012097359,-0.0010117292,-0.0011438131,-0.0013939738,-0.0017975569,-0.0011660457,-0.0012461245,-0.001873374,-0.001742363,-0.001514554,-0.0016797185,-0.0019446015,-0.0023311973,-0.0018069744,-0.00197497,-0.0026150942,-0.0023130178,-0.0017336607,-0.0022684336,-0.0026596785,-0.0034954548,-0.0026713014,-0.0026102364,-0.0027707815,-0.0024335384,-0.0018206835,-0.0023504496,-0.002827227,-0.0027734637,-0.0032020211,-0.0029144883,-0.00412941,-0.0036967993,-0.0026775599,-0.003310144,-0.0043911934,-0.0048711896,-0.0037278533,-0.004127234
2291.5,-0.00093615055,-0.00086951256,-0.0002721548,-0.0008932352,-0.0010385513,-0.0012670159,-0.0011451244,-0.00086024404,-0.0013391972,-0.0012080669,-0.0010057688,-0.0011408925,-0.0013897419,-0.0017743111,-0.0011525154,-0.0012353659,-0.0018689632,-0.0017392635,-0.0015091896,-0.0016865134,-0.0019472837,-0.0022970438,-0.0017898083,-0.0019724667,-0.0026088953,-0.0023050308,-0.0017194748,-0.0022660494,-0.0026569963,-0.0035060644,-0.002655387,-0.0025997162,-0.0027644634,-0.002425909,-0.0018085241,-0.0023456812,-0.0028277636,-0.0027452111,-0.0031924844,-0.0029164553,-0.0041201115,-0.0036872625,-0.0026603937,-0.0032986403,-0.0043895245,-0.004832089,-0.0037042499,-0.004119724
2292.5,-0.00093364716,-0.00086963177,-0.00026786327,-0.0008881092,-0.0010280013,-0.0012688041,-0.0011360049,-0.00084653497,-0.0013355017,-0.0012046099,-0.0009998083,-0.0011327863,-0.0013840199,-0.0017524958,-0.0011338592,-0.0012288094,-0.0018649101,-0.0017365217,-0.0015034676,-0.001684308,-0.0019367337,-0.0022616386,-0.0017802715,-0.001966983,-0.0026034117,-0.0022968054,-0.0017110109,-0.0022521615,-0.0026396513,-0.0035114288,-0.002641201,-0.0025951564,-0.0027583838,-0.002418995,-0.0017980337,-0.002335012,-0.0028243065,-0.0027176142,-0.0031864643,-0.0029062927,-0.0041122437,-0.003678918,-0.0026448965,-0.0032818913,-0.00438267,-0.004796922,-0.0036894083,-0.0041110516
2293.5,-0.0009306669,-0.00086665154,-0.00025963783,-0.00088995695,-0.0010246634,-0.0012758374,-0.0011302829,-0.0008376837,-0.0013321638,-0.0011982918,-0.0009921789,-0.0011297464,-0.001378119,-0.0017350912,-0.0011131763,-0.0012179017,-0.0018607378,-0.0017340183,-0.0014947653,-0.0016862154,-0.0019237995,-0.0022387505,-0.0017743707,-0.001958847,-0.0025962591,-0.002287984,-0.0016944408,-0.002240181,-0.0026264787,-0.0035218,-0.0026216507,-0.002592504,-0.0027530193,-0.0024095774,-0.0017842054,-0.0023258924,-0.002812624,-0.0026983619,-0.0031862855,-0.0029007792,-0.0041041374,-0.0036696196,-0.0026262999,-0.0032747388,-0.0043749213,-0.004770398,-0.0036835074,-0.004105121
2294.5,-0.000928998,-0.0008608103,-0.0002529621,-0.0008929968,-0.0010285378,-0.0012797713,-0.0011251569,-0.000837028,-0.0013295412,-0.0011883974,-0.000987649,-0.0011284351,-0.0013774633,-0.0017157793,-0.0010874867,-0.0012015104,-0.0018565655,-0.0017288923,-0.0014888048,-0.0016851425,-0.0019135475,-0.0022255182,-0.0017671585,-0.0019471943,-0.0025919676,-0.0022807121,-0.0016802549,-0.002228558,-0.0026159286,-0.003537774,-0.002597928,-0.0025904775,-0.002747178,-0.0023988485,-0.0017724037,-0.0023180246,-0.0027964115,-0.002678275,-0.0031853914,-0.0028952956,-0.0040961504,-0.0036598444,-0.0026077032,-0.003266096,-0.0043627024,-0.00473696,-0.0036776662,-0.0041036904
2295.5,-0.00092709064,-0.0008534193,-0.00024914742,-0.00089997053,-0.0010333061,-0.0012786388,-0.0011155605,-0.0008472502,-0.0013263226,-0.0011792183,-0.0009851456,-0.0011329651,-0.0013753176,-0.0016989112,-0.0010582209,-0.001196146,-0.0018521547,-0.001724124,-0.0014846325,-0.0016868114,-0.0019062757,-0.0022120476,-0.0017620325,-0.0019518733,-0.0025863647,-0.0022699833,-0.001670599,-0.0022283196,-0.0026097298,-0.00355345,-0.0025708675,-0.0026040673,-0.0027415752,-0.0023874044,-0.0017617941,-0.0023135543,-0.0027856827,-0.0026559234,-0.0031830072,-0.002897352,-0.004087925,-0.0036506653,-0.0025919676,-0.0032609105,-0.0043467283,-0.004705608,-0.0036693215,-0.004115343
2296.5,-0.00092589855,-0.0008453131,-0.00024342537,-0.00090652704,-0.0010371208,-0.0012809038,-0.0011035204,-0.00085294247,-0.0013234615,-0.0011736155,-0.0009826422,-0.0011377335,-0.0013775826,-0.001689136,-0.0010374188,-0.0011896193,-0.0018490553,-0.00172019,-0.0014802217,-0.0016838312,-0.0019031763,-0.002197206,-0.0017482638,-0.0019598007,-0.0025804043,-0.0022622347,-0.0016590357,-0.0022280812,-0.0026100874,-0.0035760403,-0.0025442839,-0.002611339,-0.0027359724,-0.0023788214,-0.0017478466,-0.002306044,-0.0027812123,-0.0026357174,-0.0031710267,-0.0029062927,-0.0040808916,-0.0036411285,-0.0025746822,-0.0032519102,-0.004338324,-0.004666865,-0.0036536455,-0.004122108
2297.5,-0.00092446804,-0.0008404255,-0.00023925304,-0.0009086132,-0.0010384321,-0.0012814403,-0.0010884404,-0.00086295605,-0.0013213158,-0.0011686087,-0.0009766817,-0.0011395216,-0.001373589,-0.0016786456,-0.0010152459,-0.0011892021,-0.0018455982,-0.0017136335,-0.0014750957,-0.0016862154,-0.0019097328,-0.002174735,-0.0017288327,-0.0019707382,-0.0025746822,-0.002254486,-0.0016479492,-0.0022294521,-0.0026157498,-0.0035976768,-0.0025243163,-0.0026262403,-0.0027298927,-0.0023688078,-0.0017365217,-0.0023044944,-0.0027801394,-0.0026115775,-0.0031556487,-0.0029307008,-0.004072547,-0.0036292076,-0.0025583506,-0.0032439232,-0.004329264,-0.004627645,-0.0036364794,-0.0041314363
2298.5,-0.0009227991,-0.0008368492,-0.00023436546,-0.0009095073,-0.0010442734,-0.0012815595,-0.001074791,-0.0008621216,-0.001318574,-0.0011652708,-0.0009753704,-0.0011356473,-0.0013764501,-0.0016774535,-0.0009922385,-0.0011842251,-0.0018405914,-0.0017062426,-0.0014714003,-0.0016893148,-0.0019081831,-0.0021489859,-0.0017153025,-0.0019800067,-0.0025695562,-0.0022480488,-0.0016357899,-0.0022268295,-0.0026179552,-0.003616035,-0.0025050044,-0.002637893,-0.0027253628,-0.0023601055,-0.0017262697,-0.0023026466,-0.0027784705,-0.0025891066,-0.0031439662,-0.002944231,-0.004065037,-0.003616333,-0.002545476,-0.003233552,-0.00433141,-0.004583657,-0.0036231875,-0.004137993
2299.5,-0.0009202957,-0.00083625317,-0.00022816658,-0.00090664625,-0.0010454059,-0.0012796521,-0.0010720491,-0.0008678436,-0.0013139248,-0.0011655092,-0.00097084045,-0.0011280775,-0.0013734102,-0.0016738772,-0.00097203255,-0.0011842847,-0.0018359423,-0.0017035007,-0.0014665127,-0.0016922355,-0.0019052625,-0.0021291375,-0.0017110705,-0.0019976795,-0.002563119,-0.00224185,-0.001625061,-0.0022233129,-0.0026183724,-0.0036346912,-0.0024888515,-0.0026405454,-0.002720356,-0.0023548603,-0.0017170906,-0.0022986531,-0.002774477,-0.0025693774,-0.0031320453,-0.0029489994,-0.0040574074,-0.003606081,-0.0025303364,-0.0032211542,-0.0043355227,-0.004544556,-0.0036193132,-0.0041446686
2300.5,-0.00091683865,-0.00083875656,-0.0002259016,-0.0009010434,-0.0010449886,-0.0012776256,-0.0010713339,-0.0008638799,-0.0013114214,-0.0011661053,-0.0009691715,-0.0011215806,-0.0013678074,-0.0016710162,-0.00094634295,-0.0011757016,-0.0018315315,-0.0017021894,-0.0014641285,-0.001691997,-0.0019033551,-0.0021155477,-0.0017101765,-0.0020027459,-0.0025564432,-0.0022376776,-0.0016169548,-0.0022192597,-0.002613604,-0.0036540031,-0.0024727583,-0.0026357472,-0.0027142763,-0.0023510456,-0.0017095804,-0.0022915602,-0.002765298,-0.002563715,-0.0031255484,-0.0029482245,-0.004049182,-0.0035976171,-0.0025200844,-0.0032051802,-0.0043343306,-0.004516065,-0.003620863,-0.004152864
