time,ssp585 - sce1,ssp370 - sce1,ssp460 - sce1,ssp245 - sce1,ssp434 - sce1,ssp534 - sce1,ssp126 - sce1,ssp119 - sce1,ssp585 - sce2,ssp370 - sce2,ssp460 - sce2,ssp245 - sce2,ssp434 - sce2,ssp534 - sce2,ssp126 - sce2,ssp119 - sce2,ssp585 - sce3,ssp370 - sce3,ssp460 - sce3,ssp245 - sce3,ssp434 - sce3,ssp534 - sce3,ssp126 - sce3,ssp119 - sce3,ssp585 - sce4,ssp370 - sce4,ssp460 - sce4,ssp245 - sce4,ssp434 - sce4,ssp534 - sce4,ssp126 - sce4,ssp119 - sce4,ssp585 - sce5,ssp370 - sce5,ssp460 - sce5,ssp245 - sce5,ssp434 - sce5,ssp534 - sce5,ssp126 - sce5,ssp119 - sce5,ssp585 - sce6,ssp370 - sce6,ssp460 - sce6,ssp245 - sce6,ssp434 - sce6,ssp534 - sce6,ssp126 - sce6,ssp119 - sce6
2015.5,0.0,0.0,0.0,0.0,0.0,0.0,0.0,0.0,0.0,0.0,0.0,0.0,0.0,0.0,0.0,0.0,0.0,0.0,0.0,0.0,0.0,0.0,0.0,0.0,0.0,0.0,0.0,0.0,0.0,0.0,0.0,0.0,0.0,0.0,0.0,0.0,0.0,0.0,0.0,0.0,0.0,0.0,0.0,0.0,0.0,0.0,0.0,0.0
2016.5,0.0,0.0,0.0,0.0,0.0,0.0,0.0,0.0,0.0,0.0,0.0,0.0,0.0,0.0,0.0,0.0,0.0,0.0,0.0,0.0,0.0,0.0,0.0,0.0,0.0,0.0,0.0,0.0,0.0,0.0,0.0,0.0,0.0,0.0,0.0,0.0,0.0,0.0,0.0,0.0,0.0,0.0,0.0,0.0,0.0,0.0,0.0,0.0
2017.5,0.0,0.0,0.0,0.0,0.0,0.0,0.0,0.0,0.0,0.0,0.0,0.0,0.0,0.0,0.0,0.0,0.0,0.0,0.0,0.0,0.0,0.0,0.0,0.0,0.0,0.0,0.0,0.0,0.0,0.0,0.0,0.0,0.0,0.0,0.0,0.0,0.0,0.0,0.0,0.0,0.0,0.0,0.0,0.0,0.0,0.0,0.0,0.0
2018.5,0.0,0.0,0.0,0.0,0.0,0.0,0.0,0.0,0.0,0.0,0.0,0.0,0.0,0.0,0.0,0.0,0.0,0.0,0.0,0.0,0.0,0.0,0.0,0.0,0.0,0.0,0.0,0.0,0.0,0.0,0.0,0.0,0.0,0.0,0.0,0.0,0.0,0.0,0.0,0.0,0.0,0.0,0.0,0.0,0.0,0.0,0.0,0.0
2019.5,0.0,0.0,0.0,0.0,0.0,0.0,0.0,0.0,0.0,0.0,0.0,0.0,0.0,0.0,0.0,0.0,0.0,0.0,0.0,0.0,0.0,0.0,0.0,0.0,0.0,0.0,0.0,0.0,0.0,0.0,0.0,0.0,0.0,0.0,0.0,0.0,0.0,0.0,0.0,0.0,0.0,0.0,0.0,0.0,0.0,0.0,0.0,0.0
2020.5,3.9100647e-05,4.4822693e-05,6.580353e-05,-0.00016021729,-4.2915344e-05,0.00017547607,-0.00030231476,-4.4822693e-05,3.9100647e-05,4.4822693e-05,6.580353e-05,-0.00016021729,-4.2915344e-05,0.00017547607,-0.00030231476,-4.4822693e-05,1.5258789e-05,-0.00010967255,1.7166138e-05,-7.915497e-05,-5.722046e-06,0.00018596649,-7.343292e-05,-6.866455e-05,1.5258789e-05,-0.00010967255,1.7166138e-05,-7.915497e-05,-5.722046e-06,0.00018596649,-7.343292e-05,-6.866455e-05,-8.2969666e-05,0.00017642975,1.4305115e-05,-6.9618225e-05,-8.869171e-05,6.2942505e-05,-0.00018119812,8.2969666e-05,-8.2969666e-05,0.00017642975,1.4305115e-05,-6.9618225e-05,-8.869171e-05,6.2942505e-05,-0.00018119812,8.2969666e-05
2021.5,-0.0007429123,-0.00014591217,-0.0001449585,4.673004e-05,-0.000333786,0.00012207031,0.0004720688,-7.6293945e-05,-0.0007429123,-0.00014591217,-0.0001449585,4.673004e-05,-0.000333786,0.00012207031,0.0004720688,-7.6293945e-05,-0.000626564,-0.00038909912,-0.00029945374,0.0003566742,-0.00029945374,-0.00026512146,0.00051116943,6.389618e-05,-0.000626564,-0.00038909912,-0.00029945374,0.0003566742,-0.00029945374,-0.00026512146,0.00051116943,6.389618e-05,-0.00044631958,0.0002155304,-8.773804e-05,0.00027942657,-0.00025081635,-5.054474e-05,0.0006494522,0.0003271103,-0.00044631958,0.0002155304,-8.773804e-05,0.00027942657,-0.00025081635,-5.054474e-05,0.0006494522,0.0003271103
2022.5,0.00023269653,-0.00032043457,-0.00010871887,-9.441376e-05,0.00048351288,-0.00046730042,-0.00021076202,-0.0008010864,0.00023269653,-0.00032043457,-0.00010871887,-9.441376e-05,0.00048351288,-0.00046730042,-0.00021076202,-0.0008010864,-0.00019741058,-0.00041103363,-0.0002632141,-0.00021743774,0.00085163116,0.00022029877,-0.00034427643,7.8201294e-05,-0.00019741058,-0.00041103363,-0.0002632141,-0.00021743774,0.00085163116,0.00022029877,-0.00034427643,7.8201294e-05,-0.00030136108,-0.00027275085,-0.00039291382,-0.00021076202,0.0010356903,-0.0004606247,-0.000992775,-0.00030708313,-0.00030136108,-0.00027275085,-0.00039291382,-0.00021076202,0.0010356903,-0.0004606247,-0.000992775,-0.00030708313
2023.5,0.0008401871,0.00058174133,0.00021839142,0.00042629242,-0.00034046173,0.00024986267,0.0001821518,0.00016307831,0.0008401871,0.00058174133,0.00021839142,0.00042629242,-0.00034046173,0.00024986267,0.0001821518,0.00016307831,0.00084400177,-0.00054836273,0.00014305115,-0.0003232956,-0.00070762634,0.00022602081,0.00041007996,-0.00020599365,0.00084400177,-0.00054836273,0.00014305115,-0.0003232956,-0.00070762634,0.00022602081,0.00041007996,-0.00020599365,0.00053310394,-0.00028514862,-0.0007677078,-0.00061416626,-0.000702858,-0.0003004074,0.0004606247,2.861023e-06,0.00053310394,-0.00028514862,-0.0007677078,-0.00061416626,-0.000702858,-0.0003004074,0.0004606247,2.861023e-06
2024.5,0.00085544586,0.00038146973,-0.00037765503,0.0014038086,6.1035156e-05,-9.250641e-05,-6.771088e-05,-0.0005540848,0.00085544586,0.00038146973,-0.00037765503,0.0014038086,6.1035156e-05,-9.250641e-05,-6.771088e-05,-0.0005540848,0.00041675568,0.0007638931,-0.0003118515,0.0005235672,0.0004606247,-0.00079631805,-0.00065898895,0.00036907196,0.00041675568,0.0007638931,-0.0003118515,0.0005235672,0.0004606247,-0.00079631805,-0.00065898895,0.00036907196,0.00043010712,0.00026988983,-0.00088977814,-9.059906e-05,0.00034332275,-0.00091457367,-1.6212463e-05,0.00047302246,0.00043010712,0.00026988983,-0.00088977814,-9.059906e-05,0.00034332275,-0.00091457367,-1.6212463e-05,0.00047302246
2025.5,-0.00026226044,-0.000120162964,0.00077438354,0.0016937256,-0.00010204315,-0.00053310394,0.000582695,-0.0010681152,-0.00026226044,-0.000120162964,0.00077438354,0.0016937256,-0.00010204315,-0.00053310394,0.000582695,-0.0010681152,-0.0010623932,0.00073719025,2.4795532e-05,0.0004825592,0.0001707077,-0.00015926361,-0.0008611679,0.0004682541,-0.0010623932,0.00073719025,2.4795532e-05,0.0004825592,0.0001707077,-0.00015926361,-0.0008611679,0.0004682541,-0.0006980896,-0.0003232956,-0.00016212463,-0.00093364716,0.00052547455,0.00024223328,-0.0001449585,0.00044250488,-0.0006980896,-0.0003232956,-0.00016212463,-0.00093364716,0.00052547455,0.00024223328,-0.0001449585,0.00044250488
2026.5,0.0005683899,-0.00028324127,-0.0005559921,0.0032110214,0.0004711151,-0.00029850006,0.00048542023,-0.00025844574,0.0005683899,-0.00028324127,-0.0005559921,0.0032110214,0.0004711151,-0.00029850006,0.00048542023,-0.00025844574,-0.00012683868,0.0006198883,-4.7683716e-06,0.0012798309,0.00016880035,0.00026988983,-0.001080513,0.0008945465,-0.00012683868,0.0006198883,-4.7683716e-06,0.0012798309,0.00016880035,0.00026988983,-0.001080513,0.0008945465,0.0010967255,4.005432e-05,-0.0019950867,0.00022602081,-0.00021457672,0.00065612793,-0.0016517639,0.00068569183,0.0010967255,4.005432e-05,-0.0019950867,0.00022602081,-0.00021457672,0.00065612793,-0.0016517639,0.00068569183
2027.5,0.000118255615,0.0014619827,-0.00027656555,0.0029611588,-0.00038719177,-0.00026893616,0.00095653534,-0.00019931793,0.000118255615,0.0014619827,-0.00027656555,0.0029611588,-0.00038719177,-0.00026893616,0.00095653534,-0.00019931793,-0.0012493134,0.0020809174,-9.1552734e-05,0.0015611649,0.00033855438,-0.00034713745,-0.0016384125,0.0023622513,-0.0012493134,0.0020809174,-9.1552734e-05,0.0015611649,0.00033855438,-0.00034713745,-0.0016384125,0.0023622513,0.00047969818,7.6293945e-06,-0.0021266937,0.00069618225,-0.00094127655,0.0005378723,-0.0012588501,0.00045204163,0.00047969818,7.6293945e-06,-0.0021266937,0.00069618225,-0.00094127655,0.0005378723,-0.0012588501,0.00045204163
2028.5,0.00011634827,-0.00082206726,0.0011301041,0.0037937164,-0.0005283356,-0.00077342987,0.00011539459,0.00021743774,0.00011634827,-0.00082206726,0.0011301041,0.0037937164,-0.0005283356,-0.00077342987,0.00011539459,0.00021743774,-0.0015411377,0.0015544891,0.00026512146,0.004032135,-0.00028324127,0.0007009506,-0.0028448105,0.002445221,-0.0015411377,0.0015544891,0.00026512146,0.004032135,-0.00028324127,0.0007009506,-0.0028448105,0.002445221,0.00021648407,-0.00015354156,-0.0020303726,0.0026082993,-0.0032901764,0.0010347366,-0.001572609,0.0024404526,0.00021648407,-0.00015354156,-0.0020303726,0.0026082993,-0.0032901764,0.0010347366,-0.001572609,0.0024404526
2029.5,-0.0006875992,-0.0007305145,0.00035476685,0.0008354187,-0.000330925,0.0011539459,0.0004606247,0.0006799698,-0.0006875992,-0.0007305145,0.00035476685,0.0008354187,-0.000330925,0.0011539459,0.0004606247,0.0006799698,-0.0021448135,0.0008583069,-0.0013999939,0.0016832352,-0.0005493164,0.0012798309,-0.0021457672,0.0021038055,-0.0021448135,0.0008583069,-0.0013999939,0.0016832352,-0.0005493164,0.0012798309,-0.0021457672,0.0021038055,0.0004491806,-0.00021839142,-0.002565384,0.0005607605,-0.002749443,0.0013179779,-0.00066280365,0.0003643036,0.0004491806,-0.00021839142,-0.002565384,0.0005607605,-0.002749443,0.0013179779,-0.00066280365,0.0003643036
2030.5,-0.0017690659,-0.0003671646,-0.00015544891,0.0006322861,-0.0005464554,0.00051403046,0.0019273758,0.0006160736,-0.0017690659,-0.0003671646,-0.00015544891,0.0006322861,-0.0005464554,0.00051403046,0.0019273758,0.0006160736,-0.0017871857,-1.2397766e-05,0.0004339218,0.0005559921,0.0002527237,0.00053596497,-0.0021715164,0.002705574,-0.0017871857,-1.2397766e-05,0.0004339218,0.0005559921,0.0002527237,0.00053596497,-0.0021715164,0.002705574,0.0019254684,-0.00039863586,-0.0003156662,0.0010356903,-0.0026769638,0.0006608963,-0.0008401871,0.0007390976,0.0019254684,-0.00039863586,-0.0003156662,0.0010356903,-0.0026769638,0.0006608963,-0.0008401871,0.0007390976
2031.5,-0.0003681183,-0.002547264,-0.0009403229,0.000415802,-0.0018196106,0.0009021759,-0.0010232925,0.0026416779,-0.00016498566,-0.0025911331,-0.000834465,0.000374794,-0.001961708,0.00088500977,-0.0009098053,0.0026988983,-0.0025577545,-0.0011663437,-0.0006980896,-0.00086307526,-0.00017547607,0.0020227432,-0.003783226,0.0025548935,-0.0023975372,-0.0011758804,-0.0005903244,-0.0008583069,2.002716e-05,0.0019207001,-0.00381279,0.0027627945,0.00088882446,-0.0017757416,-0.002049446,-0.00026226044,-0.0034971237,0.0006313324,-0.00031852722,0.0016040802,0.0010271072,-0.0017299652,-0.0021867752,-0.00019168854,-0.003501892,0.0006990433,-0.0005092621,0.0014533997
2032.5,0.0014324188,-0.0037527084,-0.00095272064,-2.861023e-06,-0.0011520386,0.0021820068,-0.0014343262,0.003968239,0.0014753342,-0.0037565231,-0.0009918213,0.00012588501,-0.0011081696,0.0024986267,-0.0015449524,0.0037899017,-0.00048542023,-0.00040245056,-0.0020198822,0.00061798096,0.00064754486,0.002576828,-0.002412796,0.003501892,-0.00071430206,-0.0014419556,-0.0028514862,0.00013637543,0.00067043304,0.0028247833,-0.0026273727,0.0032606125,0.0008535385,0.00018787384,-0.00060272217,0.00092601776,-0.0018358231,0.0014648438,0.0008802414,0.003578186,0.0006637573,0.00037384033,-0.00086021423,0.0010290146,-0.0015707016,0.0014925003,0.0013561249,0.0037631989
2033.5,0.002913475,-0.0024499893,-0.0021572113,0.00081825256,-0.0024318695,0.004538536,-0.0031557083,0.00360775,0.0029087067,-0.0021648407,-0.0014429092,0.0008468628,-0.0027580261,0.0042333603,-0.002861023,0.0035190582,-0.0011262894,0.00024604797,-0.0023412704,-0.00051116943,0.0010309219,0.0048952103,-0.0045309067,0.003821373,-0.00011062622,0.0006246567,-0.003027916,-0.00011062622,0.0007581711,0.0049533844,-0.0045347214,0.0040254593,0.0046186447,0.00079345703,-0.00044345856,-9.536743e-07,-0.00289917,0.0029087067,-0.000954628,0.0023269653,0.00461483,0.0008687973,-0.0009994507,0.00048732758,-0.002913475,0.0032835007,-0.0011281967,0.0024690628
2034.5,0.005915642,-0.0013103485,-0.0024795532,0.0005197525,-0.004221916,0.0040330887,-0.0023527145,0.0033464432,0.006201744,-0.0011663437,-0.0010404587,0.0015897751,-0.00429821,0.0054836273,-0.0021133423,0.0036401749,-0.00014781952,0.0024232864,-0.0033054352,0.0010471344,0.0009059906,0.0061950684,-0.0038690567,0.003479004,0.000111579895,0.002954483,-0.0037908554,0.0014867783,0.00047588348,0.0063495636,-0.0036382675,0.0042648315,0.0055322647,0.0012512207,-0.00096035004,0.002005577,-0.003985405,0.003818512,-0.0011644363,0.0023508072,0.0054941177,0.0018062592,-0.00045490265,0.001748085,-0.0039873123,0.0042772293,-0.00060749054,0.0020160675
2035.5,0.005847931,-0.0008125305,7.343292e-05,0.0010538101,-0.00488472,0.003586769,-0.0012693405,0.0041503906,0.0052804947,-0.0009469986,-0.00019454956,0.0008172989,-0.0049962997,0.0031518936,-0.0014190674,0.003988266,0.0009889603,0.0033979416,-0.0027780533,0.0016212463,0.00088119507,0.0033664703,-0.0043315887,0.0029582977,0.0004968643,0.0042304993,-0.0024166107,0.0012874603,0.0009698868,0.0035648346,-0.0031881332,0.0033130646,0.004842758,0.001917839,-1.335144e-05,0.00064849854,-0.003695488,0.0034837723,0.0006170273,0.0011672974,0.005095482,0.0018110275,7.8201294e-05,-0.00031471252,-0.0034570694,0.002770424,0.00033664703,0.00077724457
2036.5,0.0063915253,-0.0016584396,3.33786e-05,0.0018310547,-0.0033950806,0.004058838,0.0019836426,0.00233078,0.005961418,-0.00088977814,0.001042366,0.0029907227,-0.0036497116,0.0044851303,0.00057315826,0.0026483536,0.002828598,0.0059747696,-0.0025663376,0.0039196014,0.001540184,0.0047883987,-0.0027770996,0.0015106201,0.0017614365,0.006837845,-0.001540184,0.0030584335,0.002380371,0.0050811768,-0.0019493103,0.0014753342,0.007123947,0.0021810532,0.001531601,0.0016317368,-0.00049591064,0.0033397675,0.0015115738,-0.0006132126,0.0069675446,0.0021705627,0.001452446,-0.0003862381,-0.00060653687,0.0031175613,0.00196743,-0.0010948181
2037.5,0.006040573,-0.0017404556,0.00029087067,0.0026721954,-0.0017366409,0.0048770905,0.003118515,0.0044002533,0.005619049,-0.0015220642,0.0017967224,0.0030946732,-0.0022220612,0.0051498413,0.0033159256,0.0051498413,0.0032453537,0.0063791275,-0.0035991669,0.0046539307,0.0030231476,0.008349419,-0.003733635,0.0031137466,0.002161026,0.006842613,-0.001783371,0.0051555634,0.003376007,0.007943153,-0.0011415482,0.003394127,0.006436348,0.0029420853,0.0024347305,0.0045394897,0.0009212494,0.004802704,0.004849434,0.0027837753,0.007112503,0.0019035339,0.0027389526,0.0014381409,0.0016546249,0.0042858124,0.003973961,0.002773285
2038.5,0.0068101883,-0.0015411377,0.0012683868,0.0034275055,-0.0002002716,0.0069589615,0.004808426,0.006041527,0.005376816,-0.0006351471,0.0032539368,0.0029611588,-0.0009403229,0.005665779,0.0046339035,0.0065231323,0.0017595291,0.007013321,-0.0040397644,0.004462242,0.0055561066,0.00785923,-0.0011167526,0.0020961761,0.0013217926,0.0066041946,-0.0025186539,0.004843712,0.0056962967,0.008653641,-0.0001745224,0.0029363632,0.0080862045,0.002746582,0.0030670166,0.0057554245,0.00434494,0.006567955,0.006702423,0.00037384033,0.008640289,0.0010738373,0.0017127991,0.0024938583,0.0058984756,0.0059404373,0.0049533844,0.0012388229
2039.5,0.0052080154,-0.0013046265,-0.001502037,0.0042037964,0.001958847,0.008461952,0.007256508,0.008695602,0.004310608,-0.0003633499,-0.0007266998,0.004044533,0.00019264221,0.006983757,0.0063505173,0.009462357,9.536743e-05,0.005794525,-0.0062322617,0.0048561096,0.007543564,0.008981705,0.00057029724,0.0043563843,-0.0006494522,0.0058259964,-0.0042333603,0.0058317184,0.008601189,0.010580063,0.0030088425,0.005695343,0.008091927,0.002872467,0.0016756058,0.0056877136,0.008271217,0.008446693,0.010024071,0.0039453506,0.007964134,0.0015897751,-0.000790596,0.0017127991,0.009056091,0.006866455,0.009077072,0.0038461685
2040.5,0.007624626,0.00022220612,0.00013828278,0.0044469833,0.0037088394,0.009018898,0.0092458725,0.011467934,0.0072050095,0.0003194809,-0.00020503998,0.00288105,0.0014953613,0.008909225,0.007753372,0.011065483,0.0015716553,0.0060749054,-0.0021095276,0.005549431,0.011996269,0.013349533,0.003668785,0.0058898926,0.0032720566,0.0052309036,-0.0013036728,0.006259918,0.012547493,0.013430595,0.0054302216,0.0069084167,0.010939598,0.0048103333,0.0047740936,0.006248474,0.012021065,0.011187553,0.011891365,0.006726265,0.012735367,0.0021438599,0.0030946732,0.0033006668,0.012125015,0.00945282,0.013243675,0.007245064
2041.5,0.0049562454,-0.0007009506,-0.0005044937,0.005012512,0.003827095,0.009073257,0.009899139,0.015072823,0.0064640045,-0.00012588501,0.0008058548,0.0021867752,-0.0003671646,0.010144234,0.008906364,0.01583004,0.0029592514,0.0037317276,0.000207901,0.0043382645,0.013009071,0.014501572,0.0065345764,0.009023666,0.0036773682,0.003460884,-1.335144e-05,0.0058898926,0.013212204,0.017645836,0.00924015,0.010381699,0.013039589,0.0072155,0.006565094,0.006137848,0.013810158,0.015862465,0.014842987,0.010457993,0.013449669,0.0028448105,0.006662369,0.0037021637,0.012674332,0.013627052,0.016916275,0.012394905
2042.5,0.0049495697,0.000330925,0.00036239624,0.005502701,0.0065813065,0.011679649,0.013223648,0.01604557,0.008500099,0.002216339,0.0012340546,0.0027389526,0.0018625259,0.012368202,0.011471748,0.01871872,0.0034227371,0.005498886,0.0034189224,0.0064935684,0.01721859,0.016498566,0.012386322,0.012849808,0.0042943954,0.0045461655,0.0020275116,0.007286072,0.016180038,0.018791199,0.014629364,0.013511658,0.015075684,0.008314133,0.010046005,0.007692337,0.019013405,0.018100739,0.017782211,0.014749527,0.01414299,0.005959511,0.010581017,0.004972458,0.018060684,0.017029762,0.021361351,0.016535759
2043.5,0.003965378,0.00039291382,0.0002632141,0.006734848,0.0071287155,0.013774872,0.014149666,0.017121315,0.006924629,0.0023965836,0.0018129349,0.003897667,0.005080223,0.014653206,0.013185501,0.020469666,0.0014419556,0.0051937103,0.005847931,0.008693695,0.017817497,0.019238472,0.014072418,0.016731262,0.0039920807,0.0041913986,0.004802704,0.0072984695,0.018854141,0.022685051,0.016914368,0.01647091,0.015018463,0.010202408,0.012410164,0.0068273544,0.02435875,0.01981163,0.019989014,0.02046585,0.013028145,0.0086250305,0.012426376,0.005206108,0.02321148,0.02031517,0.02257824,0.021780014
2044.5,0.0051994324,0.0005607605,0.0021533966,0.006049156,0.009833336,0.014852524,0.015242577,0.019098282,0.008161545,0.0033826828,0.002825737,0.004421234,0.006696701,0.01599598,0.013221741,0.022479057,0.0055007935,0.0066928864,0.009026527,0.009829521,0.02098751,0.022657394,0.016264915,0.020977974,0.008087158,0.006716728,0.007865906,0.009262085,0.021632195,0.026240349,0.020824432,0.021047592,0.019504547,0.012644768,0.017186165,0.009110451,0.030075073,0.022417068,0.022488594,0.024814606,0.01695633,0.010730743,0.017264366,0.008239746,0.029328346,0.024258614,0.025610924,0.02771473
2045.5,0.0063199997,0.0014762878,0.0017213821,0.0074920654,0.011188507,0.011862755,0.017277718,0.019597054,0.010462761,0.0052986145,0.0026388168,0.0053977966,0.009173393,0.013560295,0.014903069,0.021469116,0.009334564,0.009267807,0.01072979,0.014374733,0.022574425,0.021300316,0.019376755,0.023607254,0.010900497,0.009274483,0.009244919,0.012176514,0.0238657,0.025679588,0.024084091,0.022714615,0.02510643,0.016405106,0.019410133,0.013539314,0.035211563,0.022558212,0.025853157,0.029580116,0.022557259,0.014549255,0.01957798,0.010189056,0.03674507,0.024739265,0.029561996,0.030442238
2046.5,0.010603905,0.0017080307,0.0038108826,0.0071964264,0.012800217,0.012833595,0.019249916,0.022309303,0.01217556,0.0061473846,0.0062294006,0.006497383,0.011101723,0.014151573,0.015907288,0.024289131,0.015123367,0.008189201,0.015625,0.017331123,0.026452065,0.025640488,0.023105621,0.028199196,0.016366005,0.008210182,0.013479233,0.015810013,0.026301384,0.028679848,0.028798103,0.024438858,0.032064438,0.017765045,0.02545929,0.017735481,0.040340424,0.02619648,0.030776024,0.033771515,0.030097008,0.015867233,0.023703575,0.013586998,0.043665886,0.030321121,0.033151627,0.034968376
2047.5,0.012617111,0.0023126602,0.006734848,0.0073137283,0.013706207,0.013568878,0.017428398,0.020366669,0.012965202,0.008114815,0.008220673,0.0063562393,0.012195587,0.01624012,0.014339447,0.022969246,0.018610954,0.012820244,0.018110275,0.017548561,0.028737068,0.02659893,0.023853302,0.0278759,0.021265984,0.015253067,0.016988754,0.01654911,0.027813911,0.030781746,0.031367302,0.027121544,0.037460327,0.024065018,0.029437065,0.01849556,0.042271614,0.029597282,0.035271645,0.03754902,0.036679268,0.023015022,0.028059006,0.016970634,0.047977448,0.0348711,0.03819561,0.041428566
2048.5,0.015481949,0.0014238358,0.007899284,0.0077877045,0.015802383,0.013917923,0.018316269,0.020460129,0.01584816,0.008478165,0.00989151,0.0074977875,0.012383461,0.018623352,0.01593399,0.024673462,0.024841309,0.015263557,0.020122528,0.018925667,0.030661583,0.029485703,0.027312279,0.031323433,0.027152061,0.015538216,0.020913124,0.01865387,0.030038834,0.03364277,0.03362751,0.03162861,0.042550087,0.027402878,0.034402847,0.022665024,0.04468441,0.034041405,0.038856506,0.04387951,0.04356098,0.025195122,0.034950256,0.021562576,0.050637245,0.03979969,0.04160118,0.047794342
2049.5,0.016573906,0.0044898987,0.012434959,0.008810997,0.017354965,0.013244629,0.02073288,0.023605347,0.017084122,0.010387421,0.014043808,0.008087158,0.012742043,0.018817902,0.018241882,0.029289246,0.027927399,0.019361496,0.022893906,0.020690918,0.033652306,0.030641556,0.029244423,0.03702545,0.028853416,0.016852379,0.026328087,0.02055645,0.03325081,0.034339905,0.036061287,0.03665352,0.046624184,0.031560898,0.040877342,0.028402328,0.049058914,0.038433075,0.042901993,0.052119255,0.049271584,0.030462265,0.041903496,0.028867722,0.05570793,0.043481827,0.047120094,0.05756092
2050.5,0.01848793,0.0069408417,0.014008522,0.010404587,0.019564629,0.0142736435,0.022330284,0.02478218,0.019846916,0.013238907,0.016306877,0.011811256,0.013907433,0.020139694,0.020231247,0.030301094,0.032247543,0.024012566,0.02679348,0.025266647,0.035868645,0.03172779,0.031433105,0.0407362,0.03348732,0.021855354,0.03134632,0.024521828,0.03603077,0.03711605,0.039958,0.042393684,0.05091858,0.03823471,0.046509743,0.03617096,0.053923607,0.042520523,0.049984932,0.059900284,0.05560112,0.03698826,0.04901409,0.04008484,0.058268547,0.0473032,0.05083847,0.06485653
2051.5,0.023365974,0.009839058,0.015938759,0.012672424,0.020928383,0.018569946,0.024666786,0.024662971,0.024133682,0.017050743,0.017989159,0.013232231,0.015926361,0.026931763,0.023283958,0.031804085,0.04025936,0.030938148,0.029806137,0.02911377,0.03710556,0.039320946,0.03606987,0.04334259,0.041888237,0.028682709,0.035751343,0.029122353,0.03839302,0.044434547,0.04459381,0.044262886,0.05903244,0.04590416,0.051914215,0.042962074,0.059239388,0.052223206,0.055897713,0.061927795,0.06485844,0.046247482,0.055796623,0.049625397,0.06325817,0.058639526,0.058205605,0.069413185
2052.5,0.025541306,0.01265049,0.019051552,0.014282227,0.023392677,0.016263008,0.027249336,0.02311325,0.026002884,0.019906998,0.019992828,0.014200211,0.018305779,0.025333405,0.026486397,0.030274391,0.04670143,0.03811741,0.034261703,0.030822754,0.04092312,0.041560173,0.039188385,0.043496132,0.051917076,0.036660194,0.040504456,0.033249855,0.042222977,0.047956467,0.047629356,0.049043655,0.069791794,0.05765438,0.057897568,0.04791546,0.064279556,0.061178207,0.062423706,0.06787968,0.07662773,0.057836533,0.06148529,0.05648327,0.06859493,0.07049847,0.064621925,0.07573891
2053.5,0.025118828,0.012299538,0.022541046,0.017891884,0.024022102,0.017455101,0.028188705,0.024538994,0.02400875,0.018567085,0.026762009,0.01830101,0.019577026,0.025201797,0.02939415,0.029920578,0.04557419,0.03565502,0.044163704,0.034498215,0.04445839,0.04029751,0.044239044,0.046092033,0.052021027,0.03550434,0.050700188,0.037060738,0.04465866,0.047174454,0.054756165,0.053917885,0.07312393,0.059002876,0.06801891,0.054415703,0.06839466,0.061264038,0.06897259,0.07393932,0.08209419,0.06333923,0.0716629,0.066809654,0.073628426,0.07578373,0.07333374,0.08292675
2054.5,0.025725365,0.01556778,0.021625519,0.022882462,0.026594162,0.01730156,0.029446602,0.026893616,0.024943352,0.022234917,0.027978897,0.023747444,0.020945549,0.026556969,0.032437325,0.032281876,0.045441628,0.03856373,0.048955917,0.04037857,0.05114746,0.04188156,0.049012184,0.05011177,0.055187225,0.03672123,0.05658245,0.045357704,0.04930401,0.04799652,0.059886932,0.060420036,0.07392216,0.059337616,0.07553482,0.06253815,0.07627869,0.061972618,0.07515907,0.08070278,0.0826025,0.064377785,0.08079529,0.07696533,0.08167648,0.07609367,0.08007431,0.092422485
2055.5,0.026877403,0.018211365,0.020165443,0.024707794,0.02866745,0.019517899,0.029812813,0.0293293,0.027166367,0.025050163,0.026657104,0.024956703,0.023667336,0.027842522,0.035324097,0.0352726,0.047718048,0.043099403,0.046966553,0.046494484,0.055265427,0.0449934,0.05394745,0.056467056,0.05860138,0.04359722,0.057037354,0.054175377,0.0548172,0.05032444,0.06389046,0.068510056,0.076498985,0.065322876,0.07708645,0.07414818,0.08142662,0.0671711,0.080901146,0.0884037,0.08646202,0.07190323,0.084415436,0.08913422,0.088578224,0.08279896,0.08876133,0.101709366
2056.5,0.02932167,0.018416405,0.021273613,0.023428917,0.026704788,0.022116661,0.032874107,0.032341957,0.029032707,0.026612282,0.027863503,0.023368835,0.02371025,0.031838417,0.039362907,0.039474487,0.051781654,0.04656601,0.04616165,0.043527603,0.05613613,0.049376488,0.061145782,0.061703682,0.06404114,0.04871559,0.055974007,0.054891586,0.056214333,0.054605484,0.06764221,0.07478714,0.08284378,0.06974316,0.075974464,0.077322006,0.082663536,0.07343483,0.08513546,0.09401131,0.09314251,0.07942963,0.083872795,0.09702778,0.09492016,0.09204388,0.094368935,0.109957695
2057.5,0.03135109,0.020142555,0.024606705,0.024744987,0.034183502,0.021149635,0.03286743,0.035146713,0.0326252,0.02777195,0.034047127,0.024518013,0.031355858,0.031497,0.041840553,0.044410706,0.05704117,0.049027443,0.05246353,0.045337677,0.06347847,0.047099113,0.06310463,0.067949295,0.068421364,0.053304672,0.061556816,0.05636978,0.06410599,0.05402851,0.07235718,0.08422661,0.08858013,0.07486248,0.08085251,0.076607704,0.09054756,0.07322216,0.08941841,0.101763725,0.10170841,0.08721447,0.0875206,0.10178757,0.10485554,0.09484482,0.10209179,0.12137318
2058.5,0.03365326,0.021241188,0.025507927,0.02924347,0.041623116,0.020889282,0.037599564,0.03765583,0.034235954,0.028541565,0.033769608,0.02807808,0.039492607,0.032649994,0.04461384,0.04814434,0.061221123,0.050575256,0.054840088,0.050380707,0.073924065,0.047122,0.0666132,0.073750496,0.07242584,0.054614067,0.06618214,0.062343597,0.07540417,0.055800438,0.07567501,0.0917778,0.092414856,0.07903004,0.086948395,0.0835371,0.098270416,0.07436848,0.0938406,0.109363556,0.10663128,0.093854904,0.09301567,0.10565281,0.11677265,0.0961771,0.110116005,0.13162422
2059.5,0.034230232,0.024493217,0.025616646,0.029671669,0.0411644,0.023078918,0.03732109,0.04140091,0.03650093,0.031128883,0.034938812,0.028326035,0.040872574,0.033532143,0.04590988,0.050456047,0.06281757,0.053442,0.05469513,0.05213642,0.077843666,0.049948692,0.0665102,0.079670906,0.07362938,0.059824944,0.06578827,0.06884289,0.08153725,0.059358597,0.078902245,0.096598625,0.0940361,0.08242607,0.08764744,0.08941746,0.10389805,0.07837772,0.09663105,0.11641884,0.10738754,0.098540306,0.09639263,0.11566448,0.12410259,0.10091019,0.1145792,0.14081001
2060.5,0.033729553,0.026444435,0.026889801,0.028982162,0.03812313,0.02405262,0.038532257,0.044174194,0.038479805,0.033967018,0.037605286,0.027015686,0.03610897,0.03443432,0.048083305,0.054652214,0.06529713,0.05803871,0.0585804,0.050881386,0.08139324,0.05329609,0.069314,0.08683586,0.07707691,0.06572437,0.06915665,0.07028198,0.088199615,0.063866615,0.08208561,0.105986595,0.0968647,0.08930397,0.09096146,0.09225941,0.10613918,0.08251953,0.1010437,0.12651062,0.11526966,0.10707569,0.099077225,0.121165276,0.12950897,0.10542107,0.120967865,0.15196228
2061.5,0.034830093,0.028459549,0.029593468,0.031025887,0.041113853,0.026841164,0.04427719,0.043356895,0.041173935,0.036417007,0.039842606,0.029437065,0.03800869,0.036916733,0.05356884,0.058296204,0.06823444,0.05961418,0.06280327,0.054441452,0.08174038,0.054383278,0.0756588,0.09099293,0.08122349,0.069592476,0.07312298,0.07457256,0.09287739,0.06675911,0.09082985,0.110393524,0.10031319,0.09522915,0.09464359,0.093821526,0.11085701,0.08558273,0.110845566,0.13138008,0.121251106,0.113799095,0.10454178,0.12938786,0.13340187,0.1102972,0.13229752,0.15899563
2062.5,0.034246445,0.031456947,0.031404495,0.029579163,0.04484272,0.029001236,0.049417496,0.044469833,0.043120384,0.038746834,0.04240036,0.030726433,0.042830467,0.039056778,0.060359955,0.05864048,0.068323135,0.064105034,0.06722164,0.05663109,0.08153248,0.057621002,0.083153725,0.09414101,0.085087776,0.076104164,0.07816887,0.075922966,0.09550762,0.07163334,0.09984875,0.11478138,0.10432148,0.10032272,0.09846592,0.09459114,0.11610031,0.090206146,0.11665726,0.13632202,0.12520981,0.12200165,0.110075,0.13422108,0.14276028,0.1172533,0.14426517,0.16679859
2063.5,0.03249073,0.034157753,0.03251362,0.03195381,0.045363426,0.030260086,0.048866272,0.050193787,0.041708946,0.04062462,0.044403076,0.030744553,0.043571472,0.03999424,0.061798096,0.06283665,0.06680679,0.065680504,0.06974411,0.057613373,0.08120823,0.058231354,0.08677387,0.09913349,0.0874815,0.08061981,0.08447933,0.07945919,0.094841,0.07413864,0.103731155,0.12033653,0.10676384,0.10392761,0.10286045,0.096899986,0.11480045,0.092829704,0.12013435,0.14068794,0.13053513,0.12817001,0.11805344,0.14065075,0.14835739,0.12168789,0.14937496,0.17468071
2064.5,0.032596588,0.037753105,0.035907745,0.03327751,0.047906876,0.031023026,0.05051613,0.046333313,0.04209709,0.043743134,0.04929161,0.03453827,0.045986176,0.040792465,0.06316471,0.064258575,0.06540108,0.06780338,0.075466156,0.061276436,0.08647537,0.060461998,0.09047508,0.09940529,0.08729172,0.08383083,0.09175968,0.08346748,0.10259819,0.07725048,0.10892582,0.12354088,0.108130455,0.10621834,0.109568596,0.099635124,0.11726856,0.094696045,0.12556839,0.14324379,0.13119411,0.1338644,0.12864685,0.14711666,0.15537548,0.1269989,0.15754128,0.18348694
2065.5,0.03138256,0.038887978,0.03797531,0.034885406,0.05243969,0.031726837,0.051293373,0.05199051,0.041988373,0.046004295,0.05364895,0.037902832,0.051555634,0.043296814,0.06365776,0.06862354,0.065377235,0.068115234,0.07944584,0.06311989,0.09318733,0.06177807,0.09334183,0.104263306,0.08685684,0.08589077,0.09869766,0.08629322,0.11095333,0.0818758,0.11269379,0.13170052,0.107310295,0.106817245,0.11575413,0.10095596,0.12520981,0.098498344,0.13022518,0.1508503,0.13222504,0.1358614,0.13753986,0.15160656,0.16248894,0.13173485,0.16618156,0.19575119
2066.5,0.03202057,0.041567802,0.041682243,0.035552025,0.055259705,0.034047127,0.050644875,0.05551243,0.042193413,0.047200203,0.05825901,0.03936863,0.055495262,0.046097755,0.06571102,0.07145882,0.06337166,0.06943512,0.085702896,0.066147804,0.096063614,0.066248894,0.09567642,0.106328964,0.08796978,0.08928108,0.1073761,0.08914375,0.1160326,0.08640766,0.11574459,0.13825703,0.109033585,0.10871601,0.12465572,0.10571194,0.12902164,0.1022768,0.130476,0.15832901,0.13740826,0.13783169,0.15052319,0.15754032,0.16556072,0.13815689,0.17432022,0.20739937
2067.5,0.030174255,0.04406929,0.04330921,0.03687477,0.05520439,0.033379555,0.052880287,0.057608604,0.041563034,0.0505991,0.06230259,0.0433836,0.058891296,0.045372963,0.0664053,0.07135296,0.0625658,0.06944466,0.08909798,0.06871319,0.10016346,0.06670952,0.0984745,0.10587025,0.08628082,0.09170532,0.11427784,0.09470177,0.121539116,0.08712578,0.121266365,0.14441395,0.10562134,0.10873604,0.12946892,0.11158848,0.13249111,0.102609634,0.1327753,0.16273975,0.13641739,0.14127922,0.1594162,0.16368198,0.17143726,0.1404171,0.17901897,0.2185278
2068.5,0.030526161,0.042464256,0.03928566,0.039429665,0.056767464,0.033982277,0.053382874,0.06265545,0.042154312,0.05202198,0.061145782,0.045770645,0.060790062,0.04722786,0.07150078,0.079512596,0.06314945,0.06944656,0.087506294,0.07231426,0.104385376,0.07018852,0.10074139,0.11439896,0.08718109,0.09283543,0.11874676,0.09985447,0.12910748,0.09121513,0.1271944,0.15291691,0.10561943,0.11063957,0.13097382,0.113921165,0.13703823,0.10638523,0.13772011,0.17689228,0.13851357,0.1407013,0.16418743,0.16771698,0.17982578,0.14558697,0.18894386,0.23675632
2069.5,0.03216648,0.04198742,0.040366173,0.041062355,0.057803154,0.03371334,0.056307793,0.0678463,0.04482174,0.053336143,0.062189102,0.049757004,0.06273365,0.049340248,0.07178211,0.08659172,0.06413555,0.068468094,0.08797836,0.07542515,0.10688591,0.073737144,0.10401821,0.12082958,0.08886337,0.0933342,0.12144947,0.10457325,0.13600636,0.09433937,0.13101196,0.16588688,0.10822868,0.1104002,0.13007736,0.1192379,0.13992214,0.108701706,0.14115906,0.18800926,0.14021397,0.14086819,0.17074871,0.17371845,0.18732452,0.14876842,0.19629288,0.25306892
2070.5,0.03011036,0.045092583,0.040987015,0.042681694,0.05669689,0.032237053,0.05708027,0.06999493,0.043045044,0.05410862,0.06304169,0.05225849,0.06526947,0.050320625,0.07194996,0.0915966,0.06383228,0.06815529,0.08834171,0.078351974,0.107543945,0.072725296,0.10423851,0.12777233,0.08919144,0.09569931,0.12457371,0.10852432,0.14072704,0.09667492,0.13449097,0.17466831,0.10498333,0.11240101,0.13163948,0.12365341,0.14095879,0.108431816,0.1448555,0.19820976,0.14102745,0.14500618,0.1755209,0.17797089,0.19489098,0.15188885,0.20167351,0.26618767
2071.5,0.029208183,0.04511547,0.04104519,0.046173096,0.05603218,0.03671646,0.054733276,0.07571697,0.044487,0.055134773,0.062680244,0.05683136,0.06622887,0.056451797,0.074560165,0.09689331,0.06605625,0.06800938,0.086024284,0.082393646,0.109264374,0.08133507,0.106160164,0.13315201,0.0911417,0.09788227,0.12259388,0.11477566,0.14685059,0.10237789,0.13542366,0.18649483,0.10501385,0.11481285,0.12975693,0.12878513,0.14403439,0.116378784,0.14622974,0.20610619,0.14340782,0.14826012,0.17667389,0.18509388,0.20143604,0.16250706,0.20621109,0.2814331
2072.5,0.027931213,0.04478264,0.043912888,0.04711342,0.057029724,0.034716606,0.051404953,0.07792282,0.04156971,0.05661869,0.06555176,0.05981922,0.0656271,0.057785034,0.07479191,0.10505295,0.06301212,0.0666666,0.088871,0.08545399,0.1081028,0.08169174,0.1044817,0.14338207,0.091804504,0.09941578,0.123168945,0.12100983,0.15029144,0.10527229,0.13663006,0.19626713,0.10186005,0.11428356,0.13251495,0.13383865,0.14466763,0.119000435,0.14952564,0.2161293,0.14134884,0.14962196,0.1807003,0.19347477,0.20652866,0.16681957,0.21021271,0.295722
2073.5,0.027980804,0.047444344,0.0482769,0.051081657,0.05513096,0.036273956,0.05189705,0.08227062,0.043307304,0.05731392,0.06642532,0.06434345,0.065416336,0.063191414,0.07529926,0.10770416,0.06698704,0.068081856,0.09121323,0.09257126,0.10529041,0.08755207,0.10592365,0.14449406,0.09242058,0.10111904,0.1236248,0.13109016,0.15113258,0.113657,0.13619518,0.203866,0.10094929,0.117069244,0.13444996,0.14284611,0.1417532,0.12627125,0.15046024,0.22443008,0.14221954,0.15126228,0.18590546,0.20386314,0.2079773,0.1748581,0.21560287,0.30918407
2074.5,0.027650833,0.04733467,0.048826218,0.05253601,0.055357933,0.038722992,0.05229664,0.085660934,0.04314804,0.057676315,0.06740284,0.066856384,0.06664944,0.06611252,0.07816601,0.11425781,0.065270424,0.066506386,0.089627266,0.09836769,0.10632038,0.08926678,0.10894203,0.15308094,0.0913353,0.10126686,0.12126064,0.14101505,0.15636826,0.118792534,0.13879204,0.21718788,0.098537445,0.116662025,0.13183117,0.1503725,0.14412594,0.13059807,0.15361977,0.23456669,0.13958931,0.15319538,0.18589878,0.21288109,0.21702385,0.17802906,0.21916008,0.3217516
2075.5,0.026836395,0.047966957,0.053676605,0.052592278,0.056444168,0.03916931,0.050333977,0.08542442,0.039717674,0.05911541,0.070822716,0.06824589,0.068222046,0.06767273,0.076514244,0.119410515,0.060718536,0.06909084,0.09040737,0.10250664,0.10632324,0.093847275,0.110957146,0.15726185,0.08764458,0.103279114,0.1226244,0.14642048,0.15953732,0.12203789,0.13963795,0.2225256,0.097810745,0.11710358,0.13241863,0.15474033,0.14691734,0.13591003,0.15566063,0.24166584,0.13780499,0.15712357,0.1890459,0.22186089,0.220891,0.18466377,0.2233429,0.3306942
2076.5,0.023911476,0.04495907,0.052700043,0.05297947,0.054725647,0.042459488,0.05373478,0.0869503,0.03476906,0.061081886,0.07004833,0.070604324,0.065237045,0.070056915,0.07975578,0.12261391,0.056113243,0.0709486,0.09108734,0.10484505,0.10246849,0.0921154,0.112478256,0.16410255,0.08162022,0.104001045,0.12475109,0.15263939,0.15835857,0.12520885,0.14087105,0.23211956,0.0894413,0.11546707,0.13412952,0.15894127,0.14492702,0.13672924,0.15437317,0.25179577,0.12988663,0.15613651,0.18597984,0.22922516,0.22249031,0.18545628,0.22520924,0.3438263
2077.5,0.023166656,0.046916008,0.053246498,0.050891876,0.05287838,0.04380417,0.05801487,0.089847565,0.033133507,0.060067177,0.072408676,0.06788063,0.065402985,0.06691551,0.085315704,0.12954998,0.05405712,0.06945038,0.09343624,0.102864265,0.096554756,0.090556145,0.11598873,0.17036152,0.07728672,0.1050024,0.12751102,0.15063763,0.15236282,0.12291145,0.1477251,0.24144554,0.085271835,0.11423969,0.13679028,0.15661049,0.13873291,0.13397598,0.16039181,0.26209927,0.12522984,0.15382957,0.19100094,0.23119259,0.21934223,0.18589687,0.23085976,0.35292244
2078.5,0.022605896,0.04724312,0.052267075,0.052375793,0.051397324,0.044994354,0.056505203,0.08944702,0.03377056,0.059508324,0.0704422,0.068265915,0.06720066,0.0672369,0.08561134,0.13014507,0.053233147,0.0686512,0.091958046,0.103404045,0.096972466,0.09189606,0.11850357,0.17238998,0.07301235,0.10239506,0.12868786,0.14740372,0.15355587,0.12639427,0.14483356,0.24625969,0.083610535,0.112874985,0.13719177,0.15219593,0.13948154,0.13769627,0.15621567,0.26840973,0.12366009,0.15291691,0.1921463,0.22885036,0.2182579,0.19243622,0.23107052,0.35739517
2079.5,0.02327156,0.048146248,0.05374527,0.047786713,0.050709724,0.044882774,0.052350998,0.09391308,0.035003662,0.05778122,0.06948185,0.067050934,0.06832981,0.06649017,0.0875597,0.13475704,0.054008484,0.07119942,0.09310627,0.101760864,0.097878456,0.09064865,0.11732578,0.17627907,0.07323933,0.10246658,0.1309576,0.1468668,0.15702152,0.12352276,0.14057636,0.2532406,0.08443928,0.114068985,0.13943958,0.14639282,0.14365196,0.13404179,0.15139294,0.27699852,0.12540531,0.15473557,0.1982317,0.22686768,0.22437763,0.19116116,0.22310638,0.36777496
2080.5,0.024084091,0.047911644,0.052693367,0.049708366,0.050759315,0.0481472,0.057026863,0.095231056,0.03649044,0.057744026,0.074944496,0.066856384,0.06585598,0.06813812,0.08974838,0.13605309,0.052283287,0.07133007,0.09176922,0.09848404,0.0976305,0.093930244,0.122172356,0.17785263,0.07543278,0.10422611,0.1370945,0.14350796,0.15423012,0.12588787,0.14504051,0.259202,0.085017204,0.11327839,0.14099693,0.14651585,0.14252853,0.13533592,0.15479565,0.2800064,0.12549782,0.15248966,0.20167351,0.22510433,0.22569561,0.1947546,0.22585583,0.37205887
2081.5,0.02371502,0.045001984,0.046429634,0.047056198,0.05101967,0.047593117,0.056303024,0.095645905,0.03800869,0.054951668,0.065553665,0.06616688,0.06753826,0.06726837,0.085362434,0.13665676,0.053595543,0.069761276,0.08598232,0.100631714,0.0965662,0.090247154,0.12097454,0.17831612,0.07668877,0.10154343,0.12653446,0.14566803,0.15424061,0.12719059,0.14169216,0.25835705,0.08618641,0.111063,0.13212776,0.14454651,0.1388216,0.13484383,0.15449142,0.28055,0.12631607,0.14683819,0.1914835,0.22478008,0.22488499,0.19401073,0.22528458,0.37080574
2082.5,0.022611618,0.042168617,0.047644615,0.042185783,0.050273895,0.048888206,0.05570507,0.09818649,0.03656006,0.053913116,0.063179016,0.061697006,0.0679512,0.06843758,0.083361626,0.13476753,0.04986477,0.066438675,0.084685326,0.094379425,0.09543419,0.08863926,0.12163925,0.17664528,0.0732584,0.09851742,0.12334633,0.13788319,0.15271091,0.12872982,0.14110088,0.25559902,0.08237076,0.105174065,0.12735176,0.13875389,0.13734913,0.13293171,0.15567303,0.28157806,0.120762825,0.14287281,0.18605042,0.21904373,0.22523308,0.19694996,0.22880745,0.37217999
2083.5,0.023849487,0.038640022,0.04379368,0.040812492,0.0519886,0.04490471,0.058073044,0.09161091,0.038916588,0.050567627,0.0613842,0.061712265,0.06726551,0.064294815,0.08685303,0.12911224,0.05150032,0.059318542,0.08352947,0.09300709,0.096339226,0.083548546,0.12578297,0.16974545,0.07420063,0.09082985,0.12127113,0.13621807,0.15344238,0.122719765,0.14125633,0.25098228,0.07921982,0.09828949,0.124759674,0.13430119,0.13817215,0.12789631,0.15818691,0.2737856,0.11571407,0.13877296,0.1814537,0.2162323,0.22399426,0.19452858,0.23081398,0.36905575
2084.5,0.024785042,0.033553123,0.046024323,0.04123211,0.05019474,0.045931816,0.054307938,0.0901947,0.04058647,0.0463953,0.06395149,0.061351776,0.06556702,0.06521797,0.08196163,0.1231308,0.052116394,0.049838066,0.085580826,0.09191513,0.0957365,0.08311653,0.121873856,0.16569328,0.07695675,0.07853699,0.122262,0.13205433,0.15132332,0.12067318,0.13802528,0.24553585,0.08323765,0.0850153,0.12539482,0.13171196,0.13763523,0.12645245,0.15525627,0.26452923,0.11774254,0.12219906,0.18280411,0.21437454,0.22206688,0.19226551,0.23075485,0.36274433
2085.5,0.023939133,0.03349018,0.044524193,0.039032936,0.050186157,0.044342995,0.05210018,0.087776184,0.039237022,0.047581673,0.06129551,0.06098938,0.06887627,0.064240456,0.07643604,0.120072365,0.051243782,0.04753971,0.08428478,0.09058571,0.09692001,0.08229637,0.11350155,0.16198349,0.07541752,0.07763481,0.121071815,0.1295805,0.15219307,0.12090778,0.13152885,0.23995972,0.082603455,0.08479881,0.12535,0.12539577,0.13912296,0.1265459,0.15071201,0.26188087,0.11621857,0.11746216,0.18036175,0.20373154,0.22034359,0.19182491,0.22484207,0.35699654
2086.5,0.022479057,0.032892227,0.040914536,0.03942871,0.04946518,0.04650116,0.05393696,0.085762024,0.038521767,0.049178123,0.057224274,0.059864998,0.06931877,0.065727234,0.08292866,0.116500854,0.050855637,0.04649067,0.08145714,0.09067249,0.09765816,0.08493233,0.11231899,0.15819263,0.074668884,0.076643944,0.11895561,0.12517071,0.15196037,0.124443054,0.1298685,0.23375893,0.07926369,0.08485699,0.12212181,0.12299156,0.14105797,0.12903404,0.15394878,0.25565815,0.112080574,0.115813255,0.17669392,0.20001602,0.218009,0.19086647,0.22524452,0.3522644
2087.5,0.020736694,0.034633636,0.04101944,0.039661407,0.051071167,0.044872284,0.053692818,0.07865524,0.03575611,0.050766945,0.057574272,0.06174183,0.07142544,0.06838226,0.078027725,0.10946274,0.04870224,0.04753685,0.079333305,0.08940697,0.09979439,0.08470535,0.1113987,0.15223217,0.07064247,0.080426216,0.11742687,0.12466526,0.15350342,0.12791538,0.12673378,0.23009396,0.07666397,0.08716774,0.11887932,0.12075329,0.14405632,0.13116646,0.15344334,0.24870205,0.11046791,0.11779213,0.17477608,0.19323826,0.2190485,0.19080067,0.22317219,0.34765053
2088.5,0.019461632,0.03295231,0.041312218,0.040046692,0.05326748,0.04532814,0.046030045,0.073036194,0.03448963,0.05073929,0.057584763,0.06425667,0.07482529,0.06976509,0.07289791,0.102357864,0.048905373,0.050631523,0.07880974,0.088383675,0.10162449,0.08375549,0.10674,0.14621449,0.06883907,0.082559586,0.115841866,0.12408924,0.15370655,0.12708569,0.12296963,0.22146702,0.07605553,0.09017658,0.11707401,0.122582436,0.14717579,0.1303873,0.14917088,0.23968792,0.109910965,0.1183691,0.17187881,0.19076824,0.21977425,0.188241,0.21580315,0.3392496
2089.5,0.01998806,0.03059864,0.039622307,0.039175034,0.052880287,0.045618057,0.04369068,0.07171345,0.033010483,0.04791832,0.053850174,0.062745094,0.07571125,0.068608284,0.06936264,0.0979414,0.046178818,0.048498154,0.074409485,0.08710384,0.100554466,0.08341789,0.10227966,0.14167404,0.0663023,0.080121994,0.111662865,0.12208271,0.15309715,0.12773705,0.11840534,0.21391392,0.07282925,0.08655834,0.11310196,0.120269775,0.14557171,0.13034248,0.14525509,0.22895145,0.10553932,0.11717224,0.16609287,0.18800831,0.2172327,0.18666649,0.21189594,0.3313818
2090.5,0.019171715,0.03004551,0.039627075,0.036388397,0.053129196,0.045622826,0.040510178,0.06757164,0.031822205,0.048758507,0.05394554,0.061779976,0.07563877,0.07046509,0.06478691,0.09813118,0.042829514,0.05379486,0.075754166,0.08610916,0.09946728,0.084732056,0.09899807,0.13950825,0.063482285,0.0825367,0.10943222,0.11918068,0.15130901,0.12779331,0.11383343,0.20934391,0.06909275,0.08823013,0.11079502,0.118783,0.14512348,0.13133621,0.14053345,0.22123623,0.09986973,0.11760044,0.16700459,0.18251514,0.21447563,0.18548012,0.20838642,0.32716465
2091.5,0.022101402,0.02986145,0.039027214,0.038466454,0.055306435,0.045168877,0.03919983,0.06188488,0.03457451,0.049613953,0.057084084,0.06234932,0.077934265,0.07109165,0.065773964,0.095404625,0.044107437,0.053621292,0.0758419,0.087135315,0.10243797,0.08438015,0.0962801,0.13721657,0.06475353,0.081251144,0.1116209,0.12078667,0.15328312,0.12578201,0.10964584,0.20193958,0.068800926,0.08728218,0.11349201,0.11909294,0.14684391,0.13180065,0.136096,0.21348763,0.09993458,0.11948967,0.16526604,0.18191147,0.2149725,0.18471336,0.2049532,0.31995964
2092.5,0.020738602,0.02750969,0.03914261,0.03806019,0.054955482,0.04310417,0.037094116,0.06310654,0.032610893,0.047245026,0.055514336,0.06021881,0.07610512,0.0697813,0.061582565,0.093063354,0.04416561,0.05458355,0.07386494,0.08444977,0.102087975,0.08103371,0.09148693,0.13594818,0.06512165,0.08198452,0.108587265,0.11853886,0.15152645,0.12248516,0.10566902,0.19438839,0.0683918,0.08448315,0.11122036,0.11647797,0.14491367,0.12720299,0.13010216,0.20604706,0.09929943,0.11701679,0.16469383,0.17930317,0.21364212,0.17916203,0.20234013,0.31456852
2093.5,0.021744728,0.024588585,0.037038803,0.03827381,0.05442238,0.04472637,0.033234596,0.060227394,0.03360176,0.043557167,0.05466938,0.060523987,0.07769489,0.07029438,0.058382034,0.08892727,0.04472351,0.044348717,0.07430649,0.08349323,0.10065842,0.08250046,0.08859348,0.13014698,0.06562233,0.070072174,0.10646057,0.11810875,0.14913273,0.12387657,0.10179424,0.18552303,0.0684042,0.07724571,0.10904312,0.11400986,0.14355755,0.12800694,0.12239075,0.19456959,0.09737301,0.110440254,0.16403198,0.17781353,0.2122612,0.18057346,0.19529915,0.3033085
2094.5,0.020192146,0.0245018,0.033901215,0.036117554,0.053613663,0.04126072,0.033275604,0.057603836,0.031843185,0.040000916,0.051680565,0.060904503,0.07726669,0.07005501,0.058494568,0.087667465,0.0426445,0.03630352,0.07208729,0.08180714,0.09933281,0.07924175,0.088829994,0.12594318,0.06256294,0.0640955,0.10604477,0.11798,0.14594555,0.11970234,0.102194786,0.17964268,0.064881325,0.06985664,0.10966587,0.11458588,0.14340782,0.12408161,0.12261772,0.1869402,0.09521866,0.09889603,0.16070557,0.17214298,0.2104559,0.18012619,0.1928339,0.29289532
2095.5,0.018554688,0.023465157,0.031143188,0.036912918,0.05193901,0.043431282,0.03168297,0.055747986,0.02952385,0.041439056,0.05406189,0.05730343,0.074873924,0.07080555,0.05461788,0.082883835,0.040260315,0.035243988,0.07762146,0.0766201,0.09672451,0.07922745,0.087545395,0.12067509,0.060754776,0.060338974,0.11069393,0.11149597,0.14135838,0.12123108,0.10029507,0.17381763,0.061608315,0.06850529,0.11270714,0.11005974,0.13761997,0.12725258,0.11826897,0.17999268,0.09311962,0.09883404,0.16356373,0.17020702,0.2080679,0.18339634,0.18767357,0.28206062
2096.5,0.02065754,0.01892662,0.028485298,0.036567688,0.050727844,0.042528152,0.03126812,0.050685883,0.030779839,0.03337288,0.047189713,0.05675316,0.07378101,0.07236099,0.05320549,0.077643394,0.040636063,0.02719593,0.074388504,0.07547188,0.09378052,0.08142662,0.08704281,0.11380386,0.061012268,0.05861473,0.10843372,0.1071434,0.1374979,0.12521076,0.09722614,0.16184902,0.060710907,0.06278038,0.11290741,0.107951164,0.13697052,0.12861633,0.117878914,0.16910553,0.09167671,0.09153557,0.16163063,0.16540623,0.2045393,0.18853092,0.17910576,0.26900864
2097.5,0.02121067,0.021733284,0.028337479,0.036808968,0.047016144,0.04011631,0.03072548,0.04882908,0.03173065,0.035865784,0.047808647,0.056103706,0.06970596,0.07344055,0.049686432,0.07519531,0.04474449,0.030260086,0.07319164,0.07396126,0.08941841,0.08078766,0.083379745,0.1094923,0.062514305,0.055838585,0.10535908,0.10611057,0.13213062,0.123744965,0.09734726,0.15516472,0.062008858,0.06256676,0.10948944,0.1069994,0.13415146,0.12647247,0.11428642,0.16282654,0.09084892,0.09122467,0.16333675,0.16164017,0.20205212,0.18474388,0.17631245,0.25730705
2098.5,0.02196312,0.020374298,0.031247139,0.03682041,0.047340393,0.04353428,0.028160095,0.044344902,0.032791138,0.034291267,0.045308113,0.056529045,0.07015991,0.072693825,0.05095768,0.07008171,0.045926094,0.030087471,0.07421303,0.07395935,0.08888531,0.08268547,0.082089424,0.10101509,0.06236458,0.05693531,0.10677338,0.10371208,0.12850666,0.122611046,0.0959177,0.1499672,0.06262016,0.062023163,0.1096077,0.10647869,0.13340473,0.1259718,0.11556053,0.15689754,0.089837074,0.087789536,0.15964985,0.15751076,0.19872856,0.18149948,0.17345238,0.2478838
2099.5,0.021766663,0.020285606,0.030387878,0.03785324,0.044997215,0.041502953,0.026920319,0.04292488,0.032161713,0.034100533,0.045251846,0.055514336,0.0649271,0.07237244,0.04812622,0.06594753,0.042292595,0.030568123,0.0738039,0.07148361,0.08615112,0.08177757,0.08003235,0.09757233,0.060976982,0.054964066,0.10280514,0.10498333,0.12381554,0.12053108,0.090979576,0.141819,0.059882164,0.062330246,0.10954952,0.106001854,0.12811375,0.12271786,0.10942459,0.15086555,0.089523315,0.08766365,0.15765095,0.15342426,0.19171047,0.17860699,0.169693,0.23540878
2100.5,0.022512436,0.021759033,0.03144741,0.03793049,0.04359436,0.039294243,0.027313232,0.039190292,0.03358078,0.03458309,0.043395996,0.05457878,0.062576294,0.070261,0.050019264,0.065470695,0.044219017,0.03190899,0.070845604,0.06871128,0.08186436,0.07816601,0.07984543,0.09575939,0.06345177,0.055327415,0.10237408,0.0994091,0.12015438,0.11781883,0.090566635,0.13746166,0.061681747,0.060717583,0.108325005,0.100572586,0.12652302,0.11885548,0.108654976,0.14760876,0.08990669,0.08639526,0.15525913,0.14938545,0.18620396,0.17453766,0.16610146,0.22990799
2101.5,0.024223328,0.021418571,0.032711983,0.036427498,0.04478836,0.038292885,0.027199745,0.03665638,0.035826683,0.033765793,0.045516968,0.05471897,0.06161976,0.06848812,0.049549103,0.06594849,0.04665947,0.031386375,0.06941223,0.066812515,0.07941532,0.07883358,0.078751564,0.09569168,0.06605339,0.055143356,0.10070801,0.09732914,0.11394882,0.11688709,0.08994293,0.1385603,0.06446648,0.060658455,0.10593128,0.10239315,0.12261677,0.115065575,0.10567856,0.14558315,0.09213257,0.08597946,0.15202904,0.1473093,0.17957973,0.17270756,0.16235924,0.2276926
2102.5,0.022548676,0.020558357,0.032835007,0.036730766,0.042217255,0.042780876,0.026301384,0.03426552,0.0355587,0.03268528,0.046593666,0.053094864,0.05956459,0.071611404,0.04617691,0.06874275,0.04409027,0.032149315,0.070100784,0.06524849,0.07696438,0.08136368,0.07555008,0.093177795,0.064658165,0.052583694,0.10149574,0.09630108,0.109098434,0.11799526,0.08920097,0.13383102,0.06154728,0.05815792,0.10508919,0.099677086,0.11711025,0.117720604,0.101825714,0.14176178,0.09167862,0.084897995,0.14985943,0.14638901,0.17301655,0.17475605,0.15799809,0.21860027
2103.5,0.024062157,0.022616386,0.032176018,0.035168648,0.040115356,0.040774345,0.023999214,0.0326128,0.03701687,0.033132553,0.049881935,0.052957535,0.056444168,0.06860924,0.044351578,0.06818962,0.044629097,0.032198906,0.069257736,0.06458378,0.07485962,0.07929134,0.073143005,0.087114334,0.06409836,0.050689697,0.10145664,0.09513855,0.10588646,0.115198135,0.08653736,0.12663364,0.060731888,0.05836296,0.10227203,0.09786129,0.114604,0.1163311,0.09821701,0.1355772,0.08976364,0.082253456,0.14743423,0.14671803,0.16491032,0.1734314,0.15140247,0.2107296
2104.5,0.021659851,0.02096939,0.032299995,0.032108307,0.042619705,0.040747643,0.022231102,0.029262543,0.03347206,0.03152466,0.05492401,0.050564766,0.056830406,0.06918621,0.04253578,0.06909752,0.041722298,0.030376434,0.069550514,0.06214142,0.07606411,0.07905865,0.068198204,0.0840292,0.062108994,0.05044365,0.1011343,0.093336105,0.10424423,0.1162014,0.08182907,0.12718105,0.057901382,0.056220055,0.10246372,0.09538841,0.11249733,0.11720371,0.09389973,0.12914276,0.08694363,0.081469536,0.14424992,0.14243126,0.16077614,0.17452621,0.14578342,0.20702171
2105.5,0.022153854,0.022616386,0.030136108,0.029875755,0.04262638,0.042448044,0.022644043,0.028011322,0.031921387,0.03160572,0.0588665,0.04519844,0.05405903,0.0700016,0.04192257,0.065981865,0.039676666,0.03049469,0.068754196,0.057369232,0.072117805,0.08031654,0.06692791,0.08149338,0.06068325,0.048604965,0.09873295,0.08847332,0.09860897,0.119711876,0.07803249,0.12098408,0.055954933,0.052598,0.09862137,0.090904236,0.10717201,0.12036419,0.09011078,0.123981476,0.08362675,0.077487946,0.14018726,0.13502216,0.1536789,0.17317295,0.14067364,0.20178604
2106.5,0.021986008,0.021556854,0.02931881,0.02870369,0.038002014,0.04339218,0.022119522,0.030486107,0.033381462,0.030591965,0.06308365,0.04502964,0.051254272,0.07087803,0.038179398,0.06611824,0.040032387,0.029697418,0.06677723,0.056838036,0.06798077,0.0807066,0.06294155,0.07962322,0.060005188,0.0484581,0.096969604,0.08787441,0.095630646,0.11836052,0.07199669,0.116147995,0.056141853,0.051347733,0.0959425,0.08815193,0.10170746,0.12004089,0.08462429,0.12193203,0.08066368,0.07458019,0.13682747,0.13459873,0.14782524,0.1725645,0.13210297,0.19673729
2107.5,0.021074295,0.021066666,0.02812004,0.028570175,0.036676407,0.043278694,0.01971054,0.028048515,0.030358315,0.030207634,0.0638361,0.046172142,0.048980713,0.069114685,0.034934998,0.060879707,0.03750038,0.028862953,0.06292248,0.055599213,0.064762115,0.08087349,0.058380127,0.07335377,0.056149483,0.046613693,0.09239292,0.085926056,0.092095375,0.11840248,0.06788635,0.1132803,0.051678658,0.049591064,0.092310905,0.085988045,0.09765911,0.1188364,0.08244896,0.11359596,0.07725906,0.073308945,0.13274384,0.13289928,0.14182568,0.17291737,0.124946594,0.19178104
2108.5,0.02028656,0.017985344,0.027765274,0.028180122,0.039237976,0.04078579,0.017774582,0.027050018,0.02991581,0.0284729,0.06441498,0.045022964,0.04991913,0.06455135,0.03235531,0.05578518,0.037082672,0.028222084,0.06032276,0.054198265,0.062371254,0.0796051,0.054712296,0.06791687,0.05456543,0.045199394,0.086886406,0.083571434,0.089282036,0.115249634,0.07038212,0.10783005,0.049739838,0.046420097,0.086936,0.08301735,0.096224785,0.115291595,0.0854702,0.10984707,0.07381153,0.069662094,0.12680054,0.12857056,0.13902664,0.16917992,0.11972809,0.18311977
2109.5,0.020253181,0.016724586,0.026317596,0.025140762,0.034710884,0.039889336,0.018893242,0.024518013,0.027767181,0.026880264,0.06607342,0.04249859,0.045684814,0.06346321,0.033460617,0.04976654,0.036165237,0.027262688,0.060004234,0.051208496,0.059601784,0.079776764,0.059850693,0.06603813,0.052034378,0.044534683,0.08549404,0.07928753,0.08254242,0.11417675,0.07640362,0.10410881,0.047971725,0.04450798,0.08456612,0.08220863,0.09078503,0.11467075,0.08916187,0.10358238,0.069927216,0.068421364,0.12097168,0.12395573,0.13105965,0.16726208,0.11962986,0.17126179
2110.5,0.018388748,0.015776634,0.02521038,0.02832222,0.034305573,0.03823948,0.018978119,0.02355957,0.026706696,0.02584362,0.067762375,0.047187805,0.04497814,0.06052971,0.035014153,0.051132202,0.033989906,0.024456978,0.058236122,0.052698135,0.059134483,0.07959652,0.06214714,0.06684017,0.049925804,0.042014122,0.08315563,0.08028889,0.08192539,0.11203575,0.07479954,0.10674286,0.046048164,0.0428524,0.08146095,0.08230686,0.091775894,0.11338043,0.08705521,0.1072464,0.066467285,0.06582737,0.11643696,0.123535156,0.12656021,0.16401291,0.11588287,0.16924667
2111.5,0.018698692,0.017222404,0.0263834,0.029997826,0.034561157,0.03599167,0.02058506,0.025440216,0.026036263,0.026520729,0.06801605,0.046774864,0.04458332,0.057621956,0.04048729,0.0529356,0.03223133,0.026249886,0.057789803,0.05119896,0.056760788,0.07601452,0.058120728,0.070521355,0.048005104,0.043268204,0.08258629,0.07837391,0.07726383,0.10672569,0.07242298,0.10833168,0.04467964,0.04508114,0.082304,0.080246925,0.08903599,0.107562065,0.08103943,0.10512066,0.063697815,0.06560707,0.11574745,0.119345665,0.123272896,0.16025162,0.111634254,0.16302967
2112.5,0.01790905,0.015369415,0.026545525,0.030873299,0.03169346,0.038279533,0.02680397,0.02865696,0.02448082,0.02451706,0.06804848,0.04515648,0.04049492,0.053346634,0.043296814,0.059613228,0.03263378,0.02598095,0.056768417,0.05190468,0.054231644,0.072333336,0.054668427,0.0736227,0.04719162,0.04216957,0.082081795,0.07725811,0.07210541,0.102638245,0.068546295,0.111813545,0.043344498,0.043384552,0.08090305,0.07581997,0.0878582,0.10296059,0.0756979,0.109090805,0.061577797,0.06379223,0.11363888,0.11859226,0.11828804,0.1578083,0.103964806,0.16111279
2113.5,0.016201973,0.016423225,0.025190353,0.027895927,0.031113625,0.036014557,0.02594471,0.029518127,0.02413559,0.02503109,0.06660271,0.041371346,0.040517807,0.052423477,0.038347244,0.056941986,0.030849457,0.024637222,0.054263115,0.04874611,0.05441284,0.067007065,0.047275543,0.07134342,0.04531002,0.04079151,0.07974529,0.07418156,0.07221794,0.09843159,0.0649519,0.106036186,0.04118061,0.042398453,0.076607704,0.07287598,0.0870142,0.1000185,0.06979275,0.10251045,0.059246063,0.06163311,0.10634518,0.11396217,0.11769962,0.15330982,0.09867573,0.1571331
2114.5,0.016360283,0.01692772,0.025432587,0.028247833,0.031601906,0.034628868,0.017757416,0.033140182,0.024671555,0.02484703,0.06954956,0.041189194,0.040151596,0.050231934,0.029268265,0.059256554,0.02991867,0.025450706,0.05679226,0.04787445,0.04960251,0.06789303,0.040956497,0.06973171,0.044095993,0.040865898,0.08587551,0.07145405,0.06840801,0.10237694,0.058442116,0.10555935,0.04039383,0.041960716,0.082019806,0.0709362,0.085181236,0.102516174,0.062207222,0.103102684,0.056580544,0.06158352,0.108989716,0.10916138,0.113554,0.15283394,0.08816147,0.1515503
2115.5,0.01582241,0.01650238,0.026845932,0.0266428,0.027456284,0.034431458,0.0155181885,0.03422165,0.02305603,0.023870468,0.07073879,0.03713894,0.036623,0.047346115,0.027767181,0.054688454,0.02870369,0.0244236,0.057437897,0.04488945,0.046295166,0.06531811,0.038621902,0.070646286,0.04157257,0.038183212,0.08358765,0.06941128,0.06561375,0.10089111,0.054985046,0.097714424,0.03765869,0.03955555,0.07823944,0.06623173,0.08091545,0.103507996,0.059836388,0.09705734,0.055192947,0.057756424,0.10713005,0.104551315,0.10670376,0.15391827,0.08467865,0.14659214
2116.5,0.015551567,0.015930176,0.025601387,0.022424698,0.029353142,0.03447151,0.013598442,0.0350914,0.0222826,0.02291298,0.068808556,0.033895493,0.037978172,0.047397614,0.022984505,0.05461502,0.027635574,0.02339077,0.055444717,0.043031693,0.048351288,0.06430054,0.03600979,0.06774998,0.03997612,0.035533905,0.081861496,0.06410313,0.06872463,0.10185146,0.051138878,0.09824562,0.036862373,0.037222862,0.074956894,0.06252861,0.081269264,0.10222435,0.056315422,0.09655857,0.052444458,0.054344177,0.10351944,0.09920597,0.102950096,0.14978695,0.08006668,0.13811111
2117.5,0.014513016,0.016236305,0.02652359,0.024936676,0.029750824,0.034859657,0.01554966,0.03627205,0.021113396,0.02305603,0.06768608,0.034938812,0.036927223,0.046813965,0.023988724,0.051372528,0.026485443,0.023770332,0.056509018,0.04356861,0.045677185,0.06516552,0.038952827,0.06616306,0.03725815,0.035248756,0.08101654,0.0624485,0.064925194,0.101426125,0.05285549,0.09329414,0.034039497,0.036252975,0.074017525,0.061656952,0.07615852,0.100749016,0.05841446,0.09099293,0.049376488,0.05314064,0.10626507,0.09771538,0.10106754,0.14891148,0.079758644,0.13379765
2118.5,0.012432098,0.014545441,0.027116776,0.024926186,0.023056984,0.03517723,0.013913155,0.03845787,0.019116402,0.020589828,0.066524506,0.033525467,0.03085041,0.04412937,0.021842003,0.052230835,0.023875237,0.021801949,0.04883194,0.042279243,0.041957855,0.06397438,0.036815643,0.06471348,0.03422451,0.033881187,0.07721996,0.059020042,0.059552193,0.09830856,0.051223755,0.09186363,0.03110218,0.034628868,0.07012653,0.060432434,0.071053505,0.09922695,0.055912018,0.09295273,0.047078133,0.04922867,0.10310459,0.09345627,0.0931139,0.14421844,0.07810497,0.12982464
2119.5,0.014561653,0.013825417,0.02137947,0.022928238,0.022764206,0.032096863,0.01236248,0.038697243,0.017495155,0.020655632,0.06301308,0.03212738,0.031769753,0.04027748,0.022777557,0.05095482,0.02130413,0.02193737,0.045153618,0.041846275,0.040909767,0.061606407,0.035780907,0.062431335,0.031134605,0.03276539,0.07263088,0.05654335,0.060617447,0.09498596,0.04891491,0.08644104,0.028609276,0.03333187,0.06759262,0.056357384,0.069885254,0.09417534,0.05404854,0.08853054,0.04500103,0.048750877,0.1001215,0.0884943,0.091404915,0.1426611,0.073890686,0.1280241
2120.5,0.013583183,0.012504578,0.018663406,0.02258873,0.020981789,0.031295776,0.012263298,0.037632942,0.019950867,0.020555496,0.0596447,0.030513763,0.03113556,0.039738655,0.02174759,0.046372414,0.024004936,0.020105362,0.043006897,0.03839588,0.036904335,0.061645508,0.03260231,0.058543205,0.033800125,0.03183651,0.067326546,0.054367065,0.054263115,0.09157848,0.04531002,0.08252716,0.030920982,0.03239727,0.06284523,0.054247856,0.062360764,0.0883646,0.050020218,0.081790924,0.04421711,0.04689598,0.09480095,0.085217476,0.08671856,0.14058495,0.0711298,0.1198616
2121.5,0.014570236,0.011487961,0.017718315,0.020263672,0.019806862,0.030237198,0.012216568,0.041841507,0.020658493,0.019136429,0.059025764,0.028122902,0.03363228,0.040083885,0.018572807,0.047748566,0.024524689,0.018431664,0.04072094,0.037177086,0.036426544,0.056506157,0.030382156,0.058506966,0.0350132,0.02978611,0.06083393,0.05086422,0.054943085,0.08389282,0.043240547,0.08182144,0.032575607,0.030184746,0.058556557,0.05157566,0.06250572,0.08245182,0.044400215,0.08145332,0.046729088,0.045217514,0.08877468,0.082006454,0.08315277,0.13317299,0.06864834,0.119659424
2122.5,0.01262188,0.012252808,0.015623093,0.0181036,0.018440247,0.028841019,0.01043129,0.04261875,0.018706322,0.01981163,0.0574522,0.026892662,0.030838013,0.03695774,0.01924324,0.046920776,0.022291183,0.01905346,0.037243843,0.034233093,0.03575325,0.052859306,0.028784752,0.05715084,0.033662796,0.029766083,0.06289005,0.048283577,0.05256939,0.07896042,0.0429039,0.079628944,0.030778885,0.03018856,0.060263634,0.04871559,0.05856228,0.0775671,0.04377079,0.0763464,0.04598999,0.044742584,0.08845806,0.07647133,0.08021736,0.13053322,0.06613445,0.11498833
2123.5,0.012552261,0.011199951,0.014330864,0.015847206,0.016085625,0.030700684,0.008357048,0.041668892,0.017666817,0.018022537,0.05538082,0.023557663,0.030314445,0.036758423,0.017422676,0.04480362,0.020997047,0.017780304,0.039895058,0.030849457,0.031163216,0.053361893,0.02553749,0.0548563,0.031277657,0.028820992,0.054852486,0.04349804,0.046808243,0.07713604,0.04043579,0.07488537,0.03029728,0.028196335,0.052345276,0.04327011,0.053954124,0.076657295,0.039993286,0.071665764,0.04456711,0.042800903,0.08005428,0.070014,0.07562256,0.13120079,0.06437302,0.110583305
2124.5,0.01289463,0.009935379,0.015107155,0.014420509,0.015579224,0.032381058,0.008731842,0.04202366,0.017484665,0.017176628,0.054964066,0.021006584,0.032791138,0.040667534,0.015608788,0.04321575,0.02108574,0.017942429,0.033946037,0.028560638,0.032866478,0.056429863,0.024328232,0.050344467,0.030664444,0.028614998,0.052586555,0.040783882,0.046669006,0.078894615,0.036061287,0.07020378,0.02963829,0.027991295,0.050196648,0.04214096,0.054834366,0.07822132,0.038430214,0.07100201,0.045098305,0.04134941,0.076333046,0.065423965,0.07479477,0.13364029,0.060979843,0.10781574
2125.5,0.01516819,0.009365082,0.017095566,0.012462616,0.016088486,0.027457237,0.008685112,0.04015541,0.02103901,0.017035484,0.054665565,0.018939018,0.032398224,0.04017067,0.013476372,0.044387817,0.024018288,0.016676903,0.03358555,0.027887344,0.035482407,0.0534029,0.022508621,0.046002388,0.033994675,0.027064323,0.05189228,0.037629128,0.048225403,0.07505131,0.035536766,0.064245224,0.032292366,0.028352737,0.049263,0.038812637,0.055134773,0.077251434,0.03881836,0.064097404,0.047362328,0.039874077,0.07444763,0.063420296,0.069934845,0.12906837,0.058275223,0.10156822
2126.5,0.012949944,0.0096588135,0.009410858,0.012984276,0.014226913,0.024224281,0.008468628,0.037807465,0.01820755,0.016459465,0.043973923,0.018230438,0.031991005,0.038951874,0.012032509,0.039652824,0.021402359,0.017240524,0.028197289,0.026626587,0.03145027,0.052901268,0.020656586,0.039587975,0.03065586,0.02730465,0.043385506,0.036524773,0.044815063,0.071149826,0.033161163,0.05931282,0.029009819,0.027906418,0.042079926,0.036813736,0.05224037,0.070651054,0.03791523,0.05882454,0.043232918,0.03959179,0.06616211,0.059500694,0.06902313,0.11696339,0.05692196,0.09447956
2127.5,0.01196003,0.009345055,0.019493103,0.012125969,0.0163908,0.02266407,0.0065603256,0.036385536,0.016968727,0.014655113,0.052145004,0.015979767,0.034223557,0.040680885,0.0086631775,0.037316322,0.019976616,0.016555786,0.032341003,0.024730682,0.03190708,0.050946236,0.01701355,0.036808968,0.030212402,0.023991585,0.04675865,0.034397125,0.045485497,0.07040119,0.029601097,0.05575943,0.028478622,0.02630043,0.04528141,0.034685135,0.053757668,0.06810665,0.03575802,0.05453682,0.043086052,0.03786087,0.06682682,0.05853653,0.068510056,0.106188774,0.05255127,0.09010315
2128.5,0.011124611,0.00929451,0.015987396,0.012173653,0.013791084,0.01958847,0.004252434,0.032805443,0.01640129,0.014731407,0.047076225,0.015586853,0.031841278,0.03992176,0.007214546,0.03358364,0.019628525,0.017126083,0.03335476,0.026769638,0.03145027,0.047863007,0.0149383545,0.033395767,0.029539108,0.025523186,0.04629898,0.03624916,0.045416832,0.0666914,0.026759148,0.0529356,0.027954102,0.027915,0.046450615,0.03535366,0.049768448,0.063892365,0.03282261,0.050754547,0.042236328,0.037373543,0.0653944,0.05723858,0.0655756,0.1022768,0.049193382,0.08203697
2129.5,0.0098724365,0.009673119,0.015694618,0.012453079,0.012063026,0.021450996,0.004460335,0.032177925,0.014588356,0.016472816,0.044215202,0.01525116,0.030493736,0.041003227,0.0076646805,0.030958176,0.016961098,0.01785183,0.032147408,0.02517891,0.026471138,0.04936123,0.01449585,0.031929016,0.026258469,0.026626587,0.044032097,0.035881996,0.041420937,0.06789398,0.023716927,0.049926758,0.024999619,0.027265549,0.044371605,0.033308983,0.04961586,0.06546879,0.030697823,0.04833889,0.039212227,0.03826332,0.059062958,0.055594444,0.061284065,0.09695244,0.047169685,0.07924938
2130.5,0.009850502,0.009272575,0.014966965,0.010836601,0.014885902,0.020882607,0.004073143,0.028844833,0.01570797,0.014451981,0.042211533,0.011744499,0.032767296,0.0407753,0.0047893524,0.028007507,0.018194199,0.016292572,0.027468681,0.0209198,0.026114464,0.0480175,0.012395859,0.028745651,0.02543354,0.025016785,0.040128708,0.031936646,0.038743973,0.0650177,0.02103424,0.047581673,0.02504158,0.026028633,0.039326668,0.030014992,0.046337128,0.06299496,0.027730942,0.042220116,0.03742504,0.035241127,0.06091118,0.05142498,0.061683655,0.09370899,0.04128647,0.07288742
2131.5,0.00954628,0.00990963,0.013139725,0.012104034,0.0147275925,0.020778656,0.003481865,0.026817322,0.016044617,0.014929771,0.039107323,0.01131916,0.031669617,0.03865719,0.0051174164,0.02626419,0.018352509,0.016994476,0.031412125,0.021719933,0.02682972,0.045387268,0.010257721,0.027528763,0.025691986,0.02540493,0.03524208,0.032730103,0.040550232,0.062273026,0.018684387,0.044236183,0.02421379,0.02590847,0.041013718,0.029823303,0.0468359,0.06053257,0.025099754,0.037859917,0.036278725,0.035129547,0.05141735,0.050369263,0.060598373,0.091757774,0.03880596,0.06609726
2132.5,0.0112838745,0.010231018,0.01257515,0.010787964,0.015141487,0.023126602,0.004187584,0.025995255,0.015961647,0.014707565,0.037949562,0.010346413,0.030956268,0.038921356,0.0028381348,0.026364326,0.01807499,0.015946388,0.025688171,0.020068169,0.026213646,0.04297638,0.007930756,0.02788353,0.025605202,0.025302887,0.038939476,0.030469894,0.0374012,0.059814453,0.017630577,0.041330338,0.024251938,0.024979591,0.0333395,0.02463913,0.045679092,0.059789658,0.022995949,0.037949562,0.036445618,0.03500557,0.05032158,0.047002792,0.057829857,0.09044647,0.03339672,0.06280327
2133.5,0.008471489,0.011099815,0.012166023,0.010905266,0.014537811,0.021419525,0.0045194626,0.023982048,0.012239456,0.015514374,0.038061142,0.008347511,0.027991295,0.03644085,0.0033226013,0.024813652,0.015813828,0.016405106,0.021071434,0.018013,0.025027275,0.04004574,0.007490158,0.025065422,0.022999763,0.025924683,0.0304842,0.025401115,0.037143707,0.054541588,0.018465996,0.03851986,0.022455215,0.024579048,0.030659676,0.02431488,0.044177055,0.055529594,0.023077965,0.035245895,0.033211708,0.034459114,0.04644203,0.04466343,0.055755615,0.087613106,0.032286644,0.05846405
2134.5,0.009479523,0.008905411,0.01175499,0.009548187,0.012963295,0.020445824,0.005949974,0.023902893,0.0132751465,0.01316452,0.036179543,0.009067535,0.02829361,0.03331566,0.005188942,0.025313377,0.016314507,0.014695168,0.02020073,0.01845169,0.024220467,0.038513184,0.006166458,0.024419785,0.021533012,0.023862839,0.02876091,0.024552345,0.036931038,0.051935196,0.017178535,0.03660679,0.021184921,0.022375107,0.029393196,0.021715164,0.044107437,0.052376747,0.020119667,0.03327465,0.032100677,0.03264427,0.04527855,0.041452408,0.05469799,0.086232185,0.027609825,0.05409813
2135.5,0.008962631,0.008314133,0.009953499,0.008899689,0.011458397,0.019739151,0.004644394,0.024100304,0.013552666,0.012560844,0.035201073,0.00822258,0.028093338,0.03193474,0.004658699,0.022577286,0.015834808,0.014089584,0.018523216,0.016933441,0.024037361,0.03627968,0.0043764114,0.022536278,0.019717216,0.021985054,0.027734756,0.025525093,0.035900116,0.04919243,0.021777153,0.0336771,0.020828247,0.020754814,0.028244972,0.02307415,0.045214653,0.048624992,0.021299362,0.0323925,0.029232979,0.031576157,0.042490005,0.0440197,0.052479744,0.083930016,0.029605865,0.050764084
2136.5,0.008821487,0.009514809,0.011050224,0.009550095,0.009083748,0.017902374,0.002521515,0.02012539,0.012501717,0.014586449,0.034827232,0.009288788,0.025627136,0.027478218,0.008423805,0.021864891,0.015000343,0.015217781,0.017853737,0.01766491,0.022387505,0.033194542,0.008016586,0.022032738,0.01964569,0.024282455,0.026751518,0.023751259,0.033452034,0.04396534,0.02229786,0.03139019,0.019687653,0.022943497,0.02822876,0.023340225,0.04303646,0.044916153,0.01913166,0.02956009,0.02851963,0.03443432,0.040745735,0.04001999,0.048301697,0.08115673,0.026566505,0.04690647
2137.5,0.007741928,0.008379936,0.010875702,0.010103226,0.008381844,0.020615578,0.0027723312,0.023410797,0.012054443,0.013116837,0.03159809,0.009792328,0.024353981,0.028541565,0.005750656,0.019956589,0.013583183,0.014400482,0.014980316,0.01995945,0.020917892,0.033459663,0.004880905,0.022480965,0.018342018,0.022052765,0.024986267,0.02421856,0.029759407,0.04380703,0.024991035,0.030900002,0.017463684,0.020920753,0.026512146,0.0224123,0.04267311,0.043979645,0.023677826,0.0299654,0.026064873,0.03479767,0.038165092,0.0410223,0.045487404,0.08554745,0.029211998,0.046788216
2138.5,0.008485794,0.0072259903,0.011313438,0.009771347,0.010276794,0.022370338,0.0010490417,0.018648148,0.012509346,0.011818886,0.031114578,0.008794785,0.023777008,0.025047302,0.007258415,0.020503998,0.015420914,0.013407707,0.017297745,0.016166687,0.02146244,0.03509903,0.0076932907,0.020684242,0.018600464,0.02130413,0.025541306,0.023622513,0.029384613,0.04912281,0.019137383,0.02933979,0.017989159,0.0194664,0.026391983,0.02136898,0.042575836,0.047851562,0.019563675,0.027533531,0.026406288,0.031442642,0.037549973,0.03887081,0.04451275,0.08331585,0.02502346,0.041873932
2139.5,0.009238243,0.0066595078,0.014186859,0.01085186,0.00997448,0.026395798,0.00344944,0.019641876,0.012002945,0.011374474,0.02855587,0.011399269,0.022176743,0.02817154,0.006500244,0.020575523,0.015069008,0.013226509,0.018385887,0.01958847,0.02022934,0.043171883,0.0011539459,0.019480705,0.019861221,0.020140648,0.0250597,0.022949219,0.027805328,0.051160812,0.020821571,0.029681206,0.018321037,0.02030468,0.027715683,0.024707794,0.040427208,0.05115795,0.024126053,0.02758789,0.02675438,0.030405045,0.037591934,0.038041115,0.043112755,0.08227539,0.026287079,0.04164791
2140.5,0.007543564,0.0056943893,0.01416111,0.011144638,0.010102272,0.021896362,-0.001707077,0.021587372,0.011053085,0.009509087,0.025889397,0.010281563,0.023123741,0.025802612,0.0039520264,0.021068573,0.0132761,0.011356354,0.017755508,0.015702248,0.019460678,0.040415764,0.0037956238,0.017787933,0.018719673,0.020213127,0.02377224,0.02122879,0.027276993,0.04419136,0.01635933,0.029227257,0.016830444,0.018468857,0.02752781,0.021518707,0.040922165,0.04374218,0.017672539,0.029278755,0.024227142,0.031562805,0.03487587,0.03627205,0.042089462,0.07630253,0.022735596,0.041772842
2141.5,0.00843811,0.0068387985,0.014241219,0.0101156235,0.009475708,0.01722908,-0.0023822784,0.024757385,0.012029648,0.010099411,0.027065277,0.009537697,0.022332191,0.021645546,0.0032806396,0.025184631,0.014407158,0.0120821,0.019237518,0.01661396,0.02004528,0.036647797,0.0027265549,0.01801014,0.018580437,0.01884079,0.025003433,0.0203619,0.02478218,0.038424492,0.017002106,0.030266762,0.016400337,0.018975258,0.028274536,0.022649765,0.039839745,0.037949562,0.017651558,0.029704094,0.023453712,0.029685974,0.037674904,0.036971092,0.040057182,0.07150459,0.022856712,0.04475689
2142.5,0.007854462,0.0068740845,0.013500214,0.010004997,0.008729935,0.016365051,-0.0030899048,0.024547577,0.011076927,0.008570671,0.02700138,0.010101318,0.020739555,0.02110672,-0.00089645386,0.026424408,0.013687134,0.009234428,0.018429756,0.016141891,0.020318031,0.037578583,0.0017614365,0.017560005,0.0182333,0.01667595,0.021951675,0.022434235,0.023317337,0.039636612,0.012151718,0.031036377,0.015594482,0.015444756,0.02505207,0.02172184,0.038977623,0.03878975,0.014037132,0.032579422,0.02294159,0.025357246,0.03395939,0.036136627,0.039094925,0.073233604,0.01889801,0.044197083
2143.5,0.006942749,0.006175041,0.013335228,0.011463165,0.0074863434,0.016659737,-0.0036945343,0.02614975,0.009759903,0.010515213,0.02807045,0.011249542,0.018678665,0.019734383,-0.00081443787,0.028158188,0.012046814,0.01264286,0.015246391,0.01788807,0.021224976,0.03821373,0.0013084412,0.019348145,0.01733017,0.020273209,0.020500183,0.02300167,0.022135735,0.03873253,0.0120821,0.0323925,0.015382767,0.018540382,0.028578758,0.024727821,0.038550377,0.038742065,0.012939453,0.03154373,0.021073341,0.027547836,0.03089428,0.038108826,0.03600216,0.071388245,0.017559052,0.045454025
2144.5,0.006580353,0.0052423477,0.013077736,0.009624481,0.007801056,0.015346527,-0.008193016,0.0337677,0.0091199875,0.009806633,0.0297575,0.011435509,0.016740799,0.02118969,-0.0031347275,0.03570366,0.011492729,0.012513161,0.014520645,0.016291618,0.020632744,0.040014267,-0.0033960342,0.024427414,0.016846657,0.01649189,0.01981163,0.021873474,0.020054817,0.036966324,0.0091199875,0.038619995,0.013364792,0.016951561,0.02520752,0.023573875,0.03908348,0.037218094,0.0071554184,0.040252686,0.019832611,0.025060654,0.030481339,0.035884857,0.03486252,0.06700516,0.01276207,0.048353195
2145.5,0.0070972443,0.0050373077,0.012284279,0.011001587,0.0062646866,0.014903069,-0.008400917,0.017385483,0.009685516,0.008943558,0.029388428,0.013011932,0.016271591,0.021561623,-0.0027275085,0.021282196,0.0110292435,0.010677338,0.011323929,0.018274307,0.019789696,0.043744087,-0.0002117157,0.010120392,0.016096115,0.018239975,0.025428772,0.023410797,0.018024445,0.0364151,0.0098667145,0.024282455,0.012953758,0.016050339,0.020127296,0.024163246,0.03765011,0.03731346,0.0075826645,0.02494812,0.018321037,0.027599335,0.02848816,0.03741741,0.033062935,0.06573391,0.011633873,0.044578552
2146.5,0.007827759,0.005706787,0.011634827,0.011393547,0.0051813126,0.013961792,-0.009987831,0.02276802,0.009791374,0.00963974,0.031414986,0.0123643875,0.016762733,0.020431519,-0.0041360855,0.02722168,0.011900902,0.010691643,0.009807587,0.014258385,0.020461082,0.045729637,-0.0034618378,0.014558792,0.016669273,0.018052101,0.022206306,0.022708893,0.017518044,0.037620544,0.004463196,0.027431488,0.0124082565,0.016022682,0.01835823,0.022543907,0.038366318,0.035523415,0.007853508,0.03019905,0.018371582,0.026883125,0.02667427,0.03643608,0.032393456,0.06086254,0.011466026,0.045869827
2147.5,0.0065374374,0.004878998,0.0110292435,0.010811806,0.00795269,0.012501717,-0.011147499,0.026081085,0.009198189,0.0088710785,0.032057762,0.012136459,0.02016449,0.021419525,-0.004544258,0.03442955,0.010996819,0.010530472,0.0086603165,0.013466835,0.025086403,0.046827316,-0.0011949539,0.019065857,0.015053749,0.01709938,0.01717186,0.021054268,0.023104668,0.037306786,0.007446289,0.033676147,0.010622025,0.015707016,0.016519547,0.020370483,0.04324913,0.034487724,0.008078575,0.036109924,0.01768589,0.026453018,0.024744987,0.0333004,0.03739071,0.05741024,0.009255409,0.047157288
2148.5,0.0054912567,0.0053539276,0.012103081,0.012889862,0.0126791,0.012478828,-0.010407448,0.025323868,0.0074481964,0.009813309,0.033141136,0.011663437,0.024571419,0.019747734,-0.001203537,0.038167953,0.009475708,0.011372566,0.009326935,0.013474464,0.029223442,0.047872543,0.00056266785,0.020095825,0.013054848,0.017577171,0.018258095,0.022268295,0.027893066,0.036554337,0.0058460236,0.03520584,0.010361671,0.016235352,0.016885757,0.019938469,0.048638344,0.032610893,0.0077705383,0.03652382,0.017295837,0.026425362,0.024395943,0.031552315,0.044267654,0.05418396,0.011813164,0.061832428
2149.5,0.0068035126,0.006453514,0.01085186,0.012728691,0.008610725,0.012012482,-0.012781143,0.022315979,0.00817585,0.010182381,0.03190136,0.012677193,0.01789856,0.017590523,-0.0056095123,0.043670654,0.010249138,0.012373924,0.010396957,0.014165878,0.020629883,0.048373222,-0.002380371,0.021148682,0.0133981705,0.018001556,0.016882896,0.020020485,0.019439697,0.034303665,0.0064468384,0.034656525,0.010845184,0.015303612,0.016579628,0.018521309,0.04282093,0.030014992,0.007935524,0.033639908,0.01700592,0.027220726,0.024012566,0.028453827,0.040179253,0.05306053,0.008283615,0.0540123
2150.5,0.0044670105,0.0042858124,0.013065338,0.013975143,8.392334e-05,0.010316849,-0.014901161,0.015703201,0.007707596,0.009199142,0.031051636,0.013120651,0.0115242,0.01657772,-0.0048542023,0.03015709,0.008766174,0.01140213,0.01019001,0.0161829,0.014917374,0.048493385,0.0018196106,0.014806747,0.012811661,0.017217636,0.018484116,0.02193737,0.0141096115,0.032188416,0.0048360825,0.027935028,0.01093483,0.013382912,0.015715599,0.021004677,0.031270027,0.027445793,0.007986069,0.029315948,0.016305923,0.02580452,0.024107933,0.028179169,0.028971672,0.054470062,0.010951996,0.04644394
2151.5,0.0038833618,0.004942894,0.013424873,0.013486862,0.0004196167,0.008148193,-0.016464233,0.027820587,0.006545067,0.010321617,0.028964043,0.011642456,0.013736725,0.016978264,-0.005036354,0.031015396,0.0078315735,0.011275291,0.011583328,0.013268471,0.019329071,0.050103188,-0.0007286072,0.028600693,0.0112018585,0.016488075,0.018828392,0.018218994,0.01874733,0.030101776,0.003484726,0.038244247,0.0107450485,0.014766693,0.017404556,0.017609596,0.030519485,0.025589943,0.008473396,0.038993835,0.015377045,0.025939941,0.023715973,0.025443077,0.030569077,0.05219841,0.008271217,0.049856186
2152.5,0.0026636124,0.005627632,0.014061928,0.013179779,0.0034723282,0.009659767,-0.01444149,0.016752243,0.0061531067,0.011053085,0.030619621,0.010019302,0.014779091,0.01783657,-0.006836891,0.040273666,0.0057811737,0.011255264,0.015619278,0.014356613,0.018108368,0.052350044,0.00028419495,0.019348145,0.0090789795,0.016332626,0.020741463,0.020228386,0.019925117,0.034625053,0.0033922195,0.030599594,0.008298874,0.014260292,0.02081871,0.018122673,0.031154633,0.024669647,0.0060863495,0.02954483,0.0123233795,0.025025368,0.026813507,0.024580002,0.032217026,0.06014061,0.008577347,0.045389175
2153.5,0.0030155182,0.0033130646,0.013792992,0.011411667,0.006102562,0.008872032,-0.016036034,0.025577545,0.0065603256,0.009274483,0.030283928,0.007839203,0.0156002045,0.018807411,-0.006257057,0.03952408,0.0071020126,0.008970261,0.01745987,0.010446548,0.01987648,0.053728104,0.0023937225,0.024612427,0.0100393295,0.014245987,0.021691322,0.015547752,0.021162033,0.02868843,0.002617836,0.03820038,0.009380341,0.01307869,0.021900177,0.013282776,0.033388138,0.022630692,0.010736465,0.032468796,0.01309967,0.023174286,0.027929306,0.019252777,0.032936096,0.056892395,0.010871887,0.049840927
2154.5,0.0043640137,0.0055379868,0.012298584,0.009379387,0.009633064,0.009225845,-0.013160706,0.031471252,0.0058927536,0.010684967,0.027095795,0.0067195892,0.014641762,0.018781662,-0.0049152374,0.03595543,0.0062685013,0.011761665,0.01615715,0.010058403,0.018618584,0.056005478,0.0033111572,0.023324966,0.010225296,0.01734066,0.02126503,0.013903618,0.022006989,0.03319359,-0.00086307526,0.047351837,0.007323265,0.017781258,0.018751144,0.013711929,0.033053398,0.024224281,0.009566307,0.03081131,0.011595726,0.025251389,0.026403427,0.02092266,0.033543587,0.06342983,0.00884819,0.051431656
2155.5,0.003437996,0.0036811829,0.010499001,0.010855675,0.009645462,0.01076889,-0.013597488,0.041477203,0.0064029694,0.008997917,0.024601936,0.00866127,0.012125969,0.020475388,-0.0059041977,0.038345337,0.0066108704,0.009407043,0.015027046,0.010721207,0.017858505,0.05818844,0.0048646927,0.026187897,0.010297775,0.01507473,0.018767357,0.013961792,0.023194313,0.034658432,0.0011482239,0.03842926,0.006924629,0.016867638,0.016242027,0.012312889,0.032608032,0.025367737,0.011502266,0.031085968,0.01222229,0.02244854,0.02409172,0.017576218,0.034949303,0.06610203,0.010297775,0.056840897
2156.5,0.0049409866,0.0042848587,0.0068416595,0.010293961,0.009558678,0.009999275,-0.015476227,0.031137466,0.0077257156,0.010318756,0.022210121,0.00771904,0.011983871,0.021065712,-0.010756493,0.03888321,0.00848484,0.009960175,0.01336956,0.010866165,0.016227722,0.057374954,0.003027916,0.026569366,0.011758804,0.016023636,0.01681137,0.01681137,0.021159172,0.034290314,-0.001991272,0.033756256,0.008620262,0.016410828,0.013457298,0.01371479,0.03151989,0.023884773,0.009839058,0.033058167,0.013859749,0.02153778,0.021069527,0.019303322,0.03386116,0.07038498,0.0064897537,0.05290985
2157.5,0.0053901672,0.00458622,0.008477211,0.009708405,0.00820446,0.010131836,-0.015087128,0.029582977,0.008731842,0.009785652,0.02415371,0.007498741,0.01085186,0.018663406,-0.012812614,0.042232513,0.009332657,0.007715225,0.01745224,0.008976936,0.013428688,0.05333805,0.0058526993,0.03152466,0.0128240585,0.014633179,0.01861,0.013916969,0.019166946,0.032722473,-0.0050230026,0.03271675,0.008447647,0.015956879,0.015803337,0.013506889,0.027553558,0.021281242,0.009507179,0.033182144,0.015003204,0.021284103,0.024869919,0.017184258,0.030355453,0.07288265,0.0042409897,0.049180984
2158.5,0.006398201,0.0034151077,0.006939888,0.008708,0.0056009293,0.01173687,-0.018229485,0.027744293,0.009347916,0.009126663,0.02286625,0.0075244904,0.008360863,0.017863274,-0.014694214,0.038394928,0.009902954,0.008170128,0.013839722,0.011697769,0.010791779,0.0527668,0.0036172867,0.025260925,0.012872696,0.014500618,0.018000603,0.015018463,0.017011642,0.03258419,-0.005624771,0.02604103,0.009113312,0.015469551,0.016194344,0.01451683,0.023648262,0.021054268,0.008734703,0.0323658,0.01467514,0.021829605,0.028787613,0.018651009,0.028158188,0.07756519,0.0045518875,0.046463013
2159.5,0.005648613,0.00329113,0.0077934265,0.0096035,0.0056114197,0.0084552765,-0.01875782,0.026029587,0.0062265396,0.00889492,0.02495575,0.006995201,0.010393143,0.015475273,-0.014390945,0.038114548,0.008395195,0.0084581375,0.017112732,0.008961678,0.01282692,0.04996586,0.0036592484,0.026332855,0.011631966,0.015836716,0.018525124,0.012385368,0.016623497,0.031769753,-0.00360775,0.022193909,0.009443283,0.016433716,0.019583702,0.010436058,0.020572662,0.019656181,0.00944519,0.03328514,0.013477325,0.022527695,0.028489113,0.015254974,0.02711296,0.07828808,0.0031661987,0.04468727
2160.5,0.004050255,0.0045757294,0.007226944,0.0066871643,0.0068616867,0.009266853,-0.021262169,0.02284813,0.005517006,0.008797646,0.025197983,0.004658699,0.011603355,0.012647629,-0.012376785,0.035985947,0.0068569183,0.00894165,0.015161514,0.009222984,0.012352943,0.05006504,0.0021972656,0.025165558,0.009933472,0.0154829025,0.017065048,0.0146074295,0.01871872,0.029167175,-0.0018291473,0.019540787,0.009126663,0.014389992,0.017778397,0.010373116,0.020134926,0.018508911,0.009324074,0.036779404,0.011108398,0.020970345,0.030303001,0.015850067,0.026352882,0.07759094,0.0015897751,0.038845062
2161.5,0.0037374496,0.0038967133,0.007819176,0.0074005127,0.0056409836,0.008443832,-0.021354675,0.022626877,0.0045843124,0.007663727,0.025582314,0.005498886,0.00946331,0.01376152,-0.013036728,0.036071777,0.0064697266,0.00815773,0.01363945,0.005446434,0.01218605,0.050790787,0.0036125183,0.026348114,0.008111954,0.014658928,0.0149822235,0.011252403,0.017759323,0.029841423,-0.0057439804,0.016086578,0.007902145,0.01529789,0.01802826,0.0074653625,0.018488884,0.018787384,0.007340431,0.03735733,0.010412216,0.020317078,0.027750015,0.012055397,0.024311066,0.07875061,-0.0005493164,0.03744507
2162.5,0.002904892,0.0050354004,0.006793022,0.0057115555,0.003408432,0.00790596,-0.020504951,0.02301979,0.0045690536,0.0087041855,0.023101807,0.0042304993,0.0061216354,0.013557434,-0.013123512,0.036891937,0.005420685,0.008470535,0.011099815,0.008278847,0.008440018,0.050494194,0.00274086,0.027311325,0.0068178177,0.014592171,0.01393795,0.011563301,0.015753746,0.030753136,-0.0069971085,0.017723083,0.0063228607,0.015183449,0.015347481,0.010334015,0.016057968,0.02137947,0.0033779144,0.03996277,0.010188103,0.021567345,0.027747154,0.015485764,0.021809578,0.07458019,-0.0039043427,0.03561592
2163.5,0.0033988953,0.004422188,0.008950233,0.00538826,0.0025873184,0.009025574,-0.019533157,0.021036148,0.0055236816,0.009963036,0.024497986,0.003988266,0.0040569305,0.014125824,-0.013441086,0.035324097,0.006798744,0.00886631,0.0137758255,0.004840851,0.0069818497,0.050047874,0.004357338,0.022577286,0.0077667236,0.015303612,0.01578331,0.0081624985,0.016235352,0.031474113,-0.00906086,0.01496315,0.0065202713,0.015655518,0.017499924,0.0057468414,0.014177322,0.02245617,0.004647255,0.033348083,0.009595871,0.0218153,0.029104233,0.013368607,0.022431374,0.07160282,-0.0016412735,0.031032562
2164.5,0.00288105,0.0037679672,0.009707451,0.0043029785,0.001950264,0.01004982,-0.019498825,0.01884842,0.004541397,0.0074472427,0.02250576,0.0042943954,0.0037374496,0.01275444,-0.012732506,0.032110214,0.006552696,0.0073890686,0.013641357,0.0078754425,0.0074396133,0.051480293,0.0047950745,0.022172928,0.0071048737,0.013943672,0.013612747,0.011982918,0.020302773,0.030691147,-0.00737381,0.013010025,0.00537014,0.014680862,0.01590252,0.009338379,0.0142707825,0.022767067,0.004105568,0.029756546,0.008572578,0.020046234,0.028956413,0.016386032,0.02517128,0.07256603,-0.0036783218,0.02911377
2165.5,0.0018281937,0.003736496,0.008877754,0.004500389,0.0016498566,0.011467934,-0.018838882,0.020656586,0.0032653809,0.0071792603,0.021176338,0.0024137497,0.003920555,0.013504028,-0.011178017,0.028085709,0.0051136017,0.007572174,0.013513565,0.0036153793,0.0062093735,0.052167892,0.0043210983,0.018917084,0.00488472,0.012375832,0.012480736,0.0056734085,0.017346382,0.031142235,-0.009612083,0.012910843,0.003753662,0.013593674,0.016343117,0.0046339035,0.014513969,0.025673866,0.00048732758,0.022485733,0.0067272186,0.019183159,0.025836945,0.011175156,0.020620346,0.074837685,-0.0034065247,0.020050049
2166.5,0.0027675629,0.0035514832,0.0103263855,0.0023736954,-0.0009870529,0.013132095,-0.016034126,0.018972397,0.0040044785,0.0062532425,0.02139759,0.004406929,0.004500389,0.016224861,-0.0129060745,0.024707794,0.0067195892,0.006591797,0.014570236,0.0065107346,0.0064382553,0.05047989,0.0012693405,0.01580429,0.006339073,0.011439323,0.012347221,0.008915901,0.016568184,0.029646873,-0.0042123795,0.009933472,0.0045957565,0.010877609,0.019274712,0.008713722,0.013812065,0.024064064,0.00050640106,0.01663971,0.0062093735,0.018707275,0.024954796,0.012417793,0.019236565,0.076607704,-0.0037469864,0.018865585
2167.5,0.0024728775,0.0024681091,0.008836746,0.002957344,-0.0016498566,0.0153980255,-0.016300201,0.017108917,0.002196312,0.0027170181,0.023306847,0.005153656,0.0060768127,0.014369965,-0.010185242,0.019012451,0.005036354,0.0044374466,0.01277256,0.0021181107,0.005197525,0.050035477,0.0018787384,0.011516571,0.0061016083,0.009202957,0.010798454,0.0041484833,0.017780304,0.03168106,-0.0023708344,0.0038890839,0.0041513443,0.009055138,0.017075539,0.00248909,0.014838219,0.024348259,-0.000207901,0.009973526,0.006731987,0.014789581,0.024597168,0.0069274902,0.01919651,0.07847023,-0.0014400482,0.011341095
2168.5,0.0017471313,0.002286911,0.0048131943,0.0027513504,-0.0019865036,0.017365456,-0.014923096,0.01169014,0.0004863739,0.0028524399,0.019246101,0.0043239594,0.004961014,0.017439842,-0.012209892,0.012390137,0.004650116,0.0027017593,0.012070656,0.007194519,0.002658844,0.049264908,0.00074100494,0.0049705505,0.0055561066,0.008594513,0.009009361,0.010228157,0.017936707,0.033584595,-0.0035190582,-0.0009689331,0.0041561127,0.007425308,0.0131549835,0.008437157,0.012771606,0.025795937,0.00038719177,-0.0009822845,0.0072956085,0.012663841,0.021055222,0.012598038,0.017881393,0.0832386,-0.0031795502,0.002626419
2169.5,0.0025701523,0.0012664795,0.00445652,0.0020446777,-0.0025777817,0.01590538,-0.01734829,0.0055885315,0.0007724762,0.0025186539,0.015622139,0.0040016174,0.0035991669,0.018623352,-0.010920525,0.007078171,0.004673958,0.0030679703,0.0076885223,-0.000248909,0.0024442673,0.04754734,0.002960205,0.0008430481,0.0052423477,0.008811951,0.002122879,0.0006465912,0.017895699,0.035570145,-0.0044050217,-0.003396988,0.004445076,0.0062294006,0.0061416626,0.00031757355,0.010025024,0.022994041,-0.000111579895,-0.010681152,0.0062036514,0.010586739,0.013098717,0.004265785,0.016592026,0.08299637,-0.0031433105,-0.0091228485
2170.5,0.0028791428,0.0024709702,0.0041513443,0.00203228,-0.001707077,0.017703056,-0.01572895,0.0002861023,0.0015153885,0.0043764114,0.01559639,0.0036067963,0.0033578873,0.022963524,-0.009134293,-0.0019226074,0.0046482086,0.0049648285,0.008333206,0.0041217804,0.0014162064,0.04580593,0.0010633469,-0.008182526,0.0053806305,0.009754181,0.0027866364,0.0074777603,0.017912865,0.03558445,-0.004096031,-0.012065887,0.0050849915,0.0064315796,0.006234169,0.006996155,0.011084557,0.02393341,-0.0003604889,-0.017215729,0.0076618195,0.010557175,0.012067795,0.010967255,0.016144753,0.08368015,-0.0041971207,-0.013893127
2171.5,0.0019235611,0.0011558533,0.0007505417,-0.00044345856,-0.0013360977,0.015188217,-0.0152311325,0.0035247803,0.0015134811,0.0031909943,0.015003204,0.002216339,0.0043258667,0.021058083,-0.009226799,0.00038719177,0.0041503906,0.0030708313,0.0063676834,-0.0025978088,0.0027809143,0.046941757,0.0017089844,-0.006422043,0.0046243668,0.007817268,0.0010261536,-0.00038909912,0.016885757,0.040563583,-0.0051822662,-0.009716034,0.0036716461,0.0047922134,0.0056209564,-0.0007638931,0.01026535,0.021188736,-0.0034074783,-0.020868301,0.006447792,0.010508537,0.010931015,0.00080394745,0.01495266,0.08419514,-0.0025377274,-0.014719009
2172.5,0.0018072128,0.002776146,0.00203228,0.0004711151,-0.0005683899,0.016187668,-0.015216827,-0.0025463104,0.0008211136,0.002571106,0.012473106,0.00094890594,0.00578022,0.020579338,-0.0066919327,-0.007472992,0.0033950806,0.004324913,0.0053300858,0.002986908,0.0028591156,0.045666695,0.0015354156,-0.014268875,0.0036449432,0.009169579,-0.0006160736,0.006474495,0.017653465,0.038354874,-0.004682541,-0.013687134,0.0026865005,0.005056381,0.0041770935,0.0052251816,0.009863853,0.02173996,-0.0010976791,-0.029087067,0.004579544,0.011129379,0.00846386,0.010164261,0.014852524,0.08459282,-0.0018701553,-0.019931793
2173.5,0.0016078949,0.00078868866,-0.0063943863,-0.0010757446,-0.00010681152,0.016176224,-0.015716553,-0.004831314,0.0011320114,0.0017814636,0.009707451,0.00015068054,0.006843567,0.017736435,-0.005484581,-0.014097214,0.0031251907,0.0019512177,0.0031900406,-0.0043649673,0.0038290024,0.044467926,-0.0014896393,-0.020116806,0.0035209656,0.0062408447,-0.0058918,-3.2424927e-05,0.019007683,0.036337852,-0.0076141357,-0.018411636,0.0033388138,0.0029249191,-0.002855301,-0.0024089813,0.010757446,0.020606995,-0.0041894913,-0.03404808,0.004875183,0.008690834,-0.0009794235,0.0029001236,0.015066147,0.085736275,-0.003975868,-0.024921417
2174.5,0.0017938614,0.0007944107,-0.008533478,-0.0019407272,0.0018959045,0.016241074,-0.017991066,-0.00053977966,0.00081825256,0.0014724731,0.0057020187,0.0009698868,0.008412361,0.016709328,-0.0068740845,-0.014369965,0.0027265549,0.0012454987,0.0016336441,0.003704071,0.0045719147,0.045802116,-0.0033197403,-0.018695831,0.003066063,0.005314827,-0.0062208176,0.0069360733,0.017915726,0.03390217,-0.0083322525,-0.017147064,0.0035562515,0.0031337738,-0.0030841827,0.0034303665,0.010750771,0.022984505,-0.0036640167,-0.03196907,0.0042505264,0.007828712,0.0010595322,0.008328438,0.013077736,0.08774948,-0.006921768,-0.023498535
2175.5,0.002298355,-0.0019359589,-0.007577896,-0.002339363,0.00073719025,0.01534462,-0.017605782,0.006925583,0.001958847,-0.00029087067,0.0071344376,-0.0016326904,0.006336212,0.013407707,-0.007944107,-0.015693665,0.0028867722,-0.000998497,0.0014162064,-0.004098892,0.0030593872,0.045632362,-0.0043172836,-0.018585205,0.0051727295,0.00379467,-0.0026931763,-0.0005970001,0.015361786,0.029679298,-0.013228416,-0.018512726,0.004257202,0.0015516281,-0.004175186,-0.002371788,0.009580612,0.022262573,-0.008236885,-0.033670425,0.004887581,0.004439354,-0.0023183823,0.0006284714,0.011281967,0.08595753,-0.007385254,-0.019327164
2176.5,0.002155304,-0.001584053,-0.006872177,-0.00019359589,0.0014238358,0.015431404,-0.015119553,0.013591766,0.002368927,0.0019006729,0.009244919,0.0006008148,0.0055208206,0.011753082,-0.005507469,-0.016536713,0.0035915375,0.00050735474,0.004429817,0.005065918,0.0025644302,0.046004295,-0.0036506653,-0.015285492,0.006116867,0.00431633,-0.0041151047,0.0094566345,0.013748169,0.026363373,-0.008938789,-0.0150642395,0.00442791,0.0029239655,-0.0033416748,0.005689621,0.008889198,0.02012539,-0.007962227,-0.028265,0.0050706863,0.003528595,-0.0011606216,0.011232376,0.010777473,0.08561611,-0.009126663,-0.015062332
2177.5,0.0018072128,-0.0012607574,-0.011564255,0.001414299,0.00041007996,0.016020775,-0.016181946,0.01958847,0.003479004,0.0017690659,0.006415367,-0.0003633499,0.0046215057,0.012882233,-0.008013725,-0.016189575,0.004228592,0.0013780594,0.001786232,-0.0022087097,4.386902e-05,0.04443741,-0.0039749146,-0.013542175,0.006755829,0.004377365,-0.009934425,0.00082969666,0.012338638,0.027183533,-0.009964943,-0.013755798,0.005607605,0.0026435852,-0.0074357986,-0.0016880035,0.008166313,0.02611351,-0.008765221,-0.02239418,0.006140709,0.0029592514,-0.004508972,0.0021867752,0.009449959,0.08599949,-0.010612488,-0.011671066
2178.5,0.00067806244,-0.0005121231,-0.011005402,0.0014677048,0.003704071,0.017450333,-0.014958382,0.02353859,0.0022201538,0.00090789795,0.004925728,-5.340576e-05,0.0066518784,0.016531944,-0.008051872,-0.018352509,0.003252983,0.0009880066,0.0005455017,0.006052017,0.0022325516,0.04765129,-0.0017204285,-0.012147903,0.0052986145,0.0042467117,-0.008306503,0.006515503,0.011802673,0.029883385,-0.010564804,-0.010379791,0.0042772293,0.0025644302,-0.008118629,0.0058956146,0.0069122314,0.028238297,-0.010311127,-0.019968033,0.0055503845,0.0031261444,-0.004504204,0.008691788,0.008603096,0.08648014,-0.0111141205,-0.009916306
2179.5,0.0017585754,-0.0002593994,-0.010593414,0.0019741058,0.005636215,0.01884079,-0.014767647,0.022193909,0.00390625,0.0008087158,0.004237175,0.002527237,0.007174492,0.0195961,-0.0069789886,-0.024679184,0.0050144196,0.00038719177,0.0025253296,0.00047969818,0.0024108887,0.046915054,-0.0012903214,-0.014791489,0.007416725,0.0037584305,-0.007816315,0.0009469986,0.010956764,0.031105995,-0.008810997,-0.013631821,0.006764412,0.0023145676,-0.008542061,8.106232e-05,0.0058717728,0.026664734,-0.009987831,-0.021640778,0.008073807,0.0031557083,-0.005478859,0.002073288,0.007745743,0.08630562,-0.012043953,-0.011798859
2180.5,0.0027627945,0.00018310547,-0.013073921,0.0004749298,0.008152962,0.01926136,-0.01686287,0.014129639,0.0040073395,0.0005931854,0.0043706894,0.0022125244,0.0085811615,0.023444176,-0.008983612,-0.034235,0.0049295425,0.0011491776,0.0021123886,-0.0020580292,0.004542351,0.045723915,-0.0030765533,-0.020860672,0.0074720383,0.0032463074,-0.008975983,-0.0012340546,0.013328552,0.035355568,-0.010519981,-0.01791954,0.0073661804,0.0016288757,-0.008002281,-0.0022411346,0.0068922043,0.026327133,-0.013376236,-0.024736404,0.0090379715,0.0029058456,-0.0051698685,0.0031719208,0.007827759,0.08636379,-0.014907837,-0.017072678
2181.5,0.0028238297,-0.0012979507,-0.013287544,0.0047836304,0.011693001,0.017827034,-0.011557579,0.0063438416,0.004439354,-0.00010204315,0.0027618408,0.001499176,0.009892464,0.021568298,-0.009425163,-0.035671234,0.004845619,-0.0005645752,-0.001871109,0.004471779,0.005859375,0.03971672,-0.0014629364,-0.021812439,0.007851601,0.001958847,-0.009964943,0.00470829,0.013222694,0.035440445,-0.010750771,-0.018320084,0.0073366165,0.000790596,-0.0115709305,0.004248619,0.009548187,0.023736,-0.012939453,-0.024148941,0.010128021,0.0021972656,-0.009437561,0.002415657,0.009918213,0.08495903,-0.015593529,-0.021434784
2182.5,0.0025157928,-0.0018062592,-0.014308929,0.0039892197,0.013421059,0.021753311,-0.014372826,0.00091171265,0.0037593842,-0.0013685226,0.0001296997,0.0003042221,0.010532379,0.029162407,-0.006132126,-0.038570404,0.0051441193,0.00065612793,-0.0038805008,-0.002462387,0.005522728,0.037096977,-0.003903389,-0.023771286,0.006556511,0.0021209717,-0.013997078,-0.0004310608,0.014268875,0.042687416,-0.009993553,-0.01861763,0.0070753098,0.002412796,-0.015551567,-0.0018157959,0.010671616,0.022332191,-0.01551342,-0.025844574,0.008934021,0.002120018,-0.01266861,0.0021677017,0.0120744705,0.08705139,-0.017142296,-0.025835037
2183.5,0.0015649796,-0.00017356873,-0.016423225,-0.0009832382,0.015110016,0.022286415,-0.019342422,-0.008930206,0.0036296844,0.0016117096,0.00059604645,-6.389618e-05,0.010966301,0.0459013,-0.009190559,-0.038414,0.0048418045,-0.00026226044,-0.0051841736,-0.004705429,0.0069742203,0.033382416,-0.0061912537,-0.025924683,0.0065050125,0.002770424,-0.013924599,-0.0030469894,0.013827324,0.056710243,-0.009874344,-0.018573761,0.005665779,0.0029964447,-0.01576519,-0.0027694702,0.011149406,0.022648811,-0.01746273,-0.023386002,0.009216309,0.003927231,-0.013289452,0.0017518997,0.015242577,0.090764046,-0.017828941,-0.02936554
2184.5,0.0018367767,-0.0013666153,-0.015336037,0.0043058395,0.01777935,0.017642021,-0.010987282,-0.014551163,0.0033884048,-0.0006504059,0.002737999,-0.0021562576,0.011374474,0.045772552,-0.008231163,-0.036481857,0.0045728683,-0.0029525757,-0.0029821396,0.0015707016,0.0089998245,0.02706337,-0.0038061142,-0.023517609,0.006225586,0.0027799606,-0.013741493,0.0036907196,0.014500618,0.055574417,-0.009461403,-0.017580032,0.0059757233,0.0021247864,-0.013867378,0.004497528,0.010482788,0.018823624,-0.016880035,-0.020364761,0.00965786,0.0015687943,-0.015537262,0.0029973984,0.015636444,0.090065,-0.015444756,-0.029834747
2185.5,0.0005540848,0.0007314682,-0.016831398,0.004962921,0.019971848,0.012014389,-0.008708,-0.015333176,0.0008831024,0.0008211136,0.0036592484,-0.002409935,0.0113658905,0.07026482,-0.0043754578,-0.032167435,0.0026626587,0.00010681152,-0.0041217804,-0.0032100677,0.008103371,0.02549553,-0.0057430267,-0.020700455,0.0046606064,0.0030231476,-0.014819145,-0.0015716553,0.014364243,0.076099396,-0.0067825317,-0.016885757,0.004261017,0.0030031204,-0.01638794,-0.0018453598,0.011105537,0.017219543,-0.016192436,-0.017492294,0.0071458817,0.0038909912,-0.016824722,0.0017843246,0.014103889,0.09214401,-0.014356613,-0.028654099
2186.5,0.0012016296,0.0009431839,-0.014192581,-0.00046253204,0.021406174,0.009572983,-0.010654449,-0.014471054,0.0010595322,0.0007171631,0.005927086,-0.0014162064,0.011639595,0.07035065,-0.013301849,-0.02630043,0.003499031,0.0007581711,-0.0018939972,-0.00041866302,0.009114265,0.021036148,-0.011411667,-0.01473999,0.005457878,0.004302025,-0.011530876,-0.0026006699,0.013763428,0.076322556,-0.013684273,-0.015462875,0.0049333572,0.004538536,-0.01352787,-0.0030984879,0.0106287,0.01770401,-0.023200989,-0.014514923,0.007082939,0.0035543442,-0.01376152,0.0015382767,0.015471458,0.0946064,-0.016422272,-0.02554512
2187.5,0.0008573532,9.059906e-05,-0.015901566,0.0046977997,0.024764061,0.012752533,-0.014356613,-0.0109062195,0.0013542175,-7.6293945e-05,0.0047483444,-0.0033273697,0.0131959915,0.092853546,-0.014612198,-0.019966125,0.0039424896,0.00020694733,-0.0029125214,0.0050849915,0.011072159,0.02814293,-0.019137383,-0.008184433,0.0058288574,0.0020332336,-0.01375103,0.0022659302,0.014253616,0.09741211,-0.018223763,-0.012145996,0.0046253204,0.0031080246,-0.01603508,0.0013980865,0.009815216,0.02540207,-0.022024155,-0.010499954,0.0077991486,0.0030574799,-0.015028,-0.0009088516,0.017295837,0.106752396,-0.020412445,-0.022117615
2188.5,0.0007677078,-0.0012197495,-0.016248703,0.0035419464,0.026522636,0.015665054,-0.014054298,-0.009677887,0.0007534027,-0.0019683838,0.0064077377,-0.0030765533,0.01290226,0.10691452,-0.01543808,-0.016864777,0.0035734177,-0.0014734268,-0.0035533905,0.0011463165,0.010712624,0.025066376,-0.016774178,-0.00484848,0.0053634644,0.0027828217,-0.015825272,-0.002705574,0.014883995,0.10130882,-0.017050743,-0.011608124,0.0047340393,0.002603531,-0.016036987,-0.0024614334,0.0105896,0.030111313,-0.024726868,-0.0071201324,0.006918907,0.0030069351,-0.01640892,-0.0011005402,0.018909454,0.114183426,-0.021380424,-0.022172928
2189.5,0.0020036697,-0.0024671555,-0.017712593,-0.0006313324,0.029159546,0.008466721,-0.008047104,-0.00790596,0.0020685196,-0.0013599396,0.005022049,-0.0034303665,0.014032364,0.1149559,-0.014356613,-0.015390396,0.0042696,-0.0010671616,-0.00609684,-0.0020656586,0.014184952,0.02422142,-0.013962746,-0.004261017,0.005797386,0.001045227,-0.017637253,-0.0024824142,0.015537262,0.11664009,-0.013580322,-0.010856628,0.0052890778,0.0004529953,-0.017033577,-0.0041561127,0.011286736,0.029314041,-0.024538994,-0.0071353912,0.007583618,0.0009365082,-0.019625664,-0.0032682419,0.019670486,0.11718178,-0.018688202,-0.02342987
2190.5,2.861023e-05,-0.001830101,-0.016978264,-0.001121521,0.030666351,0.023359299,-0.01567173,-0.0075206757,0.00045967102,-0.0007314682,0.0047712326,-0.0043382645,0.014141083,0.1398735,-0.014570236,-0.012296677,0.0036783218,-0.0006380081,-0.0040979385,-0.0006656647,0.015292168,0.03186035,-0.017914772,-0.003370285,0.0044355392,0.00030136108,-0.019153595,-0.0029144287,0.014514923,0.12374687,-0.016270638,-0.0116939545,0.0056238174,0.0003900528,-0.015475273,-0.0041828156,0.009462357,0.04468727,-0.022227287,-0.005874634,0.005927086,0.0015630722,-0.01777935,-0.0044078827,0.02045536,0.13654327,-0.022275925,-0.025951385
2191.5,0.0016565323,-0.002199173,-0.01901722,-0.0028734207,0.029862404,0.00998497,-0.013299942,-0.006298065,0.0013895035,0.00045681,0.003411293,-0.004712105,0.011288643,0.13677788,-0.015471458,-0.0065689087,0.004652977,0.0003299713,-0.004255295,-0.0019044876,0.014295578,0.023418427,-0.016308784,-0.0008354187,0.0043678284,0.0014352798,-0.021640778,-0.0028133392,0.012812614,0.13259888,-0.016741753,-0.012044907,0.005879402,0.0016593933,-0.016954422,-0.0060157776,0.009111404,0.034404755,-0.025438309,-0.0019073486,0.007098198,0.0016374588,-0.018622398,-0.004958153,0.019966125,0.12979698,-0.022532463,-0.02699852
2192.5,0.0030069351,-0.0034160614,-0.018330574,-0.0016269684,0.030150414,0.021305084,-0.013993263,-0.0077991486,0.0009899139,-0.0004825592,0.0044384003,-0.0040283203,0.012748718,0.15704536,-0.014842987,-0.006126404,0.003314972,0.00043010712,-0.0051174164,8.773804e-05,0.0125694275,0.03814888,-0.016886711,-0.00091552734,0.0046424866,0.002272606,-0.02218914,-0.0020427704,0.0113554,0.14179993,-0.016191483,-0.014282227,0.005558014,0.0010213852,-0.017306328,-0.0039405823,0.0074653625,0.04881668,-0.023615837,-0.0030498505,0.008000374,0.0014238358,-0.019751549,-0.003481865,0.016584396,0.14731789,-0.02233696,-0.030744553
2193.5,0.0023937225,-0.0021429062,-0.01941204,-0.0020809174,0.0339489,0.01607132,-0.014176369,-0.007923126,0.0036382675,0.0021009445,0.0039691925,-0.0036268234,0.0109119415,0.16151428,-0.01454258,-0.0013465881,0.0066108704,0.0021648407,-0.005636215,-0.0003633499,0.01341629,0.029539108,-0.016242027,-0.00078964233,0.0074806213,0.004078865,-0.022010803,-0.0019283295,0.009344101,0.15357971,-0.013996124,-0.014667511,0.009883881,0.0009059906,-0.0192976,-0.0051755905,0.006006241,0.044797897,-0.025154114,-0.00166893,0.009745598,0.004699707,-0.020885468,-0.0031995773,0.017308235,0.14754295,-0.025577545,-0.03258133
2194.5,0.001294136,-0.0018444061,-0.018619537,-0.0028686523,0.03126049,0.025560379,-0.01635456,-0.015823364,-0.002155304,0.0019426346,0.0056552887,-0.0048999786,0.0094099045,0.1804924,-0.015773773,-0.00038909912,-0.0008907318,0.0024709702,-0.0052366257,-0.00041484833,0.012555122,0.038671494,-0.019087791,-0.0037288666,0.0011873245,0.004265785,-0.021909714,-0.004266739,0.009848595,0.16892433,-0.016983032,-0.020730972,0.0030794144,0.00025367737,-0.016426086,-0.0064048767,0.0072746277,0.05523491,-0.03085804,-0.0065746307,0.0025053024,0.0043411255,-0.019846916,-0.005924225,0.017410278,0.16540337,-0.027233124,-0.03636551
2195.5,0.0012989044,-0.0016145706,-0.019134521,-0.003704071,0.03303528,0.033124924,-0.011407852,-0.022760391,0.004160881,0.0029621124,0.0039777756,-0.004330635,0.012927055,0.1953392,-0.014221191,-0.0021743774,0.005572319,0.0022678375,-0.003419876,-0.0003900528,0.014388084,0.04223442,-0.016431808,-0.0074310303,0.008125305,0.0024776459,-0.022633553,-0.004014969,0.011396408,0.18288422,-0.016537666,-0.027803421,0.00971508,0.00053977966,-0.018000603,-0.008292198,0.0074272156,0.05988121,-0.029911041,-0.012872696,0.008292198,0.003399849,-0.02163124,-0.0067834854,0.018978119,0.18572998,-0.024435997,-0.0411129
2196.5,7.534027e-05,-0.002453804,-0.019675255,-0.004886627,0.024923325,0.025234222,-0.011051178,-0.026525497,-0.0021448135,0.001411438,0.0033311844,-0.0062646866,0.0071134567,0.20664215,-0.012750626,0.0006866455,-0.0011482239,0.00011444092,-0.0052318573,-0.0014829636,0.008605957,0.03888321,-0.018097878,-0.00819397,0.0006418228,0.0006713867,-0.022403717,-0.0077409744,0.005519867,0.20221901,-0.014867783,-0.030168533,0.0020122528,-0.0004720688,-0.017778397,-0.009701729,0.0016489029,0.059005737,-0.030870438,-0.015163422,0.0012207031,0.001616478,-0.02297306,-0.009022713,0.010948181,0.19146347,-0.02122116,-0.044366837
2197.5,-0.0015592575,-0.002295494,-0.017704964,-0.0066041946,0.028849602,0.022359848,-0.010050774,-0.030025482,-0.0025558472,-4.005432e-05,0.0047369003,-0.0069122314,0.012423515,0.22037125,-0.01262188,0.0069847107,0.0006904602,-0.0022249222,-0.0031337738,-0.0016117096,0.0125494,0.035348892,-0.019473076,-0.008071899,0.0045080185,-0.0005674362,-0.022787094,-0.008658409,0.008133888,0.21450806,-0.015587807,-0.02827835,0.0073547363,-0.0004310608,-0.01738453,-0.010941505,0.0057868958,0.061149597,-0.032128334,-0.014917374,0.0055007935,0.0009012222,-0.021609306,-0.010918617,0.016617775,0.20497322,-0.025499344,-0.04675293
2198.5,-0.0003271103,-0.0006313324,-0.02016735,-0.0060653687,0.028607368,0.017787933,-0.00941658,-0.03434372,0.0027132034,0.002439499,0.003255844,-0.006975174,0.011074066,0.2312355,-0.0117836,0.008295059,0.0008678436,0.00048065186,-0.0047512054,-0.0020866394,0.011094093,0.0358963,-0.016319275,-0.011089325,0.0028867722,0.003750801,-0.025018692,-0.009066582,0.008031845,0.22795486,-0.016487122,-0.032253265,0.0047035217,0.0030679703,-0.021139145,-0.010677338,0.0014533997,0.0652771,-0.033388138,-0.016525269,0.0034303665,0.003419876,-0.024830818,-0.011444092,0.01612854,0.21762848,-0.025938034,-0.051851273
2199.5,0.00089645386,0.00057029724,-0.021029472,-0.0076532364,0.030459404,0.025754929,-0.010509491,-0.039196014,0.0010662079,0.0023965836,0.0022916794,-0.0070533752,0.016693115,0.254179,-0.015535355,0.010128021,0.0022535324,-0.0007352829,-0.005999565,-0.0009469986,0.013750076,0.049690247,-0.020799637,-0.012134552,0.0043792725,0.00244236,-0.02599144,-0.008137703,0.012864113,0.25437737,-0.018608093,-0.035167694,0.004961014,0.0004825592,-0.022983551,-0.009487152,0.0057001114,0.084409714,-0.036899567,-0.016038895,0.0041646957,0.0016832352,-0.02615738,-0.010915756,0.018095016,0.24261093,-0.029203415,-0.05428505
2200.5,0.0019426346,-0.00041770935,-0.020337105,-0.0093688965,0.024525642,0.029237747,-0.01190567,-0.04565239,0.0023384094,0.0015993118,-8.2969666e-05,-0.007935524,0.014886856,0.27160645,-0.0153980255,0.008653641,0.0036735535,0.004395485,-0.00475502,-0.0017299652,0.012067795,0.043497086,-0.023357391,-0.013744354,0.0048131943,0.0071582794,-0.027264595,-0.008078575,0.009469986,0.27814293,-0.022626877,-0.039377213,0.007507324,0.0029125214,-0.022587776,-0.010733604,-0.00052165985,0.08096886,-0.03821373,-0.016113281,0.007081032,0.0060768127,-0.028578758,-0.0130262375,0.012564659,0.26010513,-0.029640198,-0.058776855
2201.5,0.002169609,-0.00081062317,-0.019087791,-0.0086221695,0.024356842,0.03309059,-0.01493454,-0.04989052,0.0031147003,0.00038337708,-0.0022706985,-0.0075626373,0.014611244,0.2898388,-0.016183853,0.005750656,0.0021600723,0.00042152405,-0.0037670135,-0.0011739731,0.01194191,0.04676056,-0.023281097,-0.015882492,0.0033283234,0.0030603409,-0.030022621,-0.009189606,0.00760746,0.2938652,-0.024339676,-0.043016434,0.006205559,-0.0018520355,-0.023961067,-0.01220417,-0.0005760193,0.08963585,-0.03745842,-0.016057968,0.005657196,0.00223732,-0.029429436,-0.014852524,0.012291908,0.2804184,-0.029756546,-0.061576843
2202.5,0.00019359589,-0.0057086945,-0.021314621,-0.007715225,0.019356728,0.042720795,-0.011110306,-0.051927567,0.0032577515,-0.0019397736,-0.0032281876,-0.0044384003,0.011217117,0.31246948,-0.013339996,0.005487442,0.0018053055,0.0027599335,-0.003660202,-0.0007390976,0.008804321,0.05624199,-0.018367767,-0.015365601,0.0037431717,0.0042591095,-0.03131199,-0.008091927,0.0019140244,0.31435776,-0.024829865,-0.0448246,0.00598526,0.0010032654,-0.024842262,-0.0103302,-0.0012893677,0.10117912,-0.033052444,-0.017335892,0.0051927567,0.004849434,-0.032915115,-0.014331818,0.009110451,0.30173874,-0.027879715,-0.064229965
2203.5,0.0010251999,-0.0065345764,-0.020620346,-0.007221222,0.017178535,0.055332184,-0.014266968,-0.057979584,0.0042696,-0.0013532639,-0.004343033,-0.0016727448,0.0057373047,0.32964325,-0.016395569,0.0065135956,0.0017051697,-0.0028028488,-0.006231308,-0.0013113022,0.004199028,0.06073761,-0.024877548,-0.013210297,0.004627228,-0.0022153854,-0.032627106,-0.008440971,-0.005431175,0.33138466,-0.027349472,-0.049581528,0.006958008,-0.0035963058,-0.029649734,-0.010848999,-0.007619858,0.10746002,-0.040603638,-0.017038345,0.0058574677,-0.001285553,-0.034822464,-0.014666557,0.0035057068,0.31689262,-0.030254364,-0.06583214
2204.5,0.0021219254,-0.0067691803,-0.022758484,-0.0072135925,0.010955811,0.051719666,-0.010374069,-0.06202507,0.004281044,-0.0014419556,-0.005009651,-0.0039100647,0.001616478,0.3489399,-0.014160156,0.010068893,0.002653122,0.001824379,-0.007586479,-0.0031394958,0.00687027,0.06601906,-0.02318573,-0.013254166,0.005718231,0.0007266998,-0.031947136,-0.0107803345,-0.006875992,0.34761047,-0.027982712,-0.052505493,0.0071935654,0.0016298294,-0.030259132,-0.013124466,-0.0077238083,0.11523247,-0.03950882,-0.015165329,0.0070228577,0.0028772354,-0.035574913,-0.017903328,-0.0021543503,0.33582115,-0.03075409,-0.06935501
2205.5,0.0033187866,-0.004878998,-0.020934105,-0.0047979355,0.01695633,0.05459404,-0.01184082,-0.06532478,0.0051755905,-0.0013599396,-0.005502701,-0.0042095184,0.009169579,0.3648262,-0.0159626,0.008739471,0.0040416718,-0.0034217834,-0.006093025,-0.0022010803,0.017044067,0.06920624,-0.023719788,-0.016263962,0.005680084,-0.0025568008,-0.03310108,-0.010706902,0.0033550262,0.35707092,-0.030834198,-0.055166245,0.0049648285,-0.0019893646,-0.03161621,-0.013028145,-0.0016975403,0.12323189,-0.03911972,-0.015123367,0.006426811,-0.0013370514,-0.035654068,-0.01843357,0.0059480667,0.3540554,-0.032072067,-0.07219887
2206.5,0.0033912659,-0.003970146,-0.021312714,-0.0044794083,0.018071175,0.057430267,-0.01216507,-0.07138443,0.0049266815,-0.001373291,-0.0049009323,-0.004860878,0.008483887,0.37816048,-0.018659592,0.0034770966,0.0045261383,0.0012969971,-0.00481987,-0.002418518,0.014413834,0.07210922,-0.025369644,-0.023353577,0.0061559677,0.0030403137,-0.034359932,-0.011419296,-0.005382538,0.37036705,-0.030317307,-0.06163025,0.0038499832,0.00085639954,-0.032853127,-0.012671471,-0.00091838837,0.13361359,-0.043222427,-0.023017883,0.005012512,0.0013437271,-0.037558556,-0.016905785,0.010505676,0.37324333,-0.028593063,-0.080093384
2207.5,0.002128601,-0.004343033,-0.022187233,-0.0034751892,0.011043549,0.05646324,-0.011768341,-0.07334137,0.0032405853,-0.0019979477,-0.0047855377,-0.0055885315,0.014472961,0.38590622,-0.02004242,0.0038909912,0.004014015,0.0009841919,-0.007411003,-0.002213478,0.01842308,0.0738163,-0.027555466,-0.024072647,0.0055274963,0.0034313202,-0.035964012,-0.009654999,-0.001909256,0.37802696,-0.033397675,-0.062467575,0.0039873123,0.0006504059,-0.03612995,-0.012861252,0.0032138824,0.13752365,-0.043899536,-0.026456833,0.0043525696,0.001625061,-0.038719177,-0.017165184,0.018538475,0.38502312,-0.03344536,-0.078739166
2208.5,0.0018548965,-0.0067977905,-0.023162842,-0.0018672943,0.0054063797,0.058353424,-0.007698059,-0.07585716,0.003320694,-0.0038490295,-0.0047397614,-0.0053577423,0.005607605,0.3972931,-0.01621437,0.0047035217,0.0035209656,0.001115799,-0.0070962906,0.00023365021,0.010772705,0.07871437,-0.026103973,-0.02891159,0.0056905746,0.000787735,-0.03567314,-0.008188248,-0.009300232,0.38981438,-0.0278759,-0.06654167,0.0041618347,-0.00052928925,-0.035107613,-0.012785912,-0.011550903,0.146698,-0.042583466,-0.02837944,0.0042209625,0.0016460419,-0.041402817,-0.015398979,0.007241249,0.40197182,-0.032258987,-0.07942772
2209.5,0.00027370453,-0.010034561,-0.024601936,-0.0008087158,0.008020401,0.06201744,-0.0068302155,-0.08098221,0.0014076233,-0.0039815903,-0.005179405,-0.005047798,0.018076897,0.40740013,-0.014326096,1.9073486e-05,0.0021800995,0.0013999939,-0.009712219,0.0008802414,0.01818943,0.085142136,-0.027664185,-0.037244797,0.005558014,-0.0024700165,-0.036171913,-0.006234169,0.0033636093,0.39916992,-0.027114868,-0.07299042,0.0032262802,-0.0024871826,-0.037356377,-0.011632919,-0.006385803,0.1545906,-0.039585114,-0.03332901,0.00299263,0.00064849854,-0.042373657,-0.015968323,0.018131256,0.41300583,-0.031354904,-0.08350372
2210.5,0.0008382797,-0.011386871,-0.025714874,-0.0022258759,0.012927055,0.064445496,-0.0013103485,-0.08931923,0.0014572144,-0.004570961,-0.0027561188,-0.0059490204,0.014879227,0.41298866,-0.016485214,-0.006038666,0.0037326813,-0.0006828308,-0.009437561,-0.00039482117,0.009141922,0.08968353,-0.025838852,-0.045663834,0.0053806305,-0.004860878,-0.03579712,-0.006266594,-0.0025453568,0.40720177,-0.030801773,-0.08477974,0.0029344559,-0.0033826828,-0.03801155,-0.010513306,-0.013687134,0.16407013,-0.037021637,-0.035959244,0.0022687912,-0.0024232864,-0.042660713,-0.015969276,0.0142354965,0.42656326,-0.033765793,-0.09165764
2211.5,-0.00012874603,-0.009800911,-0.027682304,0.0009880066,0.021148682,0.069000244,-0.010433197,-0.1029377,0.00092315674,-0.0042905807,-0.004179001,-0.0037469864,0.027492523,0.41714287,-0.012760162,-0.00819397,0.0027713776,-0.00025177002,-0.010453224,0.0030059814,0.01924324,0.09261513,-0.025527954,-0.051145554,0.0043764114,-0.005296707,-0.039206505,-0.00392437,0.009465218,0.4121685,-0.031061172,-0.09789848,0.0029973984,-0.0029153824,-0.037843704,-0.0086250305,-0.0039281845,0.17046928,-0.038995743,-0.037197113,0.002243042,-0.0024938583,-0.04076767,-0.014063835,0.026028633,0.43699074,-0.034021378,-0.096185684
2212.5,-0.0004911423,-0.006152153,-0.024148941,0.0016021729,0.027228355,0.075984955,-0.0040683746,-0.10651398,0.00095272064,-0.0031633377,-0.0017299652,-0.003378868,0.023366928,0.42543983,-0.013092041,-0.008237839,0.0023908615,0.0007247925,-0.009237289,0.003001213,0.015110016,0.097530365,-0.026960373,-0.053106308,0.0039100647,-0.0020160675,-0.03767681,-0.0037908554,0.004122734,0.41586685,-0.029592514,-0.10665321,0.0018882751,-0.0018081665,-0.03531933,-0.006381035,-0.007903099,0.17947006,-0.042877197,-0.038539886,0.002070427,-0.00258255,-0.039779663,-0.013546944,0.022506714,0.44563675,-0.03385353,-0.099983215
2213.5,0.00074100494,-0.0039892197,-0.024471283,0.0012207031,0.031757355,0.07780647,-0.0056915283,-0.10381889,0.0018491745,-0.003973007,-0.0038232803,-0.00551033,0.03393936,0.42295456,-0.014390945,-0.001789093,0.0026988983,0.0018081665,-0.010704994,0.0004339218,0.023159027,0.09880829,-0.027915955,-0.04970932,0.0036830902,-0.0016889572,-0.038072586,-0.004948616,0.015517235,0.41654968,-0.03355217,-0.10202408,0.0023317337,-0.0033931732,-0.036179543,-0.006494522,0.0051956177,0.18836784,-0.036590576,-0.030809402,0.002483368,-0.001578331,-0.039964676,-0.013783455,0.03379345,0.4498558,-0.03571701,-0.09534454
2214.5,0.0011472702,-0.0031137466,-0.02577877,0.0036725998,0.03744507,0.080747604,-0.0076618195,-0.09157944,0.0015497208,-0.0033102036,-0.0044355392,-0.003285408,0.02585125,0.42160225,-0.01753807,0.0065574646,0.0027809143,0.0034017563,-0.012126923,0.002565384,0.015303612,0.10031128,-0.032079697,-0.036819458,0.0037469864,0.00051021576,-0.03716755,-0.0024232864,0.012312889,0.41458893,-0.027078629,-0.089574814,0.0018997192,-0.0021982193,-0.03717327,-0.004828453,0.0007696152,0.19678497,-0.040540695,-0.018693924,0.0020694733,-0.0003080368,-0.041841507,-0.010799408,0.02849102,0.45078278,-0.03808403,-0.08401489
2215.5,0.0017309189,-0.003862381,-0.023900986,0.0033483505,0.043226242,0.080724716,-0.006313324,-0.08068085,0.003323555,-0.004257202,-0.0031766891,-0.0030679703,0.040198326,0.41638756,-0.005821228,0.008451462,0.0024671555,0.0034360886,-0.009682655,0.0029067993,0.029328346,0.100673676,-0.02133751,-0.031764984,0.0038146973,-0.0013532639,-0.036387444,-0.0039367676,0.025185585,0.40987396,-0.028997421,-0.07365608,0.0030794144,-0.001961708,-0.036026955,-0.0060338974,0.014123917,0.20166588,-0.03550148,-0.016363144,0.0029802322,-0.0007362366,-0.03960991,-0.011099815,0.041638374,0.44900894,-0.034217834,-0.075387955
2216.5,0.0013313293,-0.0046367645,-0.02413845,0.0015010834,0.04143238,0.0861969,-0.0044517517,-0.07304764,0.004719734,-0.004419327,-0.0011854172,-0.0057697296,0.029717445,0.41629028,-0.012615204,0.010602951,0.0027723312,0.0029296875,-0.0074443817,-0.0015878677,0.01905632,0.10500908,-0.031114578,-0.02470398,0.004327774,-0.004137039,-0.034814835,-0.0061531067,0.017308235,0.40931702,-0.034830093,-0.05806923,0.004105568,-0.0023097992,-0.032147408,-0.009417534,0.0034132004,0.21025658,-0.04334259,-0.010929108,0.0026311874,0.00038051605,-0.03708744,-0.012943268,0.03229332,0.4546566,-0.035346985,-0.06959152
2217.5,0.0018835068,-0.0043611526,-0.022673607,0.001458168,0.037524223,0.09029961,-0.009033203,-0.059711456,0.0053100586,-0.0063409805,-0.001326561,-0.0055418015,0.037098885,0.41163254,-0.008674622,0.016599655,0.0024108887,0.003129959,-0.006085396,-0.0027265549,0.02472496,0.10597229,-0.029848099,-0.014083862,0.0029773712,-0.007013321,-0.033703804,-0.0066461563,0.013299942,0.40134048,-0.035320282,-0.040395737,0.0017623901,-0.0023832321,-0.030365944,-0.009542465,0.01033783,0.22127914,-0.034116745,-0.004014969,0.00018882751,0.00029850006,-0.038039207,-0.010953903,0.040239334,0.4515953,-0.041849136,-0.0570755
2218.5,0.0009326935,-8.869171e-05,-0.023407936,0.0008869171,0.03429413,0.09748268,-0.0023326874,-0.047883987,0.0058908463,-0.003566742,6.198883e-05,-0.008434296,0.028079033,0.4037304,-0.0071640015,0.016178131,0.0023078918,0.0023422241,-0.0073490143,-0.0059318542,0.016555786,0.11220932,-0.03227806,-0.006164551,0.0029201508,-0.0073719025,-0.03498459,-0.009169579,0.010299683,0.39451027,-0.03421974,-0.026420593,0.0011196136,-0.0014343262,-0.031658173,-0.011590004,0.001704216,0.22484589,-0.031362534,0.0001449585,0.0006227493,-0.0015802383,-0.03704548,-0.012243271,0.034175873,0.44620323,-0.037210464,-0.049863815
2219.5,0.0008716583,0.0040626526,-0.020698547,-0.005475998,0.033275604,0.10184288,-0.0072460175,-0.03109169,0.006552696,-0.0014448166,-0.00012302399,-0.010756493,0.037091255,0.39687157,0.002439499,0.020402908,0.0024738312,0.0038833618,-0.005466461,-0.0070114136,0.024302483,0.110681534,-0.030166626,0.0070152283,0.0029287338,-0.002957344,-0.034502983,-0.010133743,0.021504402,0.38317108,-0.036899567,-0.011425018,0.0026578903,0.000102996826,-0.031012535,-0.011910439,0.012991905,0.22350502,-0.023546219,0.0071258545,0.001168251,-0.0017242432,-0.03543949,-0.014110565,0.045336723,0.43789673,-0.03598976,-0.04262352
2220.5,-0.00044059753,0.005671501,-0.02303505,-0.0053987503,0.028809547,0.10412407,-0.0023288727,-0.016592026,0.0071878433,-0.0018758774,0.0012273788,-0.0020914078,0.0269413,0.39320374,-0.00053596497,0.02523613,0.002251625,0.0052785873,-0.00951004,-0.0023679733,0.012682915,0.1096611,-0.03570175,0.017543793,0.0026082993,0.00068092346,-0.037564278,-0.0028009415,0.015965462,0.373106,-0.031965256,-0.003566742,0.002612114,0.00020694733,-0.03027916,-0.005084038,0.0042095184,0.21894264,-0.02358818,0.017904282,0.0010166168,-0.00042438507,-0.033720016,-0.014674187,0.03470993,0.42656708,-0.03040123,-0.036743164
2221.5,-0.0013198853,0.006334305,-0.021458626,-0.0068035126,0.027702332,0.10380936,-0.008245468,-0.013748169,0.0061740875,-0.0042066574,0.00073337555,0.0044574738,0.03463173,0.38955688,0.008275986,0.021047592,0.000113487244,0.00765419,-0.0077285767,0.0019273758,0.022054672,0.10428047,-0.03407669,0.019832611,0.00010108948,0.0027122498,-0.036729813,0.0006275177,0.023068428,0.3623371,-0.030704498,-0.007801056,-0.00013828278,-0.0020112991,-0.032269478,-0.0037603378,0.009818077,0.21086693,-0.01300621,0.02120781,-0.00033664703,0.001991272,-0.034853935,-0.013215065,0.043221474,0.41209412,-0.034505844,-0.03814888
2222.5,-0.00041294098,0.0049419403,-0.021306038,-0.006422043,0.024255753,0.10589409,-0.0032634735,-0.008565903,0.0067186356,-0.006047249,0.0036745071,0.008136749,0.023028374,0.38087463,0.0151577,0.014322281,0.00042629242,0.006313324,-0.0074281693,0.0036497116,0.008624077,0.09970474,-0.032520294,0.020141602,0.0012722015,-1.8119812e-05,-0.035679817,0.0053253174,0.01010704,0.35020828,-0.031719208,-0.008003235,0.0007648468,-0.001291275,-0.028858185,0.001414299,-0.0018167496,0.20183372,-0.0019664764,0.01798439,-0.00027561188,0.0032749176,-0.034793854,-0.012888908,0.030971527,0.39048958,-0.029689789,-0.037021637
2223.5,-0.0010795593,0.0008096695,-0.02281475,-0.006091118,0.021858215,0.099723816,-0.0118637085,-0.004924774,0.007331848,-0.0050182343,0.0016784668,0.0019454956,0.03226471,0.3671627,0.014957428,0.0019989014,0.00096797943,0.004559517,-0.008023262,-0.003583908,0.020773888,0.08993912,-0.035060883,0.018659592,0.0015964508,-0.004217148,-0.03381443,-0.00039291382,0.020140648,0.33125305,-0.033744812,-0.012676239,0.0005970001,0.00046157837,-0.033935547,-0.0030984879,0.007832527,0.18712425,0.0016231537,0.014034271,0.00022888184,0.0018396378,-0.037225723,-0.019322395,0.03958893,0.3772583,-0.037656784,-0.040283203
2224.5,-0.00078487396,-0.0012521744,-0.024415016,-0.0048322678,0.019055367,0.09244728,-0.0017662048,-0.006175995,0.00730896,-0.0022497177,0.00061893463,-0.0059423447,0.023929596,0.35481453,0.019062042,-0.008453369,0.0002040863,0.002152443,-0.010788918,-0.0076179504,0.009845734,0.07945633,-0.031204224,0.016036987,0.001616478,-0.006904602,-0.03633213,-0.010334015,0.011814117,0.31339645,-0.02944374,-0.018075943,0.0002374649,-0.0023183823,-0.034762383,-0.014368057,-0.0006055832,0.17609978,0.016143799,0.010263443,0.00026130676,-0.00010204315,-0.039478302,-0.018789291,0.029727936,0.3498001,-0.030324936,-0.041893005
2225.5,-0.0017824173,0.00042438507,-0.023596764,-0.007221222,0.017122269,0.08577347,-0.008140564,-0.0074748993,0.006300926,0.001335144,-0.0026607513,-0.0061893463,0.032842636,0.33768654,0.031103134,-0.013002396,0.00015735626,0.003484726,-0.011301041,-0.008096695,0.020320892,0.07003021,-0.021299362,0.011518478,0.0016851425,-0.004544258,-0.03341961,-0.008132935,0.021069527,0.2953205,-0.020637512,-0.021482468,-0.0009918213,-0.003145218,-0.033322334,-0.013335228,0.0034866333,0.1645565,0.028686523,0.009254456,0.00035953522,-0.0007534027,-0.040079117,-0.018727303,0.03755665,0.32772636,-0.024742126,-0.04241371
2226.5,-0.0015039444,0.0042476654,-0.024896622,-0.0079422,0.017292023,0.078632355,-0.0016746521,-0.010234833,0.006198883,0.003077507,-0.0052700043,-0.007572174,0.021746635,0.3279438,0.027309418,-0.025714874,0.0014896393,0.0017747879,-0.012718201,-0.01104641,0.009291649,0.06163788,-0.027639389,0.005346298,0.002248764,-0.002354622,-0.035499573,-0.012064934,0.010721207,0.28679657,-0.02926445,-0.021913528,-3.8146973e-05,-0.0039777756,-0.035012245,-0.0151081085,-0.00429821,0.15240669,0.037096024,0.004611969,0.001335144,-0.002281189,-0.04258156,-0.020612717,0.02593422,0.29523087,-0.030509949,-0.04340172
2227.5,-0.00045871735,0.0030326843,-0.023496628,-0.007522583,0.015005112,0.07166672,-0.0029468536,-0.013441086,0.0072422028,0.0019311905,-0.003162384,-0.005259514,0.031354904,0.31209755,0.039608,-0.034814835,0.0014123917,-0.0003414154,-0.009930611,-0.010183334,0.02154255,0.056573868,-0.017900467,-0.0022392273,0.002336502,-0.0016059875,-0.034142494,-0.012152672,0.022891045,0.2706623,-0.019498825,-0.025279999,0.0014419556,-0.0043649673,-0.031809807,-0.015080452,0.006290436,0.13918304,0.053276062,0.0019264221,0.001991272,-0.0065546036,-0.040804863,-0.020887375,0.03691387,0.27134705,-0.01871872,-0.04714203
2228.5,-4.5776367e-05,0.0026054382,-0.024565697,-0.0056266785,0.01464653,0.06344795,-0.002571106,-0.026769638,0.00592041,0.00057315826,-0.0020523071,-0.0071372986,0.028030396,0.29789352,0.037822723,-0.042621613,0.00066280365,0.00043582916,-0.00907135,-0.012042046,0.016316414,0.052139282,-0.024244308,-0.009981155,0.0021276474,-0.002486229,-0.03344822,-0.014684677,0.020001411,0.25730324,-0.026605606,-0.03418541,0.0011520386,-0.0026817322,-0.02585411,-0.018748283,0.0041208267,0.12694168,0.061187744,-0.0020008087,0.0020475388,-0.004462242,-0.037508965,-0.02375412,0.03272724,0.24538994,-0.026964188,-0.053850174
2229.5,-0.0005168915,0.0012149811,-0.022899628,-0.00876236,0.012683868,0.056339264,-0.011045456,-0.03948593,0.004834175,0.00027561188,-0.00041389465,-0.010895729,0.032253265,0.27950287,0.039794922,-0.051834106,0.00078582764,0.003206253,-0.009652138,-0.0129032135,0.022361755,0.04914856,-0.020093918,-0.021385193,0.0023593903,-0.005291939,-0.031490326,-0.014079094,0.023974419,0.23910522,-0.02330017,-0.043952942,0.0005979538,-0.0011758804,-0.022407532,-0.018677711,0.010198593,0.122665405,0.07759285,-0.007396698,0.0024271011,-0.00086021423,-0.03557968,-0.02361393,0.03846264,0.22028542,-0.020591736,-0.061582565
2230.5,-0.0008401871,-0.00077438354,-0.021448135,-0.0026683807,0.019148827,0.05296707,-0.009634018,-0.04928398,0.0038900375,0.00289917,0.0015268326,-0.006422043,0.027012825,0.25494003,0.03623581,-0.06301117,0.0005016327,0.0038375854,-0.009358406,-0.009295464,0.017633438,0.053346634,-0.027946472,-0.032949448,0.0010604858,-0.009251595,-0.02875042,-0.01079464,0.02219677,0.22828293,-0.03255081,-0.051488876,0.0004196167,-0.003194809,-0.017710686,-0.014104843,0.0065050125,0.12166023,0.08547211,-0.011764526,0.0026435852,-0.0012302399,-0.032146454,-0.018550873,0.035273552,0.197855,-0.02755928,-0.06390381
2231.5,-0.0005636215,-0.0041236877,-0.019467354,-0.0026416779,0.010979652,0.052524567,-0.0052108765,-0.059108734,0.0043230057,-0.00046634674,0.0021619797,-0.0009813309,0.03442192,0.23121452,0.036403656,-0.0750618,0.0007972717,-0.00073337555,-0.006860733,-0.006983757,0.023233414,0.066049576,-0.027683258,-0.044599533,0.0011386871,-0.01176548,-0.026848793,-0.0043239594,0.031653404,0.20936775,-0.02687645,-0.052610397,0.001499176,-0.004688263,-0.016379356,-0.008048058,0.010546684,0.120370865,0.10580826,-0.020494461,0.0018386841,-0.006743431,-0.029925346,-0.014667511,0.041996002,0.17093468,-0.020606995,-0.06686592
2232.5,0.0003299713,-0.0034694672,-0.0160141,-0.0017242432,0.014756203,0.05286789,-0.0121974945,-0.06497002,0.005279541,-0.0011768341,0.0038366318,-0.0015134811,0.030805588,0.20042992,0.04168892,-0.08616829,0.0011396408,-0.0016288757,-0.004957199,-0.008266449,0.020066261,0.07076073,-0.024383545,-0.05078125,0.0028324127,-0.010446548,-0.026695251,-0.0055446625,0.02719307,0.18573761,-0.026693344,-0.05381584,0.002585411,-0.001537323,-0.016235352,-0.012507439,0.007613182,0.10841179,0.115148544,-0.028335571,0.002732277,-0.008029938,-0.02921009,-0.015416145,0.042470932,0.14077377,-0.01017189,-0.0654335
2233.5,0.00047397614,0.00035190582,-0.016400337,-0.0009050369,0.007205963,0.05883789,-0.018568039,-0.061937332,0.0057754517,0.0018234253,0.0030164719,-0.0006904602,0.02943325,0.17087364,0.024749756,-0.09245682,0.0017023087,-7.6293945e-06,-0.00786972,-0.006955147,0.01753521,0.07192612,-0.03710556,-0.05123329,0.0027694702,-0.0074481964,-0.028129578,-0.0027389526,0.027949333,0.16206932,-0.03584671,-0.0471344,0.0017051697,0.0006456375,-0.017612457,-0.009159088,0.010519028,0.095788956,0.120723724,-0.032117844,0.0032682419,-0.0033540726,-0.033143044,-0.014066696,0.047801018,0.10869789,-0.031389236,-0.061252594
2234.5,-6.389618e-05,0.0022296906,-0.011645317,0.00086021423,0.018540382,0.066072464,-0.009643555,-0.059635162,0.0039014816,0.0011234283,0.0030612946,0.0058174133,0.034337044,0.14308167,0.03055954,-0.099430084,0.0015010834,0.00078105927,-0.0052804947,-0.0052900314,0.021882057,0.0739727,-0.025951385,-0.05215454,0.0023288727,-0.006529808,-0.025053978,0.0033855438,0.024510384,0.1450386,-0.024417877,-0.0422554,0.000910759,-0.0013179779,-0.015066147,-0.0061941147,0.011387825,0.085357666,0.14040184,-0.03995514,0.0024204254,-0.0021181107,-0.030200005,-0.01083374,0.051177025,0.07562256,-0.02598381,-0.05803299
2235.5,-0.0006942749,0.001991272,-0.012054443,-0.001367569,0.010450363,0.07564545,-0.0051136017,-0.057552338,0.002940178,-0.0026006699,-0.00088882446,-0.005795479,0.03473282,0.12674332,0.021665573,-0.10615349,0.00055217743,0.00067424774,-0.0065841675,-0.013380051,0.024700165,0.08246422,-0.026571274,-0.050844193,0.001584053,-0.0075006485,-0.02434349,-0.0065517426,0.030929565,0.13281822,-0.03416443,-0.035873413,0.0011472702,-0.0038995743,-0.016226768,-0.016827583,0.013208389,0.08136749,0.14892197,-0.04353714,0.0012922287,-0.003692627,-0.0324955,-0.020593643,0.07611656,0.05120659,-0.031669617,-0.055152893
2236.5,-0.000579834,0.0005502701,-0.012928963,-0.0026741028,0.017492294,0.08550644,-0.016189575,-0.05320549,0.0039606094,-0.003791809,-0.0003566742,-0.011920929,0.036922455,0.1084137,0.018836975,-0.108343124,0.0009031296,0.0028047562,-0.005709648,-0.0140657425,0.023975372,0.09003639,-0.03775978,-0.04759407,0.0025939941,-0.008659363,-0.024163246,-0.012412071,0.023729324,0.11547661,-0.034992218,-0.029764175,0.0016822815,-0.0029144287,-0.015257835,-0.018802643,0.012308121,0.07999611,0.16482353,-0.04135132,0.0009889603,-0.0019445419,-0.030715942,-0.020451546,0.06053543,0.023735046,-0.03540039,-0.052431107
2237.5,0.00048828125,0.00042247772,-0.015305519,-0.002711296,0.012844086,0.0910244,-0.020792007,-0.0438385,0.004006386,-0.0014533997,-0.0020093918,-0.013112068,0.04008293,0.08959198,0.002855301,-0.10934448,0.00036907196,0.0052986145,-0.007910728,-0.0150671005,0.025102615,0.087753296,-0.048217773,-0.044010162,0.003317833,-0.0085783005,-0.026245117,-0.012702942,0.018053055,0.095731735,-0.040138245,-0.022317886,0.0022125244,-0.0005264282,-0.01884079,-0.020962715,0.015090942,0.07307625,0.16999626,-0.03834915,0.0017881393,0.00096416473,-0.032514572,-0.020667076,0.059669495,0.0037612915,-0.04237175,-0.047323227
2238.5,-0.0007343292,-0.0012655258,-0.017477036,-0.0018310547,0.016767502,0.103466034,-0.005056381,-0.0388031,0.00568676,-0.0030574799,-0.00016307831,-0.010835648,0.040678024,0.076805115,-0.00024414062,-0.1129303,1.4305115e-05,0.004753113,-0.009366035,-0.012188911,0.027231216,0.0960331,-0.042337418,-0.0409317,0.0033512115,-0.00898838,-0.027788162,-0.008102417,0.021100998,0.0820694,-0.04140854,-0.017381668,0.0029230118,-0.0028152466,-0.01845932,-0.019982338,0.012779236,0.069223404,0.18548393,-0.03656578,0.0019302368,0.00072193146,-0.034900665,-0.018808365,0.062189102,-0.013591766,-0.041046143,-0.0432415
2239.5,-0.003127098,0.0014533997,-0.020658493,-0.00030899048,0.012201309,0.109127045,-0.00696373,-0.030776978,0.0026330948,-0.0016746521,-0.0016880035,-0.015429497,0.037870407,0.06565857,-0.0076999664,-0.11608887,-0.0010662079,0.004096031,-0.011214256,-0.01758957,0.025819778,0.09392929,-0.04691124,-0.03822136,0.00093364716,-0.009141922,-0.029766083,-0.013597488,0.01566124,0.07308197,-0.04625702,-0.011550903,0.0019807816,-0.0020627975,-0.019212723,-0.025123596,0.010028839,0.05861473,0.19730568,-0.037916183,-0.00031661987,0.0009393692,-0.034775734,-0.024617195,0.065099716,-0.03087616,-0.042215347,-0.042282104
2240.5,-0.002448082,0.00233078,-0.020627022,0.00207901,0.012395859,0.10884094,-0.0062026978,-0.026042938,0.00068569183,-0.0017538071,-0.0036668777,-0.02147007,0.037675858,0.052858353,-0.016960144,-0.11818123,-0.00043010712,0.0017900467,-0.013713837,-0.0138607025,0.024702072,0.088617325,-0.052984238,-0.038215637,0.0006828308,-0.009048462,-0.032886505,-0.01848793,0.015285492,0.070625305,-0.049762726,-0.008386612,0.0016756058,-0.0034503937,-0.019284248,-0.022725105,0.0061016083,0.045095444,0.21133232,-0.0382843,-3.1471252e-05,0.0004348755,-0.035806656,-0.022258759,0.06681633,-0.045064926,-0.044706345,-0.04181099
2241.5,-0.001373291,0.0037584305,-0.020619392,0.007358551,0.0063152313,0.11418152,-0.010128021,-0.024894714,0.0018138885,-0.0019187927,-0.0041208267,-0.00043582916,0.033164978,0.04319191,-0.032514572,-0.11837387,-0.00081920624,0.0030965805,-0.015695572,0.0014505386,0.024122238,0.089998245,-0.06304932,-0.04347229,0.0011806488,-0.008475304,-0.03358841,0.00436306,0.012319565,0.07672119,-0.06246376,-0.008132935,0.0012550354,-0.0031576157,-0.017451286,-0.0038166046,0.00079345703,0.03915596,0.21359825,-0.041088104,-0.00046253204,0.00077819824,-0.03250885,-0.005238533,0.072467804,-0.042303085,-0.0530262,-0.044132233
2242.5,-7.1525574e-05,0.0051488876,-0.019762993,0.0012817383,0.0074977875,0.10245514,-0.0113658905,-0.024629593,0.0032224655,-0.0027713776,-0.0062274933,0.002521515,0.035972595,0.025449753,-0.055999756,-0.11470413,0.0015277863,0.006134987,-0.01790905,-0.009310722,0.02274704,0.08962059,-0.079683304,-0.044713974,0.0016727448,-0.009150505,-0.03323078,0.003165245,0.009899139,0.07273483,-0.0749836,-0.010055542,0.0018491745,-0.004014015,-0.016677856,-0.007976532,0.0024585724,0.026521683,0.2010479,-0.043071747,0.0020799637,0.0036258698,-0.031658173,-0.013210297,0.07294464,-0.0364151,-0.068712234,-0.045398712
2243.5,0.00018978119,0.004998207,-0.024385452,0.003293991,0.0037994385,0.08948898,-0.0033740997,-0.026735306,0.0025978088,-0.0027675629,-0.00845623,-0.0018129349,0.03236389,0.0046958923,-0.0748024,-0.1158905,0.001988411,0.008859634,-0.019418716,-0.00299263,0.023040771,0.09583664,-0.09353447,-0.04735756,0.0020523071,-0.009007454,-0.03192234,-0.0005350113,0.005420685,0.06786537,-0.081430435,-0.012121201,0.0009403229,-0.004296303,-0.018372536,-0.007955551,-0.0018367767,0.013349533,0.19634628,-0.04840851,0.0011978149,0.005004883,-0.03174591,-0.011013031,0.077754974,-0.018209457,-0.08462715,-0.050373077
2244.5,-0.0002374649,0.0032138824,-0.025054932,0.0032615662,0.006629944,0.055948257,0.0055007935,-0.028274536,0.0007534027,-0.0037345886,-0.0075502396,0.0016078949,0.03500557,-0.036064148,-0.08603859,-0.11592674,0.0019578934,0.008348465,-0.020479202,-0.0035381317,0.022489548,0.09861946,-0.098688126,-0.049135208,0.0018453598,-0.010480881,-0.029016495,-0.0015153885,0.002149582,0.044733047,-0.08223343,-0.011405945,0.0011539459,-0.005285263,-0.015850067,-0.009366035,-0.0001449585,-0.009466171,0.19915009,-0.050100327,0.001657486,0.006102562,-0.029280663,-0.011844635,0.08123398,-0.009237289,-0.0849247,-0.054042816
2245.5,-0.00034713745,0.0020208359,-0.023964882,0.0027313232,0.006380081,0.027542114,0.011909485,-0.031377792,0.001074791,-0.006020546,-0.0077495575,0.0025568008,0.03543091,-0.08424568,-0.101861954,-0.116420746,0.0008649826,0.005997658,-0.01768303,-0.003361702,0.023328781,0.10634613,-0.10511017,-0.049461365,0.001364708,-0.0136938095,-0.02801609,0.00010108948,0.00182724,0.018947601,-0.08536339,-0.012554169,0.0012626648,-0.008208275,-0.0152282715,-0.008428574,-0.0022506714,-0.034713745,0.19792938,-0.055915833,0.0015478134,0.0041389465,-0.029072762,-0.010440826,0.08468437,0.0029239655,-0.079776764,-0.0570755
2246.5,-0.000207901,0.0010347366,-0.022615433,0.0011787415,0.0063438416,-0.0022125244,0.018684387,-0.032676697,0.0013904572,-0.0056419373,-0.005414009,-0.001253128,0.035419464,-0.14586258,-0.11872101,-0.11842537,0.0014629364,0.0040254593,-0.015367508,-0.005467415,0.020801544,0.10684013,-0.112026215,-0.04657173,0.0007572174,-0.012571335,-0.025657654,-0.0030155182,-0.0045681,-0.025636673,-0.08930588,-0.012550354,0.0011577606,-0.008303642,-0.015345573,-0.011426926,-0.0054512024,-0.07780647,0.19648361,-0.062242508,0.0018291473,0.003973007,-0.029067993,-0.013537407,0.08775139,0.014486313,-0.072517395,-0.05745125
2247.5,-0.0007314682,2.5749207e-05,-0.021077156,0.001206398,0.004217148,-0.03230858,0.021953583,-0.033233643,0.0005302429,-0.0074882507,-0.004627228,-0.010908127,0.03553772,-0.20633888,-0.1336174,-0.11821556,0.00043964386,0.0021772385,-0.013046265,-0.008289337,0.017124176,0.11701584,-0.1135273,-0.047700882,-0.00018310547,-0.0141067505,-0.025200844,-0.010819435,-0.0055885315,-0.071985245,-0.09481239,-0.016012192,-2.670288e-05,-0.008730888,-0.015179634,-0.018286705,-0.008407593,-0.13001251,0.18641663,-0.07068825,0.001627922,0.0007677078,-0.02722168,-0.019871712,0.08981514,0.024633408,-0.07507706,-0.061792374
2248.5,-0.0002784729,0.0029115677,-0.016370773,0.0026798248,0.0050754547,-0.08691406,0.022209167,-0.036331177,-0.00037288666,-0.0064353943,-0.0029659271,-0.0084581375,0.03435135,-0.28157806,-0.15648079,-0.11621094,0.0012712479,0.0037145615,-0.0076904297,-0.0052013397,0.01727295,0.11045647,-0.11118889,-0.04418564,0.00027275085,-0.013845444,-0.021924019,-0.012461662,-0.0075321198,-0.13753128,-0.1014843,-0.015598297,0.00016021729,-0.0077056885,-0.015327454,-0.013625145,-0.009567261,-0.20177269,0.17311287,-0.07411194,0.0022220612,-0.00065517426,-0.028903961,-0.014092445,0.09051514,-0.0050792694,-0.08139229,-0.06275368
2249.5,-0.0009813309,0.0041742325,-0.016008377,0.0005760193,0.006975174,-0.13792038,0.024917603,-0.039627075,-0.0015773773,-0.0065078735,-0.00017738342,-0.007881165,0.034679413,-0.34579086,-0.17467117,-0.116939545,0.0009689331,0.0065698624,-0.007499695,-0.0056819916,0.017374039,0.10657501,-0.110609055,-0.04002762,-0.0012655258,-0.013134956,-0.022420883,-0.011191368,-0.0074424744,-0.20534325,-0.106889725,-0.017204285,0.000104904175,-0.008416176,-0.016796112,-0.015276909,-0.010389328,-0.26776695,0.15917969,-0.07493591,0.0010528564,0.00081920624,-0.027276993,-0.016649246,0.09377289,-0.041563034,-0.080877304,-0.06295967
2250.5,-0.00056648254,0.0025024414,-0.014354706,-0.0004377365,0.007167816,-0.17577171,0.025512695,-0.041908264,-0.0018386841,-0.008113861,0.0032491684,-0.005616188,0.03309059,-0.4038658,-0.19027138,-0.115478516,0.0010671616,0.005572319,-0.0076580048,-0.0059785843,0.016571045,0.086112976,-0.10932922,-0.03486061,-0.0010919571,-0.014595032,-0.021154404,-0.0083703995,-0.008422852,-0.28391647,-0.10970116,-0.0193367,0.00032520294,-0.010424614,-0.018061638,-0.01444912,-0.011415482,-0.3400097,0.15181923,-0.076602936,0.00052547455,0.0013513565,-0.027132988,-0.016104698,0.09155655,-0.087278366,-0.08306122,-0.062698364
2251.5,-0.00039672852,0.00038051605,-0.010025024,0.0009698868,0.007951736,-0.20872688,0.020151138,-0.04604149,-0.003121376,-0.008785248,0.0055770874,-0.0039405823,0.030225754,-0.45515823,-0.21011162,-0.11465454,0.0008058548,0.0061359406,-0.006972313,-0.0041894913,0.016994476,0.058986664,-0.11320114,-0.03224182,-0.0012607574,-0.016374588,-0.020659447,-0.0058994293,-0.0060367584,-0.35549355,-0.1128006,-0.019609451,-0.00049495697,-0.011555672,-0.018193245,-0.013436317,-0.010894775,-0.40877724,0.14652634,-0.07624817,-2.2888184e-05,0.002026558,-0.026982307,-0.0151491165,0.092357635,-0.13690186,-0.08710098,-0.061800003
2252.5,-0.00046253204,0.0012493134,-0.0075445175,-0.00068473816,0.0080394745,-0.23299217,0.02391243,-0.048192978,-0.0036582947,-0.0089178085,0.0087480545,-0.0044460297,0.030128479,-0.47854614,-0.21952438,-0.115701675,0.0008659363,0.0069417953,-0.0065746307,-0.007153511,0.01594162,0.03379631,-0.10512543,-0.034067154,-0.0010318756,-0.015786171,-0.017540932,-0.006140709,-0.0066108704,-0.4114437,-0.111213684,-0.025177002,-0.00011730194,-0.011772156,-0.017443657,-0.015341759,-0.011135101,-0.46632004,0.14728546,-0.07705498,0.0009899139,0.0028305054,-0.026099205,-0.01751995,0.094192505,-0.18724442,-0.07887077,-0.06219864
2253.5,0.00033664703,-0.0007867813,-0.0046482086,0.002699852,0.008785248,-0.2502365,0.016378403,-0.050603867,-0.0035352707,-0.010709763,0.010065079,-0.0042533875,0.027935028,-0.47978973,-0.22519302,-0.1091671,0.0013694763,0.004463196,-0.006052971,-0.0053987503,0.013681412,0.012210846,-0.09339142,-0.036067963,-0.0006656647,-0.017209053,-0.016765594,-0.0064401627,-0.0071582794,-0.45175552,-0.104393005,-0.029827118,-0.00033283234,-0.01358223,-0.01644516,-0.014967918,-0.008829117,-0.5101795,0.14569664,-0.0791111,0.0011482239,-0.00034809113,-0.023906708,-0.01582241,0.09160805,-0.22737694,-0.070446014,-0.06913757
2254.5,0.00043964386,0.0008277893,-0.0008125305,0.0006828308,0.009471893,-0.26551437,0.0060863495,-0.05157852,-0.0027828217,-0.010831833,0.013273239,-0.0059661865,0.026973724,-0.4581051,-0.2334156,-0.10175514,0.0017986298,0.0031881332,-0.004506111,-0.008648872,0.013908386,-0.013973236,-0.07833099,-0.038246155,0.0012054443,-0.018468857,-0.011039734,-0.0073041916,-0.005771637,-0.47459793,-0.099308014,-0.03204727,0.0007944107,-0.013813019,-0.016383171,-0.01586914,-0.008211136,-0.54294395,0.14148903,-0.0817337,0.0010519028,-0.00025844574,-0.022756577,-0.016191483,0.09192848,-0.26803398,-0.064813614,-0.075006485
2255.5,-0.000330925,0.0035715103,0.002779007,-0.00030517578,0.007396698,-0.276577,-0.021492004,-0.045166016,-0.003566742,-0.009050369,0.0151968,-0.006239891,0.02120018,-0.42890358,-0.25207138,-0.088624954,0.0006952286,0.0030918121,-0.0047950745,-0.009139061,0.010427475,-0.035856247,-0.082214355,-0.037317276,-0.00012683868,-0.019116402,-0.007689476,-0.008467674,-0.00979805,-0.475029,-0.10169983,-0.03139496,0.0009250641,-0.012438774,-0.014895439,-0.015638351,-0.010192871,-0.5679054,0.12569809,-0.078186035,0.000702858,-0.0002965927,-0.019367218,-0.014119148,0.087402344,-0.29819298,-0.081869125,-0.07310867
2256.5,-9.536743e-05,0.005680084,0.00374794,-0.000538826,0.009899139,-0.27960014,-0.052721024,-0.043079376,-0.002951622,-0.008340836,0.010877609,-0.005381584,0.023042679,-0.38868523,-0.26487732,-0.07843208,0.0010404587,0.006965637,-0.0026283264,-0.009171486,0.011310577,-0.046419144,-0.086019516,-0.041067123,0.00040721893,-0.017440796,-0.0055618286,-0.008637428,-0.0068206787,-0.4589901,-0.1018486,-0.03476715,0.0006160736,-0.011360168,-0.014834404,-0.014369965,-0.0072402954,-0.5702095,0.110033035,-0.08294678,0.0011253357,0.0023536682,-0.022571564,-0.012734413,0.086006165,-0.31184196,-0.096128464,-0.07638931
2257.5,6.9618225e-05,0.006627083,0.006254196,0.0038843155,0.009273529,-0.27978134,-0.067518234,-0.03680992,-0.003370285,-0.00849247,0.010872841,-0.005376816,0.020727158,-0.3479309,-0.2672081,-0.057847977,0.0008621216,0.008810997,-0.0041208267,-0.0087451935,0.00844574,-0.0634346,-0.093494415,-0.041412354,-0.00015830994,-0.016860008,-0.0036821365,-0.008885384,-0.006006241,-0.43920326,-0.09248161,-0.034690857,5.6266785e-05,-0.0132341385,-0.014262199,-0.013670921,-0.0074863434,-0.5539532,0.091362,-0.08358002,-0.00019836426,0.0036964417,-0.02063179,-0.012969971,0.08570862,-0.31836128,-0.11618614,-0.076675415
2258.5,0.00024032593,0.0060358047,0.010848999,-0.00031757355,0.011072159,-0.28019905,-0.079847336,-0.026636124,-0.0016069412,-0.009293556,0.010622978,-0.011253357,0.019752502,-0.30313873,-0.26914406,-0.038921356,0.0023231506,0.010557175,-0.002245903,-0.009119034,0.007873535,-0.079956055,-0.09937477,-0.037664413,0.0017023087,-0.017357826,-0.0010185242,-0.018903732,-0.004058838,-0.41152954,-0.09023857,-0.034448624,0.0026340485,-0.014940262,-0.013864517,-0.02240944,-0.005422592,-0.5140343,0.07780266,-0.083185196,0.0023241043,0.005678177,-0.020467758,-0.017701149,0.08289528,-0.3164158,-0.1314106,-0.07519722
2259.5,-0.00029468536,0.0015382767,0.011774063,-0.0019779205,0.011163712,-0.27129364,-0.09003067,-0.018556595,-0.002254486,-0.012537956,0.011263847,-0.005581856,0.018850327,-0.25372314,-0.2752266,-0.022449493,0.0012435913,0.007906914,-0.0027828217,-0.009709358,0.0058631897,-0.084480286,-0.10559082,-0.03674507,0.0011405945,-0.021730423,8.106232e-05,-0.0131082535,-0.0038585663,-0.36240196,-0.08976555,-0.03658867,0.0011796951,-0.020363808,-0.0139427185,-0.012381554,-0.0043563843,-0.45072556,0.0603714,-0.08555412,0.00076007843,0.004436493,-0.01858902,-0.012666702,0.083724976,-0.29623413,-0.13913536,-0.07831955
2260.5,-7.534027e-05,-0.002544403,0.013081551,-0.0031690598,0.010019302,-0.24753952,-0.11530495,-0.014545441,-0.0025453568,-0.015045166,0.0114097595,-0.0052108765,0.016889572,-0.21323204,-0.28512383,-0.0044174194,0.0015182495,0.0072374344,-0.0032348633,-0.010879517,0.0032806396,-0.0748291,-0.12070465,-0.036607742,0.0013914108,-0.022444725,0.0021562576,-0.0048599243,-0.0052928925,-0.30513954,-0.0927639,-0.03882408,0.0010910034,-0.023326874,-0.015341759,-0.00914669,-0.005470276,-0.3758583,0.036172867,-0.0855732,0.0006122589,0.0040426254,-0.019994736,-0.011622429,0.08848572,-0.2561226,-0.15313911,-0.079740524
2261.5,-0.00097465515,0.00055217743,0.014950752,-0.0009326935,0.009466171,-0.21331596,-0.13288689,-0.013044357,-0.0025787354,-0.013841629,0.012058258,-0.009116173,0.017959595,-0.17313576,-0.2941532,0.00897789,0.0012493134,0.007926941,-0.00012683868,-0.011910439,0.002084732,-0.059415817,-0.12008476,-0.04164505,8.869171e-05,-0.020774841,0.006085396,-0.008423805,-0.0051574707,-0.240942,-0.09055519,-0.043949127,0.000916481,-0.020977974,-0.014061928,-0.014595032,-0.0035381317,-0.29023743,0.00957489,-0.08995247,0.00039100647,0.0062770844,-0.019527435,-0.015260696,0.08758736,-0.21960068,-0.16240692,-0.081171036
2262.5,0.0002632141,0.00055503845,0.016467094,-0.0028867722,0.004962921,-0.18402481,-0.15163994,-0.006986618,-0.0024824142,-0.016904831,0.012008667,-0.013257027,0.018444061,-0.14762878,-0.30146408,0.027856827,0.002163887,0.006634712,0.0018339157,-0.0113554,9.536743e-06,-0.045412064,-0.1164608,-0.042793274,0.00024223328,-0.02016735,0.008612633,-0.014574051,-0.0060482025,-0.1791172,-0.09166908,-0.04843712,-8.106232e-05,-0.02140522,-0.011853218,-0.019234657,-0.0063705444,-0.20354652,-0.017972946,-0.095939636,0.0006685257,0.00582695,-0.01915741,-0.016310692,0.086483,-0.19595146,-0.18185043,-0.08446884
2263.5,0.00045013428,0.001537323,0.017086029,-0.0010375977,0.0026493073,-0.15829086,-0.16051674,-0.0074806213,-0.0016870499,-0.016795158,0.013120651,-0.010993004,0.011695862,-0.12787628,-0.30075264,0.04061699,0.0023918152,0.0011730194,0.0029735565,-0.010811806,-0.0036582947,-0.036029816,-0.109375,-0.04615593,0.0012588501,-0.02024746,0.0135355,-0.015385628,-0.005683899,-0.118499756,-0.08781242,-0.053754807,0.00022220612,-0.021086693,-0.009566307,-0.016997337,-0.0086193085,-0.11424446,-0.046611786,-0.101062775,0.0008573532,-0.00017642975,-0.018913269,-0.01396656,0.0844841,-0.17637825,-0.19058418,-0.0904026
2264.5,0.001127243,0.0033330917,0.017461777,-0.001616478,0.0046844482,-0.13985252,-0.16275024,-0.008152008,-0.0011405945,-0.014294624,0.012516975,-0.011367798,0.013936996,-0.1098938,-0.295269,0.05413437,0.0020332336,0.0049152374,0.0034017563,-0.011418343,0.0006599426,-0.037275314,-0.11331558,-0.045289993,0.0024375916,-0.019796371,0.01612854,-0.016887665,9.346008e-05,-0.06188011,-0.0822773,-0.056554794,0.0004272461,-0.0196352,-0.0092840195,-0.016207695,-0.0023727417,-0.04134178,-0.06701851,-0.10770798,0.0020742416,0.0011825562,-0.017601967,-0.014893532,0.0859108,-0.15280151,-0.19425201,-0.09314728
2265.5,-0.001540184,0.0043468475,0.014830589,-0.0017986298,0.0018844604,-0.1134758,-0.15665436,-0.0051651,-0.0034227371,-0.012795448,0.010232925,-0.0124435425,0.00979805,-0.07408142,-0.27816772,0.066043854,0.0002040863,0.009373665,0.0024700165,-0.01177597,-0.0030879974,-0.027183533,-0.10027313,-0.04801178,0.00081443787,-0.016832352,0.015226364,-0.01660347,-0.00425148,-0.004003525,-0.07675552,-0.059562683,-0.0026693344,-0.018144608,-0.009973526,-0.014723778,-0.00557518,0.023145676,-0.07493591,-0.11167526,-0.0003976822,0.003967285,-0.019133568,-0.015396118,0.07929802,-0.1123867,-0.18253899,-0.09306145
2266.5,0.0021324158,0.0010242462,0.013694763,-0.0042476654,0.0026988983,-0.080057144,-0.14542198,-0.007730484,-0.00021648407,-0.016561508,0.006881714,-0.014908791,0.01048851,-0.03655052,-0.26016045,0.07495117,0.0035562515,0.007648468,0.0011930466,-0.013597488,-0.0056934357,-0.007616043,-0.07868385,-0.051469803,0.0023231506,-0.01780796,0.0156641,-0.018361092,-0.0030841827,0.045101166,-0.06629944,-0.06443024,0.00065517426,-0.02084446,-0.0099515915,-0.014702797,-0.007411957,0.07917595,-0.07033539,-0.11676979,0.0033063889,0.0036849976,-0.020050049,-0.017702103,0.07766342,-0.053117752,-0.1606369,-0.096097946
2267.5,0.001540184,-0.0013923645,0.014429092,-0.0008735657,0.0030536652,-0.046470642,-0.13294983,-0.0067863464,0.0004081726,-0.01943016,0.0058517456,-0.010603905,0.009822845,0.0043849945,-0.23704529,0.08139992,0.0013771057,0.0069770813,-0.0010986328,-0.011358261,-0.005344391,0.019289017,-0.051836014,-0.056016922,0.0031061172,-0.016654968,0.016005516,-0.015877724,0.0009021759,0.0891304,-0.060113907,-0.06511116,0.0013504028,-0.022586823,-0.0085430145,-0.011045456,-0.0053482056,0.12918472,-0.061208725,-0.11593056,0.002398491,0.0043497086,-0.018309593,-0.012748718,0.07888985,0.020050049,-0.1366806,-0.10231972
2268.5,2.4795532e-05,-0.003739357,0.012101173,-0.0005426407,0.007095337,-0.027830124,-0.12296867,-0.011127472,-0.00058841705,-0.016972542,0.0030670166,-0.008938789,0.012519836,0.038118362,-0.2147007,0.08200455,0.0017747879,0.006662369,-0.0020599365,-0.009386063,-0.00043296814,0.04352379,-0.02614212,-0.05977249,0.0020837784,-0.018630981,0.017233849,-0.01503849,0.0069503784,0.12558746,-0.05708313,-0.065395355,0.0015592575,-0.02244091,-0.0078725815,-0.010152817,-0.004529953,0.1568451,-0.053361893,-0.11825752,0.0021953583,0.006801605,-0.016462326,-0.010196686,0.07595253,0.08433342,-0.11932182,-0.10477257
2269.5,-0.0018787384,-0.0029335022,0.009200096,0.00092220306,0.00431633,-0.024177551,-0.11172104,-0.013977051,-0.0011148453,-0.017647743,9.727478e-05,-0.009401321,0.011077881,0.06770134,-0.18479156,0.08442879,0.001039505,0.004550934,-0.0048828125,-0.009703636,-0.0054836273,0.07498169,-0.006597519,-0.06466293,-0.000166893,-0.021975517,0.01541996,-0.013216019,0.009529114,0.1456871,-0.04657173,-0.06415558,-0.00045013428,-0.024863243,-0.010585785,-0.0092048645,-0.0097408295,0.16572571,-0.043664932,-0.1165638,8.869171e-05,0.0058221817,-0.016394615,-0.009991646,0.065963745,0.13693619,-0.10250664,-0.10125542
2270.5,0.0005092621,-0.0018482208,0.007413864,0.0007390976,0.0014019012,-0.02324295,-0.11058235,-0.0136470795,-0.0015716553,-0.016188622,-0.0033626556,-0.008374214,0.0040245056,0.09242821,-0.15714264,0.086408615,0.00088500977,0.0034694672,-0.007633209,-0.009344101,-0.009960175,0.119997025,0.00088119507,-0.06564331,0.001499176,-0.022302628,0.017703056,-0.01585865,0.0075626373,0.1634388,-0.03863907,-0.059886932,0.0019464493,-0.025238037,-0.011946678,-0.009026527,-0.014801025,0.16469002,-0.043073654,-0.11446953,0.0018901825,0.006324768,-0.016329765,-0.009589195,0.062160492,0.1922245,-0.10059166,-0.097351074
2271.5,-0.0019359589,-0.002588272,0.005385399,0.0027561188,0.0072135925,-0.026716232,-0.09586525,-0.012550354,-0.0009832382,-0.014054298,-0.0037050247,-0.006409645,0.0012207031,0.11927223,-0.12443352,0.08599472,0.0013017654,0.0018882751,-0.008229256,-0.008255005,-0.010261536,0.16084671,-0.0050907135,-0.06544304,-0.0014095306,-0.020803452,0.01977253,-0.013094902,0.008081436,0.18027306,-0.03462982,-0.055374146,-0.0011320114,-0.022529602,-0.012394905,-0.006333351,-0.016901016,0.16126442,-0.040693283,-0.10997009,-0.0011987686,0.006631851,-0.015044212,-0.008859634,0.0601902,0.24856377,-0.10010338,-0.09288788
2272.5,0.0016317368,-0.0029888153,0.003293991,0.0026826859,0.011821747,-0.04529953,-0.07044792,-0.014009476,-0.0010032654,-0.012756348,-0.0019140244,-0.0033521652,0.0053157806,0.1263485,-0.09316063,0.08301926,0.00090408325,0.0011281967,-0.009849548,-0.00790596,-0.011346817,0.18465996,-0.013406754,-0.06613922,0.0018825531,-0.019402504,0.01875782,-0.011193275,0.009778976,0.1866169,-0.029417038,-0.05531311,0.0018453598,-0.02062893,-0.012730598,-0.004429817,-0.017126083,0.13986778,-0.03198433,-0.11282921,0.0031194687,0.004090309,-0.015721321,-0.0065784454,0.056573868,0.29206657,-0.09143448,-0.09224892
2273.5,-0.0020227432,-0.0014619827,0.0017433167,0.00028133392,0.013729095,-0.07866478,-0.042764664,-0.009569168,-0.0009202957,-0.011292458,-0.0020256042,-0.004201889,0.007127762,0.12215233,-0.060754776,0.08548164,0.0008497238,0.0038290024,-0.009263039,-0.008993149,-0.009593964,0.19591713,-0.021047592,-0.06320953,-0.0010538101,-0.018349648,0.01590538,-0.010773659,0.01465416,0.17951584,-0.017782211,-0.050613403,-0.0016679764,-0.020040512,-0.012325287,-0.006955147,-0.014987946,0.113767624,-0.0152339935,-0.10602379,-0.0004348755,0.005941391,-0.015825272,-0.008817673,0.051799774,0.3176365,-0.068906784,-0.083021164
2274.5,0.00047397614,-0.001701355,0.0003271103,-0.00045871735,0.018285751,-0.10362625,-0.023481369,-0.005968094,-0.0017595291,-0.01250267,-0.0041742325,-0.005002022,0.0061302185,0.11318207,-0.026266098,0.08312416,0.00043678284,0.004611969,-0.008867264,-0.008044243,-0.005060196,0.19962502,-0.03230667,-0.06009102,0.00111866,-0.019471169,0.013373375,-0.012554169,0.02385521,0.17601967,-0.0068149567,-0.04812622,0.00050640106,-0.020816803,-0.012237549,-0.0074014664,-0.010246277,0.096567154,-0.006872177,-0.100133896,0.0018205643,0.0073080063,-0.016740799,-0.008178711,0.048223495,0.34501076,-0.046632767,-0.07561684
2275.5,0.0011844635,-0.0061559677,-0.0018596649,-0.0002527237,0.018302917,-0.115091324,-0.002084732,-0.0042972565,-0.00081825256,-0.017149925,-0.0065870285,-0.0057964325,0.0039596558,0.10470009,0.007390976,0.08061409,0.00045490265,0.0003566742,-0.009847641,-0.0066223145,-0.005170822,0.20738602,-0.03468132,-0.06187439,0.0018777847,-0.021547318,0.012161255,-0.014637947,0.025400162,0.17790794,0.00910759,-0.046245575,0.0009460449,-0.025841713,-0.011511803,-0.009178162,-0.009904861,0.08742142,0.00077056885,-0.09207916,0.0025081635,0.0047540665,-0.015995026,-0.008519173,0.04292488,0.37978935,-0.033130646,-0.07052231
2276.5,-0.0008096695,-0.008296967,-0.002814293,0.0015478134,0.01943016,-0.1161747,0.019449234,-0.007297516,-0.0021009445,-0.017962456,-0.0053930283,-0.006972313,0.0046482086,0.09207153,0.04202652,0.074897766,0.0016794205,-0.0016412735,-0.0076417923,-0.0032463074,-0.005540848,0.19619179,-0.036481857,-0.063014984,-0.0004787445,-0.02159977,0.009012222,-0.015302658,0.023395538,0.17461586,0.02000618,-0.039806366,-0.0013380051,-0.027330399,-0.009904861,-0.00740242,-0.013376236,0.073797226,0.0020751953,-0.089681625,3.6239624e-05,0.0042409897,-0.014568329,-0.00939846,0.033966064,0.39588737,-0.025461197,-0.06591797
2277.5,0.00014400482,-0.0106601715,-0.005757332,0.004383087,0.01766777,-0.108846664,0.040258408,-0.013875961,-0.0016965866,-0.017611504,-0.007109642,-0.007897377,0.0021781921,0.07435036,0.06755829,0.06332779,0.00089740753,-0.0027608871,-0.0078783035,0.0026445389,-0.0075092316,0.1713047,-0.033628464,-0.06528473,0.0012207031,-0.02372837,0.0061769485,-0.015574455,0.024024963,0.16741753,0.026147842,-0.04047966,-0.00030612946,-0.029649734,-0.011008263,-0.007903099,-0.015525818,0.058591843,-0.00089645386,-0.08817482,0.00057697296,0.0016736984,-0.014942169,-0.009184837,0.026561737,0.40327835,-0.021554947,-0.06222725
2278.5,0.00051403046,-0.010072708,-0.0047006607,0.009049416,0.013881683,-0.08962059,0.059217453,-0.019388199,-0.0011148453,-0.016569138,-0.005970001,-0.007507324,-0.004940033,0.060583115,0.08803558,0.053361893,0.00068950653,-0.0021152496,-0.0073661804,0.0073366165,-0.009305954,0.15034866,-0.035816193,-0.0641098,0.0008134842,-0.023952484,0.0037603378,-0.014584541,0.018152237,0.16187096,0.02607727,-0.03797722,0.00062561035,-0.02853489,-0.009305,-0.00844574,-0.018360138,0.047454834,-3.4332275e-05,-0.08428764,0.0009899139,-0.0009202957,-0.014269829,-0.008818626,0.018384933,0.4037056,-0.01802063,-0.05706215
2279.5,-0.00024318695,-0.0082063675,-0.0075063705,0.010765076,0.011415482,-0.059215546,0.088783264,-0.027675629,-0.0012540817,-0.015693665,-0.009252548,-0.008998871,-0.0043125153,0.044858932,0.112615585,0.04548073,8.583069e-06,-0.0038290024,-0.01170063,0.010941505,-0.00557518,0.1264801,-0.030042648,-0.06720543,0.00013446808,-0.024064064,-0.0009698868,-0.013436317,0.017807007,0.1619873,0.028511047,-0.037967682,0.0013389587,-0.028029442,-0.0106630325,-0.008763313,-0.016458511,0.038433075,0.025241852,-0.0821991,0.00045013428,-0.0011320114,-0.01804924,-0.012366295,0.013530731,0.39635086,0.0009613037,-0.05795479
2280.5,-0.00019741058,-0.008647919,-0.008323669,0.014596939,0.008443832,-0.022182465,0.11277199,-0.041776657,-0.0017719269,-0.017427444,-0.010394096,-0.010051727,-0.003435135,0.031547546,0.12529755,0.03024292,-0.00040626526,-0.0054121017,-0.010511398,0.013879776,-0.005334854,0.096731186,-0.017086029,-0.07020569,-0.00078201294,-0.02366352,-0.003030777,-0.009928703,0.022060394,0.16675377,0.02476883,-0.039714813,0.0012102127,-0.027089119,-0.0097846985,-0.009860992,-0.01838684,0.032699585,0.049900055,-0.08183861,0.00027751923,-0.0021972656,-0.017308235,-0.013594627,0.009206772,0.38187027,0.018939972,-0.055906296
2281.5,-0.00029563904,-0.007826805,-0.009908676,0.016000748,0.003162384,0.005311966,0.13098145,-0.05275917,-0.0018835068,-0.017228127,-0.010583878,-0.008430481,-0.0022506714,0.00699234,0.12707329,0.011692047,-0.001074791,-0.0058403015,-0.011669159,0.014783859,-0.0025501251,0.05635643,0.0033092499,-0.07222748,-0.0017900467,-0.024809837,-0.004514694,-0.007853508,0.02376175,0.15909195,0.019025803,-0.04491806,0.001657486,-0.027563095,-0.008525848,-0.011437416,-0.015966415,0.011110306,0.079805374,-0.08469963,-0.00023555756,-0.0036153793,-0.016983032,-0.017365456,0.013370514,0.3431816,0.04061508,-0.05156517
2282.5,9.918213e-05,-0.007171631,-0.011788368,0.016849518,-0.0064811707,0.021068573,0.1439209,-0.06136322,-0.0024776459,-0.014371872,-0.012750626,-0.0059051514,-0.007707596,-0.024137497,0.12419319,0.0008125305,-0.001830101,-0.0018634796,-0.013301849,0.015709877,-0.0095767975,0.008863449,0.023239136,-0.0736084,-0.002005577,-0.02410984,-0.00868988,-0.0040340424,0.0131549835,0.1464634,0.015808105,-0.04273033,0.000415802,-0.026272774,-0.009329796,-0.010437012,-0.024749756,-0.019506454,0.10829544,-0.07658005,-0.00016784668,-0.0027360916,-0.017190933,-0.019777298,0.005760193,0.2896309,0.059980392,-0.045057297
2283.5,-0.0008211136,-0.0062675476,-0.013012886,0.020955086,-0.017742157,0.026508331,0.14510727,-0.06848335,-0.0029773712,-0.014793396,-0.012670517,-0.002497673,-0.0021038055,-0.06635475,0.1082325,-0.009870529,-0.0017118454,-0.0010137558,-0.012835503,0.022259712,-0.017162323,-0.045053482,0.030509949,-0.07032585,-0.0017433167,-0.025435448,-0.009964943,-0.00019836426,0.0017662048,0.12716866,0.0057353973,-0.03976631,-0.00033187866,-0.02836132,-0.009609222,-0.010172844,-0.029531479,-0.060827255,0.14591599,-0.07041168,-0.0008354187,-0.002617836,-0.015841484,-0.020866394,0.0005226135,0.21964073,0.06341362,-0.042310715
2284.5,-2.193451e-05,-0.0074396133,-0.013191223,0.024676323,-0.018051147,0.01951027,0.13161659,-0.081718445,-0.0025482178,-0.01695919,-0.012849808,-0.0010976791,-0.0020561218,-0.12235069,0.08337784,-0.024652481,-0.00077438354,-0.000500679,-0.013142586,0.023328781,-0.024765015,-0.11291313,0.030593872,-0.06890297,-0.0011320114,-0.02410984,-0.013638496,0.00079631805,-0.0054836273,0.09700775,-0.007818222,-0.03813362,0.0002002716,-0.030154228,-0.0100336075,-0.010485649,-0.039110184,-0.11838341,0.16793251,-0.06981468,-0.0008401871,-0.0016679764,-0.0152282715,-0.02319336,-0.005191803,0.1336689,0.050941467,-0.03882599
2285.5,-0.00041675568,-0.012024879,-0.01461792,0.02735424,-0.01509285,0.012516022,0.11948395,-0.0926857,-0.0020303726,-0.020925522,-0.013715744,-8.392334e-05,-0.00034713745,-0.17983627,0.06213188,-0.038902283,-0.0012302399,-0.004304886,-0.013338089,0.02434063,-0.024396896,-0.1774826,0.025873184,-0.066064835,-0.0013027191,-0.027039528,-0.013622284,-1.1444092e-05,-0.008014679,0.0701828,-0.018255234,-0.03713417,-0.00078868866,-0.033611298,-0.012126923,-0.012809753,-0.042617798,-0.17466927,0.17874336,-0.06645584,-0.00046920776,-0.004597664,-0.01584816,-0.027887344,-0.009471893,0.045915604,0.034837723,-0.036952972
2286.5,0.0010099411,-0.014722824,-0.013428688,0.026679993,-0.016036987,0.0101623535,0.11367035,-0.10190964,-0.0013141632,-0.022100449,-0.013371468,0.00025844574,0.0009899139,-0.23192406,0.05000496,-0.05124092,-0.00037384033,-0.004187584,-0.0114479065,0.026400566,-0.02536583,-0.23830795,0.021661758,-0.06260109,-0.00039672852,-0.02972889,-0.014130592,-0.0025405884,-0.012107849,0.051519394,-0.012083054,-0.03348732,-0.0006723404,-0.035510063,-0.01034832,-0.015403748,-0.04361534,-0.22511101,0.1962471,-0.057779312,-0.00018787384,-0.005847931,-0.013188362,-0.02933979,-0.010122299,-0.045492172,0.02491951,-0.027513504
2287.5,0.00034618378,-0.019498825,-0.010612488,0.025797844,-0.01266098,0.018850327,0.10035324,-0.10604668,-0.0025434494,-0.022289276,-0.01192379,-0.0002708435,0.0025806427,-0.28159142,0.029924393,-0.05953598,-0.00076675415,-0.008215904,-0.011675835,0.027668,-0.025644302,-0.29159546,0.0056056976,-0.057641983,-0.0011262894,-0.029470444,-0.015295982,-0.0046072006,-0.015865326,0.03907585,-0.0029144287,-0.030319214,0.0003528595,-0.035391808,-0.008690834,-0.014995575,-0.041303635,-0.2727356,0.20820427,-0.05087471,-0.0003452301,-0.0069885254,-0.0140218735,-0.03285408,-0.0028934479,-0.13333893,0.010669708,-0.021591187
2288.5,-0.0011110306,-0.013105392,-0.010019302,0.028287888,-0.007045746,0.027046204,0.06912041,-0.11511612,-0.002869606,-0.01640606,-0.010432243,-0.0012521744,0.009725571,-0.32272148,-0.0044574738,-0.071746826,-0.0029850006,-0.008439064,-0.009145737,0.02631855,-0.02824974,-0.33887863,-0.030151367,-0.05641365,-0.0015182495,-0.027927399,-0.01607132,-0.008543968,-0.021614075,0.03636551,-0.009584427,-0.026126862,-0.0016803741,-0.031565666,-0.009057999,-0.015997887,-0.04530716,-0.31214905,0.19910431,-0.048801422,-0.0008325577,-0.0047836304,-0.01452446,-0.034446716,0.0004863739,-0.21123314,-0.014070511,-0.019987106
2289.5,-0.00046253204,-0.010719299,-0.013784409,0.02995491,-0.00020980835,0.04402733,0.033981323,-0.122011185,-0.00303936,-0.01282692,-0.014814377,-0.0016155243,0.016786575,-0.34482574,-0.04410553,-0.078287125,-0.002064705,-0.008122444,-0.014345169,0.030129433,-0.033411026,-0.37893105,-0.059566498,-0.04865074,-0.0016794205,-0.027082443,-0.019207,-0.010951996,-0.030261993,0.044303894,-0.019805908,-0.021556854,-0.0022640228,-0.029881477,-0.0135746,-0.017299652,-0.050912857,-0.3426628,0.18527794,-0.04186058,-0.0018348694,-0.0076875687,-0.020615578,-0.03674698,-0.00055503845,-0.2764778,-0.040151596,-0.014728546
2290.5,-0.0010929108,-0.0071086884,-0.010356903,0.03290367,0.016357422,0.06945038,0.009349823,-0.11779022,-0.0027923584,-0.009600639,-0.014212608,-0.0004749298,0.023944855,-0.36107254,-0.07223892,-0.07507706,-0.0018100739,-0.005030632,-0.013877869,0.035453796,-0.036474228,-0.40198326,-0.070589066,-0.042079926,-0.0025186539,-0.023071289,-0.019403458,-0.0067100525,-0.028821945,0.06262779,-0.023294449,-0.016019821,-0.0016965866,-0.026880264,-0.015927315,-0.015592575,-0.051847458,-0.36444473,0.17162514,-0.03457451,-0.002366066,-0.008826256,-0.02130127,-0.036910057,-0.0012073517,-0.3317604,-0.052350998,-0.0072956085
2291.5,0.00031471252,-0.0052757263,-0.010971069,0.031632423,0.03314209,0.09196854,-0.028974533,-0.1175251,0.00069236755,-0.010719299,-0.014578819,-0.00333786,0.02703476,-0.37959862,-0.11664581,-0.07761955,-0.0002374649,-0.0033836365,-0.015006065,0.034614563,-0.030637741,-0.41760445,-0.09423447,-0.04033661,-0.00030136108,-0.024822235,-0.022940636,-0.0066928864,-0.024463654,0.08900452,-0.042484283,-0.013137817,0.00096321106,-0.02797699,-0.01465416,-0.015584946,-0.050807953,-0.3831253,0.1388874,-0.029066086,0.0013780594,-0.007710457,-0.023686409,-0.039194107,0.0024528503,-0.38594246,-0.07341957,-0.0052776337
2292.5,-0.00017261505,-0.0040807724,-0.012281418,0.032117844,0.04213524,0.117269516,-0.06473923,-0.11648178,-0.0016355515,-0.010760307,-0.016126633,-0.0037879944,0.029684067,-0.39012146,-0.16259575,-0.081783295,-0.0010051727,-0.0025291443,-0.017879486,0.033720016,-0.027204514,-0.42861748,-0.11945915,-0.035310745,-0.0004749298,-0.02435875,-0.026649475,-0.006398201,-0.017213821,0.12506294,-0.071798325,-0.011026382,0.0019369125,-0.029198647,-0.020497322,-0.017118454,-0.049510956,-0.39618874,0.10210419,-0.027931213,-0.000333786,-0.008506775,-0.027564049,-0.039823532,0.00554657,-0.43097305,-0.100048065,-0.0053577423
2293.5,0.000869751,-0.00628376,-0.013169289,0.03291893,0.05185318,0.13666725,-0.10990906,-0.11610222,-0.00074768066,-0.012745857,-0.015339851,-0.0038061142,0.03331375,-0.38993454,-0.21640968,-0.08493805,-0.0006465912,0.0013885498,-0.015798569,0.033481598,-0.023107529,-0.43440437,-0.15189362,-0.03224373,-0.0005941391,-0.022072792,-0.027385712,-0.0041942596,-0.010662079,0.16745758,-0.11705589,-0.014057159,0.0018758774,-0.03033638,-0.020734787,-0.01672554,-0.044488907,-0.39884567,0.054275513,-0.034008026,-0.000333786,-0.006811142,-0.025948524,-0.039385796,0.010438919,-0.46821594,-0.13328552,-0.008172989
2294.5,0.0007638931,-0.01057148,-0.008892059,0.033322334,0.05860901,0.15219116,-0.14710999,-0.117744446,-0.00031375885,-0.014679909,-0.012577057,-0.004737854,0.032726288,-0.3839321,-0.2664585,-0.08632851,-0.0013208389,0.0033655167,-0.0145635605,0.036114693,-0.021223068,-0.43360138,-0.17214394,-0.038793564,0.000998497,-0.021668434,-0.024018288,-0.0033388138,-0.007789612,0.21486282,-0.15870476,-0.018356323,0.0011835098,-0.028774261,-0.017932892,-0.01759243,-0.04083252,-0.39255142,0.008501053,-0.038547516,0.0009832382,-0.0043001175,-0.024194717,-0.0406847,0.01627922,-0.49783134,-0.15019798,-0.010601044
2295.5,-0.0011901855,-0.014551163,-0.010562897,0.03431034,0.060739517,0.15707779,-0.17302895,-0.12128258,-0.0018253326,-0.016600609,-0.012851715,-0.0036315918,0.026845932,-0.37280655,-0.31397057,-0.090940475,-0.0021448135,-0.00057697296,-0.0153980255,0.034867287,-0.021839142,-0.41658783,-0.18304825,-0.042154312,-0.00077819824,-0.025898933,-0.02537632,-0.0034713745,-0.0050315857,0.25992203,-0.19850922,-0.026227951,-0.00031089783,-0.031020164,-0.017720222,-0.01535511,-0.03792,-0.3830948,-0.02827835,-0.047849655,-0.00038433075,-0.006211281,-0.024415016,-0.039759636,0.014471054,-0.51672363,-0.15727043,-0.021968842
2296.5,0.002872467,-0.015071869,-0.0034561157,0.033334732,0.058683395,0.15112877,-0.19693565,-0.12515831,0.00044822693,-0.016431808,-0.008415222,-0.005795479,0.018995285,-0.35469437,-0.35746384,-0.09745979,-0.00057792664,-0.0025606155,-0.01058197,0.033091545,-0.022603989,-0.38337708,-0.18170547,-0.044736862,0.0010900497,-0.027041435,-0.019558907,-0.0050621033,-0.000869751,0.29740524,-0.23730278,-0.03511238,0.00026988983,-0.031600952,-0.01305294,-0.01622963,-0.037965775,-0.3694954,-0.06723976,-0.05867386,0.002084732,-0.009557724,-0.020199776,-0.041047096,0.011257172,-0.5278702,-0.15854073,-0.030664444
2297.5,-0.0007991791,-0.012170792,-0.0009975433,0.031482697,0.051517487,0.12876892,-0.21875954,-0.13164902,-0.0026597977,-0.014701843,-0.0050029755,-0.0050268173,0.011955261,-0.32567024,-0.3982277,-0.10502815,-0.00023078918,-0.004216194,-0.008096695,0.031305313,-0.022123337,-0.35020065,-0.17791939,-0.04899597,0.0011997223,-0.025949478,-0.016767502,-0.00452137,0.0018196106,0.33048248,-0.27754402,-0.037858963,0.0013132095,-0.029462814,-0.012513161,-0.016958237,-0.032766342,-0.35652733,-0.103975296,-0.07278061,0.0024118423,-0.010775566,-0.017501831,-0.041152954,0.0056915283,-0.53847694,-0.15636444,-0.040159225
2298.5,0.0007915497,-0.010227203,0.0026388168,0.03127861,0.046007156,0.10263634,-0.22738457,-0.13881302,-0.0025701523,-0.006108284,-0.0030117035,-0.0047693253,0.0051841736,-0.2764969,-0.42320442,-0.112155914,9.536743e-07,-0.0004119873,-0.008563042,0.03170681,-0.023731232,-0.31992722,-0.16645432,-0.05827713,0.00050640106,-0.020666122,-0.013691902,-0.0045690536,0.00450325,0.35321236,-0.3072605,-0.04359436,-0.00157547,-0.02199173,-0.012145042,-0.017077446,-0.02640915,-0.3391533,-0.13240433,-0.08554268,0.00065898895,-0.00894928,-0.015226364,-0.03870201,-0.0006427765,-0.54107475,-0.14673233,-0.047174454
2299.5,0.0011339188,-0.0048599243,0.002503395,0.036409378,0.038017273,0.064928055,-0.22740173,-0.14258575,-0.001824379,-0.0033035278,-0.0050611496,-0.003080368,-0.0021514893,-0.22593117,-0.43374443,-0.113220215,0.0006246567,0.00091838837,-0.009087563,0.03359604,-0.021585464,-0.30117035,-0.14638138,-0.059131622,0.001001358,-0.020421028,-0.012938499,0.0005197525,0.005022049,0.36152077,-0.3267727,-0.042461395,-0.00058460236,-0.021298409,-0.013669968,-0.013545036,-0.011886597,-0.31944275,-0.15747261,-0.091804504,0.0013504028,-0.0069389343,-0.017048836,-0.035250664,-0.0048294067,-0.55331993,-0.13384819,-0.049079895
2300.5,0.00141716,-0.00054454803,-0.00031661987,0.032626152,0.023906708,0.015872955,-0.22034454,-0.14507103,0.00024223328,-0.003408432,-0.0066547394,-0.003408432,-0.008943558,-0.1773758,-0.43689728,-0.11411667,-1.335144e-05,0.0020608902,-0.013053894,0.031600952,-0.02512741,-0.28164864,-0.13187408,-0.05756378,0.001958847,-0.017594337,-0.015760422,0.002737999,-0.0002822876,0.36680603,-0.33470345,-0.034513474,-0.0003299713,-0.020633698,-0.01486969,-0.015341759,-0.0053596497,-0.30075264,-0.17776108,-0.090236664,0.0039548874,-0.0061807632,-0.021416664,-0.033893585,-0.0024356842,-0.56803894,-0.121442795,-0.043344498
