time,ssp119 - sce1,ssp126 - sce1,ssp534 - sce1,ssp434 - sce1,ssp245 - sce1,ssp460 - sce1,ssp370 - sce1,ssp585 - sce1,ssp119 - sce2,ssp126 - sce2,ssp534 - sce2,ssp434 - sce2,ssp245 - sce2,ssp460 - sce2,ssp370 - sce2,ssp585 - sce2,ssp119 - sce3,ssp126 - sce3,ssp534 - sce3,ssp434 - sce3,ssp245 - sce3,ssp460 - sce3,ssp370 - sce3,ssp585 - sce3,ssp119 - sce4,ssp126 - sce4,ssp534 - sce4,ssp434 - sce4,ssp245 - sce4,ssp460 - sce4,ssp370 - sce4,ssp585 - sce4,ssp119 - sce5,ssp126 - sce5,ssp534 - sce5,ssp434 - sce5,ssp245 - sce5,ssp460 - sce5,ssp370 - sce5,ssp585 - sce5,ssp119 - sce6,ssp126 - sce6,ssp534 - sce6,ssp434 - sce6,ssp245 - sce6,ssp460 - sce6,ssp370 - sce6,ssp585 - sce6
2015.5,-0.53515625,-0.796875,-1.05078125,-0.3125,-0.26171875,-0.55078125,-0.40625,-0.4140625,-0.62890625,-0.98046875,-1.11328125,-0.37109375,-0.44921875,-0.42578125,-0.5703125,-0.5390625,-0.796875,-1.0,-1.4375,-0.7734375,-0.52734375,-0.5859375,-0.76953125,-0.8046875,-1.40234375,-1.4609375,-1.203125,-0.90234375,-0.8046875,-0.94140625,-1.15625,-1.09765625,-1.78515625,-1.2421875,-1.6484375,-1.1796875,-0.87890625,-1.0625,-1.15625,-1.20703125,-2.19140625,-1.5625,-1.953125,-1.7421875,-1.2265625,-1.39453125,-1.62109375,-1.3828125
2016.5,-0.53515625,-0.796875,-1.05078125,-0.3125,-0.26171875,-0.55078125,-0.40625,-0.4140625,-0.62890625,-0.98046875,-1.11328125,-0.37109375,-0.44921875,-0.42578125,-0.5703125,-0.5390625,-0.796875,-1.0,-1.4375,-0.7734375,-0.52734375,-0.5859375,-0.76953125,-0.8046875,-1.40234375,-1.4609375,-1.203125,-0.90234375,-0.8046875,-0.94140625,-1.15625,-1.09765625,-1.78515625,-1.2421875,-1.6484375,-1.1796875,-0.87890625,-1.0625,-1.15625,-1.20703125,-2.19140625,-1.5625,-1.953125,-1.7421875,-1.2265625,-1.39453125,-1.62109375,-1.3828125
2017.5,-0.53515625,-0.796875,-1.05078125,-0.3125,-0.26171875,-0.55078125,-0.40625,-0.4140625,-0.62890625,-0.98046875,-1.11328125,-0.37109375,-0.44921875,-0.42578125,-0.5703125,-0.5390625,-0.796875,-1.0,-1.4375,-0.7734375,-0.52734375,-0.5859375,-0.76953125,-0.8046875,-1.40234375,-1.4609375,-1.203125,-0.90234375,-0.8046875,-0.94140625,-1.15625,-1.09765625,-1.78515625,-1.2421875,-1.6484375,-1.1796875,-0.87890625,-1.0625,-1.15625,-1.20703125,-2.19140625,-1.5625,-1.953125,-1.7421875,-1.2265625,-1.39453125,-1.62109375,-1.3828125
2018.5,-0.53515625,-0.796875,-1.05078125,-0.3125,-0.26171875,-0.55078125,-0.40625,-0.4140625,-0.62890625,-0.98046875,-1.11328125,-0.37109375,-0.44921875,-0.42578125,-0.5703125,-0.5390625,-0.796875,-1.0,-1.4375,-0.7734375,-0.52734375,-0.5859375,-0.76953125,-0.8046875,-1.40234375,-1.4609375,-1.203125,-0.90234375,-0.8046875,-0.94140625,-1.15625,-1.09765625,-1.78515625,-1.2421875,-1.6484375,-1.1796875,-0.87890625,-1.0625,-1.15625,-1.20703125,-2.19140625,-1.5625,-1.953125,-1.7421875,-1.2265625,-1.39453125,-1.62109375,-1.3828125
2019.5,-0.53515625,-0.796875,-1.05078125,-0.3125,-0.26171875,-0.55078125,-0.40625,-0.4140625,-0.62890625,-0.98046875,-1.11328125,-0.37109375,-0.44921875,-0.42578125,-0.5703125,-0.5390625,-0.796875,-1.0,-1.4375,-0.7734375,-0.52734375,-0.5859375,-0.76953125,-0.8046875,-1.40234375,-1.4609375,-1.203125,-0.90234375,-0.8046875,-0.94140625,-1.15625,-1.09765625,-1.78515625,-1.2421875,-1.6484375,-1.1796875,-0.87890625,-1.0625,-1.15625,-1.20703125,-2.19140625,-1.5625,-1.953125,-1.7421875,-1.2265625,-1.39453125,-1.62109375,-1.3828125
2020.5,-0.53515625,-0.796875,-1.05078125,-0.3125,-0.26171875,-0.55078125,-0.40625,-0.4140625,-0.62890625,-0.98046875,-1.11328125,-0.37109375,-0.44921875,-0.42578125,-0.5703125,-0.5390625,-0.796875,-1.0,-1.4375,-0.7734375,-0.52734375,-0.5859375,-0.76953125,-0.8046875,-1.40234375,-1.4609375,-1.203125,-0.90234375,-0.8046875,-0.94140625,-1.15625,-1.09765625,-1.78515625,-1.2421875,-1.6484375,-1.1796875,-0.87890625,-1.0625,-1.15625,-1.20703125,-2.19140625,-1.5625,-1.953125,-1.7421875,-1.2265625,-1.39453125,-1.62109375,-1.3828125
2021.5,-0.53515625,-0.796875,-1.05078125,-0.3125,-0.26171875,-0.55078125,-0.40625,-0.4140625,-0.62890625,-0.98046875,-1.11328125,-0.37109375,-0.44921875,-0.42578125,-0.5703125,-0.5390625,-0.796875,-1.0,-1.4375,-0.7734375,-0.52734375,-0.5859375,-0.76953125,-0.8046875,-1.40234375,-1.4609375,-1.203125,-0.90234375,-0.8046875,-0.94140625,-1.15625,-1.09765625,-1.78515625,-1.2421875,-1.6484375,-1.1796875,-0.87890625,-1.0625,-1.15625,-1.20703125,-2.19140625,-1.5625,-1.953125,-1.7421875,-1.2265625,-1.39453125,-1.62109375,-1.3828125
2022.5,-0.53515625,-0.796875,-1.05078125,-0.3125,-0.26171875,-0.55078125,-0.40625,-0.4140625,-0.62890625,-0.98046875,-1.11328125,-0.37109375,-0.44921875,-0.42578125,-0.5703125,-0.5390625,-0.796875,-1.0,-1.4375,-0.7734375,-0.52734375,-0.5859375,-0.76953125,-0.8046875,-1.40234375,-1.4609375,-1.203125,-0.90234375,-0.8046875,-0.94140625,-1.15625,-1.09765625,-1.78515625,-1.2421875,-1.6484375,-1.1796875,-0.87890625,-1.0625,-1.15625,-1.20703125,-2.19140625,-1.5625,-1.953125,-1.7421875,-1.2265625,-1.39453125,-1.62109375,-1.3828125
2023.5,-0.53515625,-0.796875,-1.05078125,-0.3125,-0.26171875,-0.55078125,-0.40625,-0.4140625,-0.62890625,-0.98046875,-1.11328125,-0.37109375,-0.44921875,-0.42578125,-0.5703125,-0.5390625,-0.796875,-1.0,-1.4375,-0.7734375,-0.52734375,-0.5859375,-0.76953125,-0.8046875,-1.40234375,-1.4609375,-1.203125,-0.90234375,-0.8046875,-0.94140625,-1.15625,-1.09765625,-1.78515625,-1.2421875,-1.6484375,-1.1796875,-0.87890625,-1.0625,-1.15625,-1.20703125,-2.19140625,-1.5625,-1.953125,-1.7421875,-1.2265625,-1.39453125,-1.62109375,-1.3828125
2024.5,-0.53515625,-0.796875,-1.05078125,-0.3125,-0.26171875,-0.55078125,-0.40625,-0.4140625,-0.62890625,-0.98046875,-1.11328125,-0.37109375,-0.44921875,-0.42578125,-0.5703125,-0.5390625,-0.796875,-1.0,-1.4375,-0.7734375,-0.52734375,-0.5859375,-0.76953125,-0.8046875,-1.40234375,-1.4609375,-1.203125,-0.90234375,-0.8046875,-0.94140625,-1.15625,-1.09765625,-1.78515625,-1.2421875,-1.6484375,-1.1796875,-0.87890625,-1.0625,-1.15625,-1.20703125,-2.19140625,-1.5625,-1.953125,-1.7421875,-1.2265625,-1.39453125,-1.62109375,-1.3828125
2025.5,-0.53515625,-0.796875,-1.05078125,-0.3125,-0.26171875,-0.55078125,-0.40625,-0.4140625,-0.62890625,-0.98046875,-1.11328125,-0.37109375,-0.44921875,-0.42578125,-0.5703125,-0.5390625,-0.796875,-1.0,-1.4375,-0.7734375,-0.52734375,-0.5859375,-0.76953125,-0.8046875,-1.40234375,-1.4609375,-1.203125,-0.90234375,-0.8046875,-0.94140625,-1.15625,-1.09765625,-1.78515625,-1.2421875,-1.6484375,-1.1796875,-0.87890625,-1.0625,-1.15625,-1.20703125,-2.19140625,-1.5625,-1.953125,-1.7421875,-1.2265625,-1.39453125,-1.62109375,-1.3828125
2026.5,-0.53515625,-0.796875,-1.05078125,-0.3125,-0.26171875,-0.55078125,-0.40625,-0.4140625,-0.62890625,-0.98046875,-1.11328125,-0.37109375,-0.44921875,-0.42578125,-0.5703125,-0.5390625,-0.796875,-1.0,-1.4375,-0.7734375,-0.52734375,-0.5859375,-0.76953125,-0.8046875,-1.40234375,-1.4609375,-1.203125,-0.90234375,-0.8046875,-0.94140625,-1.15625,-1.09765625,-1.78515625,-1.2421875,-1.6484375,-1.1796875,-0.87890625,-1.0625,-1.15625,-1.20703125,-2.19140625,-1.5625,-1.953125,-1.7421875,-1.2265625,-1.39453125,-1.62109375,-1.3828125
2027.5,-0.53515625,-0.796875,-1.05078125,-0.3125,-0.26171875,-0.55078125,-0.40625,-0.4140625,-0.62890625,-0.98046875,-1.11328125,-0.37109375,-0.44921875,-0.42578125,-0.5703125,-0.5390625,-0.796875,-1.0,-1.4375,-0.7734375,-0.52734375,-0.5859375,-0.76953125,-0.8046875,-1.40234375,-1.4609375,-1.203125,-0.90234375,-0.8046875,-0.94140625,-1.15625,-1.09765625,-1.78515625,-1.2421875,-1.6484375,-1.1796875,-0.87890625,-1.0625,-1.15625,-1.20703125,-2.19140625,-1.5625,-1.953125,-1.7421875,-1.2265625,-1.39453125,-1.62109375,-1.3828125
2028.5,-0.53515625,-0.796875,-1.05078125,-0.3125,-0.26171875,-0.55078125,-0.40625,-0.4140625,-0.62890625,-0.98046875,-1.11328125,-0.37109375,-0.44921875,-0.42578125,-0.5703125,-0.5390625,-0.796875,-1.0,-1.4375,-0.7734375,-0.52734375,-0.5859375,-0.76953125,-0.8046875,-1.40234375,-1.4609375,-1.203125,-0.90234375,-0.8046875,-0.94140625,-1.15625,-1.09765625,-1.78515625,-1.2421875,-1.6484375,-1.1796875,-0.87890625,-1.0625,-1.15625,-1.20703125,-2.19140625,-1.5625,-1.953125,-1.7421875,-1.2265625,-1.39453125,-1.62109375,-1.3828125
2029.5,-0.53515625,-0.796875,-1.05078125,-0.3125,-0.26171875,-0.55078125,-0.40625,-0.4140625,-0.62890625,-0.98046875,-1.11328125,-0.37109375,-0.44921875,-0.42578125,-0.5703125,-0.5390625,-0.796875,-1.0,-1.4375,-0.7734375,-0.52734375,-0.5859375,-0.76953125,-0.8046875,-1.40234375,-1.4609375,-1.203125,-0.90234375,-0.8046875,-0.94140625,-1.15625,-1.09765625,-1.78515625,-1.2421875,-1.6484375,-1.1796875,-0.87890625,-1.0625,-1.15625,-1.20703125,-2.19140625,-1.5625,-1.953125,-1.7421875,-1.2265625,-1.39453125,-1.62109375,-1.3828125
2030.5,-0.53515625,-0.796875,-1.05078125,-0.3125,-0.26171875,-0.55078125,-0.40625,-0.4140625,-0.62890625,-0.98046875,-1.11328125,-0.37109375,-0.44921875,-0.42578125,-0.5703125,-0.5390625,-0.796875,-1.0,-1.4375,-0.7734375,-0.52734375,-0.5859375,-0.76953125,-0.8046875,-1.40234375,-1.4609375,-1.203125,-0.90234375,-0.8046875,-0.94140625,-1.15625,-1.09765625,-1.78515625,-1.2421875,-1.6484375,-1.1796875,-0.87890625,-1.0625,-1.15625,-1.20703125,-2.19140625,-1.5625,-1.953125,-1.7421875,-1.2265625,-1.39453125,-1.62109375,-1.3828125
2031.5,-0.53515625,-0.796875,-1.05078125,-0.3125,-0.26171875,-0.55078125,-0.40625,-0.4140625,-0.62890625,-0.98046875,-1.11328125,-0.37109375,-0.44921875,-0.42578125,-0.5703125,-0.5390625,-0.796875,-1.0,-1.4375,-0.7734375,-0.52734375,-0.5859375,-0.76953125,-0.8046875,-1.40234375,-1.4609375,-1.203125,-0.90234375,-0.8046875,-0.94140625,-1.15625,-1.09765625,-1.78515625,-1.2421875,-1.6484375,-1.1796875,-0.87890625,-1.0625,-1.15625,-1.20703125,-2.19140625,-1.5625,-1.953125,-1.7421875,-1.2265625,-1.39453125,-1.62109375,-1.3828125
2032.5,-0.53515625,-0.796875,-1.05078125,-0.3125,-0.26171875,-0.55078125,-0.40625,-0.4140625,-0.62890625,-0.98046875,-1.11328125,-0.37109375,-0.44921875,-0.42578125,-0.5703125,-0.5390625,-0.796875,-1.0,-1.4375,-0.7734375,-0.52734375,-0.5859375,-0.76953125,-0.8046875,-1.40234375,-1.4609375,-1.203125,-0.90234375,-0.8046875,-0.94140625,-1.15625,-1.09765625,-1.78515625,-1.2421875,-1.6484375,-1.1796875,-0.87890625,-1.0625,-1.15625,-1.20703125,-2.19140625,-1.5625,-1.953125,-1.7421875,-1.2265625,-1.39453125,-1.62109375,-1.3828125
2033.5,-0.53515625,-0.796875,-1.05078125,-0.3125,-0.26171875,-0.55078125,-0.40625,-0.4140625,-0.62890625,-0.98046875,-1.11328125,-0.37109375,-0.44921875,-0.42578125,-0.5703125,-0.5390625,-0.796875,-1.0,-1.4375,-0.7734375,-0.52734375,-0.5859375,-0.76953125,-0.8046875,-1.40234375,-1.4609375,-1.203125,-0.90234375,-0.8046875,-0.94140625,-1.15625,-1.09765625,-1.78515625,-1.2421875,-1.6484375,-1.1796875,-0.87890625,-1.0625,-1.15625,-1.20703125,-2.19140625,-1.5625,-1.953125,-1.7421875,-1.2265625,-1.39453125,-1.62109375,-1.3828125
2034.5,-0.53515625,-0.796875,-1.05078125,-0.3125,-0.26171875,-0.55078125,-0.40625,-0.4140625,-0.62890625,-0.98046875,-1.11328125,-0.37109375,-0.44921875,-0.42578125,-0.5703125,-0.5390625,-0.796875,-1.0,-1.4375,-0.7734375,-0.52734375,-0.5859375,-0.76953125,-0.8046875,-1.40234375,-1.4609375,-1.203125,-0.90234375,-0.8046875,-0.94140625,-1.15625,-1.09765625,-1.78515625,-1.2421875,-1.6484375,-1.1796875,-0.87890625,-1.0625,-1.15625,-1.20703125,-2.19140625,-1.5625,-1.953125,-1.7421875,-1.2265625,-1.39453125,-1.62109375,-1.3828125
2035.5,-0.53515625,-0.796875,-1.05078125,-0.3125,-0.26171875,-0.55078125,-0.40625,-0.4140625,-0.62890625,-0.98046875,-1.11328125,-0.37109375,-0.44921875,-0.42578125,-0.5703125,-0.5390625,-0.796875,-1.0,-1.4375,-0.7734375,-0.52734375,-0.5859375,-0.76953125,-0.8046875,-1.40234375,-1.4609375,-1.203125,-0.90234375,-0.8046875,-0.94140625,-1.15625,-1.09765625,-1.78515625,-1.2421875,-1.6484375,-1.1796875,-0.87890625,-1.0625,-1.15625,-1.20703125,-2.19140625,-1.5625,-1.953125,-1.7421875,-1.2265625,-1.39453125,-1.62109375,-1.3828125
2036.5,-0.53515625,-0.796875,-1.05078125,-0.3125,-0.26171875,-0.55078125,-0.40625,-0.4140625,-0.62890625,-0.98046875,-1.11328125,-0.37109375,-0.44921875,-0.42578125,-0.5703125,-0.5390625,-0.796875,-1.0,-1.4375,-0.7734375,-0.52734375,-0.5859375,-0.76953125,-0.8046875,-1.40234375,-1.4609375,-1.203125,-0.90234375,-0.8046875,-0.94140625,-1.15625,-1.09765625,-1.78515625,-1.2421875,-1.6484375,-1.1796875,-0.87890625,-1.0625,-1.15625,-1.20703125,-2.19140625,-1.5625,-1.953125,-1.7421875,-1.2265625,-1.39453125,-1.62109375,-1.3828125
2037.5,-0.53515625,-0.796875,-1.05078125,-0.3125,-0.26171875,-0.55078125,-0.40625,-0.4140625,-0.62890625,-0.98046875,-1.11328125,-0.37109375,-0.44921875,-0.42578125,-0.5703125,-0.5390625,-0.796875,-1.0,-1.4375,-0.7734375,-0.52734375,-0.5859375,-0.76953125,-0.8046875,-1.40234375,-1.4609375,-1.203125,-0.90234375,-0.8046875,-0.94140625,-1.15625,-1.09765625,-1.78515625,-1.2421875,-1.6484375,-1.1796875,-0.87890625,-1.0625,-1.15625,-1.20703125,-2.19140625,-1.5625,-1.953125,-1.7421875,-1.2265625,-1.39453125,-1.62109375,-1.3828125
2038.5,-0.53515625,-0.796875,-1.05078125,-0.3125,-0.26171875,-0.55078125,-0.40625,-0.4140625,-0.62890625,-0.98046875,-1.11328125,-0.37109375,-0.44921875,-0.42578125,-0.5703125,-0.5390625,-0.796875,-1.0,-1.4375,-0.7734375,-0.52734375,-0.5859375,-0.76953125,-0.8046875,-1.40234375,-1.4609375,-1.203125,-0.90234375,-0.8046875,-0.94140625,-1.15625,-1.09765625,-1.78515625,-1.2421875,-1.6484375,-1.1796875,-0.87890625,-1.0625,-1.15625,-1.20703125,-2.19140625,-1.5625,-1.953125,-1.7421875,-1.2265625,-1.39453125,-1.62109375,-1.3828125
2039.5,-0.53515625,-0.796875,-1.05078125,-0.3125,-0.26171875,-0.55078125,-0.40625,-0.4140625,-0.62890625,-0.98046875,-1.11328125,-0.37109375,-0.44921875,-0.42578125,-0.5703125,-0.5390625,-0.796875,-1.0,-1.4375,-0.7734375,-0.52734375,-0.5859375,-0.76953125,-0.8046875,-1.40234375,-1.4609375,-1.203125,-0.90234375,-0.8046875,-0.94140625,-1.15625,-1.09765625,-1.78515625,-1.2421875,-1.6484375,-1.1796875,-0.87890625,-1.0625,-1.15625,-1.20703125,-2.19140625,-1.5625,-1.953125,-1.7421875,-1.2265625,-1.39453125,-1.62109375,-1.3828125
2040.5,-0.53515625,-0.796875,-1.05078125,-0.3125,-0.26171875,-0.55078125,-0.40625,-0.4140625,-0.62890625,-0.98046875,-1.11328125,-0.37109375,-0.44921875,-0.42578125,-0.5703125,-0.5390625,-0.796875,-1.0,-1.4375,-0.7734375,-0.52734375,-0.5859375,-0.76953125,-0.8046875,-1.40234375,-1.4609375,-1.203125,-0.90234375,-0.8046875,-0.94140625,-1.15625,-1.09765625,-1.78515625,-1.2421875,-1.6484375,-1.1796875,-0.87890625,-1.0625,-1.15625,-1.20703125,-2.19140625,-1.5625,-1.953125,-1.7421875,-1.2265625,-1.39453125,-1.62109375,-1.3828125
2041.5,-0.53515625,-0.796875,-1.05078125,-0.3125,-0.26171875,-0.55078125,-0.40625,-0.4140625,-0.62890625,-0.98046875,-1.11328125,-0.37109375,-0.44921875,-0.42578125,-0.5703125,-0.5390625,-0.796875,-1.0,-1.4375,-0.7734375,-0.52734375,-0.5859375,-0.76953125,-0.8046875,-1.40234375,-1.4609375,-1.203125,-0.90234375,-0.8046875,-0.94140625,-1.15625,-1.09765625,-1.78515625,-1.2421875,-1.6484375,-1.1796875,-0.87890625,-1.0625,-1.15625,-1.20703125,-2.19140625,-1.5625,-1.953125,-1.7421875,-1.2265625,-1.39453125,-1.62109375,-1.3828125
2042.5,-0.53515625,-0.796875,-1.05078125,-0.3125,-0.26171875,-0.55078125,-0.40625,-0.4140625,-0.62890625,-0.98046875,-1.11328125,-0.37109375,-0.44921875,-0.42578125,-0.5703125,-0.5390625,-0.796875,-1.0,-1.4375,-0.7734375,-0.52734375,-0.5859375,-0.76953125,-0.8046875,-1.40234375,-1.4609375,-1.203125,-0.90234375,-0.8046875,-0.94140625,-1.15625,-1.09765625,-1.78515625,-1.2421875,-1.6484375,-1.1796875,-0.87890625,-1.0625,-1.15625,-1.20703125,-2.19140625,-1.5625,-1.953125,-1.7421875,-1.2265625,-1.39453125,-1.62109375,-1.3828125
2043.5,-0.53515625,-0.796875,-1.05078125,-0.3125,-0.26171875,-0.55078125,-0.40625,-0.4140625,-0.62890625,-0.98046875,-1.11328125,-0.37109375,-0.44921875,-0.42578125,-0.5703125,-0.5390625,-0.796875,-1.0,-1.4375,-0.7734375,-0.52734375,-0.5859375,-0.76953125,-0.8046875,-1.40234375,-1.4609375,-1.203125,-0.90234375,-0.8046875,-0.94140625,-1.15625,-1.09765625,-1.78515625,-1.2421875,-1.6484375,-1.1796875,-0.87890625,-1.0625,-1.15625,-1.20703125,-2.19140625,-1.5625,-1.953125,-1.7421875,-1.2265625,-1.39453125,-1.62109375,-1.3828125
2044.5,-0.53515625,-0.796875,-1.05078125,-0.3125,-0.26171875,-0.55078125,-0.40625,-0.4140625,-0.62890625,-0.98046875,-1.11328125,-0.37109375,-0.44921875,-0.42578125,-0.5703125,-0.5390625,-0.796875,-1.0,-1.4375,-0.7734375,-0.52734375,-0.5859375,-0.76953125,-0.8046875,-1.40234375,-1.4609375,-1.203125,-0.90234375,-0.8046875,-0.94140625,-1.15625,-1.09765625,-1.78515625,-1.2421875,-1.6484375,-1.1796875,-0.87890625,-1.0625,-1.15625,-1.20703125,-2.19140625,-1.5625,-1.953125,-1.7421875,-1.2265625,-1.39453125,-1.62109375,-1.3828125
2045.5,-0.53515625,-0.796875,-1.05078125,-0.3125,-0.26171875,-0.55078125,-0.40625,-0.4140625,-0.62890625,-0.98046875,-1.11328125,-0.37109375,-0.44921875,-0.42578125,-0.5703125,-0.5390625,-0.796875,-1.0,-1.4375,-0.7734375,-0.52734375,-0.5859375,-0.76953125,-0.8046875,-1.40234375,-1.4609375,-1.203125,-0.90234375,-0.8046875,-0.94140625,-1.15625,-1.09765625,-1.78515625,-1.2421875,-1.6484375,-1.1796875,-0.87890625,-1.0625,-1.15625,-1.20703125,-2.19140625,-1.5625,-1.953125,-1.7421875,-1.2265625,-1.39453125,-1.62109375,-1.3828125
2046.5,-0.53515625,-0.796875,-1.05078125,-0.3125,-0.26171875,-0.55078125,-0.40625,-0.4140625,-0.62890625,-0.98046875,-1.11328125,-0.37109375,-0.44921875,-0.42578125,-0.5703125,-0.5390625,-0.796875,-1.0,-1.4375,-0.7734375,-0.52734375,-0.5859375,-0.76953125,-0.8046875,-1.40234375,-1.4609375,-1.203125,-0.90234375,-0.8046875,-0.94140625,-1.15625,-1.09765625,-1.78515625,-1.2421875,-1.6484375,-1.1796875,-0.87890625,-1.0625,-1.15625,-1.20703125,-2.19140625,-1.5625,-1.953125,-1.7421875,-1.2265625,-1.39453125,-1.62109375,-1.3828125
2047.5,-0.53515625,-0.796875,-1.05078125,-0.3125,-0.26171875,-0.55078125,-0.40625,-0.4140625,-0.62890625,-0.98046875,-1.11328125,-0.37109375,-0.44921875,-0.42578125,-0.5703125,-0.5390625,-0.796875,-1.0,-1.4375,-0.7734375,-0.52734375,-0.5859375,-0.76953125,-0.8046875,-1.40234375,-1.4609375,-1.203125,-0.90234375,-0.8046875,-0.94140625,-1.15625,-1.09765625,-1.78515625,-1.2421875,-1.6484375,-1.1796875,-0.87890625,-1.0625,-1.15625,-1.20703125,-2.19140625,-1.5625,-1.953125,-1.7421875,-1.2265625,-1.39453125,-1.62109375,-1.3828125
2048.5,-0.53515625,-0.796875,-1.05078125,-0.3125,-0.26171875,-0.55078125,-0.40625,-0.4140625,-0.62890625,-0.98046875,-1.11328125,-0.37109375,-0.44921875,-0.42578125,-0.5703125,-0.5390625,-0.796875,-1.0,-1.4375,-0.7734375,-0.52734375,-0.5859375,-0.76953125,-0.8046875,-1.40234375,-1.4609375,-1.203125,-0.90234375,-0.8046875,-0.94140625,-1.15625,-1.09765625,-1.78515625,-1.2421875,-1.6484375,-1.1796875,-0.87890625,-1.0625,-1.15625,-1.20703125,-2.19140625,-1.5625,-1.953125,-1.7421875,-1.2265625,-1.39453125,-1.62109375,-1.3828125
2049.5,-0.53515625,-0.796875,-1.05078125,-0.3125,-0.26171875,-0.55078125,-0.40625,-0.4140625,-0.62890625,-0.98046875,-1.11328125,-0.37109375,-0.44921875,-0.42578125,-0.5703125,-0.5390625,-0.796875,-1.0,-1.4375,-0.7734375,-0.52734375,-0.5859375,-0.76953125,-0.8046875,-1.40234375,-1.4609375,-1.203125,-0.90234375,-0.8046875,-0.94140625,-1.15625,-1.09765625,-1.78515625,-1.2421875,-1.6484375,-1.1796875,-0.87890625,-1.0625,-1.15625,-1.20703125,-2.19140625,-1.5625,-1.953125,-1.7421875,-1.2265625,-1.39453125,-1.62109375,-1.3828125
2050.5,-0.53515625,-0.796875,-1.05078125,-0.3125,-0.26171875,-0.55078125,-0.40625,-0.4140625,-0.62890625,-0.98046875,-1.11328125,-0.37109375,-0.44921875,-0.42578125,-0.5703125,-0.5390625,-0.796875,-1.0,-1.4375,-0.7734375,-0.52734375,-0.5859375,-0.76953125,-0.8046875,-1.40234375,-1.4609375,-1.203125,-0.90234375,-0.8046875,-0.94140625,-1.15625,-1.09765625,-1.78515625,-1.2421875,-1.6484375,-1.1796875,-0.87890625,-1.0625,-1.15625,-1.20703125,-2.19140625,-1.5625,-1.953125,-1.7421875,-1.2265625,-1.39453125,-1.62109375,-1.3828125
2051.5,-0.53515625,-0.796875,-1.05078125,-0.3125,-0.26171875,-0.55078125,-0.40625,-0.4140625,-0.62890625,-0.98046875,-1.11328125,-0.37109375,-0.44921875,-0.42578125,-0.5703125,-0.5390625,-0.796875,-1.0,-1.4375,-0.7734375,-0.52734375,-0.5859375,-0.76953125,-0.8046875,-1.40234375,-1.4609375,-1.203125,-0.90234375,-0.8046875,-0.94140625,-1.15625,-1.09765625,-1.78515625,-1.2421875,-1.6484375,-1.1796875,-0.87890625,-1.0625,-1.15625,-1.20703125,-2.19140625,-1.5625,-1.953125,-1.7421875,-1.2265625,-1.39453125,-1.62109375,-1.3828125
2052.5,-0.53515625,-0.796875,-1.05078125,-0.3125,-0.26171875,-0.55078125,-0.40625,-0.4140625,-0.62890625,-0.98046875,-1.11328125,-0.37109375,-0.44921875,-0.42578125,-0.5703125,-0.5390625,-0.796875,-1.0,-1.4375,-0.7734375,-0.52734375,-0.5859375,-0.76953125,-0.8046875,-1.40234375,-1.4609375,-1.203125,-0.90234375,-0.8046875,-0.94140625,-1.15625,-1.09765625,-1.78515625,-1.2421875,-1.6484375,-1.1796875,-0.87890625,-1.0625,-1.15625,-1.20703125,-2.19140625,-1.5625,-1.953125,-1.7421875,-1.2265625,-1.39453125,-1.62109375,-1.3828125
2053.5,-0.53515625,-0.796875,-1.05078125,-0.3125,-0.26171875,-0.55078125,-0.40625,-0.4140625,-0.62890625,-0.98046875,-1.11328125,-0.37109375,-0.44921875,-0.42578125,-0.5703125,-0.5390625,-0.796875,-1.0,-1.4375,-0.7734375,-0.52734375,-0.5859375,-0.76953125,-0.8046875,-1.40234375,-1.4609375,-1.203125,-0.90234375,-0.8046875,-0.94140625,-1.15625,-1.09765625,-1.78515625,-1.2421875,-1.6484375,-1.1796875,-0.87890625,-1.0625,-1.15625,-1.20703125,-2.19140625,-1.5625,-1.953125,-1.7421875,-1.2265625,-1.39453125,-1.62109375,-1.3828125
2054.5,-0.53515625,-0.796875,-1.05078125,-0.3125,-0.26171875,-0.55078125,-0.40625,-0.4140625,-0.62890625,-0.98046875,-1.11328125,-0.37109375,-0.44921875,-0.42578125,-0.5703125,-0.5390625,-0.796875,-1.0,-1.4375,-0.7734375,-0.52734375,-0.5859375,-0.76953125,-0.8046875,-1.40234375,-1.4609375,-1.203125,-0.90234375,-0.8046875,-0.94140625,-1.15625,-1.09765625,-1.78515625,-1.2421875,-1.6484375,-1.1796875,-0.87890625,-1.0625,-1.15625,-1.20703125,-2.19140625,-1.5625,-1.953125,-1.7421875,-1.2265625,-1.39453125,-1.62109375,-1.3828125
2055.5,-0.53515625,-0.796875,-1.05078125,-0.3125,-0.26171875,-0.55078125,-0.40625,-0.4140625,-0.62890625,-0.98046875,-1.11328125,-0.37109375,-0.44921875,-0.42578125,-0.5703125,-0.5390625,-0.796875,-1.0,-1.4375,-0.7734375,-0.52734375,-0.5859375,-0.76953125,-0.8046875,-1.40234375,-1.4609375,-1.203125,-0.90234375,-0.8046875,-0.94140625,-1.15625,-1.09765625,-1.78515625,-1.2421875,-1.6484375,-1.1796875,-0.87890625,-1.0625,-1.15625,-1.20703125,-2.19140625,-1.5625,-1.953125,-1.7421875,-1.2265625,-1.39453125,-1.62109375,-1.3828125
2056.5,-0.53515625,-0.796875,-1.05078125,-0.3125,-0.26171875,-0.55078125,-0.40625,-0.4140625,-0.62890625,-0.98046875,-1.11328125,-0.37109375,-0.44921875,-0.42578125,-0.5703125,-0.5390625,-0.796875,-1.0,-1.4375,-0.7734375,-0.52734375,-0.5859375,-0.76953125,-0.8046875,-1.40234375,-1.4609375,-1.203125,-0.90234375,-0.8046875,-0.94140625,-1.15625,-1.09765625,-1.78515625,-1.2421875,-1.6484375,-1.1796875,-0.87890625,-1.0625,-1.15625,-1.20703125,-2.19140625,-1.5625,-1.953125,-1.7421875,-1.2265625,-1.39453125,-1.62109375,-1.3828125
2057.5,-0.53515625,-0.796875,-1.05078125,-0.3125,-0.26171875,-0.55078125,-0.40625,-0.4140625,-0.62890625,-0.98046875,-1.11328125,-0.37109375,-0.44921875,-0.42578125,-0.5703125,-0.5390625,-0.796875,-1.0,-1.4375,-0.7734375,-0.52734375,-0.5859375,-0.76953125,-0.8046875,-1.40234375,-1.4609375,-1.203125,-0.90234375,-0.8046875,-0.94140625,-1.15625,-1.09765625,-1.78515625,-1.2421875,-1.6484375,-1.1796875,-0.87890625,-1.0625,-1.15625,-1.20703125,-2.19140625,-1.5625,-1.953125,-1.7421875,-1.2265625,-1.39453125,-1.62109375,-1.3828125
2058.5,-0.53515625,-0.796875,-1.05078125,-0.3125,-0.26171875,-0.55078125,-0.40625,-0.4140625,-0.62890625,-0.98046875,-1.11328125,-0.37109375,-0.44921875,-0.42578125,-0.5703125,-0.5390625,-0.796875,-1.0,-1.4375,-0.7734375,-0.52734375,-0.5859375,-0.76953125,-0.8046875,-1.40234375,-1.4609375,-1.203125,-0.90234375,-0.8046875,-0.94140625,-1.15625,-1.09765625,-1.78515625,-1.2421875,-1.6484375,-1.1796875,-0.87890625,-1.0625,-1.15625,-1.20703125,-2.19140625,-1.5625,-1.953125,-1.7421875,-1.2265625,-1.39453125,-1.62109375,-1.3828125
2059.5,-0.53515625,-0.796875,-1.05078125,-0.3125,-0.26171875,-0.55078125,-0.40625,-0.4140625,-0.62890625,-0.98046875,-1.11328125,-0.37109375,-0.44921875,-0.42578125,-0.5703125,-0.5390625,-0.796875,-1.0,-1.4375,-0.7734375,-0.52734375,-0.5859375,-0.76953125,-0.8046875,-1.40234375,-1.4609375,-1.203125,-0.90234375,-0.8046875,-0.94140625,-1.15625,-1.09765625,-1.78515625,-1.2421875,-1.6484375,-1.1796875,-0.87890625,-1.0625,-1.15625,-1.20703125,-2.19140625,-1.5625,-1.953125,-1.7421875,-1.2265625,-1.39453125,-1.62109375,-1.3828125
2060.5,-0.53515625,-0.796875,-1.05078125,-0.3125,-0.26171875,-0.55078125,-0.40625,-0.4140625,-0.62890625,-0.98046875,-1.11328125,-0.37109375,-0.44921875,-0.42578125,-0.5703125,-0.5390625,-0.796875,-1.0,-1.4375,-0.7734375,-0.52734375,-0.5859375,-0.76953125,-0.8046875,-1.40234375,-1.4609375,-1.203125,-0.90234375,-0.8046875,-0.94140625,-1.15625,-1.09765625,-1.78515625,-1.2421875,-1.6484375,-1.1796875,-0.87890625,-1.0625,-1.15625,-1.20703125,-2.19140625,-1.5625,-1.953125,-1.7421875,-1.2265625,-1.39453125,-1.62109375,-1.3828125
2061.5,-0.53515625,-0.796875,-1.05078125,-0.3125,-0.26171875,-0.55078125,-0.40625,-0.4140625,-0.62890625,-0.98046875,-1.11328125,-0.37109375,-0.44921875,-0.42578125,-0.5703125,-0.5390625,-0.796875,-1.0,-1.4375,-0.7734375,-0.52734375,-0.5859375,-0.76953125,-0.8046875,-1.40234375,-1.4609375,-1.203125,-0.90234375,-0.8046875,-0.94140625,-1.15625,-1.09765625,-1.78515625,-1.2421875,-1.6484375,-1.1796875,-0.87890625,-1.0625,-1.15625,-1.20703125,-2.19140625,-1.5625,-1.953125,-1.7421875,-1.2265625,-1.39453125,-1.62109375,-1.3828125
2062.5,-0.53515625,-0.796875,-1.05078125,-0.3125,-0.26171875,-0.55078125,-0.40625,-0.4140625,-0.62890625,-0.98046875,-1.11328125,-0.37109375,-0.44921875,-0.42578125,-0.5703125,-0.5390625,-0.796875,-1.0,-1.4375,-0.7734375,-0.52734375,-0.5859375,-0.76953125,-0.8046875,-1.40234375,-1.4609375,-1.203125,-0.90234375,-0.8046875,-0.94140625,-1.15625,-1.09765625,-1.78515625,-1.2421875,-1.6484375,-1.1796875,-0.87890625,-1.0625,-1.15625,-1.20703125,-2.19140625,-1.5625,-1.953125,-1.7421875,-1.2265625,-1.39453125,-1.62109375,-1.3828125
2063.5,-0.53515625,-0.796875,-1.05078125,-0.3125,-0.26171875,-0.55078125,-0.40625,-0.4140625,-0.62890625,-0.98046875,-1.11328125,-0.37109375,-0.44921875,-0.42578125,-0.5703125,-0.5390625,-0.796875,-1.0,-1.4375,-0.7734375,-0.52734375,-0.5859375,-0.76953125,-0.8046875,-1.40234375,-1.4609375,-1.203125,-0.90234375,-0.8046875,-0.94140625,-1.15625,-1.09765625,-1.78515625,-1.2421875,-1.6484375,-1.1796875,-0.87890625,-1.0625,-1.15625,-1.20703125,-2.19140625,-1.5625,-1.953125,-1.7421875,-1.2265625,-1.39453125,-1.62109375,-1.3828125
2064.5,-0.53515625,-0.796875,-1.05078125,-0.3125,-0.26171875,-0.55078125,-0.40625,-0.4140625,-0.62890625,-0.98046875,-1.11328125,-0.37109375,-0.44921875,-0.42578125,-0.5703125,-0.5390625,-0.796875,-1.0,-1.4375,-0.7734375,-0.52734375,-0.5859375,-0.76953125,-0.8046875,-1.40234375,-1.4609375,-1.203125,-0.90234375,-0.8046875,-0.94140625,-1.15625,-1.09765625,-1.78515625,-1.2421875,-1.6484375,-1.1796875,-0.87890625,-1.0625,-1.15625,-1.20703125,-2.19140625,-1.5625,-1.953125,-1.7421875,-1.2265625,-1.39453125,-1.62109375,-1.3828125
2065.5,-0.53515625,-0.796875,-1.05078125,-0.3125,-0.26171875,-0.55078125,-0.40625,-0.4140625,-0.62890625,-0.98046875,-1.11328125,-0.37109375,-0.44921875,-0.42578125,-0.5703125,-0.5390625,-0.796875,-1.0,-1.4375,-0.7734375,-0.52734375,-0.5859375,-0.76953125,-0.8046875,-1.40234375,-1.4609375,-1.203125,-0.90234375,-0.8046875,-0.94140625,-1.15625,-1.09765625,-1.78515625,-1.2421875,-1.6484375,-1.1796875,-0.87890625,-1.0625,-1.15625,-1.20703125,-2.19140625,-1.5625,-1.953125,-1.7421875,-1.2265625,-1.39453125,-1.62109375,-1.3828125
2066.5,-0.53515625,-0.796875,-1.05078125,-0.3125,-0.26171875,-0.55078125,-0.40625,-0.4140625,-0.62890625,-0.98046875,-1.11328125,-0.37109375,-0.44921875,-0.42578125,-0.5703125,-0.5390625,-0.796875,-1.0,-1.4375,-0.7734375,-0.52734375,-0.5859375,-0.76953125,-0.8046875,-1.40234375,-1.4609375,-1.203125,-0.90234375,-0.8046875,-0.94140625,-1.15625,-1.09765625,-1.78515625,-1.2421875,-1.6484375,-1.1796875,-0.87890625,-1.0625,-1.15625,-1.20703125,-2.19140625,-1.5625,-1.953125,-1.7421875,-1.2265625,-1.39453125,-1.62109375,-1.3828125
2067.5,-0.53515625,-0.796875,-1.05078125,-0.3125,-0.26171875,-0.55078125,-0.40625,-0.4140625,-0.62890625,-0.98046875,-1.11328125,-0.37109375,-0.44921875,-0.42578125,-0.5703125,-0.5390625,-0.796875,-1.0,-1.4375,-0.7734375,-0.52734375,-0.5859375,-0.76953125,-0.8046875,-1.40234375,-1.4609375,-1.203125,-0.90234375,-0.8046875,-0.94140625,-1.15625,-1.09765625,-1.78515625,-1.2421875,-1.6484375,-1.1796875,-0.87890625,-1.0625,-1.15625,-1.20703125,-2.19140625,-1.5625,-1.953125,-1.7421875,-1.2265625,-1.39453125,-1.62109375,-1.3828125
2068.5,-0.53515625,-0.796875,-1.05078125,-0.3125,-0.26171875,-0.55078125,-0.40625,-0.4140625,-0.62890625,-0.98046875,-1.11328125,-0.37109375,-0.44921875,-0.42578125,-0.5703125,-0.5390625,-0.796875,-1.0,-1.4375,-0.7734375,-0.52734375,-0.5859375,-0.76953125,-0.8046875,-1.40234375,-1.4609375,-1.203125,-0.90234375,-0.8046875,-0.94140625,-1.15625,-1.09765625,-1.78515625,-1.2421875,-1.6484375,-1.1796875,-0.87890625,-1.0625,-1.15625,-1.20703125,-2.19140625,-1.5625,-1.953125,-1.7421875,-1.2265625,-1.39453125,-1.62109375,-1.3828125
2069.5,-0.53515625,-0.796875,-1.05078125,-0.3125,-0.26171875,-0.55078125,-0.40625,-0.4140625,-0.62890625,-0.98046875,-1.11328125,-0.37109375,-0.44921875,-0.42578125,-0.5703125,-0.5390625,-0.796875,-1.0,-1.4375,-0.7734375,-0.52734375,-0.5859375,-0.76953125,-0.8046875,-1.40234375,-1.4609375,-1.203125,-0.90234375,-0.8046875,-0.94140625,-1.15625,-1.09765625,-1.78515625,-1.2421875,-1.6484375,-1.1796875,-0.87890625,-1.0625,-1.15625,-1.20703125,-2.19140625,-1.5625,-1.953125,-1.7421875,-1.2265625,-1.39453125,-1.62109375,-1.3828125
2070.5,-0.53515625,-0.796875,-1.05078125,-0.3125,-0.26171875,-0.55078125,-0.40625,-0.4140625,-0.62890625,-0.98046875,-1.11328125,-0.37109375,-0.44921875,-0.42578125,-0.5703125,-0.5390625,-0.796875,-1.0,-1.4375,-0.7734375,-0.52734375,-0.5859375,-0.76953125,-0.8046875,-1.40234375,-1.4609375,-1.203125,-0.90234375,-0.8046875,-0.94140625,-1.15625,-1.09765625,-1.78515625,-1.2421875,-1.6484375,-1.1796875,-0.87890625,-1.0625,-1.15625,-1.20703125,-2.19140625,-1.5625,-1.953125,-1.7421875,-1.2265625,-1.39453125,-1.62109375,-1.3828125
2071.5,-0.53515625,-0.796875,-1.05078125,-0.3125,-0.26171875,-0.55078125,-0.40625,-0.4140625,-0.62890625,-0.98046875,-1.11328125,-0.37109375,-0.44921875,-0.42578125,-0.5703125,-0.5390625,-0.796875,-1.0,-1.4375,-0.7734375,-0.52734375,-0.5859375,-0.76953125,-0.8046875,-1.40234375,-1.4609375,-1.203125,-0.90234375,-0.8046875,-0.94140625,-1.15625,-1.09765625,-1.78515625,-1.2421875,-1.6484375,-1.1796875,-0.87890625,-1.0625,-1.15625,-1.20703125,-2.19140625,-1.5625,-1.953125,-1.7421875,-1.2265625,-1.39453125,-1.62109375,-1.3828125
2072.5,-0.53515625,-0.796875,-1.05078125,-0.3125,-0.26171875,-0.55078125,-0.40625,-0.4140625,-0.62890625,-0.98046875,-1.11328125,-0.37109375,-0.44921875,-0.42578125,-0.5703125,-0.5390625,-0.796875,-1.0,-1.4375,-0.7734375,-0.52734375,-0.5859375,-0.76953125,-0.8046875,-1.40234375,-1.4609375,-1.203125,-0.90234375,-0.8046875,-0.94140625,-1.15625,-1.09765625,-1.78515625,-1.2421875,-1.6484375,-1.1796875,-0.87890625,-1.0625,-1.15625,-1.20703125,-2.19140625,-1.5625,-1.953125,-1.7421875,-1.2265625,-1.39453125,-1.62109375,-1.3828125
2073.5,-0.53515625,-0.796875,-1.05078125,-0.3125,-0.26171875,-0.55078125,-0.40625,-0.4140625,-0.62890625,-0.98046875,-1.11328125,-0.37109375,-0.44921875,-0.42578125,-0.5703125,-0.5390625,-0.796875,-1.0,-1.4375,-0.7734375,-0.52734375,-0.5859375,-0.76953125,-0.8046875,-1.40234375,-1.4609375,-1.203125,-0.90234375,-0.8046875,-0.94140625,-1.15625,-1.09765625,-1.78515625,-1.2421875,-1.6484375,-1.1796875,-0.87890625,-1.0625,-1.15625,-1.20703125,-2.19140625,-1.5625,-1.953125,-1.7421875,-1.2265625,-1.39453125,-1.62109375,-1.3828125
2074.5,-0.53515625,-0.796875,-1.05078125,-0.3125,-0.26171875,-0.55078125,-0.40625,-0.4140625,-0.62890625,-0.98046875,-1.11328125,-0.37109375,-0.44921875,-0.42578125,-0.5703125,-0.5390625,-0.796875,-1.0,-1.4375,-0.7734375,-0.52734375,-0.5859375,-0.76953125,-0.8046875,-1.40234375,-1.4609375,-1.203125,-0.90234375,-0.8046875,-0.94140625,-1.15625,-1.09765625,-1.78515625,-1.2421875,-1.6484375,-1.1796875,-0.87890625,-1.0625,-1.15625,-1.20703125,-2.19140625,-1.5625,-1.953125,-1.7421875,-1.2265625,-1.39453125,-1.62109375,-1.3828125
2075.5,-0.53515625,-0.796875,-1.05078125,-0.3125,-0.26171875,-0.55078125,-0.40625,-0.4140625,-0.62890625,-0.98046875,-1.11328125,-0.37109375,-0.44921875,-0.42578125,-0.5703125,-0.5390625,-0.796875,-1.0,-1.4375,-0.7734375,-0.52734375,-0.5859375,-0.76953125,-0.8046875,-1.40234375,-1.4609375,-1.203125,-0.90234375,-0.8046875,-0.94140625,-1.15625,-1.09765625,-1.78515625,-1.2421875,-1.6484375,-1.1796875,-0.87890625,-1.0625,-1.15625,-1.20703125,-2.19140625,-1.5625,-1.953125,-1.7421875,-1.2265625,-1.39453125,-1.62109375,-1.3828125
2076.5,-0.53515625,-0.796875,-1.05078125,-0.3125,-0.26171875,-0.55078125,-0.40625,-0.4140625,-0.62890625,-0.98046875,-1.11328125,-0.37109375,-0.44921875,-0.42578125,-0.5703125,-0.5390625,-0.796875,-1.0,-1.4375,-0.7734375,-0.52734375,-0.5859375,-0.76953125,-0.8046875,-1.40234375,-1.4609375,-1.203125,-0.90234375,-0.8046875,-0.94140625,-1.15625,-1.09765625,-1.78515625,-1.2421875,-1.6484375,-1.1796875,-0.87890625,-1.0625,-1.15625,-1.20703125,-2.19140625,-1.5625,-1.953125,-1.7421875,-1.2265625,-1.39453125,-1.62109375,-1.3828125
2077.5,-0.53515625,-0.796875,-1.05078125,-0.3125,-0.26171875,-0.55078125,-0.40625,-0.4140625,-0.62890625,-0.98046875,-1.11328125,-0.37109375,-0.44921875,-0.42578125,-0.5703125,-0.5390625,-0.796875,-1.0,-1.4375,-0.7734375,-0.52734375,-0.5859375,-0.76953125,-0.8046875,-1.40234375,-1.4609375,-1.203125,-0.90234375,-0.8046875,-0.94140625,-1.15625,-1.09765625,-1.78515625,-1.2421875,-1.6484375,-1.1796875,-0.87890625,-1.0625,-1.15625,-1.20703125,-2.19140625,-1.5625,-1.953125,-1.7421875,-1.2265625,-1.39453125,-1.62109375,-1.3828125
2078.5,-0.53515625,-0.796875,-1.05078125,-0.3125,-0.26171875,-0.55078125,-0.40625,-0.4140625,-0.62890625,-0.98046875,-1.11328125,-0.37109375,-0.44921875,-0.42578125,-0.5703125,-0.5390625,-0.796875,-1.0,-1.4375,-0.7734375,-0.52734375,-0.5859375,-0.76953125,-0.8046875,-1.40234375,-1.4609375,-1.203125,-0.90234375,-0.8046875,-0.94140625,-1.15625,-1.09765625,-1.78515625,-1.2421875,-1.6484375,-1.1796875,-0.87890625,-1.0625,-1.15625,-1.20703125,-2.19140625,-1.5625,-1.953125,-1.7421875,-1.2265625,-1.39453125,-1.62109375,-1.3828125
2079.5,-0.53515625,-0.796875,-1.05078125,-0.3125,-0.26171875,-0.55078125,-0.40625,-0.4140625,-0.62890625,-0.98046875,-1.11328125,-0.37109375,-0.44921875,-0.42578125,-0.5703125,-0.5390625,-0.796875,-1.0,-1.4375,-0.7734375,-0.52734375,-0.5859375,-0.76953125,-0.8046875,-1.40234375,-1.4609375,-1.203125,-0.90234375,-0.8046875,-0.94140625,-1.15625,-1.09765625,-1.78515625,-1.2421875,-1.6484375,-1.1796875,-0.87890625,-1.0625,-1.15625,-1.20703125,-2.19140625,-1.5625,-1.953125,-1.7421875,-1.2265625,-1.39453125,-1.62109375,-1.3828125
2080.5,-0.53515625,-0.796875,-1.05078125,-0.3125,-0.26171875,-0.55078125,-0.40625,-0.4140625,-0.62890625,-0.98046875,-1.11328125,-0.37109375,-0.44921875,-0.42578125,-0.5703125,-0.5390625,-0.796875,-1.0,-1.4375,-0.7734375,-0.52734375,-0.5859375,-0.76953125,-0.8046875,-1.40234375,-1.4609375,-1.203125,-0.90234375,-0.8046875,-0.94140625,-1.15625,-1.09765625,-1.78515625,-1.2421875,-1.6484375,-1.1796875,-0.87890625,-1.0625,-1.15625,-1.20703125,-2.19140625,-1.5625,-1.953125,-1.7421875,-1.2265625,-1.39453125,-1.62109375,-1.3828125
2081.5,-0.53515625,-0.796875,-1.05078125,-0.3125,-0.26171875,-0.55078125,-0.40625,-0.4140625,-0.62890625,-0.98046875,-1.11328125,-0.37109375,-0.44921875,-0.42578125,-0.5703125,-0.5390625,-0.796875,-1.0,-1.4375,-0.7734375,-0.52734375,-0.5859375,-0.76953125,-0.8046875,-1.40234375,-1.4609375,-1.203125,-0.90234375,-0.8046875,-0.94140625,-1.15625,-1.09765625,-1.78515625,-1.2421875,-1.6484375,-1.1796875,-0.87890625,-1.0625,-1.15625,-1.20703125,-2.19140625,-1.5625,-1.953125,-1.7421875,-1.2265625,-1.39453125,-1.62109375,-1.3828125
2082.5,-0.53515625,-0.796875,-1.05078125,-0.3125,-0.26171875,-0.55078125,-0.40625,-0.4140625,-0.62890625,-0.98046875,-1.11328125,-0.37109375,-0.44921875,-0.42578125,-0.5703125,-0.5390625,-0.796875,-1.0,-1.4375,-0.7734375,-0.52734375,-0.5859375,-0.76953125,-0.8046875,-1.40234375,-1.4609375,-1.203125,-0.90234375,-0.8046875,-0.94140625,-1.15625,-1.09765625,-1.78515625,-1.2421875,-1.6484375,-1.1796875,-0.87890625,-1.0625,-1.15625,-1.20703125,-2.19140625,-1.5625,-1.953125,-1.7421875,-1.2265625,-1.39453125,-1.62109375,-1.3828125
2083.5,-0.53515625,-0.796875,-1.05078125,-0.3125,-0.26171875,-0.55078125,-0.40625,-0.4140625,-0.62890625,-0.98046875,-1.11328125,-0.37109375,-0.44921875,-0.42578125,-0.5703125,-0.5390625,-0.796875,-1.0,-1.4375,-0.7734375,-0.52734375,-0.5859375,-0.76953125,-0.8046875,-1.40234375,-1.4609375,-1.203125,-0.90234375,-0.8046875,-0.94140625,-1.15625,-1.09765625,-1.78515625,-1.2421875,-1.6484375,-1.1796875,-0.87890625,-1.0625,-1.15625,-1.20703125,-2.19140625,-1.5625,-1.953125,-1.7421875,-1.2265625,-1.39453125,-1.62109375,-1.3828125
2084.5,-0.53515625,-0.796875,-1.05078125,-0.3125,-0.26171875,-0.55078125,-0.40625,-0.4140625,-0.62890625,-0.98046875,-1.11328125,-0.37109375,-0.44921875,-0.42578125,-0.5703125,-0.5390625,-0.796875,-1.0,-1.4375,-0.7734375,-0.52734375,-0.5859375,-0.76953125,-0.8046875,-1.40234375,-1.4609375,-1.203125,-0.90234375,-0.8046875,-0.94140625,-1.15625,-1.09765625,-1.78515625,-1.2421875,-1.6484375,-1.1796875,-0.87890625,-1.0625,-1.15625,-1.20703125,-2.19140625,-1.5625,-1.953125,-1.7421875,-1.2265625,-1.39453125,-1.62109375,-1.3828125
2085.5,-0.53515625,-0.796875,-1.05078125,-0.3125,-0.26171875,-0.55078125,-0.40625,-0.4140625,-0.62890625,-0.98046875,-1.11328125,-0.37109375,-0.44921875,-0.42578125,-0.5703125,-0.5390625,-0.796875,-1.0,-1.4375,-0.7734375,-0.52734375,-0.5859375,-0.76953125,-0.8046875,-1.40234375,-1.4609375,-1.203125,-0.90234375,-0.8046875,-0.94140625,-1.15625,-1.09765625,-1.78515625,-1.2421875,-1.6484375,-1.1796875,-0.87890625,-1.0625,-1.15625,-1.20703125,-2.19140625,-1.5625,-1.953125,-1.7421875,-1.2265625,-1.39453125,-1.62109375,-1.3828125
2086.5,-0.53515625,-0.796875,-1.05078125,-0.3125,-0.26171875,-0.55078125,-0.40625,-0.4140625,-0.62890625,-0.98046875,-1.11328125,-0.37109375,-0.44921875,-0.42578125,-0.5703125,-0.5390625,-0.796875,-1.0,-1.4375,-0.7734375,-0.52734375,-0.5859375,-0.76953125,-0.8046875,-1.40234375,-1.4609375,-1.203125,-0.90234375,-0.8046875,-0.94140625,-1.15625,-1.09765625,-1.78515625,-1.2421875,-1.6484375,-1.1796875,-0.87890625,-1.0625,-1.15625,-1.20703125,-2.19140625,-1.5625,-1.953125,-1.7421875,-1.2265625,-1.39453125,-1.62109375,-1.3828125
2087.5,-0.53515625,-0.796875,-1.05078125,-0.3125,-0.26171875,-0.55078125,-0.40625,-0.4140625,-0.62890625,-0.98046875,-1.11328125,-0.37109375,-0.44921875,-0.42578125,-0.5703125,-0.5390625,-0.796875,-1.0,-1.4375,-0.7734375,-0.52734375,-0.5859375,-0.76953125,-0.8046875,-1.40234375,-1.4609375,-1.203125,-0.90234375,-0.8046875,-0.94140625,-1.15625,-1.09765625,-1.78515625,-1.2421875,-1.6484375,-1.1796875,-0.87890625,-1.0625,-1.15625,-1.20703125,-2.19140625,-1.5625,-1.953125,-1.7421875,-1.2265625,-1.39453125,-1.62109375,-1.3828125
2088.5,-0.53515625,-0.796875,-1.05078125,-0.3125,-0.26171875,-0.55078125,-0.40625,-0.4140625,-0.62890625,-0.98046875,-1.11328125,-0.37109375,-0.44921875,-0.42578125,-0.5703125,-0.5390625,-0.796875,-1.0,-1.4375,-0.7734375,-0.52734375,-0.5859375,-0.76953125,-0.8046875,-1.40234375,-1.4609375,-1.203125,-0.90234375,-0.8046875,-0.94140625,-1.15625,-1.09765625,-1.78515625,-1.2421875,-1.6484375,-1.1796875,-0.87890625,-1.0625,-1.15625,-1.20703125,-2.19140625,-1.5625,-1.953125,-1.7421875,-1.2265625,-1.39453125,-1.62109375,-1.3828125
2089.5,-0.53515625,-0.796875,-1.05078125,-0.3125,-0.26171875,-0.55078125,-0.40625,-0.4140625,-0.62890625,-0.98046875,-1.11328125,-0.37109375,-0.44921875,-0.42578125,-0.5703125,-0.5390625,-0.796875,-1.0,-1.4375,-0.7734375,-0.52734375,-0.5859375,-0.76953125,-0.8046875,-1.40234375,-1.4609375,-1.203125,-0.90234375,-0.8046875,-0.94140625,-1.15625,-1.09765625,-1.78515625,-1.2421875,-1.6484375,-1.1796875,-0.87890625,-1.0625,-1.15625,-1.20703125,-2.19140625,-1.5625,-1.953125,-1.7421875,-1.2265625,-1.39453125,-1.62109375,-1.3828125
2090.5,-0.53515625,-0.796875,-1.05078125,-0.3125,-0.26171875,-0.55078125,-0.40625,-0.4140625,-0.62890625,-0.98046875,-1.11328125,-0.37109375,-0.44921875,-0.42578125,-0.5703125,-0.5390625,-0.796875,-1.0,-1.4375,-0.7734375,-0.52734375,-0.5859375,-0.76953125,-0.8046875,-1.40234375,-1.4609375,-1.203125,-0.90234375,-0.8046875,-0.94140625,-1.15625,-1.09765625,-1.78515625,-1.2421875,-1.6484375,-1.1796875,-0.87890625,-1.0625,-1.15625,-1.20703125,-2.19140625,-1.5625,-1.953125,-1.7421875,-1.2265625,-1.39453125,-1.62109375,-1.3828125
2091.5,-0.53515625,-0.796875,-1.05078125,-0.3125,-0.26171875,-0.55078125,-0.40625,-0.4140625,-0.62890625,-0.98046875,-1.11328125,-0.37109375,-0.44921875,-0.42578125,-0.5703125,-0.5390625,-0.796875,-1.0,-1.4375,-0.7734375,-0.52734375,-0.5859375,-0.76953125,-0.8046875,-1.40234375,-1.4609375,-1.203125,-0.90234375,-0.8046875,-0.94140625,-1.15625,-1.09765625,-1.78515625,-1.2421875,-1.6484375,-1.1796875,-0.87890625,-1.0625,-1.15625,-1.20703125,-2.19140625,-1.5625,-1.953125,-1.7421875,-1.2265625,-1.39453125,-1.62109375,-1.3828125
2092.5,-0.53515625,-0.796875,-1.05078125,-0.3125,-0.26171875,-0.55078125,-0.40625,-0.4140625,-0.62890625,-0.98046875,-1.11328125,-0.37109375,-0.44921875,-0.42578125,-0.5703125,-0.5390625,-0.796875,-1.0,-1.4375,-0.7734375,-0.52734375,-0.5859375,-0.76953125,-0.8046875,-1.40234375,-1.4609375,-1.203125,-0.90234375,-0.8046875,-0.94140625,-1.15625,-1.09765625,-1.78515625,-1.2421875,-1.6484375,-1.1796875,-0.87890625,-1.0625,-1.15625,-1.20703125,-2.19140625,-1.5625,-1.953125,-1.7421875,-1.2265625,-1.39453125,-1.62109375,-1.3828125
2093.5,-0.53515625,-0.796875,-1.05078125,-0.3125,-0.26171875,-0.55078125,-0.40625,-0.4140625,-0.62890625,-0.98046875,-1.11328125,-0.37109375,-0.44921875,-0.42578125,-0.5703125,-0.5390625,-0.796875,-1.0,-1.4375,-0.7734375,-0.52734375,-0.5859375,-0.76953125,-0.8046875,-1.40234375,-1.4609375,-1.203125,-0.90234375,-0.8046875,-0.94140625,-1.15625,-1.09765625,-1.78515625,-1.2421875,-1.6484375,-1.1796875,-0.87890625,-1.0625,-1.15625,-1.20703125,-2.19140625,-1.5625,-1.953125,-1.7421875,-1.2265625,-1.39453125,-1.62109375,-1.3828125
2094.5,-0.53515625,-0.796875,-1.05078125,-0.3125,-0.26171875,-0.55078125,-0.40625,-0.4140625,-0.62890625,-0.98046875,-1.11328125,-0.37109375,-0.44921875,-0.42578125,-0.5703125,-0.5390625,-0.796875,-1.0,-1.4375,-0.7734375,-0.52734375,-0.5859375,-0.76953125,-0.8046875,-1.40234375,-1.4609375,-1.203125,-0.90234375,-0.8046875,-0.94140625,-1.15625,-1.09765625,-1.78515625,-1.2421875,-1.6484375,-1.1796875,-0.87890625,-1.0625,-1.15625,-1.20703125,-2.19140625,-1.5625,-1.953125,-1.7421875,-1.2265625,-1.39453125,-1.62109375,-1.3828125
2095.5,-0.53515625,-0.796875,-1.05078125,-0.3125,-0.26171875,-0.55078125,-0.40625,-0.4140625,-0.62890625,-0.98046875,-1.11328125,-0.37109375,-0.44921875,-0.42578125,-0.5703125,-0.5390625,-0.796875,-1.0,-1.4375,-0.7734375,-0.52734375,-0.5859375,-0.76953125,-0.8046875,-1.40234375,-1.4609375,-1.203125,-0.90234375,-0.8046875,-0.94140625,-1.15625,-1.09765625,-1.78515625,-1.2421875,-1.6484375,-1.1796875,-0.87890625,-1.0625,-1.15625,-1.20703125,-2.19140625,-1.5625,-1.953125,-1.7421875,-1.2265625,-1.39453125,-1.62109375,-1.3828125
2096.5,-0.53515625,-0.796875,-1.05078125,-0.3125,-0.26171875,-0.55078125,-0.40625,-0.4140625,-0.62890625,-0.98046875,-1.11328125,-0.37109375,-0.44921875,-0.42578125,-0.5703125,-0.5390625,-0.796875,-1.0,-1.4375,-0.7734375,-0.52734375,-0.5859375,-0.76953125,-0.8046875,-1.40234375,-1.4609375,-1.203125,-0.90234375,-0.8046875,-0.94140625,-1.15625,-1.09765625,-1.78515625,-1.2421875,-1.6484375,-1.1796875,-0.87890625,-1.0625,-1.15625,-1.20703125,-2.19140625,-1.5625,-1.953125,-1.7421875,-1.2265625,-1.39453125,-1.62109375,-1.3828125
2097.5,-0.53515625,-0.796875,-1.05078125,-0.3125,-0.26171875,-0.55078125,-0.40625,-0.4140625,-0.62890625,-0.98046875,-1.11328125,-0.37109375,-0.44921875,-0.42578125,-0.5703125,-0.5390625,-0.796875,-1.0,-1.4375,-0.7734375,-0.52734375,-0.5859375,-0.76953125,-0.8046875,-1.40234375,-1.4609375,-1.203125,-0.90234375,-0.8046875,-0.94140625,-1.15625,-1.09765625,-1.78515625,-1.2421875,-1.6484375,-1.1796875,-0.87890625,-1.0625,-1.15625,-1.20703125,-2.19140625,-1.5625,-1.953125,-1.7421875,-1.2265625,-1.39453125,-1.62109375,-1.3828125
2098.5,-0.53515625,-0.796875,-1.05078125,-0.3125,-0.26171875,-0.55078125,-0.40625,-0.4140625,-0.62890625,-0.98046875,-1.11328125,-0.37109375,-0.44921875,-0.42578125,-0.5703125,-0.5390625,-0.796875,-1.0,-1.4375,-0.7734375,-0.52734375,-0.5859375,-0.76953125,-0.8046875,-1.40234375,-1.4609375,-1.203125,-0.90234375,-0.8046875,-0.94140625,-1.15625,-1.09765625,-1.78515625,-1.2421875,-1.6484375,-1.1796875,-0.87890625,-1.0625,-1.15625,-1.20703125,-2.19140625,-1.5625,-1.953125,-1.7421875,-1.2265625,-1.39453125,-1.62109375,-1.3828125
2099.5,-0.53515625,-0.796875,-1.05078125,-0.3125,-0.26171875,-0.55078125,-0.40625,-0.4140625,-0.62890625,-0.98046875,-1.11328125,-0.37109375,-0.44921875,-0.42578125,-0.5703125,-0.5390625,-0.796875,-1.0,-1.4375,-0.7734375,-0.52734375,-0.5859375,-0.76953125,-0.8046875,-1.40234375,-1.4609375,-1.203125,-0.90234375,-0.8046875,-0.94140625,-1.15625,-1.09765625,-1.78515625,-1.2421875,-1.6484375,-1.1796875,-0.87890625,-1.0625,-1.15625,-1.20703125,-2.19140625,-1.5625,-1.953125,-1.7421875,-1.2265625,-1.39453125,-1.62109375,-1.3828125
2100.5,-0.53515625,-0.796875,-1.05078125,-0.3125,-0.26171875,-0.55078125,-0.40625,-0.4140625,-0.62890625,-0.98046875,-1.11328125,-0.37109375,-0.44921875,-0.42578125,-0.5703125,-0.5390625,-0.796875,-1.0,-1.4375,-0.7734375,-0.52734375,-0.5859375,-0.76953125,-0.8046875,-1.40234375,-1.4609375,-1.203125,-0.90234375,-0.8046875,-0.94140625,-1.15625,-1.09765625,-1.78515625,-1.2421875,-1.6484375,-1.1796875,-0.87890625,-1.0625,-1.15625,-1.20703125,-2.19140625,-1.5625,-1.953125,-1.7421875,-1.2265625,-1.39453125,-1.62109375,-1.3828125
2101.5,-0.53515625,-0.796875,-1.05078125,-0.3125,-0.26171875,-0.55078125,-0.40625,-0.4140625,-0.62890625,-0.98046875,-1.11328125,-0.37109375,-0.44921875,-0.42578125,-0.5703125,-0.5390625,-0.796875,-1.0,-1.4375,-0.7734375,-0.52734375,-0.5859375,-0.76953125,-0.8046875,-1.40234375,-1.4609375,-1.203125,-0.90234375,-0.8046875,-0.94140625,-1.15625,-1.09765625,-1.78515625,-1.2421875,-1.6484375,-1.1796875,-0.87890625,-1.0625,-1.15625,-1.20703125,-2.19140625,-1.5625,-1.953125,-1.7421875,-1.2265625,-1.39453125,-1.62109375,-1.3828125
2102.5,-0.53515625,-0.796875,-1.05078125,-0.3125,-0.26171875,-0.55078125,-0.40625,-0.4140625,-0.62890625,-0.98046875,-1.11328125,-0.37109375,-0.44921875,-0.42578125,-0.5703125,-0.5390625,-0.796875,-1.0,-1.4375,-0.7734375,-0.52734375,-0.5859375,-0.76953125,-0.8046875,-1.40234375,-1.4609375,-1.203125,-0.90234375,-0.8046875,-0.94140625,-1.15625,-1.09765625,-1.78515625,-1.2421875,-1.6484375,-1.1796875,-0.87890625,-1.0625,-1.15625,-1.20703125,-2.19140625,-1.5625,-1.953125,-1.7421875,-1.2265625,-1.39453125,-1.62109375,-1.3828125
2103.5,-0.53515625,-0.796875,-1.05078125,-0.3125,-0.26171875,-0.55078125,-0.40625,-0.4140625,-0.62890625,-0.98046875,-1.11328125,-0.37109375,-0.44921875,-0.42578125,-0.5703125,-0.5390625,-0.796875,-1.0,-1.4375,-0.7734375,-0.52734375,-0.5859375,-0.76953125,-0.8046875,-1.40234375,-1.4609375,-1.203125,-0.90234375,-0.8046875,-0.94140625,-1.15625,-1.09765625,-1.78515625,-1.2421875,-1.6484375,-1.1796875,-0.87890625,-1.0625,-1.15625,-1.20703125,-2.19140625,-1.5625,-1.953125,-1.7421875,-1.2265625,-1.39453125,-1.62109375,-1.3828125
2104.5,-0.53515625,-0.796875,-1.05078125,-0.3125,-0.26171875,-0.55078125,-0.40625,-0.4140625,-0.62890625,-0.98046875,-1.11328125,-0.37109375,-0.44921875,-0.42578125,-0.5703125,-0.5390625,-0.796875,-1.0,-1.4375,-0.7734375,-0.52734375,-0.5859375,-0.76953125,-0.8046875,-1.40234375,-1.4609375,-1.203125,-0.90234375,-0.8046875,-0.94140625,-1.15625,-1.09765625,-1.78515625,-1.2421875,-1.6484375,-1.1796875,-0.87890625,-1.0625,-1.15625,-1.20703125,-2.19140625,-1.5625,-1.953125,-1.7421875,-1.2265625,-1.39453125,-1.62109375,-1.3828125
2105.5,-0.53515625,-0.796875,-1.05078125,-0.3125,-0.26171875,-0.55078125,-0.40625,-0.4140625,-0.62890625,-0.98046875,-1.11328125,-0.37109375,-0.44921875,-0.42578125,-0.5703125,-0.5390625,-0.796875,-1.0,-1.4375,-0.7734375,-0.52734375,-0.5859375,-0.76953125,-0.8046875,-1.40234375,-1.4609375,-1.203125,-0.90234375,-0.8046875,-0.94140625,-1.15625,-1.09765625,-1.78515625,-1.2421875,-1.6484375,-1.1796875,-0.87890625,-1.0625,-1.15625,-1.20703125,-2.19140625,-1.5625,-1.953125,-1.7421875,-1.2265625,-1.39453125,-1.62109375,-1.3828125
2106.5,-0.53515625,-0.796875,-1.05078125,-0.3125,-0.26171875,-0.55078125,-0.40625,-0.4140625,-0.62890625,-0.98046875,-1.11328125,-0.37109375,-0.44921875,-0.42578125,-0.5703125,-0.5390625,-0.796875,-1.0,-1.4375,-0.7734375,-0.52734375,-0.5859375,-0.76953125,-0.8046875,-1.40234375,-1.4609375,-1.203125,-0.90234375,-0.8046875,-0.94140625,-1.15625,-1.09765625,-1.78515625,-1.2421875,-1.6484375,-1.1796875,-0.87890625,-1.0625,-1.15625,-1.20703125,-2.19140625,-1.5625,-1.953125,-1.7421875,-1.2265625,-1.39453125,-1.62109375,-1.3828125
2107.5,-0.53515625,-0.796875,-1.05078125,-0.3125,-0.26171875,-0.55078125,-0.40625,-0.4140625,-0.62890625,-0.98046875,-1.11328125,-0.37109375,-0.44921875,-0.42578125,-0.5703125,-0.5390625,-0.796875,-1.0,-1.4375,-0.7734375,-0.52734375,-0.5859375,-0.76953125,-0.8046875,-1.40234375,-1.4609375,-1.203125,-0.90234375,-0.8046875,-0.94140625,-1.15625,-1.09765625,-1.78515625,-1.2421875,-1.6484375,-1.1796875,-0.87890625,-1.0625,-1.15625,-1.20703125,-2.19140625,-1.5625,-1.953125,-1.7421875,-1.2265625,-1.39453125,-1.62109375,-1.3828125
2108.5,-0.53515625,-0.796875,-1.05078125,-0.3125,-0.26171875,-0.55078125,-0.40625,-0.4140625,-0.62890625,-0.98046875,-1.11328125,-0.37109375,-0.44921875,-0.42578125,-0.5703125,-0.5390625,-0.796875,-1.0,-1.4375,-0.7734375,-0.52734375,-0.5859375,-0.76953125,-0.8046875,-1.40234375,-1.4609375,-1.203125,-0.90234375,-0.8046875,-0.94140625,-1.15625,-1.09765625,-1.78515625,-1.2421875,-1.6484375,-1.1796875,-0.87890625,-1.0625,-1.15625,-1.20703125,-2.19140625,-1.5625,-1.953125,-1.7421875,-1.2265625,-1.39453125,-1.62109375,-1.3828125
2109.5,-0.53515625,-0.796875,-1.05078125,-0.3125,-0.26171875,-0.55078125,-0.40625,-0.4140625,-0.62890625,-0.98046875,-1.11328125,-0.37109375,-0.44921875,-0.42578125,-0.5703125,-0.5390625,-0.796875,-1.0,-1.4375,-0.7734375,-0.52734375,-0.5859375,-0.76953125,-0.8046875,-1.40234375,-1.4609375,-1.203125,-0.90234375,-0.8046875,-0.94140625,-1.15625,-1.09765625,-1.78515625,-1.2421875,-1.6484375,-1.1796875,-0.87890625,-1.0625,-1.15625,-1.20703125,-2.19140625,-1.5625,-1.953125,-1.7421875,-1.2265625,-1.39453125,-1.62109375,-1.3828125
2110.5,-0.53515625,-0.796875,-1.05078125,-0.3125,-0.26171875,-0.55078125,-0.40625,-0.4140625,-0.62890625,-0.98046875,-1.11328125,-0.37109375,-0.44921875,-0.42578125,-0.5703125,-0.5390625,-0.796875,-1.0,-1.4375,-0.7734375,-0.52734375,-0.5859375,-0.76953125,-0.8046875,-1.40234375,-1.4609375,-1.203125,-0.90234375,-0.8046875,-0.94140625,-1.15625,-1.09765625,-1.78515625,-1.2421875,-1.6484375,-1.1796875,-0.87890625,-1.0625,-1.15625,-1.20703125,-2.19140625,-1.5625,-1.953125,-1.7421875,-1.2265625,-1.39453125,-1.62109375,-1.3828125
2111.5,-0.53515625,-0.796875,-1.05078125,-0.3125,-0.26171875,-0.55078125,-0.40625,-0.4140625,-0.62890625,-0.98046875,-1.11328125,-0.37109375,-0.44921875,-0.42578125,-0.5703125,-0.5390625,-0.796875,-1.0,-1.4375,-0.7734375,-0.52734375,-0.5859375,-0.76953125,-0.8046875,-1.40234375,-1.4609375,-1.203125,-0.90234375,-0.8046875,-0.94140625,-1.15625,-1.09765625,-1.78515625,-1.2421875,-1.6484375,-1.1796875,-0.87890625,-1.0625,-1.15625,-1.20703125,-2.19140625,-1.5625,-1.953125,-1.7421875,-1.2265625,-1.39453125,-1.62109375,-1.3828125
2112.5,-0.53515625,-0.796875,-1.05078125,-0.3125,-0.26171875,-0.55078125,-0.40625,-0.4140625,-0.62890625,-0.98046875,-1.11328125,-0.37109375,-0.44921875,-0.42578125,-0.5703125,-0.5390625,-0.796875,-1.0,-1.4375,-0.7734375,-0.52734375,-0.5859375,-0.76953125,-0.8046875,-1.40234375,-1.4609375,-1.203125,-0.90234375,-0.8046875,-0.94140625,-1.15625,-1.09765625,-1.78515625,-1.2421875,-1.6484375,-1.1796875,-0.87890625,-1.0625,-1.15625,-1.20703125,-2.19140625,-1.5625,-1.953125,-1.7421875,-1.2265625,-1.39453125,-1.62109375,-1.3828125
2113.5,-0.53515625,-0.796875,-1.05078125,-0.3125,-0.26171875,-0.55078125,-0.40625,-0.4140625,-0.62890625,-0.98046875,-1.11328125,-0.37109375,-0.44921875,-0.42578125,-0.5703125,-0.5390625,-0.796875,-1.0,-1.4375,-0.7734375,-0.52734375,-0.5859375,-0.76953125,-0.8046875,-1.40234375,-1.4609375,-1.203125,-0.90234375,-0.8046875,-0.94140625,-1.15625,-1.09765625,-1.78515625,-1.2421875,-1.6484375,-1.1796875,-0.87890625,-1.0625,-1.15625,-1.20703125,-2.19140625,-1.5625,-1.953125,-1.7421875,-1.2265625,-1.39453125,-1.62109375,-1.3828125
2114.5,-0.53515625,-0.796875,-1.05078125,-0.3125,-0.26171875,-0.55078125,-0.40625,-0.4140625,-0.62890625,-0.98046875,-1.11328125,-0.37109375,-0.44921875,-0.42578125,-0.5703125,-0.5390625,-0.796875,-1.0,-1.4375,-0.7734375,-0.52734375,-0.5859375,-0.76953125,-0.8046875,-1.40234375,-1.4609375,-1.203125,-0.90234375,-0.8046875,-0.94140625,-1.15625,-1.09765625,-1.78515625,-1.2421875,-1.6484375,-1.1796875,-0.87890625,-1.0625,-1.15625,-1.20703125,-2.19140625,-1.5625,-1.953125,-1.7421875,-1.2265625,-1.39453125,-1.62109375,-1.3828125
2115.5,-0.53515625,-0.796875,-1.05078125,-0.3125,-0.26171875,-0.55078125,-0.40625,-0.4140625,-0.62890625,-0.98046875,-1.11328125,-0.37109375,-0.44921875,-0.42578125,-0.5703125,-0.5390625,-0.796875,-1.0,-1.4375,-0.7734375,-0.52734375,-0.5859375,-0.76953125,-0.8046875,-1.40234375,-1.4609375,-1.203125,-0.90234375,-0.8046875,-0.94140625,-1.15625,-1.09765625,-1.78515625,-1.2421875,-1.6484375,-1.1796875,-0.87890625,-1.0625,-1.15625,-1.20703125,-2.19140625,-1.5625,-1.953125,-1.7421875,-1.2265625,-1.39453125,-1.62109375,-1.3828125
2116.5,-0.53515625,-0.796875,-1.05078125,-0.3125,-0.26171875,-0.55078125,-0.40625,-0.4140625,-0.62890625,-0.98046875,-1.11328125,-0.37109375,-0.44921875,-0.42578125,-0.5703125,-0.5390625,-0.796875,-1.0,-1.4375,-0.7734375,-0.52734375,-0.5859375,-0.76953125,-0.8046875,-1.40234375,-1.4609375,-1.203125,-0.90234375,-0.8046875,-0.94140625,-1.15625,-1.09765625,-1.78515625,-1.2421875,-1.6484375,-1.1796875,-0.87890625,-1.0625,-1.15625,-1.20703125,-2.19140625,-1.5625,-1.953125,-1.7421875,-1.2265625,-1.39453125,-1.62109375,-1.3828125
2117.5,-0.53515625,-0.796875,-1.05078125,-0.3125,-0.26171875,-0.55078125,-0.40625,-0.4140625,-0.62890625,-0.98046875,-1.11328125,-0.37109375,-0.44921875,-0.42578125,-0.5703125,-0.5390625,-0.796875,-1.0,-1.4375,-0.7734375,-0.52734375,-0.5859375,-0.76953125,-0.8046875,-1.40234375,-1.4609375,-1.203125,-0.90234375,-0.8046875,-0.94140625,-1.15625,-1.09765625,-1.78515625,-1.2421875,-1.6484375,-1.1796875,-0.87890625,-1.0625,-1.15625,-1.20703125,-2.19140625,-1.5625,-1.953125,-1.7421875,-1.2265625,-1.39453125,-1.62109375,-1.3828125
2118.5,-0.53515625,-0.796875,-1.05078125,-0.3125,-0.26171875,-0.55078125,-0.40625,-0.4140625,-0.62890625,-0.98046875,-1.11328125,-0.37109375,-0.44921875,-0.42578125,-0.5703125,-0.5390625,-0.796875,-1.0,-1.4375,-0.7734375,-0.52734375,-0.5859375,-0.76953125,-0.8046875,-1.40234375,-1.4609375,-1.203125,-0.90234375,-0.8046875,-0.94140625,-1.15625,-1.09765625,-1.78515625,-1.2421875,-1.6484375,-1.1796875,-0.87890625,-1.0625,-1.15625,-1.20703125,-2.19140625,-1.5625,-1.953125,-1.7421875,-1.2265625,-1.39453125,-1.62109375,-1.3828125
2119.5,-0.53515625,-0.796875,-1.05078125,-0.3125,-0.26171875,-0.55078125,-0.40625,-0.4140625,-0.62890625,-0.98046875,-1.11328125,-0.37109375,-0.44921875,-0.42578125,-0.5703125,-0.5390625,-0.796875,-1.0,-1.4375,-0.7734375,-0.52734375,-0.5859375,-0.76953125,-0.8046875,-1.40234375,-1.4609375,-1.203125,-0.90234375,-0.8046875,-0.94140625,-1.15625,-1.09765625,-1.78515625,-1.2421875,-1.6484375,-1.1796875,-0.87890625,-1.0625,-1.15625,-1.20703125,-2.19140625,-1.5625,-1.953125,-1.7421875,-1.2265625,-1.39453125,-1.62109375,-1.3828125
2120.5,-0.53515625,-0.796875,-1.05078125,-0.3125,-0.26171875,-0.55078125,-0.40625,-0.4140625,-0.62890625,-0.98046875,-1.11328125,-0.37109375,-0.44921875,-0.42578125,-0.5703125,-0.5390625,-0.796875,-1.0,-1.4375,-0.7734375,-0.52734375,-0.5859375,-0.76953125,-0.8046875,-1.40234375,-1.4609375,-1.203125,-0.90234375,-0.8046875,-0.94140625,-1.15625,-1.09765625,-1.78515625,-1.2421875,-1.6484375,-1.1796875,-0.87890625,-1.0625,-1.15625,-1.20703125,-2.19140625,-1.5625,-1.953125,-1.7421875,-1.2265625,-1.39453125,-1.62109375,-1.3828125
2121.5,-0.53515625,-0.796875,-1.05078125,-0.3125,-0.26171875,-0.55078125,-0.40625,-0.4140625,-0.62890625,-0.98046875,-1.11328125,-0.37109375,-0.44921875,-0.42578125,-0.5703125,-0.5390625,-0.796875,-1.0,-1.4375,-0.7734375,-0.52734375,-0.5859375,-0.76953125,-0.8046875,-1.40234375,-1.4609375,-1.203125,-0.90234375,-0.8046875,-0.94140625,-1.15625,-1.09765625,-1.78515625,-1.2421875,-1.6484375,-1.1796875,-0.87890625,-1.0625,-1.15625,-1.20703125,-2.19140625,-1.5625,-1.953125,-1.7421875,-1.2265625,-1.39453125,-1.62109375,-1.3828125
2122.5,-0.53515625,-0.796875,-1.05078125,-0.3125,-0.26171875,-0.55078125,-0.40625,-0.4140625,-0.62890625,-0.98046875,-1.11328125,-0.37109375,-0.44921875,-0.42578125,-0.5703125,-0.5390625,-0.796875,-1.0,-1.4375,-0.7734375,-0.52734375,-0.5859375,-0.76953125,-0.8046875,-1.40234375,-1.4609375,-1.203125,-0.90234375,-0.8046875,-0.94140625,-1.15625,-1.09765625,-1.78515625,-1.2421875,-1.6484375,-1.1796875,-0.87890625,-1.0625,-1.15625,-1.20703125,-2.19140625,-1.5625,-1.953125,-1.7421875,-1.2265625,-1.39453125,-1.62109375,-1.3828125
2123.5,-0.53515625,-0.796875,-1.05078125,-0.3125,-0.26171875,-0.55078125,-0.40625,-0.4140625,-0.62890625,-0.98046875,-1.11328125,-0.37109375,-0.44921875,-0.42578125,-0.5703125,-0.5390625,-0.796875,-1.0,-1.4375,-0.7734375,-0.52734375,-0.5859375,-0.76953125,-0.8046875,-1.40234375,-1.4609375,-1.203125,-0.90234375,-0.8046875,-0.94140625,-1.15625,-1.09765625,-1.78515625,-1.2421875,-1.6484375,-1.1796875,-0.87890625,-1.0625,-1.15625,-1.20703125,-2.19140625,-1.5625,-1.953125,-1.7421875,-1.2265625,-1.39453125,-1.62109375,-1.3828125
2124.5,-0.53515625,-0.796875,-1.05078125,-0.3125,-0.26171875,-0.55078125,-0.40625,-0.4140625,-0.62890625,-0.98046875,-1.11328125,-0.37109375,-0.44921875,-0.42578125,-0.5703125,-0.5390625,-0.796875,-1.0,-1.4375,-0.7734375,-0.52734375,-0.5859375,-0.76953125,-0.8046875,-1.40234375,-1.4609375,-1.203125,-0.90234375,-0.8046875,-0.94140625,-1.15625,-1.09765625,-1.78515625,-1.2421875,-1.6484375,-1.1796875,-0.87890625,-1.0625,-1.15625,-1.20703125,-2.19140625,-1.5625,-1.953125,-1.7421875,-1.2265625,-1.39453125,-1.62109375,-1.3828125
2125.5,-0.53515625,-0.796875,-1.05078125,-0.3125,-0.26171875,-0.55078125,-0.40625,-0.4140625,-0.62890625,-0.98046875,-1.11328125,-0.37109375,-0.44921875,-0.42578125,-0.5703125,-0.5390625,-0.796875,-1.0,-1.4375,-0.7734375,-0.52734375,-0.5859375,-0.76953125,-0.8046875,-1.40234375,-1.4609375,-1.203125,-0.90234375,-0.8046875,-0.94140625,-1.15625,-1.09765625,-1.78515625,-1.2421875,-1.6484375,-1.1796875,-0.87890625,-1.0625,-1.15625,-1.20703125,-2.19140625,-1.5625,-1.953125,-1.7421875,-1.2265625,-1.39453125,-1.62109375,-1.3828125
2126.5,-0.53515625,-0.796875,-1.05078125,-0.3125,-0.26171875,-0.55078125,-0.40625,-0.4140625,-0.62890625,-0.98046875,-1.11328125,-0.37109375,-0.44921875,-0.42578125,-0.5703125,-0.5390625,-0.796875,-1.0,-1.4375,-0.7734375,-0.52734375,-0.5859375,-0.76953125,-0.8046875,-1.40234375,-1.4609375,-1.203125,-0.90234375,-0.8046875,-0.94140625,-1.15625,-1.09765625,-1.78515625,-1.2421875,-1.6484375,-1.1796875,-0.87890625,-1.0625,-1.15625,-1.20703125,-2.19140625,-1.5625,-1.953125,-1.7421875,-1.2265625,-1.39453125,-1.62109375,-1.3828125
2127.5,-0.53515625,-0.796875,-1.05078125,-0.3125,-0.26171875,-0.55078125,-0.40625,-0.4140625,-0.62890625,-0.98046875,-1.11328125,-0.37109375,-0.44921875,-0.42578125,-0.5703125,-0.5390625,-0.796875,-1.0,-1.4375,-0.7734375,-0.52734375,-0.5859375,-0.76953125,-0.8046875,-1.40234375,-1.4609375,-1.203125,-0.90234375,-0.8046875,-0.94140625,-1.15625,-1.09765625,-1.78515625,-1.2421875,-1.6484375,-1.1796875,-0.87890625,-1.0625,-1.15625,-1.20703125,-2.19140625,-1.5625,-1.953125,-1.7421875,-1.2265625,-1.39453125,-1.62109375,-1.3828125
2128.5,-0.53515625,-0.796875,-1.05078125,-0.3125,-0.26171875,-0.55078125,-0.40625,-0.4140625,-0.62890625,-0.98046875,-1.11328125,-0.37109375,-0.44921875,-0.42578125,-0.5703125,-0.5390625,-0.796875,-1.0,-1.4375,-0.7734375,-0.52734375,-0.5859375,-0.76953125,-0.8046875,-1.40234375,-1.4609375,-1.203125,-0.90234375,-0.8046875,-0.94140625,-1.15625,-1.09765625,-1.78515625,-1.2421875,-1.6484375,-1.1796875,-0.87890625,-1.0625,-1.15625,-1.20703125,-2.19140625,-1.5625,-1.953125,-1.7421875,-1.2265625,-1.39453125,-1.62109375,-1.3828125
2129.5,-0.53515625,-0.796875,-1.05078125,-0.3125,-0.26171875,-0.55078125,-0.40625,-0.4140625,-0.62890625,-0.98046875,-1.11328125,-0.37109375,-0.44921875,-0.42578125,-0.5703125,-0.5390625,-0.796875,-1.0,-1.4375,-0.7734375,-0.52734375,-0.5859375,-0.76953125,-0.8046875,-1.40234375,-1.4609375,-1.203125,-0.90234375,-0.8046875,-0.94140625,-1.15625,-1.09765625,-1.78515625,-1.2421875,-1.6484375,-1.1796875,-0.87890625,-1.0625,-1.15625,-1.20703125,-2.19140625,-1.5625,-1.953125,-1.7421875,-1.2265625,-1.39453125,-1.62109375,-1.3828125
2130.5,-0.53515625,-0.796875,-1.05078125,-0.3125,-0.26171875,-0.55078125,-0.40625,-0.4140625,-0.62890625,-0.98046875,-1.11328125,-0.37109375,-0.44921875,-0.42578125,-0.5703125,-0.5390625,-0.796875,-1.0,-1.4375,-0.7734375,-0.52734375,-0.5859375,-0.76953125,-0.8046875,-1.40234375,-1.4609375,-1.203125,-0.90234375,-0.8046875,-0.94140625,-1.15625,-1.09765625,-1.78515625,-1.2421875,-1.6484375,-1.1796875,-0.87890625,-1.0625,-1.15625,-1.20703125,-2.19140625,-1.5625,-1.953125,-1.7421875,-1.2265625,-1.39453125,-1.62109375,-1.3828125
2131.5,-0.53515625,-0.796875,-1.05078125,-0.3125,-0.26171875,-0.55078125,-0.40625,-0.4140625,-0.62890625,-0.98046875,-1.11328125,-0.37109375,-0.44921875,-0.42578125,-0.5703125,-0.5390625,-0.796875,-1.0,-1.4375,-0.7734375,-0.52734375,-0.5859375,-0.76953125,-0.8046875,-1.40234375,-1.4609375,-1.203125,-0.90234375,-0.8046875,-0.94140625,-1.15625,-1.09765625,-1.78515625,-1.2421875,-1.6484375,-1.1796875,-0.87890625,-1.0625,-1.15625,-1.20703125,-2.19140625,-1.5625,-1.953125,-1.7421875,-1.2265625,-1.39453125,-1.62109375,-1.3828125
2132.5,-0.53515625,-0.796875,-1.05078125,-0.3125,-0.26171875,-0.55078125,-0.40625,-0.4140625,-0.62890625,-0.98046875,-1.11328125,-0.37109375,-0.44921875,-0.42578125,-0.5703125,-0.5390625,-0.796875,-1.0,-1.4375,-0.7734375,-0.52734375,-0.5859375,-0.76953125,-0.8046875,-1.40234375,-1.4609375,-1.203125,-0.90234375,-0.8046875,-0.94140625,-1.15625,-1.09765625,-1.78515625,-1.2421875,-1.6484375,-1.1796875,-0.87890625,-1.0625,-1.15625,-1.20703125,-2.19140625,-1.5625,-1.953125,-1.7421875,-1.2265625,-1.39453125,-1.62109375,-1.3828125
2133.5,-0.53515625,-0.796875,-1.05078125,-0.3125,-0.26171875,-0.55078125,-0.40625,-0.4140625,-0.62890625,-0.98046875,-1.11328125,-0.37109375,-0.44921875,-0.42578125,-0.5703125,-0.5390625,-0.796875,-1.0,-1.4375,-0.7734375,-0.52734375,-0.5859375,-0.76953125,-0.8046875,-1.40234375,-1.4609375,-1.203125,-0.90234375,-0.8046875,-0.94140625,-1.15625,-1.09765625,-1.78515625,-1.2421875,-1.6484375,-1.1796875,-0.87890625,-1.0625,-1.15625,-1.20703125,-2.19140625,-1.5625,-1.953125,-1.7421875,-1.2265625,-1.39453125,-1.62109375,-1.3828125
2134.5,-0.53515625,-0.796875,-1.05078125,-0.3125,-0.26171875,-0.55078125,-0.40625,-0.4140625,-0.62890625,-0.98046875,-1.11328125,-0.37109375,-0.44921875,-0.42578125,-0.5703125,-0.5390625,-0.796875,-1.0,-1.4375,-0.7734375,-0.52734375,-0.5859375,-0.76953125,-0.8046875,-1.40234375,-1.4609375,-1.203125,-0.90234375,-0.8046875,-0.94140625,-1.15625,-1.09765625,-1.78515625,-1.2421875,-1.6484375,-1.1796875,-0.87890625,-1.0625,-1.15625,-1.20703125,-2.19140625,-1.5625,-1.953125,-1.7421875,-1.2265625,-1.39453125,-1.62109375,-1.3828125
2135.5,-0.53515625,-0.796875,-1.05078125,-0.3125,-0.26171875,-0.55078125,-0.40625,-0.4140625,-0.62890625,-0.98046875,-1.11328125,-0.37109375,-0.44921875,-0.42578125,-0.5703125,-0.5390625,-0.796875,-1.0,-1.4375,-0.7734375,-0.52734375,-0.5859375,-0.76953125,-0.8046875,-1.40234375,-1.4609375,-1.203125,-0.90234375,-0.8046875,-0.94140625,-1.15625,-1.09765625,-1.78515625,-1.2421875,-1.6484375,-1.1796875,-0.87890625,-1.0625,-1.15625,-1.20703125,-2.19140625,-1.5625,-1.953125,-1.7421875,-1.2265625,-1.39453125,-1.62109375,-1.3828125
2136.5,-0.53515625,-0.796875,-1.05078125,-0.3125,-0.26171875,-0.55078125,-0.40625,-0.4140625,-0.62890625,-0.98046875,-1.11328125,-0.37109375,-0.44921875,-0.42578125,-0.5703125,-0.5390625,-0.796875,-1.0,-1.4375,-0.7734375,-0.52734375,-0.5859375,-0.76953125,-0.8046875,-1.40234375,-1.4609375,-1.203125,-0.90234375,-0.8046875,-0.94140625,-1.15625,-1.09765625,-1.78515625,-1.2421875,-1.6484375,-1.1796875,-0.87890625,-1.0625,-1.15625,-1.20703125,-2.19140625,-1.5625,-1.953125,-1.7421875,-1.2265625,-1.39453125,-1.62109375,-1.3828125
2137.5,-0.53515625,-0.796875,-1.05078125,-0.3125,-0.26171875,-0.55078125,-0.40625,-0.4140625,-0.62890625,-0.98046875,-1.11328125,-0.37109375,-0.44921875,-0.42578125,-0.5703125,-0.5390625,-0.796875,-1.0,-1.4375,-0.7734375,-0.52734375,-0.5859375,-0.76953125,-0.8046875,-1.40234375,-1.4609375,-1.203125,-0.90234375,-0.8046875,-0.94140625,-1.15625,-1.09765625,-1.78515625,-1.2421875,-1.6484375,-1.1796875,-0.87890625,-1.0625,-1.15625,-1.20703125,-2.19140625,-1.5625,-1.953125,-1.7421875,-1.2265625,-1.39453125,-1.62109375,-1.3828125
2138.5,-0.53515625,-0.796875,-1.05078125,-0.3125,-0.26171875,-0.55078125,-0.40625,-0.4140625,-0.62890625,-0.98046875,-1.11328125,-0.37109375,-0.44921875,-0.42578125,-0.5703125,-0.5390625,-0.796875,-1.0,-1.4375,-0.7734375,-0.52734375,-0.5859375,-0.76953125,-0.8046875,-1.40234375,-1.4609375,-1.203125,-0.90234375,-0.8046875,-0.94140625,-1.15625,-1.09765625,-1.78515625,-1.2421875,-1.6484375,-1.1796875,-0.87890625,-1.0625,-1.15625,-1.20703125,-2.19140625,-1.5625,-1.953125,-1.7421875,-1.2265625,-1.39453125,-1.62109375,-1.3828125
2139.5,-0.53515625,-0.796875,-1.05078125,-0.3125,-0.26171875,-0.55078125,-0.40625,-0.4140625,-0.62890625,-0.98046875,-1.11328125,-0.37109375,-0.44921875,-0.42578125,-0.5703125,-0.5390625,-0.796875,-1.0,-1.4375,-0.7734375,-0.52734375,-0.5859375,-0.76953125,-0.8046875,-1.40234375,-1.4609375,-1.203125,-0.90234375,-0.8046875,-0.94140625,-1.15625,-1.09765625,-1.78515625,-1.2421875,-1.6484375,-1.1796875,-0.87890625,-1.0625,-1.15625,-1.20703125,-2.19140625,-1.5625,-1.953125,-1.7421875,-1.2265625,-1.39453125,-1.62109375,-1.3828125
2140.5,-0.53515625,-0.796875,-1.05078125,-0.3125,-0.26171875,-0.55078125,-0.40625,-0.4140625,-0.62890625,-0.98046875,-1.11328125,-0.37109375,-0.44921875,-0.42578125,-0.5703125,-0.5390625,-0.796875,-1.0,-1.4375,-0.7734375,-0.52734375,-0.5859375,-0.76953125,-0.8046875,-1.40234375,-1.4609375,-1.203125,-0.90234375,-0.8046875,-0.94140625,-1.15625,-1.09765625,-1.78515625,-1.2421875,-1.6484375,-1.1796875,-0.87890625,-1.0625,-1.15625,-1.20703125,-2.19140625,-1.5625,-1.953125,-1.7421875,-1.2265625,-1.39453125,-1.62109375,-1.3828125
2141.5,-0.53515625,-0.796875,-1.05078125,-0.3125,-0.26171875,-0.55078125,-0.40625,-0.4140625,-0.62890625,-0.98046875,-1.11328125,-0.37109375,-0.44921875,-0.42578125,-0.5703125,-0.5390625,-0.796875,-1.0,-1.4375,-0.7734375,-0.52734375,-0.5859375,-0.76953125,-0.8046875,-1.40234375,-1.4609375,-1.203125,-0.90234375,-0.8046875,-0.94140625,-1.15625,-1.09765625,-1.78515625,-1.2421875,-1.6484375,-1.1796875,-0.87890625,-1.0625,-1.15625,-1.20703125,-2.19140625,-1.5625,-1.953125,-1.7421875,-1.2265625,-1.39453125,-1.62109375,-1.3828125
2142.5,-0.53515625,-0.796875,-1.05078125,-0.3125,-0.26171875,-0.55078125,-0.40625,-0.4140625,-0.62890625,-0.98046875,-1.11328125,-0.37109375,-0.44921875,-0.42578125,-0.5703125,-0.5390625,-0.796875,-1.0,-1.4375,-0.7734375,-0.52734375,-0.5859375,-0.76953125,-0.8046875,-1.40234375,-1.4609375,-1.203125,-0.90234375,-0.8046875,-0.94140625,-1.15625,-1.09765625,-1.78515625,-1.2421875,-1.6484375,-1.1796875,-0.87890625,-1.0625,-1.15625,-1.20703125,-2.19140625,-1.5625,-1.953125,-1.7421875,-1.2265625,-1.39453125,-1.62109375,-1.3828125
2143.5,-0.53515625,-0.796875,-1.05078125,-0.3125,-0.26171875,-0.55078125,-0.40625,-0.4140625,-0.62890625,-0.98046875,-1.11328125,-0.37109375,-0.44921875,-0.42578125,-0.5703125,-0.5390625,-0.796875,-1.0,-1.4375,-0.7734375,-0.52734375,-0.5859375,-0.76953125,-0.8046875,-1.40234375,-1.4609375,-1.203125,-0.90234375,-0.8046875,-0.94140625,-1.15625,-1.09765625,-1.78515625,-1.2421875,-1.6484375,-1.1796875,-0.87890625,-1.0625,-1.15625,-1.20703125,-2.19140625,-1.5625,-1.953125,-1.7421875,-1.2265625,-1.39453125,-1.62109375,-1.3828125
2144.5,-0.53515625,-0.796875,-1.05078125,-0.3125,-0.26171875,-0.55078125,-0.40625,-0.4140625,-0.62890625,-0.98046875,-1.11328125,-0.37109375,-0.44921875,-0.42578125,-0.5703125,-0.5390625,-0.796875,-1.0,-1.4375,-0.7734375,-0.52734375,-0.5859375,-0.76953125,-0.8046875,-1.40234375,-1.4609375,-1.203125,-0.90234375,-0.8046875,-0.94140625,-1.15625,-1.09765625,-1.78515625,-1.2421875,-1.6484375,-1.1796875,-0.87890625,-1.0625,-1.15625,-1.20703125,-2.19140625,-1.5625,-1.953125,-1.7421875,-1.2265625,-1.39453125,-1.62109375,-1.3828125
2145.5,-0.53515625,-0.796875,-1.05078125,-0.3125,-0.26171875,-0.55078125,-0.40625,-0.4140625,-0.62890625,-0.98046875,-1.11328125,-0.37109375,-0.44921875,-0.42578125,-0.5703125,-0.5390625,-0.796875,-1.0,-1.4375,-0.7734375,-0.52734375,-0.5859375,-0.76953125,-0.8046875,-1.40234375,-1.4609375,-1.203125,-0.90234375,-0.8046875,-0.94140625,-1.15625,-1.09765625,-1.78515625,-1.2421875,-1.6484375,-1.1796875,-0.87890625,-1.0625,-1.15625,-1.20703125,-2.19140625,-1.5625,-1.953125,-1.7421875,-1.2265625,-1.39453125,-1.62109375,-1.3828125
2146.5,-0.53515625,-0.796875,-1.05078125,-0.3125,-0.26171875,-0.55078125,-0.40625,-0.4140625,-0.62890625,-0.98046875,-1.11328125,-0.37109375,-0.44921875,-0.42578125,-0.5703125,-0.5390625,-0.796875,-1.0,-1.4375,-0.7734375,-0.52734375,-0.5859375,-0.76953125,-0.8046875,-1.40234375,-1.4609375,-1.203125,-0.90234375,-0.8046875,-0.94140625,-1.15625,-1.09765625,-1.78515625,-1.2421875,-1.6484375,-1.1796875,-0.87890625,-1.0625,-1.15625,-1.20703125,-2.19140625,-1.5625,-1.953125,-1.7421875,-1.2265625,-1.39453125,-1.62109375,-1.3828125
2147.5,-0.53515625,-0.796875,-1.05078125,-0.3125,-0.26171875,-0.55078125,-0.40625,-0.4140625,-0.62890625,-0.98046875,-1.11328125,-0.37109375,-0.44921875,-0.42578125,-0.5703125,-0.5390625,-0.796875,-1.0,-1.4375,-0.7734375,-0.52734375,-0.5859375,-0.76953125,-0.8046875,-1.40234375,-1.4609375,-1.203125,-0.90234375,-0.8046875,-0.94140625,-1.15625,-1.09765625,-1.78515625,-1.2421875,-1.6484375,-1.1796875,-0.87890625,-1.0625,-1.15625,-1.20703125,-2.19140625,-1.5625,-1.953125,-1.7421875,-1.2265625,-1.39453125,-1.62109375,-1.3828125
2148.5,-0.53515625,-0.796875,-1.05078125,-0.3125,-0.26171875,-0.55078125,-0.40625,-0.4140625,-0.62890625,-0.98046875,-1.11328125,-0.37109375,-0.44921875,-0.42578125,-0.5703125,-0.5390625,-0.796875,-1.0,-1.4375,-0.7734375,-0.52734375,-0.5859375,-0.76953125,-0.8046875,-1.40234375,-1.4609375,-1.203125,-0.90234375,-0.8046875,-0.94140625,-1.15625,-1.09765625,-1.78515625,-1.2421875,-1.6484375,-1.1796875,-0.87890625,-1.0625,-1.15625,-1.20703125,-2.19140625,-1.5625,-1.953125,-1.7421875,-1.2265625,-1.39453125,-1.62109375,-1.3828125
2149.5,-0.53515625,-0.796875,-1.05078125,-0.3125,-0.26171875,-0.55078125,-0.40625,-0.4140625,-0.62890625,-0.98046875,-1.11328125,-0.37109375,-0.44921875,-0.42578125,-0.5703125,-0.5390625,-0.796875,-1.0,-1.4375,-0.7734375,-0.52734375,-0.5859375,-0.76953125,-0.8046875,-1.40234375,-1.4609375,-1.203125,-0.90234375,-0.8046875,-0.94140625,-1.15625,-1.09765625,-1.78515625,-1.2421875,-1.6484375,-1.1796875,-0.87890625,-1.0625,-1.15625,-1.20703125,-2.19140625,-1.5625,-1.953125,-1.7421875,-1.2265625,-1.39453125,-1.62109375,-1.3828125
2150.5,-0.53515625,-0.796875,-1.05078125,-0.3125,-0.26171875,-0.55078125,-0.40625,-0.4140625,-0.62890625,-0.98046875,-1.11328125,-0.37109375,-0.44921875,-0.42578125,-0.5703125,-0.5390625,-0.796875,-1.0,-1.4375,-0.7734375,-0.52734375,-0.5859375,-0.76953125,-0.8046875,-1.40234375,-1.4609375,-1.203125,-0.90234375,-0.8046875,-0.94140625,-1.15625,-1.09765625,-1.78515625,-1.2421875,-1.6484375,-1.1796875,-0.87890625,-1.0625,-1.15625,-1.20703125,-2.19140625,-1.5625,-1.953125,-1.7421875,-1.2265625,-1.39453125,-1.62109375,-1.3828125
2151.5,-0.53515625,-0.796875,-1.05078125,-0.3125,-0.26171875,-0.55078125,-0.40625,-0.4140625,-0.62890625,-0.98046875,-1.11328125,-0.37109375,-0.44921875,-0.42578125,-0.5703125,-0.5390625,-0.796875,-1.0,-1.4375,-0.7734375,-0.52734375,-0.5859375,-0.76953125,-0.8046875,-1.40234375,-1.4609375,-1.203125,-0.90234375,-0.8046875,-0.94140625,-1.15625,-1.09765625,-1.78515625,-1.2421875,-1.6484375,-1.1796875,-0.87890625,-1.0625,-1.15625,-1.20703125,-2.19140625,-1.5625,-1.953125,-1.7421875,-1.2265625,-1.39453125,-1.62109375,-1.3828125
2152.5,-0.53515625,-0.796875,-1.05078125,-0.3125,-0.26171875,-0.55078125,-0.40625,-0.4140625,-0.62890625,-0.98046875,-1.11328125,-0.37109375,-0.44921875,-0.42578125,-0.5703125,-0.5390625,-0.796875,-1.0,-1.4375,-0.7734375,-0.52734375,-0.5859375,-0.76953125,-0.8046875,-1.40234375,-1.4609375,-1.203125,-0.90234375,-0.8046875,-0.94140625,-1.15625,-1.09765625,-1.78515625,-1.2421875,-1.6484375,-1.1796875,-0.87890625,-1.0625,-1.15625,-1.20703125,-2.19140625,-1.5625,-1.953125,-1.7421875,-1.2265625,-1.39453125,-1.62109375,-1.3828125
2153.5,-0.53515625,-0.796875,-1.05078125,-0.3125,-0.26171875,-0.55078125,-0.40625,-0.4140625,-0.62890625,-0.98046875,-1.11328125,-0.37109375,-0.44921875,-0.42578125,-0.5703125,-0.5390625,-0.796875,-1.0,-1.4375,-0.7734375,-0.52734375,-0.5859375,-0.76953125,-0.8046875,-1.40234375,-1.4609375,-1.203125,-0.90234375,-0.8046875,-0.94140625,-1.15625,-1.09765625,-1.78515625,-1.2421875,-1.6484375,-1.1796875,-0.87890625,-1.0625,-1.15625,-1.20703125,-2.19140625,-1.5625,-1.953125,-1.7421875,-1.2265625,-1.39453125,-1.62109375,-1.3828125
2154.5,-0.53515625,-0.796875,-1.05078125,-0.3125,-0.26171875,-0.55078125,-0.40625,-0.4140625,-0.62890625,-0.98046875,-1.11328125,-0.37109375,-0.44921875,-0.42578125,-0.5703125,-0.5390625,-0.796875,-1.0,-1.4375,-0.7734375,-0.52734375,-0.5859375,-0.76953125,-0.8046875,-1.40234375,-1.4609375,-1.203125,-0.90234375,-0.8046875,-0.94140625,-1.15625,-1.09765625,-1.78515625,-1.2421875,-1.6484375,-1.1796875,-0.87890625,-1.0625,-1.15625,-1.20703125,-2.19140625,-1.5625,-1.953125,-1.7421875,-1.2265625,-1.39453125,-1.62109375,-1.3828125
2155.5,-0.53515625,-0.796875,-1.05078125,-0.3125,-0.26171875,-0.55078125,-0.40625,-0.4140625,-0.62890625,-0.98046875,-1.11328125,-0.37109375,-0.44921875,-0.42578125,-0.5703125,-0.5390625,-0.796875,-1.0,-1.4375,-0.7734375,-0.52734375,-0.5859375,-0.76953125,-0.8046875,-1.40234375,-1.4609375,-1.203125,-0.90234375,-0.8046875,-0.94140625,-1.15625,-1.09765625,-1.78515625,-1.2421875,-1.6484375,-1.1796875,-0.87890625,-1.0625,-1.15625,-1.20703125,-2.19140625,-1.5625,-1.953125,-1.7421875,-1.2265625,-1.39453125,-1.62109375,-1.3828125
2156.5,-0.53515625,-0.796875,-1.05078125,-0.3125,-0.26171875,-0.55078125,-0.40625,-0.4140625,-0.62890625,-0.98046875,-1.11328125,-0.37109375,-0.44921875,-0.42578125,-0.5703125,-0.5390625,-0.796875,-1.0,-1.4375,-0.7734375,-0.52734375,-0.5859375,-0.76953125,-0.8046875,-1.40234375,-1.4609375,-1.203125,-0.90234375,-0.8046875,-0.94140625,-1.15625,-1.09765625,-1.78515625,-1.2421875,-1.6484375,-1.1796875,-0.87890625,-1.0625,-1.15625,-1.20703125,-2.19140625,-1.5625,-1.953125,-1.7421875,-1.2265625,-1.39453125,-1.62109375,-1.3828125
2157.5,-0.53515625,-0.796875,-1.05078125,-0.3125,-0.26171875,-0.55078125,-0.40625,-0.4140625,-0.62890625,-0.98046875,-1.11328125,-0.37109375,-0.44921875,-0.42578125,-0.5703125,-0.5390625,-0.796875,-1.0,-1.4375,-0.7734375,-0.52734375,-0.5859375,-0.76953125,-0.8046875,-1.40234375,-1.4609375,-1.203125,-0.90234375,-0.8046875,-0.94140625,-1.15625,-1.09765625,-1.78515625,-1.2421875,-1.6484375,-1.1796875,-0.87890625,-1.0625,-1.15625,-1.20703125,-2.19140625,-1.5625,-1.953125,-1.7421875,-1.2265625,-1.39453125,-1.62109375,-1.3828125
2158.5,-0.53515625,-0.796875,-1.05078125,-0.3125,-0.26171875,-0.55078125,-0.40625,-0.4140625,-0.62890625,-0.98046875,-1.11328125,-0.37109375,-0.44921875,-0.42578125,-0.5703125,-0.5390625,-0.796875,-1.0,-1.4375,-0.7734375,-0.52734375,-0.5859375,-0.76953125,-0.8046875,-1.40234375,-1.4609375,-1.203125,-0.90234375,-0.8046875,-0.94140625,-1.15625,-1.09765625,-1.78515625,-1.2421875,-1.6484375,-1.1796875,-0.87890625,-1.0625,-1.15625,-1.20703125,-2.19140625,-1.5625,-1.953125,-1.7421875,-1.2265625,-1.39453125,-1.62109375,-1.3828125
2159.5,-0.53515625,-0.796875,-1.05078125,-0.3125,-0.26171875,-0.55078125,-0.40625,-0.4140625,-0.62890625,-0.98046875,-1.11328125,-0.37109375,-0.44921875,-0.42578125,-0.5703125,-0.5390625,-0.796875,-1.0,-1.4375,-0.7734375,-0.52734375,-0.5859375,-0.76953125,-0.8046875,-1.40234375,-1.4609375,-1.203125,-0.90234375,-0.8046875,-0.94140625,-1.15625,-1.09765625,-1.78515625,-1.2421875,-1.6484375,-1.1796875,-0.87890625,-1.0625,-1.15625,-1.20703125,-2.19140625,-1.5625,-1.953125,-1.7421875,-1.2265625,-1.39453125,-1.62109375,-1.3828125
2160.5,-0.53515625,-0.796875,-1.05078125,-0.3125,-0.26171875,-0.55078125,-0.40625,-0.4140625,-0.62890625,-0.98046875,-1.11328125,-0.37109375,-0.44921875,-0.42578125,-0.5703125,-0.5390625,-0.796875,-1.0,-1.4375,-0.7734375,-0.52734375,-0.5859375,-0.76953125,-0.8046875,-1.40234375,-1.4609375,-1.203125,-0.90234375,-0.8046875,-0.94140625,-1.15625,-1.09765625,-1.78515625,-1.2421875,-1.6484375,-1.1796875,-0.87890625,-1.0625,-1.15625,-1.20703125,-2.19140625,-1.5625,-1.953125,-1.7421875,-1.2265625,-1.39453125,-1.62109375,-1.3828125
2161.5,-0.53515625,-0.796875,-1.05078125,-0.3125,-0.26171875,-0.55078125,-0.40625,-0.4140625,-0.62890625,-0.98046875,-1.11328125,-0.37109375,-0.44921875,-0.42578125,-0.5703125,-0.5390625,-0.796875,-1.0,-1.4375,-0.7734375,-0.52734375,-0.5859375,-0.76953125,-0.8046875,-1.40234375,-1.4609375,-1.203125,-0.90234375,-0.8046875,-0.94140625,-1.15625,-1.09765625,-1.78515625,-1.2421875,-1.6484375,-1.1796875,-0.87890625,-1.0625,-1.15625,-1.20703125,-2.19140625,-1.5625,-1.953125,-1.7421875,-1.2265625,-1.39453125,-1.62109375,-1.3828125
2162.5,-0.53515625,-0.796875,-1.05078125,-0.3125,-0.26171875,-0.55078125,-0.40625,-0.4140625,-0.62890625,-0.98046875,-1.11328125,-0.37109375,-0.44921875,-0.42578125,-0.5703125,-0.5390625,-0.796875,-1.0,-1.4375,-0.7734375,-0.52734375,-0.5859375,-0.76953125,-0.8046875,-1.40234375,-1.4609375,-1.203125,-0.90234375,-0.8046875,-0.94140625,-1.15625,-1.09765625,-1.78515625,-1.2421875,-1.6484375,-1.1796875,-0.87890625,-1.0625,-1.15625,-1.20703125,-2.19140625,-1.5625,-1.953125,-1.7421875,-1.2265625,-1.39453125,-1.62109375,-1.3828125
2163.5,-0.53515625,-0.796875,-1.05078125,-0.3125,-0.26171875,-0.55078125,-0.40625,-0.4140625,-0.62890625,-0.98046875,-1.11328125,-0.37109375,-0.44921875,-0.42578125,-0.5703125,-0.5390625,-0.796875,-1.0,-1.4375,-0.7734375,-0.52734375,-0.5859375,-0.76953125,-0.8046875,-1.40234375,-1.4609375,-1.203125,-0.90234375,-0.8046875,-0.94140625,-1.15625,-1.09765625,-1.78515625,-1.2421875,-1.6484375,-1.1796875,-0.87890625,-1.0625,-1.15625,-1.20703125,-2.19140625,-1.5625,-1.953125,-1.7421875,-1.2265625,-1.39453125,-1.62109375,-1.3828125
2164.5,-0.53515625,-0.796875,-1.05078125,-0.3125,-0.26171875,-0.55078125,-0.40625,-0.4140625,-0.62890625,-0.98046875,-1.11328125,-0.37109375,-0.44921875,-0.42578125,-0.5703125,-0.5390625,-0.796875,-1.0,-1.4375,-0.7734375,-0.52734375,-0.5859375,-0.76953125,-0.8046875,-1.40234375,-1.4609375,-1.203125,-0.90234375,-0.8046875,-0.94140625,-1.15625,-1.09765625,-1.78515625,-1.2421875,-1.6484375,-1.1796875,-0.87890625,-1.0625,-1.15625,-1.20703125,-2.19140625,-1.5625,-1.953125,-1.7421875,-1.2265625,-1.39453125,-1.62109375,-1.3828125
2165.5,-0.53515625,-0.796875,-1.05078125,-0.3125,-0.26171875,-0.55078125,-0.40625,-0.4140625,-0.62890625,-0.98046875,-1.11328125,-0.37109375,-0.44921875,-0.42578125,-0.5703125,-0.5390625,-0.796875,-1.0,-1.4375,-0.7734375,-0.52734375,-0.5859375,-0.76953125,-0.8046875,-1.40234375,-1.4609375,-1.203125,-0.90234375,-0.8046875,-0.94140625,-1.15625,-1.09765625,-1.78515625,-1.2421875,-1.6484375,-1.1796875,-0.87890625,-1.0625,-1.15625,-1.20703125,-2.19140625,-1.5625,-1.953125,-1.7421875,-1.2265625,-1.39453125,-1.62109375,-1.3828125
2166.5,-0.53515625,-0.796875,-1.05078125,-0.3125,-0.26171875,-0.55078125,-0.40625,-0.4140625,-0.62890625,-0.98046875,-1.11328125,-0.37109375,-0.44921875,-0.42578125,-0.5703125,-0.5390625,-0.796875,-1.0,-1.4375,-0.7734375,-0.52734375,-0.5859375,-0.76953125,-0.8046875,-1.40234375,-1.4609375,-1.203125,-0.90234375,-0.8046875,-0.94140625,-1.15625,-1.09765625,-1.78515625,-1.2421875,-1.6484375,-1.1796875,-0.87890625,-1.0625,-1.15625,-1.20703125,-2.19140625,-1.5625,-1.953125,-1.7421875,-1.2265625,-1.39453125,-1.62109375,-1.3828125
2167.5,-0.53515625,-0.796875,-1.05078125,-0.3125,-0.26171875,-0.55078125,-0.40625,-0.4140625,-0.62890625,-0.98046875,-1.11328125,-0.37109375,-0.44921875,-0.42578125,-0.5703125,-0.5390625,-0.796875,-1.0,-1.4375,-0.7734375,-0.52734375,-0.5859375,-0.76953125,-0.8046875,-1.40234375,-1.4609375,-1.203125,-0.90234375,-0.8046875,-0.94140625,-1.15625,-1.09765625,-1.78515625,-1.2421875,-1.6484375,-1.1796875,-0.87890625,-1.0625,-1.15625,-1.20703125,-2.19140625,-1.5625,-1.953125,-1.7421875,-1.2265625,-1.39453125,-1.62109375,-1.3828125
2168.5,-0.53515625,-0.796875,-1.05078125,-0.3125,-0.26171875,-0.55078125,-0.40625,-0.4140625,-0.62890625,-0.98046875,-1.11328125,-0.37109375,-0.44921875,-0.42578125,-0.5703125,-0.5390625,-0.796875,-1.0,-1.4375,-0.7734375,-0.52734375,-0.5859375,-0.76953125,-0.8046875,-1.40234375,-1.4609375,-1.203125,-0.90234375,-0.8046875,-0.94140625,-1.15625,-1.09765625,-1.78515625,-1.2421875,-1.6484375,-1.1796875,-0.87890625,-1.0625,-1.15625,-1.20703125,-2.19140625,-1.5625,-1.953125,-1.7421875,-1.2265625,-1.39453125,-1.62109375,-1.3828125
2169.5,-0.53515625,-0.796875,-1.05078125,-0.3125,-0.26171875,-0.55078125,-0.40625,-0.4140625,-0.62890625,-0.98046875,-1.11328125,-0.37109375,-0.44921875,-0.42578125,-0.5703125,-0.5390625,-0.796875,-1.0,-1.4375,-0.7734375,-0.52734375,-0.5859375,-0.76953125,-0.8046875,-1.40234375,-1.4609375,-1.203125,-0.90234375,-0.8046875,-0.94140625,-1.15625,-1.09765625,-1.78515625,-1.2421875,-1.6484375,-1.1796875,-0.87890625,-1.0625,-1.15625,-1.20703125,-2.19140625,-1.5625,-1.953125,-1.7421875,-1.2265625,-1.39453125,-1.62109375,-1.3828125
2170.5,-0.53515625,-0.796875,-1.05078125,-0.3125,-0.26171875,-0.55078125,-0.40625,-0.4140625,-0.62890625,-0.98046875,-1.11328125,-0.37109375,-0.44921875,-0.42578125,-0.5703125,-0.5390625,-0.796875,-1.0,-1.4375,-0.7734375,-0.52734375,-0.5859375,-0.76953125,-0.8046875,-1.40234375,-1.4609375,-1.203125,-0.90234375,-0.8046875,-0.94140625,-1.15625,-1.09765625,-1.78515625,-1.2421875,-1.6484375,-1.1796875,-0.87890625,-1.0625,-1.15625,-1.20703125,-2.19140625,-1.5625,-1.953125,-1.7421875,-1.2265625,-1.39453125,-1.62109375,-1.3828125
2171.5,-0.53515625,-0.796875,-1.05078125,-0.3125,-0.26171875,-0.55078125,-0.40625,-0.4140625,-0.62890625,-0.98046875,-1.11328125,-0.37109375,-0.44921875,-0.42578125,-0.5703125,-0.5390625,-0.796875,-1.0,-1.4375,-0.7734375,-0.52734375,-0.5859375,-0.76953125,-0.8046875,-1.40234375,-1.4609375,-1.203125,-0.90234375,-0.8046875,-0.94140625,-1.15625,-1.09765625,-1.78515625,-1.2421875,-1.6484375,-1.1796875,-0.87890625,-1.0625,-1.15625,-1.20703125,-2.19140625,-1.5625,-1.953125,-1.7421875,-1.2265625,-1.39453125,-1.62109375,-1.3828125
2172.5,-0.53515625,-0.796875,-1.05078125,-0.3125,-0.26171875,-0.55078125,-0.40625,-0.4140625,-0.62890625,-0.98046875,-1.11328125,-0.37109375,-0.44921875,-0.42578125,-0.5703125,-0.5390625,-0.796875,-1.0,-1.4375,-0.7734375,-0.52734375,-0.5859375,-0.76953125,-0.8046875,-1.40234375,-1.4609375,-1.203125,-0.90234375,-0.8046875,-0.94140625,-1.15625,-1.09765625,-1.78515625,-1.2421875,-1.6484375,-1.1796875,-0.87890625,-1.0625,-1.15625,-1.20703125,-2.19140625,-1.5625,-1.953125,-1.7421875,-1.2265625,-1.39453125,-1.62109375,-1.3828125
2173.5,-0.53515625,-0.796875,-1.05078125,-0.3125,-0.26171875,-0.55078125,-0.40625,-0.4140625,-0.62890625,-0.98046875,-1.11328125,-0.37109375,-0.44921875,-0.42578125,-0.5703125,-0.5390625,-0.796875,-1.0,-1.4375,-0.7734375,-0.52734375,-0.5859375,-0.76953125,-0.8046875,-1.40234375,-1.4609375,-1.203125,-0.90234375,-0.8046875,-0.94140625,-1.15625,-1.09765625,-1.78515625,-1.2421875,-1.6484375,-1.1796875,-0.87890625,-1.0625,-1.15625,-1.20703125,-2.19140625,-1.5625,-1.953125,-1.7421875,-1.2265625,-1.39453125,-1.62109375,-1.3828125
2174.5,-0.53515625,-0.796875,-1.05078125,-0.3125,-0.26171875,-0.55078125,-0.40625,-0.4140625,-0.62890625,-0.98046875,-1.11328125,-0.37109375,-0.44921875,-0.42578125,-0.5703125,-0.5390625,-0.796875,-1.0,-1.4375,-0.7734375,-0.52734375,-0.5859375,-0.76953125,-0.8046875,-1.40234375,-1.4609375,-1.203125,-0.90234375,-0.8046875,-0.94140625,-1.15625,-1.09765625,-1.78515625,-1.2421875,-1.6484375,-1.1796875,-0.87890625,-1.0625,-1.15625,-1.20703125,-2.19140625,-1.5625,-1.953125,-1.7421875,-1.2265625,-1.39453125,-1.62109375,-1.3828125
2175.5,-0.53515625,-0.796875,-1.05078125,-0.3125,-0.26171875,-0.55078125,-0.40625,-0.4140625,-0.62890625,-0.98046875,-1.11328125,-0.37109375,-0.44921875,-0.42578125,-0.5703125,-0.5390625,-0.796875,-1.0,-1.4375,-0.7734375,-0.52734375,-0.5859375,-0.76953125,-0.8046875,-1.40234375,-1.4609375,-1.203125,-0.90234375,-0.8046875,-0.94140625,-1.15625,-1.09765625,-1.78515625,-1.2421875,-1.6484375,-1.1796875,-0.87890625,-1.0625,-1.15625,-1.20703125,-2.19140625,-1.5625,-1.953125,-1.7421875,-1.2265625,-1.39453125,-1.62109375,-1.3828125
2176.5,-0.53515625,-0.796875,-1.05078125,-0.3125,-0.26171875,-0.55078125,-0.40625,-0.4140625,-0.62890625,-0.98046875,-1.11328125,-0.37109375,-0.44921875,-0.42578125,-0.5703125,-0.5390625,-0.796875,-1.0,-1.4375,-0.7734375,-0.52734375,-0.5859375,-0.76953125,-0.8046875,-1.40234375,-1.4609375,-1.203125,-0.90234375,-0.8046875,-0.94140625,-1.15625,-1.09765625,-1.78515625,-1.2421875,-1.6484375,-1.1796875,-0.87890625,-1.0625,-1.15625,-1.20703125,-2.19140625,-1.5625,-1.953125,-1.7421875,-1.2265625,-1.39453125,-1.62109375,-1.3828125
2177.5,-0.53515625,-0.796875,-1.05078125,-0.3125,-0.26171875,-0.55078125,-0.40625,-0.4140625,-0.62890625,-0.98046875,-1.11328125,-0.37109375,-0.44921875,-0.42578125,-0.5703125,-0.5390625,-0.796875,-1.0,-1.4375,-0.7734375,-0.52734375,-0.5859375,-0.76953125,-0.8046875,-1.40234375,-1.4609375,-1.203125,-0.90234375,-0.8046875,-0.94140625,-1.15625,-1.09765625,-1.78515625,-1.2421875,-1.6484375,-1.1796875,-0.87890625,-1.0625,-1.15625,-1.20703125,-2.19140625,-1.5625,-1.953125,-1.7421875,-1.2265625,-1.39453125,-1.62109375,-1.3828125
2178.5,-0.53515625,-0.796875,-1.05078125,-0.3125,-0.26171875,-0.55078125,-0.40625,-0.4140625,-0.62890625,-0.98046875,-1.11328125,-0.37109375,-0.44921875,-0.42578125,-0.5703125,-0.5390625,-0.796875,-1.0,-1.4375,-0.7734375,-0.52734375,-0.5859375,-0.76953125,-0.8046875,-1.40234375,-1.4609375,-1.203125,-0.90234375,-0.8046875,-0.94140625,-1.15625,-1.09765625,-1.78515625,-1.2421875,-1.6484375,-1.1796875,-0.87890625,-1.0625,-1.15625,-1.20703125,-2.19140625,-1.5625,-1.953125,-1.7421875,-1.2265625,-1.39453125,-1.62109375,-1.3828125
2179.5,-0.53515625,-0.796875,-1.05078125,-0.3125,-0.26171875,-0.55078125,-0.40625,-0.4140625,-0.62890625,-0.98046875,-1.11328125,-0.37109375,-0.44921875,-0.42578125,-0.5703125,-0.5390625,-0.796875,-1.0,-1.4375,-0.7734375,-0.52734375,-0.5859375,-0.76953125,-0.8046875,-1.40234375,-1.4609375,-1.203125,-0.90234375,-0.8046875,-0.94140625,-1.15625,-1.09765625,-1.78515625,-1.2421875,-1.6484375,-1.1796875,-0.87890625,-1.0625,-1.15625,-1.20703125,-2.19140625,-1.5625,-1.953125,-1.7421875,-1.2265625,-1.39453125,-1.62109375,-1.3828125
2180.5,-0.53515625,-0.796875,-1.05078125,-0.3125,-0.26171875,-0.55078125,-0.40625,-0.4140625,-0.62890625,-0.98046875,-1.11328125,-0.37109375,-0.44921875,-0.42578125,-0.5703125,-0.5390625,-0.796875,-1.0,-1.4375,-0.7734375,-0.52734375,-0.5859375,-0.76953125,-0.8046875,-1.40234375,-1.4609375,-1.203125,-0.90234375,-0.8046875,-0.94140625,-1.15625,-1.09765625,-1.78515625,-1.2421875,-1.6484375,-1.1796875,-0.87890625,-1.0625,-1.15625,-1.20703125,-2.19140625,-1.5625,-1.953125,-1.7421875,-1.2265625,-1.39453125,-1.62109375,-1.3828125
2181.5,-0.53515625,-0.796875,-1.05078125,-0.3125,-0.26171875,-0.55078125,-0.40625,-0.4140625,-0.62890625,-0.98046875,-1.11328125,-0.37109375,-0.44921875,-0.42578125,-0.5703125,-0.5390625,-0.796875,-1.0,-1.4375,-0.7734375,-0.52734375,-0.5859375,-0.76953125,-0.8046875,-1.40234375,-1.4609375,-1.203125,-0.90234375,-0.8046875,-0.94140625,-1.15625,-1.09765625,-1.78515625,-1.2421875,-1.6484375,-1.1796875,-0.87890625,-1.0625,-1.15625,-1.20703125,-2.19140625,-1.5625,-1.953125,-1.7421875,-1.2265625,-1.39453125,-1.62109375,-1.3828125
2182.5,-0.53515625,-0.796875,-1.05078125,-0.3125,-0.26171875,-0.55078125,-0.40625,-0.4140625,-0.62890625,-0.98046875,-1.11328125,-0.37109375,-0.44921875,-0.42578125,-0.5703125,-0.5390625,-0.796875,-1.0,-1.4375,-0.7734375,-0.52734375,-0.5859375,-0.76953125,-0.8046875,-1.40234375,-1.4609375,-1.203125,-0.90234375,-0.8046875,-0.94140625,-1.15625,-1.09765625,-1.78515625,-1.2421875,-1.6484375,-1.1796875,-0.87890625,-1.0625,-1.15625,-1.20703125,-2.19140625,-1.5625,-1.953125,-1.7421875,-1.2265625,-1.39453125,-1.62109375,-1.3828125
2183.5,-0.53515625,-0.796875,-1.05078125,-0.3125,-0.26171875,-0.55078125,-0.40625,-0.4140625,-0.62890625,-0.98046875,-1.11328125,-0.37109375,-0.44921875,-0.42578125,-0.5703125,-0.5390625,-0.796875,-1.0,-1.4375,-0.7734375,-0.52734375,-0.5859375,-0.76953125,-0.8046875,-1.40234375,-1.4609375,-1.203125,-0.90234375,-0.8046875,-0.94140625,-1.15625,-1.09765625,-1.78515625,-1.2421875,-1.6484375,-1.1796875,-0.87890625,-1.0625,-1.15625,-1.20703125,-2.19140625,-1.5625,-1.953125,-1.7421875,-1.2265625,-1.39453125,-1.62109375,-1.3828125
2184.5,-0.53515625,-0.796875,-1.05078125,-0.3125,-0.26171875,-0.55078125,-0.40625,-0.4140625,-0.62890625,-0.98046875,-1.11328125,-0.37109375,-0.44921875,-0.42578125,-0.5703125,-0.5390625,-0.796875,-1.0,-1.4375,-0.7734375,-0.52734375,-0.5859375,-0.76953125,-0.8046875,-1.40234375,-1.4609375,-1.203125,-0.90234375,-0.8046875,-0.94140625,-1.15625,-1.09765625,-1.78515625,-1.2421875,-1.6484375,-1.1796875,-0.87890625,-1.0625,-1.15625,-1.20703125,-2.19140625,-1.5625,-1.953125,-1.7421875,-1.2265625,-1.39453125,-1.62109375,-1.3828125
2185.5,-0.53515625,-0.796875,-1.05078125,-0.3125,-0.26171875,-0.55078125,-0.40625,-0.4140625,-0.62890625,-0.98046875,-1.11328125,-0.37109375,-0.44921875,-0.42578125,-0.5703125,-0.5390625,-0.796875,-1.0,-1.4375,-0.7734375,-0.52734375,-0.5859375,-0.76953125,-0.8046875,-1.40234375,-1.4609375,-1.203125,-0.90234375,-0.8046875,-0.94140625,-1.15625,-1.09765625,-1.78515625,-1.2421875,-1.6484375,-1.1796875,-0.87890625,-1.0625,-1.15625,-1.20703125,-2.19140625,-1.5625,-1.953125,-1.7421875,-1.2265625,-1.39453125,-1.62109375,-1.3828125
2186.5,-0.53515625,-0.796875,-1.05078125,-0.3125,-0.26171875,-0.55078125,-0.40625,-0.4140625,-0.62890625,-0.98046875,-1.11328125,-0.37109375,-0.44921875,-0.42578125,-0.5703125,-0.5390625,-0.796875,-1.0,-1.4375,-0.7734375,-0.52734375,-0.5859375,-0.76953125,-0.8046875,-1.40234375,-1.4609375,-1.203125,-0.90234375,-0.8046875,-0.94140625,-1.15625,-1.09765625,-1.78515625,-1.2421875,-1.6484375,-1.1796875,-0.87890625,-1.0625,-1.15625,-1.20703125,-2.19140625,-1.5625,-1.953125,-1.7421875,-1.2265625,-1.39453125,-1.62109375,-1.3828125
2187.5,-0.53515625,-0.796875,-1.05078125,-0.3125,-0.26171875,-0.55078125,-0.40625,-0.4140625,-0.62890625,-0.98046875,-1.11328125,-0.37109375,-0.44921875,-0.42578125,-0.5703125,-0.5390625,-0.796875,-1.0,-1.4375,-0.7734375,-0.52734375,-0.5859375,-0.76953125,-0.8046875,-1.40234375,-1.4609375,-1.203125,-0.90234375,-0.8046875,-0.94140625,-1.15625,-1.09765625,-1.78515625,-1.2421875,-1.6484375,-1.1796875,-0.87890625,-1.0625,-1.15625,-1.20703125,-2.19140625,-1.5625,-1.953125,-1.7421875,-1.2265625,-1.39453125,-1.62109375,-1.3828125
2188.5,-0.53515625,-0.796875,-1.05078125,-0.3125,-0.26171875,-0.55078125,-0.40625,-0.4140625,-0.62890625,-0.98046875,-1.11328125,-0.37109375,-0.44921875,-0.42578125,-0.5703125,-0.5390625,-0.796875,-1.0,-1.4375,-0.7734375,-0.52734375,-0.5859375,-0.76953125,-0.8046875,-1.40234375,-1.4609375,-1.203125,-0.90234375,-0.8046875,-0.94140625,-1.15625,-1.09765625,-1.78515625,-1.2421875,-1.6484375,-1.1796875,-0.87890625,-1.0625,-1.15625,-1.20703125,-2.19140625,-1.5625,-1.953125,-1.7421875,-1.2265625,-1.39453125,-1.62109375,-1.3828125
2189.5,-0.53515625,-0.796875,-1.05078125,-0.3125,-0.26171875,-0.55078125,-0.40625,-0.4140625,-0.62890625,-0.98046875,-1.11328125,-0.37109375,-0.44921875,-0.42578125,-0.5703125,-0.5390625,-0.796875,-1.0,-1.4375,-0.7734375,-0.52734375,-0.5859375,-0.76953125,-0.8046875,-1.40234375,-1.4609375,-1.203125,-0.90234375,-0.8046875,-0.94140625,-1.15625,-1.09765625,-1.78515625,-1.2421875,-1.6484375,-1.1796875,-0.87890625,-1.0625,-1.15625,-1.20703125,-2.19140625,-1.5625,-1.953125,-1.7421875,-1.2265625,-1.39453125,-1.62109375,-1.3828125
2190.5,-0.53515625,-0.796875,-1.05078125,-0.3125,-0.26171875,-0.55078125,-0.40625,-0.4140625,-0.62890625,-0.98046875,-1.11328125,-0.37109375,-0.44921875,-0.42578125,-0.5703125,-0.5390625,-0.796875,-1.0,-1.4375,-0.7734375,-0.52734375,-0.5859375,-0.76953125,-0.8046875,-1.40234375,-1.4609375,-1.203125,-0.90234375,-0.8046875,-0.94140625,-1.15625,-1.09765625,-1.78515625,-1.2421875,-1.6484375,-1.1796875,-0.87890625,-1.0625,-1.15625,-1.20703125,-2.19140625,-1.5625,-1.953125,-1.7421875,-1.2265625,-1.39453125,-1.62109375,-1.3828125
2191.5,-0.53515625,-0.796875,-1.05078125,-0.3125,-0.26171875,-0.55078125,-0.40625,-0.4140625,-0.62890625,-0.98046875,-1.11328125,-0.37109375,-0.44921875,-0.42578125,-0.5703125,-0.5390625,-0.796875,-1.0,-1.4375,-0.7734375,-0.52734375,-0.5859375,-0.76953125,-0.8046875,-1.40234375,-1.4609375,-1.203125,-0.90234375,-0.8046875,-0.94140625,-1.15625,-1.09765625,-1.78515625,-1.2421875,-1.6484375,-1.1796875,-0.87890625,-1.0625,-1.15625,-1.20703125,-2.19140625,-1.5625,-1.953125,-1.7421875,-1.2265625,-1.39453125,-1.62109375,-1.3828125
2192.5,-0.53515625,-0.796875,-1.05078125,-0.3125,-0.26171875,-0.55078125,-0.40625,-0.4140625,-0.62890625,-0.98046875,-1.11328125,-0.37109375,-0.44921875,-0.42578125,-0.5703125,-0.5390625,-0.796875,-1.0,-1.4375,-0.7734375,-0.52734375,-0.5859375,-0.76953125,-0.8046875,-1.40234375,-1.4609375,-1.203125,-0.90234375,-0.8046875,-0.94140625,-1.15625,-1.09765625,-1.78515625,-1.2421875,-1.6484375,-1.1796875,-0.87890625,-1.0625,-1.15625,-1.20703125,-2.19140625,-1.5625,-1.953125,-1.7421875,-1.2265625,-1.39453125,-1.62109375,-1.3828125
2193.5,-0.53515625,-0.796875,-1.05078125,-0.3125,-0.26171875,-0.55078125,-0.40625,-0.4140625,-0.62890625,-0.98046875,-1.11328125,-0.37109375,-0.44921875,-0.42578125,-0.5703125,-0.5390625,-0.796875,-1.0,-1.4375,-0.7734375,-0.52734375,-0.5859375,-0.76953125,-0.8046875,-1.40234375,-1.4609375,-1.203125,-0.90234375,-0.8046875,-0.94140625,-1.15625,-1.09765625,-1.78515625,-1.2421875,-1.6484375,-1.1796875,-0.87890625,-1.0625,-1.15625,-1.20703125,-2.19140625,-1.5625,-1.953125,-1.7421875,-1.2265625,-1.39453125,-1.62109375,-1.3828125
2194.5,-0.53515625,-0.796875,-1.05078125,-0.3125,-0.26171875,-0.55078125,-0.40625,-0.4140625,-0.62890625,-0.98046875,-1.11328125,-0.37109375,-0.44921875,-0.42578125,-0.5703125,-0.5390625,-0.796875,-1.0,-1.4375,-0.7734375,-0.52734375,-0.5859375,-0.76953125,-0.8046875,-1.40234375,-1.4609375,-1.203125,-0.90234375,-0.8046875,-0.94140625,-1.15625,-1.09765625,-1.78515625,-1.2421875,-1.6484375,-1.1796875,-0.87890625,-1.0625,-1.15625,-1.20703125,-2.19140625,-1.5625,-1.953125,-1.7421875,-1.2265625,-1.39453125,-1.62109375,-1.3828125
2195.5,-0.53515625,-0.796875,-1.05078125,-0.3125,-0.26171875,-0.55078125,-0.40625,-0.4140625,-0.62890625,-0.98046875,-1.11328125,-0.37109375,-0.44921875,-0.42578125,-0.5703125,-0.5390625,-0.796875,-1.0,-1.4375,-0.7734375,-0.52734375,-0.5859375,-0.76953125,-0.8046875,-1.40234375,-1.4609375,-1.203125,-0.90234375,-0.8046875,-0.94140625,-1.15625,-1.09765625,-1.78515625,-1.2421875,-1.6484375,-1.1796875,-0.87890625,-1.0625,-1.15625,-1.20703125,-2.19140625,-1.5625,-1.953125,-1.7421875,-1.2265625,-1.39453125,-1.62109375,-1.3828125
2196.5,-0.53515625,-0.796875,-1.05078125,-0.3125,-0.26171875,-0.55078125,-0.40625,-0.4140625,-0.62890625,-0.98046875,-1.11328125,-0.37109375,-0.44921875,-0.42578125,-0.5703125,-0.5390625,-0.796875,-1.0,-1.4375,-0.7734375,-0.52734375,-0.5859375,-0.76953125,-0.8046875,-1.40234375,-1.4609375,-1.203125,-0.90234375,-0.8046875,-0.94140625,-1.15625,-1.09765625,-1.78515625,-1.2421875,-1.6484375,-1.1796875,-0.87890625,-1.0625,-1.15625,-1.20703125,-2.19140625,-1.5625,-1.953125,-1.7421875,-1.2265625,-1.39453125,-1.62109375,-1.3828125
2197.5,-0.53515625,-0.796875,-1.05078125,-0.3125,-0.26171875,-0.55078125,-0.40625,-0.4140625,-0.62890625,-0.98046875,-1.11328125,-0.37109375,-0.44921875,-0.42578125,-0.5703125,-0.5390625,-0.796875,-1.0,-1.4375,-0.7734375,-0.52734375,-0.5859375,-0.76953125,-0.8046875,-1.40234375,-1.4609375,-1.203125,-0.90234375,-0.8046875,-0.94140625,-1.15625,-1.09765625,-1.78515625,-1.2421875,-1.6484375,-1.1796875,-0.87890625,-1.0625,-1.15625,-1.20703125,-2.19140625,-1.5625,-1.953125,-1.7421875,-1.2265625,-1.39453125,-1.62109375,-1.3828125
2198.5,-0.53515625,-0.796875,-1.05078125,-0.3125,-0.26171875,-0.55078125,-0.40625,-0.4140625,-0.62890625,-0.98046875,-1.11328125,-0.37109375,-0.44921875,-0.42578125,-0.5703125,-0.5390625,-0.796875,-1.0,-1.4375,-0.7734375,-0.52734375,-0.5859375,-0.76953125,-0.8046875,-1.40234375,-1.4609375,-1.203125,-0.90234375,-0.8046875,-0.94140625,-1.15625,-1.09765625,-1.78515625,-1.2421875,-1.6484375,-1.1796875,-0.87890625,-1.0625,-1.15625,-1.20703125,-2.19140625,-1.5625,-1.953125,-1.7421875,-1.2265625,-1.39453125,-1.62109375,-1.3828125
2199.5,-0.53515625,-0.796875,-1.05078125,-0.3125,-0.26171875,-0.55078125,-0.40625,-0.4140625,-0.62890625,-0.98046875,-1.11328125,-0.37109375,-0.44921875,-0.42578125,-0.5703125,-0.5390625,-0.796875,-1.0,-1.4375,-0.7734375,-0.52734375,-0.5859375,-0.76953125,-0.8046875,-1.40234375,-1.4609375,-1.203125,-0.90234375,-0.8046875,-0.94140625,-1.15625,-1.09765625,-1.78515625,-1.2421875,-1.6484375,-1.1796875,-0.87890625,-1.0625,-1.15625,-1.20703125,-2.19140625,-1.5625,-1.953125,-1.7421875,-1.2265625,-1.39453125,-1.62109375,-1.3828125
2200.5,-0.53515625,-0.796875,-1.05078125,-0.3125,-0.26171875,-0.55078125,-0.40625,-0.4140625,-0.62890625,-0.98046875,-1.11328125,-0.37109375,-0.44921875,-0.42578125,-0.5703125,-0.5390625,-0.796875,-1.0,-1.4375,-0.7734375,-0.52734375,-0.5859375,-0.76953125,-0.8046875,-1.40234375,-1.4609375,-1.203125,-0.90234375,-0.8046875,-0.94140625,-1.15625,-1.09765625,-1.78515625,-1.2421875,-1.6484375,-1.1796875,-0.87890625,-1.0625,-1.15625,-1.20703125,-2.19140625,-1.5625,-1.953125,-1.7421875,-1.2265625,-1.39453125,-1.62109375,-1.3828125
2201.5,-0.53515625,-0.796875,-1.05078125,-0.3125,-0.26171875,-0.55078125,-0.40625,-0.4140625,-0.62890625,-0.98046875,-1.11328125,-0.37109375,-0.44921875,-0.42578125,-0.5703125,-0.5390625,-0.796875,-1.0,-1.4375,-0.7734375,-0.52734375,-0.5859375,-0.76953125,-0.8046875,-1.40234375,-1.4609375,-1.203125,-0.90234375,-0.8046875,-0.94140625,-1.15625,-1.09765625,-1.78515625,-1.2421875,-1.6484375,-1.1796875,-0.87890625,-1.0625,-1.15625,-1.20703125,-2.19140625,-1.5625,-1.953125,-1.7421875,-1.2265625,-1.39453125,-1.62109375,-1.3828125
2202.5,-0.53515625,-0.796875,-1.05078125,-0.3125,-0.26171875,-0.55078125,-0.40625,-0.4140625,-0.62890625,-0.98046875,-1.11328125,-0.37109375,-0.44921875,-0.42578125,-0.5703125,-0.5390625,-0.796875,-1.0,-1.4375,-0.7734375,-0.52734375,-0.5859375,-0.76953125,-0.8046875,-1.40234375,-1.4609375,-1.203125,-0.90234375,-0.8046875,-0.94140625,-1.15625,-1.09765625,-1.78515625,-1.2421875,-1.6484375,-1.1796875,-0.87890625,-1.0625,-1.15625,-1.20703125,-2.19140625,-1.5625,-1.953125,-1.7421875,-1.2265625,-1.39453125,-1.62109375,-1.3828125
2203.5,-0.53515625,-0.796875,-1.05078125,-0.3125,-0.26171875,-0.55078125,-0.40625,-0.4140625,-0.62890625,-0.98046875,-1.11328125,-0.37109375,-0.44921875,-0.42578125,-0.5703125,-0.5390625,-0.796875,-1.0,-1.4375,-0.7734375,-0.52734375,-0.5859375,-0.76953125,-0.8046875,-1.40234375,-1.4609375,-1.203125,-0.90234375,-0.8046875,-0.94140625,-1.15625,-1.09765625,-1.78515625,-1.2421875,-1.6484375,-1.1796875,-0.87890625,-1.0625,-1.15625,-1.20703125,-2.19140625,-1.5625,-1.953125,-1.7421875,-1.2265625,-1.39453125,-1.62109375,-1.3828125
2204.5,-0.53515625,-0.796875,-1.05078125,-0.3125,-0.26171875,-0.55078125,-0.40625,-0.4140625,-0.62890625,-0.98046875,-1.11328125,-0.37109375,-0.44921875,-0.42578125,-0.5703125,-0.5390625,-0.796875,-1.0,-1.4375,-0.7734375,-0.52734375,-0.5859375,-0.76953125,-0.8046875,-1.40234375,-1.4609375,-1.203125,-0.90234375,-0.8046875,-0.94140625,-1.15625,-1.09765625,-1.78515625,-1.2421875,-1.6484375,-1.1796875,-0.87890625,-1.0625,-1.15625,-1.20703125,-2.19140625,-1.5625,-1.953125,-1.7421875,-1.2265625,-1.39453125,-1.62109375,-1.3828125
2205.5,-0.53515625,-0.796875,-1.05078125,-0.3125,-0.26171875,-0.55078125,-0.40625,-0.4140625,-0.62890625,-0.98046875,-1.11328125,-0.37109375,-0.44921875,-0.42578125,-0.5703125,-0.5390625,-0.796875,-1.0,-1.4375,-0.7734375,-0.52734375,-0.5859375,-0.76953125,-0.8046875,-1.40234375,-1.4609375,-1.203125,-0.90234375,-0.8046875,-0.94140625,-1.15625,-1.09765625,-1.78515625,-1.2421875,-1.6484375,-1.1796875,-0.87890625,-1.0625,-1.15625,-1.20703125,-2.19140625,-1.5625,-1.953125,-1.7421875,-1.2265625,-1.39453125,-1.62109375,-1.3828125
2206.5,-0.53515625,-0.796875,-1.05078125,-0.3125,-0.26171875,-0.55078125,-0.40625,-0.4140625,-0.62890625,-0.98046875,-1.11328125,-0.37109375,-0.44921875,-0.42578125,-0.5703125,-0.5390625,-0.796875,-1.0,-1.4375,-0.7734375,-0.52734375,-0.5859375,-0.76953125,-0.8046875,-1.40234375,-1.4609375,-1.203125,-0.90234375,-0.8046875,-0.94140625,-1.15625,-1.09765625,-1.78515625,-1.2421875,-1.6484375,-1.1796875,-0.87890625,-1.0625,-1.15625,-1.20703125,-2.19140625,-1.5625,-1.953125,-1.7421875,-1.2265625,-1.39453125,-1.62109375,-1.3828125
2207.5,-0.53515625,-0.796875,-1.05078125,-0.3125,-0.26171875,-0.55078125,-0.40625,-0.4140625,-0.62890625,-0.98046875,-1.11328125,-0.37109375,-0.44921875,-0.42578125,-0.5703125,-0.5390625,-0.796875,-1.0,-1.4375,-0.7734375,-0.52734375,-0.5859375,-0.76953125,-0.8046875,-1.40234375,-1.4609375,-1.203125,-0.90234375,-0.8046875,-0.94140625,-1.15625,-1.09765625,-1.78515625,-1.2421875,-1.6484375,-1.1796875,-0.87890625,-1.0625,-1.15625,-1.20703125,-2.19140625,-1.5625,-1.953125,-1.7421875,-1.2265625,-1.39453125,-1.62109375,-1.3828125
2208.5,-0.53515625,-0.796875,-1.05078125,-0.3125,-0.26171875,-0.55078125,-0.40625,-0.4140625,-0.62890625,-0.98046875,-1.11328125,-0.37109375,-0.44921875,-0.42578125,-0.5703125,-0.5390625,-0.796875,-1.0,-1.4375,-0.7734375,-0.52734375,-0.5859375,-0.76953125,-0.8046875,-1.40234375,-1.4609375,-1.203125,-0.90234375,-0.8046875,-0.94140625,-1.15625,-1.09765625,-1.78515625,-1.2421875,-1.6484375,-1.1796875,-0.87890625,-1.0625,-1.15625,-1.20703125,-2.19140625,-1.5625,-1.953125,-1.7421875,-1.2265625,-1.39453125,-1.62109375,-1.3828125
2209.5,-0.53515625,-0.796875,-1.05078125,-0.3125,-0.26171875,-0.55078125,-0.40625,-0.4140625,-0.62890625,-0.98046875,-1.11328125,-0.37109375,-0.44921875,-0.42578125,-0.5703125,-0.5390625,-0.796875,-1.0,-1.4375,-0.7734375,-0.52734375,-0.5859375,-0.76953125,-0.8046875,-1.40234375,-1.4609375,-1.203125,-0.90234375,-0.8046875,-0.94140625,-1.15625,-1.09765625,-1.78515625,-1.2421875,-1.6484375,-1.1796875,-0.87890625,-1.0625,-1.15625,-1.20703125,-2.19140625,-1.5625,-1.953125,-1.7421875,-1.2265625,-1.39453125,-1.62109375,-1.3828125
2210.5,-0.53515625,-0.796875,-1.05078125,-0.3125,-0.26171875,-0.55078125,-0.40625,-0.4140625,-0.62890625,-0.98046875,-1.11328125,-0.37109375,-0.44921875,-0.42578125,-0.5703125,-0.5390625,-0.796875,-1.0,-1.4375,-0.7734375,-0.52734375,-0.5859375,-0.76953125,-0.8046875,-1.40234375,-1.4609375,-1.203125,-0.90234375,-0.8046875,-0.94140625,-1.15625,-1.09765625,-1.78515625,-1.2421875,-1.6484375,-1.1796875,-0.87890625,-1.0625,-1.15625,-1.20703125,-2.19140625,-1.5625,-1.953125,-1.7421875,-1.2265625,-1.39453125,-1.62109375,-1.3828125
2211.5,-0.53515625,-0.796875,-1.05078125,-0.3125,-0.26171875,-0.55078125,-0.40625,-0.4140625,-0.62890625,-0.98046875,-1.11328125,-0.37109375,-0.44921875,-0.42578125,-0.5703125,-0.5390625,-0.796875,-1.0,-1.4375,-0.7734375,-0.52734375,-0.5859375,-0.76953125,-0.8046875,-1.40234375,-1.4609375,-1.203125,-0.90234375,-0.8046875,-0.94140625,-1.15625,-1.09765625,-1.78515625,-1.2421875,-1.6484375,-1.1796875,-0.87890625,-1.0625,-1.15625,-1.20703125,-2.19140625,-1.5625,-1.953125,-1.7421875,-1.2265625,-1.39453125,-1.62109375,-1.3828125
2212.5,-0.53515625,-0.796875,-1.05078125,-0.3125,-0.26171875,-0.55078125,-0.40625,-0.4140625,-0.62890625,-0.98046875,-1.11328125,-0.37109375,-0.44921875,-0.42578125,-0.5703125,-0.5390625,-0.796875,-1.0,-1.4375,-0.7734375,-0.52734375,-0.5859375,-0.76953125,-0.8046875,-1.40234375,-1.4609375,-1.203125,-0.90234375,-0.8046875,-0.94140625,-1.15625,-1.09765625,-1.78515625,-1.2421875,-1.6484375,-1.1796875,-0.87890625,-1.0625,-1.15625,-1.20703125,-2.19140625,-1.5625,-1.953125,-1.7421875,-1.2265625,-1.39453125,-1.62109375,-1.3828125
2213.5,-0.53515625,-0.796875,-1.05078125,-0.3125,-0.26171875,-0.55078125,-0.40625,-0.4140625,-0.62890625,-0.98046875,-1.11328125,-0.37109375,-0.44921875,-0.42578125,-0.5703125,-0.5390625,-0.796875,-1.0,-1.4375,-0.7734375,-0.52734375,-0.5859375,-0.76953125,-0.8046875,-1.40234375,-1.4609375,-1.203125,-0.90234375,-0.8046875,-0.94140625,-1.15625,-1.09765625,-1.78515625,-1.2421875,-1.6484375,-1.1796875,-0.87890625,-1.0625,-1.15625,-1.20703125,-2.19140625,-1.5625,-1.953125,-1.7421875,-1.2265625,-1.39453125,-1.62109375,-1.3828125
2214.5,-0.53515625,-0.796875,-1.05078125,-0.3125,-0.26171875,-0.55078125,-0.40625,-0.4140625,-0.62890625,-0.98046875,-1.11328125,-0.37109375,-0.44921875,-0.42578125,-0.5703125,-0.5390625,-0.796875,-1.0,-1.4375,-0.7734375,-0.52734375,-0.5859375,-0.76953125,-0.8046875,-1.40234375,-1.4609375,-1.203125,-0.90234375,-0.8046875,-0.94140625,-1.15625,-1.09765625,-1.78515625,-1.2421875,-1.6484375,-1.1796875,-0.87890625,-1.0625,-1.15625,-1.20703125,-2.19140625,-1.5625,-1.953125,-1.7421875,-1.2265625,-1.39453125,-1.62109375,-1.3828125
2215.5,-0.53515625,-0.796875,-1.05078125,-0.3125,-0.26171875,-0.55078125,-0.40625,-0.4140625,-0.62890625,-0.98046875,-1.11328125,-0.37109375,-0.44921875,-0.42578125,-0.5703125,-0.5390625,-0.796875,-1.0,-1.4375,-0.7734375,-0.52734375,-0.5859375,-0.76953125,-0.8046875,-1.40234375,-1.4609375,-1.203125,-0.90234375,-0.8046875,-0.94140625,-1.15625,-1.09765625,-1.78515625,-1.2421875,-1.6484375,-1.1796875,-0.87890625,-1.0625,-1.15625,-1.20703125,-2.19140625,-1.5625,-1.953125,-1.7421875,-1.2265625,-1.39453125,-1.62109375,-1.3828125
2216.5,-0.53515625,-0.796875,-1.05078125,-0.3125,-0.26171875,-0.55078125,-0.40625,-0.4140625,-0.62890625,-0.98046875,-1.11328125,-0.37109375,-0.44921875,-0.42578125,-0.5703125,-0.5390625,-0.796875,-1.0,-1.4375,-0.7734375,-0.52734375,-0.5859375,-0.76953125,-0.8046875,-1.40234375,-1.4609375,-1.203125,-0.90234375,-0.8046875,-0.94140625,-1.15625,-1.09765625,-1.78515625,-1.2421875,-1.6484375,-1.1796875,-0.87890625,-1.0625,-1.15625,-1.20703125,-2.19140625,-1.5625,-1.953125,-1.7421875,-1.2265625,-1.39453125,-1.62109375,-1.3828125
2217.5,-0.53515625,-0.796875,-1.05078125,-0.3125,-0.26171875,-0.55078125,-0.40625,-0.4140625,-0.62890625,-0.98046875,-1.11328125,-0.37109375,-0.44921875,-0.42578125,-0.5703125,-0.5390625,-0.796875,-1.0,-1.4375,-0.7734375,-0.52734375,-0.5859375,-0.76953125,-0.8046875,-1.40234375,-1.4609375,-1.203125,-0.90234375,-0.8046875,-0.94140625,-1.15625,-1.09765625,-1.78515625,-1.2421875,-1.6484375,-1.1796875,-0.87890625,-1.0625,-1.15625,-1.20703125,-2.19140625,-1.5625,-1.953125,-1.7421875,-1.2265625,-1.39453125,-1.62109375,-1.3828125
2218.5,-0.53515625,-0.796875,-1.05078125,-0.3125,-0.26171875,-0.55078125,-0.40625,-0.4140625,-0.62890625,-0.98046875,-1.11328125,-0.37109375,-0.44921875,-0.42578125,-0.5703125,-0.5390625,-0.796875,-1.0,-1.4375,-0.7734375,-0.52734375,-0.5859375,-0.76953125,-0.8046875,-1.40234375,-1.4609375,-1.203125,-0.90234375,-0.8046875,-0.94140625,-1.15625,-1.09765625,-1.78515625,-1.2421875,-1.6484375,-1.1796875,-0.87890625,-1.0625,-1.15625,-1.20703125,-2.19140625,-1.5625,-1.953125,-1.7421875,-1.2265625,-1.39453125,-1.62109375,-1.3828125
2219.5,-0.53515625,-0.796875,-1.05078125,-0.3125,-0.26171875,-0.55078125,-0.40625,-0.4140625,-0.62890625,-0.98046875,-1.11328125,-0.37109375,-0.44921875,-0.42578125,-0.5703125,-0.5390625,-0.796875,-1.0,-1.4375,-0.7734375,-0.52734375,-0.5859375,-0.76953125,-0.8046875,-1.40234375,-1.4609375,-1.203125,-0.90234375,-0.8046875,-0.94140625,-1.15625,-1.09765625,-1.78515625,-1.2421875,-1.6484375,-1.1796875,-0.87890625,-1.0625,-1.15625,-1.20703125,-2.19140625,-1.5625,-1.953125,-1.7421875,-1.2265625,-1.39453125,-1.62109375,-1.3828125
2220.5,-0.53515625,-0.796875,-1.05078125,-0.3125,-0.26171875,-0.55078125,-0.40625,-0.4140625,-0.62890625,-0.98046875,-1.11328125,-0.37109375,-0.44921875,-0.42578125,-0.5703125,-0.5390625,-0.796875,-1.0,-1.4375,-0.7734375,-0.52734375,-0.5859375,-0.76953125,-0.8046875,-1.40234375,-1.4609375,-1.203125,-0.90234375,-0.8046875,-0.94140625,-1.15625,-1.09765625,-1.78515625,-1.2421875,-1.6484375,-1.1796875,-0.87890625,-1.0625,-1.15625,-1.20703125,-2.19140625,-1.5625,-1.953125,-1.7421875,-1.2265625,-1.39453125,-1.62109375,-1.3828125
2221.5,-0.53515625,-0.796875,-1.05078125,-0.3125,-0.26171875,-0.55078125,-0.40625,-0.4140625,-0.62890625,-0.98046875,-1.11328125,-0.37109375,-0.44921875,-0.42578125,-0.5703125,-0.5390625,-0.796875,-1.0,-1.4375,-0.7734375,-0.52734375,-0.5859375,-0.76953125,-0.8046875,-1.40234375,-1.4609375,-1.203125,-0.90234375,-0.8046875,-0.94140625,-1.15625,-1.09765625,-1.78515625,-1.2421875,-1.6484375,-1.1796875,-0.87890625,-1.0625,-1.15625,-1.20703125,-2.19140625,-1.5625,-1.953125,-1.7421875,-1.2265625,-1.39453125,-1.62109375,-1.3828125
2222.5,-0.53515625,-0.796875,-1.05078125,-0.3125,-0.26171875,-0.55078125,-0.40625,-0.4140625,-0.62890625,-0.98046875,-1.11328125,-0.37109375,-0.44921875,-0.42578125,-0.5703125,-0.5390625,-0.796875,-1.0,-1.4375,-0.7734375,-0.52734375,-0.5859375,-0.76953125,-0.8046875,-1.40234375,-1.4609375,-1.203125,-0.90234375,-0.8046875,-0.94140625,-1.15625,-1.09765625,-1.78515625,-1.2421875,-1.6484375,-1.1796875,-0.87890625,-1.0625,-1.15625,-1.20703125,-2.19140625,-1.5625,-1.953125,-1.7421875,-1.2265625,-1.39453125,-1.62109375,-1.3828125
2223.5,-0.53515625,-0.796875,-1.05078125,-0.3125,-0.26171875,-0.55078125,-0.40625,-0.4140625,-0.62890625,-0.98046875,-1.11328125,-0.37109375,-0.44921875,-0.42578125,-0.5703125,-0.5390625,-0.796875,-1.0,-1.4375,-0.7734375,-0.52734375,-0.5859375,-0.76953125,-0.8046875,-1.40234375,-1.4609375,-1.203125,-0.90234375,-0.8046875,-0.94140625,-1.15625,-1.09765625,-1.78515625,-1.2421875,-1.6484375,-1.1796875,-0.87890625,-1.0625,-1.15625,-1.20703125,-2.19140625,-1.5625,-1.953125,-1.7421875,-1.2265625,-1.39453125,-1.62109375,-1.3828125
2224.5,-0.53515625,-0.796875,-1.05078125,-0.3125,-0.26171875,-0.55078125,-0.40625,-0.4140625,-0.62890625,-0.98046875,-1.11328125,-0.37109375,-0.44921875,-0.42578125,-0.5703125,-0.5390625,-0.796875,-1.0,-1.4375,-0.7734375,-0.52734375,-0.5859375,-0.76953125,-0.8046875,-1.40234375,-1.4609375,-1.203125,-0.90234375,-0.8046875,-0.94140625,-1.15625,-1.09765625,-1.78515625,-1.2421875,-1.6484375,-1.1796875,-0.87890625,-1.0625,-1.15625,-1.20703125,-2.19140625,-1.5625,-1.953125,-1.7421875,-1.2265625,-1.39453125,-1.62109375,-1.3828125
2225.5,-0.53515625,-0.796875,-1.05078125,-0.3125,-0.26171875,-0.55078125,-0.40625,-0.4140625,-0.62890625,-0.98046875,-1.11328125,-0.37109375,-0.44921875,-0.42578125,-0.5703125,-0.5390625,-0.796875,-1.0,-1.4375,-0.7734375,-0.52734375,-0.5859375,-0.76953125,-0.8046875,-1.40234375,-1.4609375,-1.203125,-0.90234375,-0.8046875,-0.94140625,-1.15625,-1.09765625,-1.78515625,-1.2421875,-1.6484375,-1.1796875,-0.87890625,-1.0625,-1.15625,-1.20703125,-2.19140625,-1.5625,-1.953125,-1.7421875,-1.2265625,-1.39453125,-1.62109375,-1.3828125
2226.5,-0.53515625,-0.796875,-1.05078125,-0.3125,-0.26171875,-0.55078125,-0.40625,-0.4140625,-0.62890625,-0.98046875,-1.11328125,-0.37109375,-0.44921875,-0.42578125,-0.5703125,-0.5390625,-0.796875,-1.0,-1.4375,-0.7734375,-0.52734375,-0.5859375,-0.76953125,-0.8046875,-1.40234375,-1.4609375,-1.203125,-0.90234375,-0.8046875,-0.94140625,-1.15625,-1.09765625,-1.78515625,-1.2421875,-1.6484375,-1.1796875,-0.87890625,-1.0625,-1.15625,-1.20703125,-2.19140625,-1.5625,-1.953125,-1.7421875,-1.2265625,-1.39453125,-1.62109375,-1.3828125
2227.5,-0.53515625,-0.796875,-1.05078125,-0.3125,-0.26171875,-0.55078125,-0.40625,-0.4140625,-0.62890625,-0.98046875,-1.11328125,-0.37109375,-0.44921875,-0.42578125,-0.5703125,-0.5390625,-0.796875,-1.0,-1.4375,-0.7734375,-0.52734375,-0.5859375,-0.76953125,-0.8046875,-1.40234375,-1.4609375,-1.203125,-0.90234375,-0.8046875,-0.94140625,-1.15625,-1.09765625,-1.78515625,-1.2421875,-1.6484375,-1.1796875,-0.87890625,-1.0625,-1.15625,-1.20703125,-2.19140625,-1.5625,-1.953125,-1.7421875,-1.2265625,-1.39453125,-1.62109375,-1.3828125
2228.5,-0.53515625,-0.796875,-1.05078125,-0.3125,-0.26171875,-0.55078125,-0.40625,-0.4140625,-0.62890625,-0.98046875,-1.11328125,-0.37109375,-0.44921875,-0.42578125,-0.5703125,-0.5390625,-0.796875,-1.0,-1.4375,-0.7734375,-0.52734375,-0.5859375,-0.76953125,-0.8046875,-1.40234375,-1.4609375,-1.203125,-0.90234375,-0.8046875,-0.94140625,-1.15625,-1.09765625,-1.78515625,-1.2421875,-1.6484375,-1.1796875,-0.87890625,-1.0625,-1.15625,-1.20703125,-2.19140625,-1.5625,-1.953125,-1.7421875,-1.2265625,-1.39453125,-1.62109375,-1.3828125
2229.5,-0.53515625,-0.796875,-1.05078125,-0.3125,-0.26171875,-0.55078125,-0.40625,-0.4140625,-0.62890625,-0.98046875,-1.11328125,-0.37109375,-0.44921875,-0.42578125,-0.5703125,-0.5390625,-0.796875,-1.0,-1.4375,-0.7734375,-0.52734375,-0.5859375,-0.76953125,-0.8046875,-1.40234375,-1.4609375,-1.203125,-0.90234375,-0.8046875,-0.94140625,-1.15625,-1.09765625,-1.78515625,-1.2421875,-1.6484375,-1.1796875,-0.87890625,-1.0625,-1.15625,-1.20703125,-2.19140625,-1.5625,-1.953125,-1.7421875,-1.2265625,-1.39453125,-1.62109375,-1.3828125
2230.5,-0.53515625,-0.796875,-1.05078125,-0.3125,-0.26171875,-0.55078125,-0.40625,-0.4140625,-0.62890625,-0.98046875,-1.11328125,-0.37109375,-0.44921875,-0.42578125,-0.5703125,-0.5390625,-0.796875,-1.0,-1.4375,-0.7734375,-0.52734375,-0.5859375,-0.76953125,-0.8046875,-1.40234375,-1.4609375,-1.203125,-0.90234375,-0.8046875,-0.94140625,-1.15625,-1.09765625,-1.78515625,-1.2421875,-1.6484375,-1.1796875,-0.87890625,-1.0625,-1.15625,-1.20703125,-2.19140625,-1.5625,-1.953125,-1.7421875,-1.2265625,-1.39453125,-1.62109375,-1.3828125
2231.5,-0.53515625,-0.796875,-1.05078125,-0.3125,-0.26171875,-0.55078125,-0.40625,-0.4140625,-0.62890625,-0.98046875,-1.11328125,-0.37109375,-0.44921875,-0.42578125,-0.5703125,-0.5390625,-0.796875,-1.0,-1.4375,-0.7734375,-0.52734375,-0.5859375,-0.76953125,-0.8046875,-1.40234375,-1.4609375,-1.203125,-0.90234375,-0.8046875,-0.94140625,-1.15625,-1.09765625,-1.78515625,-1.2421875,-1.6484375,-1.1796875,-0.87890625,-1.0625,-1.15625,-1.20703125,-2.19140625,-1.5625,-1.953125,-1.7421875,-1.2265625,-1.39453125,-1.62109375,-1.3828125
2232.5,-0.53515625,-0.796875,-1.05078125,-0.3125,-0.26171875,-0.55078125,-0.40625,-0.4140625,-0.62890625,-0.98046875,-1.11328125,-0.37109375,-0.44921875,-0.42578125,-0.5703125,-0.5390625,-0.796875,-1.0,-1.4375,-0.7734375,-0.52734375,-0.5859375,-0.76953125,-0.8046875,-1.40234375,-1.4609375,-1.203125,-0.90234375,-0.8046875,-0.94140625,-1.15625,-1.09765625,-1.78515625,-1.2421875,-1.6484375,-1.1796875,-0.87890625,-1.0625,-1.15625,-1.20703125,-2.19140625,-1.5625,-1.953125,-1.7421875,-1.2265625,-1.39453125,-1.62109375,-1.3828125
2233.5,-0.53515625,-0.796875,-1.05078125,-0.3125,-0.26171875,-0.55078125,-0.40625,-0.4140625,-0.62890625,-0.98046875,-1.11328125,-0.37109375,-0.44921875,-0.42578125,-0.5703125,-0.5390625,-0.796875,-1.0,-1.4375,-0.7734375,-0.52734375,-0.5859375,-0.76953125,-0.8046875,-1.40234375,-1.4609375,-1.203125,-0.90234375,-0.8046875,-0.94140625,-1.15625,-1.09765625,-1.78515625,-1.2421875,-1.6484375,-1.1796875,-0.87890625,-1.0625,-1.15625,-1.20703125,-2.19140625,-1.5625,-1.953125,-1.7421875,-1.2265625,-1.39453125,-1.62109375,-1.3828125
2234.5,-0.53515625,-0.796875,-1.05078125,-0.3125,-0.26171875,-0.55078125,-0.40625,-0.4140625,-0.62890625,-0.98046875,-1.11328125,-0.37109375,-0.44921875,-0.42578125,-0.5703125,-0.5390625,-0.796875,-1.0,-1.4375,-0.7734375,-0.52734375,-0.5859375,-0.76953125,-0.8046875,-1.40234375,-1.4609375,-1.203125,-0.90234375,-0.8046875,-0.94140625,-1.15625,-1.09765625,-1.78515625,-1.2421875,-1.6484375,-1.1796875,-0.87890625,-1.0625,-1.15625,-1.20703125,-2.19140625,-1.5625,-1.953125,-1.7421875,-1.2265625,-1.39453125,-1.62109375,-1.3828125
2235.5,-0.53515625,-0.796875,-1.05078125,-0.3125,-0.26171875,-0.55078125,-0.40625,-0.4140625,-0.62890625,-0.98046875,-1.11328125,-0.37109375,-0.44921875,-0.42578125,-0.5703125,-0.5390625,-0.796875,-1.0,-1.4375,-0.7734375,-0.52734375,-0.5859375,-0.76953125,-0.8046875,-1.40234375,-1.4609375,-1.203125,-0.90234375,-0.8046875,-0.94140625,-1.15625,-1.09765625,-1.78515625,-1.2421875,-1.6484375,-1.1796875,-0.87890625,-1.0625,-1.15625,-1.20703125,-2.19140625,-1.5625,-1.953125,-1.7421875,-1.2265625,-1.39453125,-1.62109375,-1.3828125
2236.5,-0.53515625,-0.796875,-1.05078125,-0.3125,-0.26171875,-0.55078125,-0.40625,-0.4140625,-0.62890625,-0.98046875,-1.11328125,-0.37109375,-0.44921875,-0.42578125,-0.5703125,-0.5390625,-0.796875,-1.0,-1.4375,-0.7734375,-0.52734375,-0.5859375,-0.76953125,-0.8046875,-1.40234375,-1.4609375,-1.203125,-0.90234375,-0.8046875,-0.94140625,-1.15625,-1.09765625,-1.78515625,-1.2421875,-1.6484375,-1.1796875,-0.87890625,-1.0625,-1.15625,-1.20703125,-2.19140625,-1.5625,-1.953125,-1.7421875,-1.2265625,-1.39453125,-1.62109375,-1.3828125
2237.5,-0.53515625,-0.796875,-1.05078125,-0.3125,-0.26171875,-0.55078125,-0.40625,-0.4140625,-0.62890625,-0.98046875,-1.11328125,-0.37109375,-0.44921875,-0.42578125,-0.5703125,-0.5390625,-0.796875,-1.0,-1.4375,-0.7734375,-0.52734375,-0.5859375,-0.76953125,-0.8046875,-1.40234375,-1.4609375,-1.203125,-0.90234375,-0.8046875,-0.94140625,-1.15625,-1.09765625,-1.78515625,-1.2421875,-1.6484375,-1.1796875,-0.87890625,-1.0625,-1.15625,-1.20703125,-2.19140625,-1.5625,-1.953125,-1.7421875,-1.2265625,-1.39453125,-1.62109375,-1.3828125
2238.5,-0.53515625,-0.796875,-1.05078125,-0.3125,-0.26171875,-0.55078125,-0.40625,-0.4140625,-0.62890625,-0.98046875,-1.11328125,-0.37109375,-0.44921875,-0.42578125,-0.5703125,-0.5390625,-0.796875,-1.0,-1.4375,-0.7734375,-0.52734375,-0.5859375,-0.76953125,-0.8046875,-1.40234375,-1.4609375,-1.203125,-0.90234375,-0.8046875,-0.94140625,-1.15625,-1.09765625,-1.78515625,-1.2421875,-1.6484375,-1.1796875,-0.87890625,-1.0625,-1.15625,-1.20703125,-2.19140625,-1.5625,-1.953125,-1.7421875,-1.2265625,-1.39453125,-1.62109375,-1.3828125
2239.5,-0.53515625,-0.796875,-1.05078125,-0.3125,-0.26171875,-0.55078125,-0.40625,-0.4140625,-0.62890625,-0.98046875,-1.11328125,-0.37109375,-0.44921875,-0.42578125,-0.5703125,-0.5390625,-0.796875,-1.0,-1.4375,-0.7734375,-0.52734375,-0.5859375,-0.76953125,-0.8046875,-1.40234375,-1.4609375,-1.203125,-0.90234375,-0.8046875,-0.94140625,-1.15625,-1.09765625,-1.78515625,-1.2421875,-1.6484375,-1.1796875,-0.87890625,-1.0625,-1.15625,-1.20703125,-2.19140625,-1.5625,-1.953125,-1.7421875,-1.2265625,-1.39453125,-1.62109375,-1.3828125
2240.5,-0.53515625,-0.796875,-1.05078125,-0.3125,-0.26171875,-0.55078125,-0.40625,-0.4140625,-0.62890625,-0.98046875,-1.11328125,-0.37109375,-0.44921875,-0.42578125,-0.5703125,-0.5390625,-0.796875,-1.0,-1.4375,-0.7734375,-0.52734375,-0.5859375,-0.76953125,-0.8046875,-1.40234375,-1.4609375,-1.203125,-0.90234375,-0.8046875,-0.94140625,-1.15625,-1.09765625,-1.78515625,-1.2421875,-1.6484375,-1.1796875,-0.87890625,-1.0625,-1.15625,-1.20703125,-2.19140625,-1.5625,-1.953125,-1.7421875,-1.2265625,-1.39453125,-1.62109375,-1.3828125
2241.5,-0.53515625,-0.796875,-1.05078125,-0.3125,-0.26171875,-0.55078125,-0.40625,-0.4140625,-0.62890625,-0.98046875,-1.11328125,-0.37109375,-0.44921875,-0.42578125,-0.5703125,-0.5390625,-0.796875,-1.0,-1.4375,-0.7734375,-0.52734375,-0.5859375,-0.76953125,-0.8046875,-1.40234375,-1.4609375,-1.203125,-0.90234375,-0.8046875,-0.94140625,-1.15625,-1.09765625,-1.78515625,-1.2421875,-1.6484375,-1.1796875,-0.87890625,-1.0625,-1.15625,-1.20703125,-2.19140625,-1.5625,-1.953125,-1.7421875,-1.2265625,-1.39453125,-1.62109375,-1.3828125
2242.5,-0.53515625,-0.796875,-1.05078125,-0.3125,-0.26171875,-0.55078125,-0.40625,-0.4140625,-0.62890625,-0.98046875,-1.11328125,-0.37109375,-0.44921875,-0.42578125,-0.5703125,-0.5390625,-0.796875,-1.0,-1.4375,-0.7734375,-0.52734375,-0.5859375,-0.76953125,-0.8046875,-1.40234375,-1.4609375,-1.203125,-0.90234375,-0.8046875,-0.94140625,-1.15625,-1.09765625,-1.78515625,-1.2421875,-1.6484375,-1.1796875,-0.87890625,-1.0625,-1.15625,-1.20703125,-2.19140625,-1.5625,-1.953125,-1.7421875,-1.2265625,-1.39453125,-1.62109375,-1.3828125
2243.5,-0.53515625,-0.796875,-1.05078125,-0.3125,-0.26171875,-0.55078125,-0.40625,-0.4140625,-0.62890625,-0.98046875,-1.11328125,-0.37109375,-0.44921875,-0.42578125,-0.5703125,-0.5390625,-0.796875,-1.0,-1.4375,-0.7734375,-0.52734375,-0.5859375,-0.76953125,-0.8046875,-1.40234375,-1.4609375,-1.203125,-0.90234375,-0.8046875,-0.94140625,-1.15625,-1.09765625,-1.78515625,-1.2421875,-1.6484375,-1.1796875,-0.87890625,-1.0625,-1.15625,-1.20703125,-2.19140625,-1.5625,-1.953125,-1.7421875,-1.2265625,-1.39453125,-1.62109375,-1.3828125
2244.5,-0.53515625,-0.796875,-1.05078125,-0.3125,-0.26171875,-0.55078125,-0.40625,-0.4140625,-0.62890625,-0.98046875,-1.11328125,-0.37109375,-0.44921875,-0.42578125,-0.5703125,-0.5390625,-0.796875,-1.0,-1.4375,-0.7734375,-0.52734375,-0.5859375,-0.76953125,-0.8046875,-1.40234375,-1.4609375,-1.203125,-0.90234375,-0.8046875,-0.94140625,-1.15625,-1.09765625,-1.78515625,-1.2421875,-1.6484375,-1.1796875,-0.87890625,-1.0625,-1.15625,-1.20703125,-2.19140625,-1.5625,-1.953125,-1.7421875,-1.2265625,-1.39453125,-1.62109375,-1.3828125
2245.5,-0.53515625,-0.796875,-1.05078125,-0.3125,-0.26171875,-0.55078125,-0.40625,-0.4140625,-0.62890625,-0.98046875,-1.11328125,-0.37109375,-0.44921875,-0.42578125,-0.5703125,-0.5390625,-0.796875,-1.0,-1.4375,-0.7734375,-0.52734375,-0.5859375,-0.76953125,-0.8046875,-1.40234375,-1.4609375,-1.203125,-0.90234375,-0.8046875,-0.94140625,-1.15625,-1.09765625,-1.78515625,-1.2421875,-1.6484375,-1.1796875,-0.87890625,-1.0625,-1.15625,-1.20703125,-2.19140625,-1.5625,-1.953125,-1.7421875,-1.2265625,-1.39453125,-1.62109375,-1.3828125
2246.5,-0.53515625,-0.796875,-1.05078125,-0.3125,-0.26171875,-0.55078125,-0.40625,-0.4140625,-0.62890625,-0.98046875,-1.11328125,-0.37109375,-0.44921875,-0.42578125,-0.5703125,-0.5390625,-0.796875,-1.0,-1.4375,-0.7734375,-0.52734375,-0.5859375,-0.76953125,-0.8046875,-1.40234375,-1.4609375,-1.203125,-0.90234375,-0.8046875,-0.94140625,-1.15625,-1.09765625,-1.78515625,-1.2421875,-1.6484375,-1.1796875,-0.87890625,-1.0625,-1.15625,-1.20703125,-2.19140625,-1.5625,-1.953125,-1.7421875,-1.2265625,-1.39453125,-1.62109375,-1.3828125
2247.5,-0.53515625,-0.796875,-1.05078125,-0.3125,-0.26171875,-0.55078125,-0.40625,-0.4140625,-0.62890625,-0.98046875,-1.11328125,-0.37109375,-0.44921875,-0.42578125,-0.5703125,-0.5390625,-0.796875,-1.0,-1.4375,-0.7734375,-0.52734375,-0.5859375,-0.76953125,-0.8046875,-1.40234375,-1.4609375,-1.203125,-0.90234375,-0.8046875,-0.94140625,-1.15625,-1.09765625,-1.78515625,-1.2421875,-1.6484375,-1.1796875,-0.87890625,-1.0625,-1.15625,-1.20703125,-2.19140625,-1.5625,-1.953125,-1.7421875,-1.2265625,-1.39453125,-1.62109375,-1.3828125
2248.5,-0.53515625,-0.796875,-1.05078125,-0.3125,-0.26171875,-0.55078125,-0.40625,-0.4140625,-0.62890625,-0.98046875,-1.11328125,-0.37109375,-0.44921875,-0.42578125,-0.5703125,-0.5390625,-0.796875,-1.0,-1.4375,-0.7734375,-0.52734375,-0.5859375,-0.76953125,-0.8046875,-1.40234375,-1.4609375,-1.203125,-0.90234375,-0.8046875,-0.94140625,-1.15625,-1.09765625,-1.78515625,-1.2421875,-1.6484375,-1.1796875,-0.87890625,-1.0625,-1.15625,-1.20703125,-2.19140625,-1.5625,-1.953125,-1.7421875,-1.2265625,-1.39453125,-1.62109375,-1.3828125
2249.5,-0.53515625,-0.796875,-1.05078125,-0.3125,-0.26171875,-0.55078125,-0.40625,-0.4140625,-0.62890625,-0.98046875,-1.11328125,-0.37109375,-0.44921875,-0.42578125,-0.5703125,-0.5390625,-0.796875,-1.0,-1.4375,-0.7734375,-0.52734375,-0.5859375,-0.76953125,-0.8046875,-1.40234375,-1.4609375,-1.203125,-0.90234375,-0.8046875,-0.94140625,-1.15625,-1.09765625,-1.78515625,-1.2421875,-1.6484375,-1.1796875,-0.87890625,-1.0625,-1.15625,-1.20703125,-2.19140625,-1.5625,-1.953125,-1.7421875,-1.2265625,-1.39453125,-1.62109375,-1.3828125
2250.5,-0.53515625,-0.796875,-1.05078125,-0.3125,-0.26171875,-0.55078125,-0.40625,-0.4140625,-0.62890625,-0.98046875,-1.11328125,-0.37109375,-0.44921875,-0.42578125,-0.5703125,-0.5390625,-0.796875,-1.0,-1.4375,-0.7734375,-0.52734375,-0.5859375,-0.76953125,-0.8046875,-1.40234375,-1.4609375,-1.203125,-0.90234375,-0.8046875,-0.94140625,-1.15625,-1.09765625,-1.78515625,-1.2421875,-1.6484375,-1.1796875,-0.87890625,-1.0625,-1.15625,-1.20703125,-2.19140625,-1.5625,-1.953125,-1.7421875,-1.2265625,-1.39453125,-1.62109375,-1.3828125
2251.5,-0.53515625,-0.796875,-1.05078125,-0.3125,-0.26171875,-0.55078125,-0.40625,-0.4140625,-0.62890625,-0.98046875,-1.11328125,-0.37109375,-0.44921875,-0.42578125,-0.5703125,-0.5390625,-0.796875,-1.0,-1.4375,-0.7734375,-0.52734375,-0.5859375,-0.76953125,-0.8046875,-1.40234375,-1.4609375,-1.203125,-0.90234375,-0.8046875,-0.94140625,-1.15625,-1.09765625,-1.78515625,-1.2421875,-1.6484375,-1.1796875,-0.87890625,-1.0625,-1.15625,-1.20703125,-2.19140625,-1.5625,-1.953125,-1.7421875,-1.2265625,-1.39453125,-1.62109375,-1.3828125
2252.5,-0.53515625,-0.796875,-1.05078125,-0.3125,-0.26171875,-0.55078125,-0.40625,-0.4140625,-0.62890625,-0.98046875,-1.11328125,-0.37109375,-0.44921875,-0.42578125,-0.5703125,-0.5390625,-0.796875,-1.0,-1.4375,-0.7734375,-0.52734375,-0.5859375,-0.76953125,-0.8046875,-1.40234375,-1.4609375,-1.203125,-0.90234375,-0.8046875,-0.94140625,-1.15625,-1.09765625,-1.78515625,-1.2421875,-1.6484375,-1.1796875,-0.87890625,-1.0625,-1.15625,-1.20703125,-2.19140625,-1.5625,-1.953125,-1.7421875,-1.2265625,-1.39453125,-1.62109375,-1.3828125
2253.5,-0.53515625,-0.796875,-1.05078125,-0.3125,-0.26171875,-0.55078125,-0.40625,-0.4140625,-0.62890625,-0.98046875,-1.11328125,-0.37109375,-0.44921875,-0.42578125,-0.5703125,-0.5390625,-0.796875,-1.0,-1.4375,-0.7734375,-0.52734375,-0.5859375,-0.76953125,-0.8046875,-1.40234375,-1.4609375,-1.203125,-0.90234375,-0.8046875,-0.94140625,-1.15625,-1.09765625,-1.78515625,-1.2421875,-1.6484375,-1.1796875,-0.87890625,-1.0625,-1.15625,-1.20703125,-2.19140625,-1.5625,-1.953125,-1.7421875,-1.2265625,-1.39453125,-1.62109375,-1.3828125
2254.5,-0.53515625,-0.796875,-1.05078125,-0.3125,-0.26171875,-0.55078125,-0.40625,-0.4140625,-0.62890625,-0.98046875,-1.11328125,-0.37109375,-0.44921875,-0.42578125,-0.5703125,-0.5390625,-0.796875,-1.0,-1.4375,-0.7734375,-0.52734375,-0.5859375,-0.76953125,-0.8046875,-1.40234375,-1.4609375,-1.203125,-0.90234375,-0.8046875,-0.94140625,-1.15625,-1.09765625,-1.78515625,-1.2421875,-1.6484375,-1.1796875,-0.87890625,-1.0625,-1.15625,-1.20703125,-2.19140625,-1.5625,-1.953125,-1.7421875,-1.2265625,-1.39453125,-1.62109375,-1.3828125
2255.5,-0.53515625,-0.796875,-1.05078125,-0.3125,-0.26171875,-0.55078125,-0.40625,-0.4140625,-0.62890625,-0.98046875,-1.11328125,-0.37109375,-0.44921875,-0.42578125,-0.5703125,-0.5390625,-0.796875,-1.0,-1.4375,-0.7734375,-0.52734375,-0.5859375,-0.76953125,-0.8046875,-1.40234375,-1.4609375,-1.203125,-0.90234375,-0.8046875,-0.94140625,-1.15625,-1.09765625,-1.78515625,-1.2421875,-1.6484375,-1.1796875,-0.87890625,-1.0625,-1.15625,-1.20703125,-2.19140625,-1.5625,-1.953125,-1.7421875,-1.2265625,-1.39453125,-1.62109375,-1.3828125
2256.5,-0.53515625,-0.796875,-1.05078125,-0.3125,-0.26171875,-0.55078125,-0.40625,-0.4140625,-0.62890625,-0.98046875,-1.11328125,-0.37109375,-0.44921875,-0.42578125,-0.5703125,-0.5390625,-0.796875,-1.0,-1.4375,-0.7734375,-0.52734375,-0.5859375,-0.76953125,-0.8046875,-1.40234375,-1.4609375,-1.203125,-0.90234375,-0.8046875,-0.94140625,-1.15625,-1.09765625,-1.78515625,-1.2421875,-1.6484375,-1.1796875,-0.87890625,-1.0625,-1.15625,-1.20703125,-2.19140625,-1.5625,-1.953125,-1.7421875,-1.2265625,-1.39453125,-1.62109375,-1.3828125
2257.5,-0.53515625,-0.796875,-1.05078125,-0.3125,-0.26171875,-0.55078125,-0.40625,-0.4140625,-0.62890625,-0.98046875,-1.11328125,-0.37109375,-0.44921875,-0.42578125,-0.5703125,-0.5390625,-0.796875,-1.0,-1.4375,-0.7734375,-0.52734375,-0.5859375,-0.76953125,-0.8046875,-1.40234375,-1.4609375,-1.203125,-0.90234375,-0.8046875,-0.94140625,-1.15625,-1.09765625,-1.78515625,-1.2421875,-1.6484375,-1.1796875,-0.87890625,-1.0625,-1.15625,-1.20703125,-2.19140625,-1.5625,-1.953125,-1.7421875,-1.2265625,-1.39453125,-1.62109375,-1.3828125
2258.5,-0.53515625,-0.796875,-1.05078125,-0.3125,-0.26171875,-0.55078125,-0.40625,-0.4140625,-0.62890625,-0.98046875,-1.11328125,-0.37109375,-0.44921875,-0.42578125,-0.5703125,-0.5390625,-0.796875,-1.0,-1.4375,-0.7734375,-0.52734375,-0.5859375,-0.76953125,-0.8046875,-1.40234375,-1.4609375,-1.203125,-0.90234375,-0.8046875,-0.94140625,-1.15625,-1.09765625,-1.78515625,-1.2421875,-1.6484375,-1.1796875,-0.87890625,-1.0625,-1.15625,-1.20703125,-2.19140625,-1.5625,-1.953125,-1.7421875,-1.2265625,-1.39453125,-1.62109375,-1.3828125
2259.5,-0.53515625,-0.796875,-1.05078125,-0.3125,-0.26171875,-0.55078125,-0.40625,-0.4140625,-0.62890625,-0.98046875,-1.11328125,-0.37109375,-0.44921875,-0.42578125,-0.5703125,-0.5390625,-0.796875,-1.0,-1.4375,-0.7734375,-0.52734375,-0.5859375,-0.76953125,-0.8046875,-1.40234375,-1.4609375,-1.203125,-0.90234375,-0.8046875,-0.94140625,-1.15625,-1.09765625,-1.78515625,-1.2421875,-1.6484375,-1.1796875,-0.87890625,-1.0625,-1.15625,-1.20703125,-2.19140625,-1.5625,-1.953125,-1.7421875,-1.2265625,-1.39453125,-1.62109375,-1.3828125
2260.5,-0.53515625,-0.796875,-1.05078125,-0.3125,-0.26171875,-0.55078125,-0.40625,-0.4140625,-0.62890625,-0.98046875,-1.11328125,-0.37109375,-0.44921875,-0.42578125,-0.5703125,-0.5390625,-0.796875,-1.0,-1.4375,-0.7734375,-0.52734375,-0.5859375,-0.76953125,-0.8046875,-1.40234375,-1.4609375,-1.203125,-0.90234375,-0.8046875,-0.94140625,-1.15625,-1.09765625,-1.78515625,-1.2421875,-1.6484375,-1.1796875,-0.87890625,-1.0625,-1.15625,-1.20703125,-2.19140625,-1.5625,-1.953125,-1.7421875,-1.2265625,-1.39453125,-1.62109375,-1.3828125
2261.5,-0.53515625,-0.796875,-1.05078125,-0.3125,-0.26171875,-0.55078125,-0.40625,-0.4140625,-0.62890625,-0.98046875,-1.11328125,-0.37109375,-0.44921875,-0.42578125,-0.5703125,-0.5390625,-0.796875,-1.0,-1.4375,-0.7734375,-0.52734375,-0.5859375,-0.76953125,-0.8046875,-1.40234375,-1.4609375,-1.203125,-0.90234375,-0.8046875,-0.94140625,-1.15625,-1.09765625,-1.78515625,-1.2421875,-1.6484375,-1.1796875,-0.87890625,-1.0625,-1.15625,-1.20703125,-2.19140625,-1.5625,-1.953125,-1.7421875,-1.2265625,-1.39453125,-1.62109375,-1.3828125
2262.5,-0.53515625,-0.796875,-1.05078125,-0.3125,-0.26171875,-0.55078125,-0.40625,-0.4140625,-0.62890625,-0.98046875,-1.11328125,-0.37109375,-0.44921875,-0.42578125,-0.5703125,-0.5390625,-0.796875,-1.0,-1.4375,-0.7734375,-0.52734375,-0.5859375,-0.76953125,-0.8046875,-1.40234375,-1.4609375,-1.203125,-0.90234375,-0.8046875,-0.94140625,-1.15625,-1.09765625,-1.78515625,-1.2421875,-1.6484375,-1.1796875,-0.87890625,-1.0625,-1.15625,-1.20703125,-2.19140625,-1.5625,-1.953125,-1.7421875,-1.2265625,-1.39453125,-1.62109375,-1.3828125
2263.5,-0.53515625,-0.796875,-1.05078125,-0.3125,-0.26171875,-0.55078125,-0.40625,-0.4140625,-0.62890625,-0.98046875,-1.11328125,-0.37109375,-0.44921875,-0.42578125,-0.5703125,-0.5390625,-0.796875,-1.0,-1.4375,-0.7734375,-0.52734375,-0.5859375,-0.76953125,-0.8046875,-1.40234375,-1.4609375,-1.203125,-0.90234375,-0.8046875,-0.94140625,-1.15625,-1.09765625,-1.78515625,-1.2421875,-1.6484375,-1.1796875,-0.87890625,-1.0625,-1.15625,-1.20703125,-2.19140625,-1.5625,-1.953125,-1.7421875,-1.2265625,-1.39453125,-1.62109375,-1.3828125
2264.5,-0.53515625,-0.796875,-1.05078125,-0.3125,-0.26171875,-0.55078125,-0.40625,-0.4140625,-0.62890625,-0.98046875,-1.11328125,-0.37109375,-0.44921875,-0.42578125,-0.5703125,-0.5390625,-0.796875,-1.0,-1.4375,-0.7734375,-0.52734375,-0.5859375,-0.76953125,-0.8046875,-1.40234375,-1.4609375,-1.203125,-0.90234375,-0.8046875,-0.94140625,-1.15625,-1.09765625,-1.78515625,-1.2421875,-1.6484375,-1.1796875,-0.87890625,-1.0625,-1.15625,-1.20703125,-2.19140625,-1.5625,-1.953125,-1.7421875,-1.2265625,-1.39453125,-1.62109375,-1.3828125
2265.5,-0.53515625,-0.796875,-1.05078125,-0.3125,-0.26171875,-0.55078125,-0.40625,-0.4140625,-0.62890625,-0.98046875,-1.11328125,-0.37109375,-0.44921875,-0.42578125,-0.5703125,-0.5390625,-0.796875,-1.0,-1.4375,-0.7734375,-0.52734375,-0.5859375,-0.76953125,-0.8046875,-1.40234375,-1.4609375,-1.203125,-0.90234375,-0.8046875,-0.94140625,-1.15625,-1.09765625,-1.78515625,-1.2421875,-1.6484375,-1.1796875,-0.87890625,-1.0625,-1.15625,-1.20703125,-2.19140625,-1.5625,-1.953125,-1.7421875,-1.2265625,-1.39453125,-1.62109375,-1.3828125
2266.5,-0.53515625,-0.796875,-1.05078125,-0.3125,-0.26171875,-0.55078125,-0.40625,-0.4140625,-0.62890625,-0.98046875,-1.11328125,-0.37109375,-0.44921875,-0.42578125,-0.5703125,-0.5390625,-0.796875,-1.0,-1.4375,-0.7734375,-0.52734375,-0.5859375,-0.76953125,-0.8046875,-1.40234375,-1.4609375,-1.203125,-0.90234375,-0.8046875,-0.94140625,-1.15625,-1.09765625,-1.78515625,-1.2421875,-1.6484375,-1.1796875,-0.87890625,-1.0625,-1.15625,-1.20703125,-2.19140625,-1.5625,-1.953125,-1.7421875,-1.2265625,-1.39453125,-1.62109375,-1.3828125
2267.5,-0.53515625,-0.796875,-1.05078125,-0.3125,-0.26171875,-0.55078125,-0.40625,-0.4140625,-0.62890625,-0.98046875,-1.11328125,-0.37109375,-0.44921875,-0.42578125,-0.5703125,-0.5390625,-0.796875,-1.0,-1.4375,-0.7734375,-0.52734375,-0.5859375,-0.76953125,-0.8046875,-1.40234375,-1.4609375,-1.203125,-0.90234375,-0.8046875,-0.94140625,-1.15625,-1.09765625,-1.78515625,-1.2421875,-1.6484375,-1.1796875,-0.87890625,-1.0625,-1.15625,-1.20703125,-2.19140625,-1.5625,-1.953125,-1.7421875,-1.2265625,-1.39453125,-1.62109375,-1.3828125
2268.5,-0.53515625,-0.796875,-1.05078125,-0.3125,-0.26171875,-0.55078125,-0.40625,-0.4140625,-0.62890625,-0.98046875,-1.11328125,-0.37109375,-0.44921875,-0.42578125,-0.5703125,-0.5390625,-0.796875,-1.0,-1.4375,-0.7734375,-0.52734375,-0.5859375,-0.76953125,-0.8046875,-1.40234375,-1.4609375,-1.203125,-0.90234375,-0.8046875,-0.94140625,-1.15625,-1.09765625,-1.78515625,-1.2421875,-1.6484375,-1.1796875,-0.87890625,-1.0625,-1.15625,-1.20703125,-2.19140625,-1.5625,-1.953125,-1.7421875,-1.2265625,-1.39453125,-1.62109375,-1.3828125
2269.5,-0.53515625,-0.796875,-1.05078125,-0.3125,-0.26171875,-0.55078125,-0.40625,-0.4140625,-0.62890625,-0.98046875,-1.11328125,-0.37109375,-0.44921875,-0.42578125,-0.5703125,-0.5390625,-0.796875,-1.0,-1.4375,-0.7734375,-0.52734375,-0.5859375,-0.76953125,-0.8046875,-1.40234375,-1.4609375,-1.203125,-0.90234375,-0.8046875,-0.94140625,-1.15625,-1.09765625,-1.78515625,-1.2421875,-1.6484375,-1.1796875,-0.87890625,-1.0625,-1.15625,-1.20703125,-2.19140625,-1.5625,-1.953125,-1.7421875,-1.2265625,-1.39453125,-1.62109375,-1.3828125
2270.5,-0.53515625,-0.796875,-1.05078125,-0.3125,-0.26171875,-0.55078125,-0.40625,-0.4140625,-0.62890625,-0.98046875,-1.11328125,-0.37109375,-0.44921875,-0.42578125,-0.5703125,-0.5390625,-0.796875,-1.0,-1.4375,-0.7734375,-0.52734375,-0.5859375,-0.76953125,-0.8046875,-1.40234375,-1.4609375,-1.203125,-0.90234375,-0.8046875,-0.94140625,-1.15625,-1.09765625,-1.78515625,-1.2421875,-1.6484375,-1.1796875,-0.87890625,-1.0625,-1.15625,-1.20703125,-2.19140625,-1.5625,-1.953125,-1.7421875,-1.2265625,-1.39453125,-1.62109375,-1.3828125
2271.5,-0.53515625,-0.796875,-1.05078125,-0.3125,-0.26171875,-0.55078125,-0.40625,-0.4140625,-0.62890625,-0.98046875,-1.11328125,-0.37109375,-0.44921875,-0.42578125,-0.5703125,-0.5390625,-0.796875,-1.0,-1.4375,-0.7734375,-0.52734375,-0.5859375,-0.76953125,-0.8046875,-1.40234375,-1.4609375,-1.203125,-0.90234375,-0.8046875,-0.94140625,-1.15625,-1.09765625,-1.78515625,-1.2421875,-1.6484375,-1.1796875,-0.87890625,-1.0625,-1.15625,-1.20703125,-2.19140625,-1.5625,-1.953125,-1.7421875,-1.2265625,-1.39453125,-1.62109375,-1.3828125
2272.5,-0.53515625,-0.796875,-1.05078125,-0.3125,-0.26171875,-0.55078125,-0.40625,-0.4140625,-0.62890625,-0.98046875,-1.11328125,-0.37109375,-0.44921875,-0.42578125,-0.5703125,-0.5390625,-0.796875,-1.0,-1.4375,-0.7734375,-0.52734375,-0.5859375,-0.76953125,-0.8046875,-1.40234375,-1.4609375,-1.203125,-0.90234375,-0.8046875,-0.94140625,-1.15625,-1.09765625,-1.78515625,-1.2421875,-1.6484375,-1.1796875,-0.87890625,-1.0625,-1.15625,-1.20703125,-2.19140625,-1.5625,-1.953125,-1.7421875,-1.2265625,-1.39453125,-1.62109375,-1.3828125
2273.5,-0.53515625,-0.796875,-1.05078125,-0.3125,-0.26171875,-0.55078125,-0.40625,-0.4140625,-0.62890625,-0.98046875,-1.11328125,-0.37109375,-0.44921875,-0.42578125,-0.5703125,-0.5390625,-0.796875,-1.0,-1.4375,-0.7734375,-0.52734375,-0.5859375,-0.76953125,-0.8046875,-1.40234375,-1.4609375,-1.203125,-0.90234375,-0.8046875,-0.94140625,-1.15625,-1.09765625,-1.78515625,-1.2421875,-1.6484375,-1.1796875,-0.87890625,-1.0625,-1.15625,-1.20703125,-2.19140625,-1.5625,-1.953125,-1.7421875,-1.2265625,-1.39453125,-1.62109375,-1.3828125
2274.5,-0.53515625,-0.796875,-1.05078125,-0.3125,-0.26171875,-0.55078125,-0.40625,-0.4140625,-0.62890625,-0.98046875,-1.11328125,-0.37109375,-0.44921875,-0.42578125,-0.5703125,-0.5390625,-0.796875,-1.0,-1.4375,-0.7734375,-0.52734375,-0.5859375,-0.76953125,-0.8046875,-1.40234375,-1.4609375,-1.203125,-0.90234375,-0.8046875,-0.94140625,-1.15625,-1.09765625,-1.78515625,-1.2421875,-1.6484375,-1.1796875,-0.87890625,-1.0625,-1.15625,-1.20703125,-2.19140625,-1.5625,-1.953125,-1.7421875,-1.2265625,-1.39453125,-1.62109375,-1.3828125
2275.5,-0.53515625,-0.796875,-1.05078125,-0.3125,-0.26171875,-0.55078125,-0.40625,-0.4140625,-0.62890625,-0.98046875,-1.11328125,-0.37109375,-0.44921875,-0.42578125,-0.5703125,-0.5390625,-0.796875,-1.0,-1.4375,-0.7734375,-0.52734375,-0.5859375,-0.76953125,-0.8046875,-1.40234375,-1.4609375,-1.203125,-0.90234375,-0.8046875,-0.94140625,-1.15625,-1.09765625,-1.78515625,-1.2421875,-1.6484375,-1.1796875,-0.87890625,-1.0625,-1.15625,-1.20703125,-2.19140625,-1.5625,-1.953125,-1.7421875,-1.2265625,-1.39453125,-1.62109375,-1.3828125
2276.5,-0.53515625,-0.796875,-1.05078125,-0.3125,-0.26171875,-0.55078125,-0.40625,-0.4140625,-0.62890625,-0.98046875,-1.11328125,-0.37109375,-0.44921875,-0.42578125,-0.5703125,-0.5390625,-0.796875,-1.0,-1.4375,-0.7734375,-0.52734375,-0.5859375,-0.76953125,-0.8046875,-1.40234375,-1.4609375,-1.203125,-0.90234375,-0.8046875,-0.94140625,-1.15625,-1.09765625,-1.78515625,-1.2421875,-1.6484375,-1.1796875,-0.87890625,-1.0625,-1.15625,-1.20703125,-2.19140625,-1.5625,-1.953125,-1.7421875,-1.2265625,-1.39453125,-1.62109375,-1.3828125
2277.5,-0.53515625,-0.796875,-1.05078125,-0.3125,-0.26171875,-0.55078125,-0.40625,-0.4140625,-0.62890625,-0.98046875,-1.11328125,-0.37109375,-0.44921875,-0.42578125,-0.5703125,-0.5390625,-0.796875,-1.0,-1.4375,-0.7734375,-0.52734375,-0.5859375,-0.76953125,-0.8046875,-1.40234375,-1.4609375,-1.203125,-0.90234375,-0.8046875,-0.94140625,-1.15625,-1.09765625,-1.78515625,-1.2421875,-1.6484375,-1.1796875,-0.87890625,-1.0625,-1.15625,-1.20703125,-2.19140625,-1.5625,-1.953125,-1.7421875,-1.2265625,-1.39453125,-1.62109375,-1.3828125
2278.5,-0.53515625,-0.796875,-1.05078125,-0.3125,-0.26171875,-0.55078125,-0.40625,-0.4140625,-0.62890625,-0.98046875,-1.11328125,-0.37109375,-0.44921875,-0.42578125,-0.5703125,-0.5390625,-0.796875,-1.0,-1.4375,-0.7734375,-0.52734375,-0.5859375,-0.76953125,-0.8046875,-1.40234375,-1.4609375,-1.203125,-0.90234375,-0.8046875,-0.94140625,-1.15625,-1.09765625,-1.78515625,-1.2421875,-1.6484375,-1.1796875,-0.87890625,-1.0625,-1.15625,-1.20703125,-2.19140625,-1.5625,-1.953125,-1.7421875,-1.2265625,-1.39453125,-1.62109375,-1.3828125
2279.5,-0.53515625,-0.796875,-1.05078125,-0.3125,-0.26171875,-0.55078125,-0.40625,-0.4140625,-0.62890625,-0.98046875,-1.11328125,-0.37109375,-0.44921875,-0.42578125,-0.5703125,-0.5390625,-0.796875,-1.0,-1.4375,-0.7734375,-0.52734375,-0.5859375,-0.76953125,-0.8046875,-1.40234375,-1.4609375,-1.203125,-0.90234375,-0.8046875,-0.94140625,-1.15625,-1.09765625,-1.78515625,-1.2421875,-1.6484375,-1.1796875,-0.87890625,-1.0625,-1.15625,-1.20703125,-2.19140625,-1.5625,-1.953125,-1.7421875,-1.2265625,-1.39453125,-1.62109375,-1.3828125
2280.5,-0.53515625,-0.796875,-1.05078125,-0.3125,-0.26171875,-0.55078125,-0.40625,-0.4140625,-0.62890625,-0.98046875,-1.11328125,-0.37109375,-0.44921875,-0.42578125,-0.5703125,-0.5390625,-0.796875,-1.0,-1.4375,-0.7734375,-0.52734375,-0.5859375,-0.76953125,-0.8046875,-1.40234375,-1.4609375,-1.203125,-0.90234375,-0.8046875,-0.94140625,-1.15625,-1.09765625,-1.78515625,-1.2421875,-1.6484375,-1.1796875,-0.87890625,-1.0625,-1.15625,-1.20703125,-2.19140625,-1.5625,-1.953125,-1.7421875,-1.2265625,-1.39453125,-1.62109375,-1.3828125
2281.5,-0.53515625,-0.796875,-1.05078125,-0.3125,-0.26171875,-0.55078125,-0.40625,-0.4140625,-0.62890625,-0.98046875,-1.11328125,-0.37109375,-0.44921875,-0.42578125,-0.5703125,-0.5390625,-0.796875,-1.0,-1.4375,-0.7734375,-0.52734375,-0.5859375,-0.76953125,-0.8046875,-1.40234375,-1.4609375,-1.203125,-0.90234375,-0.8046875,-0.94140625,-1.15625,-1.09765625,-1.78515625,-1.2421875,-1.6484375,-1.1796875,-0.87890625,-1.0625,-1.15625,-1.20703125,-2.19140625,-1.5625,-1.953125,-1.7421875,-1.2265625,-1.39453125,-1.62109375,-1.3828125
2282.5,-0.53515625,-0.796875,-1.05078125,-0.3125,-0.26171875,-0.55078125,-0.40625,-0.4140625,-0.62890625,-0.98046875,-1.11328125,-0.37109375,-0.44921875,-0.42578125,-0.5703125,-0.5390625,-0.796875,-1.0,-1.4375,-0.7734375,-0.52734375,-0.5859375,-0.76953125,-0.8046875,-1.40234375,-1.4609375,-1.203125,-0.90234375,-0.8046875,-0.94140625,-1.15625,-1.09765625,-1.78515625,-1.2421875,-1.6484375,-1.1796875,-0.87890625,-1.0625,-1.15625,-1.20703125,-2.19140625,-1.5625,-1.953125,-1.7421875,-1.2265625,-1.39453125,-1.62109375,-1.3828125
2283.5,-0.53515625,-0.796875,-1.05078125,-0.3125,-0.26171875,-0.55078125,-0.40625,-0.4140625,-0.62890625,-0.98046875,-1.11328125,-0.37109375,-0.44921875,-0.42578125,-0.5703125,-0.5390625,-0.796875,-1.0,-1.4375,-0.7734375,-0.52734375,-0.5859375,-0.76953125,-0.8046875,-1.40234375,-1.4609375,-1.203125,-0.90234375,-0.8046875,-0.94140625,-1.15625,-1.09765625,-1.78515625,-1.2421875,-1.6484375,-1.1796875,-0.87890625,-1.0625,-1.15625,-1.20703125,-2.19140625,-1.5625,-1.953125,-1.7421875,-1.2265625,-1.39453125,-1.62109375,-1.3828125
2284.5,-0.53515625,-0.796875,-1.05078125,-0.3125,-0.26171875,-0.55078125,-0.40625,-0.4140625,-0.62890625,-0.98046875,-1.11328125,-0.37109375,-0.44921875,-0.42578125,-0.5703125,-0.5390625,-0.796875,-1.0,-1.4375,-0.7734375,-0.52734375,-0.5859375,-0.76953125,-0.8046875,-1.40234375,-1.4609375,-1.203125,-0.90234375,-0.8046875,-0.94140625,-1.15625,-1.09765625,-1.78515625,-1.2421875,-1.6484375,-1.1796875,-0.87890625,-1.0625,-1.15625,-1.20703125,-2.19140625,-1.5625,-1.953125,-1.7421875,-1.2265625,-1.39453125,-1.62109375,-1.3828125
2285.5,-0.53515625,-0.796875,-1.05078125,-0.3125,-0.26171875,-0.55078125,-0.40625,-0.4140625,-0.62890625,-0.98046875,-1.11328125,-0.37109375,-0.44921875,-0.42578125,-0.5703125,-0.5390625,-0.796875,-1.0,-1.4375,-0.7734375,-0.52734375,-0.5859375,-0.76953125,-0.8046875,-1.40234375,-1.4609375,-1.203125,-0.90234375,-0.8046875,-0.94140625,-1.15625,-1.09765625,-1.78515625,-1.2421875,-1.6484375,-1.1796875,-0.87890625,-1.0625,-1.15625,-1.20703125,-2.19140625,-1.5625,-1.953125,-1.7421875,-1.2265625,-1.39453125,-1.62109375,-1.3828125
2286.5,-0.53515625,-0.796875,-1.05078125,-0.3125,-0.26171875,-0.55078125,-0.40625,-0.4140625,-0.62890625,-0.98046875,-1.11328125,-0.37109375,-0.44921875,-0.42578125,-0.5703125,-0.5390625,-0.796875,-1.0,-1.4375,-0.7734375,-0.52734375,-0.5859375,-0.76953125,-0.8046875,-1.40234375,-1.4609375,-1.203125,-0.90234375,-0.8046875,-0.94140625,-1.15625,-1.09765625,-1.78515625,-1.2421875,-1.6484375,-1.1796875,-0.87890625,-1.0625,-1.15625,-1.20703125,-2.19140625,-1.5625,-1.953125,-1.7421875,-1.2265625,-1.39453125,-1.62109375,-1.3828125
2287.5,-0.53515625,-0.796875,-1.05078125,-0.3125,-0.26171875,-0.55078125,-0.40625,-0.4140625,-0.62890625,-0.98046875,-1.11328125,-0.37109375,-0.44921875,-0.42578125,-0.5703125,-0.5390625,-0.796875,-1.0,-1.4375,-0.7734375,-0.52734375,-0.5859375,-0.76953125,-0.8046875,-1.40234375,-1.4609375,-1.203125,-0.90234375,-0.8046875,-0.94140625,-1.15625,-1.09765625,-1.78515625,-1.2421875,-1.6484375,-1.1796875,-0.87890625,-1.0625,-1.15625,-1.20703125,-2.19140625,-1.5625,-1.953125,-1.7421875,-1.2265625,-1.39453125,-1.62109375,-1.3828125
2288.5,-0.53515625,-0.796875,-1.05078125,-0.3125,-0.26171875,-0.55078125,-0.40625,-0.4140625,-0.62890625,-0.98046875,-1.11328125,-0.37109375,-0.44921875,-0.42578125,-0.5703125,-0.5390625,-0.796875,-1.0,-1.4375,-0.7734375,-0.52734375,-0.5859375,-0.76953125,-0.8046875,-1.40234375,-1.4609375,-1.203125,-0.90234375,-0.8046875,-0.94140625,-1.15625,-1.09765625,-1.78515625,-1.2421875,-1.6484375,-1.1796875,-0.87890625,-1.0625,-1.15625,-1.20703125,-2.19140625,-1.5625,-1.953125,-1.7421875,-1.2265625,-1.39453125,-1.62109375,-1.3828125
2289.5,-0.53515625,-0.796875,-1.05078125,-0.3125,-0.26171875,-0.55078125,-0.40625,-0.4140625,-0.62890625,-0.98046875,-1.11328125,-0.37109375,-0.44921875,-0.42578125,-0.5703125,-0.5390625,-0.796875,-1.0,-1.4375,-0.7734375,-0.52734375,-0.5859375,-0.76953125,-0.8046875,-1.40234375,-1.4609375,-1.203125,-0.90234375,-0.8046875,-0.94140625,-1.15625,-1.09765625,-1.78515625,-1.2421875,-1.6484375,-1.1796875,-0.87890625,-1.0625,-1.15625,-1.20703125,-2.19140625,-1.5625,-1.953125,-1.7421875,-1.2265625,-1.39453125,-1.62109375,-1.3828125
2290.5,-0.53515625,-0.796875,-1.05078125,-0.3125,-0.26171875,-0.55078125,-0.40625,-0.4140625,-0.62890625,-0.98046875,-1.11328125,-0.37109375,-0.44921875,-0.42578125,-0.5703125,-0.5390625,-0.796875,-1.0,-1.4375,-0.7734375,-0.52734375,-0.5859375,-0.76953125,-0.8046875,-1.40234375,-1.4609375,-1.203125,-0.90234375,-0.8046875,-0.94140625,-1.15625,-1.09765625,-1.78515625,-1.2421875,-1.6484375,-1.1796875,-0.87890625,-1.0625,-1.15625,-1.20703125,-2.19140625,-1.5625,-1.953125,-1.7421875,-1.2265625,-1.39453125,-1.62109375,-1.3828125
2291.5,-0.53515625,-0.796875,-1.05078125,-0.3125,-0.26171875,-0.55078125,-0.40625,-0.4140625,-0.62890625,-0.98046875,-1.11328125,-0.37109375,-0.44921875,-0.42578125,-0.5703125,-0.5390625,-0.796875,-1.0,-1.4375,-0.7734375,-0.52734375,-0.5859375,-0.76953125,-0.8046875,-1.40234375,-1.4609375,-1.203125,-0.90234375,-0.8046875,-0.94140625,-1.15625,-1.09765625,-1.78515625,-1.2421875,-1.6484375,-1.1796875,-0.87890625,-1.0625,-1.15625,-1.20703125,-2.19140625,-1.5625,-1.953125,-1.7421875,-1.2265625,-1.39453125,-1.62109375,-1.3828125
2292.5,-0.53515625,-0.796875,-1.05078125,-0.3125,-0.26171875,-0.55078125,-0.40625,-0.4140625,-0.62890625,-0.98046875,-1.11328125,-0.37109375,-0.44921875,-0.42578125,-0.5703125,-0.5390625,-0.796875,-1.0,-1.4375,-0.7734375,-0.52734375,-0.5859375,-0.76953125,-0.8046875,-1.40234375,-1.4609375,-1.203125,-0.90234375,-0.8046875,-0.94140625,-1.15625,-1.09765625,-1.78515625,-1.2421875,-1.6484375,-1.1796875,-0.87890625,-1.0625,-1.15625,-1.20703125,-2.19140625,-1.5625,-1.953125,-1.7421875,-1.2265625,-1.39453125,-1.62109375,-1.3828125
2293.5,-0.53515625,-0.796875,-1.05078125,-0.3125,-0.26171875,-0.55078125,-0.40625,-0.4140625,-0.62890625,-0.98046875,-1.11328125,-0.37109375,-0.44921875,-0.42578125,-0.5703125,-0.5390625,-0.796875,-1.0,-1.4375,-0.7734375,-0.52734375,-0.5859375,-0.76953125,-0.8046875,-1.40234375,-1.4609375,-1.203125,-0.90234375,-0.8046875,-0.94140625,-1.15625,-1.09765625,-1.78515625,-1.2421875,-1.6484375,-1.1796875,-0.87890625,-1.0625,-1.15625,-1.20703125,-2.19140625,-1.5625,-1.953125,-1.7421875,-1.2265625,-1.39453125,-1.62109375,-1.3828125
2294.5,-0.53515625,-0.796875,-1.05078125,-0.3125,-0.26171875,-0.55078125,-0.40625,-0.4140625,-0.62890625,-0.98046875,-1.11328125,-0.37109375,-0.44921875,-0.42578125,-0.5703125,-0.5390625,-0.796875,-1.0,-1.4375,-0.7734375,-0.52734375,-0.5859375,-0.76953125,-0.8046875,-1.40234375,-1.4609375,-1.203125,-0.90234375,-0.8046875,-0.94140625,-1.15625,-1.09765625,-1.78515625,-1.2421875,-1.6484375,-1.1796875,-0.87890625,-1.0625,-1.15625,-1.20703125,-2.19140625,-1.5625,-1.953125,-1.7421875,-1.2265625,-1.39453125,-1.62109375,-1.3828125
2295.5,-0.53515625,-0.796875,-1.05078125,-0.3125,-0.26171875,-0.55078125,-0.40625,-0.4140625,-0.62890625,-0.98046875,-1.11328125,-0.37109375,-0.44921875,-0.42578125,-0.5703125,-0.5390625,-0.796875,-1.0,-1.4375,-0.7734375,-0.52734375,-0.5859375,-0.76953125,-0.8046875,-1.40234375,-1.4609375,-1.203125,-0.90234375,-0.8046875,-0.94140625,-1.15625,-1.09765625,-1.78515625,-1.2421875,-1.6484375,-1.1796875,-0.87890625,-1.0625,-1.15625,-1.20703125,-2.19140625,-1.5625,-1.953125,-1.7421875,-1.2265625,-1.39453125,-1.62109375,-1.3828125
2296.5,-0.53515625,-0.796875,-1.05078125,-0.3125,-0.26171875,-0.55078125,-0.40625,-0.4140625,-0.62890625,-0.98046875,-1.11328125,-0.37109375,-0.44921875,-0.42578125,-0.5703125,-0.5390625,-0.796875,-1.0,-1.4375,-0.7734375,-0.52734375,-0.5859375,-0.76953125,-0.8046875,-1.40234375,-1.4609375,-1.203125,-0.90234375,-0.8046875,-0.94140625,-1.15625,-1.09765625,-1.78515625,-1.2421875,-1.6484375,-1.1796875,-0.87890625,-1.0625,-1.15625,-1.20703125,-2.19140625,-1.5625,-1.953125,-1.7421875,-1.2265625,-1.39453125,-1.62109375,-1.3828125
2297.5,-0.53515625,-0.796875,-1.05078125,-0.3125,-0.26171875,-0.55078125,-0.40625,-0.4140625,-0.62890625,-0.98046875,-1.11328125,-0.37109375,-0.44921875,-0.42578125,-0.5703125,-0.5390625,-0.796875,-1.0,-1.4375,-0.7734375,-0.52734375,-0.5859375,-0.76953125,-0.8046875,-1.40234375,-1.4609375,-1.203125,-0.90234375,-0.8046875,-0.94140625,-1.15625,-1.09765625,-1.78515625,-1.2421875,-1.6484375,-1.1796875,-0.87890625,-1.0625,-1.15625,-1.20703125,-2.19140625,-1.5625,-1.953125,-1.7421875,-1.2265625,-1.39453125,-1.62109375,-1.3828125
2298.5,-0.53515625,-0.796875,-1.05078125,-0.3125,-0.26171875,-0.55078125,-0.40625,-0.4140625,-0.62890625,-0.98046875,-1.11328125,-0.37109375,-0.44921875,-0.42578125,-0.5703125,-0.5390625,-0.796875,-1.0,-1.4375,-0.7734375,-0.52734375,-0.5859375,-0.76953125,-0.8046875,-1.40234375,-1.4609375,-1.203125,-0.90234375,-0.8046875,-0.94140625,-1.15625,-1.09765625,-1.78515625,-1.2421875,-1.6484375,-1.1796875,-0.87890625,-1.0625,-1.15625,-1.20703125,-2.19140625,-1.5625,-1.953125,-1.7421875,-1.2265625,-1.39453125,-1.62109375,-1.3828125
2299.5,-0.53515625,-0.796875,-1.05078125,-0.3125,-0.26171875,-0.55078125,-0.40625,-0.4140625,-0.62890625,-0.98046875,-1.11328125,-0.37109375,-0.44921875,-0.42578125,-0.5703125,-0.5390625,-0.796875,-1.0,-1.4375,-0.7734375,-0.52734375,-0.5859375,-0.76953125,-0.8046875,-1.40234375,-1.4609375,-1.203125,-0.90234375,-0.8046875,-0.94140625,-1.15625,-1.09765625,-1.78515625,-1.2421875,-1.6484375,-1.1796875,-0.87890625,-1.0625,-1.15625,-1.20703125,-2.19140625,-1.5625,-1.953125,-1.7421875,-1.2265625,-1.39453125,-1.62109375,-1.3828125
2300.5,-0.53515625,-0.796875,-1.05078125,-0.3125,-0.26171875,-0.55078125,-0.40625,-0.4140625,-0.62890625,-0.98046875,-1.11328125,-0.37109375,-0.44921875,-0.42578125,-0.5703125,-0.5390625,-0.796875,-1.0,-1.4375,-0.7734375,-0.52734375,-0.5859375,-0.76953125,-0.8046875,-1.40234375,-1.4609375,-1.203125,-0.90234375,-0.8046875,-0.94140625,-1.15625,-1.09765625,-1.78515625,-1.2421875,-1.6484375,-1.1796875,-0.87890625,-1.0625,-1.15625,-1.20703125,-2.19140625,-1.5625,-1.953125,-1.7421875,-1.2265625,-1.39453125,-1.62109375,-1.3828125
