time,ssp119 - sce1,ssp126 - sce1,ssp534 - sce1,ssp434 - sce1,ssp245 - sce1,ssp460 - sce1,ssp370 - sce1,ssp585 - sce1,ssp119 - sce2,ssp126 - sce2,ssp534 - sce2,ssp434 - sce2,ssp245 - sce2,ssp460 - sce2,ssp370 - sce2,ssp585 - sce2,ssp119 - sce3,ssp126 - sce3,ssp534 - sce3,ssp434 - sce3,ssp245 - sce3,ssp460 - sce3,ssp370 - sce3,ssp585 - sce3,ssp119 - sce4,ssp126 - sce4,ssp534 - sce4,ssp434 - sce4,ssp245 - sce4,ssp460 - sce4,ssp370 - sce4,ssp585 - sce4,ssp119 - sce5,ssp126 - sce5,ssp534 - sce5,ssp434 - sce5,ssp245 - sce5,ssp460 - sce5,ssp370 - sce5,ssp585 - sce5,ssp119 - sce6,ssp126 - sce6,ssp534 - sce6,ssp434 - sce6,ssp245 - sce6,ssp460 - sce6,ssp370 - sce6,ssp585 - sce6
2015.5,-0.0013170242309570312,-0.0016541481018066406,-0.0018715858459472656,-0.0015683174133300781,-0.0013790130615234375,-0.0003018379211425781,-0.0012125968933105469,-0.0012831687927246094,-0.0019025802612304688,-0.0013628005981445312,-0.0024871826171875,-0.0021271705627441406,-0.0016989707946777344,-0.0014581680297851562,-0.0016679763793945312,-0.0018324851989746094,-0.0032205581665039062,-0.002765178680419922,-0.003204822540283203,-0.0029931068420410156,-0.00262451171875,-0.002223491668701172,-0.00243377685546875,-0.00255584716796875,-0.004305839538574219,-0.0037164688110351562,-0.005762577056884766,-0.004118442535400391,-0.0033979415893554688,-0.0024137496948242188,-0.003200054168701172,-0.003570556640625,-0.0047359466552734375,-0.0048885345458984375,-0.003932952880859375,-0.004378318786621094,-0.0035147666931152344,-0.002544403076171875,-0.0033674240112304688,-0.003795623779296875,-0.006627082824707031,-0.0057659149169921875,-0.006997108459472656,-0.006760597229003906,-0.004866600036621094,-0.0037822723388671875,-0.005148410797119141,-0.005633354187011719
2016.5,-0.0013170242309570312,-0.0016541481018066406,-0.0018715858459472656,-0.0015683174133300781,-0.0013790130615234375,-0.0003018379211425781,-0.0012125968933105469,-0.0012831687927246094,-0.0019025802612304688,-0.0013628005981445312,-0.0024871826171875,-0.0021271705627441406,-0.0016989707946777344,-0.0014581680297851562,-0.0016679763793945312,-0.0018324851989746094,-0.0032205581665039062,-0.002765178680419922,-0.003204822540283203,-0.0029931068420410156,-0.00262451171875,-0.002223491668701172,-0.00243377685546875,-0.00255584716796875,-0.004305839538574219,-0.0037164688110351562,-0.005762577056884766,-0.004118442535400391,-0.0033979415893554688,-0.0024137496948242188,-0.003200054168701172,-0.003570556640625,-0.0047359466552734375,-0.0048885345458984375,-0.003932952880859375,-0.004378318786621094,-0.0035147666931152344,-0.002544403076171875,-0.0033674240112304688,-0.003795623779296875,-0.006627082824707031,-0.0057659149169921875,-0.006997108459472656,-0.006760597229003906,-0.004866600036621094,-0.0037822723388671875,-0.005148410797119141,-0.005633354187011719
2017.5,-0.0013170242309570312,-0.0016541481018066406,-0.0018715858459472656,-0.0015683174133300781,-0.0013790130615234375,-0.0003018379211425781,-0.0012125968933105469,-0.0012831687927246094,-0.0019025802612304688,-0.0013628005981445312,-0.0024871826171875,-0.0021271705627441406,-0.0016989707946777344,-0.0014581680297851562,-0.0016679763793945312,-0.0018324851989746094,-0.0032205581665039062,-0.002765178680419922,-0.003204822540283203,-0.0029931068420410156,-0.00262451171875,-0.002223491668701172,-0.00243377685546875,-0.00255584716796875,-0.004305839538574219,-0.0037164688110351562,-0.005762577056884766,-0.004118442535400391,-0.0033979415893554688,-0.0024137496948242188,-0.003200054168701172,-0.003570556640625,-0.0047359466552734375,-0.0048885345458984375,-0.003932952880859375,-0.004378318786621094,-0.0035147666931152344,-0.002544403076171875,-0.0033674240112304688,-0.003795623779296875,-0.006627082824707031,-0.0057659149169921875,-0.006997108459472656,-0.006760597229003906,-0.004866600036621094,-0.0037822723388671875,-0.005148410797119141,-0.005633354187011719
2018.5,-0.0013170242309570312,-0.0016541481018066406,-0.0018715858459472656,-0.0015683174133300781,-0.0013790130615234375,-0.0003018379211425781,-0.0012125968933105469,-0.0012831687927246094,-0.0019025802612304688,-0.0013628005981445312,-0.0024871826171875,-0.0021271705627441406,-0.0016989707946777344,-0.0014581680297851562,-0.0016679763793945312,-0.0018324851989746094,-0.0032205581665039062,-0.002765178680419922,-0.003204822540283203,-0.0029931068420410156,-0.00262451171875,-0.002223491668701172,-0.00243377685546875,-0.00255584716796875,-0.004305839538574219,-0.0037164688110351562,-0.005762577056884766,-0.004118442535400391,-0.0033979415893554688,-0.0024137496948242188,-0.003200054168701172,-0.003570556640625,-0.0047359466552734375,-0.0048885345458984375,-0.003932952880859375,-0.004378318786621094,-0.0035147666931152344,-0.002544403076171875,-0.0033674240112304688,-0.003795623779296875,-0.006627082824707031,-0.0057659149169921875,-0.006997108459472656,-0.006760597229003906,-0.004866600036621094,-0.0037822723388671875,-0.005148410797119141,-0.005633354187011719
2019.5,-0.0013170242309570312,-0.0016541481018066406,-0.0018715858459472656,-0.0015683174133300781,-0.0013790130615234375,-0.0003018379211425781,-0.0012125968933105469,-0.0012831687927246094,-0.0019025802612304688,-0.0013628005981445312,-0.0024871826171875,-0.0021271705627441406,-0.0016989707946777344,-0.0014581680297851562,-0.0016679763793945312,-0.0018324851989746094,-0.0032205581665039062,-0.002765178680419922,-0.003204822540283203,-0.0029931068420410156,-0.00262451171875,-0.002223491668701172,-0.00243377685546875,-0.00255584716796875,-0.004305839538574219,-0.0037164688110351562,-0.005762577056884766,-0.004118442535400391,-0.0033979415893554688,-0.0024137496948242188,-0.003200054168701172,-0.003570556640625,-0.0047359466552734375,-0.0048885345458984375,-0.003932952880859375,-0.004378318786621094,-0.0035147666931152344,-0.002544403076171875,-0.0033674240112304688,-0.003795623779296875,-0.006627082824707031,-0.0057659149169921875,-0.006997108459472656,-0.006760597229003906,-0.004866600036621094,-0.0037822723388671875,-0.005148410797119141,-0.005633354187011719
2020.5,-0.0013170242309570312,-0.0016541481018066406,-0.0018715858459472656,-0.0015683174133300781,-0.0013790130615234375,-0.0003018379211425781,-0.0012125968933105469,-0.0012831687927246094,-0.0019025802612304688,-0.0013628005981445312,-0.0024871826171875,-0.0021271705627441406,-0.0016989707946777344,-0.0014581680297851562,-0.0016679763793945312,-0.0018324851989746094,-0.0032205581665039062,-0.002765178680419922,-0.003204822540283203,-0.0029931068420410156,-0.00262451171875,-0.002223491668701172,-0.00243377685546875,-0.00255584716796875,-0.004305839538574219,-0.0037164688110351562,-0.005762577056884766,-0.004118442535400391,-0.0033979415893554688,-0.0024137496948242188,-0.003200054168701172,-0.003570556640625,-0.0047359466552734375,-0.0048885345458984375,-0.003932952880859375,-0.004378318786621094,-0.0035147666931152344,-0.002544403076171875,-0.0033674240112304688,-0.003795623779296875,-0.006627082824707031,-0.0057659149169921875,-0.006997108459472656,-0.006760597229003906,-0.004866600036621094,-0.0037822723388671875,-0.005148410797119141,-0.005633354187011719
2021.5,-0.0013170242309570312,-0.0016541481018066406,-0.0018715858459472656,-0.0015683174133300781,-0.0013790130615234375,-0.0003018379211425781,-0.0012125968933105469,-0.0012831687927246094,-0.0019025802612304688,-0.0013628005981445312,-0.0024871826171875,-0.0021271705627441406,-0.0016989707946777344,-0.0014581680297851562,-0.0016679763793945312,-0.0018324851989746094,-0.0032205581665039062,-0.002765178680419922,-0.003204822540283203,-0.0029931068420410156,-0.00262451171875,-0.002223491668701172,-0.00243377685546875,-0.00255584716796875,-0.004305839538574219,-0.0037164688110351562,-0.005762577056884766,-0.004118442535400391,-0.0033979415893554688,-0.0024137496948242188,-0.003200054168701172,-0.003570556640625,-0.0047359466552734375,-0.0048885345458984375,-0.003932952880859375,-0.004378318786621094,-0.0035147666931152344,-0.002544403076171875,-0.0033674240112304688,-0.003795623779296875,-0.006627082824707031,-0.0057659149169921875,-0.006997108459472656,-0.006760597229003906,-0.004866600036621094,-0.0037822723388671875,-0.005148410797119141,-0.005633354187011719
2022.5,-0.0013170242309570312,-0.0016541481018066406,-0.0018715858459472656,-0.0015683174133300781,-0.0013790130615234375,-0.0003018379211425781,-0.0012125968933105469,-0.0012831687927246094,-0.0019025802612304688,-0.0013628005981445312,-0.0024871826171875,-0.0021271705627441406,-0.0016989707946777344,-0.0014581680297851562,-0.0016679763793945312,-0.0018324851989746094,-0.0032205581665039062,-0.002765178680419922,-0.003204822540283203,-0.0029931068420410156,-0.00262451171875,-0.002223491668701172,-0.00243377685546875,-0.00255584716796875,-0.004305839538574219,-0.0037164688110351562,-0.005762577056884766,-0.004118442535400391,-0.0033979415893554688,-0.0024137496948242188,-0.003200054168701172,-0.003570556640625,-0.0047359466552734375,-0.0048885345458984375,-0.003932952880859375,-0.004378318786621094,-0.0035147666931152344,-0.002544403076171875,-0.0033674240112304688,-0.003795623779296875,-0.006627082824707031,-0.0057659149169921875,-0.006997108459472656,-0.006760597229003906,-0.004866600036621094,-0.0037822723388671875,-0.005148410797119141,-0.005633354187011719
2023.5,-0.0013170242309570312,-0.0016541481018066406,-0.0018715858459472656,-0.0015683174133300781,-0.0013790130615234375,-0.0003018379211425781,-0.0012125968933105469,-0.0012831687927246094,-0.0019025802612304688,-0.0013628005981445312,-0.0024871826171875,-0.0021271705627441406,-0.0016989707946777344,-0.0014581680297851562,-0.0016679763793945312,-0.0018324851989746094,-0.0032205581665039062,-0.002765178680419922,-0.003204822540283203,-0.0029931068420410156,-0.00262451171875,-0.002223491668701172,-0.00243377685546875,-0.00255584716796875,-0.004305839538574219,-0.0037164688110351562,-0.005762577056884766,-0.004118442535400391,-0.0033979415893554688,-0.0024137496948242188,-0.003200054168701172,-0.003570556640625,-0.0047359466552734375,-0.0048885345458984375,-0.003932952880859375,-0.004378318786621094,-0.0035147666931152344,-0.002544403076171875,-0.0033674240112304688,-0.003795623779296875,-0.006627082824707031,-0.0057659149169921875,-0.006997108459472656,-0.006760597229003906,-0.004866600036621094,-0.0037822723388671875,-0.005148410797119141,-0.005633354187011719
2024.5,-0.0013170242309570312,-0.0016541481018066406,-0.0018715858459472656,-0.0015683174133300781,-0.0013790130615234375,-0.0003018379211425781,-0.0012125968933105469,-0.0012831687927246094,-0.0019025802612304688,-0.0013628005981445312,-0.0024871826171875,-0.0021271705627441406,-0.0016989707946777344,-0.0014581680297851562,-0.0016679763793945312,-0.0018324851989746094,-0.0032205581665039062,-0.002765178680419922,-0.003204822540283203,-0.0029931068420410156,-0.00262451171875,-0.002223491668701172,-0.00243377685546875,-0.00255584716796875,-0.004305839538574219,-0.0037164688110351562,-0.005762577056884766,-0.004118442535400391,-0.0033979415893554688,-0.0024137496948242188,-0.003200054168701172,-0.003570556640625,-0.0047359466552734375,-0.0048885345458984375,-0.003932952880859375,-0.004378318786621094,-0.0035147666931152344,-0.002544403076171875,-0.0033674240112304688,-0.003795623779296875,-0.006627082824707031,-0.0057659149169921875,-0.006997108459472656,-0.006760597229003906,-0.004866600036621094,-0.0037822723388671875,-0.005148410797119141,-0.005633354187011719
2025.5,-0.0013170242309570312,-0.0016541481018066406,-0.0018715858459472656,-0.0015683174133300781,-0.0013790130615234375,-0.0003018379211425781,-0.0012125968933105469,-0.0012831687927246094,-0.0019025802612304688,-0.0013628005981445312,-0.0024871826171875,-0.0021271705627441406,-0.0016989707946777344,-0.0014581680297851562,-0.0016679763793945312,-0.0018324851989746094,-0.0032205581665039062,-0.002765178680419922,-0.003204822540283203,-0.0029931068420410156,-0.00262451171875,-0.002223491668701172,-0.00243377685546875,-0.00255584716796875,-0.004305839538574219,-0.0037164688110351562,-0.005762577056884766,-0.004118442535400391,-0.0033979415893554688,-0.0024137496948242188,-0.003200054168701172,-0.003570556640625,-0.0047359466552734375,-0.0048885345458984375,-0.003932952880859375,-0.004378318786621094,-0.0035147666931152344,-0.002544403076171875,-0.0033674240112304688,-0.003795623779296875,-0.006627082824707031,-0.0057659149169921875,-0.006997108459472656,-0.006760597229003906,-0.004866600036621094,-0.0037822723388671875,-0.005148410797119141,-0.005633354187011719
2026.5,-0.0013170242309570312,-0.0016541481018066406,-0.0018715858459472656,-0.0015683174133300781,-0.0013790130615234375,-0.0003018379211425781,-0.0012125968933105469,-0.0012831687927246094,-0.0019025802612304688,-0.0013628005981445312,-0.0024871826171875,-0.0021271705627441406,-0.0016989707946777344,-0.0014581680297851562,-0.0016679763793945312,-0.0018324851989746094,-0.0032205581665039062,-0.002765178680419922,-0.003204822540283203,-0.0029931068420410156,-0.00262451171875,-0.002223491668701172,-0.00243377685546875,-0.00255584716796875,-0.004305839538574219,-0.0037164688110351562,-0.005762577056884766,-0.004118442535400391,-0.0033979415893554688,-0.0024137496948242188,-0.003200054168701172,-0.003570556640625,-0.0047359466552734375,-0.0048885345458984375,-0.003932952880859375,-0.004378318786621094,-0.0035147666931152344,-0.002544403076171875,-0.0033674240112304688,-0.003795623779296875,-0.006627082824707031,-0.0057659149169921875,-0.006997108459472656,-0.006760597229003906,-0.004866600036621094,-0.0037822723388671875,-0.005148410797119141,-0.005633354187011719
2027.5,-0.0013170242309570312,-0.0016541481018066406,-0.0018715858459472656,-0.0015683174133300781,-0.0013790130615234375,-0.0003018379211425781,-0.0012125968933105469,-0.0012831687927246094,-0.0019025802612304688,-0.0013628005981445312,-0.0024871826171875,-0.0021271705627441406,-0.0016989707946777344,-0.0014581680297851562,-0.0016679763793945312,-0.0018324851989746094,-0.0032205581665039062,-0.002765178680419922,-0.003204822540283203,-0.0029931068420410156,-0.00262451171875,-0.002223491668701172,-0.00243377685546875,-0.00255584716796875,-0.004305839538574219,-0.0037164688110351562,-0.005762577056884766,-0.004118442535400391,-0.0033979415893554688,-0.0024137496948242188,-0.003200054168701172,-0.003570556640625,-0.0047359466552734375,-0.0048885345458984375,-0.003932952880859375,-0.004378318786621094,-0.0035147666931152344,-0.002544403076171875,-0.0033674240112304688,-0.003795623779296875,-0.006627082824707031,-0.0057659149169921875,-0.006997108459472656,-0.006760597229003906,-0.004866600036621094,-0.0037822723388671875,-0.005148410797119141,-0.005633354187011719
2028.5,-0.0013170242309570312,-0.0016541481018066406,-0.0018715858459472656,-0.0015683174133300781,-0.0013790130615234375,-0.0003018379211425781,-0.0012125968933105469,-0.0012831687927246094,-0.0019025802612304688,-0.0013628005981445312,-0.0024871826171875,-0.0021271705627441406,-0.0016989707946777344,-0.0014581680297851562,-0.0016679763793945312,-0.0018324851989746094,-0.0032205581665039062,-0.002765178680419922,-0.003204822540283203,-0.0029931068420410156,-0.00262451171875,-0.002223491668701172,-0.00243377685546875,-0.00255584716796875,-0.004305839538574219,-0.0037164688110351562,-0.005762577056884766,-0.004118442535400391,-0.0033979415893554688,-0.0024137496948242188,-0.003200054168701172,-0.003570556640625,-0.0047359466552734375,-0.0048885345458984375,-0.003932952880859375,-0.004378318786621094,-0.0035147666931152344,-0.002544403076171875,-0.0033674240112304688,-0.003795623779296875,-0.006627082824707031,-0.0057659149169921875,-0.006997108459472656,-0.006760597229003906,-0.004866600036621094,-0.0037822723388671875,-0.005148410797119141,-0.005633354187011719
2029.5,-0.0013170242309570312,-0.0016541481018066406,-0.0018715858459472656,-0.0015683174133300781,-0.0013790130615234375,-0.0003018379211425781,-0.0012125968933105469,-0.0012831687927246094,-0.0019025802612304688,-0.0013628005981445312,-0.0024871826171875,-0.0021271705627441406,-0.0016989707946777344,-0.0014581680297851562,-0.0016679763793945312,-0.0018324851989746094,-0.0032205581665039062,-0.002765178680419922,-0.003204822540283203,-0.0029931068420410156,-0.00262451171875,-0.002223491668701172,-0.00243377685546875,-0.00255584716796875,-0.004305839538574219,-0.0037164688110351562,-0.005762577056884766,-0.004118442535400391,-0.0033979415893554688,-0.0024137496948242188,-0.003200054168701172,-0.003570556640625,-0.0047359466552734375,-0.0048885345458984375,-0.003932952880859375,-0.004378318786621094,-0.0035147666931152344,-0.002544403076171875,-0.0033674240112304688,-0.003795623779296875,-0.006627082824707031,-0.0057659149169921875,-0.006997108459472656,-0.006760597229003906,-0.004866600036621094,-0.0037822723388671875,-0.005148410797119141,-0.005633354187011719
2030.5,-0.0013170242309570312,-0.0016541481018066406,-0.0018715858459472656,-0.0015683174133300781,-0.0013790130615234375,-0.0003018379211425781,-0.0012125968933105469,-0.0012831687927246094,-0.0019025802612304688,-0.0013628005981445312,-0.0024871826171875,-0.0021271705627441406,-0.0016989707946777344,-0.0014581680297851562,-0.0016679763793945312,-0.0018324851989746094,-0.0032205581665039062,-0.002765178680419922,-0.003204822540283203,-0.0029931068420410156,-0.00262451171875,-0.002223491668701172,-0.00243377685546875,-0.00255584716796875,-0.004305839538574219,-0.0037164688110351562,-0.005762577056884766,-0.004118442535400391,-0.0033979415893554688,-0.0024137496948242188,-0.003200054168701172,-0.003570556640625,-0.0047359466552734375,-0.0048885345458984375,-0.003932952880859375,-0.004378318786621094,-0.0035147666931152344,-0.002544403076171875,-0.0033674240112304688,-0.003795623779296875,-0.006627082824707031,-0.0057659149169921875,-0.006997108459472656,-0.006760597229003906,-0.004866600036621094,-0.0037822723388671875,-0.005148410797119141,-0.005633354187011719
2031.5,-0.0013170242309570312,-0.0016541481018066406,-0.0018715858459472656,-0.0015683174133300781,-0.0013790130615234375,-0.0003018379211425781,-0.0012125968933105469,-0.0012831687927246094,-0.0019025802612304688,-0.0013628005981445312,-0.0024871826171875,-0.0021271705627441406,-0.0016989707946777344,-0.0014581680297851562,-0.0016679763793945312,-0.0018324851989746094,-0.0032205581665039062,-0.002765178680419922,-0.003204822540283203,-0.0029931068420410156,-0.00262451171875,-0.002223491668701172,-0.00243377685546875,-0.00255584716796875,-0.004305839538574219,-0.0037164688110351562,-0.005762577056884766,-0.004118442535400391,-0.0033979415893554688,-0.0024137496948242188,-0.003200054168701172,-0.003570556640625,-0.0047359466552734375,-0.0048885345458984375,-0.003932952880859375,-0.004378318786621094,-0.0035147666931152344,-0.002544403076171875,-0.0033674240112304688,-0.003795623779296875,-0.006627082824707031,-0.0057659149169921875,-0.006997108459472656,-0.006760597229003906,-0.004866600036621094,-0.0037822723388671875,-0.005148410797119141,-0.005633354187011719
2032.5,-0.0013170242309570312,-0.0016541481018066406,-0.0018715858459472656,-0.0015683174133300781,-0.0013790130615234375,-0.0003018379211425781,-0.0012125968933105469,-0.0012831687927246094,-0.0019025802612304688,-0.0013628005981445312,-0.0024871826171875,-0.0021271705627441406,-0.0016989707946777344,-0.0014581680297851562,-0.0016679763793945312,-0.0018324851989746094,-0.0032205581665039062,-0.002765178680419922,-0.003204822540283203,-0.0029931068420410156,-0.00262451171875,-0.002223491668701172,-0.00243377685546875,-0.00255584716796875,-0.004305839538574219,-0.0037164688110351562,-0.005762577056884766,-0.004118442535400391,-0.0033979415893554688,-0.0024137496948242188,-0.003200054168701172,-0.003570556640625,-0.0047359466552734375,-0.0048885345458984375,-0.003932952880859375,-0.004378318786621094,-0.0035147666931152344,-0.002544403076171875,-0.0033674240112304688,-0.003795623779296875,-0.006627082824707031,-0.0057659149169921875,-0.006997108459472656,-0.006760597229003906,-0.004866600036621094,-0.0037822723388671875,-0.005148410797119141,-0.005633354187011719
2033.5,-0.0013170242309570312,-0.0016541481018066406,-0.0018715858459472656,-0.0015683174133300781,-0.0013790130615234375,-0.0003018379211425781,-0.0012125968933105469,-0.0012831687927246094,-0.0019025802612304688,-0.0013628005981445312,-0.0024871826171875,-0.0021271705627441406,-0.0016989707946777344,-0.0014581680297851562,-0.0016679763793945312,-0.0018324851989746094,-0.0032205581665039062,-0.002765178680419922,-0.003204822540283203,-0.0029931068420410156,-0.00262451171875,-0.002223491668701172,-0.00243377685546875,-0.00255584716796875,-0.004305839538574219,-0.0037164688110351562,-0.005762577056884766,-0.004118442535400391,-0.0033979415893554688,-0.0024137496948242188,-0.003200054168701172,-0.003570556640625,-0.0047359466552734375,-0.0048885345458984375,-0.003932952880859375,-0.004378318786621094,-0.0035147666931152344,-0.002544403076171875,-0.0033674240112304688,-0.003795623779296875,-0.006627082824707031,-0.0057659149169921875,-0.006997108459472656,-0.006760597229003906,-0.004866600036621094,-0.0037822723388671875,-0.005148410797119141,-0.005633354187011719
2034.5,-0.0013170242309570312,-0.0016541481018066406,-0.0018715858459472656,-0.0015683174133300781,-0.0013790130615234375,-0.0003018379211425781,-0.0012125968933105469,-0.0012831687927246094,-0.0019025802612304688,-0.0013628005981445312,-0.0024871826171875,-0.0021271705627441406,-0.0016989707946777344,-0.0014581680297851562,-0.0016679763793945312,-0.0018324851989746094,-0.0032205581665039062,-0.002765178680419922,-0.003204822540283203,-0.0029931068420410156,-0.00262451171875,-0.002223491668701172,-0.00243377685546875,-0.00255584716796875,-0.004305839538574219,-0.0037164688110351562,-0.005762577056884766,-0.004118442535400391,-0.0033979415893554688,-0.0024137496948242188,-0.003200054168701172,-0.003570556640625,-0.0047359466552734375,-0.0048885345458984375,-0.003932952880859375,-0.004378318786621094,-0.0035147666931152344,-0.002544403076171875,-0.0033674240112304688,-0.003795623779296875,-0.006627082824707031,-0.0057659149169921875,-0.006997108459472656,-0.006760597229003906,-0.004866600036621094,-0.0037822723388671875,-0.005148410797119141,-0.005633354187011719
2035.5,-0.0013170242309570312,-0.0016541481018066406,-0.0018715858459472656,-0.0015683174133300781,-0.0013790130615234375,-0.0003018379211425781,-0.0012125968933105469,-0.0012831687927246094,-0.0019025802612304688,-0.0013628005981445312,-0.0024871826171875,-0.0021271705627441406,-0.0016989707946777344,-0.0014581680297851562,-0.0016679763793945312,-0.0018324851989746094,-0.0032205581665039062,-0.002765178680419922,-0.003204822540283203,-0.0029931068420410156,-0.00262451171875,-0.002223491668701172,-0.00243377685546875,-0.00255584716796875,-0.004305839538574219,-0.0037164688110351562,-0.005762577056884766,-0.004118442535400391,-0.0033979415893554688,-0.0024137496948242188,-0.003200054168701172,-0.003570556640625,-0.0047359466552734375,-0.0048885345458984375,-0.003932952880859375,-0.004378318786621094,-0.0035147666931152344,-0.002544403076171875,-0.0033674240112304688,-0.003795623779296875,-0.006627082824707031,-0.0057659149169921875,-0.006997108459472656,-0.006760597229003906,-0.004866600036621094,-0.0037822723388671875,-0.005148410797119141,-0.005633354187011719
2036.5,-0.0013170242309570312,-0.0016541481018066406,-0.0018715858459472656,-0.0015683174133300781,-0.0013790130615234375,-0.0003018379211425781,-0.0012125968933105469,-0.0012831687927246094,-0.0019025802612304688,-0.0013628005981445312,-0.0024871826171875,-0.0021271705627441406,-0.0016989707946777344,-0.0014581680297851562,-0.0016679763793945312,-0.0018324851989746094,-0.0032205581665039062,-0.002765178680419922,-0.003204822540283203,-0.0029931068420410156,-0.00262451171875,-0.002223491668701172,-0.00243377685546875,-0.00255584716796875,-0.004305839538574219,-0.0037164688110351562,-0.005762577056884766,-0.004118442535400391,-0.0033979415893554688,-0.0024137496948242188,-0.003200054168701172,-0.003570556640625,-0.0047359466552734375,-0.0048885345458984375,-0.003932952880859375,-0.004378318786621094,-0.0035147666931152344,-0.002544403076171875,-0.0033674240112304688,-0.003795623779296875,-0.006627082824707031,-0.0057659149169921875,-0.006997108459472656,-0.006760597229003906,-0.004866600036621094,-0.0037822723388671875,-0.005148410797119141,-0.005633354187011719
2037.5,-0.0013170242309570312,-0.0016541481018066406,-0.0018715858459472656,-0.0015683174133300781,-0.0013790130615234375,-0.0003018379211425781,-0.0012125968933105469,-0.0012831687927246094,-0.0019025802612304688,-0.0013628005981445312,-0.0024871826171875,-0.0021271705627441406,-0.0016989707946777344,-0.0014581680297851562,-0.0016679763793945312,-0.0018324851989746094,-0.0032205581665039062,-0.002765178680419922,-0.003204822540283203,-0.0029931068420410156,-0.00262451171875,-0.002223491668701172,-0.00243377685546875,-0.00255584716796875,-0.004305839538574219,-0.0037164688110351562,-0.005762577056884766,-0.004118442535400391,-0.0033979415893554688,-0.0024137496948242188,-0.003200054168701172,-0.003570556640625,-0.0047359466552734375,-0.0048885345458984375,-0.003932952880859375,-0.004378318786621094,-0.0035147666931152344,-0.002544403076171875,-0.0033674240112304688,-0.003795623779296875,-0.006627082824707031,-0.0057659149169921875,-0.006997108459472656,-0.006760597229003906,-0.004866600036621094,-0.0037822723388671875,-0.005148410797119141,-0.005633354187011719
2038.5,-0.0013170242309570312,-0.0016541481018066406,-0.0018715858459472656,-0.0015683174133300781,-0.0013790130615234375,-0.0003018379211425781,-0.0012125968933105469,-0.0012831687927246094,-0.0019025802612304688,-0.0013628005981445312,-0.0024871826171875,-0.0021271705627441406,-0.0016989707946777344,-0.0014581680297851562,-0.0016679763793945312,-0.0018324851989746094,-0.0032205581665039062,-0.002765178680419922,-0.003204822540283203,-0.0029931068420410156,-0.00262451171875,-0.002223491668701172,-0.00243377685546875,-0.00255584716796875,-0.004305839538574219,-0.0037164688110351562,-0.005762577056884766,-0.004118442535400391,-0.0033979415893554688,-0.0024137496948242188,-0.003200054168701172,-0.003570556640625,-0.0047359466552734375,-0.0048885345458984375,-0.003932952880859375,-0.004378318786621094,-0.0035147666931152344,-0.002544403076171875,-0.0033674240112304688,-0.003795623779296875,-0.006627082824707031,-0.0057659149169921875,-0.006997108459472656,-0.006760597229003906,-0.004866600036621094,-0.0037822723388671875,-0.005148410797119141,-0.005633354187011719
2039.5,-0.0013170242309570312,-0.0016541481018066406,-0.0018715858459472656,-0.0015683174133300781,-0.0013790130615234375,-0.0003018379211425781,-0.0012125968933105469,-0.0012831687927246094,-0.0019025802612304688,-0.0013628005981445312,-0.0024871826171875,-0.0021271705627441406,-0.0016989707946777344,-0.0014581680297851562,-0.0016679763793945312,-0.0018324851989746094,-0.0032205581665039062,-0.002765178680419922,-0.003204822540283203,-0.0029931068420410156,-0.00262451171875,-0.002223491668701172,-0.00243377685546875,-0.00255584716796875,-0.004305839538574219,-0.0037164688110351562,-0.005762577056884766,-0.004118442535400391,-0.0033979415893554688,-0.0024137496948242188,-0.003200054168701172,-0.003570556640625,-0.0047359466552734375,-0.0048885345458984375,-0.003932952880859375,-0.004378318786621094,-0.0035147666931152344,-0.002544403076171875,-0.0033674240112304688,-0.003795623779296875,-0.006627082824707031,-0.0057659149169921875,-0.006997108459472656,-0.006760597229003906,-0.004866600036621094,-0.0037822723388671875,-0.005148410797119141,-0.005633354187011719
2040.5,-0.0013170242309570312,-0.0016541481018066406,-0.0018715858459472656,-0.0015683174133300781,-0.0013790130615234375,-0.0003018379211425781,-0.0012125968933105469,-0.0012831687927246094,-0.0019025802612304688,-0.0013628005981445312,-0.0024871826171875,-0.0021271705627441406,-0.0016989707946777344,-0.0014581680297851562,-0.0016679763793945312,-0.0018324851989746094,-0.0032205581665039062,-0.002765178680419922,-0.003204822540283203,-0.0029931068420410156,-0.00262451171875,-0.002223491668701172,-0.00243377685546875,-0.00255584716796875,-0.004305839538574219,-0.0037164688110351562,-0.005762577056884766,-0.004118442535400391,-0.0033979415893554688,-0.0024137496948242188,-0.003200054168701172,-0.003570556640625,-0.0047359466552734375,-0.0048885345458984375,-0.003932952880859375,-0.004378318786621094,-0.0035147666931152344,-0.002544403076171875,-0.0033674240112304688,-0.003795623779296875,-0.006627082824707031,-0.0057659149169921875,-0.006997108459472656,-0.006760597229003906,-0.004866600036621094,-0.0037822723388671875,-0.005148410797119141,-0.005633354187011719
2041.5,-0.0013170242309570312,-0.0016541481018066406,-0.0018715858459472656,-0.0015683174133300781,-0.0013790130615234375,-0.0003018379211425781,-0.0012125968933105469,-0.0012831687927246094,-0.0019025802612304688,-0.0013628005981445312,-0.0024871826171875,-0.0021271705627441406,-0.0016989707946777344,-0.0014581680297851562,-0.0016679763793945312,-0.0018324851989746094,-0.0032205581665039062,-0.002765178680419922,-0.003204822540283203,-0.0029931068420410156,-0.00262451171875,-0.002223491668701172,-0.00243377685546875,-0.00255584716796875,-0.004305839538574219,-0.0037164688110351562,-0.005762577056884766,-0.004118442535400391,-0.0033979415893554688,-0.0024137496948242188,-0.003200054168701172,-0.003570556640625,-0.0047359466552734375,-0.0048885345458984375,-0.003932952880859375,-0.004378318786621094,-0.0035147666931152344,-0.002544403076171875,-0.0033674240112304688,-0.003795623779296875,-0.006627082824707031,-0.0057659149169921875,-0.006997108459472656,-0.006760597229003906,-0.004866600036621094,-0.0037822723388671875,-0.005148410797119141,-0.005633354187011719
2042.5,-0.0013170242309570312,-0.0016541481018066406,-0.0018715858459472656,-0.0015683174133300781,-0.0013790130615234375,-0.0003018379211425781,-0.0012125968933105469,-0.0012831687927246094,-0.0019025802612304688,-0.0013628005981445312,-0.0024871826171875,-0.0021271705627441406,-0.0016989707946777344,-0.0014581680297851562,-0.0016679763793945312,-0.0018324851989746094,-0.0032205581665039062,-0.002765178680419922,-0.003204822540283203,-0.0029931068420410156,-0.00262451171875,-0.002223491668701172,-0.00243377685546875,-0.00255584716796875,-0.004305839538574219,-0.0037164688110351562,-0.005762577056884766,-0.004118442535400391,-0.0033979415893554688,-0.0024137496948242188,-0.003200054168701172,-0.003570556640625,-0.0047359466552734375,-0.0048885345458984375,-0.003932952880859375,-0.004378318786621094,-0.0035147666931152344,-0.002544403076171875,-0.0033674240112304688,-0.003795623779296875,-0.006627082824707031,-0.0057659149169921875,-0.006997108459472656,-0.006760597229003906,-0.004866600036621094,-0.0037822723388671875,-0.005148410797119141,-0.005633354187011719
2043.5,-0.0013170242309570312,-0.0016541481018066406,-0.0018715858459472656,-0.0015683174133300781,-0.0013790130615234375,-0.0003018379211425781,-0.0012125968933105469,-0.0012831687927246094,-0.0019025802612304688,-0.0013628005981445312,-0.0024871826171875,-0.0021271705627441406,-0.0016989707946777344,-0.0014581680297851562,-0.0016679763793945312,-0.0018324851989746094,-0.0032205581665039062,-0.002765178680419922,-0.003204822540283203,-0.0029931068420410156,-0.00262451171875,-0.002223491668701172,-0.00243377685546875,-0.00255584716796875,-0.004305839538574219,-0.0037164688110351562,-0.005762577056884766,-0.004118442535400391,-0.0033979415893554688,-0.0024137496948242188,-0.003200054168701172,-0.003570556640625,-0.0047359466552734375,-0.0048885345458984375,-0.003932952880859375,-0.004378318786621094,-0.0035147666931152344,-0.002544403076171875,-0.0033674240112304688,-0.003795623779296875,-0.006627082824707031,-0.0057659149169921875,-0.006997108459472656,-0.006760597229003906,-0.004866600036621094,-0.0037822723388671875,-0.005148410797119141,-0.005633354187011719
2044.5,-0.0013170242309570312,-0.0016541481018066406,-0.0018715858459472656,-0.0015683174133300781,-0.0013790130615234375,-0.0003018379211425781,-0.0012125968933105469,-0.0012831687927246094,-0.0019025802612304688,-0.0013628005981445312,-0.0024871826171875,-0.0021271705627441406,-0.0016989707946777344,-0.0014581680297851562,-0.0016679763793945312,-0.0018324851989746094,-0.0032205581665039062,-0.002765178680419922,-0.003204822540283203,-0.0029931068420410156,-0.00262451171875,-0.002223491668701172,-0.00243377685546875,-0.00255584716796875,-0.004305839538574219,-0.0037164688110351562,-0.005762577056884766,-0.004118442535400391,-0.0033979415893554688,-0.0024137496948242188,-0.003200054168701172,-0.003570556640625,-0.0047359466552734375,-0.0048885345458984375,-0.003932952880859375,-0.004378318786621094,-0.0035147666931152344,-0.002544403076171875,-0.0033674240112304688,-0.003795623779296875,-0.006627082824707031,-0.0057659149169921875,-0.006997108459472656,-0.006760597229003906,-0.004866600036621094,-0.0037822723388671875,-0.005148410797119141,-0.005633354187011719
2045.5,-0.0013170242309570312,-0.0016541481018066406,-0.0018715858459472656,-0.0015683174133300781,-0.0013790130615234375,-0.0003018379211425781,-0.0012125968933105469,-0.0012831687927246094,-0.0019025802612304688,-0.0013628005981445312,-0.0024871826171875,-0.0021271705627441406,-0.0016989707946777344,-0.0014581680297851562,-0.0016679763793945312,-0.0018324851989746094,-0.0032205581665039062,-0.002765178680419922,-0.003204822540283203,-0.0029931068420410156,-0.00262451171875,-0.002223491668701172,-0.00243377685546875,-0.00255584716796875,-0.004305839538574219,-0.0037164688110351562,-0.005762577056884766,-0.004118442535400391,-0.0033979415893554688,-0.0024137496948242188,-0.003200054168701172,-0.003570556640625,-0.0047359466552734375,-0.0048885345458984375,-0.003932952880859375,-0.004378318786621094,-0.0035147666931152344,-0.002544403076171875,-0.0033674240112304688,-0.003795623779296875,-0.006627082824707031,-0.0057659149169921875,-0.006997108459472656,-0.006760597229003906,-0.004866600036621094,-0.0037822723388671875,-0.005148410797119141,-0.005633354187011719
2046.5,-0.0013170242309570312,-0.0016541481018066406,-0.0018715858459472656,-0.0015683174133300781,-0.0013790130615234375,-0.0003018379211425781,-0.0012125968933105469,-0.0012831687927246094,-0.0019025802612304688,-0.0013628005981445312,-0.0024871826171875,-0.0021271705627441406,-0.0016989707946777344,-0.0014581680297851562,-0.0016679763793945312,-0.0018324851989746094,-0.0032205581665039062,-0.002765178680419922,-0.003204822540283203,-0.0029931068420410156,-0.00262451171875,-0.002223491668701172,-0.00243377685546875,-0.00255584716796875,-0.004305839538574219,-0.0037164688110351562,-0.005762577056884766,-0.004118442535400391,-0.0033979415893554688,-0.0024137496948242188,-0.003200054168701172,-0.003570556640625,-0.0047359466552734375,-0.0048885345458984375,-0.003932952880859375,-0.004378318786621094,-0.0035147666931152344,-0.002544403076171875,-0.0033674240112304688,-0.003795623779296875,-0.006627082824707031,-0.0057659149169921875,-0.006997108459472656,-0.006760597229003906,-0.004866600036621094,-0.0037822723388671875,-0.005148410797119141,-0.005633354187011719
2047.5,-0.0013170242309570312,-0.0016541481018066406,-0.0018715858459472656,-0.0015683174133300781,-0.0013790130615234375,-0.0003018379211425781,-0.0012125968933105469,-0.0012831687927246094,-0.0019025802612304688,-0.0013628005981445312,-0.0024871826171875,-0.0021271705627441406,-0.0016989707946777344,-0.0014581680297851562,-0.0016679763793945312,-0.0018324851989746094,-0.0032205581665039062,-0.002765178680419922,-0.003204822540283203,-0.0029931068420410156,-0.00262451171875,-0.002223491668701172,-0.00243377685546875,-0.00255584716796875,-0.004305839538574219,-0.0037164688110351562,-0.005762577056884766,-0.004118442535400391,-0.0033979415893554688,-0.0024137496948242188,-0.003200054168701172,-0.003570556640625,-0.0047359466552734375,-0.0048885345458984375,-0.003932952880859375,-0.004378318786621094,-0.0035147666931152344,-0.002544403076171875,-0.0033674240112304688,-0.003795623779296875,-0.006627082824707031,-0.0057659149169921875,-0.006997108459472656,-0.006760597229003906,-0.004866600036621094,-0.0037822723388671875,-0.005148410797119141,-0.005633354187011719
2048.5,-0.0013170242309570312,-0.0016541481018066406,-0.0018715858459472656,-0.0015683174133300781,-0.0013790130615234375,-0.0003018379211425781,-0.0012125968933105469,-0.0012831687927246094,-0.0019025802612304688,-0.0013628005981445312,-0.0024871826171875,-0.0021271705627441406,-0.0016989707946777344,-0.0014581680297851562,-0.0016679763793945312,-0.0018324851989746094,-0.0032205581665039062,-0.002765178680419922,-0.003204822540283203,-0.0029931068420410156,-0.00262451171875,-0.002223491668701172,-0.00243377685546875,-0.00255584716796875,-0.004305839538574219,-0.0037164688110351562,-0.005762577056884766,-0.004118442535400391,-0.0033979415893554688,-0.0024137496948242188,-0.003200054168701172,-0.003570556640625,-0.0047359466552734375,-0.0048885345458984375,-0.003932952880859375,-0.004378318786621094,-0.0035147666931152344,-0.002544403076171875,-0.0033674240112304688,-0.003795623779296875,-0.006627082824707031,-0.0057659149169921875,-0.006997108459472656,-0.006760597229003906,-0.004866600036621094,-0.0037822723388671875,-0.005148410797119141,-0.005633354187011719
2049.5,-0.0013170242309570312,-0.0016541481018066406,-0.0018715858459472656,-0.0015683174133300781,-0.0013790130615234375,-0.0003018379211425781,-0.0012125968933105469,-0.0012831687927246094,-0.0019025802612304688,-0.0013628005981445312,-0.0024871826171875,-0.0021271705627441406,-0.0016989707946777344,-0.0014581680297851562,-0.0016679763793945312,-0.0018324851989746094,-0.0032205581665039062,-0.002765178680419922,-0.003204822540283203,-0.0029931068420410156,-0.00262451171875,-0.002223491668701172,-0.00243377685546875,-0.00255584716796875,-0.004305839538574219,-0.0037164688110351562,-0.005762577056884766,-0.004118442535400391,-0.0033979415893554688,-0.0024137496948242188,-0.003200054168701172,-0.003570556640625,-0.0047359466552734375,-0.0048885345458984375,-0.003932952880859375,-0.004378318786621094,-0.0035147666931152344,-0.002544403076171875,-0.0033674240112304688,-0.003795623779296875,-0.006627082824707031,-0.0057659149169921875,-0.006997108459472656,-0.006760597229003906,-0.004866600036621094,-0.0037822723388671875,-0.005148410797119141,-0.005633354187011719
2050.5,-0.0013170242309570312,-0.0016541481018066406,-0.0018715858459472656,-0.0015683174133300781,-0.0013790130615234375,-0.0003018379211425781,-0.0012125968933105469,-0.0012831687927246094,-0.0019025802612304688,-0.0013628005981445312,-0.0024871826171875,-0.0021271705627441406,-0.0016989707946777344,-0.0014581680297851562,-0.0016679763793945312,-0.0018324851989746094,-0.0032205581665039062,-0.002765178680419922,-0.003204822540283203,-0.0029931068420410156,-0.00262451171875,-0.002223491668701172,-0.00243377685546875,-0.00255584716796875,-0.004305839538574219,-0.0037164688110351562,-0.005762577056884766,-0.004118442535400391,-0.0033979415893554688,-0.0024137496948242188,-0.003200054168701172,-0.003570556640625,-0.0047359466552734375,-0.0048885345458984375,-0.003932952880859375,-0.004378318786621094,-0.0035147666931152344,-0.002544403076171875,-0.0033674240112304688,-0.003795623779296875,-0.006627082824707031,-0.0057659149169921875,-0.006997108459472656,-0.006760597229003906,-0.004866600036621094,-0.0037822723388671875,-0.005148410797119141,-0.005633354187011719
2051.5,-0.0013170242309570312,-0.0016541481018066406,-0.0018715858459472656,-0.0015683174133300781,-0.0013790130615234375,-0.0003018379211425781,-0.0012125968933105469,-0.0012831687927246094,-0.0019025802612304688,-0.0013628005981445312,-0.0024871826171875,-0.0021271705627441406,-0.0016989707946777344,-0.0014581680297851562,-0.0016679763793945312,-0.0018324851989746094,-0.0032205581665039062,-0.002765178680419922,-0.003204822540283203,-0.0029931068420410156,-0.00262451171875,-0.002223491668701172,-0.00243377685546875,-0.00255584716796875,-0.004305839538574219,-0.0037164688110351562,-0.005762577056884766,-0.004118442535400391,-0.0033979415893554688,-0.0024137496948242188,-0.003200054168701172,-0.003570556640625,-0.0047359466552734375,-0.0048885345458984375,-0.003932952880859375,-0.004378318786621094,-0.0035147666931152344,-0.002544403076171875,-0.0033674240112304688,-0.003795623779296875,-0.006627082824707031,-0.0057659149169921875,-0.006997108459472656,-0.006760597229003906,-0.004866600036621094,-0.0037822723388671875,-0.005148410797119141,-0.005633354187011719
2052.5,-0.0013170242309570312,-0.0016541481018066406,-0.0018715858459472656,-0.0015683174133300781,-0.0013790130615234375,-0.0003018379211425781,-0.0012125968933105469,-0.0012831687927246094,-0.0019025802612304688,-0.0013628005981445312,-0.0024871826171875,-0.0021271705627441406,-0.0016989707946777344,-0.0014581680297851562,-0.0016679763793945312,-0.0018324851989746094,-0.0032205581665039062,-0.002765178680419922,-0.003204822540283203,-0.0029931068420410156,-0.00262451171875,-0.002223491668701172,-0.00243377685546875,-0.00255584716796875,-0.004305839538574219,-0.0037164688110351562,-0.005762577056884766,-0.004118442535400391,-0.0033979415893554688,-0.0024137496948242188,-0.003200054168701172,-0.003570556640625,-0.0047359466552734375,-0.0048885345458984375,-0.003932952880859375,-0.004378318786621094,-0.0035147666931152344,-0.002544403076171875,-0.0033674240112304688,-0.003795623779296875,-0.006627082824707031,-0.0057659149169921875,-0.006997108459472656,-0.006760597229003906,-0.004866600036621094,-0.0037822723388671875,-0.005148410797119141,-0.005633354187011719
2053.5,-0.0013170242309570312,-0.0016541481018066406,-0.0018715858459472656,-0.0015683174133300781,-0.0013790130615234375,-0.0003018379211425781,-0.0012125968933105469,-0.0012831687927246094,-0.0019025802612304688,-0.0013628005981445312,-0.0024871826171875,-0.0021271705627441406,-0.0016989707946777344,-0.0014581680297851562,-0.0016679763793945312,-0.0018324851989746094,-0.0032205581665039062,-0.002765178680419922,-0.003204822540283203,-0.0029931068420410156,-0.00262451171875,-0.002223491668701172,-0.00243377685546875,-0.00255584716796875,-0.004305839538574219,-0.0037164688110351562,-0.005762577056884766,-0.004118442535400391,-0.0033979415893554688,-0.0024137496948242188,-0.003200054168701172,-0.003570556640625,-0.0047359466552734375,-0.0048885345458984375,-0.003932952880859375,-0.004378318786621094,-0.0035147666931152344,-0.002544403076171875,-0.0033674240112304688,-0.003795623779296875,-0.006627082824707031,-0.0057659149169921875,-0.006997108459472656,-0.006760597229003906,-0.004866600036621094,-0.0037822723388671875,-0.005148410797119141,-0.005633354187011719
2054.5,-0.0013170242309570312,-0.0016541481018066406,-0.0018715858459472656,-0.0015683174133300781,-0.0013790130615234375,-0.0003018379211425781,-0.0012125968933105469,-0.0012831687927246094,-0.0019025802612304688,-0.0013628005981445312,-0.0024871826171875,-0.0021271705627441406,-0.0016989707946777344,-0.0014581680297851562,-0.0016679763793945312,-0.0018324851989746094,-0.0032205581665039062,-0.002765178680419922,-0.003204822540283203,-0.0029931068420410156,-0.00262451171875,-0.002223491668701172,-0.00243377685546875,-0.00255584716796875,-0.004305839538574219,-0.0037164688110351562,-0.005762577056884766,-0.004118442535400391,-0.0033979415893554688,-0.0024137496948242188,-0.003200054168701172,-0.003570556640625,-0.0047359466552734375,-0.0048885345458984375,-0.003932952880859375,-0.004378318786621094,-0.0035147666931152344,-0.002544403076171875,-0.0033674240112304688,-0.003795623779296875,-0.006627082824707031,-0.0057659149169921875,-0.006997108459472656,-0.006760597229003906,-0.004866600036621094,-0.0037822723388671875,-0.005148410797119141,-0.005633354187011719
2055.5,-0.0013170242309570312,-0.0016541481018066406,-0.0018715858459472656,-0.0015683174133300781,-0.0013790130615234375,-0.0003018379211425781,-0.0012125968933105469,-0.0012831687927246094,-0.0019025802612304688,-0.0013628005981445312,-0.0024871826171875,-0.0021271705627441406,-0.0016989707946777344,-0.0014581680297851562,-0.0016679763793945312,-0.0018324851989746094,-0.0032205581665039062,-0.002765178680419922,-0.003204822540283203,-0.0029931068420410156,-0.00262451171875,-0.002223491668701172,-0.00243377685546875,-0.00255584716796875,-0.004305839538574219,-0.0037164688110351562,-0.005762577056884766,-0.004118442535400391,-0.0033979415893554688,-0.0024137496948242188,-0.003200054168701172,-0.003570556640625,-0.0047359466552734375,-0.0048885345458984375,-0.003932952880859375,-0.004378318786621094,-0.0035147666931152344,-0.002544403076171875,-0.0033674240112304688,-0.003795623779296875,-0.006627082824707031,-0.0057659149169921875,-0.006997108459472656,-0.006760597229003906,-0.004866600036621094,-0.0037822723388671875,-0.005148410797119141,-0.005633354187011719
2056.5,-0.0013170242309570312,-0.0016541481018066406,-0.0018715858459472656,-0.0015683174133300781,-0.0013790130615234375,-0.0003018379211425781,-0.0012125968933105469,-0.0012831687927246094,-0.0019025802612304688,-0.0013628005981445312,-0.0024871826171875,-0.0021271705627441406,-0.0016989707946777344,-0.0014581680297851562,-0.0016679763793945312,-0.0018324851989746094,-0.0032205581665039062,-0.002765178680419922,-0.003204822540283203,-0.0029931068420410156,-0.00262451171875,-0.002223491668701172,-0.00243377685546875,-0.00255584716796875,-0.004305839538574219,-0.0037164688110351562,-0.005762577056884766,-0.004118442535400391,-0.0033979415893554688,-0.0024137496948242188,-0.003200054168701172,-0.003570556640625,-0.0047359466552734375,-0.0048885345458984375,-0.003932952880859375,-0.004378318786621094,-0.0035147666931152344,-0.002544403076171875,-0.0033674240112304688,-0.003795623779296875,-0.006627082824707031,-0.0057659149169921875,-0.006997108459472656,-0.006760597229003906,-0.004866600036621094,-0.0037822723388671875,-0.005148410797119141,-0.005633354187011719
2057.5,-0.0013170242309570312,-0.0016541481018066406,-0.0018715858459472656,-0.0015683174133300781,-0.0013790130615234375,-0.0003018379211425781,-0.0012125968933105469,-0.0012831687927246094,-0.0019025802612304688,-0.0013628005981445312,-0.0024871826171875,-0.0021271705627441406,-0.0016989707946777344,-0.0014581680297851562,-0.0016679763793945312,-0.0018324851989746094,-0.0032205581665039062,-0.002765178680419922,-0.003204822540283203,-0.0029931068420410156,-0.00262451171875,-0.002223491668701172,-0.00243377685546875,-0.00255584716796875,-0.004305839538574219,-0.0037164688110351562,-0.005762577056884766,-0.004118442535400391,-0.0033979415893554688,-0.0024137496948242188,-0.003200054168701172,-0.003570556640625,-0.0047359466552734375,-0.0048885345458984375,-0.003932952880859375,-0.004378318786621094,-0.0035147666931152344,-0.002544403076171875,-0.0033674240112304688,-0.003795623779296875,-0.006627082824707031,-0.0057659149169921875,-0.006997108459472656,-0.006760597229003906,-0.004866600036621094,-0.0037822723388671875,-0.005148410797119141,-0.005633354187011719
2058.5,-0.0013170242309570312,-0.0016541481018066406,-0.0018715858459472656,-0.0015683174133300781,-0.0013790130615234375,-0.0003018379211425781,-0.0012125968933105469,-0.0012831687927246094,-0.0019025802612304688,-0.0013628005981445312,-0.0024871826171875,-0.0021271705627441406,-0.0016989707946777344,-0.0014581680297851562,-0.0016679763793945312,-0.0018324851989746094,-0.0032205581665039062,-0.002765178680419922,-0.003204822540283203,-0.0029931068420410156,-0.00262451171875,-0.002223491668701172,-0.00243377685546875,-0.00255584716796875,-0.004305839538574219,-0.0037164688110351562,-0.005762577056884766,-0.004118442535400391,-0.0033979415893554688,-0.0024137496948242188,-0.003200054168701172,-0.003570556640625,-0.0047359466552734375,-0.0048885345458984375,-0.003932952880859375,-0.004378318786621094,-0.0035147666931152344,-0.002544403076171875,-0.0033674240112304688,-0.003795623779296875,-0.006627082824707031,-0.0057659149169921875,-0.006997108459472656,-0.006760597229003906,-0.004866600036621094,-0.0037822723388671875,-0.005148410797119141,-0.005633354187011719
2059.5,-0.0013170242309570312,-0.0016541481018066406,-0.0018715858459472656,-0.0015683174133300781,-0.0013790130615234375,-0.0003018379211425781,-0.0012125968933105469,-0.0012831687927246094,-0.0019025802612304688,-0.0013628005981445312,-0.0024871826171875,-0.0021271705627441406,-0.0016989707946777344,-0.0014581680297851562,-0.0016679763793945312,-0.0018324851989746094,-0.0032205581665039062,-0.002765178680419922,-0.003204822540283203,-0.0029931068420410156,-0.00262451171875,-0.002223491668701172,-0.00243377685546875,-0.00255584716796875,-0.004305839538574219,-0.0037164688110351562,-0.005762577056884766,-0.004118442535400391,-0.0033979415893554688,-0.0024137496948242188,-0.003200054168701172,-0.003570556640625,-0.0047359466552734375,-0.0048885345458984375,-0.003932952880859375,-0.004378318786621094,-0.0035147666931152344,-0.002544403076171875,-0.0033674240112304688,-0.003795623779296875,-0.006627082824707031,-0.0057659149169921875,-0.006997108459472656,-0.006760597229003906,-0.004866600036621094,-0.0037822723388671875,-0.005148410797119141,-0.005633354187011719
2060.5,-0.0013170242309570312,-0.0016541481018066406,-0.0018715858459472656,-0.0015683174133300781,-0.0013790130615234375,-0.0003018379211425781,-0.0012125968933105469,-0.0012831687927246094,-0.0019025802612304688,-0.0013628005981445312,-0.0024871826171875,-0.0021271705627441406,-0.0016989707946777344,-0.0014581680297851562,-0.0016679763793945312,-0.0018324851989746094,-0.0032205581665039062,-0.002765178680419922,-0.003204822540283203,-0.0029931068420410156,-0.00262451171875,-0.002223491668701172,-0.00243377685546875,-0.00255584716796875,-0.004305839538574219,-0.0037164688110351562,-0.005762577056884766,-0.004118442535400391,-0.0033979415893554688,-0.0024137496948242188,-0.003200054168701172,-0.003570556640625,-0.0047359466552734375,-0.0048885345458984375,-0.003932952880859375,-0.004378318786621094,-0.0035147666931152344,-0.002544403076171875,-0.0033674240112304688,-0.003795623779296875,-0.006627082824707031,-0.0057659149169921875,-0.006997108459472656,-0.006760597229003906,-0.004866600036621094,-0.0037822723388671875,-0.005148410797119141,-0.005633354187011719
2061.5,-0.0013170242309570312,-0.0016541481018066406,-0.0018715858459472656,-0.0015683174133300781,-0.0013790130615234375,-0.0003018379211425781,-0.0012125968933105469,-0.0012831687927246094,-0.0019025802612304688,-0.0013628005981445312,-0.0024871826171875,-0.0021271705627441406,-0.0016989707946777344,-0.0014581680297851562,-0.0016679763793945312,-0.0018324851989746094,-0.0032205581665039062,-0.002765178680419922,-0.003204822540283203,-0.0029931068420410156,-0.00262451171875,-0.002223491668701172,-0.00243377685546875,-0.00255584716796875,-0.004305839538574219,-0.0037164688110351562,-0.005762577056884766,-0.004118442535400391,-0.0033979415893554688,-0.0024137496948242188,-0.003200054168701172,-0.003570556640625,-0.0047359466552734375,-0.0048885345458984375,-0.003932952880859375,-0.004378318786621094,-0.0035147666931152344,-0.002544403076171875,-0.0033674240112304688,-0.003795623779296875,-0.006627082824707031,-0.0057659149169921875,-0.006997108459472656,-0.006760597229003906,-0.004866600036621094,-0.0037822723388671875,-0.005148410797119141,-0.005633354187011719
2062.5,-0.0013170242309570312,-0.0016541481018066406,-0.0018715858459472656,-0.0015683174133300781,-0.0013790130615234375,-0.0003018379211425781,-0.0012125968933105469,-0.0012831687927246094,-0.0019025802612304688,-0.0013628005981445312,-0.0024871826171875,-0.0021271705627441406,-0.0016989707946777344,-0.0014581680297851562,-0.0016679763793945312,-0.0018324851989746094,-0.0032205581665039062,-0.002765178680419922,-0.003204822540283203,-0.0029931068420410156,-0.00262451171875,-0.002223491668701172,-0.00243377685546875,-0.00255584716796875,-0.004305839538574219,-0.0037164688110351562,-0.005762577056884766,-0.004118442535400391,-0.0033979415893554688,-0.0024137496948242188,-0.003200054168701172,-0.003570556640625,-0.0047359466552734375,-0.0048885345458984375,-0.003932952880859375,-0.004378318786621094,-0.0035147666931152344,-0.002544403076171875,-0.0033674240112304688,-0.003795623779296875,-0.006627082824707031,-0.0057659149169921875,-0.006997108459472656,-0.006760597229003906,-0.004866600036621094,-0.0037822723388671875,-0.005148410797119141,-0.005633354187011719
2063.5,-0.0013170242309570312,-0.0016541481018066406,-0.0018715858459472656,-0.0015683174133300781,-0.0013790130615234375,-0.0003018379211425781,-0.0012125968933105469,-0.0012831687927246094,-0.0019025802612304688,-0.0013628005981445312,-0.0024871826171875,-0.0021271705627441406,-0.0016989707946777344,-0.0014581680297851562,-0.0016679763793945312,-0.0018324851989746094,-0.0032205581665039062,-0.002765178680419922,-0.003204822540283203,-0.0029931068420410156,-0.00262451171875,-0.002223491668701172,-0.00243377685546875,-0.00255584716796875,-0.004305839538574219,-0.0037164688110351562,-0.005762577056884766,-0.004118442535400391,-0.0033979415893554688,-0.0024137496948242188,-0.003200054168701172,-0.003570556640625,-0.0047359466552734375,-0.0048885345458984375,-0.003932952880859375,-0.004378318786621094,-0.0035147666931152344,-0.002544403076171875,-0.0033674240112304688,-0.003795623779296875,-0.006627082824707031,-0.0057659149169921875,-0.006997108459472656,-0.006760597229003906,-0.004866600036621094,-0.0037822723388671875,-0.005148410797119141,-0.005633354187011719
2064.5,-0.0013170242309570312,-0.0016541481018066406,-0.0018715858459472656,-0.0015683174133300781,-0.0013790130615234375,-0.0003018379211425781,-0.0012125968933105469,-0.0012831687927246094,-0.0019025802612304688,-0.0013628005981445312,-0.0024871826171875,-0.0021271705627441406,-0.0016989707946777344,-0.0014581680297851562,-0.0016679763793945312,-0.0018324851989746094,-0.0032205581665039062,-0.002765178680419922,-0.003204822540283203,-0.0029931068420410156,-0.00262451171875,-0.002223491668701172,-0.00243377685546875,-0.00255584716796875,-0.004305839538574219,-0.0037164688110351562,-0.005762577056884766,-0.004118442535400391,-0.0033979415893554688,-0.0024137496948242188,-0.003200054168701172,-0.003570556640625,-0.0047359466552734375,-0.0048885345458984375,-0.003932952880859375,-0.004378318786621094,-0.0035147666931152344,-0.002544403076171875,-0.0033674240112304688,-0.003795623779296875,-0.006627082824707031,-0.0057659149169921875,-0.006997108459472656,-0.006760597229003906,-0.004866600036621094,-0.0037822723388671875,-0.005148410797119141,-0.005633354187011719
2065.5,-0.0013170242309570312,-0.0016541481018066406,-0.0018715858459472656,-0.0015683174133300781,-0.0013790130615234375,-0.0003018379211425781,-0.0012125968933105469,-0.0012831687927246094,-0.0019025802612304688,-0.0013628005981445312,-0.0024871826171875,-0.0021271705627441406,-0.0016989707946777344,-0.0014581680297851562,-0.0016679763793945312,-0.0018324851989746094,-0.0032205581665039062,-0.002765178680419922,-0.003204822540283203,-0.0029931068420410156,-0.00262451171875,-0.002223491668701172,-0.00243377685546875,-0.00255584716796875,-0.004305839538574219,-0.0037164688110351562,-0.005762577056884766,-0.004118442535400391,-0.0033979415893554688,-0.0024137496948242188,-0.003200054168701172,-0.003570556640625,-0.0047359466552734375,-0.0048885345458984375,-0.003932952880859375,-0.004378318786621094,-0.0035147666931152344,-0.002544403076171875,-0.0033674240112304688,-0.003795623779296875,-0.006627082824707031,-0.0057659149169921875,-0.006997108459472656,-0.006760597229003906,-0.004866600036621094,-0.0037822723388671875,-0.005148410797119141,-0.005633354187011719
2066.5,-0.0013170242309570312,-0.0016541481018066406,-0.0018715858459472656,-0.0015683174133300781,-0.0013790130615234375,-0.0003018379211425781,-0.0012125968933105469,-0.0012831687927246094,-0.0019025802612304688,-0.0013628005981445312,-0.0024871826171875,-0.0021271705627441406,-0.0016989707946777344,-0.0014581680297851562,-0.0016679763793945312,-0.0018324851989746094,-0.0032205581665039062,-0.002765178680419922,-0.003204822540283203,-0.0029931068420410156,-0.00262451171875,-0.002223491668701172,-0.00243377685546875,-0.00255584716796875,-0.004305839538574219,-0.0037164688110351562,-0.005762577056884766,-0.004118442535400391,-0.0033979415893554688,-0.0024137496948242188,-0.003200054168701172,-0.003570556640625,-0.0047359466552734375,-0.0048885345458984375,-0.003932952880859375,-0.004378318786621094,-0.0035147666931152344,-0.002544403076171875,-0.0033674240112304688,-0.003795623779296875,-0.006627082824707031,-0.0057659149169921875,-0.006997108459472656,-0.006760597229003906,-0.004866600036621094,-0.0037822723388671875,-0.005148410797119141,-0.005633354187011719
2067.5,-0.0013170242309570312,-0.0016541481018066406,-0.0018715858459472656,-0.0015683174133300781,-0.0013790130615234375,-0.0003018379211425781,-0.0012125968933105469,-0.0012831687927246094,-0.0019025802612304688,-0.0013628005981445312,-0.0024871826171875,-0.0021271705627441406,-0.0016989707946777344,-0.0014581680297851562,-0.0016679763793945312,-0.0018324851989746094,-0.0032205581665039062,-0.002765178680419922,-0.003204822540283203,-0.0029931068420410156,-0.00262451171875,-0.002223491668701172,-0.00243377685546875,-0.00255584716796875,-0.004305839538574219,-0.0037164688110351562,-0.005762577056884766,-0.004118442535400391,-0.0033979415893554688,-0.0024137496948242188,-0.003200054168701172,-0.003570556640625,-0.0047359466552734375,-0.0048885345458984375,-0.003932952880859375,-0.004378318786621094,-0.0035147666931152344,-0.002544403076171875,-0.0033674240112304688,-0.003795623779296875,-0.006627082824707031,-0.0057659149169921875,-0.006997108459472656,-0.006760597229003906,-0.004866600036621094,-0.0037822723388671875,-0.005148410797119141,-0.005633354187011719
2068.5,-0.0013170242309570312,-0.0016541481018066406,-0.0018715858459472656,-0.0015683174133300781,-0.0013790130615234375,-0.0003018379211425781,-0.0012125968933105469,-0.0012831687927246094,-0.0019025802612304688,-0.0013628005981445312,-0.0024871826171875,-0.0021271705627441406,-0.0016989707946777344,-0.0014581680297851562,-0.0016679763793945312,-0.0018324851989746094,-0.0032205581665039062,-0.002765178680419922,-0.003204822540283203,-0.0029931068420410156,-0.00262451171875,-0.002223491668701172,-0.00243377685546875,-0.00255584716796875,-0.004305839538574219,-0.0037164688110351562,-0.005762577056884766,-0.004118442535400391,-0.0033979415893554688,-0.0024137496948242188,-0.003200054168701172,-0.003570556640625,-0.0047359466552734375,-0.0048885345458984375,-0.003932952880859375,-0.004378318786621094,-0.0035147666931152344,-0.002544403076171875,-0.0033674240112304688,-0.003795623779296875,-0.006627082824707031,-0.0057659149169921875,-0.006997108459472656,-0.006760597229003906,-0.004866600036621094,-0.0037822723388671875,-0.005148410797119141,-0.005633354187011719
2069.5,-0.0013170242309570312,-0.0016541481018066406,-0.0018715858459472656,-0.0015683174133300781,-0.0013790130615234375,-0.0003018379211425781,-0.0012125968933105469,-0.0012831687927246094,-0.0019025802612304688,-0.0013628005981445312,-0.0024871826171875,-0.0021271705627441406,-0.0016989707946777344,-0.0014581680297851562,-0.0016679763793945312,-0.0018324851989746094,-0.0032205581665039062,-0.002765178680419922,-0.003204822540283203,-0.0029931068420410156,-0.00262451171875,-0.002223491668701172,-0.00243377685546875,-0.00255584716796875,-0.004305839538574219,-0.0037164688110351562,-0.005762577056884766,-0.004118442535400391,-0.0033979415893554688,-0.0024137496948242188,-0.003200054168701172,-0.003570556640625,-0.0047359466552734375,-0.0048885345458984375,-0.003932952880859375,-0.004378318786621094,-0.0035147666931152344,-0.002544403076171875,-0.0033674240112304688,-0.003795623779296875,-0.006627082824707031,-0.0057659149169921875,-0.006997108459472656,-0.006760597229003906,-0.004866600036621094,-0.0037822723388671875,-0.005148410797119141,-0.005633354187011719
2070.5,-0.0013170242309570312,-0.0016541481018066406,-0.0018715858459472656,-0.0015683174133300781,-0.0013790130615234375,-0.0003018379211425781,-0.0012125968933105469,-0.0012831687927246094,-0.0019025802612304688,-0.0013628005981445312,-0.0024871826171875,-0.0021271705627441406,-0.0016989707946777344,-0.0014581680297851562,-0.0016679763793945312,-0.0018324851989746094,-0.0032205581665039062,-0.002765178680419922,-0.003204822540283203,-0.0029931068420410156,-0.00262451171875,-0.002223491668701172,-0.00243377685546875,-0.00255584716796875,-0.004305839538574219,-0.0037164688110351562,-0.005762577056884766,-0.004118442535400391,-0.0033979415893554688,-0.0024137496948242188,-0.003200054168701172,-0.003570556640625,-0.0047359466552734375,-0.0048885345458984375,-0.003932952880859375,-0.004378318786621094,-0.0035147666931152344,-0.002544403076171875,-0.0033674240112304688,-0.003795623779296875,-0.006627082824707031,-0.0057659149169921875,-0.006997108459472656,-0.006760597229003906,-0.004866600036621094,-0.0037822723388671875,-0.005148410797119141,-0.005633354187011719
2071.5,-0.0013170242309570312,-0.0016541481018066406,-0.0018715858459472656,-0.0015683174133300781,-0.0013790130615234375,-0.0003018379211425781,-0.0012125968933105469,-0.0012831687927246094,-0.0019025802612304688,-0.0013628005981445312,-0.0024871826171875,-0.0021271705627441406,-0.0016989707946777344,-0.0014581680297851562,-0.0016679763793945312,-0.0018324851989746094,-0.0032205581665039062,-0.002765178680419922,-0.003204822540283203,-0.0029931068420410156,-0.00262451171875,-0.002223491668701172,-0.00243377685546875,-0.00255584716796875,-0.004305839538574219,-0.0037164688110351562,-0.005762577056884766,-0.004118442535400391,-0.0033979415893554688,-0.0024137496948242188,-0.003200054168701172,-0.003570556640625,-0.0047359466552734375,-0.0048885345458984375,-0.003932952880859375,-0.004378318786621094,-0.0035147666931152344,-0.002544403076171875,-0.0033674240112304688,-0.003795623779296875,-0.006627082824707031,-0.0057659149169921875,-0.006997108459472656,-0.006760597229003906,-0.004866600036621094,-0.0037822723388671875,-0.005148410797119141,-0.005633354187011719
2072.5,-0.0013170242309570312,-0.0016541481018066406,-0.0018715858459472656,-0.0015683174133300781,-0.0013790130615234375,-0.0003018379211425781,-0.0012125968933105469,-0.0012831687927246094,-0.0019025802612304688,-0.0013628005981445312,-0.0024871826171875,-0.0021271705627441406,-0.0016989707946777344,-0.0014581680297851562,-0.0016679763793945312,-0.0018324851989746094,-0.0032205581665039062,-0.002765178680419922,-0.003204822540283203,-0.0029931068420410156,-0.00262451171875,-0.002223491668701172,-0.00243377685546875,-0.00255584716796875,-0.004305839538574219,-0.0037164688110351562,-0.005762577056884766,-0.004118442535400391,-0.0033979415893554688,-0.0024137496948242188,-0.003200054168701172,-0.003570556640625,-0.0047359466552734375,-0.0048885345458984375,-0.003932952880859375,-0.004378318786621094,-0.0035147666931152344,-0.002544403076171875,-0.0033674240112304688,-0.003795623779296875,-0.006627082824707031,-0.0057659149169921875,-0.006997108459472656,-0.006760597229003906,-0.004866600036621094,-0.0037822723388671875,-0.005148410797119141,-0.005633354187011719
2073.5,-0.0013170242309570312,-0.0016541481018066406,-0.0018715858459472656,-0.0015683174133300781,-0.0013790130615234375,-0.0003018379211425781,-0.0012125968933105469,-0.0012831687927246094,-0.0019025802612304688,-0.0013628005981445312,-0.0024871826171875,-0.0021271705627441406,-0.0016989707946777344,-0.0014581680297851562,-0.0016679763793945312,-0.0018324851989746094,-0.0032205581665039062,-0.002765178680419922,-0.003204822540283203,-0.0029931068420410156,-0.00262451171875,-0.002223491668701172,-0.00243377685546875,-0.00255584716796875,-0.004305839538574219,-0.0037164688110351562,-0.005762577056884766,-0.004118442535400391,-0.0033979415893554688,-0.0024137496948242188,-0.003200054168701172,-0.003570556640625,-0.0047359466552734375,-0.0048885345458984375,-0.003932952880859375,-0.004378318786621094,-0.0035147666931152344,-0.002544403076171875,-0.0033674240112304688,-0.003795623779296875,-0.006627082824707031,-0.0057659149169921875,-0.006997108459472656,-0.006760597229003906,-0.004866600036621094,-0.0037822723388671875,-0.005148410797119141,-0.005633354187011719
2074.5,-0.0013170242309570312,-0.0016541481018066406,-0.0018715858459472656,-0.0015683174133300781,-0.0013790130615234375,-0.0003018379211425781,-0.0012125968933105469,-0.0012831687927246094,-0.0019025802612304688,-0.0013628005981445312,-0.0024871826171875,-0.0021271705627441406,-0.0016989707946777344,-0.0014581680297851562,-0.0016679763793945312,-0.0018324851989746094,-0.0032205581665039062,-0.002765178680419922,-0.003204822540283203,-0.0029931068420410156,-0.00262451171875,-0.002223491668701172,-0.00243377685546875,-0.00255584716796875,-0.004305839538574219,-0.0037164688110351562,-0.005762577056884766,-0.004118442535400391,-0.0033979415893554688,-0.0024137496948242188,-0.003200054168701172,-0.003570556640625,-0.0047359466552734375,-0.0048885345458984375,-0.003932952880859375,-0.004378318786621094,-0.0035147666931152344,-0.002544403076171875,-0.0033674240112304688,-0.003795623779296875,-0.006627082824707031,-0.0057659149169921875,-0.006997108459472656,-0.006760597229003906,-0.004866600036621094,-0.0037822723388671875,-0.005148410797119141,-0.005633354187011719
2075.5,-0.0013170242309570312,-0.0016541481018066406,-0.0018715858459472656,-0.0015683174133300781,-0.0013790130615234375,-0.0003018379211425781,-0.0012125968933105469,-0.0012831687927246094,-0.0019025802612304688,-0.0013628005981445312,-0.0024871826171875,-0.0021271705627441406,-0.0016989707946777344,-0.0014581680297851562,-0.0016679763793945312,-0.0018324851989746094,-0.0032205581665039062,-0.002765178680419922,-0.003204822540283203,-0.0029931068420410156,-0.00262451171875,-0.002223491668701172,-0.00243377685546875,-0.00255584716796875,-0.004305839538574219,-0.0037164688110351562,-0.005762577056884766,-0.004118442535400391,-0.0033979415893554688,-0.0024137496948242188,-0.003200054168701172,-0.003570556640625,-0.0047359466552734375,-0.0048885345458984375,-0.003932952880859375,-0.004378318786621094,-0.0035147666931152344,-0.002544403076171875,-0.0033674240112304688,-0.003795623779296875,-0.006627082824707031,-0.0057659149169921875,-0.006997108459472656,-0.006760597229003906,-0.004866600036621094,-0.0037822723388671875,-0.005148410797119141,-0.005633354187011719
2076.5,-0.0013170242309570312,-0.0016541481018066406,-0.0018715858459472656,-0.0015683174133300781,-0.0013790130615234375,-0.0003018379211425781,-0.0012125968933105469,-0.0012831687927246094,-0.0019025802612304688,-0.0013628005981445312,-0.0024871826171875,-0.0021271705627441406,-0.0016989707946777344,-0.0014581680297851562,-0.0016679763793945312,-0.0018324851989746094,-0.0032205581665039062,-0.002765178680419922,-0.003204822540283203,-0.0029931068420410156,-0.00262451171875,-0.002223491668701172,-0.00243377685546875,-0.00255584716796875,-0.004305839538574219,-0.0037164688110351562,-0.005762577056884766,-0.004118442535400391,-0.0033979415893554688,-0.0024137496948242188,-0.003200054168701172,-0.003570556640625,-0.0047359466552734375,-0.0048885345458984375,-0.003932952880859375,-0.004378318786621094,-0.0035147666931152344,-0.002544403076171875,-0.0033674240112304688,-0.003795623779296875,-0.006627082824707031,-0.0057659149169921875,-0.006997108459472656,-0.006760597229003906,-0.004866600036621094,-0.0037822723388671875,-0.005148410797119141,-0.005633354187011719
2077.5,-0.0013170242309570312,-0.0016541481018066406,-0.0018715858459472656,-0.0015683174133300781,-0.0013790130615234375,-0.0003018379211425781,-0.0012125968933105469,-0.0012831687927246094,-0.0019025802612304688,-0.0013628005981445312,-0.0024871826171875,-0.0021271705627441406,-0.0016989707946777344,-0.0014581680297851562,-0.0016679763793945312,-0.0018324851989746094,-0.0032205581665039062,-0.002765178680419922,-0.003204822540283203,-0.0029931068420410156,-0.00262451171875,-0.002223491668701172,-0.00243377685546875,-0.00255584716796875,-0.004305839538574219,-0.0037164688110351562,-0.005762577056884766,-0.004118442535400391,-0.0033979415893554688,-0.0024137496948242188,-0.003200054168701172,-0.003570556640625,-0.0047359466552734375,-0.0048885345458984375,-0.003932952880859375,-0.004378318786621094,-0.0035147666931152344,-0.002544403076171875,-0.0033674240112304688,-0.003795623779296875,-0.006627082824707031,-0.0057659149169921875,-0.006997108459472656,-0.006760597229003906,-0.004866600036621094,-0.0037822723388671875,-0.005148410797119141,-0.005633354187011719
2078.5,-0.0013170242309570312,-0.0016541481018066406,-0.0018715858459472656,-0.0015683174133300781,-0.0013790130615234375,-0.0003018379211425781,-0.0012125968933105469,-0.0012831687927246094,-0.0019025802612304688,-0.0013628005981445312,-0.0024871826171875,-0.0021271705627441406,-0.0016989707946777344,-0.0014581680297851562,-0.0016679763793945312,-0.0018324851989746094,-0.0032205581665039062,-0.002765178680419922,-0.003204822540283203,-0.0029931068420410156,-0.00262451171875,-0.002223491668701172,-0.00243377685546875,-0.00255584716796875,-0.004305839538574219,-0.0037164688110351562,-0.005762577056884766,-0.004118442535400391,-0.0033979415893554688,-0.0024137496948242188,-0.003200054168701172,-0.003570556640625,-0.0047359466552734375,-0.0048885345458984375,-0.003932952880859375,-0.004378318786621094,-0.0035147666931152344,-0.002544403076171875,-0.0033674240112304688,-0.003795623779296875,-0.006627082824707031,-0.0057659149169921875,-0.006997108459472656,-0.006760597229003906,-0.004866600036621094,-0.0037822723388671875,-0.005148410797119141,-0.005633354187011719
2079.5,-0.0013170242309570312,-0.0016541481018066406,-0.0018715858459472656,-0.0015683174133300781,-0.0013790130615234375,-0.0003018379211425781,-0.0012125968933105469,-0.0012831687927246094,-0.0019025802612304688,-0.0013628005981445312,-0.0024871826171875,-0.0021271705627441406,-0.0016989707946777344,-0.0014581680297851562,-0.0016679763793945312,-0.0018324851989746094,-0.0032205581665039062,-0.002765178680419922,-0.003204822540283203,-0.0029931068420410156,-0.00262451171875,-0.002223491668701172,-0.00243377685546875,-0.00255584716796875,-0.004305839538574219,-0.0037164688110351562,-0.005762577056884766,-0.004118442535400391,-0.0033979415893554688,-0.0024137496948242188,-0.003200054168701172,-0.003570556640625,-0.0047359466552734375,-0.0048885345458984375,-0.003932952880859375,-0.004378318786621094,-0.0035147666931152344,-0.002544403076171875,-0.0033674240112304688,-0.003795623779296875,-0.006627082824707031,-0.0057659149169921875,-0.006997108459472656,-0.006760597229003906,-0.004866600036621094,-0.0037822723388671875,-0.005148410797119141,-0.005633354187011719
2080.5,-0.0013170242309570312,-0.0016541481018066406,-0.0018715858459472656,-0.0015683174133300781,-0.0013790130615234375,-0.0003018379211425781,-0.0012125968933105469,-0.0012831687927246094,-0.0019025802612304688,-0.0013628005981445312,-0.0024871826171875,-0.0021271705627441406,-0.0016989707946777344,-0.0014581680297851562,-0.0016679763793945312,-0.0018324851989746094,-0.0032205581665039062,-0.002765178680419922,-0.003204822540283203,-0.0029931068420410156,-0.00262451171875,-0.002223491668701172,-0.00243377685546875,-0.00255584716796875,-0.004305839538574219,-0.0037164688110351562,-0.005762577056884766,-0.004118442535400391,-0.0033979415893554688,-0.0024137496948242188,-0.003200054168701172,-0.003570556640625,-0.0047359466552734375,-0.0048885345458984375,-0.003932952880859375,-0.004378318786621094,-0.0035147666931152344,-0.002544403076171875,-0.0033674240112304688,-0.003795623779296875,-0.006627082824707031,-0.0057659149169921875,-0.006997108459472656,-0.006760597229003906,-0.004866600036621094,-0.0037822723388671875,-0.005148410797119141,-0.005633354187011719
2081.5,-0.0013170242309570312,-0.0016541481018066406,-0.0018715858459472656,-0.0015683174133300781,-0.0013790130615234375,-0.0003018379211425781,-0.0012125968933105469,-0.0012831687927246094,-0.0019025802612304688,-0.0013628005981445312,-0.0024871826171875,-0.0021271705627441406,-0.0016989707946777344,-0.0014581680297851562,-0.0016679763793945312,-0.0018324851989746094,-0.0032205581665039062,-0.002765178680419922,-0.003204822540283203,-0.0029931068420410156,-0.00262451171875,-0.002223491668701172,-0.00243377685546875,-0.00255584716796875,-0.004305839538574219,-0.0037164688110351562,-0.005762577056884766,-0.004118442535400391,-0.0033979415893554688,-0.0024137496948242188,-0.003200054168701172,-0.003570556640625,-0.0047359466552734375,-0.0048885345458984375,-0.003932952880859375,-0.004378318786621094,-0.0035147666931152344,-0.002544403076171875,-0.0033674240112304688,-0.003795623779296875,-0.006627082824707031,-0.0057659149169921875,-0.006997108459472656,-0.006760597229003906,-0.004866600036621094,-0.0037822723388671875,-0.005148410797119141,-0.005633354187011719
2082.5,-0.0013170242309570312,-0.0016541481018066406,-0.0018715858459472656,-0.0015683174133300781,-0.0013790130615234375,-0.0003018379211425781,-0.0012125968933105469,-0.0012831687927246094,-0.0019025802612304688,-0.0013628005981445312,-0.0024871826171875,-0.0021271705627441406,-0.0016989707946777344,-0.0014581680297851562,-0.0016679763793945312,-0.0018324851989746094,-0.0032205581665039062,-0.002765178680419922,-0.003204822540283203,-0.0029931068420410156,-0.00262451171875,-0.002223491668701172,-0.00243377685546875,-0.00255584716796875,-0.004305839538574219,-0.0037164688110351562,-0.005762577056884766,-0.004118442535400391,-0.0033979415893554688,-0.0024137496948242188,-0.003200054168701172,-0.003570556640625,-0.0047359466552734375,-0.0048885345458984375,-0.003932952880859375,-0.004378318786621094,-0.0035147666931152344,-0.002544403076171875,-0.0033674240112304688,-0.003795623779296875,-0.006627082824707031,-0.0057659149169921875,-0.006997108459472656,-0.006760597229003906,-0.004866600036621094,-0.0037822723388671875,-0.005148410797119141,-0.005633354187011719
2083.5,-0.0013170242309570312,-0.0016541481018066406,-0.0018715858459472656,-0.0015683174133300781,-0.0013790130615234375,-0.0003018379211425781,-0.0012125968933105469,-0.0012831687927246094,-0.0019025802612304688,-0.0013628005981445312,-0.0024871826171875,-0.0021271705627441406,-0.0016989707946777344,-0.0014581680297851562,-0.0016679763793945312,-0.0018324851989746094,-0.0032205581665039062,-0.002765178680419922,-0.003204822540283203,-0.0029931068420410156,-0.00262451171875,-0.002223491668701172,-0.00243377685546875,-0.00255584716796875,-0.004305839538574219,-0.0037164688110351562,-0.005762577056884766,-0.004118442535400391,-0.0033979415893554688,-0.0024137496948242188,-0.003200054168701172,-0.003570556640625,-0.0047359466552734375,-0.0048885345458984375,-0.003932952880859375,-0.004378318786621094,-0.0035147666931152344,-0.002544403076171875,-0.0033674240112304688,-0.003795623779296875,-0.006627082824707031,-0.0057659149169921875,-0.006997108459472656,-0.006760597229003906,-0.004866600036621094,-0.0037822723388671875,-0.005148410797119141,-0.005633354187011719
2084.5,-0.0013170242309570312,-0.0016541481018066406,-0.0018715858459472656,-0.0015683174133300781,-0.0013790130615234375,-0.0003018379211425781,-0.0012125968933105469,-0.0012831687927246094,-0.0019025802612304688,-0.0013628005981445312,-0.0024871826171875,-0.0021271705627441406,-0.0016989707946777344,-0.0014581680297851562,-0.0016679763793945312,-0.0018324851989746094,-0.0032205581665039062,-0.002765178680419922,-0.003204822540283203,-0.0029931068420410156,-0.00262451171875,-0.002223491668701172,-0.00243377685546875,-0.00255584716796875,-0.004305839538574219,-0.0037164688110351562,-0.005762577056884766,-0.004118442535400391,-0.0033979415893554688,-0.0024137496948242188,-0.003200054168701172,-0.003570556640625,-0.0047359466552734375,-0.0048885345458984375,-0.003932952880859375,-0.004378318786621094,-0.0035147666931152344,-0.002544403076171875,-0.0033674240112304688,-0.003795623779296875,-0.006627082824707031,-0.0057659149169921875,-0.006997108459472656,-0.006760597229003906,-0.004866600036621094,-0.0037822723388671875,-0.005148410797119141,-0.005633354187011719
2085.5,-0.0013170242309570312,-0.0016541481018066406,-0.0018715858459472656,-0.0015683174133300781,-0.0013790130615234375,-0.0003018379211425781,-0.0012125968933105469,-0.0012831687927246094,-0.0019025802612304688,-0.0013628005981445312,-0.0024871826171875,-0.0021271705627441406,-0.0016989707946777344,-0.0014581680297851562,-0.0016679763793945312,-0.0018324851989746094,-0.0032205581665039062,-0.002765178680419922,-0.003204822540283203,-0.0029931068420410156,-0.00262451171875,-0.002223491668701172,-0.00243377685546875,-0.00255584716796875,-0.004305839538574219,-0.0037164688110351562,-0.005762577056884766,-0.004118442535400391,-0.0033979415893554688,-0.0024137496948242188,-0.003200054168701172,-0.003570556640625,-0.0047359466552734375,-0.0048885345458984375,-0.003932952880859375,-0.004378318786621094,-0.0035147666931152344,-0.002544403076171875,-0.0033674240112304688,-0.003795623779296875,-0.006627082824707031,-0.0057659149169921875,-0.006997108459472656,-0.006760597229003906,-0.004866600036621094,-0.0037822723388671875,-0.005148410797119141,-0.005633354187011719
2086.5,-0.0013170242309570312,-0.0016541481018066406,-0.0018715858459472656,-0.0015683174133300781,-0.0013790130615234375,-0.0003018379211425781,-0.0012125968933105469,-0.0012831687927246094,-0.0019025802612304688,-0.0013628005981445312,-0.0024871826171875,-0.0021271705627441406,-0.0016989707946777344,-0.0014581680297851562,-0.0016679763793945312,-0.0018324851989746094,-0.0032205581665039062,-0.002765178680419922,-0.003204822540283203,-0.0029931068420410156,-0.00262451171875,-0.002223491668701172,-0.00243377685546875,-0.00255584716796875,-0.004305839538574219,-0.0037164688110351562,-0.005762577056884766,-0.004118442535400391,-0.0033979415893554688,-0.0024137496948242188,-0.003200054168701172,-0.003570556640625,-0.0047359466552734375,-0.0048885345458984375,-0.003932952880859375,-0.004378318786621094,-0.0035147666931152344,-0.002544403076171875,-0.0033674240112304688,-0.003795623779296875,-0.006627082824707031,-0.0057659149169921875,-0.006997108459472656,-0.006760597229003906,-0.004866600036621094,-0.0037822723388671875,-0.005148410797119141,-0.005633354187011719
2087.5,-0.0013170242309570312,-0.0016541481018066406,-0.0018715858459472656,-0.0015683174133300781,-0.0013790130615234375,-0.0003018379211425781,-0.0012125968933105469,-0.0012831687927246094,-0.0019025802612304688,-0.0013628005981445312,-0.0024871826171875,-0.0021271705627441406,-0.0016989707946777344,-0.0014581680297851562,-0.0016679763793945312,-0.0018324851989746094,-0.0032205581665039062,-0.002765178680419922,-0.003204822540283203,-0.0029931068420410156,-0.00262451171875,-0.002223491668701172,-0.00243377685546875,-0.00255584716796875,-0.004305839538574219,-0.0037164688110351562,-0.005762577056884766,-0.004118442535400391,-0.0033979415893554688,-0.0024137496948242188,-0.003200054168701172,-0.003570556640625,-0.0047359466552734375,-0.0048885345458984375,-0.003932952880859375,-0.004378318786621094,-0.0035147666931152344,-0.002544403076171875,-0.0033674240112304688,-0.003795623779296875,-0.006627082824707031,-0.0057659149169921875,-0.006997108459472656,-0.006760597229003906,-0.004866600036621094,-0.0037822723388671875,-0.005148410797119141,-0.005633354187011719
2088.5,-0.0013170242309570312,-0.0016541481018066406,-0.0018715858459472656,-0.0015683174133300781,-0.0013790130615234375,-0.0003018379211425781,-0.0012125968933105469,-0.0012831687927246094,-0.0019025802612304688,-0.0013628005981445312,-0.0024871826171875,-0.0021271705627441406,-0.0016989707946777344,-0.0014581680297851562,-0.0016679763793945312,-0.0018324851989746094,-0.0032205581665039062,-0.002765178680419922,-0.003204822540283203,-0.0029931068420410156,-0.00262451171875,-0.002223491668701172,-0.00243377685546875,-0.00255584716796875,-0.004305839538574219,-0.0037164688110351562,-0.005762577056884766,-0.004118442535400391,-0.0033979415893554688,-0.0024137496948242188,-0.003200054168701172,-0.003570556640625,-0.0047359466552734375,-0.0048885345458984375,-0.003932952880859375,-0.004378318786621094,-0.0035147666931152344,-0.002544403076171875,-0.0033674240112304688,-0.003795623779296875,-0.006627082824707031,-0.0057659149169921875,-0.006997108459472656,-0.006760597229003906,-0.004866600036621094,-0.0037822723388671875,-0.005148410797119141,-0.005633354187011719
2089.5,-0.0013170242309570312,-0.0016541481018066406,-0.0018715858459472656,-0.0015683174133300781,-0.0013790130615234375,-0.0003018379211425781,-0.0012125968933105469,-0.0012831687927246094,-0.0019025802612304688,-0.0013628005981445312,-0.0024871826171875,-0.0021271705627441406,-0.0016989707946777344,-0.0014581680297851562,-0.0016679763793945312,-0.0018324851989746094,-0.0032205581665039062,-0.002765178680419922,-0.003204822540283203,-0.0029931068420410156,-0.00262451171875,-0.002223491668701172,-0.00243377685546875,-0.00255584716796875,-0.004305839538574219,-0.0037164688110351562,-0.005762577056884766,-0.004118442535400391,-0.0033979415893554688,-0.0024137496948242188,-0.003200054168701172,-0.003570556640625,-0.0047359466552734375,-0.0048885345458984375,-0.003932952880859375,-0.004378318786621094,-0.0035147666931152344,-0.002544403076171875,-0.0033674240112304688,-0.003795623779296875,-0.006627082824707031,-0.0057659149169921875,-0.006997108459472656,-0.006760597229003906,-0.004866600036621094,-0.0037822723388671875,-0.005148410797119141,-0.005633354187011719
2090.5,-0.0013170242309570312,-0.0016541481018066406,-0.0018715858459472656,-0.0015683174133300781,-0.0013790130615234375,-0.0003018379211425781,-0.0012125968933105469,-0.0012831687927246094,-0.0019025802612304688,-0.0013628005981445312,-0.0024871826171875,-0.0021271705627441406,-0.0016989707946777344,-0.0014581680297851562,-0.0016679763793945312,-0.0018324851989746094,-0.0032205581665039062,-0.002765178680419922,-0.003204822540283203,-0.0029931068420410156,-0.00262451171875,-0.002223491668701172,-0.00243377685546875,-0.00255584716796875,-0.004305839538574219,-0.0037164688110351562,-0.005762577056884766,-0.004118442535400391,-0.0033979415893554688,-0.0024137496948242188,-0.003200054168701172,-0.003570556640625,-0.0047359466552734375,-0.0048885345458984375,-0.003932952880859375,-0.004378318786621094,-0.0035147666931152344,-0.002544403076171875,-0.0033674240112304688,-0.003795623779296875,-0.006627082824707031,-0.0057659149169921875,-0.006997108459472656,-0.006760597229003906,-0.004866600036621094,-0.0037822723388671875,-0.005148410797119141,-0.005633354187011719
2091.5,-0.0013170242309570312,-0.0016541481018066406,-0.0018715858459472656,-0.0015683174133300781,-0.0013790130615234375,-0.0003018379211425781,-0.0012125968933105469,-0.0012831687927246094,-0.0019025802612304688,-0.0013628005981445312,-0.0024871826171875,-0.0021271705627441406,-0.0016989707946777344,-0.0014581680297851562,-0.0016679763793945312,-0.0018324851989746094,-0.0032205581665039062,-0.002765178680419922,-0.003204822540283203,-0.0029931068420410156,-0.00262451171875,-0.002223491668701172,-0.00243377685546875,-0.00255584716796875,-0.004305839538574219,-0.0037164688110351562,-0.005762577056884766,-0.004118442535400391,-0.0033979415893554688,-0.0024137496948242188,-0.003200054168701172,-0.003570556640625,-0.0047359466552734375,-0.0048885345458984375,-0.003932952880859375,-0.004378318786621094,-0.0035147666931152344,-0.002544403076171875,-0.0033674240112304688,-0.003795623779296875,-0.006627082824707031,-0.0057659149169921875,-0.006997108459472656,-0.006760597229003906,-0.004866600036621094,-0.0037822723388671875,-0.005148410797119141,-0.005633354187011719
2092.5,-0.0013170242309570312,-0.0016541481018066406,-0.0018715858459472656,-0.0015683174133300781,-0.0013790130615234375,-0.0003018379211425781,-0.0012125968933105469,-0.0012831687927246094,-0.0019025802612304688,-0.0013628005981445312,-0.0024871826171875,-0.0021271705627441406,-0.0016989707946777344,-0.0014581680297851562,-0.0016679763793945312,-0.0018324851989746094,-0.0032205581665039062,-0.002765178680419922,-0.003204822540283203,-0.0029931068420410156,-0.00262451171875,-0.002223491668701172,-0.00243377685546875,-0.00255584716796875,-0.004305839538574219,-0.0037164688110351562,-0.005762577056884766,-0.004118442535400391,-0.0033979415893554688,-0.0024137496948242188,-0.003200054168701172,-0.003570556640625,-0.0047359466552734375,-0.0048885345458984375,-0.003932952880859375,-0.004378318786621094,-0.0035147666931152344,-0.002544403076171875,-0.0033674240112304688,-0.003795623779296875,-0.006627082824707031,-0.0057659149169921875,-0.006997108459472656,-0.006760597229003906,-0.004866600036621094,-0.0037822723388671875,-0.005148410797119141,-0.005633354187011719
2093.5,-0.0013170242309570312,-0.0016541481018066406,-0.0018715858459472656,-0.0015683174133300781,-0.0013790130615234375,-0.0003018379211425781,-0.0012125968933105469,-0.0012831687927246094,-0.0019025802612304688,-0.0013628005981445312,-0.0024871826171875,-0.0021271705627441406,-0.0016989707946777344,-0.0014581680297851562,-0.0016679763793945312,-0.0018324851989746094,-0.0032205581665039062,-0.002765178680419922,-0.003204822540283203,-0.0029931068420410156,-0.00262451171875,-0.002223491668701172,-0.00243377685546875,-0.00255584716796875,-0.004305839538574219,-0.0037164688110351562,-0.005762577056884766,-0.004118442535400391,-0.0033979415893554688,-0.0024137496948242188,-0.003200054168701172,-0.003570556640625,-0.0047359466552734375,-0.0048885345458984375,-0.003932952880859375,-0.004378318786621094,-0.0035147666931152344,-0.002544403076171875,-0.0033674240112304688,-0.003795623779296875,-0.006627082824707031,-0.0057659149169921875,-0.006997108459472656,-0.006760597229003906,-0.004866600036621094,-0.0037822723388671875,-0.005148410797119141,-0.005633354187011719
2094.5,-0.0013170242309570312,-0.0016541481018066406,-0.0018715858459472656,-0.0015683174133300781,-0.0013790130615234375,-0.0003018379211425781,-0.0012125968933105469,-0.0012831687927246094,-0.0019025802612304688,-0.0013628005981445312,-0.0024871826171875,-0.0021271705627441406,-0.0016989707946777344,-0.0014581680297851562,-0.0016679763793945312,-0.0018324851989746094,-0.0032205581665039062,-0.002765178680419922,-0.003204822540283203,-0.0029931068420410156,-0.00262451171875,-0.002223491668701172,-0.00243377685546875,-0.00255584716796875,-0.004305839538574219,-0.0037164688110351562,-0.005762577056884766,-0.004118442535400391,-0.0033979415893554688,-0.0024137496948242188,-0.003200054168701172,-0.003570556640625,-0.0047359466552734375,-0.0048885345458984375,-0.003932952880859375,-0.004378318786621094,-0.0035147666931152344,-0.002544403076171875,-0.0033674240112304688,-0.003795623779296875,-0.006627082824707031,-0.0057659149169921875,-0.006997108459472656,-0.006760597229003906,-0.004866600036621094,-0.0037822723388671875,-0.005148410797119141,-0.005633354187011719
2095.5,-0.0013170242309570312,-0.0016541481018066406,-0.0018715858459472656,-0.0015683174133300781,-0.0013790130615234375,-0.0003018379211425781,-0.0012125968933105469,-0.0012831687927246094,-0.0019025802612304688,-0.0013628005981445312,-0.0024871826171875,-0.0021271705627441406,-0.0016989707946777344,-0.0014581680297851562,-0.0016679763793945312,-0.0018324851989746094,-0.0032205581665039062,-0.002765178680419922,-0.003204822540283203,-0.0029931068420410156,-0.00262451171875,-0.002223491668701172,-0.00243377685546875,-0.00255584716796875,-0.004305839538574219,-0.0037164688110351562,-0.005762577056884766,-0.004118442535400391,-0.0033979415893554688,-0.0024137496948242188,-0.003200054168701172,-0.003570556640625,-0.0047359466552734375,-0.0048885345458984375,-0.003932952880859375,-0.004378318786621094,-0.0035147666931152344,-0.002544403076171875,-0.0033674240112304688,-0.003795623779296875,-0.006627082824707031,-0.0057659149169921875,-0.006997108459472656,-0.006760597229003906,-0.004866600036621094,-0.0037822723388671875,-0.005148410797119141,-0.005633354187011719
2096.5,-0.0013170242309570312,-0.0016541481018066406,-0.0018715858459472656,-0.0015683174133300781,-0.0013790130615234375,-0.0003018379211425781,-0.0012125968933105469,-0.0012831687927246094,-0.0019025802612304688,-0.0013628005981445312,-0.0024871826171875,-0.0021271705627441406,-0.0016989707946777344,-0.0014581680297851562,-0.0016679763793945312,-0.0018324851989746094,-0.0032205581665039062,-0.002765178680419922,-0.003204822540283203,-0.0029931068420410156,-0.00262451171875,-0.002223491668701172,-0.00243377685546875,-0.00255584716796875,-0.004305839538574219,-0.0037164688110351562,-0.005762577056884766,-0.004118442535400391,-0.0033979415893554688,-0.0024137496948242188,-0.003200054168701172,-0.003570556640625,-0.0047359466552734375,-0.0048885345458984375,-0.003932952880859375,-0.004378318786621094,-0.0035147666931152344,-0.002544403076171875,-0.0033674240112304688,-0.003795623779296875,-0.006627082824707031,-0.0057659149169921875,-0.006997108459472656,-0.006760597229003906,-0.004866600036621094,-0.0037822723388671875,-0.005148410797119141,-0.005633354187011719
2097.5,-0.0013170242309570312,-0.0016541481018066406,-0.0018715858459472656,-0.0015683174133300781,-0.0013790130615234375,-0.0003018379211425781,-0.0012125968933105469,-0.0012831687927246094,-0.0019025802612304688,-0.0013628005981445312,-0.0024871826171875,-0.0021271705627441406,-0.0016989707946777344,-0.0014581680297851562,-0.0016679763793945312,-0.0018324851989746094,-0.0032205581665039062,-0.002765178680419922,-0.003204822540283203,-0.0029931068420410156,-0.00262451171875,-0.002223491668701172,-0.00243377685546875,-0.00255584716796875,-0.004305839538574219,-0.0037164688110351562,-0.005762577056884766,-0.004118442535400391,-0.0033979415893554688,-0.0024137496948242188,-0.003200054168701172,-0.003570556640625,-0.0047359466552734375,-0.0048885345458984375,-0.003932952880859375,-0.004378318786621094,-0.0035147666931152344,-0.002544403076171875,-0.0033674240112304688,-0.003795623779296875,-0.006627082824707031,-0.0057659149169921875,-0.006997108459472656,-0.006760597229003906,-0.004866600036621094,-0.0037822723388671875,-0.005148410797119141,-0.005633354187011719
2098.5,-0.0013170242309570312,-0.0016541481018066406,-0.0018715858459472656,-0.0015683174133300781,-0.0013790130615234375,-0.0003018379211425781,-0.0012125968933105469,-0.0012831687927246094,-0.0019025802612304688,-0.0013628005981445312,-0.0024871826171875,-0.0021271705627441406,-0.0016989707946777344,-0.0014581680297851562,-0.0016679763793945312,-0.0018324851989746094,-0.0032205581665039062,-0.002765178680419922,-0.003204822540283203,-0.0029931068420410156,-0.00262451171875,-0.002223491668701172,-0.00243377685546875,-0.00255584716796875,-0.004305839538574219,-0.0037164688110351562,-0.005762577056884766,-0.004118442535400391,-0.0033979415893554688,-0.0024137496948242188,-0.003200054168701172,-0.003570556640625,-0.0047359466552734375,-0.0048885345458984375,-0.003932952880859375,-0.004378318786621094,-0.0035147666931152344,-0.002544403076171875,-0.0033674240112304688,-0.003795623779296875,-0.006627082824707031,-0.0057659149169921875,-0.006997108459472656,-0.006760597229003906,-0.004866600036621094,-0.0037822723388671875,-0.005148410797119141,-0.005633354187011719
2099.5,-0.0013170242309570312,-0.0016541481018066406,-0.0018715858459472656,-0.0015683174133300781,-0.0013790130615234375,-0.0003018379211425781,-0.0012125968933105469,-0.0012831687927246094,-0.0019025802612304688,-0.0013628005981445312,-0.0024871826171875,-0.0021271705627441406,-0.0016989707946777344,-0.0014581680297851562,-0.0016679763793945312,-0.0018324851989746094,-0.0032205581665039062,-0.002765178680419922,-0.003204822540283203,-0.0029931068420410156,-0.00262451171875,-0.002223491668701172,-0.00243377685546875,-0.00255584716796875,-0.004305839538574219,-0.0037164688110351562,-0.005762577056884766,-0.004118442535400391,-0.0033979415893554688,-0.0024137496948242188,-0.003200054168701172,-0.003570556640625,-0.0047359466552734375,-0.0048885345458984375,-0.003932952880859375,-0.004378318786621094,-0.0035147666931152344,-0.002544403076171875,-0.0033674240112304688,-0.003795623779296875,-0.006627082824707031,-0.0057659149169921875,-0.006997108459472656,-0.006760597229003906,-0.004866600036621094,-0.0037822723388671875,-0.005148410797119141,-0.005633354187011719
2100.5,-0.0013170242309570312,-0.0016541481018066406,-0.0018715858459472656,-0.0015683174133300781,-0.0013790130615234375,-0.0003018379211425781,-0.0012125968933105469,-0.0012831687927246094,-0.0019025802612304688,-0.0013628005981445312,-0.0024871826171875,-0.0021271705627441406,-0.0016989707946777344,-0.0014581680297851562,-0.0016679763793945312,-0.0018324851989746094,-0.0032205581665039062,-0.002765178680419922,-0.003204822540283203,-0.0029931068420410156,-0.00262451171875,-0.002223491668701172,-0.00243377685546875,-0.00255584716796875,-0.004305839538574219,-0.0037164688110351562,-0.005762577056884766,-0.004118442535400391,-0.0033979415893554688,-0.0024137496948242188,-0.003200054168701172,-0.003570556640625,-0.0047359466552734375,-0.0048885345458984375,-0.003932952880859375,-0.004378318786621094,-0.0035147666931152344,-0.002544403076171875,-0.0033674240112304688,-0.003795623779296875,-0.006627082824707031,-0.0057659149169921875,-0.006997108459472656,-0.006760597229003906,-0.004866600036621094,-0.0037822723388671875,-0.005148410797119141,-0.005633354187011719
2101.5,-0.0013170242309570312,-0.0016541481018066406,-0.0018715858459472656,-0.0015683174133300781,-0.0013790130615234375,-0.0003018379211425781,-0.0012125968933105469,-0.0012831687927246094,-0.0019025802612304688,-0.0013628005981445312,-0.0024871826171875,-0.0021271705627441406,-0.0016989707946777344,-0.0014581680297851562,-0.0016679763793945312,-0.0018324851989746094,-0.0032205581665039062,-0.002765178680419922,-0.003204822540283203,-0.0029931068420410156,-0.00262451171875,-0.002223491668701172,-0.00243377685546875,-0.00255584716796875,-0.004305839538574219,-0.0037164688110351562,-0.005762577056884766,-0.004118442535400391,-0.0033979415893554688,-0.0024137496948242188,-0.003200054168701172,-0.003570556640625,-0.0047359466552734375,-0.0048885345458984375,-0.003932952880859375,-0.004378318786621094,-0.0035147666931152344,-0.002544403076171875,-0.0033674240112304688,-0.003795623779296875,-0.006627082824707031,-0.0057659149169921875,-0.006997108459472656,-0.006760597229003906,-0.004866600036621094,-0.0037822723388671875,-0.005148410797119141,-0.005633354187011719
2102.5,-0.0013170242309570312,-0.0016541481018066406,-0.0018715858459472656,-0.0015683174133300781,-0.0013790130615234375,-0.0003018379211425781,-0.0012125968933105469,-0.0012831687927246094,-0.0019025802612304688,-0.0013628005981445312,-0.0024871826171875,-0.0021271705627441406,-0.0016989707946777344,-0.0014581680297851562,-0.0016679763793945312,-0.0018324851989746094,-0.0032205581665039062,-0.002765178680419922,-0.003204822540283203,-0.0029931068420410156,-0.00262451171875,-0.002223491668701172,-0.00243377685546875,-0.00255584716796875,-0.004305839538574219,-0.0037164688110351562,-0.005762577056884766,-0.004118442535400391,-0.0033979415893554688,-0.0024137496948242188,-0.003200054168701172,-0.003570556640625,-0.0047359466552734375,-0.0048885345458984375,-0.003932952880859375,-0.004378318786621094,-0.0035147666931152344,-0.002544403076171875,-0.0033674240112304688,-0.003795623779296875,-0.006627082824707031,-0.0057659149169921875,-0.006997108459472656,-0.006760597229003906,-0.004866600036621094,-0.0037822723388671875,-0.005148410797119141,-0.005633354187011719
2103.5,-0.0013170242309570312,-0.0016541481018066406,-0.0018715858459472656,-0.0015683174133300781,-0.0013790130615234375,-0.0003018379211425781,-0.0012125968933105469,-0.0012831687927246094,-0.0019025802612304688,-0.0013628005981445312,-0.0024871826171875,-0.0021271705627441406,-0.0016989707946777344,-0.0014581680297851562,-0.0016679763793945312,-0.0018324851989746094,-0.0032205581665039062,-0.002765178680419922,-0.003204822540283203,-0.0029931068420410156,-0.00262451171875,-0.002223491668701172,-0.00243377685546875,-0.00255584716796875,-0.004305839538574219,-0.0037164688110351562,-0.005762577056884766,-0.004118442535400391,-0.0033979415893554688,-0.0024137496948242188,-0.003200054168701172,-0.003570556640625,-0.0047359466552734375,-0.0048885345458984375,-0.003932952880859375,-0.004378318786621094,-0.0035147666931152344,-0.002544403076171875,-0.0033674240112304688,-0.003795623779296875,-0.006627082824707031,-0.0057659149169921875,-0.006997108459472656,-0.006760597229003906,-0.004866600036621094,-0.0037822723388671875,-0.005148410797119141,-0.005633354187011719
2104.5,-0.0013170242309570312,-0.0016541481018066406,-0.0018715858459472656,-0.0015683174133300781,-0.0013790130615234375,-0.0003018379211425781,-0.0012125968933105469,-0.0012831687927246094,-0.0019025802612304688,-0.0013628005981445312,-0.0024871826171875,-0.0021271705627441406,-0.0016989707946777344,-0.0014581680297851562,-0.0016679763793945312,-0.0018324851989746094,-0.0032205581665039062,-0.002765178680419922,-0.003204822540283203,-0.0029931068420410156,-0.00262451171875,-0.002223491668701172,-0.00243377685546875,-0.00255584716796875,-0.004305839538574219,-0.0037164688110351562,-0.005762577056884766,-0.004118442535400391,-0.0033979415893554688,-0.0024137496948242188,-0.003200054168701172,-0.003570556640625,-0.0047359466552734375,-0.0048885345458984375,-0.003932952880859375,-0.004378318786621094,-0.0035147666931152344,-0.002544403076171875,-0.0033674240112304688,-0.003795623779296875,-0.006627082824707031,-0.0057659149169921875,-0.006997108459472656,-0.006760597229003906,-0.004866600036621094,-0.0037822723388671875,-0.005148410797119141,-0.005633354187011719
2105.5,-0.0013170242309570312,-0.0016541481018066406,-0.0018715858459472656,-0.0015683174133300781,-0.0013790130615234375,-0.0003018379211425781,-0.0012125968933105469,-0.0012831687927246094,-0.0019025802612304688,-0.0013628005981445312,-0.0024871826171875,-0.0021271705627441406,-0.0016989707946777344,-0.0014581680297851562,-0.0016679763793945312,-0.0018324851989746094,-0.0032205581665039062,-0.002765178680419922,-0.003204822540283203,-0.0029931068420410156,-0.00262451171875,-0.002223491668701172,-0.00243377685546875,-0.00255584716796875,-0.004305839538574219,-0.0037164688110351562,-0.005762577056884766,-0.004118442535400391,-0.0033979415893554688,-0.0024137496948242188,-0.003200054168701172,-0.003570556640625,-0.0047359466552734375,-0.0048885345458984375,-0.003932952880859375,-0.004378318786621094,-0.0035147666931152344,-0.002544403076171875,-0.0033674240112304688,-0.003795623779296875,-0.006627082824707031,-0.0057659149169921875,-0.006997108459472656,-0.006760597229003906,-0.004866600036621094,-0.0037822723388671875,-0.005148410797119141,-0.005633354187011719
2106.5,-0.0013170242309570312,-0.0016541481018066406,-0.0018715858459472656,-0.0015683174133300781,-0.0013790130615234375,-0.0003018379211425781,-0.0012125968933105469,-0.0012831687927246094,-0.0019025802612304688,-0.0013628005981445312,-0.0024871826171875,-0.0021271705627441406,-0.0016989707946777344,-0.0014581680297851562,-0.0016679763793945312,-0.0018324851989746094,-0.0032205581665039062,-0.002765178680419922,-0.003204822540283203,-0.0029931068420410156,-0.00262451171875,-0.002223491668701172,-0.00243377685546875,-0.00255584716796875,-0.004305839538574219,-0.0037164688110351562,-0.005762577056884766,-0.004118442535400391,-0.0033979415893554688,-0.0024137496948242188,-0.003200054168701172,-0.003570556640625,-0.0047359466552734375,-0.0048885345458984375,-0.003932952880859375,-0.004378318786621094,-0.0035147666931152344,-0.002544403076171875,-0.0033674240112304688,-0.003795623779296875,-0.006627082824707031,-0.0057659149169921875,-0.006997108459472656,-0.006760597229003906,-0.004866600036621094,-0.0037822723388671875,-0.005148410797119141,-0.005633354187011719
2107.5,-0.0013170242309570312,-0.0016541481018066406,-0.0018715858459472656,-0.0015683174133300781,-0.0013790130615234375,-0.0003018379211425781,-0.0012125968933105469,-0.0012831687927246094,-0.0019025802612304688,-0.0013628005981445312,-0.0024871826171875,-0.0021271705627441406,-0.0016989707946777344,-0.0014581680297851562,-0.0016679763793945312,-0.0018324851989746094,-0.0032205581665039062,-0.002765178680419922,-0.003204822540283203,-0.0029931068420410156,-0.00262451171875,-0.002223491668701172,-0.00243377685546875,-0.00255584716796875,-0.004305839538574219,-0.0037164688110351562,-0.005762577056884766,-0.004118442535400391,-0.0033979415893554688,-0.0024137496948242188,-0.003200054168701172,-0.003570556640625,-0.0047359466552734375,-0.0048885345458984375,-0.003932952880859375,-0.004378318786621094,-0.0035147666931152344,-0.002544403076171875,-0.0033674240112304688,-0.003795623779296875,-0.006627082824707031,-0.0057659149169921875,-0.006997108459472656,-0.006760597229003906,-0.004866600036621094,-0.0037822723388671875,-0.005148410797119141,-0.005633354187011719
2108.5,-0.0013170242309570312,-0.0016541481018066406,-0.0018715858459472656,-0.0015683174133300781,-0.0013790130615234375,-0.0003018379211425781,-0.0012125968933105469,-0.0012831687927246094,-0.0019025802612304688,-0.0013628005981445312,-0.0024871826171875,-0.0021271705627441406,-0.0016989707946777344,-0.0014581680297851562,-0.0016679763793945312,-0.0018324851989746094,-0.0032205581665039062,-0.002765178680419922,-0.003204822540283203,-0.0029931068420410156,-0.00262451171875,-0.002223491668701172,-0.00243377685546875,-0.00255584716796875,-0.004305839538574219,-0.0037164688110351562,-0.005762577056884766,-0.004118442535400391,-0.0033979415893554688,-0.0024137496948242188,-0.003200054168701172,-0.003570556640625,-0.0047359466552734375,-0.0048885345458984375,-0.003932952880859375,-0.004378318786621094,-0.0035147666931152344,-0.002544403076171875,-0.0033674240112304688,-0.003795623779296875,-0.006627082824707031,-0.0057659149169921875,-0.006997108459472656,-0.006760597229003906,-0.004866600036621094,-0.0037822723388671875,-0.005148410797119141,-0.005633354187011719
2109.5,-0.0013170242309570312,-0.0016541481018066406,-0.0018715858459472656,-0.0015683174133300781,-0.0013790130615234375,-0.0003018379211425781,-0.0012125968933105469,-0.0012831687927246094,-0.0019025802612304688,-0.0013628005981445312,-0.0024871826171875,-0.0021271705627441406,-0.0016989707946777344,-0.0014581680297851562,-0.0016679763793945312,-0.0018324851989746094,-0.0032205581665039062,-0.002765178680419922,-0.003204822540283203,-0.0029931068420410156,-0.00262451171875,-0.002223491668701172,-0.00243377685546875,-0.00255584716796875,-0.004305839538574219,-0.0037164688110351562,-0.005762577056884766,-0.004118442535400391,-0.0033979415893554688,-0.0024137496948242188,-0.003200054168701172,-0.003570556640625,-0.0047359466552734375,-0.0048885345458984375,-0.003932952880859375,-0.004378318786621094,-0.0035147666931152344,-0.002544403076171875,-0.0033674240112304688,-0.003795623779296875,-0.006627082824707031,-0.0057659149169921875,-0.006997108459472656,-0.006760597229003906,-0.004866600036621094,-0.0037822723388671875,-0.005148410797119141,-0.005633354187011719
2110.5,-0.0013170242309570312,-0.0016541481018066406,-0.0018715858459472656,-0.0015683174133300781,-0.0013790130615234375,-0.0003018379211425781,-0.0012125968933105469,-0.0012831687927246094,-0.0019025802612304688,-0.0013628005981445312,-0.0024871826171875,-0.0021271705627441406,-0.0016989707946777344,-0.0014581680297851562,-0.0016679763793945312,-0.0018324851989746094,-0.0032205581665039062,-0.002765178680419922,-0.003204822540283203,-0.0029931068420410156,-0.00262451171875,-0.002223491668701172,-0.00243377685546875,-0.00255584716796875,-0.004305839538574219,-0.0037164688110351562,-0.005762577056884766,-0.004118442535400391,-0.0033979415893554688,-0.0024137496948242188,-0.003200054168701172,-0.003570556640625,-0.0047359466552734375,-0.0048885345458984375,-0.003932952880859375,-0.004378318786621094,-0.0035147666931152344,-0.002544403076171875,-0.0033674240112304688,-0.003795623779296875,-0.006627082824707031,-0.0057659149169921875,-0.006997108459472656,-0.006760597229003906,-0.004866600036621094,-0.0037822723388671875,-0.005148410797119141,-0.005633354187011719
2111.5,-0.0013170242309570312,-0.0016541481018066406,-0.0018715858459472656,-0.0015683174133300781,-0.0013790130615234375,-0.0003018379211425781,-0.0012125968933105469,-0.0012831687927246094,-0.0019025802612304688,-0.0013628005981445312,-0.0024871826171875,-0.0021271705627441406,-0.0016989707946777344,-0.0014581680297851562,-0.0016679763793945312,-0.0018324851989746094,-0.0032205581665039062,-0.002765178680419922,-0.003204822540283203,-0.0029931068420410156,-0.00262451171875,-0.002223491668701172,-0.00243377685546875,-0.00255584716796875,-0.004305839538574219,-0.0037164688110351562,-0.005762577056884766,-0.004118442535400391,-0.0033979415893554688,-0.0024137496948242188,-0.003200054168701172,-0.003570556640625,-0.0047359466552734375,-0.0048885345458984375,-0.003932952880859375,-0.004378318786621094,-0.0035147666931152344,-0.002544403076171875,-0.0033674240112304688,-0.003795623779296875,-0.006627082824707031,-0.0057659149169921875,-0.006997108459472656,-0.006760597229003906,-0.004866600036621094,-0.0037822723388671875,-0.005148410797119141,-0.005633354187011719
2112.5,-0.0013170242309570312,-0.0016541481018066406,-0.0018715858459472656,-0.0015683174133300781,-0.0013790130615234375,-0.0003018379211425781,-0.0012125968933105469,-0.0012831687927246094,-0.0019025802612304688,-0.0013628005981445312,-0.0024871826171875,-0.0021271705627441406,-0.0016989707946777344,-0.0014581680297851562,-0.0016679763793945312,-0.0018324851989746094,-0.0032205581665039062,-0.002765178680419922,-0.003204822540283203,-0.0029931068420410156,-0.00262451171875,-0.002223491668701172,-0.00243377685546875,-0.00255584716796875,-0.004305839538574219,-0.0037164688110351562,-0.005762577056884766,-0.004118442535400391,-0.0033979415893554688,-0.0024137496948242188,-0.003200054168701172,-0.003570556640625,-0.0047359466552734375,-0.0048885345458984375,-0.003932952880859375,-0.004378318786621094,-0.0035147666931152344,-0.002544403076171875,-0.0033674240112304688,-0.003795623779296875,-0.006627082824707031,-0.0057659149169921875,-0.006997108459472656,-0.006760597229003906,-0.004866600036621094,-0.0037822723388671875,-0.005148410797119141,-0.005633354187011719
2113.5,-0.0013170242309570312,-0.0016541481018066406,-0.0018715858459472656,-0.0015683174133300781,-0.0013790130615234375,-0.0003018379211425781,-0.0012125968933105469,-0.0012831687927246094,-0.0019025802612304688,-0.0013628005981445312,-0.0024871826171875,-0.0021271705627441406,-0.0016989707946777344,-0.0014581680297851562,-0.0016679763793945312,-0.0018324851989746094,-0.0032205581665039062,-0.002765178680419922,-0.003204822540283203,-0.0029931068420410156,-0.00262451171875,-0.002223491668701172,-0.00243377685546875,-0.00255584716796875,-0.004305839538574219,-0.0037164688110351562,-0.005762577056884766,-0.004118442535400391,-0.0033979415893554688,-0.0024137496948242188,-0.003200054168701172,-0.003570556640625,-0.0047359466552734375,-0.0048885345458984375,-0.003932952880859375,-0.004378318786621094,-0.0035147666931152344,-0.002544403076171875,-0.0033674240112304688,-0.003795623779296875,-0.006627082824707031,-0.0057659149169921875,-0.006997108459472656,-0.006760597229003906,-0.004866600036621094,-0.0037822723388671875,-0.005148410797119141,-0.005633354187011719
2114.5,-0.0013170242309570312,-0.0016541481018066406,-0.0018715858459472656,-0.0015683174133300781,-0.0013790130615234375,-0.0003018379211425781,-0.0012125968933105469,-0.0012831687927246094,-0.0019025802612304688,-0.0013628005981445312,-0.0024871826171875,-0.0021271705627441406,-0.0016989707946777344,-0.0014581680297851562,-0.0016679763793945312,-0.0018324851989746094,-0.0032205581665039062,-0.002765178680419922,-0.003204822540283203,-0.0029931068420410156,-0.00262451171875,-0.002223491668701172,-0.00243377685546875,-0.00255584716796875,-0.004305839538574219,-0.0037164688110351562,-0.005762577056884766,-0.004118442535400391,-0.0033979415893554688,-0.0024137496948242188,-0.003200054168701172,-0.003570556640625,-0.0047359466552734375,-0.0048885345458984375,-0.003932952880859375,-0.004378318786621094,-0.0035147666931152344,-0.002544403076171875,-0.0033674240112304688,-0.003795623779296875,-0.006627082824707031,-0.0057659149169921875,-0.006997108459472656,-0.006760597229003906,-0.004866600036621094,-0.0037822723388671875,-0.005148410797119141,-0.005633354187011719
2115.5,-0.0013170242309570312,-0.0016541481018066406,-0.0018715858459472656,-0.0015683174133300781,-0.0013790130615234375,-0.0003018379211425781,-0.0012125968933105469,-0.0012831687927246094,-0.0019025802612304688,-0.0013628005981445312,-0.0024871826171875,-0.0021271705627441406,-0.0016989707946777344,-0.0014581680297851562,-0.0016679763793945312,-0.0018324851989746094,-0.0032205581665039062,-0.002765178680419922,-0.003204822540283203,-0.0029931068420410156,-0.00262451171875,-0.002223491668701172,-0.00243377685546875,-0.00255584716796875,-0.004305839538574219,-0.0037164688110351562,-0.005762577056884766,-0.004118442535400391,-0.0033979415893554688,-0.0024137496948242188,-0.003200054168701172,-0.003570556640625,-0.0047359466552734375,-0.0048885345458984375,-0.003932952880859375,-0.004378318786621094,-0.0035147666931152344,-0.002544403076171875,-0.0033674240112304688,-0.003795623779296875,-0.006627082824707031,-0.0057659149169921875,-0.006997108459472656,-0.006760597229003906,-0.004866600036621094,-0.0037822723388671875,-0.005148410797119141,-0.005633354187011719
2116.5,-0.0013170242309570312,-0.0016541481018066406,-0.0018715858459472656,-0.0015683174133300781,-0.0013790130615234375,-0.0003018379211425781,-0.0012125968933105469,-0.0012831687927246094,-0.0019025802612304688,-0.0013628005981445312,-0.0024871826171875,-0.0021271705627441406,-0.0016989707946777344,-0.0014581680297851562,-0.0016679763793945312,-0.0018324851989746094,-0.0032205581665039062,-0.002765178680419922,-0.003204822540283203,-0.0029931068420410156,-0.00262451171875,-0.002223491668701172,-0.00243377685546875,-0.00255584716796875,-0.004305839538574219,-0.0037164688110351562,-0.005762577056884766,-0.004118442535400391,-0.0033979415893554688,-0.0024137496948242188,-0.003200054168701172,-0.003570556640625,-0.0047359466552734375,-0.0048885345458984375,-0.003932952880859375,-0.004378318786621094,-0.0035147666931152344,-0.002544403076171875,-0.0033674240112304688,-0.003795623779296875,-0.006627082824707031,-0.0057659149169921875,-0.006997108459472656,-0.006760597229003906,-0.004866600036621094,-0.0037822723388671875,-0.005148410797119141,-0.005633354187011719
2117.5,-0.0013170242309570312,-0.0016541481018066406,-0.0018715858459472656,-0.0015683174133300781,-0.0013790130615234375,-0.0003018379211425781,-0.0012125968933105469,-0.0012831687927246094,-0.0019025802612304688,-0.0013628005981445312,-0.0024871826171875,-0.0021271705627441406,-0.0016989707946777344,-0.0014581680297851562,-0.0016679763793945312,-0.0018324851989746094,-0.0032205581665039062,-0.002765178680419922,-0.003204822540283203,-0.0029931068420410156,-0.00262451171875,-0.002223491668701172,-0.00243377685546875,-0.00255584716796875,-0.004305839538574219,-0.0037164688110351562,-0.005762577056884766,-0.004118442535400391,-0.0033979415893554688,-0.0024137496948242188,-0.003200054168701172,-0.003570556640625,-0.0047359466552734375,-0.0048885345458984375,-0.003932952880859375,-0.004378318786621094,-0.0035147666931152344,-0.002544403076171875,-0.0033674240112304688,-0.003795623779296875,-0.006627082824707031,-0.0057659149169921875,-0.006997108459472656,-0.006760597229003906,-0.004866600036621094,-0.0037822723388671875,-0.005148410797119141,-0.005633354187011719
2118.5,-0.0013170242309570312,-0.0016541481018066406,-0.0018715858459472656,-0.0015683174133300781,-0.0013790130615234375,-0.0003018379211425781,-0.0012125968933105469,-0.0012831687927246094,-0.0019025802612304688,-0.0013628005981445312,-0.0024871826171875,-0.0021271705627441406,-0.0016989707946777344,-0.0014581680297851562,-0.0016679763793945312,-0.0018324851989746094,-0.0032205581665039062,-0.002765178680419922,-0.003204822540283203,-0.0029931068420410156,-0.00262451171875,-0.002223491668701172,-0.00243377685546875,-0.00255584716796875,-0.004305839538574219,-0.0037164688110351562,-0.005762577056884766,-0.004118442535400391,-0.0033979415893554688,-0.0024137496948242188,-0.003200054168701172,-0.003570556640625,-0.0047359466552734375,-0.0048885345458984375,-0.003932952880859375,-0.004378318786621094,-0.0035147666931152344,-0.002544403076171875,-0.0033674240112304688,-0.003795623779296875,-0.006627082824707031,-0.0057659149169921875,-0.006997108459472656,-0.006760597229003906,-0.004866600036621094,-0.0037822723388671875,-0.005148410797119141,-0.005633354187011719
2119.5,-0.0013170242309570312,-0.0016541481018066406,-0.0018715858459472656,-0.0015683174133300781,-0.0013790130615234375,-0.0003018379211425781,-0.0012125968933105469,-0.0012831687927246094,-0.0019025802612304688,-0.0013628005981445312,-0.0024871826171875,-0.0021271705627441406,-0.0016989707946777344,-0.0014581680297851562,-0.0016679763793945312,-0.0018324851989746094,-0.0032205581665039062,-0.002765178680419922,-0.003204822540283203,-0.0029931068420410156,-0.00262451171875,-0.002223491668701172,-0.00243377685546875,-0.00255584716796875,-0.004305839538574219,-0.0037164688110351562,-0.005762577056884766,-0.004118442535400391,-0.0033979415893554688,-0.0024137496948242188,-0.003200054168701172,-0.003570556640625,-0.0047359466552734375,-0.0048885345458984375,-0.003932952880859375,-0.004378318786621094,-0.0035147666931152344,-0.002544403076171875,-0.0033674240112304688,-0.003795623779296875,-0.006627082824707031,-0.0057659149169921875,-0.006997108459472656,-0.006760597229003906,-0.004866600036621094,-0.0037822723388671875,-0.005148410797119141,-0.005633354187011719
2120.5,-0.0013170242309570312,-0.0016541481018066406,-0.0018715858459472656,-0.0015683174133300781,-0.0013790130615234375,-0.0003018379211425781,-0.0012125968933105469,-0.0012831687927246094,-0.0019025802612304688,-0.0013628005981445312,-0.0024871826171875,-0.0021271705627441406,-0.0016989707946777344,-0.0014581680297851562,-0.0016679763793945312,-0.0018324851989746094,-0.0032205581665039062,-0.002765178680419922,-0.003204822540283203,-0.0029931068420410156,-0.00262451171875,-0.002223491668701172,-0.00243377685546875,-0.00255584716796875,-0.004305839538574219,-0.0037164688110351562,-0.005762577056884766,-0.004118442535400391,-0.0033979415893554688,-0.0024137496948242188,-0.003200054168701172,-0.003570556640625,-0.0047359466552734375,-0.0048885345458984375,-0.003932952880859375,-0.004378318786621094,-0.0035147666931152344,-0.002544403076171875,-0.0033674240112304688,-0.003795623779296875,-0.006627082824707031,-0.0057659149169921875,-0.006997108459472656,-0.006760597229003906,-0.004866600036621094,-0.0037822723388671875,-0.005148410797119141,-0.005633354187011719
2121.5,-0.0013170242309570312,-0.0016541481018066406,-0.0018715858459472656,-0.0015683174133300781,-0.0013790130615234375,-0.0003018379211425781,-0.0012125968933105469,-0.0012831687927246094,-0.0019025802612304688,-0.0013628005981445312,-0.0024871826171875,-0.0021271705627441406,-0.0016989707946777344,-0.0014581680297851562,-0.0016679763793945312,-0.0018324851989746094,-0.0032205581665039062,-0.002765178680419922,-0.003204822540283203,-0.0029931068420410156,-0.00262451171875,-0.002223491668701172,-0.00243377685546875,-0.00255584716796875,-0.004305839538574219,-0.0037164688110351562,-0.005762577056884766,-0.004118442535400391,-0.0033979415893554688,-0.0024137496948242188,-0.003200054168701172,-0.003570556640625,-0.0047359466552734375,-0.0048885345458984375,-0.003932952880859375,-0.004378318786621094,-0.0035147666931152344,-0.002544403076171875,-0.0033674240112304688,-0.003795623779296875,-0.006627082824707031,-0.0057659149169921875,-0.006997108459472656,-0.006760597229003906,-0.004866600036621094,-0.0037822723388671875,-0.005148410797119141,-0.005633354187011719
2122.5,-0.0013170242309570312,-0.0016541481018066406,-0.0018715858459472656,-0.0015683174133300781,-0.0013790130615234375,-0.0003018379211425781,-0.0012125968933105469,-0.0012831687927246094,-0.0019025802612304688,-0.0013628005981445312,-0.0024871826171875,-0.0021271705627441406,-0.0016989707946777344,-0.0014581680297851562,-0.0016679763793945312,-0.0018324851989746094,-0.0032205581665039062,-0.002765178680419922,-0.003204822540283203,-0.0029931068420410156,-0.00262451171875,-0.002223491668701172,-0.00243377685546875,-0.00255584716796875,-0.004305839538574219,-0.0037164688110351562,-0.005762577056884766,-0.004118442535400391,-0.0033979415893554688,-0.0024137496948242188,-0.003200054168701172,-0.003570556640625,-0.0047359466552734375,-0.0048885345458984375,-0.003932952880859375,-0.004378318786621094,-0.0035147666931152344,-0.002544403076171875,-0.0033674240112304688,-0.003795623779296875,-0.006627082824707031,-0.0057659149169921875,-0.006997108459472656,-0.006760597229003906,-0.004866600036621094,-0.0037822723388671875,-0.005148410797119141,-0.005633354187011719
2123.5,-0.0013170242309570312,-0.0016541481018066406,-0.0018715858459472656,-0.0015683174133300781,-0.0013790130615234375,-0.0003018379211425781,-0.0012125968933105469,-0.0012831687927246094,-0.0019025802612304688,-0.0013628005981445312,-0.0024871826171875,-0.0021271705627441406,-0.0016989707946777344,-0.0014581680297851562,-0.0016679763793945312,-0.0018324851989746094,-0.0032205581665039062,-0.002765178680419922,-0.003204822540283203,-0.0029931068420410156,-0.00262451171875,-0.002223491668701172,-0.00243377685546875,-0.00255584716796875,-0.004305839538574219,-0.0037164688110351562,-0.005762577056884766,-0.004118442535400391,-0.0033979415893554688,-0.0024137496948242188,-0.003200054168701172,-0.003570556640625,-0.0047359466552734375,-0.0048885345458984375,-0.003932952880859375,-0.004378318786621094,-0.0035147666931152344,-0.002544403076171875,-0.0033674240112304688,-0.003795623779296875,-0.006627082824707031,-0.0057659149169921875,-0.006997108459472656,-0.006760597229003906,-0.004866600036621094,-0.0037822723388671875,-0.005148410797119141,-0.005633354187011719
2124.5,-0.0013170242309570312,-0.0016541481018066406,-0.0018715858459472656,-0.0015683174133300781,-0.0013790130615234375,-0.0003018379211425781,-0.0012125968933105469,-0.0012831687927246094,-0.0019025802612304688,-0.0013628005981445312,-0.0024871826171875,-0.0021271705627441406,-0.0016989707946777344,-0.0014581680297851562,-0.0016679763793945312,-0.0018324851989746094,-0.0032205581665039062,-0.002765178680419922,-0.003204822540283203,-0.0029931068420410156,-0.00262451171875,-0.002223491668701172,-0.00243377685546875,-0.00255584716796875,-0.004305839538574219,-0.0037164688110351562,-0.005762577056884766,-0.004118442535400391,-0.0033979415893554688,-0.0024137496948242188,-0.003200054168701172,-0.003570556640625,-0.0047359466552734375,-0.0048885345458984375,-0.003932952880859375,-0.004378318786621094,-0.0035147666931152344,-0.002544403076171875,-0.0033674240112304688,-0.003795623779296875,-0.006627082824707031,-0.0057659149169921875,-0.006997108459472656,-0.006760597229003906,-0.004866600036621094,-0.0037822723388671875,-0.005148410797119141,-0.005633354187011719
2125.5,-0.0013170242309570312,-0.0016541481018066406,-0.0018715858459472656,-0.0015683174133300781,-0.0013790130615234375,-0.0003018379211425781,-0.0012125968933105469,-0.0012831687927246094,-0.0019025802612304688,-0.0013628005981445312,-0.0024871826171875,-0.0021271705627441406,-0.0016989707946777344,-0.0014581680297851562,-0.0016679763793945312,-0.0018324851989746094,-0.0032205581665039062,-0.002765178680419922,-0.003204822540283203,-0.0029931068420410156,-0.00262451171875,-0.002223491668701172,-0.00243377685546875,-0.00255584716796875,-0.004305839538574219,-0.0037164688110351562,-0.005762577056884766,-0.004118442535400391,-0.0033979415893554688,-0.0024137496948242188,-0.003200054168701172,-0.003570556640625,-0.0047359466552734375,-0.0048885345458984375,-0.003932952880859375,-0.004378318786621094,-0.0035147666931152344,-0.002544403076171875,-0.0033674240112304688,-0.003795623779296875,-0.006627082824707031,-0.0057659149169921875,-0.006997108459472656,-0.006760597229003906,-0.004866600036621094,-0.0037822723388671875,-0.005148410797119141,-0.005633354187011719
2126.5,-0.0013170242309570312,-0.0016541481018066406,-0.0018715858459472656,-0.0015683174133300781,-0.0013790130615234375,-0.0003018379211425781,-0.0012125968933105469,-0.0012831687927246094,-0.0019025802612304688,-0.0013628005981445312,-0.0024871826171875,-0.0021271705627441406,-0.0016989707946777344,-0.0014581680297851562,-0.0016679763793945312,-0.0018324851989746094,-0.0032205581665039062,-0.002765178680419922,-0.003204822540283203,-0.0029931068420410156,-0.00262451171875,-0.002223491668701172,-0.00243377685546875,-0.00255584716796875,-0.004305839538574219,-0.0037164688110351562,-0.005762577056884766,-0.004118442535400391,-0.0033979415893554688,-0.0024137496948242188,-0.003200054168701172,-0.003570556640625,-0.0047359466552734375,-0.0048885345458984375,-0.003932952880859375,-0.004378318786621094,-0.0035147666931152344,-0.002544403076171875,-0.0033674240112304688,-0.003795623779296875,-0.006627082824707031,-0.0057659149169921875,-0.006997108459472656,-0.006760597229003906,-0.004866600036621094,-0.0037822723388671875,-0.005148410797119141,-0.005633354187011719
2127.5,-0.0013170242309570312,-0.0016541481018066406,-0.0018715858459472656,-0.0015683174133300781,-0.0013790130615234375,-0.0003018379211425781,-0.0012125968933105469,-0.0012831687927246094,-0.0019025802612304688,-0.0013628005981445312,-0.0024871826171875,-0.0021271705627441406,-0.0016989707946777344,-0.0014581680297851562,-0.0016679763793945312,-0.0018324851989746094,-0.0032205581665039062,-0.002765178680419922,-0.003204822540283203,-0.0029931068420410156,-0.00262451171875,-0.002223491668701172,-0.00243377685546875,-0.00255584716796875,-0.004305839538574219,-0.0037164688110351562,-0.005762577056884766,-0.004118442535400391,-0.0033979415893554688,-0.0024137496948242188,-0.003200054168701172,-0.003570556640625,-0.0047359466552734375,-0.0048885345458984375,-0.003932952880859375,-0.004378318786621094,-0.0035147666931152344,-0.002544403076171875,-0.0033674240112304688,-0.003795623779296875,-0.006627082824707031,-0.0057659149169921875,-0.006997108459472656,-0.006760597229003906,-0.004866600036621094,-0.0037822723388671875,-0.005148410797119141,-0.005633354187011719
2128.5,-0.0013170242309570312,-0.0016541481018066406,-0.0018715858459472656,-0.0015683174133300781,-0.0013790130615234375,-0.0003018379211425781,-0.0012125968933105469,-0.0012831687927246094,-0.0019025802612304688,-0.0013628005981445312,-0.0024871826171875,-0.0021271705627441406,-0.0016989707946777344,-0.0014581680297851562,-0.0016679763793945312,-0.0018324851989746094,-0.0032205581665039062,-0.002765178680419922,-0.003204822540283203,-0.0029931068420410156,-0.00262451171875,-0.002223491668701172,-0.00243377685546875,-0.00255584716796875,-0.004305839538574219,-0.0037164688110351562,-0.005762577056884766,-0.004118442535400391,-0.0033979415893554688,-0.0024137496948242188,-0.003200054168701172,-0.003570556640625,-0.0047359466552734375,-0.0048885345458984375,-0.003932952880859375,-0.004378318786621094,-0.0035147666931152344,-0.002544403076171875,-0.0033674240112304688,-0.003795623779296875,-0.006627082824707031,-0.0057659149169921875,-0.006997108459472656,-0.006760597229003906,-0.004866600036621094,-0.0037822723388671875,-0.005148410797119141,-0.005633354187011719
2129.5,-0.0013170242309570312,-0.0016541481018066406,-0.0018715858459472656,-0.0015683174133300781,-0.0013790130615234375,-0.0003018379211425781,-0.0012125968933105469,-0.0012831687927246094,-0.0019025802612304688,-0.0013628005981445312,-0.0024871826171875,-0.0021271705627441406,-0.0016989707946777344,-0.0014581680297851562,-0.0016679763793945312,-0.0018324851989746094,-0.0032205581665039062,-0.002765178680419922,-0.003204822540283203,-0.0029931068420410156,-0.00262451171875,-0.002223491668701172,-0.00243377685546875,-0.00255584716796875,-0.004305839538574219,-0.0037164688110351562,-0.005762577056884766,-0.004118442535400391,-0.0033979415893554688,-0.0024137496948242188,-0.003200054168701172,-0.003570556640625,-0.0047359466552734375,-0.0048885345458984375,-0.003932952880859375,-0.004378318786621094,-0.0035147666931152344,-0.002544403076171875,-0.0033674240112304688,-0.003795623779296875,-0.006627082824707031,-0.0057659149169921875,-0.006997108459472656,-0.006760597229003906,-0.004866600036621094,-0.0037822723388671875,-0.005148410797119141,-0.005633354187011719
2130.5,-0.0013170242309570312,-0.0016541481018066406,-0.0018715858459472656,-0.0015683174133300781,-0.0013790130615234375,-0.0003018379211425781,-0.0012125968933105469,-0.0012831687927246094,-0.0019025802612304688,-0.0013628005981445312,-0.0024871826171875,-0.0021271705627441406,-0.0016989707946777344,-0.0014581680297851562,-0.0016679763793945312,-0.0018324851989746094,-0.0032205581665039062,-0.002765178680419922,-0.003204822540283203,-0.0029931068420410156,-0.00262451171875,-0.002223491668701172,-0.00243377685546875,-0.00255584716796875,-0.004305839538574219,-0.0037164688110351562,-0.005762577056884766,-0.004118442535400391,-0.0033979415893554688,-0.0024137496948242188,-0.003200054168701172,-0.003570556640625,-0.0047359466552734375,-0.0048885345458984375,-0.003932952880859375,-0.004378318786621094,-0.0035147666931152344,-0.002544403076171875,-0.0033674240112304688,-0.003795623779296875,-0.006627082824707031,-0.0057659149169921875,-0.006997108459472656,-0.006760597229003906,-0.004866600036621094,-0.0037822723388671875,-0.005148410797119141,-0.005633354187011719
2131.5,-0.0013170242309570312,-0.0016541481018066406,-0.0018715858459472656,-0.0015683174133300781,-0.0013790130615234375,-0.0003018379211425781,-0.0012125968933105469,-0.0012831687927246094,-0.0019025802612304688,-0.0013628005981445312,-0.0024871826171875,-0.0021271705627441406,-0.0016989707946777344,-0.0014581680297851562,-0.0016679763793945312,-0.0018324851989746094,-0.0032205581665039062,-0.002765178680419922,-0.003204822540283203,-0.0029931068420410156,-0.00262451171875,-0.002223491668701172,-0.00243377685546875,-0.00255584716796875,-0.004305839538574219,-0.0037164688110351562,-0.005762577056884766,-0.004118442535400391,-0.0033979415893554688,-0.0024137496948242188,-0.003200054168701172,-0.003570556640625,-0.0047359466552734375,-0.0048885345458984375,-0.003932952880859375,-0.004378318786621094,-0.0035147666931152344,-0.002544403076171875,-0.0033674240112304688,-0.003795623779296875,-0.006627082824707031,-0.0057659149169921875,-0.006997108459472656,-0.006760597229003906,-0.004866600036621094,-0.0037822723388671875,-0.005148410797119141,-0.005633354187011719
2132.5,-0.0013170242309570312,-0.0016541481018066406,-0.0018715858459472656,-0.0015683174133300781,-0.0013790130615234375,-0.0003018379211425781,-0.0012125968933105469,-0.0012831687927246094,-0.0019025802612304688,-0.0013628005981445312,-0.0024871826171875,-0.0021271705627441406,-0.0016989707946777344,-0.0014581680297851562,-0.0016679763793945312,-0.0018324851989746094,-0.0032205581665039062,-0.002765178680419922,-0.003204822540283203,-0.0029931068420410156,-0.00262451171875,-0.002223491668701172,-0.00243377685546875,-0.00255584716796875,-0.004305839538574219,-0.0037164688110351562,-0.005762577056884766,-0.004118442535400391,-0.0033979415893554688,-0.0024137496948242188,-0.003200054168701172,-0.003570556640625,-0.0047359466552734375,-0.0048885345458984375,-0.003932952880859375,-0.004378318786621094,-0.0035147666931152344,-0.002544403076171875,-0.0033674240112304688,-0.003795623779296875,-0.006627082824707031,-0.0057659149169921875,-0.006997108459472656,-0.006760597229003906,-0.004866600036621094,-0.0037822723388671875,-0.005148410797119141,-0.005633354187011719
2133.5,-0.0013170242309570312,-0.0016541481018066406,-0.0018715858459472656,-0.0015683174133300781,-0.0013790130615234375,-0.0003018379211425781,-0.0012125968933105469,-0.0012831687927246094,-0.0019025802612304688,-0.0013628005981445312,-0.0024871826171875,-0.0021271705627441406,-0.0016989707946777344,-0.0014581680297851562,-0.0016679763793945312,-0.0018324851989746094,-0.0032205581665039062,-0.002765178680419922,-0.003204822540283203,-0.0029931068420410156,-0.00262451171875,-0.002223491668701172,-0.00243377685546875,-0.00255584716796875,-0.004305839538574219,-0.0037164688110351562,-0.005762577056884766,-0.004118442535400391,-0.0033979415893554688,-0.0024137496948242188,-0.003200054168701172,-0.003570556640625,-0.0047359466552734375,-0.0048885345458984375,-0.003932952880859375,-0.004378318786621094,-0.0035147666931152344,-0.002544403076171875,-0.0033674240112304688,-0.003795623779296875,-0.006627082824707031,-0.0057659149169921875,-0.006997108459472656,-0.006760597229003906,-0.004866600036621094,-0.0037822723388671875,-0.005148410797119141,-0.005633354187011719
2134.5,-0.0013170242309570312,-0.0016541481018066406,-0.0018715858459472656,-0.0015683174133300781,-0.0013790130615234375,-0.0003018379211425781,-0.0012125968933105469,-0.0012831687927246094,-0.0019025802612304688,-0.0013628005981445312,-0.0024871826171875,-0.0021271705627441406,-0.0016989707946777344,-0.0014581680297851562,-0.0016679763793945312,-0.0018324851989746094,-0.0032205581665039062,-0.002765178680419922,-0.003204822540283203,-0.0029931068420410156,-0.00262451171875,-0.002223491668701172,-0.00243377685546875,-0.00255584716796875,-0.004305839538574219,-0.0037164688110351562,-0.005762577056884766,-0.004118442535400391,-0.0033979415893554688,-0.0024137496948242188,-0.003200054168701172,-0.003570556640625,-0.0047359466552734375,-0.0048885345458984375,-0.003932952880859375,-0.004378318786621094,-0.0035147666931152344,-0.002544403076171875,-0.0033674240112304688,-0.003795623779296875,-0.006627082824707031,-0.0057659149169921875,-0.006997108459472656,-0.006760597229003906,-0.004866600036621094,-0.0037822723388671875,-0.005148410797119141,-0.005633354187011719
2135.5,-0.0013170242309570312,-0.0016541481018066406,-0.0018715858459472656,-0.0015683174133300781,-0.0013790130615234375,-0.0003018379211425781,-0.0012125968933105469,-0.0012831687927246094,-0.0019025802612304688,-0.0013628005981445312,-0.0024871826171875,-0.0021271705627441406,-0.0016989707946777344,-0.0014581680297851562,-0.0016679763793945312,-0.0018324851989746094,-0.0032205581665039062,-0.002765178680419922,-0.003204822540283203,-0.0029931068420410156,-0.00262451171875,-0.002223491668701172,-0.00243377685546875,-0.00255584716796875,-0.004305839538574219,-0.0037164688110351562,-0.005762577056884766,-0.004118442535400391,-0.0033979415893554688,-0.0024137496948242188,-0.003200054168701172,-0.003570556640625,-0.0047359466552734375,-0.0048885345458984375,-0.003932952880859375,-0.004378318786621094,-0.0035147666931152344,-0.002544403076171875,-0.0033674240112304688,-0.003795623779296875,-0.006627082824707031,-0.0057659149169921875,-0.006997108459472656,-0.006760597229003906,-0.004866600036621094,-0.0037822723388671875,-0.005148410797119141,-0.005633354187011719
2136.5,-0.0013170242309570312,-0.0016541481018066406,-0.0018715858459472656,-0.0015683174133300781,-0.0013790130615234375,-0.0003018379211425781,-0.0012125968933105469,-0.0012831687927246094,-0.0019025802612304688,-0.0013628005981445312,-0.0024871826171875,-0.0021271705627441406,-0.0016989707946777344,-0.0014581680297851562,-0.0016679763793945312,-0.0018324851989746094,-0.0032205581665039062,-0.002765178680419922,-0.003204822540283203,-0.0029931068420410156,-0.00262451171875,-0.002223491668701172,-0.00243377685546875,-0.00255584716796875,-0.004305839538574219,-0.0037164688110351562,-0.005762577056884766,-0.004118442535400391,-0.0033979415893554688,-0.0024137496948242188,-0.003200054168701172,-0.003570556640625,-0.0047359466552734375,-0.0048885345458984375,-0.003932952880859375,-0.004378318786621094,-0.0035147666931152344,-0.002544403076171875,-0.0033674240112304688,-0.003795623779296875,-0.006627082824707031,-0.0057659149169921875,-0.006997108459472656,-0.006760597229003906,-0.004866600036621094,-0.0037822723388671875,-0.005148410797119141,-0.005633354187011719
2137.5,-0.0013170242309570312,-0.0016541481018066406,-0.0018715858459472656,-0.0015683174133300781,-0.0013790130615234375,-0.0003018379211425781,-0.0012125968933105469,-0.0012831687927246094,-0.0019025802612304688,-0.0013628005981445312,-0.0024871826171875,-0.0021271705627441406,-0.0016989707946777344,-0.0014581680297851562,-0.0016679763793945312,-0.0018324851989746094,-0.0032205581665039062,-0.002765178680419922,-0.003204822540283203,-0.0029931068420410156,-0.00262451171875,-0.002223491668701172,-0.00243377685546875,-0.00255584716796875,-0.004305839538574219,-0.0037164688110351562,-0.005762577056884766,-0.004118442535400391,-0.0033979415893554688,-0.0024137496948242188,-0.003200054168701172,-0.003570556640625,-0.0047359466552734375,-0.0048885345458984375,-0.003932952880859375,-0.004378318786621094,-0.0035147666931152344,-0.002544403076171875,-0.0033674240112304688,-0.003795623779296875,-0.006627082824707031,-0.0057659149169921875,-0.006997108459472656,-0.006760597229003906,-0.004866600036621094,-0.0037822723388671875,-0.005148410797119141,-0.005633354187011719
2138.5,-0.0013170242309570312,-0.0016541481018066406,-0.0018715858459472656,-0.0015683174133300781,-0.0013790130615234375,-0.0003018379211425781,-0.0012125968933105469,-0.0012831687927246094,-0.0019025802612304688,-0.0013628005981445312,-0.0024871826171875,-0.0021271705627441406,-0.0016989707946777344,-0.0014581680297851562,-0.0016679763793945312,-0.0018324851989746094,-0.0032205581665039062,-0.002765178680419922,-0.003204822540283203,-0.0029931068420410156,-0.00262451171875,-0.002223491668701172,-0.00243377685546875,-0.00255584716796875,-0.004305839538574219,-0.0037164688110351562,-0.005762577056884766,-0.004118442535400391,-0.0033979415893554688,-0.0024137496948242188,-0.003200054168701172,-0.003570556640625,-0.0047359466552734375,-0.0048885345458984375,-0.003932952880859375,-0.004378318786621094,-0.0035147666931152344,-0.002544403076171875,-0.0033674240112304688,-0.003795623779296875,-0.006627082824707031,-0.0057659149169921875,-0.006997108459472656,-0.006760597229003906,-0.004866600036621094,-0.0037822723388671875,-0.005148410797119141,-0.005633354187011719
2139.5,-0.0013170242309570312,-0.0016541481018066406,-0.0018715858459472656,-0.0015683174133300781,-0.0013790130615234375,-0.0003018379211425781,-0.0012125968933105469,-0.0012831687927246094,-0.0019025802612304688,-0.0013628005981445312,-0.0024871826171875,-0.0021271705627441406,-0.0016989707946777344,-0.0014581680297851562,-0.0016679763793945312,-0.0018324851989746094,-0.0032205581665039062,-0.002765178680419922,-0.003204822540283203,-0.0029931068420410156,-0.00262451171875,-0.002223491668701172,-0.00243377685546875,-0.00255584716796875,-0.004305839538574219,-0.0037164688110351562,-0.005762577056884766,-0.004118442535400391,-0.0033979415893554688,-0.0024137496948242188,-0.003200054168701172,-0.003570556640625,-0.0047359466552734375,-0.0048885345458984375,-0.003932952880859375,-0.004378318786621094,-0.0035147666931152344,-0.002544403076171875,-0.0033674240112304688,-0.003795623779296875,-0.006627082824707031,-0.0057659149169921875,-0.006997108459472656,-0.006760597229003906,-0.004866600036621094,-0.0037822723388671875,-0.005148410797119141,-0.005633354187011719
2140.5,-0.0013170242309570312,-0.0016541481018066406,-0.0018715858459472656,-0.0015683174133300781,-0.0013790130615234375,-0.0003018379211425781,-0.0012125968933105469,-0.0012831687927246094,-0.0019025802612304688,-0.0013628005981445312,-0.0024871826171875,-0.0021271705627441406,-0.0016989707946777344,-0.0014581680297851562,-0.0016679763793945312,-0.0018324851989746094,-0.0032205581665039062,-0.002765178680419922,-0.003204822540283203,-0.0029931068420410156,-0.00262451171875,-0.002223491668701172,-0.00243377685546875,-0.00255584716796875,-0.004305839538574219,-0.0037164688110351562,-0.005762577056884766,-0.004118442535400391,-0.0033979415893554688,-0.0024137496948242188,-0.003200054168701172,-0.003570556640625,-0.0047359466552734375,-0.0048885345458984375,-0.003932952880859375,-0.004378318786621094,-0.0035147666931152344,-0.002544403076171875,-0.0033674240112304688,-0.003795623779296875,-0.006627082824707031,-0.0057659149169921875,-0.006997108459472656,-0.006760597229003906,-0.004866600036621094,-0.0037822723388671875,-0.005148410797119141,-0.005633354187011719
2141.5,-0.0013170242309570312,-0.0016541481018066406,-0.0018715858459472656,-0.0015683174133300781,-0.0013790130615234375,-0.0003018379211425781,-0.0012125968933105469,-0.0012831687927246094,-0.0019025802612304688,-0.0013628005981445312,-0.0024871826171875,-0.0021271705627441406,-0.0016989707946777344,-0.0014581680297851562,-0.0016679763793945312,-0.0018324851989746094,-0.0032205581665039062,-0.002765178680419922,-0.003204822540283203,-0.0029931068420410156,-0.00262451171875,-0.002223491668701172,-0.00243377685546875,-0.00255584716796875,-0.004305839538574219,-0.0037164688110351562,-0.005762577056884766,-0.004118442535400391,-0.0033979415893554688,-0.0024137496948242188,-0.003200054168701172,-0.003570556640625,-0.0047359466552734375,-0.0048885345458984375,-0.003932952880859375,-0.004378318786621094,-0.0035147666931152344,-0.002544403076171875,-0.0033674240112304688,-0.003795623779296875,-0.006627082824707031,-0.0057659149169921875,-0.006997108459472656,-0.006760597229003906,-0.004866600036621094,-0.0037822723388671875,-0.005148410797119141,-0.005633354187011719
2142.5,-0.0013170242309570312,-0.0016541481018066406,-0.0018715858459472656,-0.0015683174133300781,-0.0013790130615234375,-0.0003018379211425781,-0.0012125968933105469,-0.0012831687927246094,-0.0019025802612304688,-0.0013628005981445312,-0.0024871826171875,-0.0021271705627441406,-0.0016989707946777344,-0.0014581680297851562,-0.0016679763793945312,-0.0018324851989746094,-0.0032205581665039062,-0.002765178680419922,-0.003204822540283203,-0.0029931068420410156,-0.00262451171875,-0.002223491668701172,-0.00243377685546875,-0.00255584716796875,-0.004305839538574219,-0.0037164688110351562,-0.005762577056884766,-0.004118442535400391,-0.0033979415893554688,-0.0024137496948242188,-0.003200054168701172,-0.003570556640625,-0.0047359466552734375,-0.0048885345458984375,-0.003932952880859375,-0.004378318786621094,-0.0035147666931152344,-0.002544403076171875,-0.0033674240112304688,-0.003795623779296875,-0.006627082824707031,-0.0057659149169921875,-0.006997108459472656,-0.006760597229003906,-0.004866600036621094,-0.0037822723388671875,-0.005148410797119141,-0.005633354187011719
2143.5,-0.0013170242309570312,-0.0016541481018066406,-0.0018715858459472656,-0.0015683174133300781,-0.0013790130615234375,-0.0003018379211425781,-0.0012125968933105469,-0.0012831687927246094,-0.0019025802612304688,-0.0013628005981445312,-0.0024871826171875,-0.0021271705627441406,-0.0016989707946777344,-0.0014581680297851562,-0.0016679763793945312,-0.0018324851989746094,-0.0032205581665039062,-0.002765178680419922,-0.003204822540283203,-0.0029931068420410156,-0.00262451171875,-0.002223491668701172,-0.00243377685546875,-0.00255584716796875,-0.004305839538574219,-0.0037164688110351562,-0.005762577056884766,-0.004118442535400391,-0.0033979415893554688,-0.0024137496948242188,-0.003200054168701172,-0.003570556640625,-0.0047359466552734375,-0.0048885345458984375,-0.003932952880859375,-0.004378318786621094,-0.0035147666931152344,-0.002544403076171875,-0.0033674240112304688,-0.003795623779296875,-0.006627082824707031,-0.0057659149169921875,-0.006997108459472656,-0.006760597229003906,-0.004866600036621094,-0.0037822723388671875,-0.005148410797119141,-0.005633354187011719
2144.5,-0.0013170242309570312,-0.0016541481018066406,-0.0018715858459472656,-0.0015683174133300781,-0.0013790130615234375,-0.0003018379211425781,-0.0012125968933105469,-0.0012831687927246094,-0.0019025802612304688,-0.0013628005981445312,-0.0024871826171875,-0.0021271705627441406,-0.0016989707946777344,-0.0014581680297851562,-0.0016679763793945312,-0.0018324851989746094,-0.0032205581665039062,-0.002765178680419922,-0.003204822540283203,-0.0029931068420410156,-0.00262451171875,-0.002223491668701172,-0.00243377685546875,-0.00255584716796875,-0.004305839538574219,-0.0037164688110351562,-0.005762577056884766,-0.004118442535400391,-0.0033979415893554688,-0.0024137496948242188,-0.003200054168701172,-0.003570556640625,-0.0047359466552734375,-0.0048885345458984375,-0.003932952880859375,-0.004378318786621094,-0.0035147666931152344,-0.002544403076171875,-0.0033674240112304688,-0.003795623779296875,-0.006627082824707031,-0.0057659149169921875,-0.006997108459472656,-0.006760597229003906,-0.004866600036621094,-0.0037822723388671875,-0.005148410797119141,-0.005633354187011719
2145.5,-0.0013170242309570312,-0.0016541481018066406,-0.0018715858459472656,-0.0015683174133300781,-0.0013790130615234375,-0.0003018379211425781,-0.0012125968933105469,-0.0012831687927246094,-0.0019025802612304688,-0.0013628005981445312,-0.0024871826171875,-0.0021271705627441406,-0.0016989707946777344,-0.0014581680297851562,-0.0016679763793945312,-0.0018324851989746094,-0.0032205581665039062,-0.002765178680419922,-0.003204822540283203,-0.0029931068420410156,-0.00262451171875,-0.002223491668701172,-0.00243377685546875,-0.00255584716796875,-0.004305839538574219,-0.0037164688110351562,-0.005762577056884766,-0.004118442535400391,-0.0033979415893554688,-0.0024137496948242188,-0.003200054168701172,-0.003570556640625,-0.0047359466552734375,-0.0048885345458984375,-0.003932952880859375,-0.004378318786621094,-0.0035147666931152344,-0.002544403076171875,-0.0033674240112304688,-0.003795623779296875,-0.006627082824707031,-0.0057659149169921875,-0.006997108459472656,-0.006760597229003906,-0.004866600036621094,-0.0037822723388671875,-0.005148410797119141,-0.005633354187011719
2146.5,-0.0013170242309570312,-0.0016541481018066406,-0.0018715858459472656,-0.0015683174133300781,-0.0013790130615234375,-0.0003018379211425781,-0.0012125968933105469,-0.0012831687927246094,-0.0019025802612304688,-0.0013628005981445312,-0.0024871826171875,-0.0021271705627441406,-0.0016989707946777344,-0.0014581680297851562,-0.0016679763793945312,-0.0018324851989746094,-0.0032205581665039062,-0.002765178680419922,-0.003204822540283203,-0.0029931068420410156,-0.00262451171875,-0.002223491668701172,-0.00243377685546875,-0.00255584716796875,-0.004305839538574219,-0.0037164688110351562,-0.005762577056884766,-0.004118442535400391,-0.0033979415893554688,-0.0024137496948242188,-0.003200054168701172,-0.003570556640625,-0.0047359466552734375,-0.0048885345458984375,-0.003932952880859375,-0.004378318786621094,-0.0035147666931152344,-0.002544403076171875,-0.0033674240112304688,-0.003795623779296875,-0.006627082824707031,-0.0057659149169921875,-0.006997108459472656,-0.006760597229003906,-0.004866600036621094,-0.0037822723388671875,-0.005148410797119141,-0.005633354187011719
2147.5,-0.0013170242309570312,-0.0016541481018066406,-0.0018715858459472656,-0.0015683174133300781,-0.0013790130615234375,-0.0003018379211425781,-0.0012125968933105469,-0.0012831687927246094,-0.0019025802612304688,-0.0013628005981445312,-0.0024871826171875,-0.0021271705627441406,-0.0016989707946777344,-0.0014581680297851562,-0.0016679763793945312,-0.0018324851989746094,-0.0032205581665039062,-0.002765178680419922,-0.003204822540283203,-0.0029931068420410156,-0.00262451171875,-0.002223491668701172,-0.00243377685546875,-0.00255584716796875,-0.004305839538574219,-0.0037164688110351562,-0.005762577056884766,-0.004118442535400391,-0.0033979415893554688,-0.0024137496948242188,-0.003200054168701172,-0.003570556640625,-0.0047359466552734375,-0.0048885345458984375,-0.003932952880859375,-0.004378318786621094,-0.0035147666931152344,-0.002544403076171875,-0.0033674240112304688,-0.003795623779296875,-0.006627082824707031,-0.0057659149169921875,-0.006997108459472656,-0.006760597229003906,-0.004866600036621094,-0.0037822723388671875,-0.005148410797119141,-0.005633354187011719
2148.5,-0.0013170242309570312,-0.0016541481018066406,-0.0018715858459472656,-0.0015683174133300781,-0.0013790130615234375,-0.0003018379211425781,-0.0012125968933105469,-0.0012831687927246094,-0.0019025802612304688,-0.0013628005981445312,-0.0024871826171875,-0.0021271705627441406,-0.0016989707946777344,-0.0014581680297851562,-0.0016679763793945312,-0.0018324851989746094,-0.0032205581665039062,-0.002765178680419922,-0.003204822540283203,-0.0029931068420410156,-0.00262451171875,-0.002223491668701172,-0.00243377685546875,-0.00255584716796875,-0.004305839538574219,-0.0037164688110351562,-0.005762577056884766,-0.004118442535400391,-0.0033979415893554688,-0.0024137496948242188,-0.003200054168701172,-0.003570556640625,-0.0047359466552734375,-0.0048885345458984375,-0.003932952880859375,-0.004378318786621094,-0.0035147666931152344,-0.002544403076171875,-0.0033674240112304688,-0.003795623779296875,-0.006627082824707031,-0.0057659149169921875,-0.006997108459472656,-0.006760597229003906,-0.004866600036621094,-0.0037822723388671875,-0.005148410797119141,-0.005633354187011719
2149.5,-0.0013170242309570312,-0.0016541481018066406,-0.0018715858459472656,-0.0015683174133300781,-0.0013790130615234375,-0.0003018379211425781,-0.0012125968933105469,-0.0012831687927246094,-0.0019025802612304688,-0.0013628005981445312,-0.0024871826171875,-0.0021271705627441406,-0.0016989707946777344,-0.0014581680297851562,-0.0016679763793945312,-0.0018324851989746094,-0.0032205581665039062,-0.002765178680419922,-0.003204822540283203,-0.0029931068420410156,-0.00262451171875,-0.002223491668701172,-0.00243377685546875,-0.00255584716796875,-0.004305839538574219,-0.0037164688110351562,-0.005762577056884766,-0.004118442535400391,-0.0033979415893554688,-0.0024137496948242188,-0.003200054168701172,-0.003570556640625,-0.0047359466552734375,-0.0048885345458984375,-0.003932952880859375,-0.004378318786621094,-0.0035147666931152344,-0.002544403076171875,-0.0033674240112304688,-0.003795623779296875,-0.006627082824707031,-0.0057659149169921875,-0.006997108459472656,-0.006760597229003906,-0.004866600036621094,-0.0037822723388671875,-0.005148410797119141,-0.005633354187011719
2150.5,-0.0013170242309570312,-0.0016541481018066406,-0.0018715858459472656,-0.0015683174133300781,-0.0013790130615234375,-0.0003018379211425781,-0.0012125968933105469,-0.0012831687927246094,-0.0019025802612304688,-0.0013628005981445312,-0.0024871826171875,-0.0021271705627441406,-0.0016989707946777344,-0.0014581680297851562,-0.0016679763793945312,-0.0018324851989746094,-0.0032205581665039062,-0.002765178680419922,-0.003204822540283203,-0.0029931068420410156,-0.00262451171875,-0.002223491668701172,-0.00243377685546875,-0.00255584716796875,-0.004305839538574219,-0.0037164688110351562,-0.005762577056884766,-0.004118442535400391,-0.0033979415893554688,-0.0024137496948242188,-0.003200054168701172,-0.003570556640625,-0.0047359466552734375,-0.0048885345458984375,-0.003932952880859375,-0.004378318786621094,-0.0035147666931152344,-0.002544403076171875,-0.0033674240112304688,-0.003795623779296875,-0.006627082824707031,-0.0057659149169921875,-0.006997108459472656,-0.006760597229003906,-0.004866600036621094,-0.0037822723388671875,-0.005148410797119141,-0.005633354187011719
2151.5,-0.0013170242309570312,-0.0016541481018066406,-0.0018715858459472656,-0.0015683174133300781,-0.0013790130615234375,-0.0003018379211425781,-0.0012125968933105469,-0.0012831687927246094,-0.0019025802612304688,-0.0013628005981445312,-0.0024871826171875,-0.0021271705627441406,-0.0016989707946777344,-0.0014581680297851562,-0.0016679763793945312,-0.0018324851989746094,-0.0032205581665039062,-0.002765178680419922,-0.003204822540283203,-0.0029931068420410156,-0.00262451171875,-0.002223491668701172,-0.00243377685546875,-0.00255584716796875,-0.004305839538574219,-0.0037164688110351562,-0.005762577056884766,-0.004118442535400391,-0.0033979415893554688,-0.0024137496948242188,-0.003200054168701172,-0.003570556640625,-0.0047359466552734375,-0.0048885345458984375,-0.003932952880859375,-0.004378318786621094,-0.0035147666931152344,-0.002544403076171875,-0.0033674240112304688,-0.003795623779296875,-0.006627082824707031,-0.0057659149169921875,-0.006997108459472656,-0.006760597229003906,-0.004866600036621094,-0.0037822723388671875,-0.005148410797119141,-0.005633354187011719
2152.5,-0.0013170242309570312,-0.0016541481018066406,-0.0018715858459472656,-0.0015683174133300781,-0.0013790130615234375,-0.0003018379211425781,-0.0012125968933105469,-0.0012831687927246094,-0.0019025802612304688,-0.0013628005981445312,-0.0024871826171875,-0.0021271705627441406,-0.0016989707946777344,-0.0014581680297851562,-0.0016679763793945312,-0.0018324851989746094,-0.0032205581665039062,-0.002765178680419922,-0.003204822540283203,-0.0029931068420410156,-0.00262451171875,-0.002223491668701172,-0.00243377685546875,-0.00255584716796875,-0.004305839538574219,-0.0037164688110351562,-0.005762577056884766,-0.004118442535400391,-0.0033979415893554688,-0.0024137496948242188,-0.003200054168701172,-0.003570556640625,-0.0047359466552734375,-0.0048885345458984375,-0.003932952880859375,-0.004378318786621094,-0.0035147666931152344,-0.002544403076171875,-0.0033674240112304688,-0.003795623779296875,-0.006627082824707031,-0.0057659149169921875,-0.006997108459472656,-0.006760597229003906,-0.004866600036621094,-0.0037822723388671875,-0.005148410797119141,-0.005633354187011719
2153.5,-0.0013170242309570312,-0.0016541481018066406,-0.0018715858459472656,-0.0015683174133300781,-0.0013790130615234375,-0.0003018379211425781,-0.0012125968933105469,-0.0012831687927246094,-0.0019025802612304688,-0.0013628005981445312,-0.0024871826171875,-0.0021271705627441406,-0.0016989707946777344,-0.0014581680297851562,-0.0016679763793945312,-0.0018324851989746094,-0.0032205581665039062,-0.002765178680419922,-0.003204822540283203,-0.0029931068420410156,-0.00262451171875,-0.002223491668701172,-0.00243377685546875,-0.00255584716796875,-0.004305839538574219,-0.0037164688110351562,-0.005762577056884766,-0.004118442535400391,-0.0033979415893554688,-0.0024137496948242188,-0.003200054168701172,-0.003570556640625,-0.0047359466552734375,-0.0048885345458984375,-0.003932952880859375,-0.004378318786621094,-0.0035147666931152344,-0.002544403076171875,-0.0033674240112304688,-0.003795623779296875,-0.006627082824707031,-0.0057659149169921875,-0.006997108459472656,-0.006760597229003906,-0.004866600036621094,-0.0037822723388671875,-0.005148410797119141,-0.005633354187011719
2154.5,-0.0013170242309570312,-0.0016541481018066406,-0.0018715858459472656,-0.0015683174133300781,-0.0013790130615234375,-0.0003018379211425781,-0.0012125968933105469,-0.0012831687927246094,-0.0019025802612304688,-0.0013628005981445312,-0.0024871826171875,-0.0021271705627441406,-0.0016989707946777344,-0.0014581680297851562,-0.0016679763793945312,-0.0018324851989746094,-0.0032205581665039062,-0.002765178680419922,-0.003204822540283203,-0.0029931068420410156,-0.00262451171875,-0.002223491668701172,-0.00243377685546875,-0.00255584716796875,-0.004305839538574219,-0.0037164688110351562,-0.005762577056884766,-0.004118442535400391,-0.0033979415893554688,-0.0024137496948242188,-0.003200054168701172,-0.003570556640625,-0.0047359466552734375,-0.0048885345458984375,-0.003932952880859375,-0.004378318786621094,-0.0035147666931152344,-0.002544403076171875,-0.0033674240112304688,-0.003795623779296875,-0.006627082824707031,-0.0057659149169921875,-0.006997108459472656,-0.006760597229003906,-0.004866600036621094,-0.0037822723388671875,-0.005148410797119141,-0.005633354187011719
2155.5,-0.0013170242309570312,-0.0016541481018066406,-0.0018715858459472656,-0.0015683174133300781,-0.0013790130615234375,-0.0003018379211425781,-0.0012125968933105469,-0.0012831687927246094,-0.0019025802612304688,-0.0013628005981445312,-0.0024871826171875,-0.0021271705627441406,-0.0016989707946777344,-0.0014581680297851562,-0.0016679763793945312,-0.0018324851989746094,-0.0032205581665039062,-0.002765178680419922,-0.003204822540283203,-0.0029931068420410156,-0.00262451171875,-0.002223491668701172,-0.00243377685546875,-0.00255584716796875,-0.004305839538574219,-0.0037164688110351562,-0.005762577056884766,-0.004118442535400391,-0.0033979415893554688,-0.0024137496948242188,-0.003200054168701172,-0.003570556640625,-0.0047359466552734375,-0.0048885345458984375,-0.003932952880859375,-0.004378318786621094,-0.0035147666931152344,-0.002544403076171875,-0.0033674240112304688,-0.003795623779296875,-0.006627082824707031,-0.0057659149169921875,-0.006997108459472656,-0.006760597229003906,-0.004866600036621094,-0.0037822723388671875,-0.005148410797119141,-0.005633354187011719
2156.5,-0.0013170242309570312,-0.0016541481018066406,-0.0018715858459472656,-0.0015683174133300781,-0.0013790130615234375,-0.0003018379211425781,-0.0012125968933105469,-0.0012831687927246094,-0.0019025802612304688,-0.0013628005981445312,-0.0024871826171875,-0.0021271705627441406,-0.0016989707946777344,-0.0014581680297851562,-0.0016679763793945312,-0.0018324851989746094,-0.0032205581665039062,-0.002765178680419922,-0.003204822540283203,-0.0029931068420410156,-0.00262451171875,-0.002223491668701172,-0.00243377685546875,-0.00255584716796875,-0.004305839538574219,-0.0037164688110351562,-0.005762577056884766,-0.004118442535400391,-0.0033979415893554688,-0.0024137496948242188,-0.003200054168701172,-0.003570556640625,-0.0047359466552734375,-0.0048885345458984375,-0.003932952880859375,-0.004378318786621094,-0.0035147666931152344,-0.002544403076171875,-0.0033674240112304688,-0.003795623779296875,-0.006627082824707031,-0.0057659149169921875,-0.006997108459472656,-0.006760597229003906,-0.004866600036621094,-0.0037822723388671875,-0.005148410797119141,-0.005633354187011719
2157.5,-0.0013170242309570312,-0.0016541481018066406,-0.0018715858459472656,-0.0015683174133300781,-0.0013790130615234375,-0.0003018379211425781,-0.0012125968933105469,-0.0012831687927246094,-0.0019025802612304688,-0.0013628005981445312,-0.0024871826171875,-0.0021271705627441406,-0.0016989707946777344,-0.0014581680297851562,-0.0016679763793945312,-0.0018324851989746094,-0.0032205581665039062,-0.002765178680419922,-0.003204822540283203,-0.0029931068420410156,-0.00262451171875,-0.002223491668701172,-0.00243377685546875,-0.00255584716796875,-0.004305839538574219,-0.0037164688110351562,-0.005762577056884766,-0.004118442535400391,-0.0033979415893554688,-0.0024137496948242188,-0.003200054168701172,-0.003570556640625,-0.0047359466552734375,-0.0048885345458984375,-0.003932952880859375,-0.004378318786621094,-0.0035147666931152344,-0.002544403076171875,-0.0033674240112304688,-0.003795623779296875,-0.006627082824707031,-0.0057659149169921875,-0.006997108459472656,-0.006760597229003906,-0.004866600036621094,-0.0037822723388671875,-0.005148410797119141,-0.005633354187011719
2158.5,-0.0013170242309570312,-0.0016541481018066406,-0.0018715858459472656,-0.0015683174133300781,-0.0013790130615234375,-0.0003018379211425781,-0.0012125968933105469,-0.0012831687927246094,-0.0019025802612304688,-0.0013628005981445312,-0.0024871826171875,-0.0021271705627441406,-0.0016989707946777344,-0.0014581680297851562,-0.0016679763793945312,-0.0018324851989746094,-0.0032205581665039062,-0.002765178680419922,-0.003204822540283203,-0.0029931068420410156,-0.00262451171875,-0.002223491668701172,-0.00243377685546875,-0.00255584716796875,-0.004305839538574219,-0.0037164688110351562,-0.005762577056884766,-0.004118442535400391,-0.0033979415893554688,-0.0024137496948242188,-0.003200054168701172,-0.003570556640625,-0.0047359466552734375,-0.0048885345458984375,-0.003932952880859375,-0.004378318786621094,-0.0035147666931152344,-0.002544403076171875,-0.0033674240112304688,-0.003795623779296875,-0.006627082824707031,-0.0057659149169921875,-0.006997108459472656,-0.006760597229003906,-0.004866600036621094,-0.0037822723388671875,-0.005148410797119141,-0.005633354187011719
2159.5,-0.0013170242309570312,-0.0016541481018066406,-0.0018715858459472656,-0.0015683174133300781,-0.0013790130615234375,-0.0003018379211425781,-0.0012125968933105469,-0.0012831687927246094,-0.0019025802612304688,-0.0013628005981445312,-0.0024871826171875,-0.0021271705627441406,-0.0016989707946777344,-0.0014581680297851562,-0.0016679763793945312,-0.0018324851989746094,-0.0032205581665039062,-0.002765178680419922,-0.003204822540283203,-0.0029931068420410156,-0.00262451171875,-0.002223491668701172,-0.00243377685546875,-0.00255584716796875,-0.004305839538574219,-0.0037164688110351562,-0.005762577056884766,-0.004118442535400391,-0.0033979415893554688,-0.0024137496948242188,-0.003200054168701172,-0.003570556640625,-0.0047359466552734375,-0.0048885345458984375,-0.003932952880859375,-0.004378318786621094,-0.0035147666931152344,-0.002544403076171875,-0.0033674240112304688,-0.003795623779296875,-0.006627082824707031,-0.0057659149169921875,-0.006997108459472656,-0.006760597229003906,-0.004866600036621094,-0.0037822723388671875,-0.005148410797119141,-0.005633354187011719
2160.5,-0.0013170242309570312,-0.0016541481018066406,-0.0018715858459472656,-0.0015683174133300781,-0.0013790130615234375,-0.0003018379211425781,-0.0012125968933105469,-0.0012831687927246094,-0.0019025802612304688,-0.0013628005981445312,-0.0024871826171875,-0.0021271705627441406,-0.0016989707946777344,-0.0014581680297851562,-0.0016679763793945312,-0.0018324851989746094,-0.0032205581665039062,-0.002765178680419922,-0.003204822540283203,-0.0029931068420410156,-0.00262451171875,-0.002223491668701172,-0.00243377685546875,-0.00255584716796875,-0.004305839538574219,-0.0037164688110351562,-0.005762577056884766,-0.004118442535400391,-0.0033979415893554688,-0.0024137496948242188,-0.003200054168701172,-0.003570556640625,-0.0047359466552734375,-0.0048885345458984375,-0.003932952880859375,-0.004378318786621094,-0.0035147666931152344,-0.002544403076171875,-0.0033674240112304688,-0.003795623779296875,-0.006627082824707031,-0.0057659149169921875,-0.006997108459472656,-0.006760597229003906,-0.004866600036621094,-0.0037822723388671875,-0.005148410797119141,-0.005633354187011719
2161.5,-0.0013170242309570312,-0.0016541481018066406,-0.0018715858459472656,-0.0015683174133300781,-0.0013790130615234375,-0.0003018379211425781,-0.0012125968933105469,-0.0012831687927246094,-0.0019025802612304688,-0.0013628005981445312,-0.0024871826171875,-0.0021271705627441406,-0.0016989707946777344,-0.0014581680297851562,-0.0016679763793945312,-0.0018324851989746094,-0.0032205581665039062,-0.002765178680419922,-0.003204822540283203,-0.0029931068420410156,-0.00262451171875,-0.002223491668701172,-0.00243377685546875,-0.00255584716796875,-0.004305839538574219,-0.0037164688110351562,-0.005762577056884766,-0.004118442535400391,-0.0033979415893554688,-0.0024137496948242188,-0.003200054168701172,-0.003570556640625,-0.0047359466552734375,-0.0048885345458984375,-0.003932952880859375,-0.004378318786621094,-0.0035147666931152344,-0.002544403076171875,-0.0033674240112304688,-0.003795623779296875,-0.006627082824707031,-0.0057659149169921875,-0.006997108459472656,-0.006760597229003906,-0.004866600036621094,-0.0037822723388671875,-0.005148410797119141,-0.005633354187011719
2162.5,-0.0013170242309570312,-0.0016541481018066406,-0.0018715858459472656,-0.0015683174133300781,-0.0013790130615234375,-0.0003018379211425781,-0.0012125968933105469,-0.0012831687927246094,-0.0019025802612304688,-0.0013628005981445312,-0.0024871826171875,-0.0021271705627441406,-0.0016989707946777344,-0.0014581680297851562,-0.0016679763793945312,-0.0018324851989746094,-0.0032205581665039062,-0.002765178680419922,-0.003204822540283203,-0.0029931068420410156,-0.00262451171875,-0.002223491668701172,-0.00243377685546875,-0.00255584716796875,-0.004305839538574219,-0.0037164688110351562,-0.005762577056884766,-0.004118442535400391,-0.0033979415893554688,-0.0024137496948242188,-0.003200054168701172,-0.003570556640625,-0.0047359466552734375,-0.0048885345458984375,-0.003932952880859375,-0.004378318786621094,-0.0035147666931152344,-0.002544403076171875,-0.0033674240112304688,-0.003795623779296875,-0.006627082824707031,-0.0057659149169921875,-0.006997108459472656,-0.006760597229003906,-0.004866600036621094,-0.0037822723388671875,-0.005148410797119141,-0.005633354187011719
2163.5,-0.0013170242309570312,-0.0016541481018066406,-0.0018715858459472656,-0.0015683174133300781,-0.0013790130615234375,-0.0003018379211425781,-0.0012125968933105469,-0.0012831687927246094,-0.0019025802612304688,-0.0013628005981445312,-0.0024871826171875,-0.0021271705627441406,-0.0016989707946777344,-0.0014581680297851562,-0.0016679763793945312,-0.0018324851989746094,-0.0032205581665039062,-0.002765178680419922,-0.003204822540283203,-0.0029931068420410156,-0.00262451171875,-0.002223491668701172,-0.00243377685546875,-0.00255584716796875,-0.004305839538574219,-0.0037164688110351562,-0.005762577056884766,-0.004118442535400391,-0.0033979415893554688,-0.0024137496948242188,-0.003200054168701172,-0.003570556640625,-0.0047359466552734375,-0.0048885345458984375,-0.003932952880859375,-0.004378318786621094,-0.0035147666931152344,-0.002544403076171875,-0.0033674240112304688,-0.003795623779296875,-0.006627082824707031,-0.0057659149169921875,-0.006997108459472656,-0.006760597229003906,-0.004866600036621094,-0.0037822723388671875,-0.005148410797119141,-0.005633354187011719
2164.5,-0.0013170242309570312,-0.0016541481018066406,-0.0018715858459472656,-0.0015683174133300781,-0.0013790130615234375,-0.0003018379211425781,-0.0012125968933105469,-0.0012831687927246094,-0.0019025802612304688,-0.0013628005981445312,-0.0024871826171875,-0.0021271705627441406,-0.0016989707946777344,-0.0014581680297851562,-0.0016679763793945312,-0.0018324851989746094,-0.0032205581665039062,-0.002765178680419922,-0.003204822540283203,-0.0029931068420410156,-0.00262451171875,-0.002223491668701172,-0.00243377685546875,-0.00255584716796875,-0.004305839538574219,-0.0037164688110351562,-0.005762577056884766,-0.004118442535400391,-0.0033979415893554688,-0.0024137496948242188,-0.003200054168701172,-0.003570556640625,-0.0047359466552734375,-0.0048885345458984375,-0.003932952880859375,-0.004378318786621094,-0.0035147666931152344,-0.002544403076171875,-0.0033674240112304688,-0.003795623779296875,-0.006627082824707031,-0.0057659149169921875,-0.006997108459472656,-0.006760597229003906,-0.004866600036621094,-0.0037822723388671875,-0.005148410797119141,-0.005633354187011719
2165.5,-0.0013170242309570312,-0.0016541481018066406,-0.0018715858459472656,-0.0015683174133300781,-0.0013790130615234375,-0.0003018379211425781,-0.0012125968933105469,-0.0012831687927246094,-0.0019025802612304688,-0.0013628005981445312,-0.0024871826171875,-0.0021271705627441406,-0.0016989707946777344,-0.0014581680297851562,-0.0016679763793945312,-0.0018324851989746094,-0.0032205581665039062,-0.002765178680419922,-0.003204822540283203,-0.0029931068420410156,-0.00262451171875,-0.002223491668701172,-0.00243377685546875,-0.00255584716796875,-0.004305839538574219,-0.0037164688110351562,-0.005762577056884766,-0.004118442535400391,-0.0033979415893554688,-0.0024137496948242188,-0.003200054168701172,-0.003570556640625,-0.0047359466552734375,-0.0048885345458984375,-0.003932952880859375,-0.004378318786621094,-0.0035147666931152344,-0.002544403076171875,-0.0033674240112304688,-0.003795623779296875,-0.006627082824707031,-0.0057659149169921875,-0.006997108459472656,-0.006760597229003906,-0.004866600036621094,-0.0037822723388671875,-0.005148410797119141,-0.005633354187011719
2166.5,-0.0013170242309570312,-0.0016541481018066406,-0.0018715858459472656,-0.0015683174133300781,-0.0013790130615234375,-0.0003018379211425781,-0.0012125968933105469,-0.0012831687927246094,-0.0019025802612304688,-0.0013628005981445312,-0.0024871826171875,-0.0021271705627441406,-0.0016989707946777344,-0.0014581680297851562,-0.0016679763793945312,-0.0018324851989746094,-0.0032205581665039062,-0.002765178680419922,-0.003204822540283203,-0.0029931068420410156,-0.00262451171875,-0.002223491668701172,-0.00243377685546875,-0.00255584716796875,-0.004305839538574219,-0.0037164688110351562,-0.005762577056884766,-0.004118442535400391,-0.0033979415893554688,-0.0024137496948242188,-0.003200054168701172,-0.003570556640625,-0.0047359466552734375,-0.0048885345458984375,-0.003932952880859375,-0.004378318786621094,-0.0035147666931152344,-0.002544403076171875,-0.0033674240112304688,-0.003795623779296875,-0.006627082824707031,-0.0057659149169921875,-0.006997108459472656,-0.006760597229003906,-0.004866600036621094,-0.0037822723388671875,-0.005148410797119141,-0.005633354187011719
2167.5,-0.0013170242309570312,-0.0016541481018066406,-0.0018715858459472656,-0.0015683174133300781,-0.0013790130615234375,-0.0003018379211425781,-0.0012125968933105469,-0.0012831687927246094,-0.0019025802612304688,-0.0013628005981445312,-0.0024871826171875,-0.0021271705627441406,-0.0016989707946777344,-0.0014581680297851562,-0.0016679763793945312,-0.0018324851989746094,-0.0032205581665039062,-0.002765178680419922,-0.003204822540283203,-0.0029931068420410156,-0.00262451171875,-0.002223491668701172,-0.00243377685546875,-0.00255584716796875,-0.004305839538574219,-0.0037164688110351562,-0.005762577056884766,-0.004118442535400391,-0.0033979415893554688,-0.0024137496948242188,-0.003200054168701172,-0.003570556640625,-0.0047359466552734375,-0.0048885345458984375,-0.003932952880859375,-0.004378318786621094,-0.0035147666931152344,-0.002544403076171875,-0.0033674240112304688,-0.003795623779296875,-0.006627082824707031,-0.0057659149169921875,-0.006997108459472656,-0.006760597229003906,-0.004866600036621094,-0.0037822723388671875,-0.005148410797119141,-0.005633354187011719
2168.5,-0.0013170242309570312,-0.0016541481018066406,-0.0018715858459472656,-0.0015683174133300781,-0.0013790130615234375,-0.0003018379211425781,-0.0012125968933105469,-0.0012831687927246094,-0.0019025802612304688,-0.0013628005981445312,-0.0024871826171875,-0.0021271705627441406,-0.0016989707946777344,-0.0014581680297851562,-0.0016679763793945312,-0.0018324851989746094,-0.0032205581665039062,-0.002765178680419922,-0.003204822540283203,-0.0029931068420410156,-0.00262451171875,-0.002223491668701172,-0.00243377685546875,-0.00255584716796875,-0.004305839538574219,-0.0037164688110351562,-0.005762577056884766,-0.004118442535400391,-0.0033979415893554688,-0.0024137496948242188,-0.003200054168701172,-0.003570556640625,-0.0047359466552734375,-0.0048885345458984375,-0.003932952880859375,-0.004378318786621094,-0.0035147666931152344,-0.002544403076171875,-0.0033674240112304688,-0.003795623779296875,-0.006627082824707031,-0.0057659149169921875,-0.006997108459472656,-0.006760597229003906,-0.004866600036621094,-0.0037822723388671875,-0.005148410797119141,-0.005633354187011719
2169.5,-0.0013170242309570312,-0.0016541481018066406,-0.0018715858459472656,-0.0015683174133300781,-0.0013790130615234375,-0.0003018379211425781,-0.0012125968933105469,-0.0012831687927246094,-0.0019025802612304688,-0.0013628005981445312,-0.0024871826171875,-0.0021271705627441406,-0.0016989707946777344,-0.0014581680297851562,-0.0016679763793945312,-0.0018324851989746094,-0.0032205581665039062,-0.002765178680419922,-0.003204822540283203,-0.0029931068420410156,-0.00262451171875,-0.002223491668701172,-0.00243377685546875,-0.00255584716796875,-0.004305839538574219,-0.0037164688110351562,-0.005762577056884766,-0.004118442535400391,-0.0033979415893554688,-0.0024137496948242188,-0.003200054168701172,-0.003570556640625,-0.0047359466552734375,-0.0048885345458984375,-0.003932952880859375,-0.004378318786621094,-0.0035147666931152344,-0.002544403076171875,-0.0033674240112304688,-0.003795623779296875,-0.006627082824707031,-0.0057659149169921875,-0.006997108459472656,-0.006760597229003906,-0.004866600036621094,-0.0037822723388671875,-0.005148410797119141,-0.005633354187011719
2170.5,-0.0013170242309570312,-0.0016541481018066406,-0.0018715858459472656,-0.0015683174133300781,-0.0013790130615234375,-0.0003018379211425781,-0.0012125968933105469,-0.0012831687927246094,-0.0019025802612304688,-0.0013628005981445312,-0.0024871826171875,-0.0021271705627441406,-0.0016989707946777344,-0.0014581680297851562,-0.0016679763793945312,-0.0018324851989746094,-0.0032205581665039062,-0.002765178680419922,-0.003204822540283203,-0.0029931068420410156,-0.00262451171875,-0.002223491668701172,-0.00243377685546875,-0.00255584716796875,-0.004305839538574219,-0.0037164688110351562,-0.005762577056884766,-0.004118442535400391,-0.0033979415893554688,-0.0024137496948242188,-0.003200054168701172,-0.003570556640625,-0.0047359466552734375,-0.0048885345458984375,-0.003932952880859375,-0.004378318786621094,-0.0035147666931152344,-0.002544403076171875,-0.0033674240112304688,-0.003795623779296875,-0.006627082824707031,-0.0057659149169921875,-0.006997108459472656,-0.006760597229003906,-0.004866600036621094,-0.0037822723388671875,-0.005148410797119141,-0.005633354187011719
2171.5,-0.0013170242309570312,-0.0016541481018066406,-0.0018715858459472656,-0.0015683174133300781,-0.0013790130615234375,-0.0003018379211425781,-0.0012125968933105469,-0.0012831687927246094,-0.0019025802612304688,-0.0013628005981445312,-0.0024871826171875,-0.0021271705627441406,-0.0016989707946777344,-0.0014581680297851562,-0.0016679763793945312,-0.0018324851989746094,-0.0032205581665039062,-0.002765178680419922,-0.003204822540283203,-0.0029931068420410156,-0.00262451171875,-0.002223491668701172,-0.00243377685546875,-0.00255584716796875,-0.004305839538574219,-0.0037164688110351562,-0.005762577056884766,-0.004118442535400391,-0.0033979415893554688,-0.0024137496948242188,-0.003200054168701172,-0.003570556640625,-0.0047359466552734375,-0.0048885345458984375,-0.003932952880859375,-0.004378318786621094,-0.0035147666931152344,-0.002544403076171875,-0.0033674240112304688,-0.003795623779296875,-0.006627082824707031,-0.0057659149169921875,-0.006997108459472656,-0.006760597229003906,-0.004866600036621094,-0.0037822723388671875,-0.005148410797119141,-0.005633354187011719
2172.5,-0.0013170242309570312,-0.0016541481018066406,-0.0018715858459472656,-0.0015683174133300781,-0.0013790130615234375,-0.0003018379211425781,-0.0012125968933105469,-0.0012831687927246094,-0.0019025802612304688,-0.0013628005981445312,-0.0024871826171875,-0.0021271705627441406,-0.0016989707946777344,-0.0014581680297851562,-0.0016679763793945312,-0.0018324851989746094,-0.0032205581665039062,-0.002765178680419922,-0.003204822540283203,-0.0029931068420410156,-0.00262451171875,-0.002223491668701172,-0.00243377685546875,-0.00255584716796875,-0.004305839538574219,-0.0037164688110351562,-0.005762577056884766,-0.004118442535400391,-0.0033979415893554688,-0.0024137496948242188,-0.003200054168701172,-0.003570556640625,-0.0047359466552734375,-0.0048885345458984375,-0.003932952880859375,-0.004378318786621094,-0.0035147666931152344,-0.002544403076171875,-0.0033674240112304688,-0.003795623779296875,-0.006627082824707031,-0.0057659149169921875,-0.006997108459472656,-0.006760597229003906,-0.004866600036621094,-0.0037822723388671875,-0.005148410797119141,-0.005633354187011719
2173.5,-0.0013170242309570312,-0.0016541481018066406,-0.0018715858459472656,-0.0015683174133300781,-0.0013790130615234375,-0.0003018379211425781,-0.0012125968933105469,-0.0012831687927246094,-0.0019025802612304688,-0.0013628005981445312,-0.0024871826171875,-0.0021271705627441406,-0.0016989707946777344,-0.0014581680297851562,-0.0016679763793945312,-0.0018324851989746094,-0.0032205581665039062,-0.002765178680419922,-0.003204822540283203,-0.0029931068420410156,-0.00262451171875,-0.002223491668701172,-0.00243377685546875,-0.00255584716796875,-0.004305839538574219,-0.0037164688110351562,-0.005762577056884766,-0.004118442535400391,-0.0033979415893554688,-0.0024137496948242188,-0.003200054168701172,-0.003570556640625,-0.0047359466552734375,-0.0048885345458984375,-0.003932952880859375,-0.004378318786621094,-0.0035147666931152344,-0.002544403076171875,-0.0033674240112304688,-0.003795623779296875,-0.006627082824707031,-0.0057659149169921875,-0.006997108459472656,-0.006760597229003906,-0.004866600036621094,-0.0037822723388671875,-0.005148410797119141,-0.005633354187011719
2174.5,-0.0013170242309570312,-0.0016541481018066406,-0.0018715858459472656,-0.0015683174133300781,-0.0013790130615234375,-0.0003018379211425781,-0.0012125968933105469,-0.0012831687927246094,-0.0019025802612304688,-0.0013628005981445312,-0.0024871826171875,-0.0021271705627441406,-0.0016989707946777344,-0.0014581680297851562,-0.0016679763793945312,-0.0018324851989746094,-0.0032205581665039062,-0.002765178680419922,-0.003204822540283203,-0.0029931068420410156,-0.00262451171875,-0.002223491668701172,-0.00243377685546875,-0.00255584716796875,-0.004305839538574219,-0.0037164688110351562,-0.005762577056884766,-0.004118442535400391,-0.0033979415893554688,-0.0024137496948242188,-0.003200054168701172,-0.003570556640625,-0.0047359466552734375,-0.0048885345458984375,-0.003932952880859375,-0.004378318786621094,-0.0035147666931152344,-0.002544403076171875,-0.0033674240112304688,-0.003795623779296875,-0.006627082824707031,-0.0057659149169921875,-0.006997108459472656,-0.006760597229003906,-0.004866600036621094,-0.0037822723388671875,-0.005148410797119141,-0.005633354187011719
2175.5,-0.0013170242309570312,-0.0016541481018066406,-0.0018715858459472656,-0.0015683174133300781,-0.0013790130615234375,-0.0003018379211425781,-0.0012125968933105469,-0.0012831687927246094,-0.0019025802612304688,-0.0013628005981445312,-0.0024871826171875,-0.0021271705627441406,-0.0016989707946777344,-0.0014581680297851562,-0.0016679763793945312,-0.0018324851989746094,-0.0032205581665039062,-0.002765178680419922,-0.003204822540283203,-0.0029931068420410156,-0.00262451171875,-0.002223491668701172,-0.00243377685546875,-0.00255584716796875,-0.004305839538574219,-0.0037164688110351562,-0.005762577056884766,-0.004118442535400391,-0.0033979415893554688,-0.0024137496948242188,-0.003200054168701172,-0.003570556640625,-0.0047359466552734375,-0.0048885345458984375,-0.003932952880859375,-0.004378318786621094,-0.0035147666931152344,-0.002544403076171875,-0.0033674240112304688,-0.003795623779296875,-0.006627082824707031,-0.0057659149169921875,-0.006997108459472656,-0.006760597229003906,-0.004866600036621094,-0.0037822723388671875,-0.005148410797119141,-0.005633354187011719
2176.5,-0.0013170242309570312,-0.0016541481018066406,-0.0018715858459472656,-0.0015683174133300781,-0.0013790130615234375,-0.0003018379211425781,-0.0012125968933105469,-0.0012831687927246094,-0.0019025802612304688,-0.0013628005981445312,-0.0024871826171875,-0.0021271705627441406,-0.0016989707946777344,-0.0014581680297851562,-0.0016679763793945312,-0.0018324851989746094,-0.0032205581665039062,-0.002765178680419922,-0.003204822540283203,-0.0029931068420410156,-0.00262451171875,-0.002223491668701172,-0.00243377685546875,-0.00255584716796875,-0.004305839538574219,-0.0037164688110351562,-0.005762577056884766,-0.004118442535400391,-0.0033979415893554688,-0.0024137496948242188,-0.003200054168701172,-0.003570556640625,-0.0047359466552734375,-0.0048885345458984375,-0.003932952880859375,-0.004378318786621094,-0.0035147666931152344,-0.002544403076171875,-0.0033674240112304688,-0.003795623779296875,-0.006627082824707031,-0.0057659149169921875,-0.006997108459472656,-0.006760597229003906,-0.004866600036621094,-0.0037822723388671875,-0.005148410797119141,-0.005633354187011719
2177.5,-0.0013170242309570312,-0.0016541481018066406,-0.0018715858459472656,-0.0015683174133300781,-0.0013790130615234375,-0.0003018379211425781,-0.0012125968933105469,-0.0012831687927246094,-0.0019025802612304688,-0.0013628005981445312,-0.0024871826171875,-0.0021271705627441406,-0.0016989707946777344,-0.0014581680297851562,-0.0016679763793945312,-0.0018324851989746094,-0.0032205581665039062,-0.002765178680419922,-0.003204822540283203,-0.0029931068420410156,-0.00262451171875,-0.002223491668701172,-0.00243377685546875,-0.00255584716796875,-0.004305839538574219,-0.0037164688110351562,-0.005762577056884766,-0.004118442535400391,-0.0033979415893554688,-0.0024137496948242188,-0.003200054168701172,-0.003570556640625,-0.0047359466552734375,-0.0048885345458984375,-0.003932952880859375,-0.004378318786621094,-0.0035147666931152344,-0.002544403076171875,-0.0033674240112304688,-0.003795623779296875,-0.006627082824707031,-0.0057659149169921875,-0.006997108459472656,-0.006760597229003906,-0.004866600036621094,-0.0037822723388671875,-0.005148410797119141,-0.005633354187011719
2178.5,-0.0013170242309570312,-0.0016541481018066406,-0.0018715858459472656,-0.0015683174133300781,-0.0013790130615234375,-0.0003018379211425781,-0.0012125968933105469,-0.0012831687927246094,-0.0019025802612304688,-0.0013628005981445312,-0.0024871826171875,-0.0021271705627441406,-0.0016989707946777344,-0.0014581680297851562,-0.0016679763793945312,-0.0018324851989746094,-0.0032205581665039062,-0.002765178680419922,-0.003204822540283203,-0.0029931068420410156,-0.00262451171875,-0.002223491668701172,-0.00243377685546875,-0.00255584716796875,-0.004305839538574219,-0.0037164688110351562,-0.005762577056884766,-0.004118442535400391,-0.0033979415893554688,-0.0024137496948242188,-0.003200054168701172,-0.003570556640625,-0.0047359466552734375,-0.0048885345458984375,-0.003932952880859375,-0.004378318786621094,-0.0035147666931152344,-0.002544403076171875,-0.0033674240112304688,-0.003795623779296875,-0.006627082824707031,-0.0057659149169921875,-0.006997108459472656,-0.006760597229003906,-0.004866600036621094,-0.0037822723388671875,-0.005148410797119141,-0.005633354187011719
2179.5,-0.0013170242309570312,-0.0016541481018066406,-0.0018715858459472656,-0.0015683174133300781,-0.0013790130615234375,-0.0003018379211425781,-0.0012125968933105469,-0.0012831687927246094,-0.0019025802612304688,-0.0013628005981445312,-0.0024871826171875,-0.0021271705627441406,-0.0016989707946777344,-0.0014581680297851562,-0.0016679763793945312,-0.0018324851989746094,-0.0032205581665039062,-0.002765178680419922,-0.003204822540283203,-0.0029931068420410156,-0.00262451171875,-0.002223491668701172,-0.00243377685546875,-0.00255584716796875,-0.004305839538574219,-0.0037164688110351562,-0.005762577056884766,-0.004118442535400391,-0.0033979415893554688,-0.0024137496948242188,-0.003200054168701172,-0.003570556640625,-0.0047359466552734375,-0.0048885345458984375,-0.003932952880859375,-0.004378318786621094,-0.0035147666931152344,-0.002544403076171875,-0.0033674240112304688,-0.003795623779296875,-0.006627082824707031,-0.0057659149169921875,-0.006997108459472656,-0.006760597229003906,-0.004866600036621094,-0.0037822723388671875,-0.005148410797119141,-0.005633354187011719
2180.5,-0.0013170242309570312,-0.0016541481018066406,-0.0018715858459472656,-0.0015683174133300781,-0.0013790130615234375,-0.0003018379211425781,-0.0012125968933105469,-0.0012831687927246094,-0.0019025802612304688,-0.0013628005981445312,-0.0024871826171875,-0.0021271705627441406,-0.0016989707946777344,-0.0014581680297851562,-0.0016679763793945312,-0.0018324851989746094,-0.0032205581665039062,-0.002765178680419922,-0.003204822540283203,-0.0029931068420410156,-0.00262451171875,-0.002223491668701172,-0.00243377685546875,-0.00255584716796875,-0.004305839538574219,-0.0037164688110351562,-0.005762577056884766,-0.004118442535400391,-0.0033979415893554688,-0.0024137496948242188,-0.003200054168701172,-0.003570556640625,-0.0047359466552734375,-0.0048885345458984375,-0.003932952880859375,-0.004378318786621094,-0.0035147666931152344,-0.002544403076171875,-0.0033674240112304688,-0.003795623779296875,-0.006627082824707031,-0.0057659149169921875,-0.006997108459472656,-0.006760597229003906,-0.004866600036621094,-0.0037822723388671875,-0.005148410797119141,-0.005633354187011719
2181.5,-0.0013170242309570312,-0.0016541481018066406,-0.0018715858459472656,-0.0015683174133300781,-0.0013790130615234375,-0.0003018379211425781,-0.0012125968933105469,-0.0012831687927246094,-0.0019025802612304688,-0.0013628005981445312,-0.0024871826171875,-0.0021271705627441406,-0.0016989707946777344,-0.0014581680297851562,-0.0016679763793945312,-0.0018324851989746094,-0.0032205581665039062,-0.002765178680419922,-0.003204822540283203,-0.0029931068420410156,-0.00262451171875,-0.002223491668701172,-0.00243377685546875,-0.00255584716796875,-0.004305839538574219,-0.0037164688110351562,-0.005762577056884766,-0.004118442535400391,-0.0033979415893554688,-0.0024137496948242188,-0.003200054168701172,-0.003570556640625,-0.0047359466552734375,-0.0048885345458984375,-0.003932952880859375,-0.004378318786621094,-0.0035147666931152344,-0.002544403076171875,-0.0033674240112304688,-0.003795623779296875,-0.006627082824707031,-0.0057659149169921875,-0.006997108459472656,-0.006760597229003906,-0.004866600036621094,-0.0037822723388671875,-0.005148410797119141,-0.005633354187011719
2182.5,-0.0013170242309570312,-0.0016541481018066406,-0.0018715858459472656,-0.0015683174133300781,-0.0013790130615234375,-0.0003018379211425781,-0.0012125968933105469,-0.0012831687927246094,-0.0019025802612304688,-0.0013628005981445312,-0.0024871826171875,-0.0021271705627441406,-0.0016989707946777344,-0.0014581680297851562,-0.0016679763793945312,-0.0018324851989746094,-0.0032205581665039062,-0.002765178680419922,-0.003204822540283203,-0.0029931068420410156,-0.00262451171875,-0.002223491668701172,-0.00243377685546875,-0.00255584716796875,-0.004305839538574219,-0.0037164688110351562,-0.005762577056884766,-0.004118442535400391,-0.0033979415893554688,-0.0024137496948242188,-0.003200054168701172,-0.003570556640625,-0.0047359466552734375,-0.0048885345458984375,-0.003932952880859375,-0.004378318786621094,-0.0035147666931152344,-0.002544403076171875,-0.0033674240112304688,-0.003795623779296875,-0.006627082824707031,-0.0057659149169921875,-0.006997108459472656,-0.006760597229003906,-0.004866600036621094,-0.0037822723388671875,-0.005148410797119141,-0.005633354187011719
2183.5,-0.0013170242309570312,-0.0016541481018066406,-0.0018715858459472656,-0.0015683174133300781,-0.0013790130615234375,-0.0003018379211425781,-0.0012125968933105469,-0.0012831687927246094,-0.0019025802612304688,-0.0013628005981445312,-0.0024871826171875,-0.0021271705627441406,-0.0016989707946777344,-0.0014581680297851562,-0.0016679763793945312,-0.0018324851989746094,-0.0032205581665039062,-0.002765178680419922,-0.003204822540283203,-0.0029931068420410156,-0.00262451171875,-0.002223491668701172,-0.00243377685546875,-0.00255584716796875,-0.004305839538574219,-0.0037164688110351562,-0.005762577056884766,-0.004118442535400391,-0.0033979415893554688,-0.0024137496948242188,-0.003200054168701172,-0.003570556640625,-0.0047359466552734375,-0.0048885345458984375,-0.003932952880859375,-0.004378318786621094,-0.0035147666931152344,-0.002544403076171875,-0.0033674240112304688,-0.003795623779296875,-0.006627082824707031,-0.0057659149169921875,-0.006997108459472656,-0.006760597229003906,-0.004866600036621094,-0.0037822723388671875,-0.005148410797119141,-0.005633354187011719
2184.5,-0.0013170242309570312,-0.0016541481018066406,-0.0018715858459472656,-0.0015683174133300781,-0.0013790130615234375,-0.0003018379211425781,-0.0012125968933105469,-0.0012831687927246094,-0.0019025802612304688,-0.0013628005981445312,-0.0024871826171875,-0.0021271705627441406,-0.0016989707946777344,-0.0014581680297851562,-0.0016679763793945312,-0.0018324851989746094,-0.0032205581665039062,-0.002765178680419922,-0.003204822540283203,-0.0029931068420410156,-0.00262451171875,-0.002223491668701172,-0.00243377685546875,-0.00255584716796875,-0.004305839538574219,-0.0037164688110351562,-0.005762577056884766,-0.004118442535400391,-0.0033979415893554688,-0.0024137496948242188,-0.003200054168701172,-0.003570556640625,-0.0047359466552734375,-0.0048885345458984375,-0.003932952880859375,-0.004378318786621094,-0.0035147666931152344,-0.002544403076171875,-0.0033674240112304688,-0.003795623779296875,-0.006627082824707031,-0.0057659149169921875,-0.006997108459472656,-0.006760597229003906,-0.004866600036621094,-0.0037822723388671875,-0.005148410797119141,-0.005633354187011719
2185.5,-0.0013170242309570312,-0.0016541481018066406,-0.0018715858459472656,-0.0015683174133300781,-0.0013790130615234375,-0.0003018379211425781,-0.0012125968933105469,-0.0012831687927246094,-0.0019025802612304688,-0.0013628005981445312,-0.0024871826171875,-0.0021271705627441406,-0.0016989707946777344,-0.0014581680297851562,-0.0016679763793945312,-0.0018324851989746094,-0.0032205581665039062,-0.002765178680419922,-0.003204822540283203,-0.0029931068420410156,-0.00262451171875,-0.002223491668701172,-0.00243377685546875,-0.00255584716796875,-0.004305839538574219,-0.0037164688110351562,-0.005762577056884766,-0.004118442535400391,-0.0033979415893554688,-0.0024137496948242188,-0.003200054168701172,-0.003570556640625,-0.0047359466552734375,-0.0048885345458984375,-0.003932952880859375,-0.004378318786621094,-0.0035147666931152344,-0.002544403076171875,-0.0033674240112304688,-0.003795623779296875,-0.006627082824707031,-0.0057659149169921875,-0.006997108459472656,-0.006760597229003906,-0.004866600036621094,-0.0037822723388671875,-0.005148410797119141,-0.005633354187011719
2186.5,-0.0013170242309570312,-0.0016541481018066406,-0.0018715858459472656,-0.0015683174133300781,-0.0013790130615234375,-0.0003018379211425781,-0.0012125968933105469,-0.0012831687927246094,-0.0019025802612304688,-0.0013628005981445312,-0.0024871826171875,-0.0021271705627441406,-0.0016989707946777344,-0.0014581680297851562,-0.0016679763793945312,-0.0018324851989746094,-0.0032205581665039062,-0.002765178680419922,-0.003204822540283203,-0.0029931068420410156,-0.00262451171875,-0.002223491668701172,-0.00243377685546875,-0.00255584716796875,-0.004305839538574219,-0.0037164688110351562,-0.005762577056884766,-0.004118442535400391,-0.0033979415893554688,-0.0024137496948242188,-0.003200054168701172,-0.003570556640625,-0.0047359466552734375,-0.0048885345458984375,-0.003932952880859375,-0.004378318786621094,-0.0035147666931152344,-0.002544403076171875,-0.0033674240112304688,-0.003795623779296875,-0.006627082824707031,-0.0057659149169921875,-0.006997108459472656,-0.006760597229003906,-0.004866600036621094,-0.0037822723388671875,-0.005148410797119141,-0.005633354187011719
2187.5,-0.0013170242309570312,-0.0016541481018066406,-0.0018715858459472656,-0.0015683174133300781,-0.0013790130615234375,-0.0003018379211425781,-0.0012125968933105469,-0.0012831687927246094,-0.0019025802612304688,-0.0013628005981445312,-0.0024871826171875,-0.0021271705627441406,-0.0016989707946777344,-0.0014581680297851562,-0.0016679763793945312,-0.0018324851989746094,-0.0032205581665039062,-0.002765178680419922,-0.003204822540283203,-0.0029931068420410156,-0.00262451171875,-0.002223491668701172,-0.00243377685546875,-0.00255584716796875,-0.004305839538574219,-0.0037164688110351562,-0.005762577056884766,-0.004118442535400391,-0.0033979415893554688,-0.0024137496948242188,-0.003200054168701172,-0.003570556640625,-0.0047359466552734375,-0.0048885345458984375,-0.003932952880859375,-0.004378318786621094,-0.0035147666931152344,-0.002544403076171875,-0.0033674240112304688,-0.003795623779296875,-0.006627082824707031,-0.0057659149169921875,-0.006997108459472656,-0.006760597229003906,-0.004866600036621094,-0.0037822723388671875,-0.005148410797119141,-0.005633354187011719
2188.5,-0.0013170242309570312,-0.0016541481018066406,-0.0018715858459472656,-0.0015683174133300781,-0.0013790130615234375,-0.0003018379211425781,-0.0012125968933105469,-0.0012831687927246094,-0.0019025802612304688,-0.0013628005981445312,-0.0024871826171875,-0.0021271705627441406,-0.0016989707946777344,-0.0014581680297851562,-0.0016679763793945312,-0.0018324851989746094,-0.0032205581665039062,-0.002765178680419922,-0.003204822540283203,-0.0029931068420410156,-0.00262451171875,-0.002223491668701172,-0.00243377685546875,-0.00255584716796875,-0.004305839538574219,-0.0037164688110351562,-0.005762577056884766,-0.004118442535400391,-0.0033979415893554688,-0.0024137496948242188,-0.003200054168701172,-0.003570556640625,-0.0047359466552734375,-0.0048885345458984375,-0.003932952880859375,-0.004378318786621094,-0.0035147666931152344,-0.002544403076171875,-0.0033674240112304688,-0.003795623779296875,-0.006627082824707031,-0.0057659149169921875,-0.006997108459472656,-0.006760597229003906,-0.004866600036621094,-0.0037822723388671875,-0.005148410797119141,-0.005633354187011719
2189.5,-0.0013170242309570312,-0.0016541481018066406,-0.0018715858459472656,-0.0015683174133300781,-0.0013790130615234375,-0.0003018379211425781,-0.0012125968933105469,-0.0012831687927246094,-0.0019025802612304688,-0.0013628005981445312,-0.0024871826171875,-0.0021271705627441406,-0.0016989707946777344,-0.0014581680297851562,-0.0016679763793945312,-0.0018324851989746094,-0.0032205581665039062,-0.002765178680419922,-0.003204822540283203,-0.0029931068420410156,-0.00262451171875,-0.002223491668701172,-0.00243377685546875,-0.00255584716796875,-0.004305839538574219,-0.0037164688110351562,-0.005762577056884766,-0.004118442535400391,-0.0033979415893554688,-0.0024137496948242188,-0.003200054168701172,-0.003570556640625,-0.0047359466552734375,-0.0048885345458984375,-0.003932952880859375,-0.004378318786621094,-0.0035147666931152344,-0.002544403076171875,-0.0033674240112304688,-0.003795623779296875,-0.006627082824707031,-0.0057659149169921875,-0.006997108459472656,-0.006760597229003906,-0.004866600036621094,-0.0037822723388671875,-0.005148410797119141,-0.005633354187011719
2190.5,-0.0013170242309570312,-0.0016541481018066406,-0.0018715858459472656,-0.0015683174133300781,-0.0013790130615234375,-0.0003018379211425781,-0.0012125968933105469,-0.0012831687927246094,-0.0019025802612304688,-0.0013628005981445312,-0.0024871826171875,-0.0021271705627441406,-0.0016989707946777344,-0.0014581680297851562,-0.0016679763793945312,-0.0018324851989746094,-0.0032205581665039062,-0.002765178680419922,-0.003204822540283203,-0.0029931068420410156,-0.00262451171875,-0.002223491668701172,-0.00243377685546875,-0.00255584716796875,-0.004305839538574219,-0.0037164688110351562,-0.005762577056884766,-0.004118442535400391,-0.0033979415893554688,-0.0024137496948242188,-0.003200054168701172,-0.003570556640625,-0.0047359466552734375,-0.0048885345458984375,-0.003932952880859375,-0.004378318786621094,-0.0035147666931152344,-0.002544403076171875,-0.0033674240112304688,-0.003795623779296875,-0.006627082824707031,-0.0057659149169921875,-0.006997108459472656,-0.006760597229003906,-0.004866600036621094,-0.0037822723388671875,-0.005148410797119141,-0.005633354187011719
2191.5,-0.0013170242309570312,-0.0016541481018066406,-0.0018715858459472656,-0.0015683174133300781,-0.0013790130615234375,-0.0003018379211425781,-0.0012125968933105469,-0.0012831687927246094,-0.0019025802612304688,-0.0013628005981445312,-0.0024871826171875,-0.0021271705627441406,-0.0016989707946777344,-0.0014581680297851562,-0.0016679763793945312,-0.0018324851989746094,-0.0032205581665039062,-0.002765178680419922,-0.003204822540283203,-0.0029931068420410156,-0.00262451171875,-0.002223491668701172,-0.00243377685546875,-0.00255584716796875,-0.004305839538574219,-0.0037164688110351562,-0.005762577056884766,-0.004118442535400391,-0.0033979415893554688,-0.0024137496948242188,-0.003200054168701172,-0.003570556640625,-0.0047359466552734375,-0.0048885345458984375,-0.003932952880859375,-0.004378318786621094,-0.0035147666931152344,-0.002544403076171875,-0.0033674240112304688,-0.003795623779296875,-0.006627082824707031,-0.0057659149169921875,-0.006997108459472656,-0.006760597229003906,-0.004866600036621094,-0.0037822723388671875,-0.005148410797119141,-0.005633354187011719
2192.5,-0.0013170242309570312,-0.0016541481018066406,-0.0018715858459472656,-0.0015683174133300781,-0.0013790130615234375,-0.0003018379211425781,-0.0012125968933105469,-0.0012831687927246094,-0.0019025802612304688,-0.0013628005981445312,-0.0024871826171875,-0.0021271705627441406,-0.0016989707946777344,-0.0014581680297851562,-0.0016679763793945312,-0.0018324851989746094,-0.0032205581665039062,-0.002765178680419922,-0.003204822540283203,-0.0029931068420410156,-0.00262451171875,-0.002223491668701172,-0.00243377685546875,-0.00255584716796875,-0.004305839538574219,-0.0037164688110351562,-0.005762577056884766,-0.004118442535400391,-0.0033979415893554688,-0.0024137496948242188,-0.003200054168701172,-0.003570556640625,-0.0047359466552734375,-0.0048885345458984375,-0.003932952880859375,-0.004378318786621094,-0.0035147666931152344,-0.002544403076171875,-0.0033674240112304688,-0.003795623779296875,-0.006627082824707031,-0.0057659149169921875,-0.006997108459472656,-0.006760597229003906,-0.004866600036621094,-0.0037822723388671875,-0.005148410797119141,-0.005633354187011719
2193.5,-0.0013170242309570312,-0.0016541481018066406,-0.0018715858459472656,-0.0015683174133300781,-0.0013790130615234375,-0.0003018379211425781,-0.0012125968933105469,-0.0012831687927246094,-0.0019025802612304688,-0.0013628005981445312,-0.0024871826171875,-0.0021271705627441406,-0.0016989707946777344,-0.0014581680297851562,-0.0016679763793945312,-0.0018324851989746094,-0.0032205581665039062,-0.002765178680419922,-0.003204822540283203,-0.0029931068420410156,-0.00262451171875,-0.002223491668701172,-0.00243377685546875,-0.00255584716796875,-0.004305839538574219,-0.0037164688110351562,-0.005762577056884766,-0.004118442535400391,-0.0033979415893554688,-0.0024137496948242188,-0.003200054168701172,-0.003570556640625,-0.0047359466552734375,-0.0048885345458984375,-0.003932952880859375,-0.004378318786621094,-0.0035147666931152344,-0.002544403076171875,-0.0033674240112304688,-0.003795623779296875,-0.006627082824707031,-0.0057659149169921875,-0.006997108459472656,-0.006760597229003906,-0.004866600036621094,-0.0037822723388671875,-0.005148410797119141,-0.005633354187011719
2194.5,-0.0013170242309570312,-0.0016541481018066406,-0.0018715858459472656,-0.0015683174133300781,-0.0013790130615234375,-0.0003018379211425781,-0.0012125968933105469,-0.0012831687927246094,-0.0019025802612304688,-0.0013628005981445312,-0.0024871826171875,-0.0021271705627441406,-0.0016989707946777344,-0.0014581680297851562,-0.0016679763793945312,-0.0018324851989746094,-0.0032205581665039062,-0.002765178680419922,-0.003204822540283203,-0.0029931068420410156,-0.00262451171875,-0.002223491668701172,-0.00243377685546875,-0.00255584716796875,-0.004305839538574219,-0.0037164688110351562,-0.005762577056884766,-0.004118442535400391,-0.0033979415893554688,-0.0024137496948242188,-0.003200054168701172,-0.003570556640625,-0.0047359466552734375,-0.0048885345458984375,-0.003932952880859375,-0.004378318786621094,-0.0035147666931152344,-0.002544403076171875,-0.0033674240112304688,-0.003795623779296875,-0.006627082824707031,-0.0057659149169921875,-0.006997108459472656,-0.006760597229003906,-0.004866600036621094,-0.0037822723388671875,-0.005148410797119141,-0.005633354187011719
2195.5,-0.0013170242309570312,-0.0016541481018066406,-0.0018715858459472656,-0.0015683174133300781,-0.0013790130615234375,-0.0003018379211425781,-0.0012125968933105469,-0.0012831687927246094,-0.0019025802612304688,-0.0013628005981445312,-0.0024871826171875,-0.0021271705627441406,-0.0016989707946777344,-0.0014581680297851562,-0.0016679763793945312,-0.0018324851989746094,-0.0032205581665039062,-0.002765178680419922,-0.003204822540283203,-0.0029931068420410156,-0.00262451171875,-0.002223491668701172,-0.00243377685546875,-0.00255584716796875,-0.004305839538574219,-0.0037164688110351562,-0.005762577056884766,-0.004118442535400391,-0.0033979415893554688,-0.0024137496948242188,-0.003200054168701172,-0.003570556640625,-0.0047359466552734375,-0.0048885345458984375,-0.003932952880859375,-0.004378318786621094,-0.0035147666931152344,-0.002544403076171875,-0.0033674240112304688,-0.003795623779296875,-0.006627082824707031,-0.0057659149169921875,-0.006997108459472656,-0.006760597229003906,-0.004866600036621094,-0.0037822723388671875,-0.005148410797119141,-0.005633354187011719
2196.5,-0.0013170242309570312,-0.0016541481018066406,-0.0018715858459472656,-0.0015683174133300781,-0.0013790130615234375,-0.0003018379211425781,-0.0012125968933105469,-0.0012831687927246094,-0.0019025802612304688,-0.0013628005981445312,-0.0024871826171875,-0.0021271705627441406,-0.0016989707946777344,-0.0014581680297851562,-0.0016679763793945312,-0.0018324851989746094,-0.0032205581665039062,-0.002765178680419922,-0.003204822540283203,-0.0029931068420410156,-0.00262451171875,-0.002223491668701172,-0.00243377685546875,-0.00255584716796875,-0.004305839538574219,-0.0037164688110351562,-0.005762577056884766,-0.004118442535400391,-0.0033979415893554688,-0.0024137496948242188,-0.003200054168701172,-0.003570556640625,-0.0047359466552734375,-0.0048885345458984375,-0.003932952880859375,-0.004378318786621094,-0.0035147666931152344,-0.002544403076171875,-0.0033674240112304688,-0.003795623779296875,-0.006627082824707031,-0.0057659149169921875,-0.006997108459472656,-0.006760597229003906,-0.004866600036621094,-0.0037822723388671875,-0.005148410797119141,-0.005633354187011719
2197.5,-0.0013170242309570312,-0.0016541481018066406,-0.0018715858459472656,-0.0015683174133300781,-0.0013790130615234375,-0.0003018379211425781,-0.0012125968933105469,-0.0012831687927246094,-0.0019025802612304688,-0.0013628005981445312,-0.0024871826171875,-0.0021271705627441406,-0.0016989707946777344,-0.0014581680297851562,-0.0016679763793945312,-0.0018324851989746094,-0.0032205581665039062,-0.002765178680419922,-0.003204822540283203,-0.0029931068420410156,-0.00262451171875,-0.002223491668701172,-0.00243377685546875,-0.00255584716796875,-0.004305839538574219,-0.0037164688110351562,-0.005762577056884766,-0.004118442535400391,-0.0033979415893554688,-0.0024137496948242188,-0.003200054168701172,-0.003570556640625,-0.0047359466552734375,-0.0048885345458984375,-0.003932952880859375,-0.004378318786621094,-0.0035147666931152344,-0.002544403076171875,-0.0033674240112304688,-0.003795623779296875,-0.006627082824707031,-0.0057659149169921875,-0.006997108459472656,-0.006760597229003906,-0.004866600036621094,-0.0037822723388671875,-0.005148410797119141,-0.005633354187011719
2198.5,-0.0013170242309570312,-0.0016541481018066406,-0.0018715858459472656,-0.0015683174133300781,-0.0013790130615234375,-0.0003018379211425781,-0.0012125968933105469,-0.0012831687927246094,-0.0019025802612304688,-0.0013628005981445312,-0.0024871826171875,-0.0021271705627441406,-0.0016989707946777344,-0.0014581680297851562,-0.0016679763793945312,-0.0018324851989746094,-0.0032205581665039062,-0.002765178680419922,-0.003204822540283203,-0.0029931068420410156,-0.00262451171875,-0.002223491668701172,-0.00243377685546875,-0.00255584716796875,-0.004305839538574219,-0.0037164688110351562,-0.005762577056884766,-0.004118442535400391,-0.0033979415893554688,-0.0024137496948242188,-0.003200054168701172,-0.003570556640625,-0.0047359466552734375,-0.0048885345458984375,-0.003932952880859375,-0.004378318786621094,-0.0035147666931152344,-0.002544403076171875,-0.0033674240112304688,-0.003795623779296875,-0.006627082824707031,-0.0057659149169921875,-0.006997108459472656,-0.006760597229003906,-0.004866600036621094,-0.0037822723388671875,-0.005148410797119141,-0.005633354187011719
2199.5,-0.0013170242309570312,-0.0016541481018066406,-0.0018715858459472656,-0.0015683174133300781,-0.0013790130615234375,-0.0003018379211425781,-0.0012125968933105469,-0.0012831687927246094,-0.0019025802612304688,-0.0013628005981445312,-0.0024871826171875,-0.0021271705627441406,-0.0016989707946777344,-0.0014581680297851562,-0.0016679763793945312,-0.0018324851989746094,-0.0032205581665039062,-0.002765178680419922,-0.003204822540283203,-0.0029931068420410156,-0.00262451171875,-0.002223491668701172,-0.00243377685546875,-0.00255584716796875,-0.004305839538574219,-0.0037164688110351562,-0.005762577056884766,-0.004118442535400391,-0.0033979415893554688,-0.0024137496948242188,-0.003200054168701172,-0.003570556640625,-0.0047359466552734375,-0.0048885345458984375,-0.003932952880859375,-0.004378318786621094,-0.0035147666931152344,-0.002544403076171875,-0.0033674240112304688,-0.003795623779296875,-0.006627082824707031,-0.0057659149169921875,-0.006997108459472656,-0.006760597229003906,-0.004866600036621094,-0.0037822723388671875,-0.005148410797119141,-0.005633354187011719
2200.5,-0.0013170242309570312,-0.0016541481018066406,-0.0018715858459472656,-0.0015683174133300781,-0.0013790130615234375,-0.0003018379211425781,-0.0012125968933105469,-0.0012831687927246094,-0.0019025802612304688,-0.0013628005981445312,-0.0024871826171875,-0.0021271705627441406,-0.0016989707946777344,-0.0014581680297851562,-0.0016679763793945312,-0.0018324851989746094,-0.0032205581665039062,-0.002765178680419922,-0.003204822540283203,-0.0029931068420410156,-0.00262451171875,-0.002223491668701172,-0.00243377685546875,-0.00255584716796875,-0.004305839538574219,-0.0037164688110351562,-0.005762577056884766,-0.004118442535400391,-0.0033979415893554688,-0.0024137496948242188,-0.003200054168701172,-0.003570556640625,-0.0047359466552734375,-0.0048885345458984375,-0.003932952880859375,-0.004378318786621094,-0.0035147666931152344,-0.002544403076171875,-0.0033674240112304688,-0.003795623779296875,-0.006627082824707031,-0.0057659149169921875,-0.006997108459472656,-0.006760597229003906,-0.004866600036621094,-0.0037822723388671875,-0.005148410797119141,-0.005633354187011719
2201.5,-0.0013170242309570312,-0.0016541481018066406,-0.0018715858459472656,-0.0015683174133300781,-0.0013790130615234375,-0.0003018379211425781,-0.0012125968933105469,-0.0012831687927246094,-0.0019025802612304688,-0.0013628005981445312,-0.0024871826171875,-0.0021271705627441406,-0.0016989707946777344,-0.0014581680297851562,-0.0016679763793945312,-0.0018324851989746094,-0.0032205581665039062,-0.002765178680419922,-0.003204822540283203,-0.0029931068420410156,-0.00262451171875,-0.002223491668701172,-0.00243377685546875,-0.00255584716796875,-0.004305839538574219,-0.0037164688110351562,-0.005762577056884766,-0.004118442535400391,-0.0033979415893554688,-0.0024137496948242188,-0.003200054168701172,-0.003570556640625,-0.0047359466552734375,-0.0048885345458984375,-0.003932952880859375,-0.004378318786621094,-0.0035147666931152344,-0.002544403076171875,-0.0033674240112304688,-0.003795623779296875,-0.006627082824707031,-0.0057659149169921875,-0.006997108459472656,-0.006760597229003906,-0.004866600036621094,-0.0037822723388671875,-0.005148410797119141,-0.005633354187011719
2202.5,-0.0013170242309570312,-0.0016541481018066406,-0.0018715858459472656,-0.0015683174133300781,-0.0013790130615234375,-0.0003018379211425781,-0.0012125968933105469,-0.0012831687927246094,-0.0019025802612304688,-0.0013628005981445312,-0.0024871826171875,-0.0021271705627441406,-0.0016989707946777344,-0.0014581680297851562,-0.0016679763793945312,-0.0018324851989746094,-0.0032205581665039062,-0.002765178680419922,-0.003204822540283203,-0.0029931068420410156,-0.00262451171875,-0.002223491668701172,-0.00243377685546875,-0.00255584716796875,-0.004305839538574219,-0.0037164688110351562,-0.005762577056884766,-0.004118442535400391,-0.0033979415893554688,-0.0024137496948242188,-0.003200054168701172,-0.003570556640625,-0.0047359466552734375,-0.0048885345458984375,-0.003932952880859375,-0.004378318786621094,-0.0035147666931152344,-0.002544403076171875,-0.0033674240112304688,-0.003795623779296875,-0.006627082824707031,-0.0057659149169921875,-0.006997108459472656,-0.006760597229003906,-0.004866600036621094,-0.0037822723388671875,-0.005148410797119141,-0.005633354187011719
2203.5,-0.0013170242309570312,-0.0016541481018066406,-0.0018715858459472656,-0.0015683174133300781,-0.0013790130615234375,-0.0003018379211425781,-0.0012125968933105469,-0.0012831687927246094,-0.0019025802612304688,-0.0013628005981445312,-0.0024871826171875,-0.0021271705627441406,-0.0016989707946777344,-0.0014581680297851562,-0.0016679763793945312,-0.0018324851989746094,-0.0032205581665039062,-0.002765178680419922,-0.003204822540283203,-0.0029931068420410156,-0.00262451171875,-0.002223491668701172,-0.00243377685546875,-0.00255584716796875,-0.004305839538574219,-0.0037164688110351562,-0.005762577056884766,-0.004118442535400391,-0.0033979415893554688,-0.0024137496948242188,-0.003200054168701172,-0.003570556640625,-0.0047359466552734375,-0.0048885345458984375,-0.003932952880859375,-0.004378318786621094,-0.0035147666931152344,-0.002544403076171875,-0.0033674240112304688,-0.003795623779296875,-0.006627082824707031,-0.0057659149169921875,-0.006997108459472656,-0.006760597229003906,-0.004866600036621094,-0.0037822723388671875,-0.005148410797119141,-0.005633354187011719
2204.5,-0.0013170242309570312,-0.0016541481018066406,-0.0018715858459472656,-0.0015683174133300781,-0.0013790130615234375,-0.0003018379211425781,-0.0012125968933105469,-0.0012831687927246094,-0.0019025802612304688,-0.0013628005981445312,-0.0024871826171875,-0.0021271705627441406,-0.0016989707946777344,-0.0014581680297851562,-0.0016679763793945312,-0.0018324851989746094,-0.0032205581665039062,-0.002765178680419922,-0.003204822540283203,-0.0029931068420410156,-0.00262451171875,-0.002223491668701172,-0.00243377685546875,-0.00255584716796875,-0.004305839538574219,-0.0037164688110351562,-0.005762577056884766,-0.004118442535400391,-0.0033979415893554688,-0.0024137496948242188,-0.003200054168701172,-0.003570556640625,-0.0047359466552734375,-0.0048885345458984375,-0.003932952880859375,-0.004378318786621094,-0.0035147666931152344,-0.002544403076171875,-0.0033674240112304688,-0.003795623779296875,-0.006627082824707031,-0.0057659149169921875,-0.006997108459472656,-0.006760597229003906,-0.004866600036621094,-0.0037822723388671875,-0.005148410797119141,-0.005633354187011719
2205.5,-0.0013170242309570312,-0.0016541481018066406,-0.0018715858459472656,-0.0015683174133300781,-0.0013790130615234375,-0.0003018379211425781,-0.0012125968933105469,-0.0012831687927246094,-0.0019025802612304688,-0.0013628005981445312,-0.0024871826171875,-0.0021271705627441406,-0.0016989707946777344,-0.0014581680297851562,-0.0016679763793945312,-0.0018324851989746094,-0.0032205581665039062,-0.002765178680419922,-0.003204822540283203,-0.0029931068420410156,-0.00262451171875,-0.002223491668701172,-0.00243377685546875,-0.00255584716796875,-0.004305839538574219,-0.0037164688110351562,-0.005762577056884766,-0.004118442535400391,-0.0033979415893554688,-0.0024137496948242188,-0.003200054168701172,-0.003570556640625,-0.0047359466552734375,-0.0048885345458984375,-0.003932952880859375,-0.004378318786621094,-0.0035147666931152344,-0.002544403076171875,-0.0033674240112304688,-0.003795623779296875,-0.006627082824707031,-0.0057659149169921875,-0.006997108459472656,-0.006760597229003906,-0.004866600036621094,-0.0037822723388671875,-0.005148410797119141,-0.005633354187011719
2206.5,-0.0013170242309570312,-0.0016541481018066406,-0.0018715858459472656,-0.0015683174133300781,-0.0013790130615234375,-0.0003018379211425781,-0.0012125968933105469,-0.0012831687927246094,-0.0019025802612304688,-0.0013628005981445312,-0.0024871826171875,-0.0021271705627441406,-0.0016989707946777344,-0.0014581680297851562,-0.0016679763793945312,-0.0018324851989746094,-0.0032205581665039062,-0.002765178680419922,-0.003204822540283203,-0.0029931068420410156,-0.00262451171875,-0.002223491668701172,-0.00243377685546875,-0.00255584716796875,-0.004305839538574219,-0.0037164688110351562,-0.005762577056884766,-0.004118442535400391,-0.0033979415893554688,-0.0024137496948242188,-0.003200054168701172,-0.003570556640625,-0.0047359466552734375,-0.0048885345458984375,-0.003932952880859375,-0.004378318786621094,-0.0035147666931152344,-0.002544403076171875,-0.0033674240112304688,-0.003795623779296875,-0.006627082824707031,-0.0057659149169921875,-0.006997108459472656,-0.006760597229003906,-0.004866600036621094,-0.0037822723388671875,-0.005148410797119141,-0.005633354187011719
2207.5,-0.0013170242309570312,-0.0016541481018066406,-0.0018715858459472656,-0.0015683174133300781,-0.0013790130615234375,-0.0003018379211425781,-0.0012125968933105469,-0.0012831687927246094,-0.0019025802612304688,-0.0013628005981445312,-0.0024871826171875,-0.0021271705627441406,-0.0016989707946777344,-0.0014581680297851562,-0.0016679763793945312,-0.0018324851989746094,-0.0032205581665039062,-0.002765178680419922,-0.003204822540283203,-0.0029931068420410156,-0.00262451171875,-0.002223491668701172,-0.00243377685546875,-0.00255584716796875,-0.004305839538574219,-0.0037164688110351562,-0.005762577056884766,-0.004118442535400391,-0.0033979415893554688,-0.0024137496948242188,-0.003200054168701172,-0.003570556640625,-0.0047359466552734375,-0.0048885345458984375,-0.003932952880859375,-0.004378318786621094,-0.0035147666931152344,-0.002544403076171875,-0.0033674240112304688,-0.003795623779296875,-0.006627082824707031,-0.0057659149169921875,-0.006997108459472656,-0.006760597229003906,-0.004866600036621094,-0.0037822723388671875,-0.005148410797119141,-0.005633354187011719
2208.5,-0.0013170242309570312,-0.0016541481018066406,-0.0018715858459472656,-0.0015683174133300781,-0.0013790130615234375,-0.0003018379211425781,-0.0012125968933105469,-0.0012831687927246094,-0.0019025802612304688,-0.0013628005981445312,-0.0024871826171875,-0.0021271705627441406,-0.0016989707946777344,-0.0014581680297851562,-0.0016679763793945312,-0.0018324851989746094,-0.0032205581665039062,-0.002765178680419922,-0.003204822540283203,-0.0029931068420410156,-0.00262451171875,-0.002223491668701172,-0.00243377685546875,-0.00255584716796875,-0.004305839538574219,-0.0037164688110351562,-0.005762577056884766,-0.004118442535400391,-0.0033979415893554688,-0.0024137496948242188,-0.003200054168701172,-0.003570556640625,-0.0047359466552734375,-0.0048885345458984375,-0.003932952880859375,-0.004378318786621094,-0.0035147666931152344,-0.002544403076171875,-0.0033674240112304688,-0.003795623779296875,-0.006627082824707031,-0.0057659149169921875,-0.006997108459472656,-0.006760597229003906,-0.004866600036621094,-0.0037822723388671875,-0.005148410797119141,-0.005633354187011719
2209.5,-0.0013170242309570312,-0.0016541481018066406,-0.0018715858459472656,-0.0015683174133300781,-0.0013790130615234375,-0.0003018379211425781,-0.0012125968933105469,-0.0012831687927246094,-0.0019025802612304688,-0.0013628005981445312,-0.0024871826171875,-0.0021271705627441406,-0.0016989707946777344,-0.0014581680297851562,-0.0016679763793945312,-0.0018324851989746094,-0.0032205581665039062,-0.002765178680419922,-0.003204822540283203,-0.0029931068420410156,-0.00262451171875,-0.002223491668701172,-0.00243377685546875,-0.00255584716796875,-0.004305839538574219,-0.0037164688110351562,-0.005762577056884766,-0.004118442535400391,-0.0033979415893554688,-0.0024137496948242188,-0.003200054168701172,-0.003570556640625,-0.0047359466552734375,-0.0048885345458984375,-0.003932952880859375,-0.004378318786621094,-0.0035147666931152344,-0.002544403076171875,-0.0033674240112304688,-0.003795623779296875,-0.006627082824707031,-0.0057659149169921875,-0.006997108459472656,-0.006760597229003906,-0.004866600036621094,-0.0037822723388671875,-0.005148410797119141,-0.005633354187011719
2210.5,-0.0013170242309570312,-0.0016541481018066406,-0.0018715858459472656,-0.0015683174133300781,-0.0013790130615234375,-0.0003018379211425781,-0.0012125968933105469,-0.0012831687927246094,-0.0019025802612304688,-0.0013628005981445312,-0.0024871826171875,-0.0021271705627441406,-0.0016989707946777344,-0.0014581680297851562,-0.0016679763793945312,-0.0018324851989746094,-0.0032205581665039062,-0.002765178680419922,-0.003204822540283203,-0.0029931068420410156,-0.00262451171875,-0.002223491668701172,-0.00243377685546875,-0.00255584716796875,-0.004305839538574219,-0.0037164688110351562,-0.005762577056884766,-0.004118442535400391,-0.0033979415893554688,-0.0024137496948242188,-0.003200054168701172,-0.003570556640625,-0.0047359466552734375,-0.0048885345458984375,-0.003932952880859375,-0.004378318786621094,-0.0035147666931152344,-0.002544403076171875,-0.0033674240112304688,-0.003795623779296875,-0.006627082824707031,-0.0057659149169921875,-0.006997108459472656,-0.006760597229003906,-0.004866600036621094,-0.0037822723388671875,-0.005148410797119141,-0.005633354187011719
2211.5,-0.0013170242309570312,-0.0016541481018066406,-0.0018715858459472656,-0.0015683174133300781,-0.0013790130615234375,-0.0003018379211425781,-0.0012125968933105469,-0.0012831687927246094,-0.0019025802612304688,-0.0013628005981445312,-0.0024871826171875,-0.0021271705627441406,-0.0016989707946777344,-0.0014581680297851562,-0.0016679763793945312,-0.0018324851989746094,-0.0032205581665039062,-0.002765178680419922,-0.003204822540283203,-0.0029931068420410156,-0.00262451171875,-0.002223491668701172,-0.00243377685546875,-0.00255584716796875,-0.004305839538574219,-0.0037164688110351562,-0.005762577056884766,-0.004118442535400391,-0.0033979415893554688,-0.0024137496948242188,-0.003200054168701172,-0.003570556640625,-0.0047359466552734375,-0.0048885345458984375,-0.003932952880859375,-0.004378318786621094,-0.0035147666931152344,-0.002544403076171875,-0.0033674240112304688,-0.003795623779296875,-0.006627082824707031,-0.0057659149169921875,-0.006997108459472656,-0.006760597229003906,-0.004866600036621094,-0.0037822723388671875,-0.005148410797119141,-0.005633354187011719
2212.5,-0.0013170242309570312,-0.0016541481018066406,-0.0018715858459472656,-0.0015683174133300781,-0.0013790130615234375,-0.0003018379211425781,-0.0012125968933105469,-0.0012831687927246094,-0.0019025802612304688,-0.0013628005981445312,-0.0024871826171875,-0.0021271705627441406,-0.0016989707946777344,-0.0014581680297851562,-0.0016679763793945312,-0.0018324851989746094,-0.0032205581665039062,-0.002765178680419922,-0.003204822540283203,-0.0029931068420410156,-0.00262451171875,-0.002223491668701172,-0.00243377685546875,-0.00255584716796875,-0.004305839538574219,-0.0037164688110351562,-0.005762577056884766,-0.004118442535400391,-0.0033979415893554688,-0.0024137496948242188,-0.003200054168701172,-0.003570556640625,-0.0047359466552734375,-0.0048885345458984375,-0.003932952880859375,-0.004378318786621094,-0.0035147666931152344,-0.002544403076171875,-0.0033674240112304688,-0.003795623779296875,-0.006627082824707031,-0.0057659149169921875,-0.006997108459472656,-0.006760597229003906,-0.004866600036621094,-0.0037822723388671875,-0.005148410797119141,-0.005633354187011719
2213.5,-0.0013170242309570312,-0.0016541481018066406,-0.0018715858459472656,-0.0015683174133300781,-0.0013790130615234375,-0.0003018379211425781,-0.0012125968933105469,-0.0012831687927246094,-0.0019025802612304688,-0.0013628005981445312,-0.0024871826171875,-0.0021271705627441406,-0.0016989707946777344,-0.0014581680297851562,-0.0016679763793945312,-0.0018324851989746094,-0.0032205581665039062,-0.002765178680419922,-0.003204822540283203,-0.0029931068420410156,-0.00262451171875,-0.002223491668701172,-0.00243377685546875,-0.00255584716796875,-0.004305839538574219,-0.0037164688110351562,-0.005762577056884766,-0.004118442535400391,-0.0033979415893554688,-0.0024137496948242188,-0.003200054168701172,-0.003570556640625,-0.0047359466552734375,-0.0048885345458984375,-0.003932952880859375,-0.004378318786621094,-0.0035147666931152344,-0.002544403076171875,-0.0033674240112304688,-0.003795623779296875,-0.006627082824707031,-0.0057659149169921875,-0.006997108459472656,-0.006760597229003906,-0.004866600036621094,-0.0037822723388671875,-0.005148410797119141,-0.005633354187011719
2214.5,-0.0013170242309570312,-0.0016541481018066406,-0.0018715858459472656,-0.0015683174133300781,-0.0013790130615234375,-0.0003018379211425781,-0.0012125968933105469,-0.0012831687927246094,-0.0019025802612304688,-0.0013628005981445312,-0.0024871826171875,-0.0021271705627441406,-0.0016989707946777344,-0.0014581680297851562,-0.0016679763793945312,-0.0018324851989746094,-0.0032205581665039062,-0.002765178680419922,-0.003204822540283203,-0.0029931068420410156,-0.00262451171875,-0.002223491668701172,-0.00243377685546875,-0.00255584716796875,-0.004305839538574219,-0.0037164688110351562,-0.005762577056884766,-0.004118442535400391,-0.0033979415893554688,-0.0024137496948242188,-0.003200054168701172,-0.003570556640625,-0.0047359466552734375,-0.0048885345458984375,-0.003932952880859375,-0.004378318786621094,-0.0035147666931152344,-0.002544403076171875,-0.0033674240112304688,-0.003795623779296875,-0.006627082824707031,-0.0057659149169921875,-0.006997108459472656,-0.006760597229003906,-0.004866600036621094,-0.0037822723388671875,-0.005148410797119141,-0.005633354187011719
2215.5,-0.0013170242309570312,-0.0016541481018066406,-0.0018715858459472656,-0.0015683174133300781,-0.0013790130615234375,-0.0003018379211425781,-0.0012125968933105469,-0.0012831687927246094,-0.0019025802612304688,-0.0013628005981445312,-0.0024871826171875,-0.0021271705627441406,-0.0016989707946777344,-0.0014581680297851562,-0.0016679763793945312,-0.0018324851989746094,-0.0032205581665039062,-0.002765178680419922,-0.003204822540283203,-0.0029931068420410156,-0.00262451171875,-0.002223491668701172,-0.00243377685546875,-0.00255584716796875,-0.004305839538574219,-0.0037164688110351562,-0.005762577056884766,-0.004118442535400391,-0.0033979415893554688,-0.0024137496948242188,-0.003200054168701172,-0.003570556640625,-0.0047359466552734375,-0.0048885345458984375,-0.003932952880859375,-0.004378318786621094,-0.0035147666931152344,-0.002544403076171875,-0.0033674240112304688,-0.003795623779296875,-0.006627082824707031,-0.0057659149169921875,-0.006997108459472656,-0.006760597229003906,-0.004866600036621094,-0.0037822723388671875,-0.005148410797119141,-0.005633354187011719
2216.5,-0.0013170242309570312,-0.0016541481018066406,-0.0018715858459472656,-0.0015683174133300781,-0.0013790130615234375,-0.0003018379211425781,-0.0012125968933105469,-0.0012831687927246094,-0.0019025802612304688,-0.0013628005981445312,-0.0024871826171875,-0.0021271705627441406,-0.0016989707946777344,-0.0014581680297851562,-0.0016679763793945312,-0.0018324851989746094,-0.0032205581665039062,-0.002765178680419922,-0.003204822540283203,-0.0029931068420410156,-0.00262451171875,-0.002223491668701172,-0.00243377685546875,-0.00255584716796875,-0.004305839538574219,-0.0037164688110351562,-0.005762577056884766,-0.004118442535400391,-0.0033979415893554688,-0.0024137496948242188,-0.003200054168701172,-0.003570556640625,-0.0047359466552734375,-0.0048885345458984375,-0.003932952880859375,-0.004378318786621094,-0.0035147666931152344,-0.002544403076171875,-0.0033674240112304688,-0.003795623779296875,-0.006627082824707031,-0.0057659149169921875,-0.006997108459472656,-0.006760597229003906,-0.004866600036621094,-0.0037822723388671875,-0.005148410797119141,-0.005633354187011719
2217.5,-0.0013170242309570312,-0.0016541481018066406,-0.0018715858459472656,-0.0015683174133300781,-0.0013790130615234375,-0.0003018379211425781,-0.0012125968933105469,-0.0012831687927246094,-0.0019025802612304688,-0.0013628005981445312,-0.0024871826171875,-0.0021271705627441406,-0.0016989707946777344,-0.0014581680297851562,-0.0016679763793945312,-0.0018324851989746094,-0.0032205581665039062,-0.002765178680419922,-0.003204822540283203,-0.0029931068420410156,-0.00262451171875,-0.002223491668701172,-0.00243377685546875,-0.00255584716796875,-0.004305839538574219,-0.0037164688110351562,-0.005762577056884766,-0.004118442535400391,-0.0033979415893554688,-0.0024137496948242188,-0.003200054168701172,-0.003570556640625,-0.0047359466552734375,-0.0048885345458984375,-0.003932952880859375,-0.004378318786621094,-0.0035147666931152344,-0.002544403076171875,-0.0033674240112304688,-0.003795623779296875,-0.006627082824707031,-0.0057659149169921875,-0.006997108459472656,-0.006760597229003906,-0.004866600036621094,-0.0037822723388671875,-0.005148410797119141,-0.005633354187011719
2218.5,-0.0013170242309570312,-0.0016541481018066406,-0.0018715858459472656,-0.0015683174133300781,-0.0013790130615234375,-0.0003018379211425781,-0.0012125968933105469,-0.0012831687927246094,-0.0019025802612304688,-0.0013628005981445312,-0.0024871826171875,-0.0021271705627441406,-0.0016989707946777344,-0.0014581680297851562,-0.0016679763793945312,-0.0018324851989746094,-0.0032205581665039062,-0.002765178680419922,-0.003204822540283203,-0.0029931068420410156,-0.00262451171875,-0.002223491668701172,-0.00243377685546875,-0.00255584716796875,-0.004305839538574219,-0.0037164688110351562,-0.005762577056884766,-0.004118442535400391,-0.0033979415893554688,-0.0024137496948242188,-0.003200054168701172,-0.003570556640625,-0.0047359466552734375,-0.0048885345458984375,-0.003932952880859375,-0.004378318786621094,-0.0035147666931152344,-0.002544403076171875,-0.0033674240112304688,-0.003795623779296875,-0.006627082824707031,-0.0057659149169921875,-0.006997108459472656,-0.006760597229003906,-0.004866600036621094,-0.0037822723388671875,-0.005148410797119141,-0.005633354187011719
2219.5,-0.0013170242309570312,-0.0016541481018066406,-0.0018715858459472656,-0.0015683174133300781,-0.0013790130615234375,-0.0003018379211425781,-0.0012125968933105469,-0.0012831687927246094,-0.0019025802612304688,-0.0013628005981445312,-0.0024871826171875,-0.0021271705627441406,-0.0016989707946777344,-0.0014581680297851562,-0.0016679763793945312,-0.0018324851989746094,-0.0032205581665039062,-0.002765178680419922,-0.003204822540283203,-0.0029931068420410156,-0.00262451171875,-0.002223491668701172,-0.00243377685546875,-0.00255584716796875,-0.004305839538574219,-0.0037164688110351562,-0.005762577056884766,-0.004118442535400391,-0.0033979415893554688,-0.0024137496948242188,-0.003200054168701172,-0.003570556640625,-0.0047359466552734375,-0.0048885345458984375,-0.003932952880859375,-0.004378318786621094,-0.0035147666931152344,-0.002544403076171875,-0.0033674240112304688,-0.003795623779296875,-0.006627082824707031,-0.0057659149169921875,-0.006997108459472656,-0.006760597229003906,-0.004866600036621094,-0.0037822723388671875,-0.005148410797119141,-0.005633354187011719
2220.5,-0.0013170242309570312,-0.0016541481018066406,-0.0018715858459472656,-0.0015683174133300781,-0.0013790130615234375,-0.0003018379211425781,-0.0012125968933105469,-0.0012831687927246094,-0.0019025802612304688,-0.0013628005981445312,-0.0024871826171875,-0.0021271705627441406,-0.0016989707946777344,-0.0014581680297851562,-0.0016679763793945312,-0.0018324851989746094,-0.0032205581665039062,-0.002765178680419922,-0.003204822540283203,-0.0029931068420410156,-0.00262451171875,-0.002223491668701172,-0.00243377685546875,-0.00255584716796875,-0.004305839538574219,-0.0037164688110351562,-0.005762577056884766,-0.004118442535400391,-0.0033979415893554688,-0.0024137496948242188,-0.003200054168701172,-0.003570556640625,-0.0047359466552734375,-0.0048885345458984375,-0.003932952880859375,-0.004378318786621094,-0.0035147666931152344,-0.002544403076171875,-0.0033674240112304688,-0.003795623779296875,-0.006627082824707031,-0.0057659149169921875,-0.006997108459472656,-0.006760597229003906,-0.004866600036621094,-0.0037822723388671875,-0.005148410797119141,-0.005633354187011719
2221.5,-0.0013170242309570312,-0.0016541481018066406,-0.0018715858459472656,-0.0015683174133300781,-0.0013790130615234375,-0.0003018379211425781,-0.0012125968933105469,-0.0012831687927246094,-0.0019025802612304688,-0.0013628005981445312,-0.0024871826171875,-0.0021271705627441406,-0.0016989707946777344,-0.0014581680297851562,-0.0016679763793945312,-0.0018324851989746094,-0.0032205581665039062,-0.002765178680419922,-0.003204822540283203,-0.0029931068420410156,-0.00262451171875,-0.002223491668701172,-0.00243377685546875,-0.00255584716796875,-0.004305839538574219,-0.0037164688110351562,-0.005762577056884766,-0.004118442535400391,-0.0033979415893554688,-0.0024137496948242188,-0.003200054168701172,-0.003570556640625,-0.0047359466552734375,-0.0048885345458984375,-0.003932952880859375,-0.004378318786621094,-0.0035147666931152344,-0.002544403076171875,-0.0033674240112304688,-0.003795623779296875,-0.006627082824707031,-0.0057659149169921875,-0.006997108459472656,-0.006760597229003906,-0.004866600036621094,-0.0037822723388671875,-0.005148410797119141,-0.005633354187011719
2222.5,-0.0013170242309570312,-0.0016541481018066406,-0.0018715858459472656,-0.0015683174133300781,-0.0013790130615234375,-0.0003018379211425781,-0.0012125968933105469,-0.0012831687927246094,-0.0019025802612304688,-0.0013628005981445312,-0.0024871826171875,-0.0021271705627441406,-0.0016989707946777344,-0.0014581680297851562,-0.0016679763793945312,-0.0018324851989746094,-0.0032205581665039062,-0.002765178680419922,-0.003204822540283203,-0.0029931068420410156,-0.00262451171875,-0.002223491668701172,-0.00243377685546875,-0.00255584716796875,-0.004305839538574219,-0.0037164688110351562,-0.005762577056884766,-0.004118442535400391,-0.0033979415893554688,-0.0024137496948242188,-0.003200054168701172,-0.003570556640625,-0.0047359466552734375,-0.0048885345458984375,-0.003932952880859375,-0.004378318786621094,-0.0035147666931152344,-0.002544403076171875,-0.0033674240112304688,-0.003795623779296875,-0.006627082824707031,-0.0057659149169921875,-0.006997108459472656,-0.006760597229003906,-0.004866600036621094,-0.0037822723388671875,-0.005148410797119141,-0.005633354187011719
2223.5,-0.0013170242309570312,-0.0016541481018066406,-0.0018715858459472656,-0.0015683174133300781,-0.0013790130615234375,-0.0003018379211425781,-0.0012125968933105469,-0.0012831687927246094,-0.0019025802612304688,-0.0013628005981445312,-0.0024871826171875,-0.0021271705627441406,-0.0016989707946777344,-0.0014581680297851562,-0.0016679763793945312,-0.0018324851989746094,-0.0032205581665039062,-0.002765178680419922,-0.003204822540283203,-0.0029931068420410156,-0.00262451171875,-0.002223491668701172,-0.00243377685546875,-0.00255584716796875,-0.004305839538574219,-0.0037164688110351562,-0.005762577056884766,-0.004118442535400391,-0.0033979415893554688,-0.0024137496948242188,-0.003200054168701172,-0.003570556640625,-0.0047359466552734375,-0.0048885345458984375,-0.003932952880859375,-0.004378318786621094,-0.0035147666931152344,-0.002544403076171875,-0.0033674240112304688,-0.003795623779296875,-0.006627082824707031,-0.0057659149169921875,-0.006997108459472656,-0.006760597229003906,-0.004866600036621094,-0.0037822723388671875,-0.005148410797119141,-0.005633354187011719
2224.5,-0.0013170242309570312,-0.0016541481018066406,-0.0018715858459472656,-0.0015683174133300781,-0.0013790130615234375,-0.0003018379211425781,-0.0012125968933105469,-0.0012831687927246094,-0.0019025802612304688,-0.0013628005981445312,-0.0024871826171875,-0.0021271705627441406,-0.0016989707946777344,-0.0014581680297851562,-0.0016679763793945312,-0.0018324851989746094,-0.0032205581665039062,-0.002765178680419922,-0.003204822540283203,-0.0029931068420410156,-0.00262451171875,-0.002223491668701172,-0.00243377685546875,-0.00255584716796875,-0.004305839538574219,-0.0037164688110351562,-0.005762577056884766,-0.004118442535400391,-0.0033979415893554688,-0.0024137496948242188,-0.003200054168701172,-0.003570556640625,-0.0047359466552734375,-0.0048885345458984375,-0.003932952880859375,-0.004378318786621094,-0.0035147666931152344,-0.002544403076171875,-0.0033674240112304688,-0.003795623779296875,-0.006627082824707031,-0.0057659149169921875,-0.006997108459472656,-0.006760597229003906,-0.004866600036621094,-0.0037822723388671875,-0.005148410797119141,-0.005633354187011719
2225.5,-0.0013170242309570312,-0.0016541481018066406,-0.0018715858459472656,-0.0015683174133300781,-0.0013790130615234375,-0.0003018379211425781,-0.0012125968933105469,-0.0012831687927246094,-0.0019025802612304688,-0.0013628005981445312,-0.0024871826171875,-0.0021271705627441406,-0.0016989707946777344,-0.0014581680297851562,-0.0016679763793945312,-0.0018324851989746094,-0.0032205581665039062,-0.002765178680419922,-0.003204822540283203,-0.0029931068420410156,-0.00262451171875,-0.002223491668701172,-0.00243377685546875,-0.00255584716796875,-0.004305839538574219,-0.0037164688110351562,-0.005762577056884766,-0.004118442535400391,-0.0033979415893554688,-0.0024137496948242188,-0.003200054168701172,-0.003570556640625,-0.0047359466552734375,-0.0048885345458984375,-0.003932952880859375,-0.004378318786621094,-0.0035147666931152344,-0.002544403076171875,-0.0033674240112304688,-0.003795623779296875,-0.006627082824707031,-0.0057659149169921875,-0.006997108459472656,-0.006760597229003906,-0.004866600036621094,-0.0037822723388671875,-0.005148410797119141,-0.005633354187011719
2226.5,-0.0013170242309570312,-0.0016541481018066406,-0.0018715858459472656,-0.0015683174133300781,-0.0013790130615234375,-0.0003018379211425781,-0.0012125968933105469,-0.0012831687927246094,-0.0019025802612304688,-0.0013628005981445312,-0.0024871826171875,-0.0021271705627441406,-0.0016989707946777344,-0.0014581680297851562,-0.0016679763793945312,-0.0018324851989746094,-0.0032205581665039062,-0.002765178680419922,-0.003204822540283203,-0.0029931068420410156,-0.00262451171875,-0.002223491668701172,-0.00243377685546875,-0.00255584716796875,-0.004305839538574219,-0.0037164688110351562,-0.005762577056884766,-0.004118442535400391,-0.0033979415893554688,-0.0024137496948242188,-0.003200054168701172,-0.003570556640625,-0.0047359466552734375,-0.0048885345458984375,-0.003932952880859375,-0.004378318786621094,-0.0035147666931152344,-0.002544403076171875,-0.0033674240112304688,-0.003795623779296875,-0.006627082824707031,-0.0057659149169921875,-0.006997108459472656,-0.006760597229003906,-0.004866600036621094,-0.0037822723388671875,-0.005148410797119141,-0.005633354187011719
2227.5,-0.0013170242309570312,-0.0016541481018066406,-0.0018715858459472656,-0.0015683174133300781,-0.0013790130615234375,-0.0003018379211425781,-0.0012125968933105469,-0.0012831687927246094,-0.0019025802612304688,-0.0013628005981445312,-0.0024871826171875,-0.0021271705627441406,-0.0016989707946777344,-0.0014581680297851562,-0.0016679763793945312,-0.0018324851989746094,-0.0032205581665039062,-0.002765178680419922,-0.003204822540283203,-0.0029931068420410156,-0.00262451171875,-0.002223491668701172,-0.00243377685546875,-0.00255584716796875,-0.004305839538574219,-0.0037164688110351562,-0.005762577056884766,-0.004118442535400391,-0.0033979415893554688,-0.0024137496948242188,-0.003200054168701172,-0.003570556640625,-0.0047359466552734375,-0.0048885345458984375,-0.003932952880859375,-0.004378318786621094,-0.0035147666931152344,-0.002544403076171875,-0.0033674240112304688,-0.003795623779296875,-0.006627082824707031,-0.0057659149169921875,-0.006997108459472656,-0.006760597229003906,-0.004866600036621094,-0.0037822723388671875,-0.005148410797119141,-0.005633354187011719
2228.5,-0.0013170242309570312,-0.0016541481018066406,-0.0018715858459472656,-0.0015683174133300781,-0.0013790130615234375,-0.0003018379211425781,-0.0012125968933105469,-0.0012831687927246094,-0.0019025802612304688,-0.0013628005981445312,-0.0024871826171875,-0.0021271705627441406,-0.0016989707946777344,-0.0014581680297851562,-0.0016679763793945312,-0.0018324851989746094,-0.0032205581665039062,-0.002765178680419922,-0.003204822540283203,-0.0029931068420410156,-0.00262451171875,-0.002223491668701172,-0.00243377685546875,-0.00255584716796875,-0.004305839538574219,-0.0037164688110351562,-0.005762577056884766,-0.004118442535400391,-0.0033979415893554688,-0.0024137496948242188,-0.003200054168701172,-0.003570556640625,-0.0047359466552734375,-0.0048885345458984375,-0.003932952880859375,-0.004378318786621094,-0.0035147666931152344,-0.002544403076171875,-0.0033674240112304688,-0.003795623779296875,-0.006627082824707031,-0.0057659149169921875,-0.006997108459472656,-0.006760597229003906,-0.004866600036621094,-0.0037822723388671875,-0.005148410797119141,-0.005633354187011719
2229.5,-0.0013170242309570312,-0.0016541481018066406,-0.0018715858459472656,-0.0015683174133300781,-0.0013790130615234375,-0.0003018379211425781,-0.0012125968933105469,-0.0012831687927246094,-0.0019025802612304688,-0.0013628005981445312,-0.0024871826171875,-0.0021271705627441406,-0.0016989707946777344,-0.0014581680297851562,-0.0016679763793945312,-0.0018324851989746094,-0.0032205581665039062,-0.002765178680419922,-0.003204822540283203,-0.0029931068420410156,-0.00262451171875,-0.002223491668701172,-0.00243377685546875,-0.00255584716796875,-0.004305839538574219,-0.0037164688110351562,-0.005762577056884766,-0.004118442535400391,-0.0033979415893554688,-0.0024137496948242188,-0.003200054168701172,-0.003570556640625,-0.0047359466552734375,-0.0048885345458984375,-0.003932952880859375,-0.004378318786621094,-0.0035147666931152344,-0.002544403076171875,-0.0033674240112304688,-0.003795623779296875,-0.006627082824707031,-0.0057659149169921875,-0.006997108459472656,-0.006760597229003906,-0.004866600036621094,-0.0037822723388671875,-0.005148410797119141,-0.005633354187011719
2230.5,-0.0013170242309570312,-0.0016541481018066406,-0.0018715858459472656,-0.0015683174133300781,-0.0013790130615234375,-0.0003018379211425781,-0.0012125968933105469,-0.0012831687927246094,-0.0019025802612304688,-0.0013628005981445312,-0.0024871826171875,-0.0021271705627441406,-0.0016989707946777344,-0.0014581680297851562,-0.0016679763793945312,-0.0018324851989746094,-0.0032205581665039062,-0.002765178680419922,-0.003204822540283203,-0.0029931068420410156,-0.00262451171875,-0.002223491668701172,-0.00243377685546875,-0.00255584716796875,-0.004305839538574219,-0.0037164688110351562,-0.005762577056884766,-0.004118442535400391,-0.0033979415893554688,-0.0024137496948242188,-0.003200054168701172,-0.003570556640625,-0.0047359466552734375,-0.0048885345458984375,-0.003932952880859375,-0.004378318786621094,-0.0035147666931152344,-0.002544403076171875,-0.0033674240112304688,-0.003795623779296875,-0.006627082824707031,-0.0057659149169921875,-0.006997108459472656,-0.006760597229003906,-0.004866600036621094,-0.0037822723388671875,-0.005148410797119141,-0.005633354187011719
2231.5,-0.0013170242309570312,-0.0016541481018066406,-0.0018715858459472656,-0.0015683174133300781,-0.0013790130615234375,-0.0003018379211425781,-0.0012125968933105469,-0.0012831687927246094,-0.0019025802612304688,-0.0013628005981445312,-0.0024871826171875,-0.0021271705627441406,-0.0016989707946777344,-0.0014581680297851562,-0.0016679763793945312,-0.0018324851989746094,-0.0032205581665039062,-0.002765178680419922,-0.003204822540283203,-0.0029931068420410156,-0.00262451171875,-0.002223491668701172,-0.00243377685546875,-0.00255584716796875,-0.004305839538574219,-0.0037164688110351562,-0.005762577056884766,-0.004118442535400391,-0.0033979415893554688,-0.0024137496948242188,-0.003200054168701172,-0.003570556640625,-0.0047359466552734375,-0.0048885345458984375,-0.003932952880859375,-0.004378318786621094,-0.0035147666931152344,-0.002544403076171875,-0.0033674240112304688,-0.003795623779296875,-0.006627082824707031,-0.0057659149169921875,-0.006997108459472656,-0.006760597229003906,-0.004866600036621094,-0.0037822723388671875,-0.005148410797119141,-0.005633354187011719
2232.5,-0.0013170242309570312,-0.0016541481018066406,-0.0018715858459472656,-0.0015683174133300781,-0.0013790130615234375,-0.0003018379211425781,-0.0012125968933105469,-0.0012831687927246094,-0.0019025802612304688,-0.0013628005981445312,-0.0024871826171875,-0.0021271705627441406,-0.0016989707946777344,-0.0014581680297851562,-0.0016679763793945312,-0.0018324851989746094,-0.0032205581665039062,-0.002765178680419922,-0.003204822540283203,-0.0029931068420410156,-0.00262451171875,-0.002223491668701172,-0.00243377685546875,-0.00255584716796875,-0.004305839538574219,-0.0037164688110351562,-0.005762577056884766,-0.004118442535400391,-0.0033979415893554688,-0.0024137496948242188,-0.003200054168701172,-0.003570556640625,-0.0047359466552734375,-0.0048885345458984375,-0.003932952880859375,-0.004378318786621094,-0.0035147666931152344,-0.002544403076171875,-0.0033674240112304688,-0.003795623779296875,-0.006627082824707031,-0.0057659149169921875,-0.006997108459472656,-0.006760597229003906,-0.004866600036621094,-0.0037822723388671875,-0.005148410797119141,-0.005633354187011719
2233.5,-0.0013170242309570312,-0.0016541481018066406,-0.0018715858459472656,-0.0015683174133300781,-0.0013790130615234375,-0.0003018379211425781,-0.0012125968933105469,-0.0012831687927246094,-0.0019025802612304688,-0.0013628005981445312,-0.0024871826171875,-0.0021271705627441406,-0.0016989707946777344,-0.0014581680297851562,-0.0016679763793945312,-0.0018324851989746094,-0.0032205581665039062,-0.002765178680419922,-0.003204822540283203,-0.0029931068420410156,-0.00262451171875,-0.002223491668701172,-0.00243377685546875,-0.00255584716796875,-0.004305839538574219,-0.0037164688110351562,-0.005762577056884766,-0.004118442535400391,-0.0033979415893554688,-0.0024137496948242188,-0.003200054168701172,-0.003570556640625,-0.0047359466552734375,-0.0048885345458984375,-0.003932952880859375,-0.004378318786621094,-0.0035147666931152344,-0.002544403076171875,-0.0033674240112304688,-0.003795623779296875,-0.006627082824707031,-0.0057659149169921875,-0.006997108459472656,-0.006760597229003906,-0.004866600036621094,-0.0037822723388671875,-0.005148410797119141,-0.005633354187011719
2234.5,-0.0013170242309570312,-0.0016541481018066406,-0.0018715858459472656,-0.0015683174133300781,-0.0013790130615234375,-0.0003018379211425781,-0.0012125968933105469,-0.0012831687927246094,-0.0019025802612304688,-0.0013628005981445312,-0.0024871826171875,-0.0021271705627441406,-0.0016989707946777344,-0.0014581680297851562,-0.0016679763793945312,-0.0018324851989746094,-0.0032205581665039062,-0.002765178680419922,-0.003204822540283203,-0.0029931068420410156,-0.00262451171875,-0.002223491668701172,-0.00243377685546875,-0.00255584716796875,-0.004305839538574219,-0.0037164688110351562,-0.005762577056884766,-0.004118442535400391,-0.0033979415893554688,-0.0024137496948242188,-0.003200054168701172,-0.003570556640625,-0.0047359466552734375,-0.0048885345458984375,-0.003932952880859375,-0.004378318786621094,-0.0035147666931152344,-0.002544403076171875,-0.0033674240112304688,-0.003795623779296875,-0.006627082824707031,-0.0057659149169921875,-0.006997108459472656,-0.006760597229003906,-0.004866600036621094,-0.0037822723388671875,-0.005148410797119141,-0.005633354187011719
2235.5,-0.0013170242309570312,-0.0016541481018066406,-0.0018715858459472656,-0.0015683174133300781,-0.0013790130615234375,-0.0003018379211425781,-0.0012125968933105469,-0.0012831687927246094,-0.0019025802612304688,-0.0013628005981445312,-0.0024871826171875,-0.0021271705627441406,-0.0016989707946777344,-0.0014581680297851562,-0.0016679763793945312,-0.0018324851989746094,-0.0032205581665039062,-0.002765178680419922,-0.003204822540283203,-0.0029931068420410156,-0.00262451171875,-0.002223491668701172,-0.00243377685546875,-0.00255584716796875,-0.004305839538574219,-0.0037164688110351562,-0.005762577056884766,-0.004118442535400391,-0.0033979415893554688,-0.0024137496948242188,-0.003200054168701172,-0.003570556640625,-0.0047359466552734375,-0.0048885345458984375,-0.003932952880859375,-0.004378318786621094,-0.0035147666931152344,-0.002544403076171875,-0.0033674240112304688,-0.003795623779296875,-0.006627082824707031,-0.0057659149169921875,-0.006997108459472656,-0.006760597229003906,-0.004866600036621094,-0.0037822723388671875,-0.005148410797119141,-0.005633354187011719
2236.5,-0.0013170242309570312,-0.0016541481018066406,-0.0018715858459472656,-0.0015683174133300781,-0.0013790130615234375,-0.0003018379211425781,-0.0012125968933105469,-0.0012831687927246094,-0.0019025802612304688,-0.0013628005981445312,-0.0024871826171875,-0.0021271705627441406,-0.0016989707946777344,-0.0014581680297851562,-0.0016679763793945312,-0.0018324851989746094,-0.0032205581665039062,-0.002765178680419922,-0.003204822540283203,-0.0029931068420410156,-0.00262451171875,-0.002223491668701172,-0.00243377685546875,-0.00255584716796875,-0.004305839538574219,-0.0037164688110351562,-0.005762577056884766,-0.004118442535400391,-0.0033979415893554688,-0.0024137496948242188,-0.003200054168701172,-0.003570556640625,-0.0047359466552734375,-0.0048885345458984375,-0.003932952880859375,-0.004378318786621094,-0.0035147666931152344,-0.002544403076171875,-0.0033674240112304688,-0.003795623779296875,-0.006627082824707031,-0.0057659149169921875,-0.006997108459472656,-0.006760597229003906,-0.004866600036621094,-0.0037822723388671875,-0.005148410797119141,-0.005633354187011719
2237.5,-0.0013170242309570312,-0.0016541481018066406,-0.0018715858459472656,-0.0015683174133300781,-0.0013790130615234375,-0.0003018379211425781,-0.0012125968933105469,-0.0012831687927246094,-0.0019025802612304688,-0.0013628005981445312,-0.0024871826171875,-0.0021271705627441406,-0.0016989707946777344,-0.0014581680297851562,-0.0016679763793945312,-0.0018324851989746094,-0.0032205581665039062,-0.002765178680419922,-0.003204822540283203,-0.0029931068420410156,-0.00262451171875,-0.002223491668701172,-0.00243377685546875,-0.00255584716796875,-0.004305839538574219,-0.0037164688110351562,-0.005762577056884766,-0.004118442535400391,-0.0033979415893554688,-0.0024137496948242188,-0.003200054168701172,-0.003570556640625,-0.0047359466552734375,-0.0048885345458984375,-0.003932952880859375,-0.004378318786621094,-0.0035147666931152344,-0.002544403076171875,-0.0033674240112304688,-0.003795623779296875,-0.006627082824707031,-0.0057659149169921875,-0.006997108459472656,-0.006760597229003906,-0.004866600036621094,-0.0037822723388671875,-0.005148410797119141,-0.005633354187011719
2238.5,-0.0013170242309570312,-0.0016541481018066406,-0.0018715858459472656,-0.0015683174133300781,-0.0013790130615234375,-0.0003018379211425781,-0.0012125968933105469,-0.0012831687927246094,-0.0019025802612304688,-0.0013628005981445312,-0.0024871826171875,-0.0021271705627441406,-0.0016989707946777344,-0.0014581680297851562,-0.0016679763793945312,-0.0018324851989746094,-0.0032205581665039062,-0.002765178680419922,-0.003204822540283203,-0.0029931068420410156,-0.00262451171875,-0.002223491668701172,-0.00243377685546875,-0.00255584716796875,-0.004305839538574219,-0.0037164688110351562,-0.005762577056884766,-0.004118442535400391,-0.0033979415893554688,-0.0024137496948242188,-0.003200054168701172,-0.003570556640625,-0.0047359466552734375,-0.0048885345458984375,-0.003932952880859375,-0.004378318786621094,-0.0035147666931152344,-0.002544403076171875,-0.0033674240112304688,-0.003795623779296875,-0.006627082824707031,-0.0057659149169921875,-0.006997108459472656,-0.006760597229003906,-0.004866600036621094,-0.0037822723388671875,-0.005148410797119141,-0.005633354187011719
2239.5,-0.0013170242309570312,-0.0016541481018066406,-0.0018715858459472656,-0.0015683174133300781,-0.0013790130615234375,-0.0003018379211425781,-0.0012125968933105469,-0.0012831687927246094,-0.0019025802612304688,-0.0013628005981445312,-0.0024871826171875,-0.0021271705627441406,-0.0016989707946777344,-0.0014581680297851562,-0.0016679763793945312,-0.0018324851989746094,-0.0032205581665039062,-0.002765178680419922,-0.003204822540283203,-0.0029931068420410156,-0.00262451171875,-0.002223491668701172,-0.00243377685546875,-0.00255584716796875,-0.004305839538574219,-0.0037164688110351562,-0.005762577056884766,-0.004118442535400391,-0.0033979415893554688,-0.0024137496948242188,-0.003200054168701172,-0.003570556640625,-0.0047359466552734375,-0.0048885345458984375,-0.003932952880859375,-0.004378318786621094,-0.0035147666931152344,-0.002544403076171875,-0.0033674240112304688,-0.003795623779296875,-0.006627082824707031,-0.0057659149169921875,-0.006997108459472656,-0.006760597229003906,-0.004866600036621094,-0.0037822723388671875,-0.005148410797119141,-0.005633354187011719
2240.5,-0.0013170242309570312,-0.0016541481018066406,-0.0018715858459472656,-0.0015683174133300781,-0.0013790130615234375,-0.0003018379211425781,-0.0012125968933105469,-0.0012831687927246094,-0.0019025802612304688,-0.0013628005981445312,-0.0024871826171875,-0.0021271705627441406,-0.0016989707946777344,-0.0014581680297851562,-0.0016679763793945312,-0.0018324851989746094,-0.0032205581665039062,-0.002765178680419922,-0.003204822540283203,-0.0029931068420410156,-0.00262451171875,-0.002223491668701172,-0.00243377685546875,-0.00255584716796875,-0.004305839538574219,-0.0037164688110351562,-0.005762577056884766,-0.004118442535400391,-0.0033979415893554688,-0.0024137496948242188,-0.003200054168701172,-0.003570556640625,-0.0047359466552734375,-0.0048885345458984375,-0.003932952880859375,-0.004378318786621094,-0.0035147666931152344,-0.002544403076171875,-0.0033674240112304688,-0.003795623779296875,-0.006627082824707031,-0.0057659149169921875,-0.006997108459472656,-0.006760597229003906,-0.004866600036621094,-0.0037822723388671875,-0.005148410797119141,-0.005633354187011719
2241.5,-0.0013170242309570312,-0.0016541481018066406,-0.0018715858459472656,-0.0015683174133300781,-0.0013790130615234375,-0.0003018379211425781,-0.0012125968933105469,-0.0012831687927246094,-0.0019025802612304688,-0.0013628005981445312,-0.0024871826171875,-0.0021271705627441406,-0.0016989707946777344,-0.0014581680297851562,-0.0016679763793945312,-0.0018324851989746094,-0.0032205581665039062,-0.002765178680419922,-0.003204822540283203,-0.0029931068420410156,-0.00262451171875,-0.002223491668701172,-0.00243377685546875,-0.00255584716796875,-0.004305839538574219,-0.0037164688110351562,-0.005762577056884766,-0.004118442535400391,-0.0033979415893554688,-0.0024137496948242188,-0.003200054168701172,-0.003570556640625,-0.0047359466552734375,-0.0048885345458984375,-0.003932952880859375,-0.004378318786621094,-0.0035147666931152344,-0.002544403076171875,-0.0033674240112304688,-0.003795623779296875,-0.006627082824707031,-0.0057659149169921875,-0.006997108459472656,-0.006760597229003906,-0.004866600036621094,-0.0037822723388671875,-0.005148410797119141,-0.005633354187011719
2242.5,-0.0013170242309570312,-0.0016541481018066406,-0.0018715858459472656,-0.0015683174133300781,-0.0013790130615234375,-0.0003018379211425781,-0.0012125968933105469,-0.0012831687927246094,-0.0019025802612304688,-0.0013628005981445312,-0.0024871826171875,-0.0021271705627441406,-0.0016989707946777344,-0.0014581680297851562,-0.0016679763793945312,-0.0018324851989746094,-0.0032205581665039062,-0.002765178680419922,-0.003204822540283203,-0.0029931068420410156,-0.00262451171875,-0.002223491668701172,-0.00243377685546875,-0.00255584716796875,-0.004305839538574219,-0.0037164688110351562,-0.005762577056884766,-0.004118442535400391,-0.0033979415893554688,-0.0024137496948242188,-0.003200054168701172,-0.003570556640625,-0.0047359466552734375,-0.0048885345458984375,-0.003932952880859375,-0.004378318786621094,-0.0035147666931152344,-0.002544403076171875,-0.0033674240112304688,-0.003795623779296875,-0.006627082824707031,-0.0057659149169921875,-0.006997108459472656,-0.006760597229003906,-0.004866600036621094,-0.0037822723388671875,-0.005148410797119141,-0.005633354187011719
2243.5,-0.0013170242309570312,-0.0016541481018066406,-0.0018715858459472656,-0.0015683174133300781,-0.0013790130615234375,-0.0003018379211425781,-0.0012125968933105469,-0.0012831687927246094,-0.0019025802612304688,-0.0013628005981445312,-0.0024871826171875,-0.0021271705627441406,-0.0016989707946777344,-0.0014581680297851562,-0.0016679763793945312,-0.0018324851989746094,-0.0032205581665039062,-0.002765178680419922,-0.003204822540283203,-0.0029931068420410156,-0.00262451171875,-0.002223491668701172,-0.00243377685546875,-0.00255584716796875,-0.004305839538574219,-0.0037164688110351562,-0.005762577056884766,-0.004118442535400391,-0.0033979415893554688,-0.0024137496948242188,-0.003200054168701172,-0.003570556640625,-0.0047359466552734375,-0.0048885345458984375,-0.003932952880859375,-0.004378318786621094,-0.0035147666931152344,-0.002544403076171875,-0.0033674240112304688,-0.003795623779296875,-0.006627082824707031,-0.0057659149169921875,-0.006997108459472656,-0.006760597229003906,-0.004866600036621094,-0.0037822723388671875,-0.005148410797119141,-0.005633354187011719
2244.5,-0.0013170242309570312,-0.0016541481018066406,-0.0018715858459472656,-0.0015683174133300781,-0.0013790130615234375,-0.0003018379211425781,-0.0012125968933105469,-0.0012831687927246094,-0.0019025802612304688,-0.0013628005981445312,-0.0024871826171875,-0.0021271705627441406,-0.0016989707946777344,-0.0014581680297851562,-0.0016679763793945312,-0.0018324851989746094,-0.0032205581665039062,-0.002765178680419922,-0.003204822540283203,-0.0029931068420410156,-0.00262451171875,-0.002223491668701172,-0.00243377685546875,-0.00255584716796875,-0.004305839538574219,-0.0037164688110351562,-0.005762577056884766,-0.004118442535400391,-0.0033979415893554688,-0.0024137496948242188,-0.003200054168701172,-0.003570556640625,-0.0047359466552734375,-0.0048885345458984375,-0.003932952880859375,-0.004378318786621094,-0.0035147666931152344,-0.002544403076171875,-0.0033674240112304688,-0.003795623779296875,-0.006627082824707031,-0.0057659149169921875,-0.006997108459472656,-0.006760597229003906,-0.004866600036621094,-0.0037822723388671875,-0.005148410797119141,-0.005633354187011719
2245.5,-0.0013170242309570312,-0.0016541481018066406,-0.0018715858459472656,-0.0015683174133300781,-0.0013790130615234375,-0.0003018379211425781,-0.0012125968933105469,-0.0012831687927246094,-0.0019025802612304688,-0.0013628005981445312,-0.0024871826171875,-0.0021271705627441406,-0.0016989707946777344,-0.0014581680297851562,-0.0016679763793945312,-0.0018324851989746094,-0.0032205581665039062,-0.002765178680419922,-0.003204822540283203,-0.0029931068420410156,-0.00262451171875,-0.002223491668701172,-0.00243377685546875,-0.00255584716796875,-0.004305839538574219,-0.0037164688110351562,-0.005762577056884766,-0.004118442535400391,-0.0033979415893554688,-0.0024137496948242188,-0.003200054168701172,-0.003570556640625,-0.0047359466552734375,-0.0048885345458984375,-0.003932952880859375,-0.004378318786621094,-0.0035147666931152344,-0.002544403076171875,-0.0033674240112304688,-0.003795623779296875,-0.006627082824707031,-0.0057659149169921875,-0.006997108459472656,-0.006760597229003906,-0.004866600036621094,-0.0037822723388671875,-0.005148410797119141,-0.005633354187011719
2246.5,-0.0013170242309570312,-0.0016541481018066406,-0.0018715858459472656,-0.0015683174133300781,-0.0013790130615234375,-0.0003018379211425781,-0.0012125968933105469,-0.0012831687927246094,-0.0019025802612304688,-0.0013628005981445312,-0.0024871826171875,-0.0021271705627441406,-0.0016989707946777344,-0.0014581680297851562,-0.0016679763793945312,-0.0018324851989746094,-0.0032205581665039062,-0.002765178680419922,-0.003204822540283203,-0.0029931068420410156,-0.00262451171875,-0.002223491668701172,-0.00243377685546875,-0.00255584716796875,-0.004305839538574219,-0.0037164688110351562,-0.005762577056884766,-0.004118442535400391,-0.0033979415893554688,-0.0024137496948242188,-0.003200054168701172,-0.003570556640625,-0.0047359466552734375,-0.0048885345458984375,-0.003932952880859375,-0.004378318786621094,-0.0035147666931152344,-0.002544403076171875,-0.0033674240112304688,-0.003795623779296875,-0.006627082824707031,-0.0057659149169921875,-0.006997108459472656,-0.006760597229003906,-0.004866600036621094,-0.0037822723388671875,-0.005148410797119141,-0.005633354187011719
2247.5,-0.0013170242309570312,-0.0016541481018066406,-0.0018715858459472656,-0.0015683174133300781,-0.0013790130615234375,-0.0003018379211425781,-0.0012125968933105469,-0.0012831687927246094,-0.0019025802612304688,-0.0013628005981445312,-0.0024871826171875,-0.0021271705627441406,-0.0016989707946777344,-0.0014581680297851562,-0.0016679763793945312,-0.0018324851989746094,-0.0032205581665039062,-0.002765178680419922,-0.003204822540283203,-0.0029931068420410156,-0.00262451171875,-0.002223491668701172,-0.00243377685546875,-0.00255584716796875,-0.004305839538574219,-0.0037164688110351562,-0.005762577056884766,-0.004118442535400391,-0.0033979415893554688,-0.0024137496948242188,-0.003200054168701172,-0.003570556640625,-0.0047359466552734375,-0.0048885345458984375,-0.003932952880859375,-0.004378318786621094,-0.0035147666931152344,-0.002544403076171875,-0.0033674240112304688,-0.003795623779296875,-0.006627082824707031,-0.0057659149169921875,-0.006997108459472656,-0.006760597229003906,-0.004866600036621094,-0.0037822723388671875,-0.005148410797119141,-0.005633354187011719
2248.5,-0.0013170242309570312,-0.0016541481018066406,-0.0018715858459472656,-0.0015683174133300781,-0.0013790130615234375,-0.0003018379211425781,-0.0012125968933105469,-0.0012831687927246094,-0.0019025802612304688,-0.0013628005981445312,-0.0024871826171875,-0.0021271705627441406,-0.0016989707946777344,-0.0014581680297851562,-0.0016679763793945312,-0.0018324851989746094,-0.0032205581665039062,-0.002765178680419922,-0.003204822540283203,-0.0029931068420410156,-0.00262451171875,-0.002223491668701172,-0.00243377685546875,-0.00255584716796875,-0.004305839538574219,-0.0037164688110351562,-0.005762577056884766,-0.004118442535400391,-0.0033979415893554688,-0.0024137496948242188,-0.003200054168701172,-0.003570556640625,-0.0047359466552734375,-0.0048885345458984375,-0.003932952880859375,-0.004378318786621094,-0.0035147666931152344,-0.002544403076171875,-0.0033674240112304688,-0.003795623779296875,-0.006627082824707031,-0.0057659149169921875,-0.006997108459472656,-0.006760597229003906,-0.004866600036621094,-0.0037822723388671875,-0.005148410797119141,-0.005633354187011719
2249.5,-0.0013170242309570312,-0.0016541481018066406,-0.0018715858459472656,-0.0015683174133300781,-0.0013790130615234375,-0.0003018379211425781,-0.0012125968933105469,-0.0012831687927246094,-0.0019025802612304688,-0.0013628005981445312,-0.0024871826171875,-0.0021271705627441406,-0.0016989707946777344,-0.0014581680297851562,-0.0016679763793945312,-0.0018324851989746094,-0.0032205581665039062,-0.002765178680419922,-0.003204822540283203,-0.0029931068420410156,-0.00262451171875,-0.002223491668701172,-0.00243377685546875,-0.00255584716796875,-0.004305839538574219,-0.0037164688110351562,-0.005762577056884766,-0.004118442535400391,-0.0033979415893554688,-0.0024137496948242188,-0.003200054168701172,-0.003570556640625,-0.0047359466552734375,-0.0048885345458984375,-0.003932952880859375,-0.004378318786621094,-0.0035147666931152344,-0.002544403076171875,-0.0033674240112304688,-0.003795623779296875,-0.006627082824707031,-0.0057659149169921875,-0.006997108459472656,-0.006760597229003906,-0.004866600036621094,-0.0037822723388671875,-0.005148410797119141,-0.005633354187011719
2250.5,-0.0013170242309570312,-0.0016541481018066406,-0.0018715858459472656,-0.0015683174133300781,-0.0013790130615234375,-0.0003018379211425781,-0.0012125968933105469,-0.0012831687927246094,-0.0019025802612304688,-0.0013628005981445312,-0.0024871826171875,-0.0021271705627441406,-0.0016989707946777344,-0.0014581680297851562,-0.0016679763793945312,-0.0018324851989746094,-0.0032205581665039062,-0.002765178680419922,-0.003204822540283203,-0.0029931068420410156,-0.00262451171875,-0.002223491668701172,-0.00243377685546875,-0.00255584716796875,-0.004305839538574219,-0.0037164688110351562,-0.005762577056884766,-0.004118442535400391,-0.0033979415893554688,-0.0024137496948242188,-0.003200054168701172,-0.003570556640625,-0.0047359466552734375,-0.0048885345458984375,-0.003932952880859375,-0.004378318786621094,-0.0035147666931152344,-0.002544403076171875,-0.0033674240112304688,-0.003795623779296875,-0.006627082824707031,-0.0057659149169921875,-0.006997108459472656,-0.006760597229003906,-0.004866600036621094,-0.0037822723388671875,-0.005148410797119141,-0.005633354187011719
2251.5,-0.0013170242309570312,-0.0016541481018066406,-0.0018715858459472656,-0.0015683174133300781,-0.0013790130615234375,-0.0003018379211425781,-0.0012125968933105469,-0.0012831687927246094,-0.0019025802612304688,-0.0013628005981445312,-0.0024871826171875,-0.0021271705627441406,-0.0016989707946777344,-0.0014581680297851562,-0.0016679763793945312,-0.0018324851989746094,-0.0032205581665039062,-0.002765178680419922,-0.003204822540283203,-0.0029931068420410156,-0.00262451171875,-0.002223491668701172,-0.00243377685546875,-0.00255584716796875,-0.004305839538574219,-0.0037164688110351562,-0.005762577056884766,-0.004118442535400391,-0.0033979415893554688,-0.0024137496948242188,-0.003200054168701172,-0.003570556640625,-0.0047359466552734375,-0.0048885345458984375,-0.003932952880859375,-0.004378318786621094,-0.0035147666931152344,-0.002544403076171875,-0.0033674240112304688,-0.003795623779296875,-0.006627082824707031,-0.0057659149169921875,-0.006997108459472656,-0.006760597229003906,-0.004866600036621094,-0.0037822723388671875,-0.005148410797119141,-0.005633354187011719
2252.5,-0.0013170242309570312,-0.0016541481018066406,-0.0018715858459472656,-0.0015683174133300781,-0.0013790130615234375,-0.0003018379211425781,-0.0012125968933105469,-0.0012831687927246094,-0.0019025802612304688,-0.0013628005981445312,-0.0024871826171875,-0.0021271705627441406,-0.0016989707946777344,-0.0014581680297851562,-0.0016679763793945312,-0.0018324851989746094,-0.0032205581665039062,-0.002765178680419922,-0.003204822540283203,-0.0029931068420410156,-0.00262451171875,-0.002223491668701172,-0.00243377685546875,-0.00255584716796875,-0.004305839538574219,-0.0037164688110351562,-0.005762577056884766,-0.004118442535400391,-0.0033979415893554688,-0.0024137496948242188,-0.003200054168701172,-0.003570556640625,-0.0047359466552734375,-0.0048885345458984375,-0.003932952880859375,-0.004378318786621094,-0.0035147666931152344,-0.002544403076171875,-0.0033674240112304688,-0.003795623779296875,-0.006627082824707031,-0.0057659149169921875,-0.006997108459472656,-0.006760597229003906,-0.004866600036621094,-0.0037822723388671875,-0.005148410797119141,-0.005633354187011719
2253.5,-0.0013170242309570312,-0.0016541481018066406,-0.0018715858459472656,-0.0015683174133300781,-0.0013790130615234375,-0.0003018379211425781,-0.0012125968933105469,-0.0012831687927246094,-0.0019025802612304688,-0.0013628005981445312,-0.0024871826171875,-0.0021271705627441406,-0.0016989707946777344,-0.0014581680297851562,-0.0016679763793945312,-0.0018324851989746094,-0.0032205581665039062,-0.002765178680419922,-0.003204822540283203,-0.0029931068420410156,-0.00262451171875,-0.002223491668701172,-0.00243377685546875,-0.00255584716796875,-0.004305839538574219,-0.0037164688110351562,-0.005762577056884766,-0.004118442535400391,-0.0033979415893554688,-0.0024137496948242188,-0.003200054168701172,-0.003570556640625,-0.0047359466552734375,-0.0048885345458984375,-0.003932952880859375,-0.004378318786621094,-0.0035147666931152344,-0.002544403076171875,-0.0033674240112304688,-0.003795623779296875,-0.006627082824707031,-0.0057659149169921875,-0.006997108459472656,-0.006760597229003906,-0.004866600036621094,-0.0037822723388671875,-0.005148410797119141,-0.005633354187011719
2254.5,-0.0013170242309570312,-0.0016541481018066406,-0.0018715858459472656,-0.0015683174133300781,-0.0013790130615234375,-0.0003018379211425781,-0.0012125968933105469,-0.0012831687927246094,-0.0019025802612304688,-0.0013628005981445312,-0.0024871826171875,-0.0021271705627441406,-0.0016989707946777344,-0.0014581680297851562,-0.0016679763793945312,-0.0018324851989746094,-0.0032205581665039062,-0.002765178680419922,-0.003204822540283203,-0.0029931068420410156,-0.00262451171875,-0.002223491668701172,-0.00243377685546875,-0.00255584716796875,-0.004305839538574219,-0.0037164688110351562,-0.005762577056884766,-0.004118442535400391,-0.0033979415893554688,-0.0024137496948242188,-0.003200054168701172,-0.003570556640625,-0.0047359466552734375,-0.0048885345458984375,-0.003932952880859375,-0.004378318786621094,-0.0035147666931152344,-0.002544403076171875,-0.0033674240112304688,-0.003795623779296875,-0.006627082824707031,-0.0057659149169921875,-0.006997108459472656,-0.006760597229003906,-0.004866600036621094,-0.0037822723388671875,-0.005148410797119141,-0.005633354187011719
2255.5,-0.0013170242309570312,-0.0016541481018066406,-0.0018715858459472656,-0.0015683174133300781,-0.0013790130615234375,-0.0003018379211425781,-0.0012125968933105469,-0.0012831687927246094,-0.0019025802612304688,-0.0013628005981445312,-0.0024871826171875,-0.0021271705627441406,-0.0016989707946777344,-0.0014581680297851562,-0.0016679763793945312,-0.0018324851989746094,-0.0032205581665039062,-0.002765178680419922,-0.003204822540283203,-0.0029931068420410156,-0.00262451171875,-0.002223491668701172,-0.00243377685546875,-0.00255584716796875,-0.004305839538574219,-0.0037164688110351562,-0.005762577056884766,-0.004118442535400391,-0.0033979415893554688,-0.0024137496948242188,-0.003200054168701172,-0.003570556640625,-0.0047359466552734375,-0.0048885345458984375,-0.003932952880859375,-0.004378318786621094,-0.0035147666931152344,-0.002544403076171875,-0.0033674240112304688,-0.003795623779296875,-0.006627082824707031,-0.0057659149169921875,-0.006997108459472656,-0.006760597229003906,-0.004866600036621094,-0.0037822723388671875,-0.005148410797119141,-0.005633354187011719
2256.5,-0.0013170242309570312,-0.0016541481018066406,-0.0018715858459472656,-0.0015683174133300781,-0.0013790130615234375,-0.0003018379211425781,-0.0012125968933105469,-0.0012831687927246094,-0.0019025802612304688,-0.0013628005981445312,-0.0024871826171875,-0.0021271705627441406,-0.0016989707946777344,-0.0014581680297851562,-0.0016679763793945312,-0.0018324851989746094,-0.0032205581665039062,-0.002765178680419922,-0.003204822540283203,-0.0029931068420410156,-0.00262451171875,-0.002223491668701172,-0.00243377685546875,-0.00255584716796875,-0.004305839538574219,-0.0037164688110351562,-0.005762577056884766,-0.004118442535400391,-0.0033979415893554688,-0.0024137496948242188,-0.003200054168701172,-0.003570556640625,-0.0047359466552734375,-0.0048885345458984375,-0.003932952880859375,-0.004378318786621094,-0.0035147666931152344,-0.002544403076171875,-0.0033674240112304688,-0.003795623779296875,-0.006627082824707031,-0.0057659149169921875,-0.006997108459472656,-0.006760597229003906,-0.004866600036621094,-0.0037822723388671875,-0.005148410797119141,-0.005633354187011719
2257.5,-0.0013170242309570312,-0.0016541481018066406,-0.0018715858459472656,-0.0015683174133300781,-0.0013790130615234375,-0.0003018379211425781,-0.0012125968933105469,-0.0012831687927246094,-0.0019025802612304688,-0.0013628005981445312,-0.0024871826171875,-0.0021271705627441406,-0.0016989707946777344,-0.0014581680297851562,-0.0016679763793945312,-0.0018324851989746094,-0.0032205581665039062,-0.002765178680419922,-0.003204822540283203,-0.0029931068420410156,-0.00262451171875,-0.002223491668701172,-0.00243377685546875,-0.00255584716796875,-0.004305839538574219,-0.0037164688110351562,-0.005762577056884766,-0.004118442535400391,-0.0033979415893554688,-0.0024137496948242188,-0.003200054168701172,-0.003570556640625,-0.0047359466552734375,-0.0048885345458984375,-0.003932952880859375,-0.004378318786621094,-0.0035147666931152344,-0.002544403076171875,-0.0033674240112304688,-0.003795623779296875,-0.006627082824707031,-0.0057659149169921875,-0.006997108459472656,-0.006760597229003906,-0.004866600036621094,-0.0037822723388671875,-0.005148410797119141,-0.005633354187011719
2258.5,-0.0013170242309570312,-0.0016541481018066406,-0.0018715858459472656,-0.0015683174133300781,-0.0013790130615234375,-0.0003018379211425781,-0.0012125968933105469,-0.0012831687927246094,-0.0019025802612304688,-0.0013628005981445312,-0.0024871826171875,-0.0021271705627441406,-0.0016989707946777344,-0.0014581680297851562,-0.0016679763793945312,-0.0018324851989746094,-0.0032205581665039062,-0.002765178680419922,-0.003204822540283203,-0.0029931068420410156,-0.00262451171875,-0.002223491668701172,-0.00243377685546875,-0.00255584716796875,-0.004305839538574219,-0.0037164688110351562,-0.005762577056884766,-0.004118442535400391,-0.0033979415893554688,-0.0024137496948242188,-0.003200054168701172,-0.003570556640625,-0.0047359466552734375,-0.0048885345458984375,-0.003932952880859375,-0.004378318786621094,-0.0035147666931152344,-0.002544403076171875,-0.0033674240112304688,-0.003795623779296875,-0.006627082824707031,-0.0057659149169921875,-0.006997108459472656,-0.006760597229003906,-0.004866600036621094,-0.0037822723388671875,-0.005148410797119141,-0.005633354187011719
2259.5,-0.0013170242309570312,-0.0016541481018066406,-0.0018715858459472656,-0.0015683174133300781,-0.0013790130615234375,-0.0003018379211425781,-0.0012125968933105469,-0.0012831687927246094,-0.0019025802612304688,-0.0013628005981445312,-0.0024871826171875,-0.0021271705627441406,-0.0016989707946777344,-0.0014581680297851562,-0.0016679763793945312,-0.0018324851989746094,-0.0032205581665039062,-0.002765178680419922,-0.003204822540283203,-0.0029931068420410156,-0.00262451171875,-0.002223491668701172,-0.00243377685546875,-0.00255584716796875,-0.004305839538574219,-0.0037164688110351562,-0.005762577056884766,-0.004118442535400391,-0.0033979415893554688,-0.0024137496948242188,-0.003200054168701172,-0.003570556640625,-0.0047359466552734375,-0.0048885345458984375,-0.003932952880859375,-0.004378318786621094,-0.0035147666931152344,-0.002544403076171875,-0.0033674240112304688,-0.003795623779296875,-0.006627082824707031,-0.0057659149169921875,-0.006997108459472656,-0.006760597229003906,-0.004866600036621094,-0.0037822723388671875,-0.005148410797119141,-0.005633354187011719
2260.5,-0.0013170242309570312,-0.0016541481018066406,-0.0018715858459472656,-0.0015683174133300781,-0.0013790130615234375,-0.0003018379211425781,-0.0012125968933105469,-0.0012831687927246094,-0.0019025802612304688,-0.0013628005981445312,-0.0024871826171875,-0.0021271705627441406,-0.0016989707946777344,-0.0014581680297851562,-0.0016679763793945312,-0.0018324851989746094,-0.0032205581665039062,-0.002765178680419922,-0.003204822540283203,-0.0029931068420410156,-0.00262451171875,-0.002223491668701172,-0.00243377685546875,-0.00255584716796875,-0.004305839538574219,-0.0037164688110351562,-0.005762577056884766,-0.004118442535400391,-0.0033979415893554688,-0.0024137496948242188,-0.003200054168701172,-0.003570556640625,-0.0047359466552734375,-0.0048885345458984375,-0.003932952880859375,-0.004378318786621094,-0.0035147666931152344,-0.002544403076171875,-0.0033674240112304688,-0.003795623779296875,-0.006627082824707031,-0.0057659149169921875,-0.006997108459472656,-0.006760597229003906,-0.004866600036621094,-0.0037822723388671875,-0.005148410797119141,-0.005633354187011719
2261.5,-0.0013170242309570312,-0.0016541481018066406,-0.0018715858459472656,-0.0015683174133300781,-0.0013790130615234375,-0.0003018379211425781,-0.0012125968933105469,-0.0012831687927246094,-0.0019025802612304688,-0.0013628005981445312,-0.0024871826171875,-0.0021271705627441406,-0.0016989707946777344,-0.0014581680297851562,-0.0016679763793945312,-0.0018324851989746094,-0.0032205581665039062,-0.002765178680419922,-0.003204822540283203,-0.0029931068420410156,-0.00262451171875,-0.002223491668701172,-0.00243377685546875,-0.00255584716796875,-0.004305839538574219,-0.0037164688110351562,-0.005762577056884766,-0.004118442535400391,-0.0033979415893554688,-0.0024137496948242188,-0.003200054168701172,-0.003570556640625,-0.0047359466552734375,-0.0048885345458984375,-0.003932952880859375,-0.004378318786621094,-0.0035147666931152344,-0.002544403076171875,-0.0033674240112304688,-0.003795623779296875,-0.006627082824707031,-0.0057659149169921875,-0.006997108459472656,-0.006760597229003906,-0.004866600036621094,-0.0037822723388671875,-0.005148410797119141,-0.005633354187011719
2262.5,-0.0013170242309570312,-0.0016541481018066406,-0.0018715858459472656,-0.0015683174133300781,-0.0013790130615234375,-0.0003018379211425781,-0.0012125968933105469,-0.0012831687927246094,-0.0019025802612304688,-0.0013628005981445312,-0.0024871826171875,-0.0021271705627441406,-0.0016989707946777344,-0.0014581680297851562,-0.0016679763793945312,-0.0018324851989746094,-0.0032205581665039062,-0.002765178680419922,-0.003204822540283203,-0.0029931068420410156,-0.00262451171875,-0.002223491668701172,-0.00243377685546875,-0.00255584716796875,-0.004305839538574219,-0.0037164688110351562,-0.005762577056884766,-0.004118442535400391,-0.0033979415893554688,-0.0024137496948242188,-0.003200054168701172,-0.003570556640625,-0.0047359466552734375,-0.0048885345458984375,-0.003932952880859375,-0.004378318786621094,-0.0035147666931152344,-0.002544403076171875,-0.0033674240112304688,-0.003795623779296875,-0.006627082824707031,-0.0057659149169921875,-0.006997108459472656,-0.006760597229003906,-0.004866600036621094,-0.0037822723388671875,-0.005148410797119141,-0.005633354187011719
2263.5,-0.0013170242309570312,-0.0016541481018066406,-0.0018715858459472656,-0.0015683174133300781,-0.0013790130615234375,-0.0003018379211425781,-0.0012125968933105469,-0.0012831687927246094,-0.0019025802612304688,-0.0013628005981445312,-0.0024871826171875,-0.0021271705627441406,-0.0016989707946777344,-0.0014581680297851562,-0.0016679763793945312,-0.0018324851989746094,-0.0032205581665039062,-0.002765178680419922,-0.003204822540283203,-0.0029931068420410156,-0.00262451171875,-0.002223491668701172,-0.00243377685546875,-0.00255584716796875,-0.004305839538574219,-0.0037164688110351562,-0.005762577056884766,-0.004118442535400391,-0.0033979415893554688,-0.0024137496948242188,-0.003200054168701172,-0.003570556640625,-0.0047359466552734375,-0.0048885345458984375,-0.003932952880859375,-0.004378318786621094,-0.0035147666931152344,-0.002544403076171875,-0.0033674240112304688,-0.003795623779296875,-0.006627082824707031,-0.0057659149169921875,-0.006997108459472656,-0.006760597229003906,-0.004866600036621094,-0.0037822723388671875,-0.005148410797119141,-0.005633354187011719
2264.5,-0.0013170242309570312,-0.0016541481018066406,-0.0018715858459472656,-0.0015683174133300781,-0.0013790130615234375,-0.0003018379211425781,-0.0012125968933105469,-0.0012831687927246094,-0.0019025802612304688,-0.0013628005981445312,-0.0024871826171875,-0.0021271705627441406,-0.0016989707946777344,-0.0014581680297851562,-0.0016679763793945312,-0.0018324851989746094,-0.0032205581665039062,-0.002765178680419922,-0.003204822540283203,-0.0029931068420410156,-0.00262451171875,-0.002223491668701172,-0.00243377685546875,-0.00255584716796875,-0.004305839538574219,-0.0037164688110351562,-0.005762577056884766,-0.004118442535400391,-0.0033979415893554688,-0.0024137496948242188,-0.003200054168701172,-0.003570556640625,-0.0047359466552734375,-0.0048885345458984375,-0.003932952880859375,-0.004378318786621094,-0.0035147666931152344,-0.002544403076171875,-0.0033674240112304688,-0.003795623779296875,-0.006627082824707031,-0.0057659149169921875,-0.006997108459472656,-0.006760597229003906,-0.004866600036621094,-0.0037822723388671875,-0.005148410797119141,-0.005633354187011719
2265.5,-0.0013170242309570312,-0.0016541481018066406,-0.0018715858459472656,-0.0015683174133300781,-0.0013790130615234375,-0.0003018379211425781,-0.0012125968933105469,-0.0012831687927246094,-0.0019025802612304688,-0.0013628005981445312,-0.0024871826171875,-0.0021271705627441406,-0.0016989707946777344,-0.0014581680297851562,-0.0016679763793945312,-0.0018324851989746094,-0.0032205581665039062,-0.002765178680419922,-0.003204822540283203,-0.0029931068420410156,-0.00262451171875,-0.002223491668701172,-0.00243377685546875,-0.00255584716796875,-0.004305839538574219,-0.0037164688110351562,-0.005762577056884766,-0.004118442535400391,-0.0033979415893554688,-0.0024137496948242188,-0.003200054168701172,-0.003570556640625,-0.0047359466552734375,-0.0048885345458984375,-0.003932952880859375,-0.004378318786621094,-0.0035147666931152344,-0.002544403076171875,-0.0033674240112304688,-0.003795623779296875,-0.006627082824707031,-0.0057659149169921875,-0.006997108459472656,-0.006760597229003906,-0.004866600036621094,-0.0037822723388671875,-0.005148410797119141,-0.005633354187011719
2266.5,-0.0013170242309570312,-0.0016541481018066406,-0.0018715858459472656,-0.0015683174133300781,-0.0013790130615234375,-0.0003018379211425781,-0.0012125968933105469,-0.0012831687927246094,-0.0019025802612304688,-0.0013628005981445312,-0.0024871826171875,-0.0021271705627441406,-0.0016989707946777344,-0.0014581680297851562,-0.0016679763793945312,-0.0018324851989746094,-0.0032205581665039062,-0.002765178680419922,-0.003204822540283203,-0.0029931068420410156,-0.00262451171875,-0.002223491668701172,-0.00243377685546875,-0.00255584716796875,-0.004305839538574219,-0.0037164688110351562,-0.005762577056884766,-0.004118442535400391,-0.0033979415893554688,-0.0024137496948242188,-0.003200054168701172,-0.003570556640625,-0.0047359466552734375,-0.0048885345458984375,-0.003932952880859375,-0.004378318786621094,-0.0035147666931152344,-0.002544403076171875,-0.0033674240112304688,-0.003795623779296875,-0.006627082824707031,-0.0057659149169921875,-0.006997108459472656,-0.006760597229003906,-0.004866600036621094,-0.0037822723388671875,-0.005148410797119141,-0.005633354187011719
2267.5,-0.0013170242309570312,-0.0016541481018066406,-0.0018715858459472656,-0.0015683174133300781,-0.0013790130615234375,-0.0003018379211425781,-0.0012125968933105469,-0.0012831687927246094,-0.0019025802612304688,-0.0013628005981445312,-0.0024871826171875,-0.0021271705627441406,-0.0016989707946777344,-0.0014581680297851562,-0.0016679763793945312,-0.0018324851989746094,-0.0032205581665039062,-0.002765178680419922,-0.003204822540283203,-0.0029931068420410156,-0.00262451171875,-0.002223491668701172,-0.00243377685546875,-0.00255584716796875,-0.004305839538574219,-0.0037164688110351562,-0.005762577056884766,-0.004118442535400391,-0.0033979415893554688,-0.0024137496948242188,-0.003200054168701172,-0.003570556640625,-0.0047359466552734375,-0.0048885345458984375,-0.003932952880859375,-0.004378318786621094,-0.0035147666931152344,-0.002544403076171875,-0.0033674240112304688,-0.003795623779296875,-0.006627082824707031,-0.0057659149169921875,-0.006997108459472656,-0.006760597229003906,-0.004866600036621094,-0.0037822723388671875,-0.005148410797119141,-0.005633354187011719
2268.5,-0.0013170242309570312,-0.0016541481018066406,-0.0018715858459472656,-0.0015683174133300781,-0.0013790130615234375,-0.0003018379211425781,-0.0012125968933105469,-0.0012831687927246094,-0.0019025802612304688,-0.0013628005981445312,-0.0024871826171875,-0.0021271705627441406,-0.0016989707946777344,-0.0014581680297851562,-0.0016679763793945312,-0.0018324851989746094,-0.0032205581665039062,-0.002765178680419922,-0.003204822540283203,-0.0029931068420410156,-0.00262451171875,-0.002223491668701172,-0.00243377685546875,-0.00255584716796875,-0.004305839538574219,-0.0037164688110351562,-0.005762577056884766,-0.004118442535400391,-0.0033979415893554688,-0.0024137496948242188,-0.003200054168701172,-0.003570556640625,-0.0047359466552734375,-0.0048885345458984375,-0.003932952880859375,-0.004378318786621094,-0.0035147666931152344,-0.002544403076171875,-0.0033674240112304688,-0.003795623779296875,-0.006627082824707031,-0.0057659149169921875,-0.006997108459472656,-0.006760597229003906,-0.004866600036621094,-0.0037822723388671875,-0.005148410797119141,-0.005633354187011719
2269.5,-0.0013170242309570312,-0.0016541481018066406,-0.0018715858459472656,-0.0015683174133300781,-0.0013790130615234375,-0.0003018379211425781,-0.0012125968933105469,-0.0012831687927246094,-0.0019025802612304688,-0.0013628005981445312,-0.0024871826171875,-0.0021271705627441406,-0.0016989707946777344,-0.0014581680297851562,-0.0016679763793945312,-0.0018324851989746094,-0.0032205581665039062,-0.002765178680419922,-0.003204822540283203,-0.0029931068420410156,-0.00262451171875,-0.002223491668701172,-0.00243377685546875,-0.00255584716796875,-0.004305839538574219,-0.0037164688110351562,-0.005762577056884766,-0.004118442535400391,-0.0033979415893554688,-0.0024137496948242188,-0.003200054168701172,-0.003570556640625,-0.0047359466552734375,-0.0048885345458984375,-0.003932952880859375,-0.004378318786621094,-0.0035147666931152344,-0.002544403076171875,-0.0033674240112304688,-0.003795623779296875,-0.006627082824707031,-0.0057659149169921875,-0.006997108459472656,-0.006760597229003906,-0.004866600036621094,-0.0037822723388671875,-0.005148410797119141,-0.005633354187011719
2270.5,-0.0013170242309570312,-0.0016541481018066406,-0.0018715858459472656,-0.0015683174133300781,-0.0013790130615234375,-0.0003018379211425781,-0.0012125968933105469,-0.0012831687927246094,-0.0019025802612304688,-0.0013628005981445312,-0.0024871826171875,-0.0021271705627441406,-0.0016989707946777344,-0.0014581680297851562,-0.0016679763793945312,-0.0018324851989746094,-0.0032205581665039062,-0.002765178680419922,-0.003204822540283203,-0.0029931068420410156,-0.00262451171875,-0.002223491668701172,-0.00243377685546875,-0.00255584716796875,-0.004305839538574219,-0.0037164688110351562,-0.005762577056884766,-0.004118442535400391,-0.0033979415893554688,-0.0024137496948242188,-0.003200054168701172,-0.003570556640625,-0.0047359466552734375,-0.0048885345458984375,-0.003932952880859375,-0.004378318786621094,-0.0035147666931152344,-0.002544403076171875,-0.0033674240112304688,-0.003795623779296875,-0.006627082824707031,-0.0057659149169921875,-0.006997108459472656,-0.006760597229003906,-0.004866600036621094,-0.0037822723388671875,-0.005148410797119141,-0.005633354187011719
2271.5,-0.0013170242309570312,-0.0016541481018066406,-0.0018715858459472656,-0.0015683174133300781,-0.0013790130615234375,-0.0003018379211425781,-0.0012125968933105469,-0.0012831687927246094,-0.0019025802612304688,-0.0013628005981445312,-0.0024871826171875,-0.0021271705627441406,-0.0016989707946777344,-0.0014581680297851562,-0.0016679763793945312,-0.0018324851989746094,-0.0032205581665039062,-0.002765178680419922,-0.003204822540283203,-0.0029931068420410156,-0.00262451171875,-0.002223491668701172,-0.00243377685546875,-0.00255584716796875,-0.004305839538574219,-0.0037164688110351562,-0.005762577056884766,-0.004118442535400391,-0.0033979415893554688,-0.0024137496948242188,-0.003200054168701172,-0.003570556640625,-0.0047359466552734375,-0.0048885345458984375,-0.003932952880859375,-0.004378318786621094,-0.0035147666931152344,-0.002544403076171875,-0.0033674240112304688,-0.003795623779296875,-0.006627082824707031,-0.0057659149169921875,-0.006997108459472656,-0.006760597229003906,-0.004866600036621094,-0.0037822723388671875,-0.005148410797119141,-0.005633354187011719
2272.5,-0.0013170242309570312,-0.0016541481018066406,-0.0018715858459472656,-0.0015683174133300781,-0.0013790130615234375,-0.0003018379211425781,-0.0012125968933105469,-0.0012831687927246094,-0.0019025802612304688,-0.0013628005981445312,-0.0024871826171875,-0.0021271705627441406,-0.0016989707946777344,-0.0014581680297851562,-0.0016679763793945312,-0.0018324851989746094,-0.0032205581665039062,-0.002765178680419922,-0.003204822540283203,-0.0029931068420410156,-0.00262451171875,-0.002223491668701172,-0.00243377685546875,-0.00255584716796875,-0.004305839538574219,-0.0037164688110351562,-0.005762577056884766,-0.004118442535400391,-0.0033979415893554688,-0.0024137496948242188,-0.003200054168701172,-0.003570556640625,-0.0047359466552734375,-0.0048885345458984375,-0.003932952880859375,-0.004378318786621094,-0.0035147666931152344,-0.002544403076171875,-0.0033674240112304688,-0.003795623779296875,-0.006627082824707031,-0.0057659149169921875,-0.006997108459472656,-0.006760597229003906,-0.004866600036621094,-0.0037822723388671875,-0.005148410797119141,-0.005633354187011719
2273.5,-0.0013170242309570312,-0.0016541481018066406,-0.0018715858459472656,-0.0015683174133300781,-0.0013790130615234375,-0.0003018379211425781,-0.0012125968933105469,-0.0012831687927246094,-0.0019025802612304688,-0.0013628005981445312,-0.0024871826171875,-0.0021271705627441406,-0.0016989707946777344,-0.0014581680297851562,-0.0016679763793945312,-0.0018324851989746094,-0.0032205581665039062,-0.002765178680419922,-0.003204822540283203,-0.0029931068420410156,-0.00262451171875,-0.002223491668701172,-0.00243377685546875,-0.00255584716796875,-0.004305839538574219,-0.0037164688110351562,-0.005762577056884766,-0.004118442535400391,-0.0033979415893554688,-0.0024137496948242188,-0.003200054168701172,-0.003570556640625,-0.0047359466552734375,-0.0048885345458984375,-0.003932952880859375,-0.004378318786621094,-0.0035147666931152344,-0.002544403076171875,-0.0033674240112304688,-0.003795623779296875,-0.006627082824707031,-0.0057659149169921875,-0.006997108459472656,-0.006760597229003906,-0.004866600036621094,-0.0037822723388671875,-0.005148410797119141,-0.005633354187011719
2274.5,-0.0013170242309570312,-0.0016541481018066406,-0.0018715858459472656,-0.0015683174133300781,-0.0013790130615234375,-0.0003018379211425781,-0.0012125968933105469,-0.0012831687927246094,-0.0019025802612304688,-0.0013628005981445312,-0.0024871826171875,-0.0021271705627441406,-0.0016989707946777344,-0.0014581680297851562,-0.0016679763793945312,-0.0018324851989746094,-0.0032205581665039062,-0.002765178680419922,-0.003204822540283203,-0.0029931068420410156,-0.00262451171875,-0.002223491668701172,-0.00243377685546875,-0.00255584716796875,-0.004305839538574219,-0.0037164688110351562,-0.005762577056884766,-0.004118442535400391,-0.0033979415893554688,-0.0024137496948242188,-0.003200054168701172,-0.003570556640625,-0.0047359466552734375,-0.0048885345458984375,-0.003932952880859375,-0.004378318786621094,-0.0035147666931152344,-0.002544403076171875,-0.0033674240112304688,-0.003795623779296875,-0.006627082824707031,-0.0057659149169921875,-0.006997108459472656,-0.006760597229003906,-0.004866600036621094,-0.0037822723388671875,-0.005148410797119141,-0.005633354187011719
2275.5,-0.0013170242309570312,-0.0016541481018066406,-0.0018715858459472656,-0.0015683174133300781,-0.0013790130615234375,-0.0003018379211425781,-0.0012125968933105469,-0.0012831687927246094,-0.0019025802612304688,-0.0013628005981445312,-0.0024871826171875,-0.0021271705627441406,-0.0016989707946777344,-0.0014581680297851562,-0.0016679763793945312,-0.0018324851989746094,-0.0032205581665039062,-0.002765178680419922,-0.003204822540283203,-0.0029931068420410156,-0.00262451171875,-0.002223491668701172,-0.00243377685546875,-0.00255584716796875,-0.004305839538574219,-0.0037164688110351562,-0.005762577056884766,-0.004118442535400391,-0.0033979415893554688,-0.0024137496948242188,-0.003200054168701172,-0.003570556640625,-0.0047359466552734375,-0.0048885345458984375,-0.003932952880859375,-0.004378318786621094,-0.0035147666931152344,-0.002544403076171875,-0.0033674240112304688,-0.003795623779296875,-0.006627082824707031,-0.0057659149169921875,-0.006997108459472656,-0.006760597229003906,-0.004866600036621094,-0.0037822723388671875,-0.005148410797119141,-0.005633354187011719
2276.5,-0.0013170242309570312,-0.0016541481018066406,-0.0018715858459472656,-0.0015683174133300781,-0.0013790130615234375,-0.0003018379211425781,-0.0012125968933105469,-0.0012831687927246094,-0.0019025802612304688,-0.0013628005981445312,-0.0024871826171875,-0.0021271705627441406,-0.0016989707946777344,-0.0014581680297851562,-0.0016679763793945312,-0.0018324851989746094,-0.0032205581665039062,-0.002765178680419922,-0.003204822540283203,-0.0029931068420410156,-0.00262451171875,-0.002223491668701172,-0.00243377685546875,-0.00255584716796875,-0.004305839538574219,-0.0037164688110351562,-0.005762577056884766,-0.004118442535400391,-0.0033979415893554688,-0.0024137496948242188,-0.003200054168701172,-0.003570556640625,-0.0047359466552734375,-0.0048885345458984375,-0.003932952880859375,-0.004378318786621094,-0.0035147666931152344,-0.002544403076171875,-0.0033674240112304688,-0.003795623779296875,-0.006627082824707031,-0.0057659149169921875,-0.006997108459472656,-0.006760597229003906,-0.004866600036621094,-0.0037822723388671875,-0.005148410797119141,-0.005633354187011719
2277.5,-0.0013170242309570312,-0.0016541481018066406,-0.0018715858459472656,-0.0015683174133300781,-0.0013790130615234375,-0.0003018379211425781,-0.0012125968933105469,-0.0012831687927246094,-0.0019025802612304688,-0.0013628005981445312,-0.0024871826171875,-0.0021271705627441406,-0.0016989707946777344,-0.0014581680297851562,-0.0016679763793945312,-0.0018324851989746094,-0.0032205581665039062,-0.002765178680419922,-0.003204822540283203,-0.0029931068420410156,-0.00262451171875,-0.002223491668701172,-0.00243377685546875,-0.00255584716796875,-0.004305839538574219,-0.0037164688110351562,-0.005762577056884766,-0.004118442535400391,-0.0033979415893554688,-0.0024137496948242188,-0.003200054168701172,-0.003570556640625,-0.0047359466552734375,-0.0048885345458984375,-0.003932952880859375,-0.004378318786621094,-0.0035147666931152344,-0.002544403076171875,-0.0033674240112304688,-0.003795623779296875,-0.006627082824707031,-0.0057659149169921875,-0.006997108459472656,-0.006760597229003906,-0.004866600036621094,-0.0037822723388671875,-0.005148410797119141,-0.005633354187011719
2278.5,-0.0013170242309570312,-0.0016541481018066406,-0.0018715858459472656,-0.0015683174133300781,-0.0013790130615234375,-0.0003018379211425781,-0.0012125968933105469,-0.0012831687927246094,-0.0019025802612304688,-0.0013628005981445312,-0.0024871826171875,-0.0021271705627441406,-0.0016989707946777344,-0.0014581680297851562,-0.0016679763793945312,-0.0018324851989746094,-0.0032205581665039062,-0.002765178680419922,-0.003204822540283203,-0.0029931068420410156,-0.00262451171875,-0.002223491668701172,-0.00243377685546875,-0.00255584716796875,-0.004305839538574219,-0.0037164688110351562,-0.005762577056884766,-0.004118442535400391,-0.0033979415893554688,-0.0024137496948242188,-0.003200054168701172,-0.003570556640625,-0.0047359466552734375,-0.0048885345458984375,-0.003932952880859375,-0.004378318786621094,-0.0035147666931152344,-0.002544403076171875,-0.0033674240112304688,-0.003795623779296875,-0.006627082824707031,-0.0057659149169921875,-0.006997108459472656,-0.006760597229003906,-0.004866600036621094,-0.0037822723388671875,-0.005148410797119141,-0.005633354187011719
2279.5,-0.0013170242309570312,-0.0016541481018066406,-0.0018715858459472656,-0.0015683174133300781,-0.0013790130615234375,-0.0003018379211425781,-0.0012125968933105469,-0.0012831687927246094,-0.0019025802612304688,-0.0013628005981445312,-0.0024871826171875,-0.0021271705627441406,-0.0016989707946777344,-0.0014581680297851562,-0.0016679763793945312,-0.0018324851989746094,-0.0032205581665039062,-0.002765178680419922,-0.003204822540283203,-0.0029931068420410156,-0.00262451171875,-0.002223491668701172,-0.00243377685546875,-0.00255584716796875,-0.004305839538574219,-0.0037164688110351562,-0.005762577056884766,-0.004118442535400391,-0.0033979415893554688,-0.0024137496948242188,-0.003200054168701172,-0.003570556640625,-0.0047359466552734375,-0.0048885345458984375,-0.003932952880859375,-0.004378318786621094,-0.0035147666931152344,-0.002544403076171875,-0.0033674240112304688,-0.003795623779296875,-0.006627082824707031,-0.0057659149169921875,-0.006997108459472656,-0.006760597229003906,-0.004866600036621094,-0.0037822723388671875,-0.005148410797119141,-0.005633354187011719
2280.5,-0.0013170242309570312,-0.0016541481018066406,-0.0018715858459472656,-0.0015683174133300781,-0.0013790130615234375,-0.0003018379211425781,-0.0012125968933105469,-0.0012831687927246094,-0.0019025802612304688,-0.0013628005981445312,-0.0024871826171875,-0.0021271705627441406,-0.0016989707946777344,-0.0014581680297851562,-0.0016679763793945312,-0.0018324851989746094,-0.0032205581665039062,-0.002765178680419922,-0.003204822540283203,-0.0029931068420410156,-0.00262451171875,-0.002223491668701172,-0.00243377685546875,-0.00255584716796875,-0.004305839538574219,-0.0037164688110351562,-0.005762577056884766,-0.004118442535400391,-0.0033979415893554688,-0.0024137496948242188,-0.003200054168701172,-0.003570556640625,-0.0047359466552734375,-0.0048885345458984375,-0.003932952880859375,-0.004378318786621094,-0.0035147666931152344,-0.002544403076171875,-0.0033674240112304688,-0.003795623779296875,-0.006627082824707031,-0.0057659149169921875,-0.006997108459472656,-0.006760597229003906,-0.004866600036621094,-0.0037822723388671875,-0.005148410797119141,-0.005633354187011719
2281.5,-0.0013170242309570312,-0.0016541481018066406,-0.0018715858459472656,-0.0015683174133300781,-0.0013790130615234375,-0.0003018379211425781,-0.0012125968933105469,-0.0012831687927246094,-0.0019025802612304688,-0.0013628005981445312,-0.0024871826171875,-0.0021271705627441406,-0.0016989707946777344,-0.0014581680297851562,-0.0016679763793945312,-0.0018324851989746094,-0.0032205581665039062,-0.002765178680419922,-0.003204822540283203,-0.0029931068420410156,-0.00262451171875,-0.002223491668701172,-0.00243377685546875,-0.00255584716796875,-0.004305839538574219,-0.0037164688110351562,-0.005762577056884766,-0.004118442535400391,-0.0033979415893554688,-0.0024137496948242188,-0.003200054168701172,-0.003570556640625,-0.0047359466552734375,-0.0048885345458984375,-0.003932952880859375,-0.004378318786621094,-0.0035147666931152344,-0.002544403076171875,-0.0033674240112304688,-0.003795623779296875,-0.006627082824707031,-0.0057659149169921875,-0.006997108459472656,-0.006760597229003906,-0.004866600036621094,-0.0037822723388671875,-0.005148410797119141,-0.005633354187011719
2282.5,-0.0013170242309570312,-0.0016541481018066406,-0.0018715858459472656,-0.0015683174133300781,-0.0013790130615234375,-0.0003018379211425781,-0.0012125968933105469,-0.0012831687927246094,-0.0019025802612304688,-0.0013628005981445312,-0.0024871826171875,-0.0021271705627441406,-0.0016989707946777344,-0.0014581680297851562,-0.0016679763793945312,-0.0018324851989746094,-0.0032205581665039062,-0.002765178680419922,-0.003204822540283203,-0.0029931068420410156,-0.00262451171875,-0.002223491668701172,-0.00243377685546875,-0.00255584716796875,-0.004305839538574219,-0.0037164688110351562,-0.005762577056884766,-0.004118442535400391,-0.0033979415893554688,-0.0024137496948242188,-0.003200054168701172,-0.003570556640625,-0.0047359466552734375,-0.0048885345458984375,-0.003932952880859375,-0.004378318786621094,-0.0035147666931152344,-0.002544403076171875,-0.0033674240112304688,-0.003795623779296875,-0.006627082824707031,-0.0057659149169921875,-0.006997108459472656,-0.006760597229003906,-0.004866600036621094,-0.0037822723388671875,-0.005148410797119141,-0.005633354187011719
2283.5,-0.0013170242309570312,-0.0016541481018066406,-0.0018715858459472656,-0.0015683174133300781,-0.0013790130615234375,-0.0003018379211425781,-0.0012125968933105469,-0.0012831687927246094,-0.0019025802612304688,-0.0013628005981445312,-0.0024871826171875,-0.0021271705627441406,-0.0016989707946777344,-0.0014581680297851562,-0.0016679763793945312,-0.0018324851989746094,-0.0032205581665039062,-0.002765178680419922,-0.003204822540283203,-0.0029931068420410156,-0.00262451171875,-0.002223491668701172,-0.00243377685546875,-0.00255584716796875,-0.004305839538574219,-0.0037164688110351562,-0.005762577056884766,-0.004118442535400391,-0.0033979415893554688,-0.0024137496948242188,-0.003200054168701172,-0.003570556640625,-0.0047359466552734375,-0.0048885345458984375,-0.003932952880859375,-0.004378318786621094,-0.0035147666931152344,-0.002544403076171875,-0.0033674240112304688,-0.003795623779296875,-0.006627082824707031,-0.0057659149169921875,-0.006997108459472656,-0.006760597229003906,-0.004866600036621094,-0.0037822723388671875,-0.005148410797119141,-0.005633354187011719
2284.5,-0.0013170242309570312,-0.0016541481018066406,-0.0018715858459472656,-0.0015683174133300781,-0.0013790130615234375,-0.0003018379211425781,-0.0012125968933105469,-0.0012831687927246094,-0.0019025802612304688,-0.0013628005981445312,-0.0024871826171875,-0.0021271705627441406,-0.0016989707946777344,-0.0014581680297851562,-0.0016679763793945312,-0.0018324851989746094,-0.0032205581665039062,-0.002765178680419922,-0.003204822540283203,-0.0029931068420410156,-0.00262451171875,-0.002223491668701172,-0.00243377685546875,-0.00255584716796875,-0.004305839538574219,-0.0037164688110351562,-0.005762577056884766,-0.004118442535400391,-0.0033979415893554688,-0.0024137496948242188,-0.003200054168701172,-0.003570556640625,-0.0047359466552734375,-0.0048885345458984375,-0.003932952880859375,-0.004378318786621094,-0.0035147666931152344,-0.002544403076171875,-0.0033674240112304688,-0.003795623779296875,-0.006627082824707031,-0.0057659149169921875,-0.006997108459472656,-0.006760597229003906,-0.004866600036621094,-0.0037822723388671875,-0.005148410797119141,-0.005633354187011719
2285.5,-0.0013170242309570312,-0.0016541481018066406,-0.0018715858459472656,-0.0015683174133300781,-0.0013790130615234375,-0.0003018379211425781,-0.0012125968933105469,-0.0012831687927246094,-0.0019025802612304688,-0.0013628005981445312,-0.0024871826171875,-0.0021271705627441406,-0.0016989707946777344,-0.0014581680297851562,-0.0016679763793945312,-0.0018324851989746094,-0.0032205581665039062,-0.002765178680419922,-0.003204822540283203,-0.0029931068420410156,-0.00262451171875,-0.002223491668701172,-0.00243377685546875,-0.00255584716796875,-0.004305839538574219,-0.0037164688110351562,-0.005762577056884766,-0.004118442535400391,-0.0033979415893554688,-0.0024137496948242188,-0.003200054168701172,-0.003570556640625,-0.0047359466552734375,-0.0048885345458984375,-0.003932952880859375,-0.004378318786621094,-0.0035147666931152344,-0.002544403076171875,-0.0033674240112304688,-0.003795623779296875,-0.006627082824707031,-0.0057659149169921875,-0.006997108459472656,-0.006760597229003906,-0.004866600036621094,-0.0037822723388671875,-0.005148410797119141,-0.005633354187011719
2286.5,-0.0013170242309570312,-0.0016541481018066406,-0.0018715858459472656,-0.0015683174133300781,-0.0013790130615234375,-0.0003018379211425781,-0.0012125968933105469,-0.0012831687927246094,-0.0019025802612304688,-0.0013628005981445312,-0.0024871826171875,-0.0021271705627441406,-0.0016989707946777344,-0.0014581680297851562,-0.0016679763793945312,-0.0018324851989746094,-0.0032205581665039062,-0.002765178680419922,-0.003204822540283203,-0.0029931068420410156,-0.00262451171875,-0.002223491668701172,-0.00243377685546875,-0.00255584716796875,-0.004305839538574219,-0.0037164688110351562,-0.005762577056884766,-0.004118442535400391,-0.0033979415893554688,-0.0024137496948242188,-0.003200054168701172,-0.003570556640625,-0.0047359466552734375,-0.0048885345458984375,-0.003932952880859375,-0.004378318786621094,-0.0035147666931152344,-0.002544403076171875,-0.0033674240112304688,-0.003795623779296875,-0.006627082824707031,-0.0057659149169921875,-0.006997108459472656,-0.006760597229003906,-0.004866600036621094,-0.0037822723388671875,-0.005148410797119141,-0.005633354187011719
2287.5,-0.0013170242309570312,-0.0016541481018066406,-0.0018715858459472656,-0.0015683174133300781,-0.0013790130615234375,-0.0003018379211425781,-0.0012125968933105469,-0.0012831687927246094,-0.0019025802612304688,-0.0013628005981445312,-0.0024871826171875,-0.0021271705627441406,-0.0016989707946777344,-0.0014581680297851562,-0.0016679763793945312,-0.0018324851989746094,-0.0032205581665039062,-0.002765178680419922,-0.003204822540283203,-0.0029931068420410156,-0.00262451171875,-0.002223491668701172,-0.00243377685546875,-0.00255584716796875,-0.004305839538574219,-0.0037164688110351562,-0.005762577056884766,-0.004118442535400391,-0.0033979415893554688,-0.0024137496948242188,-0.003200054168701172,-0.003570556640625,-0.0047359466552734375,-0.0048885345458984375,-0.003932952880859375,-0.004378318786621094,-0.0035147666931152344,-0.002544403076171875,-0.0033674240112304688,-0.003795623779296875,-0.006627082824707031,-0.0057659149169921875,-0.006997108459472656,-0.006760597229003906,-0.004866600036621094,-0.0037822723388671875,-0.005148410797119141,-0.005633354187011719
2288.5,-0.0013170242309570312,-0.0016541481018066406,-0.0018715858459472656,-0.0015683174133300781,-0.0013790130615234375,-0.0003018379211425781,-0.0012125968933105469,-0.0012831687927246094,-0.0019025802612304688,-0.0013628005981445312,-0.0024871826171875,-0.0021271705627441406,-0.0016989707946777344,-0.0014581680297851562,-0.0016679763793945312,-0.0018324851989746094,-0.0032205581665039062,-0.002765178680419922,-0.003204822540283203,-0.0029931068420410156,-0.00262451171875,-0.002223491668701172,-0.00243377685546875,-0.00255584716796875,-0.004305839538574219,-0.0037164688110351562,-0.005762577056884766,-0.004118442535400391,-0.0033979415893554688,-0.0024137496948242188,-0.003200054168701172,-0.003570556640625,-0.0047359466552734375,-0.0048885345458984375,-0.003932952880859375,-0.004378318786621094,-0.0035147666931152344,-0.002544403076171875,-0.0033674240112304688,-0.003795623779296875,-0.006627082824707031,-0.0057659149169921875,-0.006997108459472656,-0.006760597229003906,-0.004866600036621094,-0.0037822723388671875,-0.005148410797119141,-0.005633354187011719
2289.5,-0.0013170242309570312,-0.0016541481018066406,-0.0018715858459472656,-0.0015683174133300781,-0.0013790130615234375,-0.0003018379211425781,-0.0012125968933105469,-0.0012831687927246094,-0.0019025802612304688,-0.0013628005981445312,-0.0024871826171875,-0.0021271705627441406,-0.0016989707946777344,-0.0014581680297851562,-0.0016679763793945312,-0.0018324851989746094,-0.0032205581665039062,-0.002765178680419922,-0.003204822540283203,-0.0029931068420410156,-0.00262451171875,-0.002223491668701172,-0.00243377685546875,-0.00255584716796875,-0.004305839538574219,-0.0037164688110351562,-0.005762577056884766,-0.004118442535400391,-0.0033979415893554688,-0.0024137496948242188,-0.003200054168701172,-0.003570556640625,-0.0047359466552734375,-0.0048885345458984375,-0.003932952880859375,-0.004378318786621094,-0.0035147666931152344,-0.002544403076171875,-0.0033674240112304688,-0.003795623779296875,-0.006627082824707031,-0.0057659149169921875,-0.006997108459472656,-0.006760597229003906,-0.004866600036621094,-0.0037822723388671875,-0.005148410797119141,-0.005633354187011719
2290.5,-0.0013170242309570312,-0.0016541481018066406,-0.0018715858459472656,-0.0015683174133300781,-0.0013790130615234375,-0.0003018379211425781,-0.0012125968933105469,-0.0012831687927246094,-0.0019025802612304688,-0.0013628005981445312,-0.0024871826171875,-0.0021271705627441406,-0.0016989707946777344,-0.0014581680297851562,-0.0016679763793945312,-0.0018324851989746094,-0.0032205581665039062,-0.002765178680419922,-0.003204822540283203,-0.0029931068420410156,-0.00262451171875,-0.002223491668701172,-0.00243377685546875,-0.00255584716796875,-0.004305839538574219,-0.0037164688110351562,-0.005762577056884766,-0.004118442535400391,-0.0033979415893554688,-0.0024137496948242188,-0.003200054168701172,-0.003570556640625,-0.0047359466552734375,-0.0048885345458984375,-0.003932952880859375,-0.004378318786621094,-0.0035147666931152344,-0.002544403076171875,-0.0033674240112304688,-0.003795623779296875,-0.006627082824707031,-0.0057659149169921875,-0.006997108459472656,-0.006760597229003906,-0.004866600036621094,-0.0037822723388671875,-0.005148410797119141,-0.005633354187011719
2291.5,-0.0013170242309570312,-0.0016541481018066406,-0.0018715858459472656,-0.0015683174133300781,-0.0013790130615234375,-0.0003018379211425781,-0.0012125968933105469,-0.0012831687927246094,-0.0019025802612304688,-0.0013628005981445312,-0.0024871826171875,-0.0021271705627441406,-0.0016989707946777344,-0.0014581680297851562,-0.0016679763793945312,-0.0018324851989746094,-0.0032205581665039062,-0.002765178680419922,-0.003204822540283203,-0.0029931068420410156,-0.00262451171875,-0.002223491668701172,-0.00243377685546875,-0.00255584716796875,-0.004305839538574219,-0.0037164688110351562,-0.005762577056884766,-0.004118442535400391,-0.0033979415893554688,-0.0024137496948242188,-0.003200054168701172,-0.003570556640625,-0.0047359466552734375,-0.0048885345458984375,-0.003932952880859375,-0.004378318786621094,-0.0035147666931152344,-0.002544403076171875,-0.0033674240112304688,-0.003795623779296875,-0.006627082824707031,-0.0057659149169921875,-0.006997108459472656,-0.006760597229003906,-0.004866600036621094,-0.0037822723388671875,-0.005148410797119141,-0.005633354187011719
2292.5,-0.0013170242309570312,-0.0016541481018066406,-0.0018715858459472656,-0.0015683174133300781,-0.0013790130615234375,-0.0003018379211425781,-0.0012125968933105469,-0.0012831687927246094,-0.0019025802612304688,-0.0013628005981445312,-0.0024871826171875,-0.0021271705627441406,-0.0016989707946777344,-0.0014581680297851562,-0.0016679763793945312,-0.0018324851989746094,-0.0032205581665039062,-0.002765178680419922,-0.003204822540283203,-0.0029931068420410156,-0.00262451171875,-0.002223491668701172,-0.00243377685546875,-0.00255584716796875,-0.004305839538574219,-0.0037164688110351562,-0.005762577056884766,-0.004118442535400391,-0.0033979415893554688,-0.0024137496948242188,-0.003200054168701172,-0.003570556640625,-0.0047359466552734375,-0.0048885345458984375,-0.003932952880859375,-0.004378318786621094,-0.0035147666931152344,-0.002544403076171875,-0.0033674240112304688,-0.003795623779296875,-0.006627082824707031,-0.0057659149169921875,-0.006997108459472656,-0.006760597229003906,-0.004866600036621094,-0.0037822723388671875,-0.005148410797119141,-0.005633354187011719
2293.5,-0.0013170242309570312,-0.0016541481018066406,-0.0018715858459472656,-0.0015683174133300781,-0.0013790130615234375,-0.0003018379211425781,-0.0012125968933105469,-0.0012831687927246094,-0.0019025802612304688,-0.0013628005981445312,-0.0024871826171875,-0.0021271705627441406,-0.0016989707946777344,-0.0014581680297851562,-0.0016679763793945312,-0.0018324851989746094,-0.0032205581665039062,-0.002765178680419922,-0.003204822540283203,-0.0029931068420410156,-0.00262451171875,-0.002223491668701172,-0.00243377685546875,-0.00255584716796875,-0.004305839538574219,-0.0037164688110351562,-0.005762577056884766,-0.004118442535400391,-0.0033979415893554688,-0.0024137496948242188,-0.003200054168701172,-0.003570556640625,-0.0047359466552734375,-0.0048885345458984375,-0.003932952880859375,-0.004378318786621094,-0.0035147666931152344,-0.002544403076171875,-0.0033674240112304688,-0.003795623779296875,-0.006627082824707031,-0.0057659149169921875,-0.006997108459472656,-0.006760597229003906,-0.004866600036621094,-0.0037822723388671875,-0.005148410797119141,-0.005633354187011719
2294.5,-0.0013170242309570312,-0.0016541481018066406,-0.0018715858459472656,-0.0015683174133300781,-0.0013790130615234375,-0.0003018379211425781,-0.0012125968933105469,-0.0012831687927246094,-0.0019025802612304688,-0.0013628005981445312,-0.0024871826171875,-0.0021271705627441406,-0.0016989707946777344,-0.0014581680297851562,-0.0016679763793945312,-0.0018324851989746094,-0.0032205581665039062,-0.002765178680419922,-0.003204822540283203,-0.0029931068420410156,-0.00262451171875,-0.002223491668701172,-0.00243377685546875,-0.00255584716796875,-0.004305839538574219,-0.0037164688110351562,-0.005762577056884766,-0.004118442535400391,-0.0033979415893554688,-0.0024137496948242188,-0.003200054168701172,-0.003570556640625,-0.0047359466552734375,-0.0048885345458984375,-0.003932952880859375,-0.004378318786621094,-0.0035147666931152344,-0.002544403076171875,-0.0033674240112304688,-0.003795623779296875,-0.006627082824707031,-0.0057659149169921875,-0.006997108459472656,-0.006760597229003906,-0.004866600036621094,-0.0037822723388671875,-0.005148410797119141,-0.005633354187011719
2295.5,-0.0013170242309570312,-0.0016541481018066406,-0.0018715858459472656,-0.0015683174133300781,-0.0013790130615234375,-0.0003018379211425781,-0.0012125968933105469,-0.0012831687927246094,-0.0019025802612304688,-0.0013628005981445312,-0.0024871826171875,-0.0021271705627441406,-0.0016989707946777344,-0.0014581680297851562,-0.0016679763793945312,-0.0018324851989746094,-0.0032205581665039062,-0.002765178680419922,-0.003204822540283203,-0.0029931068420410156,-0.00262451171875,-0.002223491668701172,-0.00243377685546875,-0.00255584716796875,-0.004305839538574219,-0.0037164688110351562,-0.005762577056884766,-0.004118442535400391,-0.0033979415893554688,-0.0024137496948242188,-0.003200054168701172,-0.003570556640625,-0.0047359466552734375,-0.0048885345458984375,-0.003932952880859375,-0.004378318786621094,-0.0035147666931152344,-0.002544403076171875,-0.0033674240112304688,-0.003795623779296875,-0.006627082824707031,-0.0057659149169921875,-0.006997108459472656,-0.006760597229003906,-0.004866600036621094,-0.0037822723388671875,-0.005148410797119141,-0.005633354187011719
2296.5,-0.0013170242309570312,-0.0016541481018066406,-0.0018715858459472656,-0.0015683174133300781,-0.0013790130615234375,-0.0003018379211425781,-0.0012125968933105469,-0.0012831687927246094,-0.0019025802612304688,-0.0013628005981445312,-0.0024871826171875,-0.0021271705627441406,-0.0016989707946777344,-0.0014581680297851562,-0.0016679763793945312,-0.0018324851989746094,-0.0032205581665039062,-0.002765178680419922,-0.003204822540283203,-0.0029931068420410156,-0.00262451171875,-0.002223491668701172,-0.00243377685546875,-0.00255584716796875,-0.004305839538574219,-0.0037164688110351562,-0.005762577056884766,-0.004118442535400391,-0.0033979415893554688,-0.0024137496948242188,-0.003200054168701172,-0.003570556640625,-0.0047359466552734375,-0.0048885345458984375,-0.003932952880859375,-0.004378318786621094,-0.0035147666931152344,-0.002544403076171875,-0.0033674240112304688,-0.003795623779296875,-0.006627082824707031,-0.0057659149169921875,-0.006997108459472656,-0.006760597229003906,-0.004866600036621094,-0.0037822723388671875,-0.005148410797119141,-0.005633354187011719
2297.5,-0.0013170242309570312,-0.0016541481018066406,-0.0018715858459472656,-0.0015683174133300781,-0.0013790130615234375,-0.0003018379211425781,-0.0012125968933105469,-0.0012831687927246094,-0.0019025802612304688,-0.0013628005981445312,-0.0024871826171875,-0.0021271705627441406,-0.0016989707946777344,-0.0014581680297851562,-0.0016679763793945312,-0.0018324851989746094,-0.0032205581665039062,-0.002765178680419922,-0.003204822540283203,-0.0029931068420410156,-0.00262451171875,-0.002223491668701172,-0.00243377685546875,-0.00255584716796875,-0.004305839538574219,-0.0037164688110351562,-0.005762577056884766,-0.004118442535400391,-0.0033979415893554688,-0.0024137496948242188,-0.003200054168701172,-0.003570556640625,-0.0047359466552734375,-0.0048885345458984375,-0.003932952880859375,-0.004378318786621094,-0.0035147666931152344,-0.002544403076171875,-0.0033674240112304688,-0.003795623779296875,-0.006627082824707031,-0.0057659149169921875,-0.006997108459472656,-0.006760597229003906,-0.004866600036621094,-0.0037822723388671875,-0.005148410797119141,-0.005633354187011719
2298.5,-0.0013170242309570312,-0.0016541481018066406,-0.0018715858459472656,-0.0015683174133300781,-0.0013790130615234375,-0.0003018379211425781,-0.0012125968933105469,-0.0012831687927246094,-0.0019025802612304688,-0.0013628005981445312,-0.0024871826171875,-0.0021271705627441406,-0.0016989707946777344,-0.0014581680297851562,-0.0016679763793945312,-0.0018324851989746094,-0.0032205581665039062,-0.002765178680419922,-0.003204822540283203,-0.0029931068420410156,-0.00262451171875,-0.002223491668701172,-0.00243377685546875,-0.00255584716796875,-0.004305839538574219,-0.0037164688110351562,-0.005762577056884766,-0.004118442535400391,-0.0033979415893554688,-0.0024137496948242188,-0.003200054168701172,-0.003570556640625,-0.0047359466552734375,-0.0048885345458984375,-0.003932952880859375,-0.004378318786621094,-0.0035147666931152344,-0.002544403076171875,-0.0033674240112304688,-0.003795623779296875,-0.006627082824707031,-0.0057659149169921875,-0.006997108459472656,-0.006760597229003906,-0.004866600036621094,-0.0037822723388671875,-0.005148410797119141,-0.005633354187011719
2299.5,-0.0013170242309570312,-0.0016541481018066406,-0.0018715858459472656,-0.0015683174133300781,-0.0013790130615234375,-0.0003018379211425781,-0.0012125968933105469,-0.0012831687927246094,-0.0019025802612304688,-0.0013628005981445312,-0.0024871826171875,-0.0021271705627441406,-0.0016989707946777344,-0.0014581680297851562,-0.0016679763793945312,-0.0018324851989746094,-0.0032205581665039062,-0.002765178680419922,-0.003204822540283203,-0.0029931068420410156,-0.00262451171875,-0.002223491668701172,-0.00243377685546875,-0.00255584716796875,-0.004305839538574219,-0.0037164688110351562,-0.005762577056884766,-0.004118442535400391,-0.0033979415893554688,-0.0024137496948242188,-0.003200054168701172,-0.003570556640625,-0.0047359466552734375,-0.0048885345458984375,-0.003932952880859375,-0.004378318786621094,-0.0035147666931152344,-0.002544403076171875,-0.0033674240112304688,-0.003795623779296875,-0.006627082824707031,-0.0057659149169921875,-0.006997108459472656,-0.006760597229003906,-0.004866600036621094,-0.0037822723388671875,-0.005148410797119141,-0.005633354187011719
2300.5,-0.0013170242309570312,-0.0016541481018066406,-0.0018715858459472656,-0.0015683174133300781,-0.0013790130615234375,-0.0003018379211425781,-0.0012125968933105469,-0.0012831687927246094,-0.0019025802612304688,-0.0013628005981445312,-0.0024871826171875,-0.0021271705627441406,-0.0016989707946777344,-0.0014581680297851562,-0.0016679763793945312,-0.0018324851989746094,-0.0032205581665039062,-0.002765178680419922,-0.003204822540283203,-0.0029931068420410156,-0.00262451171875,-0.002223491668701172,-0.00243377685546875,-0.00255584716796875,-0.004305839538574219,-0.0037164688110351562,-0.005762577056884766,-0.004118442535400391,-0.0033979415893554688,-0.0024137496948242188,-0.003200054168701172,-0.003570556640625,-0.0047359466552734375,-0.0048885345458984375,-0.003932952880859375,-0.004378318786621094,-0.0035147666931152344,-0.002544403076171875,-0.0033674240112304688,-0.003795623779296875,-0.006627082824707031,-0.0057659149169921875,-0.006997108459472656,-0.006760597229003906,-0.004866600036621094,-0.0037822723388671875,-0.005148410797119141,-0.005633354187011719
