time,ssp119 - sce1,ssp126 - sce1,ssp534 - sce1,ssp434 - sce1,ssp245 - sce1,ssp460 - sce1,ssp370 - sce1,ssp585 - sce1,ssp119 - sce2,ssp126 - sce2,ssp534 - sce2,ssp434 - sce2,ssp245 - sce2,ssp460 - sce2,ssp370 - sce2,ssp585 - sce2,ssp119 - sce3,ssp126 - sce3,ssp534 - sce3,ssp434 - sce3,ssp245 - sce3,ssp460 - sce3,ssp370 - sce3,ssp585 - sce3,ssp119 - sce4,ssp126 - sce4,ssp534 - sce4,ssp434 - sce4,ssp245 - sce4,ssp460 - sce4,ssp370 - sce4,ssp585 - sce4,ssp119 - sce5,ssp126 - sce5,ssp534 - sce5,ssp434 - sce5,ssp245 - sce5,ssp460 - sce5,ssp370 - sce5,ssp585 - sce5,ssp119 - sce6,ssp126 - sce6,ssp534 - sce6,ssp434 - sce6,ssp245 - sce6,ssp460 - sce6,ssp370 - sce6,ssp585 - sce6
2015.5,-0.000863879919052124,-0.001071333885192871,-0.001277625560760498,-0.0010449886322021484,-0.0009010434150695801,-0.00022590160369873047,-0.0008387565612792969,-0.0009168386459350586,-0.00117570161819458,-0.000946342945098877,-0.0016710162162780762,-0.001367807388305664,-0.0011215806007385254,-0.0009691715240478516,-0.0011661052703857422,-0.0013114213943481445,-0.0020027458667755127,-0.0017101764678955078,-0.0021155476570129395,-0.0019033551216125488,-0.0016919970512390137,-0.0014641284942626953,-0.0017021894454956055,-0.0018315315246582031,-0.002635747194290161,-0.0024727582931518555,-0.003654003143310547,-0.0026136040687561035,-0.002219259738922119,-0.0016169548034667969,-0.002237677574157715,-0.002556443214416504,-0.0029482245445251465,-0.0031255483627319336,-0.0025637149810791016,-0.0027652978897094727,-0.002291560173034668,-0.001709580421447754,-0.002351045608520508,-0.0027142763137817383,-0.004152864217758179,-0.0036208629608154297,-0.0045160651206970215,-0.0043343305587768555,-0.0032051801681518555,-0.0025200843811035156,-0.0035976171493530273,-0.004049181938171387
2016.5,-0.000863879919052124,-0.001071333885192871,-0.001277625560760498,-0.0010449886322021484,-0.0009010434150695801,-0.00022590160369873047,-0.0008387565612792969,-0.0009168386459350586,-0.00117570161819458,-0.000946342945098877,-0.0016710162162780762,-0.001367807388305664,-0.0011215806007385254,-0.0009691715240478516,-0.0011661052703857422,-0.0013114213943481445,-0.0020027458667755127,-0.0017101764678955078,-0.0021155476570129395,-0.0019033551216125488,-0.0016919970512390137,-0.0014641284942626953,-0.0017021894454956055,-0.0018315315246582031,-0.002635747194290161,-0.0024727582931518555,-0.003654003143310547,-0.0026136040687561035,-0.002219259738922119,-0.0016169548034667969,-0.002237677574157715,-0.002556443214416504,-0.0029482245445251465,-0.0031255483627319336,-0.0025637149810791016,-0.0027652978897094727,-0.002291560173034668,-0.001709580421447754,-0.002351045608520508,-0.0027142763137817383,-0.004152864217758179,-0.0036208629608154297,-0.0045160651206970215,-0.0043343305587768555,-0.0032051801681518555,-0.0025200843811035156,-0.0035976171493530273,-0.004049181938171387
2017.5,-0.000863879919052124,-0.001071333885192871,-0.001277625560760498,-0.0010449886322021484,-0.0009010434150695801,-0.00022590160369873047,-0.0008387565612792969,-0.0009168386459350586,-0.00117570161819458,-0.000946342945098877,-0.0016710162162780762,-0.001367807388305664,-0.0011215806007385254,-0.0009691715240478516,-0.0011661052703857422,-0.0013114213943481445,-0.0020027458667755127,-0.0017101764678955078,-0.0021155476570129395,-0.0019033551216125488,-0.0016919970512390137,-0.0014641284942626953,-0.0017021894454956055,-0.0018315315246582031,-0.002635747194290161,-0.0024727582931518555,-0.003654003143310547,-0.0026136040687561035,-0.002219259738922119,-0.0016169548034667969,-0.002237677574157715,-0.002556443214416504,-0.0029482245445251465,-0.0031255483627319336,-0.0025637149810791016,-0.0027652978897094727,-0.002291560173034668,-0.001709580421447754,-0.002351045608520508,-0.0027142763137817383,-0.004152864217758179,-0.0036208629608154297,-0.0045160651206970215,-0.0043343305587768555,-0.0032051801681518555,-0.0025200843811035156,-0.0035976171493530273,-0.004049181938171387
2018.5,-0.000863879919052124,-0.001071333885192871,-0.001277625560760498,-0.0010449886322021484,-0.0009010434150695801,-0.00022590160369873047,-0.0008387565612792969,-0.0009168386459350586,-0.00117570161819458,-0.000946342945098877,-0.0016710162162780762,-0.001367807388305664,-0.0011215806007385254,-0.0009691715240478516,-0.0011661052703857422,-0.0013114213943481445,-0.0020027458667755127,-0.0017101764678955078,-0.0021155476570129395,-0.0019033551216125488,-0.0016919970512390137,-0.0014641284942626953,-0.0017021894454956055,-0.0018315315246582031,-0.002635747194290161,-0.0024727582931518555,-0.003654003143310547,-0.0026136040687561035,-0.002219259738922119,-0.0016169548034667969,-0.002237677574157715,-0.002556443214416504,-0.0029482245445251465,-0.0031255483627319336,-0.0025637149810791016,-0.0027652978897094727,-0.002291560173034668,-0.001709580421447754,-0.002351045608520508,-0.0027142763137817383,-0.004152864217758179,-0.0036208629608154297,-0.0045160651206970215,-0.0043343305587768555,-0.0032051801681518555,-0.0025200843811035156,-0.0035976171493530273,-0.004049181938171387
2019.5,-0.000863879919052124,-0.001071333885192871,-0.001277625560760498,-0.0010449886322021484,-0.0009010434150695801,-0.00022590160369873047,-0.0008387565612792969,-0.0009168386459350586,-0.00117570161819458,-0.000946342945098877,-0.0016710162162780762,-0.001367807388305664,-0.0011215806007385254,-0.0009691715240478516,-0.0011661052703857422,-0.0013114213943481445,-0.0020027458667755127,-0.0017101764678955078,-0.0021155476570129395,-0.0019033551216125488,-0.0016919970512390137,-0.0014641284942626953,-0.0017021894454956055,-0.0018315315246582031,-0.002635747194290161,-0.0024727582931518555,-0.003654003143310547,-0.0026136040687561035,-0.002219259738922119,-0.0016169548034667969,-0.002237677574157715,-0.002556443214416504,-0.0029482245445251465,-0.0031255483627319336,-0.0025637149810791016,-0.0027652978897094727,-0.002291560173034668,-0.001709580421447754,-0.002351045608520508,-0.0027142763137817383,-0.004152864217758179,-0.0036208629608154297,-0.0045160651206970215,-0.0043343305587768555,-0.0032051801681518555,-0.0025200843811035156,-0.0035976171493530273,-0.004049181938171387
2020.5,-0.000863879919052124,-0.001071333885192871,-0.001277625560760498,-0.0010449886322021484,-0.0009010434150695801,-0.00022590160369873047,-0.0008387565612792969,-0.0009168386459350586,-0.00117570161819458,-0.000946342945098877,-0.0016710162162780762,-0.001367807388305664,-0.0011215806007385254,-0.0009691715240478516,-0.0011661052703857422,-0.0013114213943481445,-0.0020027458667755127,-0.0017101764678955078,-0.0021155476570129395,-0.0019033551216125488,-0.0016919970512390137,-0.0014641284942626953,-0.0017021894454956055,-0.0018315315246582031,-0.002635747194290161,-0.0024727582931518555,-0.003654003143310547,-0.0026136040687561035,-0.002219259738922119,-0.0016169548034667969,-0.002237677574157715,-0.002556443214416504,-0.0029482245445251465,-0.0031255483627319336,-0.0025637149810791016,-0.0027652978897094727,-0.002291560173034668,-0.001709580421447754,-0.002351045608520508,-0.0027142763137817383,-0.004152864217758179,-0.0036208629608154297,-0.0045160651206970215,-0.0043343305587768555,-0.0032051801681518555,-0.0025200843811035156,-0.0035976171493530273,-0.004049181938171387
2021.5,-0.000863879919052124,-0.001071333885192871,-0.001277625560760498,-0.0010449886322021484,-0.0009010434150695801,-0.00022590160369873047,-0.0008387565612792969,-0.0009168386459350586,-0.00117570161819458,-0.000946342945098877,-0.0016710162162780762,-0.001367807388305664,-0.0011215806007385254,-0.0009691715240478516,-0.0011661052703857422,-0.0013114213943481445,-0.0020027458667755127,-0.0017101764678955078,-0.0021155476570129395,-0.0019033551216125488,-0.0016919970512390137,-0.0014641284942626953,-0.0017021894454956055,-0.0018315315246582031,-0.002635747194290161,-0.0024727582931518555,-0.003654003143310547,-0.0026136040687561035,-0.002219259738922119,-0.0016169548034667969,-0.002237677574157715,-0.002556443214416504,-0.0029482245445251465,-0.0031255483627319336,-0.0025637149810791016,-0.0027652978897094727,-0.002291560173034668,-0.001709580421447754,-0.002351045608520508,-0.0027142763137817383,-0.004152864217758179,-0.0036208629608154297,-0.0045160651206970215,-0.0043343305587768555,-0.0032051801681518555,-0.0025200843811035156,-0.0035976171493530273,-0.004049181938171387
2022.5,-0.000863879919052124,-0.001071333885192871,-0.001277625560760498,-0.0010449886322021484,-0.0009010434150695801,-0.00022590160369873047,-0.0008387565612792969,-0.0009168386459350586,-0.00117570161819458,-0.000946342945098877,-0.0016710162162780762,-0.001367807388305664,-0.0011215806007385254,-0.0009691715240478516,-0.0011661052703857422,-0.0013114213943481445,-0.0020027458667755127,-0.0017101764678955078,-0.0021155476570129395,-0.0019033551216125488,-0.0016919970512390137,-0.0014641284942626953,-0.0017021894454956055,-0.0018315315246582031,-0.002635747194290161,-0.0024727582931518555,-0.003654003143310547,-0.0026136040687561035,-0.002219259738922119,-0.0016169548034667969,-0.002237677574157715,-0.002556443214416504,-0.0029482245445251465,-0.0031255483627319336,-0.0025637149810791016,-0.0027652978897094727,-0.002291560173034668,-0.001709580421447754,-0.002351045608520508,-0.0027142763137817383,-0.004152864217758179,-0.0036208629608154297,-0.0045160651206970215,-0.0043343305587768555,-0.0032051801681518555,-0.0025200843811035156,-0.0035976171493530273,-0.004049181938171387
2023.5,-0.000863879919052124,-0.001071333885192871,-0.001277625560760498,-0.0010449886322021484,-0.0009010434150695801,-0.00022590160369873047,-0.0008387565612792969,-0.0009168386459350586,-0.00117570161819458,-0.000946342945098877,-0.0016710162162780762,-0.001367807388305664,-0.0011215806007385254,-0.0009691715240478516,-0.0011661052703857422,-0.0013114213943481445,-0.0020027458667755127,-0.0017101764678955078,-0.0021155476570129395,-0.0019033551216125488,-0.0016919970512390137,-0.0014641284942626953,-0.0017021894454956055,-0.0018315315246582031,-0.002635747194290161,-0.0024727582931518555,-0.003654003143310547,-0.0026136040687561035,-0.002219259738922119,-0.0016169548034667969,-0.002237677574157715,-0.002556443214416504,-0.0029482245445251465,-0.0031255483627319336,-0.0025637149810791016,-0.0027652978897094727,-0.002291560173034668,-0.001709580421447754,-0.002351045608520508,-0.0027142763137817383,-0.004152864217758179,-0.0036208629608154297,-0.0045160651206970215,-0.0043343305587768555,-0.0032051801681518555,-0.0025200843811035156,-0.0035976171493530273,-0.004049181938171387
2024.5,-0.000863879919052124,-0.001071333885192871,-0.001277625560760498,-0.0010449886322021484,-0.0009010434150695801,-0.00022590160369873047,-0.0008387565612792969,-0.0009168386459350586,-0.00117570161819458,-0.000946342945098877,-0.0016710162162780762,-0.001367807388305664,-0.0011215806007385254,-0.0009691715240478516,-0.0011661052703857422,-0.0013114213943481445,-0.0020027458667755127,-0.0017101764678955078,-0.0021155476570129395,-0.0019033551216125488,-0.0016919970512390137,-0.0014641284942626953,-0.0017021894454956055,-0.0018315315246582031,-0.002635747194290161,-0.0024727582931518555,-0.003654003143310547,-0.0026136040687561035,-0.002219259738922119,-0.0016169548034667969,-0.002237677574157715,-0.002556443214416504,-0.0029482245445251465,-0.0031255483627319336,-0.0025637149810791016,-0.0027652978897094727,-0.002291560173034668,-0.001709580421447754,-0.002351045608520508,-0.0027142763137817383,-0.004152864217758179,-0.0036208629608154297,-0.0045160651206970215,-0.0043343305587768555,-0.0032051801681518555,-0.0025200843811035156,-0.0035976171493530273,-0.004049181938171387
2025.5,-0.000863879919052124,-0.001071333885192871,-0.001277625560760498,-0.0010449886322021484,-0.0009010434150695801,-0.00022590160369873047,-0.0008387565612792969,-0.0009168386459350586,-0.00117570161819458,-0.000946342945098877,-0.0016710162162780762,-0.001367807388305664,-0.0011215806007385254,-0.0009691715240478516,-0.0011661052703857422,-0.0013114213943481445,-0.0020027458667755127,-0.0017101764678955078,-0.0021155476570129395,-0.0019033551216125488,-0.0016919970512390137,-0.0014641284942626953,-0.0017021894454956055,-0.0018315315246582031,-0.002635747194290161,-0.0024727582931518555,-0.003654003143310547,-0.0026136040687561035,-0.002219259738922119,-0.0016169548034667969,-0.002237677574157715,-0.002556443214416504,-0.0029482245445251465,-0.0031255483627319336,-0.0025637149810791016,-0.0027652978897094727,-0.002291560173034668,-0.001709580421447754,-0.002351045608520508,-0.0027142763137817383,-0.004152864217758179,-0.0036208629608154297,-0.0045160651206970215,-0.0043343305587768555,-0.0032051801681518555,-0.0025200843811035156,-0.0035976171493530273,-0.004049181938171387
2026.5,-0.000863879919052124,-0.001071333885192871,-0.001277625560760498,-0.0010449886322021484,-0.0009010434150695801,-0.00022590160369873047,-0.0008387565612792969,-0.0009168386459350586,-0.00117570161819458,-0.000946342945098877,-0.0016710162162780762,-0.001367807388305664,-0.0011215806007385254,-0.0009691715240478516,-0.0011661052703857422,-0.0013114213943481445,-0.0020027458667755127,-0.0017101764678955078,-0.0021155476570129395,-0.0019033551216125488,-0.0016919970512390137,-0.0014641284942626953,-0.0017021894454956055,-0.0018315315246582031,-0.002635747194290161,-0.0024727582931518555,-0.003654003143310547,-0.0026136040687561035,-0.002219259738922119,-0.0016169548034667969,-0.002237677574157715,-0.002556443214416504,-0.0029482245445251465,-0.0031255483627319336,-0.0025637149810791016,-0.0027652978897094727,-0.002291560173034668,-0.001709580421447754,-0.002351045608520508,-0.0027142763137817383,-0.004152864217758179,-0.0036208629608154297,-0.0045160651206970215,-0.0043343305587768555,-0.0032051801681518555,-0.0025200843811035156,-0.0035976171493530273,-0.004049181938171387
2027.5,-0.000863879919052124,-0.001071333885192871,-0.001277625560760498,-0.0010449886322021484,-0.0009010434150695801,-0.00022590160369873047,-0.0008387565612792969,-0.0009168386459350586,-0.00117570161819458,-0.000946342945098877,-0.0016710162162780762,-0.001367807388305664,-0.0011215806007385254,-0.0009691715240478516,-0.0011661052703857422,-0.0013114213943481445,-0.0020027458667755127,-0.0017101764678955078,-0.0021155476570129395,-0.0019033551216125488,-0.0016919970512390137,-0.0014641284942626953,-0.0017021894454956055,-0.0018315315246582031,-0.002635747194290161,-0.0024727582931518555,-0.003654003143310547,-0.0026136040687561035,-0.002219259738922119,-0.0016169548034667969,-0.002237677574157715,-0.002556443214416504,-0.0029482245445251465,-0.0031255483627319336,-0.0025637149810791016,-0.0027652978897094727,-0.002291560173034668,-0.001709580421447754,-0.002351045608520508,-0.0027142763137817383,-0.004152864217758179,-0.0036208629608154297,-0.0045160651206970215,-0.0043343305587768555,-0.0032051801681518555,-0.0025200843811035156,-0.0035976171493530273,-0.004049181938171387
2028.5,-0.000863879919052124,-0.001071333885192871,-0.001277625560760498,-0.0010449886322021484,-0.0009010434150695801,-0.00022590160369873047,-0.0008387565612792969,-0.0009168386459350586,-0.00117570161819458,-0.000946342945098877,-0.0016710162162780762,-0.001367807388305664,-0.0011215806007385254,-0.0009691715240478516,-0.0011661052703857422,-0.0013114213943481445,-0.0020027458667755127,-0.0017101764678955078,-0.0021155476570129395,-0.0019033551216125488,-0.0016919970512390137,-0.0014641284942626953,-0.0017021894454956055,-0.0018315315246582031,-0.002635747194290161,-0.0024727582931518555,-0.003654003143310547,-0.0026136040687561035,-0.002219259738922119,-0.0016169548034667969,-0.002237677574157715,-0.002556443214416504,-0.0029482245445251465,-0.0031255483627319336,-0.0025637149810791016,-0.0027652978897094727,-0.002291560173034668,-0.001709580421447754,-0.002351045608520508,-0.0027142763137817383,-0.004152864217758179,-0.0036208629608154297,-0.0045160651206970215,-0.0043343305587768555,-0.0032051801681518555,-0.0025200843811035156,-0.0035976171493530273,-0.004049181938171387
2029.5,-0.000863879919052124,-0.001071333885192871,-0.001277625560760498,-0.0010449886322021484,-0.0009010434150695801,-0.00022590160369873047,-0.0008387565612792969,-0.0009168386459350586,-0.00117570161819458,-0.000946342945098877,-0.0016710162162780762,-0.001367807388305664,-0.0011215806007385254,-0.0009691715240478516,-0.0011661052703857422,-0.0013114213943481445,-0.0020027458667755127,-0.0017101764678955078,-0.0021155476570129395,-0.0019033551216125488,-0.0016919970512390137,-0.0014641284942626953,-0.0017021894454956055,-0.0018315315246582031,-0.002635747194290161,-0.0024727582931518555,-0.003654003143310547,-0.0026136040687561035,-0.002219259738922119,-0.0016169548034667969,-0.002237677574157715,-0.002556443214416504,-0.0029482245445251465,-0.0031255483627319336,-0.0025637149810791016,-0.0027652978897094727,-0.002291560173034668,-0.001709580421447754,-0.002351045608520508,-0.0027142763137817383,-0.004152864217758179,-0.0036208629608154297,-0.0045160651206970215,-0.0043343305587768555,-0.0032051801681518555,-0.0025200843811035156,-0.0035976171493530273,-0.004049181938171387
2030.5,-0.000863879919052124,-0.001071333885192871,-0.001277625560760498,-0.0010449886322021484,-0.0009010434150695801,-0.00022590160369873047,-0.0008387565612792969,-0.0009168386459350586,-0.00117570161819458,-0.000946342945098877,-0.0016710162162780762,-0.001367807388305664,-0.0011215806007385254,-0.0009691715240478516,-0.0011661052703857422,-0.0013114213943481445,-0.0020027458667755127,-0.0017101764678955078,-0.0021155476570129395,-0.0019033551216125488,-0.0016919970512390137,-0.0014641284942626953,-0.0017021894454956055,-0.0018315315246582031,-0.002635747194290161,-0.0024727582931518555,-0.003654003143310547,-0.0026136040687561035,-0.002219259738922119,-0.0016169548034667969,-0.002237677574157715,-0.002556443214416504,-0.0029482245445251465,-0.0031255483627319336,-0.0025637149810791016,-0.0027652978897094727,-0.002291560173034668,-0.001709580421447754,-0.002351045608520508,-0.0027142763137817383,-0.004152864217758179,-0.0036208629608154297,-0.0045160651206970215,-0.0043343305587768555,-0.0032051801681518555,-0.0025200843811035156,-0.0035976171493530273,-0.004049181938171387
2031.5,-0.000863879919052124,-0.001071333885192871,-0.001277625560760498,-0.0010449886322021484,-0.0009010434150695801,-0.00022590160369873047,-0.0008387565612792969,-0.0009168386459350586,-0.00117570161819458,-0.000946342945098877,-0.0016710162162780762,-0.001367807388305664,-0.0011215806007385254,-0.0009691715240478516,-0.0011661052703857422,-0.0013114213943481445,-0.0020027458667755127,-0.0017101764678955078,-0.0021155476570129395,-0.0019033551216125488,-0.0016919970512390137,-0.0014641284942626953,-0.0017021894454956055,-0.0018315315246582031,-0.002635747194290161,-0.0024727582931518555,-0.003654003143310547,-0.0026136040687561035,-0.002219259738922119,-0.0016169548034667969,-0.002237677574157715,-0.002556443214416504,-0.0029482245445251465,-0.0031255483627319336,-0.0025637149810791016,-0.0027652978897094727,-0.002291560173034668,-0.001709580421447754,-0.002351045608520508,-0.0027142763137817383,-0.004152864217758179,-0.0036208629608154297,-0.0045160651206970215,-0.0043343305587768555,-0.0032051801681518555,-0.0025200843811035156,-0.0035976171493530273,-0.004049181938171387
2032.5,-0.000863879919052124,-0.001071333885192871,-0.001277625560760498,-0.0010449886322021484,-0.0009010434150695801,-0.00022590160369873047,-0.0008387565612792969,-0.0009168386459350586,-0.00117570161819458,-0.000946342945098877,-0.0016710162162780762,-0.001367807388305664,-0.0011215806007385254,-0.0009691715240478516,-0.0011661052703857422,-0.0013114213943481445,-0.0020027458667755127,-0.0017101764678955078,-0.0021155476570129395,-0.0019033551216125488,-0.0016919970512390137,-0.0014641284942626953,-0.0017021894454956055,-0.0018315315246582031,-0.002635747194290161,-0.0024727582931518555,-0.003654003143310547,-0.0026136040687561035,-0.002219259738922119,-0.0016169548034667969,-0.002237677574157715,-0.002556443214416504,-0.0029482245445251465,-0.0031255483627319336,-0.0025637149810791016,-0.0027652978897094727,-0.002291560173034668,-0.001709580421447754,-0.002351045608520508,-0.0027142763137817383,-0.004152864217758179,-0.0036208629608154297,-0.0045160651206970215,-0.0043343305587768555,-0.0032051801681518555,-0.0025200843811035156,-0.0035976171493530273,-0.004049181938171387
2033.5,-0.000863879919052124,-0.001071333885192871,-0.001277625560760498,-0.0010449886322021484,-0.0009010434150695801,-0.00022590160369873047,-0.0008387565612792969,-0.0009168386459350586,-0.00117570161819458,-0.000946342945098877,-0.0016710162162780762,-0.001367807388305664,-0.0011215806007385254,-0.0009691715240478516,-0.0011661052703857422,-0.0013114213943481445,-0.0020027458667755127,-0.0017101764678955078,-0.0021155476570129395,-0.0019033551216125488,-0.0016919970512390137,-0.0014641284942626953,-0.0017021894454956055,-0.0018315315246582031,-0.002635747194290161,-0.0024727582931518555,-0.003654003143310547,-0.0026136040687561035,-0.002219259738922119,-0.0016169548034667969,-0.002237677574157715,-0.002556443214416504,-0.0029482245445251465,-0.0031255483627319336,-0.0025637149810791016,-0.0027652978897094727,-0.002291560173034668,-0.001709580421447754,-0.002351045608520508,-0.0027142763137817383,-0.004152864217758179,-0.0036208629608154297,-0.0045160651206970215,-0.0043343305587768555,-0.0032051801681518555,-0.0025200843811035156,-0.0035976171493530273,-0.004049181938171387
2034.5,-0.000863879919052124,-0.001071333885192871,-0.001277625560760498,-0.0010449886322021484,-0.0009010434150695801,-0.00022590160369873047,-0.0008387565612792969,-0.0009168386459350586,-0.00117570161819458,-0.000946342945098877,-0.0016710162162780762,-0.001367807388305664,-0.0011215806007385254,-0.0009691715240478516,-0.0011661052703857422,-0.0013114213943481445,-0.0020027458667755127,-0.0017101764678955078,-0.0021155476570129395,-0.0019033551216125488,-0.0016919970512390137,-0.0014641284942626953,-0.0017021894454956055,-0.0018315315246582031,-0.002635747194290161,-0.0024727582931518555,-0.003654003143310547,-0.0026136040687561035,-0.002219259738922119,-0.0016169548034667969,-0.002237677574157715,-0.002556443214416504,-0.0029482245445251465,-0.0031255483627319336,-0.0025637149810791016,-0.0027652978897094727,-0.002291560173034668,-0.001709580421447754,-0.002351045608520508,-0.0027142763137817383,-0.004152864217758179,-0.0036208629608154297,-0.0045160651206970215,-0.0043343305587768555,-0.0032051801681518555,-0.0025200843811035156,-0.0035976171493530273,-0.004049181938171387
2035.5,-0.000863879919052124,-0.001071333885192871,-0.001277625560760498,-0.0010449886322021484,-0.0009010434150695801,-0.00022590160369873047,-0.0008387565612792969,-0.0009168386459350586,-0.00117570161819458,-0.000946342945098877,-0.0016710162162780762,-0.001367807388305664,-0.0011215806007385254,-0.0009691715240478516,-0.0011661052703857422,-0.0013114213943481445,-0.0020027458667755127,-0.0017101764678955078,-0.0021155476570129395,-0.0019033551216125488,-0.0016919970512390137,-0.0014641284942626953,-0.0017021894454956055,-0.0018315315246582031,-0.002635747194290161,-0.0024727582931518555,-0.003654003143310547,-0.0026136040687561035,-0.002219259738922119,-0.0016169548034667969,-0.002237677574157715,-0.002556443214416504,-0.0029482245445251465,-0.0031255483627319336,-0.0025637149810791016,-0.0027652978897094727,-0.002291560173034668,-0.001709580421447754,-0.002351045608520508,-0.0027142763137817383,-0.004152864217758179,-0.0036208629608154297,-0.0045160651206970215,-0.0043343305587768555,-0.0032051801681518555,-0.0025200843811035156,-0.0035976171493530273,-0.004049181938171387
2036.5,-0.000863879919052124,-0.001071333885192871,-0.001277625560760498,-0.0010449886322021484,-0.0009010434150695801,-0.00022590160369873047,-0.0008387565612792969,-0.0009168386459350586,-0.00117570161819458,-0.000946342945098877,-0.0016710162162780762,-0.001367807388305664,-0.0011215806007385254,-0.0009691715240478516,-0.0011661052703857422,-0.0013114213943481445,-0.0020027458667755127,-0.0017101764678955078,-0.0021155476570129395,-0.0019033551216125488,-0.0016919970512390137,-0.0014641284942626953,-0.0017021894454956055,-0.0018315315246582031,-0.002635747194290161,-0.0024727582931518555,-0.003654003143310547,-0.0026136040687561035,-0.002219259738922119,-0.0016169548034667969,-0.002237677574157715,-0.002556443214416504,-0.0029482245445251465,-0.0031255483627319336,-0.0025637149810791016,-0.0027652978897094727,-0.002291560173034668,-0.001709580421447754,-0.002351045608520508,-0.0027142763137817383,-0.004152864217758179,-0.0036208629608154297,-0.0045160651206970215,-0.0043343305587768555,-0.0032051801681518555,-0.0025200843811035156,-0.0035976171493530273,-0.004049181938171387
2037.5,-0.000863879919052124,-0.001071333885192871,-0.001277625560760498,-0.0010449886322021484,-0.0009010434150695801,-0.00022590160369873047,-0.0008387565612792969,-0.0009168386459350586,-0.00117570161819458,-0.000946342945098877,-0.0016710162162780762,-0.001367807388305664,-0.0011215806007385254,-0.0009691715240478516,-0.0011661052703857422,-0.0013114213943481445,-0.0020027458667755127,-0.0017101764678955078,-0.0021155476570129395,-0.0019033551216125488,-0.0016919970512390137,-0.0014641284942626953,-0.0017021894454956055,-0.0018315315246582031,-0.002635747194290161,-0.0024727582931518555,-0.003654003143310547,-0.0026136040687561035,-0.002219259738922119,-0.0016169548034667969,-0.002237677574157715,-0.002556443214416504,-0.0029482245445251465,-0.0031255483627319336,-0.0025637149810791016,-0.0027652978897094727,-0.002291560173034668,-0.001709580421447754,-0.002351045608520508,-0.0027142763137817383,-0.004152864217758179,-0.0036208629608154297,-0.0045160651206970215,-0.0043343305587768555,-0.0032051801681518555,-0.0025200843811035156,-0.0035976171493530273,-0.004049181938171387
2038.5,-0.000863879919052124,-0.001071333885192871,-0.001277625560760498,-0.0010449886322021484,-0.0009010434150695801,-0.00022590160369873047,-0.0008387565612792969,-0.0009168386459350586,-0.00117570161819458,-0.000946342945098877,-0.0016710162162780762,-0.001367807388305664,-0.0011215806007385254,-0.0009691715240478516,-0.0011661052703857422,-0.0013114213943481445,-0.0020027458667755127,-0.0017101764678955078,-0.0021155476570129395,-0.0019033551216125488,-0.0016919970512390137,-0.0014641284942626953,-0.0017021894454956055,-0.0018315315246582031,-0.002635747194290161,-0.0024727582931518555,-0.003654003143310547,-0.0026136040687561035,-0.002219259738922119,-0.0016169548034667969,-0.002237677574157715,-0.002556443214416504,-0.0029482245445251465,-0.0031255483627319336,-0.0025637149810791016,-0.0027652978897094727,-0.002291560173034668,-0.001709580421447754,-0.002351045608520508,-0.0027142763137817383,-0.004152864217758179,-0.0036208629608154297,-0.0045160651206970215,-0.0043343305587768555,-0.0032051801681518555,-0.0025200843811035156,-0.0035976171493530273,-0.004049181938171387
2039.5,-0.000863879919052124,-0.001071333885192871,-0.001277625560760498,-0.0010449886322021484,-0.0009010434150695801,-0.00022590160369873047,-0.0008387565612792969,-0.0009168386459350586,-0.00117570161819458,-0.000946342945098877,-0.0016710162162780762,-0.001367807388305664,-0.0011215806007385254,-0.0009691715240478516,-0.0011661052703857422,-0.0013114213943481445,-0.0020027458667755127,-0.0017101764678955078,-0.0021155476570129395,-0.0019033551216125488,-0.0016919970512390137,-0.0014641284942626953,-0.0017021894454956055,-0.0018315315246582031,-0.002635747194290161,-0.0024727582931518555,-0.003654003143310547,-0.0026136040687561035,-0.002219259738922119,-0.0016169548034667969,-0.002237677574157715,-0.002556443214416504,-0.0029482245445251465,-0.0031255483627319336,-0.0025637149810791016,-0.0027652978897094727,-0.002291560173034668,-0.001709580421447754,-0.002351045608520508,-0.0027142763137817383,-0.004152864217758179,-0.0036208629608154297,-0.0045160651206970215,-0.0043343305587768555,-0.0032051801681518555,-0.0025200843811035156,-0.0035976171493530273,-0.004049181938171387
2040.5,-0.000863879919052124,-0.001071333885192871,-0.001277625560760498,-0.0010449886322021484,-0.0009010434150695801,-0.00022590160369873047,-0.0008387565612792969,-0.0009168386459350586,-0.00117570161819458,-0.000946342945098877,-0.0016710162162780762,-0.001367807388305664,-0.0011215806007385254,-0.0009691715240478516,-0.0011661052703857422,-0.0013114213943481445,-0.0020027458667755127,-0.0017101764678955078,-0.0021155476570129395,-0.0019033551216125488,-0.0016919970512390137,-0.0014641284942626953,-0.0017021894454956055,-0.0018315315246582031,-0.002635747194290161,-0.0024727582931518555,-0.003654003143310547,-0.0026136040687561035,-0.002219259738922119,-0.0016169548034667969,-0.002237677574157715,-0.002556443214416504,-0.0029482245445251465,-0.0031255483627319336,-0.0025637149810791016,-0.0027652978897094727,-0.002291560173034668,-0.001709580421447754,-0.002351045608520508,-0.0027142763137817383,-0.004152864217758179,-0.0036208629608154297,-0.0045160651206970215,-0.0043343305587768555,-0.0032051801681518555,-0.0025200843811035156,-0.0035976171493530273,-0.004049181938171387
2041.5,-0.000863879919052124,-0.001071333885192871,-0.001277625560760498,-0.0010449886322021484,-0.0009010434150695801,-0.00022590160369873047,-0.0008387565612792969,-0.0009168386459350586,-0.00117570161819458,-0.000946342945098877,-0.0016710162162780762,-0.001367807388305664,-0.0011215806007385254,-0.0009691715240478516,-0.0011661052703857422,-0.0013114213943481445,-0.0020027458667755127,-0.0017101764678955078,-0.0021155476570129395,-0.0019033551216125488,-0.0016919970512390137,-0.0014641284942626953,-0.0017021894454956055,-0.0018315315246582031,-0.002635747194290161,-0.0024727582931518555,-0.003654003143310547,-0.0026136040687561035,-0.002219259738922119,-0.0016169548034667969,-0.002237677574157715,-0.002556443214416504,-0.0029482245445251465,-0.0031255483627319336,-0.0025637149810791016,-0.0027652978897094727,-0.002291560173034668,-0.001709580421447754,-0.002351045608520508,-0.0027142763137817383,-0.004152864217758179,-0.0036208629608154297,-0.0045160651206970215,-0.0043343305587768555,-0.0032051801681518555,-0.0025200843811035156,-0.0035976171493530273,-0.004049181938171387
2042.5,-0.000863879919052124,-0.001071333885192871,-0.001277625560760498,-0.0010449886322021484,-0.0009010434150695801,-0.00022590160369873047,-0.0008387565612792969,-0.0009168386459350586,-0.00117570161819458,-0.000946342945098877,-0.0016710162162780762,-0.001367807388305664,-0.0011215806007385254,-0.0009691715240478516,-0.0011661052703857422,-0.0013114213943481445,-0.0020027458667755127,-0.0017101764678955078,-0.0021155476570129395,-0.0019033551216125488,-0.0016919970512390137,-0.0014641284942626953,-0.0017021894454956055,-0.0018315315246582031,-0.002635747194290161,-0.0024727582931518555,-0.003654003143310547,-0.0026136040687561035,-0.002219259738922119,-0.0016169548034667969,-0.002237677574157715,-0.002556443214416504,-0.0029482245445251465,-0.0031255483627319336,-0.0025637149810791016,-0.0027652978897094727,-0.002291560173034668,-0.001709580421447754,-0.002351045608520508,-0.0027142763137817383,-0.004152864217758179,-0.0036208629608154297,-0.0045160651206970215,-0.0043343305587768555,-0.0032051801681518555,-0.0025200843811035156,-0.0035976171493530273,-0.004049181938171387
2043.5,-0.000863879919052124,-0.001071333885192871,-0.001277625560760498,-0.0010449886322021484,-0.0009010434150695801,-0.00022590160369873047,-0.0008387565612792969,-0.0009168386459350586,-0.00117570161819458,-0.000946342945098877,-0.0016710162162780762,-0.001367807388305664,-0.0011215806007385254,-0.0009691715240478516,-0.0011661052703857422,-0.0013114213943481445,-0.0020027458667755127,-0.0017101764678955078,-0.0021155476570129395,-0.0019033551216125488,-0.0016919970512390137,-0.0014641284942626953,-0.0017021894454956055,-0.0018315315246582031,-0.002635747194290161,-0.0024727582931518555,-0.003654003143310547,-0.0026136040687561035,-0.002219259738922119,-0.0016169548034667969,-0.002237677574157715,-0.002556443214416504,-0.0029482245445251465,-0.0031255483627319336,-0.0025637149810791016,-0.0027652978897094727,-0.002291560173034668,-0.001709580421447754,-0.002351045608520508,-0.0027142763137817383,-0.004152864217758179,-0.0036208629608154297,-0.0045160651206970215,-0.0043343305587768555,-0.0032051801681518555,-0.0025200843811035156,-0.0035976171493530273,-0.004049181938171387
2044.5,-0.000863879919052124,-0.001071333885192871,-0.001277625560760498,-0.0010449886322021484,-0.0009010434150695801,-0.00022590160369873047,-0.0008387565612792969,-0.0009168386459350586,-0.00117570161819458,-0.000946342945098877,-0.0016710162162780762,-0.001367807388305664,-0.0011215806007385254,-0.0009691715240478516,-0.0011661052703857422,-0.0013114213943481445,-0.0020027458667755127,-0.0017101764678955078,-0.0021155476570129395,-0.0019033551216125488,-0.0016919970512390137,-0.0014641284942626953,-0.0017021894454956055,-0.0018315315246582031,-0.002635747194290161,-0.0024727582931518555,-0.003654003143310547,-0.0026136040687561035,-0.002219259738922119,-0.0016169548034667969,-0.002237677574157715,-0.002556443214416504,-0.0029482245445251465,-0.0031255483627319336,-0.0025637149810791016,-0.0027652978897094727,-0.002291560173034668,-0.001709580421447754,-0.002351045608520508,-0.0027142763137817383,-0.004152864217758179,-0.0036208629608154297,-0.0045160651206970215,-0.0043343305587768555,-0.0032051801681518555,-0.0025200843811035156,-0.0035976171493530273,-0.004049181938171387
2045.5,-0.000863879919052124,-0.001071333885192871,-0.001277625560760498,-0.0010449886322021484,-0.0009010434150695801,-0.00022590160369873047,-0.0008387565612792969,-0.0009168386459350586,-0.00117570161819458,-0.000946342945098877,-0.0016710162162780762,-0.001367807388305664,-0.0011215806007385254,-0.0009691715240478516,-0.0011661052703857422,-0.0013114213943481445,-0.0020027458667755127,-0.0017101764678955078,-0.0021155476570129395,-0.0019033551216125488,-0.0016919970512390137,-0.0014641284942626953,-0.0017021894454956055,-0.0018315315246582031,-0.002635747194290161,-0.0024727582931518555,-0.003654003143310547,-0.0026136040687561035,-0.002219259738922119,-0.0016169548034667969,-0.002237677574157715,-0.002556443214416504,-0.0029482245445251465,-0.0031255483627319336,-0.0025637149810791016,-0.0027652978897094727,-0.002291560173034668,-0.001709580421447754,-0.002351045608520508,-0.0027142763137817383,-0.004152864217758179,-0.0036208629608154297,-0.0045160651206970215,-0.0043343305587768555,-0.0032051801681518555,-0.0025200843811035156,-0.0035976171493530273,-0.004049181938171387
2046.5,-0.000863879919052124,-0.001071333885192871,-0.001277625560760498,-0.0010449886322021484,-0.0009010434150695801,-0.00022590160369873047,-0.0008387565612792969,-0.0009168386459350586,-0.00117570161819458,-0.000946342945098877,-0.0016710162162780762,-0.001367807388305664,-0.0011215806007385254,-0.0009691715240478516,-0.0011661052703857422,-0.0013114213943481445,-0.0020027458667755127,-0.0017101764678955078,-0.0021155476570129395,-0.0019033551216125488,-0.0016919970512390137,-0.0014641284942626953,-0.0017021894454956055,-0.0018315315246582031,-0.002635747194290161,-0.0024727582931518555,-0.003654003143310547,-0.0026136040687561035,-0.002219259738922119,-0.0016169548034667969,-0.002237677574157715,-0.002556443214416504,-0.0029482245445251465,-0.0031255483627319336,-0.0025637149810791016,-0.0027652978897094727,-0.002291560173034668,-0.001709580421447754,-0.002351045608520508,-0.0027142763137817383,-0.004152864217758179,-0.0036208629608154297,-0.0045160651206970215,-0.0043343305587768555,-0.0032051801681518555,-0.0025200843811035156,-0.0035976171493530273,-0.004049181938171387
2047.5,-0.000863879919052124,-0.001071333885192871,-0.001277625560760498,-0.0010449886322021484,-0.0009010434150695801,-0.00022590160369873047,-0.0008387565612792969,-0.0009168386459350586,-0.00117570161819458,-0.000946342945098877,-0.0016710162162780762,-0.001367807388305664,-0.0011215806007385254,-0.0009691715240478516,-0.0011661052703857422,-0.0013114213943481445,-0.0020027458667755127,-0.0017101764678955078,-0.0021155476570129395,-0.0019033551216125488,-0.0016919970512390137,-0.0014641284942626953,-0.0017021894454956055,-0.0018315315246582031,-0.002635747194290161,-0.0024727582931518555,-0.003654003143310547,-0.0026136040687561035,-0.002219259738922119,-0.0016169548034667969,-0.002237677574157715,-0.002556443214416504,-0.0029482245445251465,-0.0031255483627319336,-0.0025637149810791016,-0.0027652978897094727,-0.002291560173034668,-0.001709580421447754,-0.002351045608520508,-0.0027142763137817383,-0.004152864217758179,-0.0036208629608154297,-0.0045160651206970215,-0.0043343305587768555,-0.0032051801681518555,-0.0025200843811035156,-0.0035976171493530273,-0.004049181938171387
2048.5,-0.000863879919052124,-0.001071333885192871,-0.001277625560760498,-0.0010449886322021484,-0.0009010434150695801,-0.00022590160369873047,-0.0008387565612792969,-0.0009168386459350586,-0.00117570161819458,-0.000946342945098877,-0.0016710162162780762,-0.001367807388305664,-0.0011215806007385254,-0.0009691715240478516,-0.0011661052703857422,-0.0013114213943481445,-0.0020027458667755127,-0.0017101764678955078,-0.0021155476570129395,-0.0019033551216125488,-0.0016919970512390137,-0.0014641284942626953,-0.0017021894454956055,-0.0018315315246582031,-0.002635747194290161,-0.0024727582931518555,-0.003654003143310547,-0.0026136040687561035,-0.002219259738922119,-0.0016169548034667969,-0.002237677574157715,-0.002556443214416504,-0.0029482245445251465,-0.0031255483627319336,-0.0025637149810791016,-0.0027652978897094727,-0.002291560173034668,-0.001709580421447754,-0.002351045608520508,-0.0027142763137817383,-0.004152864217758179,-0.0036208629608154297,-0.0045160651206970215,-0.0043343305587768555,-0.0032051801681518555,-0.0025200843811035156,-0.0035976171493530273,-0.004049181938171387
2049.5,-0.000863879919052124,-0.001071333885192871,-0.001277625560760498,-0.0010449886322021484,-0.0009010434150695801,-0.00022590160369873047,-0.0008387565612792969,-0.0009168386459350586,-0.00117570161819458,-0.000946342945098877,-0.0016710162162780762,-0.001367807388305664,-0.0011215806007385254,-0.0009691715240478516,-0.0011661052703857422,-0.0013114213943481445,-0.0020027458667755127,-0.0017101764678955078,-0.0021155476570129395,-0.0019033551216125488,-0.0016919970512390137,-0.0014641284942626953,-0.0017021894454956055,-0.0018315315246582031,-0.002635747194290161,-0.0024727582931518555,-0.003654003143310547,-0.0026136040687561035,-0.002219259738922119,-0.0016169548034667969,-0.002237677574157715,-0.002556443214416504,-0.0029482245445251465,-0.0031255483627319336,-0.0025637149810791016,-0.0027652978897094727,-0.002291560173034668,-0.001709580421447754,-0.002351045608520508,-0.0027142763137817383,-0.004152864217758179,-0.0036208629608154297,-0.0045160651206970215,-0.0043343305587768555,-0.0032051801681518555,-0.0025200843811035156,-0.0035976171493530273,-0.004049181938171387
2050.5,-0.000863879919052124,-0.001071333885192871,-0.001277625560760498,-0.0010449886322021484,-0.0009010434150695801,-0.00022590160369873047,-0.0008387565612792969,-0.0009168386459350586,-0.00117570161819458,-0.000946342945098877,-0.0016710162162780762,-0.001367807388305664,-0.0011215806007385254,-0.0009691715240478516,-0.0011661052703857422,-0.0013114213943481445,-0.0020027458667755127,-0.0017101764678955078,-0.0021155476570129395,-0.0019033551216125488,-0.0016919970512390137,-0.0014641284942626953,-0.0017021894454956055,-0.0018315315246582031,-0.002635747194290161,-0.0024727582931518555,-0.003654003143310547,-0.0026136040687561035,-0.002219259738922119,-0.0016169548034667969,-0.002237677574157715,-0.002556443214416504,-0.0029482245445251465,-0.0031255483627319336,-0.0025637149810791016,-0.0027652978897094727,-0.002291560173034668,-0.001709580421447754,-0.002351045608520508,-0.0027142763137817383,-0.004152864217758179,-0.0036208629608154297,-0.0045160651206970215,-0.0043343305587768555,-0.0032051801681518555,-0.0025200843811035156,-0.0035976171493530273,-0.004049181938171387
2051.5,-0.000863879919052124,-0.001071333885192871,-0.001277625560760498,-0.0010449886322021484,-0.0009010434150695801,-0.00022590160369873047,-0.0008387565612792969,-0.0009168386459350586,-0.00117570161819458,-0.000946342945098877,-0.0016710162162780762,-0.001367807388305664,-0.0011215806007385254,-0.0009691715240478516,-0.0011661052703857422,-0.0013114213943481445,-0.0020027458667755127,-0.0017101764678955078,-0.0021155476570129395,-0.0019033551216125488,-0.0016919970512390137,-0.0014641284942626953,-0.0017021894454956055,-0.0018315315246582031,-0.002635747194290161,-0.0024727582931518555,-0.003654003143310547,-0.0026136040687561035,-0.002219259738922119,-0.0016169548034667969,-0.002237677574157715,-0.002556443214416504,-0.0029482245445251465,-0.0031255483627319336,-0.0025637149810791016,-0.0027652978897094727,-0.002291560173034668,-0.001709580421447754,-0.002351045608520508,-0.0027142763137817383,-0.004152864217758179,-0.0036208629608154297,-0.0045160651206970215,-0.0043343305587768555,-0.0032051801681518555,-0.0025200843811035156,-0.0035976171493530273,-0.004049181938171387
2052.5,-0.000863879919052124,-0.001071333885192871,-0.001277625560760498,-0.0010449886322021484,-0.0009010434150695801,-0.00022590160369873047,-0.0008387565612792969,-0.0009168386459350586,-0.00117570161819458,-0.000946342945098877,-0.0016710162162780762,-0.001367807388305664,-0.0011215806007385254,-0.0009691715240478516,-0.0011661052703857422,-0.0013114213943481445,-0.0020027458667755127,-0.0017101764678955078,-0.0021155476570129395,-0.0019033551216125488,-0.0016919970512390137,-0.0014641284942626953,-0.0017021894454956055,-0.0018315315246582031,-0.002635747194290161,-0.0024727582931518555,-0.003654003143310547,-0.0026136040687561035,-0.002219259738922119,-0.0016169548034667969,-0.002237677574157715,-0.002556443214416504,-0.0029482245445251465,-0.0031255483627319336,-0.0025637149810791016,-0.0027652978897094727,-0.002291560173034668,-0.001709580421447754,-0.002351045608520508,-0.0027142763137817383,-0.004152864217758179,-0.0036208629608154297,-0.0045160651206970215,-0.0043343305587768555,-0.0032051801681518555,-0.0025200843811035156,-0.0035976171493530273,-0.004049181938171387
2053.5,-0.000863879919052124,-0.001071333885192871,-0.001277625560760498,-0.0010449886322021484,-0.0009010434150695801,-0.00022590160369873047,-0.0008387565612792969,-0.0009168386459350586,-0.00117570161819458,-0.000946342945098877,-0.0016710162162780762,-0.001367807388305664,-0.0011215806007385254,-0.0009691715240478516,-0.0011661052703857422,-0.0013114213943481445,-0.0020027458667755127,-0.0017101764678955078,-0.0021155476570129395,-0.0019033551216125488,-0.0016919970512390137,-0.0014641284942626953,-0.0017021894454956055,-0.0018315315246582031,-0.002635747194290161,-0.0024727582931518555,-0.003654003143310547,-0.0026136040687561035,-0.002219259738922119,-0.0016169548034667969,-0.002237677574157715,-0.002556443214416504,-0.0029482245445251465,-0.0031255483627319336,-0.0025637149810791016,-0.0027652978897094727,-0.002291560173034668,-0.001709580421447754,-0.002351045608520508,-0.0027142763137817383,-0.004152864217758179,-0.0036208629608154297,-0.0045160651206970215,-0.0043343305587768555,-0.0032051801681518555,-0.0025200843811035156,-0.0035976171493530273,-0.004049181938171387
2054.5,-0.000863879919052124,-0.001071333885192871,-0.001277625560760498,-0.0010449886322021484,-0.0009010434150695801,-0.00022590160369873047,-0.0008387565612792969,-0.0009168386459350586,-0.00117570161819458,-0.000946342945098877,-0.0016710162162780762,-0.001367807388305664,-0.0011215806007385254,-0.0009691715240478516,-0.0011661052703857422,-0.0013114213943481445,-0.0020027458667755127,-0.0017101764678955078,-0.0021155476570129395,-0.0019033551216125488,-0.0016919970512390137,-0.0014641284942626953,-0.0017021894454956055,-0.0018315315246582031,-0.002635747194290161,-0.0024727582931518555,-0.003654003143310547,-0.0026136040687561035,-0.002219259738922119,-0.0016169548034667969,-0.002237677574157715,-0.002556443214416504,-0.0029482245445251465,-0.0031255483627319336,-0.0025637149810791016,-0.0027652978897094727,-0.002291560173034668,-0.001709580421447754,-0.002351045608520508,-0.0027142763137817383,-0.004152864217758179,-0.0036208629608154297,-0.0045160651206970215,-0.0043343305587768555,-0.0032051801681518555,-0.0025200843811035156,-0.0035976171493530273,-0.004049181938171387
2055.5,-0.000863879919052124,-0.001071333885192871,-0.001277625560760498,-0.0010449886322021484,-0.0009010434150695801,-0.00022590160369873047,-0.0008387565612792969,-0.0009168386459350586,-0.00117570161819458,-0.000946342945098877,-0.0016710162162780762,-0.001367807388305664,-0.0011215806007385254,-0.0009691715240478516,-0.0011661052703857422,-0.0013114213943481445,-0.0020027458667755127,-0.0017101764678955078,-0.0021155476570129395,-0.0019033551216125488,-0.0016919970512390137,-0.0014641284942626953,-0.0017021894454956055,-0.0018315315246582031,-0.002635747194290161,-0.0024727582931518555,-0.003654003143310547,-0.0026136040687561035,-0.002219259738922119,-0.0016169548034667969,-0.002237677574157715,-0.002556443214416504,-0.0029482245445251465,-0.0031255483627319336,-0.0025637149810791016,-0.0027652978897094727,-0.002291560173034668,-0.001709580421447754,-0.002351045608520508,-0.0027142763137817383,-0.004152864217758179,-0.0036208629608154297,-0.0045160651206970215,-0.0043343305587768555,-0.0032051801681518555,-0.0025200843811035156,-0.0035976171493530273,-0.004049181938171387
2056.5,-0.000863879919052124,-0.001071333885192871,-0.001277625560760498,-0.0010449886322021484,-0.0009010434150695801,-0.00022590160369873047,-0.0008387565612792969,-0.0009168386459350586,-0.00117570161819458,-0.000946342945098877,-0.0016710162162780762,-0.001367807388305664,-0.0011215806007385254,-0.0009691715240478516,-0.0011661052703857422,-0.0013114213943481445,-0.0020027458667755127,-0.0017101764678955078,-0.0021155476570129395,-0.0019033551216125488,-0.0016919970512390137,-0.0014641284942626953,-0.0017021894454956055,-0.0018315315246582031,-0.002635747194290161,-0.0024727582931518555,-0.003654003143310547,-0.0026136040687561035,-0.002219259738922119,-0.0016169548034667969,-0.002237677574157715,-0.002556443214416504,-0.0029482245445251465,-0.0031255483627319336,-0.0025637149810791016,-0.0027652978897094727,-0.002291560173034668,-0.001709580421447754,-0.002351045608520508,-0.0027142763137817383,-0.004152864217758179,-0.0036208629608154297,-0.0045160651206970215,-0.0043343305587768555,-0.0032051801681518555,-0.0025200843811035156,-0.0035976171493530273,-0.004049181938171387
2057.5,-0.000863879919052124,-0.001071333885192871,-0.001277625560760498,-0.0010449886322021484,-0.0009010434150695801,-0.00022590160369873047,-0.0008387565612792969,-0.0009168386459350586,-0.00117570161819458,-0.000946342945098877,-0.0016710162162780762,-0.001367807388305664,-0.0011215806007385254,-0.0009691715240478516,-0.0011661052703857422,-0.0013114213943481445,-0.0020027458667755127,-0.0017101764678955078,-0.0021155476570129395,-0.0019033551216125488,-0.0016919970512390137,-0.0014641284942626953,-0.0017021894454956055,-0.0018315315246582031,-0.002635747194290161,-0.0024727582931518555,-0.003654003143310547,-0.0026136040687561035,-0.002219259738922119,-0.0016169548034667969,-0.002237677574157715,-0.002556443214416504,-0.0029482245445251465,-0.0031255483627319336,-0.0025637149810791016,-0.0027652978897094727,-0.002291560173034668,-0.001709580421447754,-0.002351045608520508,-0.0027142763137817383,-0.004152864217758179,-0.0036208629608154297,-0.0045160651206970215,-0.0043343305587768555,-0.0032051801681518555,-0.0025200843811035156,-0.0035976171493530273,-0.004049181938171387
2058.5,-0.000863879919052124,-0.001071333885192871,-0.001277625560760498,-0.0010449886322021484,-0.0009010434150695801,-0.00022590160369873047,-0.0008387565612792969,-0.0009168386459350586,-0.00117570161819458,-0.000946342945098877,-0.0016710162162780762,-0.001367807388305664,-0.0011215806007385254,-0.0009691715240478516,-0.0011661052703857422,-0.0013114213943481445,-0.0020027458667755127,-0.0017101764678955078,-0.0021155476570129395,-0.0019033551216125488,-0.0016919970512390137,-0.0014641284942626953,-0.0017021894454956055,-0.0018315315246582031,-0.002635747194290161,-0.0024727582931518555,-0.003654003143310547,-0.0026136040687561035,-0.002219259738922119,-0.0016169548034667969,-0.002237677574157715,-0.002556443214416504,-0.0029482245445251465,-0.0031255483627319336,-0.0025637149810791016,-0.0027652978897094727,-0.002291560173034668,-0.001709580421447754,-0.002351045608520508,-0.0027142763137817383,-0.004152864217758179,-0.0036208629608154297,-0.0045160651206970215,-0.0043343305587768555,-0.0032051801681518555,-0.0025200843811035156,-0.0035976171493530273,-0.004049181938171387
2059.5,-0.000863879919052124,-0.001071333885192871,-0.001277625560760498,-0.0010449886322021484,-0.0009010434150695801,-0.00022590160369873047,-0.0008387565612792969,-0.0009168386459350586,-0.00117570161819458,-0.000946342945098877,-0.0016710162162780762,-0.001367807388305664,-0.0011215806007385254,-0.0009691715240478516,-0.0011661052703857422,-0.0013114213943481445,-0.0020027458667755127,-0.0017101764678955078,-0.0021155476570129395,-0.0019033551216125488,-0.0016919970512390137,-0.0014641284942626953,-0.0017021894454956055,-0.0018315315246582031,-0.002635747194290161,-0.0024727582931518555,-0.003654003143310547,-0.0026136040687561035,-0.002219259738922119,-0.0016169548034667969,-0.002237677574157715,-0.002556443214416504,-0.0029482245445251465,-0.0031255483627319336,-0.0025637149810791016,-0.0027652978897094727,-0.002291560173034668,-0.001709580421447754,-0.002351045608520508,-0.0027142763137817383,-0.004152864217758179,-0.0036208629608154297,-0.0045160651206970215,-0.0043343305587768555,-0.0032051801681518555,-0.0025200843811035156,-0.0035976171493530273,-0.004049181938171387
2060.5,-0.000863879919052124,-0.001071333885192871,-0.001277625560760498,-0.0010449886322021484,-0.0009010434150695801,-0.00022590160369873047,-0.0008387565612792969,-0.0009168386459350586,-0.00117570161819458,-0.000946342945098877,-0.0016710162162780762,-0.001367807388305664,-0.0011215806007385254,-0.0009691715240478516,-0.0011661052703857422,-0.0013114213943481445,-0.0020027458667755127,-0.0017101764678955078,-0.0021155476570129395,-0.0019033551216125488,-0.0016919970512390137,-0.0014641284942626953,-0.0017021894454956055,-0.0018315315246582031,-0.002635747194290161,-0.0024727582931518555,-0.003654003143310547,-0.0026136040687561035,-0.002219259738922119,-0.0016169548034667969,-0.002237677574157715,-0.002556443214416504,-0.0029482245445251465,-0.0031255483627319336,-0.0025637149810791016,-0.0027652978897094727,-0.002291560173034668,-0.001709580421447754,-0.002351045608520508,-0.0027142763137817383,-0.004152864217758179,-0.0036208629608154297,-0.0045160651206970215,-0.0043343305587768555,-0.0032051801681518555,-0.0025200843811035156,-0.0035976171493530273,-0.004049181938171387
2061.5,-0.000863879919052124,-0.001071333885192871,-0.001277625560760498,-0.0010449886322021484,-0.0009010434150695801,-0.00022590160369873047,-0.0008387565612792969,-0.0009168386459350586,-0.00117570161819458,-0.000946342945098877,-0.0016710162162780762,-0.001367807388305664,-0.0011215806007385254,-0.0009691715240478516,-0.0011661052703857422,-0.0013114213943481445,-0.0020027458667755127,-0.0017101764678955078,-0.0021155476570129395,-0.0019033551216125488,-0.0016919970512390137,-0.0014641284942626953,-0.0017021894454956055,-0.0018315315246582031,-0.002635747194290161,-0.0024727582931518555,-0.003654003143310547,-0.0026136040687561035,-0.002219259738922119,-0.0016169548034667969,-0.002237677574157715,-0.002556443214416504,-0.0029482245445251465,-0.0031255483627319336,-0.0025637149810791016,-0.0027652978897094727,-0.002291560173034668,-0.001709580421447754,-0.002351045608520508,-0.0027142763137817383,-0.004152864217758179,-0.0036208629608154297,-0.0045160651206970215,-0.0043343305587768555,-0.0032051801681518555,-0.0025200843811035156,-0.0035976171493530273,-0.004049181938171387
2062.5,-0.000863879919052124,-0.001071333885192871,-0.001277625560760498,-0.0010449886322021484,-0.0009010434150695801,-0.00022590160369873047,-0.0008387565612792969,-0.0009168386459350586,-0.00117570161819458,-0.000946342945098877,-0.0016710162162780762,-0.001367807388305664,-0.0011215806007385254,-0.0009691715240478516,-0.0011661052703857422,-0.0013114213943481445,-0.0020027458667755127,-0.0017101764678955078,-0.0021155476570129395,-0.0019033551216125488,-0.0016919970512390137,-0.0014641284942626953,-0.0017021894454956055,-0.0018315315246582031,-0.002635747194290161,-0.0024727582931518555,-0.003654003143310547,-0.0026136040687561035,-0.002219259738922119,-0.0016169548034667969,-0.002237677574157715,-0.002556443214416504,-0.0029482245445251465,-0.0031255483627319336,-0.0025637149810791016,-0.0027652978897094727,-0.002291560173034668,-0.001709580421447754,-0.002351045608520508,-0.0027142763137817383,-0.004152864217758179,-0.0036208629608154297,-0.0045160651206970215,-0.0043343305587768555,-0.0032051801681518555,-0.0025200843811035156,-0.0035976171493530273,-0.004049181938171387
2063.5,-0.000863879919052124,-0.001071333885192871,-0.001277625560760498,-0.0010449886322021484,-0.0009010434150695801,-0.00022590160369873047,-0.0008387565612792969,-0.0009168386459350586,-0.00117570161819458,-0.000946342945098877,-0.0016710162162780762,-0.001367807388305664,-0.0011215806007385254,-0.0009691715240478516,-0.0011661052703857422,-0.0013114213943481445,-0.0020027458667755127,-0.0017101764678955078,-0.0021155476570129395,-0.0019033551216125488,-0.0016919970512390137,-0.0014641284942626953,-0.0017021894454956055,-0.0018315315246582031,-0.002635747194290161,-0.0024727582931518555,-0.003654003143310547,-0.0026136040687561035,-0.002219259738922119,-0.0016169548034667969,-0.002237677574157715,-0.002556443214416504,-0.0029482245445251465,-0.0031255483627319336,-0.0025637149810791016,-0.0027652978897094727,-0.002291560173034668,-0.001709580421447754,-0.002351045608520508,-0.0027142763137817383,-0.004152864217758179,-0.0036208629608154297,-0.0045160651206970215,-0.0043343305587768555,-0.0032051801681518555,-0.0025200843811035156,-0.0035976171493530273,-0.004049181938171387
2064.5,-0.000863879919052124,-0.001071333885192871,-0.001277625560760498,-0.0010449886322021484,-0.0009010434150695801,-0.00022590160369873047,-0.0008387565612792969,-0.0009168386459350586,-0.00117570161819458,-0.000946342945098877,-0.0016710162162780762,-0.001367807388305664,-0.0011215806007385254,-0.0009691715240478516,-0.0011661052703857422,-0.0013114213943481445,-0.0020027458667755127,-0.0017101764678955078,-0.0021155476570129395,-0.0019033551216125488,-0.0016919970512390137,-0.0014641284942626953,-0.0017021894454956055,-0.0018315315246582031,-0.002635747194290161,-0.0024727582931518555,-0.003654003143310547,-0.0026136040687561035,-0.002219259738922119,-0.0016169548034667969,-0.002237677574157715,-0.002556443214416504,-0.0029482245445251465,-0.0031255483627319336,-0.0025637149810791016,-0.0027652978897094727,-0.002291560173034668,-0.001709580421447754,-0.002351045608520508,-0.0027142763137817383,-0.004152864217758179,-0.0036208629608154297,-0.0045160651206970215,-0.0043343305587768555,-0.0032051801681518555,-0.0025200843811035156,-0.0035976171493530273,-0.004049181938171387
2065.5,-0.000863879919052124,-0.001071333885192871,-0.001277625560760498,-0.0010449886322021484,-0.0009010434150695801,-0.00022590160369873047,-0.0008387565612792969,-0.0009168386459350586,-0.00117570161819458,-0.000946342945098877,-0.0016710162162780762,-0.001367807388305664,-0.0011215806007385254,-0.0009691715240478516,-0.0011661052703857422,-0.0013114213943481445,-0.0020027458667755127,-0.0017101764678955078,-0.0021155476570129395,-0.0019033551216125488,-0.0016919970512390137,-0.0014641284942626953,-0.0017021894454956055,-0.0018315315246582031,-0.002635747194290161,-0.0024727582931518555,-0.003654003143310547,-0.0026136040687561035,-0.002219259738922119,-0.0016169548034667969,-0.002237677574157715,-0.002556443214416504,-0.0029482245445251465,-0.0031255483627319336,-0.0025637149810791016,-0.0027652978897094727,-0.002291560173034668,-0.001709580421447754,-0.002351045608520508,-0.0027142763137817383,-0.004152864217758179,-0.0036208629608154297,-0.0045160651206970215,-0.0043343305587768555,-0.0032051801681518555,-0.0025200843811035156,-0.0035976171493530273,-0.004049181938171387
2066.5,-0.000863879919052124,-0.001071333885192871,-0.001277625560760498,-0.0010449886322021484,-0.0009010434150695801,-0.00022590160369873047,-0.0008387565612792969,-0.0009168386459350586,-0.00117570161819458,-0.000946342945098877,-0.0016710162162780762,-0.001367807388305664,-0.0011215806007385254,-0.0009691715240478516,-0.0011661052703857422,-0.0013114213943481445,-0.0020027458667755127,-0.0017101764678955078,-0.0021155476570129395,-0.0019033551216125488,-0.0016919970512390137,-0.0014641284942626953,-0.0017021894454956055,-0.0018315315246582031,-0.002635747194290161,-0.0024727582931518555,-0.003654003143310547,-0.0026136040687561035,-0.002219259738922119,-0.0016169548034667969,-0.002237677574157715,-0.002556443214416504,-0.0029482245445251465,-0.0031255483627319336,-0.0025637149810791016,-0.0027652978897094727,-0.002291560173034668,-0.001709580421447754,-0.002351045608520508,-0.0027142763137817383,-0.004152864217758179,-0.0036208629608154297,-0.0045160651206970215,-0.0043343305587768555,-0.0032051801681518555,-0.0025200843811035156,-0.0035976171493530273,-0.004049181938171387
2067.5,-0.000863879919052124,-0.001071333885192871,-0.001277625560760498,-0.0010449886322021484,-0.0009010434150695801,-0.00022590160369873047,-0.0008387565612792969,-0.0009168386459350586,-0.00117570161819458,-0.000946342945098877,-0.0016710162162780762,-0.001367807388305664,-0.0011215806007385254,-0.0009691715240478516,-0.0011661052703857422,-0.0013114213943481445,-0.0020027458667755127,-0.0017101764678955078,-0.0021155476570129395,-0.0019033551216125488,-0.0016919970512390137,-0.0014641284942626953,-0.0017021894454956055,-0.0018315315246582031,-0.002635747194290161,-0.0024727582931518555,-0.003654003143310547,-0.0026136040687561035,-0.002219259738922119,-0.0016169548034667969,-0.002237677574157715,-0.002556443214416504,-0.0029482245445251465,-0.0031255483627319336,-0.0025637149810791016,-0.0027652978897094727,-0.002291560173034668,-0.001709580421447754,-0.002351045608520508,-0.0027142763137817383,-0.004152864217758179,-0.0036208629608154297,-0.0045160651206970215,-0.0043343305587768555,-0.0032051801681518555,-0.0025200843811035156,-0.0035976171493530273,-0.004049181938171387
2068.5,-0.000863879919052124,-0.001071333885192871,-0.001277625560760498,-0.0010449886322021484,-0.0009010434150695801,-0.00022590160369873047,-0.0008387565612792969,-0.0009168386459350586,-0.00117570161819458,-0.000946342945098877,-0.0016710162162780762,-0.001367807388305664,-0.0011215806007385254,-0.0009691715240478516,-0.0011661052703857422,-0.0013114213943481445,-0.0020027458667755127,-0.0017101764678955078,-0.0021155476570129395,-0.0019033551216125488,-0.0016919970512390137,-0.0014641284942626953,-0.0017021894454956055,-0.0018315315246582031,-0.002635747194290161,-0.0024727582931518555,-0.003654003143310547,-0.0026136040687561035,-0.002219259738922119,-0.0016169548034667969,-0.002237677574157715,-0.002556443214416504,-0.0029482245445251465,-0.0031255483627319336,-0.0025637149810791016,-0.0027652978897094727,-0.002291560173034668,-0.001709580421447754,-0.002351045608520508,-0.0027142763137817383,-0.004152864217758179,-0.0036208629608154297,-0.0045160651206970215,-0.0043343305587768555,-0.0032051801681518555,-0.0025200843811035156,-0.0035976171493530273,-0.004049181938171387
2069.5,-0.000863879919052124,-0.001071333885192871,-0.001277625560760498,-0.0010449886322021484,-0.0009010434150695801,-0.00022590160369873047,-0.0008387565612792969,-0.0009168386459350586,-0.00117570161819458,-0.000946342945098877,-0.0016710162162780762,-0.001367807388305664,-0.0011215806007385254,-0.0009691715240478516,-0.0011661052703857422,-0.0013114213943481445,-0.0020027458667755127,-0.0017101764678955078,-0.0021155476570129395,-0.0019033551216125488,-0.0016919970512390137,-0.0014641284942626953,-0.0017021894454956055,-0.0018315315246582031,-0.002635747194290161,-0.0024727582931518555,-0.003654003143310547,-0.0026136040687561035,-0.002219259738922119,-0.0016169548034667969,-0.002237677574157715,-0.002556443214416504,-0.0029482245445251465,-0.0031255483627319336,-0.0025637149810791016,-0.0027652978897094727,-0.002291560173034668,-0.001709580421447754,-0.002351045608520508,-0.0027142763137817383,-0.004152864217758179,-0.0036208629608154297,-0.0045160651206970215,-0.0043343305587768555,-0.0032051801681518555,-0.0025200843811035156,-0.0035976171493530273,-0.004049181938171387
2070.5,-0.000863879919052124,-0.001071333885192871,-0.001277625560760498,-0.0010449886322021484,-0.0009010434150695801,-0.00022590160369873047,-0.0008387565612792969,-0.0009168386459350586,-0.00117570161819458,-0.000946342945098877,-0.0016710162162780762,-0.001367807388305664,-0.0011215806007385254,-0.0009691715240478516,-0.0011661052703857422,-0.0013114213943481445,-0.0020027458667755127,-0.0017101764678955078,-0.0021155476570129395,-0.0019033551216125488,-0.0016919970512390137,-0.0014641284942626953,-0.0017021894454956055,-0.0018315315246582031,-0.002635747194290161,-0.0024727582931518555,-0.003654003143310547,-0.0026136040687561035,-0.002219259738922119,-0.0016169548034667969,-0.002237677574157715,-0.002556443214416504,-0.0029482245445251465,-0.0031255483627319336,-0.0025637149810791016,-0.0027652978897094727,-0.002291560173034668,-0.001709580421447754,-0.002351045608520508,-0.0027142763137817383,-0.004152864217758179,-0.0036208629608154297,-0.0045160651206970215,-0.0043343305587768555,-0.0032051801681518555,-0.0025200843811035156,-0.0035976171493530273,-0.004049181938171387
2071.5,-0.000863879919052124,-0.001071333885192871,-0.001277625560760498,-0.0010449886322021484,-0.0009010434150695801,-0.00022590160369873047,-0.0008387565612792969,-0.0009168386459350586,-0.00117570161819458,-0.000946342945098877,-0.0016710162162780762,-0.001367807388305664,-0.0011215806007385254,-0.0009691715240478516,-0.0011661052703857422,-0.0013114213943481445,-0.0020027458667755127,-0.0017101764678955078,-0.0021155476570129395,-0.0019033551216125488,-0.0016919970512390137,-0.0014641284942626953,-0.0017021894454956055,-0.0018315315246582031,-0.002635747194290161,-0.0024727582931518555,-0.003654003143310547,-0.0026136040687561035,-0.002219259738922119,-0.0016169548034667969,-0.002237677574157715,-0.002556443214416504,-0.0029482245445251465,-0.0031255483627319336,-0.0025637149810791016,-0.0027652978897094727,-0.002291560173034668,-0.001709580421447754,-0.002351045608520508,-0.0027142763137817383,-0.004152864217758179,-0.0036208629608154297,-0.0045160651206970215,-0.0043343305587768555,-0.0032051801681518555,-0.0025200843811035156,-0.0035976171493530273,-0.004049181938171387
2072.5,-0.000863879919052124,-0.001071333885192871,-0.001277625560760498,-0.0010449886322021484,-0.0009010434150695801,-0.00022590160369873047,-0.0008387565612792969,-0.0009168386459350586,-0.00117570161819458,-0.000946342945098877,-0.0016710162162780762,-0.001367807388305664,-0.0011215806007385254,-0.0009691715240478516,-0.0011661052703857422,-0.0013114213943481445,-0.0020027458667755127,-0.0017101764678955078,-0.0021155476570129395,-0.0019033551216125488,-0.0016919970512390137,-0.0014641284942626953,-0.0017021894454956055,-0.0018315315246582031,-0.002635747194290161,-0.0024727582931518555,-0.003654003143310547,-0.0026136040687561035,-0.002219259738922119,-0.0016169548034667969,-0.002237677574157715,-0.002556443214416504,-0.0029482245445251465,-0.0031255483627319336,-0.0025637149810791016,-0.0027652978897094727,-0.002291560173034668,-0.001709580421447754,-0.002351045608520508,-0.0027142763137817383,-0.004152864217758179,-0.0036208629608154297,-0.0045160651206970215,-0.0043343305587768555,-0.0032051801681518555,-0.0025200843811035156,-0.0035976171493530273,-0.004049181938171387
2073.5,-0.000863879919052124,-0.001071333885192871,-0.001277625560760498,-0.0010449886322021484,-0.0009010434150695801,-0.00022590160369873047,-0.0008387565612792969,-0.0009168386459350586,-0.00117570161819458,-0.000946342945098877,-0.0016710162162780762,-0.001367807388305664,-0.0011215806007385254,-0.0009691715240478516,-0.0011661052703857422,-0.0013114213943481445,-0.0020027458667755127,-0.0017101764678955078,-0.0021155476570129395,-0.0019033551216125488,-0.0016919970512390137,-0.0014641284942626953,-0.0017021894454956055,-0.0018315315246582031,-0.002635747194290161,-0.0024727582931518555,-0.003654003143310547,-0.0026136040687561035,-0.002219259738922119,-0.0016169548034667969,-0.002237677574157715,-0.002556443214416504,-0.0029482245445251465,-0.0031255483627319336,-0.0025637149810791016,-0.0027652978897094727,-0.002291560173034668,-0.001709580421447754,-0.002351045608520508,-0.0027142763137817383,-0.004152864217758179,-0.0036208629608154297,-0.0045160651206970215,-0.0043343305587768555,-0.0032051801681518555,-0.0025200843811035156,-0.0035976171493530273,-0.004049181938171387
2074.5,-0.000863879919052124,-0.001071333885192871,-0.001277625560760498,-0.0010449886322021484,-0.0009010434150695801,-0.00022590160369873047,-0.0008387565612792969,-0.0009168386459350586,-0.00117570161819458,-0.000946342945098877,-0.0016710162162780762,-0.001367807388305664,-0.0011215806007385254,-0.0009691715240478516,-0.0011661052703857422,-0.0013114213943481445,-0.0020027458667755127,-0.0017101764678955078,-0.0021155476570129395,-0.0019033551216125488,-0.0016919970512390137,-0.0014641284942626953,-0.0017021894454956055,-0.0018315315246582031,-0.002635747194290161,-0.0024727582931518555,-0.003654003143310547,-0.0026136040687561035,-0.002219259738922119,-0.0016169548034667969,-0.002237677574157715,-0.002556443214416504,-0.0029482245445251465,-0.0031255483627319336,-0.0025637149810791016,-0.0027652978897094727,-0.002291560173034668,-0.001709580421447754,-0.002351045608520508,-0.0027142763137817383,-0.004152864217758179,-0.0036208629608154297,-0.0045160651206970215,-0.0043343305587768555,-0.0032051801681518555,-0.0025200843811035156,-0.0035976171493530273,-0.004049181938171387
2075.5,-0.000863879919052124,-0.001071333885192871,-0.001277625560760498,-0.0010449886322021484,-0.0009010434150695801,-0.00022590160369873047,-0.0008387565612792969,-0.0009168386459350586,-0.00117570161819458,-0.000946342945098877,-0.0016710162162780762,-0.001367807388305664,-0.0011215806007385254,-0.0009691715240478516,-0.0011661052703857422,-0.0013114213943481445,-0.0020027458667755127,-0.0017101764678955078,-0.0021155476570129395,-0.0019033551216125488,-0.0016919970512390137,-0.0014641284942626953,-0.0017021894454956055,-0.0018315315246582031,-0.002635747194290161,-0.0024727582931518555,-0.003654003143310547,-0.0026136040687561035,-0.002219259738922119,-0.0016169548034667969,-0.002237677574157715,-0.002556443214416504,-0.0029482245445251465,-0.0031255483627319336,-0.0025637149810791016,-0.0027652978897094727,-0.002291560173034668,-0.001709580421447754,-0.002351045608520508,-0.0027142763137817383,-0.004152864217758179,-0.0036208629608154297,-0.0045160651206970215,-0.0043343305587768555,-0.0032051801681518555,-0.0025200843811035156,-0.0035976171493530273,-0.004049181938171387
2076.5,-0.000863879919052124,-0.001071333885192871,-0.001277625560760498,-0.0010449886322021484,-0.0009010434150695801,-0.00022590160369873047,-0.0008387565612792969,-0.0009168386459350586,-0.00117570161819458,-0.000946342945098877,-0.0016710162162780762,-0.001367807388305664,-0.0011215806007385254,-0.0009691715240478516,-0.0011661052703857422,-0.0013114213943481445,-0.0020027458667755127,-0.0017101764678955078,-0.0021155476570129395,-0.0019033551216125488,-0.0016919970512390137,-0.0014641284942626953,-0.0017021894454956055,-0.0018315315246582031,-0.002635747194290161,-0.0024727582931518555,-0.003654003143310547,-0.0026136040687561035,-0.002219259738922119,-0.0016169548034667969,-0.002237677574157715,-0.002556443214416504,-0.0029482245445251465,-0.0031255483627319336,-0.0025637149810791016,-0.0027652978897094727,-0.002291560173034668,-0.001709580421447754,-0.002351045608520508,-0.0027142763137817383,-0.004152864217758179,-0.0036208629608154297,-0.0045160651206970215,-0.0043343305587768555,-0.0032051801681518555,-0.0025200843811035156,-0.0035976171493530273,-0.004049181938171387
2077.5,-0.000863879919052124,-0.001071333885192871,-0.001277625560760498,-0.0010449886322021484,-0.0009010434150695801,-0.00022590160369873047,-0.0008387565612792969,-0.0009168386459350586,-0.00117570161819458,-0.000946342945098877,-0.0016710162162780762,-0.001367807388305664,-0.0011215806007385254,-0.0009691715240478516,-0.0011661052703857422,-0.0013114213943481445,-0.0020027458667755127,-0.0017101764678955078,-0.0021155476570129395,-0.0019033551216125488,-0.0016919970512390137,-0.0014641284942626953,-0.0017021894454956055,-0.0018315315246582031,-0.002635747194290161,-0.0024727582931518555,-0.003654003143310547,-0.0026136040687561035,-0.002219259738922119,-0.0016169548034667969,-0.002237677574157715,-0.002556443214416504,-0.0029482245445251465,-0.0031255483627319336,-0.0025637149810791016,-0.0027652978897094727,-0.002291560173034668,-0.001709580421447754,-0.002351045608520508,-0.0027142763137817383,-0.004152864217758179,-0.0036208629608154297,-0.0045160651206970215,-0.0043343305587768555,-0.0032051801681518555,-0.0025200843811035156,-0.0035976171493530273,-0.004049181938171387
2078.5,-0.000863879919052124,-0.001071333885192871,-0.001277625560760498,-0.0010449886322021484,-0.0009010434150695801,-0.00022590160369873047,-0.0008387565612792969,-0.0009168386459350586,-0.00117570161819458,-0.000946342945098877,-0.0016710162162780762,-0.001367807388305664,-0.0011215806007385254,-0.0009691715240478516,-0.0011661052703857422,-0.0013114213943481445,-0.0020027458667755127,-0.0017101764678955078,-0.0021155476570129395,-0.0019033551216125488,-0.0016919970512390137,-0.0014641284942626953,-0.0017021894454956055,-0.0018315315246582031,-0.002635747194290161,-0.0024727582931518555,-0.003654003143310547,-0.0026136040687561035,-0.002219259738922119,-0.0016169548034667969,-0.002237677574157715,-0.002556443214416504,-0.0029482245445251465,-0.0031255483627319336,-0.0025637149810791016,-0.0027652978897094727,-0.002291560173034668,-0.001709580421447754,-0.002351045608520508,-0.0027142763137817383,-0.004152864217758179,-0.0036208629608154297,-0.0045160651206970215,-0.0043343305587768555,-0.0032051801681518555,-0.0025200843811035156,-0.0035976171493530273,-0.004049181938171387
2079.5,-0.000863879919052124,-0.001071333885192871,-0.001277625560760498,-0.0010449886322021484,-0.0009010434150695801,-0.00022590160369873047,-0.0008387565612792969,-0.0009168386459350586,-0.00117570161819458,-0.000946342945098877,-0.0016710162162780762,-0.001367807388305664,-0.0011215806007385254,-0.0009691715240478516,-0.0011661052703857422,-0.0013114213943481445,-0.0020027458667755127,-0.0017101764678955078,-0.0021155476570129395,-0.0019033551216125488,-0.0016919970512390137,-0.0014641284942626953,-0.0017021894454956055,-0.0018315315246582031,-0.002635747194290161,-0.0024727582931518555,-0.003654003143310547,-0.0026136040687561035,-0.002219259738922119,-0.0016169548034667969,-0.002237677574157715,-0.002556443214416504,-0.0029482245445251465,-0.0031255483627319336,-0.0025637149810791016,-0.0027652978897094727,-0.002291560173034668,-0.001709580421447754,-0.002351045608520508,-0.0027142763137817383,-0.004152864217758179,-0.0036208629608154297,-0.0045160651206970215,-0.0043343305587768555,-0.0032051801681518555,-0.0025200843811035156,-0.0035976171493530273,-0.004049181938171387
2080.5,-0.000863879919052124,-0.001071333885192871,-0.001277625560760498,-0.0010449886322021484,-0.0009010434150695801,-0.00022590160369873047,-0.0008387565612792969,-0.0009168386459350586,-0.00117570161819458,-0.000946342945098877,-0.0016710162162780762,-0.001367807388305664,-0.0011215806007385254,-0.0009691715240478516,-0.0011661052703857422,-0.0013114213943481445,-0.0020027458667755127,-0.0017101764678955078,-0.0021155476570129395,-0.0019033551216125488,-0.0016919970512390137,-0.0014641284942626953,-0.0017021894454956055,-0.0018315315246582031,-0.002635747194290161,-0.0024727582931518555,-0.003654003143310547,-0.0026136040687561035,-0.002219259738922119,-0.0016169548034667969,-0.002237677574157715,-0.002556443214416504,-0.0029482245445251465,-0.0031255483627319336,-0.0025637149810791016,-0.0027652978897094727,-0.002291560173034668,-0.001709580421447754,-0.002351045608520508,-0.0027142763137817383,-0.004152864217758179,-0.0036208629608154297,-0.0045160651206970215,-0.0043343305587768555,-0.0032051801681518555,-0.0025200843811035156,-0.0035976171493530273,-0.004049181938171387
2081.5,-0.000863879919052124,-0.001071333885192871,-0.001277625560760498,-0.0010449886322021484,-0.0009010434150695801,-0.00022590160369873047,-0.0008387565612792969,-0.0009168386459350586,-0.00117570161819458,-0.000946342945098877,-0.0016710162162780762,-0.001367807388305664,-0.0011215806007385254,-0.0009691715240478516,-0.0011661052703857422,-0.0013114213943481445,-0.0020027458667755127,-0.0017101764678955078,-0.0021155476570129395,-0.0019033551216125488,-0.0016919970512390137,-0.0014641284942626953,-0.0017021894454956055,-0.0018315315246582031,-0.002635747194290161,-0.0024727582931518555,-0.003654003143310547,-0.0026136040687561035,-0.002219259738922119,-0.0016169548034667969,-0.002237677574157715,-0.002556443214416504,-0.0029482245445251465,-0.0031255483627319336,-0.0025637149810791016,-0.0027652978897094727,-0.002291560173034668,-0.001709580421447754,-0.002351045608520508,-0.0027142763137817383,-0.004152864217758179,-0.0036208629608154297,-0.0045160651206970215,-0.0043343305587768555,-0.0032051801681518555,-0.0025200843811035156,-0.0035976171493530273,-0.004049181938171387
2082.5,-0.000863879919052124,-0.001071333885192871,-0.001277625560760498,-0.0010449886322021484,-0.0009010434150695801,-0.00022590160369873047,-0.0008387565612792969,-0.0009168386459350586,-0.00117570161819458,-0.000946342945098877,-0.0016710162162780762,-0.001367807388305664,-0.0011215806007385254,-0.0009691715240478516,-0.0011661052703857422,-0.0013114213943481445,-0.0020027458667755127,-0.0017101764678955078,-0.0021155476570129395,-0.0019033551216125488,-0.0016919970512390137,-0.0014641284942626953,-0.0017021894454956055,-0.0018315315246582031,-0.002635747194290161,-0.0024727582931518555,-0.003654003143310547,-0.0026136040687561035,-0.002219259738922119,-0.0016169548034667969,-0.002237677574157715,-0.002556443214416504,-0.0029482245445251465,-0.0031255483627319336,-0.0025637149810791016,-0.0027652978897094727,-0.002291560173034668,-0.001709580421447754,-0.002351045608520508,-0.0027142763137817383,-0.004152864217758179,-0.0036208629608154297,-0.0045160651206970215,-0.0043343305587768555,-0.0032051801681518555,-0.0025200843811035156,-0.0035976171493530273,-0.004049181938171387
2083.5,-0.000863879919052124,-0.001071333885192871,-0.001277625560760498,-0.0010449886322021484,-0.0009010434150695801,-0.00022590160369873047,-0.0008387565612792969,-0.0009168386459350586,-0.00117570161819458,-0.000946342945098877,-0.0016710162162780762,-0.001367807388305664,-0.0011215806007385254,-0.0009691715240478516,-0.0011661052703857422,-0.0013114213943481445,-0.0020027458667755127,-0.0017101764678955078,-0.0021155476570129395,-0.0019033551216125488,-0.0016919970512390137,-0.0014641284942626953,-0.0017021894454956055,-0.0018315315246582031,-0.002635747194290161,-0.0024727582931518555,-0.003654003143310547,-0.0026136040687561035,-0.002219259738922119,-0.0016169548034667969,-0.002237677574157715,-0.002556443214416504,-0.0029482245445251465,-0.0031255483627319336,-0.0025637149810791016,-0.0027652978897094727,-0.002291560173034668,-0.001709580421447754,-0.002351045608520508,-0.0027142763137817383,-0.004152864217758179,-0.0036208629608154297,-0.0045160651206970215,-0.0043343305587768555,-0.0032051801681518555,-0.0025200843811035156,-0.0035976171493530273,-0.004049181938171387
2084.5,-0.000863879919052124,-0.001071333885192871,-0.001277625560760498,-0.0010449886322021484,-0.0009010434150695801,-0.00022590160369873047,-0.0008387565612792969,-0.0009168386459350586,-0.00117570161819458,-0.000946342945098877,-0.0016710162162780762,-0.001367807388305664,-0.0011215806007385254,-0.0009691715240478516,-0.0011661052703857422,-0.0013114213943481445,-0.0020027458667755127,-0.0017101764678955078,-0.0021155476570129395,-0.0019033551216125488,-0.0016919970512390137,-0.0014641284942626953,-0.0017021894454956055,-0.0018315315246582031,-0.002635747194290161,-0.0024727582931518555,-0.003654003143310547,-0.0026136040687561035,-0.002219259738922119,-0.0016169548034667969,-0.002237677574157715,-0.002556443214416504,-0.0029482245445251465,-0.0031255483627319336,-0.0025637149810791016,-0.0027652978897094727,-0.002291560173034668,-0.001709580421447754,-0.002351045608520508,-0.0027142763137817383,-0.004152864217758179,-0.0036208629608154297,-0.0045160651206970215,-0.0043343305587768555,-0.0032051801681518555,-0.0025200843811035156,-0.0035976171493530273,-0.004049181938171387
2085.5,-0.000863879919052124,-0.001071333885192871,-0.001277625560760498,-0.0010449886322021484,-0.0009010434150695801,-0.00022590160369873047,-0.0008387565612792969,-0.0009168386459350586,-0.00117570161819458,-0.000946342945098877,-0.0016710162162780762,-0.001367807388305664,-0.0011215806007385254,-0.0009691715240478516,-0.0011661052703857422,-0.0013114213943481445,-0.0020027458667755127,-0.0017101764678955078,-0.0021155476570129395,-0.0019033551216125488,-0.0016919970512390137,-0.0014641284942626953,-0.0017021894454956055,-0.0018315315246582031,-0.002635747194290161,-0.0024727582931518555,-0.003654003143310547,-0.0026136040687561035,-0.002219259738922119,-0.0016169548034667969,-0.002237677574157715,-0.002556443214416504,-0.0029482245445251465,-0.0031255483627319336,-0.0025637149810791016,-0.0027652978897094727,-0.002291560173034668,-0.001709580421447754,-0.002351045608520508,-0.0027142763137817383,-0.004152864217758179,-0.0036208629608154297,-0.0045160651206970215,-0.0043343305587768555,-0.0032051801681518555,-0.0025200843811035156,-0.0035976171493530273,-0.004049181938171387
2086.5,-0.000863879919052124,-0.001071333885192871,-0.001277625560760498,-0.0010449886322021484,-0.0009010434150695801,-0.00022590160369873047,-0.0008387565612792969,-0.0009168386459350586,-0.00117570161819458,-0.000946342945098877,-0.0016710162162780762,-0.001367807388305664,-0.0011215806007385254,-0.0009691715240478516,-0.0011661052703857422,-0.0013114213943481445,-0.0020027458667755127,-0.0017101764678955078,-0.0021155476570129395,-0.0019033551216125488,-0.0016919970512390137,-0.0014641284942626953,-0.0017021894454956055,-0.0018315315246582031,-0.002635747194290161,-0.0024727582931518555,-0.003654003143310547,-0.0026136040687561035,-0.002219259738922119,-0.0016169548034667969,-0.002237677574157715,-0.002556443214416504,-0.0029482245445251465,-0.0031255483627319336,-0.0025637149810791016,-0.0027652978897094727,-0.002291560173034668,-0.001709580421447754,-0.002351045608520508,-0.0027142763137817383,-0.004152864217758179,-0.0036208629608154297,-0.0045160651206970215,-0.0043343305587768555,-0.0032051801681518555,-0.0025200843811035156,-0.0035976171493530273,-0.004049181938171387
2087.5,-0.000863879919052124,-0.001071333885192871,-0.001277625560760498,-0.0010449886322021484,-0.0009010434150695801,-0.00022590160369873047,-0.0008387565612792969,-0.0009168386459350586,-0.00117570161819458,-0.000946342945098877,-0.0016710162162780762,-0.001367807388305664,-0.0011215806007385254,-0.0009691715240478516,-0.0011661052703857422,-0.0013114213943481445,-0.0020027458667755127,-0.0017101764678955078,-0.0021155476570129395,-0.0019033551216125488,-0.0016919970512390137,-0.0014641284942626953,-0.0017021894454956055,-0.0018315315246582031,-0.002635747194290161,-0.0024727582931518555,-0.003654003143310547,-0.0026136040687561035,-0.002219259738922119,-0.0016169548034667969,-0.002237677574157715,-0.002556443214416504,-0.0029482245445251465,-0.0031255483627319336,-0.0025637149810791016,-0.0027652978897094727,-0.002291560173034668,-0.001709580421447754,-0.002351045608520508,-0.0027142763137817383,-0.004152864217758179,-0.0036208629608154297,-0.0045160651206970215,-0.0043343305587768555,-0.0032051801681518555,-0.0025200843811035156,-0.0035976171493530273,-0.004049181938171387
2088.5,-0.000863879919052124,-0.001071333885192871,-0.001277625560760498,-0.0010449886322021484,-0.0009010434150695801,-0.00022590160369873047,-0.0008387565612792969,-0.0009168386459350586,-0.00117570161819458,-0.000946342945098877,-0.0016710162162780762,-0.001367807388305664,-0.0011215806007385254,-0.0009691715240478516,-0.0011661052703857422,-0.0013114213943481445,-0.0020027458667755127,-0.0017101764678955078,-0.0021155476570129395,-0.0019033551216125488,-0.0016919970512390137,-0.0014641284942626953,-0.0017021894454956055,-0.0018315315246582031,-0.002635747194290161,-0.0024727582931518555,-0.003654003143310547,-0.0026136040687561035,-0.002219259738922119,-0.0016169548034667969,-0.002237677574157715,-0.002556443214416504,-0.0029482245445251465,-0.0031255483627319336,-0.0025637149810791016,-0.0027652978897094727,-0.002291560173034668,-0.001709580421447754,-0.002351045608520508,-0.0027142763137817383,-0.004152864217758179,-0.0036208629608154297,-0.0045160651206970215,-0.0043343305587768555,-0.0032051801681518555,-0.0025200843811035156,-0.0035976171493530273,-0.004049181938171387
2089.5,-0.000863879919052124,-0.001071333885192871,-0.001277625560760498,-0.0010449886322021484,-0.0009010434150695801,-0.00022590160369873047,-0.0008387565612792969,-0.0009168386459350586,-0.00117570161819458,-0.000946342945098877,-0.0016710162162780762,-0.001367807388305664,-0.0011215806007385254,-0.0009691715240478516,-0.0011661052703857422,-0.0013114213943481445,-0.0020027458667755127,-0.0017101764678955078,-0.0021155476570129395,-0.0019033551216125488,-0.0016919970512390137,-0.0014641284942626953,-0.0017021894454956055,-0.0018315315246582031,-0.002635747194290161,-0.0024727582931518555,-0.003654003143310547,-0.0026136040687561035,-0.002219259738922119,-0.0016169548034667969,-0.002237677574157715,-0.002556443214416504,-0.0029482245445251465,-0.0031255483627319336,-0.0025637149810791016,-0.0027652978897094727,-0.002291560173034668,-0.001709580421447754,-0.002351045608520508,-0.0027142763137817383,-0.004152864217758179,-0.0036208629608154297,-0.0045160651206970215,-0.0043343305587768555,-0.0032051801681518555,-0.0025200843811035156,-0.0035976171493530273,-0.004049181938171387
2090.5,-0.000863879919052124,-0.001071333885192871,-0.001277625560760498,-0.0010449886322021484,-0.0009010434150695801,-0.00022590160369873047,-0.0008387565612792969,-0.0009168386459350586,-0.00117570161819458,-0.000946342945098877,-0.0016710162162780762,-0.001367807388305664,-0.0011215806007385254,-0.0009691715240478516,-0.0011661052703857422,-0.0013114213943481445,-0.0020027458667755127,-0.0017101764678955078,-0.0021155476570129395,-0.0019033551216125488,-0.0016919970512390137,-0.0014641284942626953,-0.0017021894454956055,-0.0018315315246582031,-0.002635747194290161,-0.0024727582931518555,-0.003654003143310547,-0.0026136040687561035,-0.002219259738922119,-0.0016169548034667969,-0.002237677574157715,-0.002556443214416504,-0.0029482245445251465,-0.0031255483627319336,-0.0025637149810791016,-0.0027652978897094727,-0.002291560173034668,-0.001709580421447754,-0.002351045608520508,-0.0027142763137817383,-0.004152864217758179,-0.0036208629608154297,-0.0045160651206970215,-0.0043343305587768555,-0.0032051801681518555,-0.0025200843811035156,-0.0035976171493530273,-0.004049181938171387
2091.5,-0.000863879919052124,-0.001071333885192871,-0.001277625560760498,-0.0010449886322021484,-0.0009010434150695801,-0.00022590160369873047,-0.0008387565612792969,-0.0009168386459350586,-0.00117570161819458,-0.000946342945098877,-0.0016710162162780762,-0.001367807388305664,-0.0011215806007385254,-0.0009691715240478516,-0.0011661052703857422,-0.0013114213943481445,-0.0020027458667755127,-0.0017101764678955078,-0.0021155476570129395,-0.0019033551216125488,-0.0016919970512390137,-0.0014641284942626953,-0.0017021894454956055,-0.0018315315246582031,-0.002635747194290161,-0.0024727582931518555,-0.003654003143310547,-0.0026136040687561035,-0.002219259738922119,-0.0016169548034667969,-0.002237677574157715,-0.002556443214416504,-0.0029482245445251465,-0.0031255483627319336,-0.0025637149810791016,-0.0027652978897094727,-0.002291560173034668,-0.001709580421447754,-0.002351045608520508,-0.0027142763137817383,-0.004152864217758179,-0.0036208629608154297,-0.0045160651206970215,-0.0043343305587768555,-0.0032051801681518555,-0.0025200843811035156,-0.0035976171493530273,-0.004049181938171387
2092.5,-0.000863879919052124,-0.001071333885192871,-0.001277625560760498,-0.0010449886322021484,-0.0009010434150695801,-0.00022590160369873047,-0.0008387565612792969,-0.0009168386459350586,-0.00117570161819458,-0.000946342945098877,-0.0016710162162780762,-0.001367807388305664,-0.0011215806007385254,-0.0009691715240478516,-0.0011661052703857422,-0.0013114213943481445,-0.0020027458667755127,-0.0017101764678955078,-0.0021155476570129395,-0.0019033551216125488,-0.0016919970512390137,-0.0014641284942626953,-0.0017021894454956055,-0.0018315315246582031,-0.002635747194290161,-0.0024727582931518555,-0.003654003143310547,-0.0026136040687561035,-0.002219259738922119,-0.0016169548034667969,-0.002237677574157715,-0.002556443214416504,-0.0029482245445251465,-0.0031255483627319336,-0.0025637149810791016,-0.0027652978897094727,-0.002291560173034668,-0.001709580421447754,-0.002351045608520508,-0.0027142763137817383,-0.004152864217758179,-0.0036208629608154297,-0.0045160651206970215,-0.0043343305587768555,-0.0032051801681518555,-0.0025200843811035156,-0.0035976171493530273,-0.004049181938171387
2093.5,-0.000863879919052124,-0.001071333885192871,-0.001277625560760498,-0.0010449886322021484,-0.0009010434150695801,-0.00022590160369873047,-0.0008387565612792969,-0.0009168386459350586,-0.00117570161819458,-0.000946342945098877,-0.0016710162162780762,-0.001367807388305664,-0.0011215806007385254,-0.0009691715240478516,-0.0011661052703857422,-0.0013114213943481445,-0.0020027458667755127,-0.0017101764678955078,-0.0021155476570129395,-0.0019033551216125488,-0.0016919970512390137,-0.0014641284942626953,-0.0017021894454956055,-0.0018315315246582031,-0.002635747194290161,-0.0024727582931518555,-0.003654003143310547,-0.0026136040687561035,-0.002219259738922119,-0.0016169548034667969,-0.002237677574157715,-0.002556443214416504,-0.0029482245445251465,-0.0031255483627319336,-0.0025637149810791016,-0.0027652978897094727,-0.002291560173034668,-0.001709580421447754,-0.002351045608520508,-0.0027142763137817383,-0.004152864217758179,-0.0036208629608154297,-0.0045160651206970215,-0.0043343305587768555,-0.0032051801681518555,-0.0025200843811035156,-0.0035976171493530273,-0.004049181938171387
2094.5,-0.000863879919052124,-0.001071333885192871,-0.001277625560760498,-0.0010449886322021484,-0.0009010434150695801,-0.00022590160369873047,-0.0008387565612792969,-0.0009168386459350586,-0.00117570161819458,-0.000946342945098877,-0.0016710162162780762,-0.001367807388305664,-0.0011215806007385254,-0.0009691715240478516,-0.0011661052703857422,-0.0013114213943481445,-0.0020027458667755127,-0.0017101764678955078,-0.0021155476570129395,-0.0019033551216125488,-0.0016919970512390137,-0.0014641284942626953,-0.0017021894454956055,-0.0018315315246582031,-0.002635747194290161,-0.0024727582931518555,-0.003654003143310547,-0.0026136040687561035,-0.002219259738922119,-0.0016169548034667969,-0.002237677574157715,-0.002556443214416504,-0.0029482245445251465,-0.0031255483627319336,-0.0025637149810791016,-0.0027652978897094727,-0.002291560173034668,-0.001709580421447754,-0.002351045608520508,-0.0027142763137817383,-0.004152864217758179,-0.0036208629608154297,-0.0045160651206970215,-0.0043343305587768555,-0.0032051801681518555,-0.0025200843811035156,-0.0035976171493530273,-0.004049181938171387
2095.5,-0.000863879919052124,-0.001071333885192871,-0.001277625560760498,-0.0010449886322021484,-0.0009010434150695801,-0.00022590160369873047,-0.0008387565612792969,-0.0009168386459350586,-0.00117570161819458,-0.000946342945098877,-0.0016710162162780762,-0.001367807388305664,-0.0011215806007385254,-0.0009691715240478516,-0.0011661052703857422,-0.0013114213943481445,-0.0020027458667755127,-0.0017101764678955078,-0.0021155476570129395,-0.0019033551216125488,-0.0016919970512390137,-0.0014641284942626953,-0.0017021894454956055,-0.0018315315246582031,-0.002635747194290161,-0.0024727582931518555,-0.003654003143310547,-0.0026136040687561035,-0.002219259738922119,-0.0016169548034667969,-0.002237677574157715,-0.002556443214416504,-0.0029482245445251465,-0.0031255483627319336,-0.0025637149810791016,-0.0027652978897094727,-0.002291560173034668,-0.001709580421447754,-0.002351045608520508,-0.0027142763137817383,-0.004152864217758179,-0.0036208629608154297,-0.0045160651206970215,-0.0043343305587768555,-0.0032051801681518555,-0.0025200843811035156,-0.0035976171493530273,-0.004049181938171387
2096.5,-0.000863879919052124,-0.001071333885192871,-0.001277625560760498,-0.0010449886322021484,-0.0009010434150695801,-0.00022590160369873047,-0.0008387565612792969,-0.0009168386459350586,-0.00117570161819458,-0.000946342945098877,-0.0016710162162780762,-0.001367807388305664,-0.0011215806007385254,-0.0009691715240478516,-0.0011661052703857422,-0.0013114213943481445,-0.0020027458667755127,-0.0017101764678955078,-0.0021155476570129395,-0.0019033551216125488,-0.0016919970512390137,-0.0014641284942626953,-0.0017021894454956055,-0.0018315315246582031,-0.002635747194290161,-0.0024727582931518555,-0.003654003143310547,-0.0026136040687561035,-0.002219259738922119,-0.0016169548034667969,-0.002237677574157715,-0.002556443214416504,-0.0029482245445251465,-0.0031255483627319336,-0.0025637149810791016,-0.0027652978897094727,-0.002291560173034668,-0.001709580421447754,-0.002351045608520508,-0.0027142763137817383,-0.004152864217758179,-0.0036208629608154297,-0.0045160651206970215,-0.0043343305587768555,-0.0032051801681518555,-0.0025200843811035156,-0.0035976171493530273,-0.004049181938171387
2097.5,-0.000863879919052124,-0.001071333885192871,-0.001277625560760498,-0.0010449886322021484,-0.0009010434150695801,-0.00022590160369873047,-0.0008387565612792969,-0.0009168386459350586,-0.00117570161819458,-0.000946342945098877,-0.0016710162162780762,-0.001367807388305664,-0.0011215806007385254,-0.0009691715240478516,-0.0011661052703857422,-0.0013114213943481445,-0.0020027458667755127,-0.0017101764678955078,-0.0021155476570129395,-0.0019033551216125488,-0.0016919970512390137,-0.0014641284942626953,-0.0017021894454956055,-0.0018315315246582031,-0.002635747194290161,-0.0024727582931518555,-0.003654003143310547,-0.0026136040687561035,-0.002219259738922119,-0.0016169548034667969,-0.002237677574157715,-0.002556443214416504,-0.0029482245445251465,-0.0031255483627319336,-0.0025637149810791016,-0.0027652978897094727,-0.002291560173034668,-0.001709580421447754,-0.002351045608520508,-0.0027142763137817383,-0.004152864217758179,-0.0036208629608154297,-0.0045160651206970215,-0.0043343305587768555,-0.0032051801681518555,-0.0025200843811035156,-0.0035976171493530273,-0.004049181938171387
2098.5,-0.000863879919052124,-0.001071333885192871,-0.001277625560760498,-0.0010449886322021484,-0.0009010434150695801,-0.00022590160369873047,-0.0008387565612792969,-0.0009168386459350586,-0.00117570161819458,-0.000946342945098877,-0.0016710162162780762,-0.001367807388305664,-0.0011215806007385254,-0.0009691715240478516,-0.0011661052703857422,-0.0013114213943481445,-0.0020027458667755127,-0.0017101764678955078,-0.0021155476570129395,-0.0019033551216125488,-0.0016919970512390137,-0.0014641284942626953,-0.0017021894454956055,-0.0018315315246582031,-0.002635747194290161,-0.0024727582931518555,-0.003654003143310547,-0.0026136040687561035,-0.002219259738922119,-0.0016169548034667969,-0.002237677574157715,-0.002556443214416504,-0.0029482245445251465,-0.0031255483627319336,-0.0025637149810791016,-0.0027652978897094727,-0.002291560173034668,-0.001709580421447754,-0.002351045608520508,-0.0027142763137817383,-0.004152864217758179,-0.0036208629608154297,-0.0045160651206970215,-0.0043343305587768555,-0.0032051801681518555,-0.0025200843811035156,-0.0035976171493530273,-0.004049181938171387
2099.5,-0.000863879919052124,-0.001071333885192871,-0.001277625560760498,-0.0010449886322021484,-0.0009010434150695801,-0.00022590160369873047,-0.0008387565612792969,-0.0009168386459350586,-0.00117570161819458,-0.000946342945098877,-0.0016710162162780762,-0.001367807388305664,-0.0011215806007385254,-0.0009691715240478516,-0.0011661052703857422,-0.0013114213943481445,-0.0020027458667755127,-0.0017101764678955078,-0.0021155476570129395,-0.0019033551216125488,-0.0016919970512390137,-0.0014641284942626953,-0.0017021894454956055,-0.0018315315246582031,-0.002635747194290161,-0.0024727582931518555,-0.003654003143310547,-0.0026136040687561035,-0.002219259738922119,-0.0016169548034667969,-0.002237677574157715,-0.002556443214416504,-0.0029482245445251465,-0.0031255483627319336,-0.0025637149810791016,-0.0027652978897094727,-0.002291560173034668,-0.001709580421447754,-0.002351045608520508,-0.0027142763137817383,-0.004152864217758179,-0.0036208629608154297,-0.0045160651206970215,-0.0043343305587768555,-0.0032051801681518555,-0.0025200843811035156,-0.0035976171493530273,-0.004049181938171387
2100.5,-0.000863879919052124,-0.001071333885192871,-0.001277625560760498,-0.0010449886322021484,-0.0009010434150695801,-0.00022590160369873047,-0.0008387565612792969,-0.0009168386459350586,-0.00117570161819458,-0.000946342945098877,-0.0016710162162780762,-0.001367807388305664,-0.0011215806007385254,-0.0009691715240478516,-0.0011661052703857422,-0.0013114213943481445,-0.0020027458667755127,-0.0017101764678955078,-0.0021155476570129395,-0.0019033551216125488,-0.0016919970512390137,-0.0014641284942626953,-0.0017021894454956055,-0.0018315315246582031,-0.002635747194290161,-0.0024727582931518555,-0.003654003143310547,-0.0026136040687561035,-0.002219259738922119,-0.0016169548034667969,-0.002237677574157715,-0.002556443214416504,-0.0029482245445251465,-0.0031255483627319336,-0.0025637149810791016,-0.0027652978897094727,-0.002291560173034668,-0.001709580421447754,-0.002351045608520508,-0.0027142763137817383,-0.004152864217758179,-0.0036208629608154297,-0.0045160651206970215,-0.0043343305587768555,-0.0032051801681518555,-0.0025200843811035156,-0.0035976171493530273,-0.004049181938171387
2101.5,-0.000863879919052124,-0.001071333885192871,-0.001277625560760498,-0.0010449886322021484,-0.0009010434150695801,-0.00022590160369873047,-0.0008387565612792969,-0.0009168386459350586,-0.00117570161819458,-0.000946342945098877,-0.0016710162162780762,-0.001367807388305664,-0.0011215806007385254,-0.0009691715240478516,-0.0011661052703857422,-0.0013114213943481445,-0.0020027458667755127,-0.0017101764678955078,-0.0021155476570129395,-0.0019033551216125488,-0.0016919970512390137,-0.0014641284942626953,-0.0017021894454956055,-0.0018315315246582031,-0.002635747194290161,-0.0024727582931518555,-0.003654003143310547,-0.0026136040687561035,-0.002219259738922119,-0.0016169548034667969,-0.002237677574157715,-0.002556443214416504,-0.0029482245445251465,-0.0031255483627319336,-0.0025637149810791016,-0.0027652978897094727,-0.002291560173034668,-0.001709580421447754,-0.002351045608520508,-0.0027142763137817383,-0.004152864217758179,-0.0036208629608154297,-0.0045160651206970215,-0.0043343305587768555,-0.0032051801681518555,-0.0025200843811035156,-0.0035976171493530273,-0.004049181938171387
2102.5,-0.000863879919052124,-0.001071333885192871,-0.001277625560760498,-0.0010449886322021484,-0.0009010434150695801,-0.00022590160369873047,-0.0008387565612792969,-0.0009168386459350586,-0.00117570161819458,-0.000946342945098877,-0.0016710162162780762,-0.001367807388305664,-0.0011215806007385254,-0.0009691715240478516,-0.0011661052703857422,-0.0013114213943481445,-0.0020027458667755127,-0.0017101764678955078,-0.0021155476570129395,-0.0019033551216125488,-0.0016919970512390137,-0.0014641284942626953,-0.0017021894454956055,-0.0018315315246582031,-0.002635747194290161,-0.0024727582931518555,-0.003654003143310547,-0.0026136040687561035,-0.002219259738922119,-0.0016169548034667969,-0.002237677574157715,-0.002556443214416504,-0.0029482245445251465,-0.0031255483627319336,-0.0025637149810791016,-0.0027652978897094727,-0.002291560173034668,-0.001709580421447754,-0.002351045608520508,-0.0027142763137817383,-0.004152864217758179,-0.0036208629608154297,-0.0045160651206970215,-0.0043343305587768555,-0.0032051801681518555,-0.0025200843811035156,-0.0035976171493530273,-0.004049181938171387
2103.5,-0.000863879919052124,-0.001071333885192871,-0.001277625560760498,-0.0010449886322021484,-0.0009010434150695801,-0.00022590160369873047,-0.0008387565612792969,-0.0009168386459350586,-0.00117570161819458,-0.000946342945098877,-0.0016710162162780762,-0.001367807388305664,-0.0011215806007385254,-0.0009691715240478516,-0.0011661052703857422,-0.0013114213943481445,-0.0020027458667755127,-0.0017101764678955078,-0.0021155476570129395,-0.0019033551216125488,-0.0016919970512390137,-0.0014641284942626953,-0.0017021894454956055,-0.0018315315246582031,-0.002635747194290161,-0.0024727582931518555,-0.003654003143310547,-0.0026136040687561035,-0.002219259738922119,-0.0016169548034667969,-0.002237677574157715,-0.002556443214416504,-0.0029482245445251465,-0.0031255483627319336,-0.0025637149810791016,-0.0027652978897094727,-0.002291560173034668,-0.001709580421447754,-0.002351045608520508,-0.0027142763137817383,-0.004152864217758179,-0.0036208629608154297,-0.0045160651206970215,-0.0043343305587768555,-0.0032051801681518555,-0.0025200843811035156,-0.0035976171493530273,-0.004049181938171387
2104.5,-0.000863879919052124,-0.001071333885192871,-0.001277625560760498,-0.0010449886322021484,-0.0009010434150695801,-0.00022590160369873047,-0.0008387565612792969,-0.0009168386459350586,-0.00117570161819458,-0.000946342945098877,-0.0016710162162780762,-0.001367807388305664,-0.0011215806007385254,-0.0009691715240478516,-0.0011661052703857422,-0.0013114213943481445,-0.0020027458667755127,-0.0017101764678955078,-0.0021155476570129395,-0.0019033551216125488,-0.0016919970512390137,-0.0014641284942626953,-0.0017021894454956055,-0.0018315315246582031,-0.002635747194290161,-0.0024727582931518555,-0.003654003143310547,-0.0026136040687561035,-0.002219259738922119,-0.0016169548034667969,-0.002237677574157715,-0.002556443214416504,-0.0029482245445251465,-0.0031255483627319336,-0.0025637149810791016,-0.0027652978897094727,-0.002291560173034668,-0.001709580421447754,-0.002351045608520508,-0.0027142763137817383,-0.004152864217758179,-0.0036208629608154297,-0.0045160651206970215,-0.0043343305587768555,-0.0032051801681518555,-0.0025200843811035156,-0.0035976171493530273,-0.004049181938171387
2105.5,-0.000863879919052124,-0.001071333885192871,-0.001277625560760498,-0.0010449886322021484,-0.0009010434150695801,-0.00022590160369873047,-0.0008387565612792969,-0.0009168386459350586,-0.00117570161819458,-0.000946342945098877,-0.0016710162162780762,-0.001367807388305664,-0.0011215806007385254,-0.0009691715240478516,-0.0011661052703857422,-0.0013114213943481445,-0.0020027458667755127,-0.0017101764678955078,-0.0021155476570129395,-0.0019033551216125488,-0.0016919970512390137,-0.0014641284942626953,-0.0017021894454956055,-0.0018315315246582031,-0.002635747194290161,-0.0024727582931518555,-0.003654003143310547,-0.0026136040687561035,-0.002219259738922119,-0.0016169548034667969,-0.002237677574157715,-0.002556443214416504,-0.0029482245445251465,-0.0031255483627319336,-0.0025637149810791016,-0.0027652978897094727,-0.002291560173034668,-0.001709580421447754,-0.002351045608520508,-0.0027142763137817383,-0.004152864217758179,-0.0036208629608154297,-0.0045160651206970215,-0.0043343305587768555,-0.0032051801681518555,-0.0025200843811035156,-0.0035976171493530273,-0.004049181938171387
2106.5,-0.000863879919052124,-0.001071333885192871,-0.001277625560760498,-0.0010449886322021484,-0.0009010434150695801,-0.00022590160369873047,-0.0008387565612792969,-0.0009168386459350586,-0.00117570161819458,-0.000946342945098877,-0.0016710162162780762,-0.001367807388305664,-0.0011215806007385254,-0.0009691715240478516,-0.0011661052703857422,-0.0013114213943481445,-0.0020027458667755127,-0.0017101764678955078,-0.0021155476570129395,-0.0019033551216125488,-0.0016919970512390137,-0.0014641284942626953,-0.0017021894454956055,-0.0018315315246582031,-0.002635747194290161,-0.0024727582931518555,-0.003654003143310547,-0.0026136040687561035,-0.002219259738922119,-0.0016169548034667969,-0.002237677574157715,-0.002556443214416504,-0.0029482245445251465,-0.0031255483627319336,-0.0025637149810791016,-0.0027652978897094727,-0.002291560173034668,-0.001709580421447754,-0.002351045608520508,-0.0027142763137817383,-0.004152864217758179,-0.0036208629608154297,-0.0045160651206970215,-0.0043343305587768555,-0.0032051801681518555,-0.0025200843811035156,-0.0035976171493530273,-0.004049181938171387
2107.5,-0.000863879919052124,-0.001071333885192871,-0.001277625560760498,-0.0010449886322021484,-0.0009010434150695801,-0.00022590160369873047,-0.0008387565612792969,-0.0009168386459350586,-0.00117570161819458,-0.000946342945098877,-0.0016710162162780762,-0.001367807388305664,-0.0011215806007385254,-0.0009691715240478516,-0.0011661052703857422,-0.0013114213943481445,-0.0020027458667755127,-0.0017101764678955078,-0.0021155476570129395,-0.0019033551216125488,-0.0016919970512390137,-0.0014641284942626953,-0.0017021894454956055,-0.0018315315246582031,-0.002635747194290161,-0.0024727582931518555,-0.003654003143310547,-0.0026136040687561035,-0.002219259738922119,-0.0016169548034667969,-0.002237677574157715,-0.002556443214416504,-0.0029482245445251465,-0.0031255483627319336,-0.0025637149810791016,-0.0027652978897094727,-0.002291560173034668,-0.001709580421447754,-0.002351045608520508,-0.0027142763137817383,-0.004152864217758179,-0.0036208629608154297,-0.0045160651206970215,-0.0043343305587768555,-0.0032051801681518555,-0.0025200843811035156,-0.0035976171493530273,-0.004049181938171387
2108.5,-0.000863879919052124,-0.001071333885192871,-0.001277625560760498,-0.0010449886322021484,-0.0009010434150695801,-0.00022590160369873047,-0.0008387565612792969,-0.0009168386459350586,-0.00117570161819458,-0.000946342945098877,-0.0016710162162780762,-0.001367807388305664,-0.0011215806007385254,-0.0009691715240478516,-0.0011661052703857422,-0.0013114213943481445,-0.0020027458667755127,-0.0017101764678955078,-0.0021155476570129395,-0.0019033551216125488,-0.0016919970512390137,-0.0014641284942626953,-0.0017021894454956055,-0.0018315315246582031,-0.002635747194290161,-0.0024727582931518555,-0.003654003143310547,-0.0026136040687561035,-0.002219259738922119,-0.0016169548034667969,-0.002237677574157715,-0.002556443214416504,-0.0029482245445251465,-0.0031255483627319336,-0.0025637149810791016,-0.0027652978897094727,-0.002291560173034668,-0.001709580421447754,-0.002351045608520508,-0.0027142763137817383,-0.004152864217758179,-0.0036208629608154297,-0.0045160651206970215,-0.0043343305587768555,-0.0032051801681518555,-0.0025200843811035156,-0.0035976171493530273,-0.004049181938171387
2109.5,-0.000863879919052124,-0.001071333885192871,-0.001277625560760498,-0.0010449886322021484,-0.0009010434150695801,-0.00022590160369873047,-0.0008387565612792969,-0.0009168386459350586,-0.00117570161819458,-0.000946342945098877,-0.0016710162162780762,-0.001367807388305664,-0.0011215806007385254,-0.0009691715240478516,-0.0011661052703857422,-0.0013114213943481445,-0.0020027458667755127,-0.0017101764678955078,-0.0021155476570129395,-0.0019033551216125488,-0.0016919970512390137,-0.0014641284942626953,-0.0017021894454956055,-0.0018315315246582031,-0.002635747194290161,-0.0024727582931518555,-0.003654003143310547,-0.0026136040687561035,-0.002219259738922119,-0.0016169548034667969,-0.002237677574157715,-0.002556443214416504,-0.0029482245445251465,-0.0031255483627319336,-0.0025637149810791016,-0.0027652978897094727,-0.002291560173034668,-0.001709580421447754,-0.002351045608520508,-0.0027142763137817383,-0.004152864217758179,-0.0036208629608154297,-0.0045160651206970215,-0.0043343305587768555,-0.0032051801681518555,-0.0025200843811035156,-0.0035976171493530273,-0.004049181938171387
2110.5,-0.000863879919052124,-0.001071333885192871,-0.001277625560760498,-0.0010449886322021484,-0.0009010434150695801,-0.00022590160369873047,-0.0008387565612792969,-0.0009168386459350586,-0.00117570161819458,-0.000946342945098877,-0.0016710162162780762,-0.001367807388305664,-0.0011215806007385254,-0.0009691715240478516,-0.0011661052703857422,-0.0013114213943481445,-0.0020027458667755127,-0.0017101764678955078,-0.0021155476570129395,-0.0019033551216125488,-0.0016919970512390137,-0.0014641284942626953,-0.0017021894454956055,-0.0018315315246582031,-0.002635747194290161,-0.0024727582931518555,-0.003654003143310547,-0.0026136040687561035,-0.002219259738922119,-0.0016169548034667969,-0.002237677574157715,-0.002556443214416504,-0.0029482245445251465,-0.0031255483627319336,-0.0025637149810791016,-0.0027652978897094727,-0.002291560173034668,-0.001709580421447754,-0.002351045608520508,-0.0027142763137817383,-0.004152864217758179,-0.0036208629608154297,-0.0045160651206970215,-0.0043343305587768555,-0.0032051801681518555,-0.0025200843811035156,-0.0035976171493530273,-0.004049181938171387
2111.5,-0.000863879919052124,-0.001071333885192871,-0.001277625560760498,-0.0010449886322021484,-0.0009010434150695801,-0.00022590160369873047,-0.0008387565612792969,-0.0009168386459350586,-0.00117570161819458,-0.000946342945098877,-0.0016710162162780762,-0.001367807388305664,-0.0011215806007385254,-0.0009691715240478516,-0.0011661052703857422,-0.0013114213943481445,-0.0020027458667755127,-0.0017101764678955078,-0.0021155476570129395,-0.0019033551216125488,-0.0016919970512390137,-0.0014641284942626953,-0.0017021894454956055,-0.0018315315246582031,-0.002635747194290161,-0.0024727582931518555,-0.003654003143310547,-0.0026136040687561035,-0.002219259738922119,-0.0016169548034667969,-0.002237677574157715,-0.002556443214416504,-0.0029482245445251465,-0.0031255483627319336,-0.0025637149810791016,-0.0027652978897094727,-0.002291560173034668,-0.001709580421447754,-0.002351045608520508,-0.0027142763137817383,-0.004152864217758179,-0.0036208629608154297,-0.0045160651206970215,-0.0043343305587768555,-0.0032051801681518555,-0.0025200843811035156,-0.0035976171493530273,-0.004049181938171387
2112.5,-0.000863879919052124,-0.001071333885192871,-0.001277625560760498,-0.0010449886322021484,-0.0009010434150695801,-0.00022590160369873047,-0.0008387565612792969,-0.0009168386459350586,-0.00117570161819458,-0.000946342945098877,-0.0016710162162780762,-0.001367807388305664,-0.0011215806007385254,-0.0009691715240478516,-0.0011661052703857422,-0.0013114213943481445,-0.0020027458667755127,-0.0017101764678955078,-0.0021155476570129395,-0.0019033551216125488,-0.0016919970512390137,-0.0014641284942626953,-0.0017021894454956055,-0.0018315315246582031,-0.002635747194290161,-0.0024727582931518555,-0.003654003143310547,-0.0026136040687561035,-0.002219259738922119,-0.0016169548034667969,-0.002237677574157715,-0.002556443214416504,-0.0029482245445251465,-0.0031255483627319336,-0.0025637149810791016,-0.0027652978897094727,-0.002291560173034668,-0.001709580421447754,-0.002351045608520508,-0.0027142763137817383,-0.004152864217758179,-0.0036208629608154297,-0.0045160651206970215,-0.0043343305587768555,-0.0032051801681518555,-0.0025200843811035156,-0.0035976171493530273,-0.004049181938171387
2113.5,-0.000863879919052124,-0.001071333885192871,-0.001277625560760498,-0.0010449886322021484,-0.0009010434150695801,-0.00022590160369873047,-0.0008387565612792969,-0.0009168386459350586,-0.00117570161819458,-0.000946342945098877,-0.0016710162162780762,-0.001367807388305664,-0.0011215806007385254,-0.0009691715240478516,-0.0011661052703857422,-0.0013114213943481445,-0.0020027458667755127,-0.0017101764678955078,-0.0021155476570129395,-0.0019033551216125488,-0.0016919970512390137,-0.0014641284942626953,-0.0017021894454956055,-0.0018315315246582031,-0.002635747194290161,-0.0024727582931518555,-0.003654003143310547,-0.0026136040687561035,-0.002219259738922119,-0.0016169548034667969,-0.002237677574157715,-0.002556443214416504,-0.0029482245445251465,-0.0031255483627319336,-0.0025637149810791016,-0.0027652978897094727,-0.002291560173034668,-0.001709580421447754,-0.002351045608520508,-0.0027142763137817383,-0.004152864217758179,-0.0036208629608154297,-0.0045160651206970215,-0.0043343305587768555,-0.0032051801681518555,-0.0025200843811035156,-0.0035976171493530273,-0.004049181938171387
2114.5,-0.000863879919052124,-0.001071333885192871,-0.001277625560760498,-0.0010449886322021484,-0.0009010434150695801,-0.00022590160369873047,-0.0008387565612792969,-0.0009168386459350586,-0.00117570161819458,-0.000946342945098877,-0.0016710162162780762,-0.001367807388305664,-0.0011215806007385254,-0.0009691715240478516,-0.0011661052703857422,-0.0013114213943481445,-0.0020027458667755127,-0.0017101764678955078,-0.0021155476570129395,-0.0019033551216125488,-0.0016919970512390137,-0.0014641284942626953,-0.0017021894454956055,-0.0018315315246582031,-0.002635747194290161,-0.0024727582931518555,-0.003654003143310547,-0.0026136040687561035,-0.002219259738922119,-0.0016169548034667969,-0.002237677574157715,-0.002556443214416504,-0.0029482245445251465,-0.0031255483627319336,-0.0025637149810791016,-0.0027652978897094727,-0.002291560173034668,-0.001709580421447754,-0.002351045608520508,-0.0027142763137817383,-0.004152864217758179,-0.0036208629608154297,-0.0045160651206970215,-0.0043343305587768555,-0.0032051801681518555,-0.0025200843811035156,-0.0035976171493530273,-0.004049181938171387
2115.5,-0.000863879919052124,-0.001071333885192871,-0.001277625560760498,-0.0010449886322021484,-0.0009010434150695801,-0.00022590160369873047,-0.0008387565612792969,-0.0009168386459350586,-0.00117570161819458,-0.000946342945098877,-0.0016710162162780762,-0.001367807388305664,-0.0011215806007385254,-0.0009691715240478516,-0.0011661052703857422,-0.0013114213943481445,-0.0020027458667755127,-0.0017101764678955078,-0.0021155476570129395,-0.0019033551216125488,-0.0016919970512390137,-0.0014641284942626953,-0.0017021894454956055,-0.0018315315246582031,-0.002635747194290161,-0.0024727582931518555,-0.003654003143310547,-0.0026136040687561035,-0.002219259738922119,-0.0016169548034667969,-0.002237677574157715,-0.002556443214416504,-0.0029482245445251465,-0.0031255483627319336,-0.0025637149810791016,-0.0027652978897094727,-0.002291560173034668,-0.001709580421447754,-0.002351045608520508,-0.0027142763137817383,-0.004152864217758179,-0.0036208629608154297,-0.0045160651206970215,-0.0043343305587768555,-0.0032051801681518555,-0.0025200843811035156,-0.0035976171493530273,-0.004049181938171387
2116.5,-0.000863879919052124,-0.001071333885192871,-0.001277625560760498,-0.0010449886322021484,-0.0009010434150695801,-0.00022590160369873047,-0.0008387565612792969,-0.0009168386459350586,-0.00117570161819458,-0.000946342945098877,-0.0016710162162780762,-0.001367807388305664,-0.0011215806007385254,-0.0009691715240478516,-0.0011661052703857422,-0.0013114213943481445,-0.0020027458667755127,-0.0017101764678955078,-0.0021155476570129395,-0.0019033551216125488,-0.0016919970512390137,-0.0014641284942626953,-0.0017021894454956055,-0.0018315315246582031,-0.002635747194290161,-0.0024727582931518555,-0.003654003143310547,-0.0026136040687561035,-0.002219259738922119,-0.0016169548034667969,-0.002237677574157715,-0.002556443214416504,-0.0029482245445251465,-0.0031255483627319336,-0.0025637149810791016,-0.0027652978897094727,-0.002291560173034668,-0.001709580421447754,-0.002351045608520508,-0.0027142763137817383,-0.004152864217758179,-0.0036208629608154297,-0.0045160651206970215,-0.0043343305587768555,-0.0032051801681518555,-0.0025200843811035156,-0.0035976171493530273,-0.004049181938171387
2117.5,-0.000863879919052124,-0.001071333885192871,-0.001277625560760498,-0.0010449886322021484,-0.0009010434150695801,-0.00022590160369873047,-0.0008387565612792969,-0.0009168386459350586,-0.00117570161819458,-0.000946342945098877,-0.0016710162162780762,-0.001367807388305664,-0.0011215806007385254,-0.0009691715240478516,-0.0011661052703857422,-0.0013114213943481445,-0.0020027458667755127,-0.0017101764678955078,-0.0021155476570129395,-0.0019033551216125488,-0.0016919970512390137,-0.0014641284942626953,-0.0017021894454956055,-0.0018315315246582031,-0.002635747194290161,-0.0024727582931518555,-0.003654003143310547,-0.0026136040687561035,-0.002219259738922119,-0.0016169548034667969,-0.002237677574157715,-0.002556443214416504,-0.0029482245445251465,-0.0031255483627319336,-0.0025637149810791016,-0.0027652978897094727,-0.002291560173034668,-0.001709580421447754,-0.002351045608520508,-0.0027142763137817383,-0.004152864217758179,-0.0036208629608154297,-0.0045160651206970215,-0.0043343305587768555,-0.0032051801681518555,-0.0025200843811035156,-0.0035976171493530273,-0.004049181938171387
2118.5,-0.000863879919052124,-0.001071333885192871,-0.001277625560760498,-0.0010449886322021484,-0.0009010434150695801,-0.00022590160369873047,-0.0008387565612792969,-0.0009168386459350586,-0.00117570161819458,-0.000946342945098877,-0.0016710162162780762,-0.001367807388305664,-0.0011215806007385254,-0.0009691715240478516,-0.0011661052703857422,-0.0013114213943481445,-0.0020027458667755127,-0.0017101764678955078,-0.0021155476570129395,-0.0019033551216125488,-0.0016919970512390137,-0.0014641284942626953,-0.0017021894454956055,-0.0018315315246582031,-0.002635747194290161,-0.0024727582931518555,-0.003654003143310547,-0.0026136040687561035,-0.002219259738922119,-0.0016169548034667969,-0.002237677574157715,-0.002556443214416504,-0.0029482245445251465,-0.0031255483627319336,-0.0025637149810791016,-0.0027652978897094727,-0.002291560173034668,-0.001709580421447754,-0.002351045608520508,-0.0027142763137817383,-0.004152864217758179,-0.0036208629608154297,-0.0045160651206970215,-0.0043343305587768555,-0.0032051801681518555,-0.0025200843811035156,-0.0035976171493530273,-0.004049181938171387
2119.5,-0.000863879919052124,-0.001071333885192871,-0.001277625560760498,-0.0010449886322021484,-0.0009010434150695801,-0.00022590160369873047,-0.0008387565612792969,-0.0009168386459350586,-0.00117570161819458,-0.000946342945098877,-0.0016710162162780762,-0.001367807388305664,-0.0011215806007385254,-0.0009691715240478516,-0.0011661052703857422,-0.0013114213943481445,-0.0020027458667755127,-0.0017101764678955078,-0.0021155476570129395,-0.0019033551216125488,-0.0016919970512390137,-0.0014641284942626953,-0.0017021894454956055,-0.0018315315246582031,-0.002635747194290161,-0.0024727582931518555,-0.003654003143310547,-0.0026136040687561035,-0.002219259738922119,-0.0016169548034667969,-0.002237677574157715,-0.002556443214416504,-0.0029482245445251465,-0.0031255483627319336,-0.0025637149810791016,-0.0027652978897094727,-0.002291560173034668,-0.001709580421447754,-0.002351045608520508,-0.0027142763137817383,-0.004152864217758179,-0.0036208629608154297,-0.0045160651206970215,-0.0043343305587768555,-0.0032051801681518555,-0.0025200843811035156,-0.0035976171493530273,-0.004049181938171387
2120.5,-0.000863879919052124,-0.001071333885192871,-0.001277625560760498,-0.0010449886322021484,-0.0009010434150695801,-0.00022590160369873047,-0.0008387565612792969,-0.0009168386459350586,-0.00117570161819458,-0.000946342945098877,-0.0016710162162780762,-0.001367807388305664,-0.0011215806007385254,-0.0009691715240478516,-0.0011661052703857422,-0.0013114213943481445,-0.0020027458667755127,-0.0017101764678955078,-0.0021155476570129395,-0.0019033551216125488,-0.0016919970512390137,-0.0014641284942626953,-0.0017021894454956055,-0.0018315315246582031,-0.002635747194290161,-0.0024727582931518555,-0.003654003143310547,-0.0026136040687561035,-0.002219259738922119,-0.0016169548034667969,-0.002237677574157715,-0.002556443214416504,-0.0029482245445251465,-0.0031255483627319336,-0.0025637149810791016,-0.0027652978897094727,-0.002291560173034668,-0.001709580421447754,-0.002351045608520508,-0.0027142763137817383,-0.004152864217758179,-0.0036208629608154297,-0.0045160651206970215,-0.0043343305587768555,-0.0032051801681518555,-0.0025200843811035156,-0.0035976171493530273,-0.004049181938171387
2121.5,-0.000863879919052124,-0.001071333885192871,-0.001277625560760498,-0.0010449886322021484,-0.0009010434150695801,-0.00022590160369873047,-0.0008387565612792969,-0.0009168386459350586,-0.00117570161819458,-0.000946342945098877,-0.0016710162162780762,-0.001367807388305664,-0.0011215806007385254,-0.0009691715240478516,-0.0011661052703857422,-0.0013114213943481445,-0.0020027458667755127,-0.0017101764678955078,-0.0021155476570129395,-0.0019033551216125488,-0.0016919970512390137,-0.0014641284942626953,-0.0017021894454956055,-0.0018315315246582031,-0.002635747194290161,-0.0024727582931518555,-0.003654003143310547,-0.0026136040687561035,-0.002219259738922119,-0.0016169548034667969,-0.002237677574157715,-0.002556443214416504,-0.0029482245445251465,-0.0031255483627319336,-0.0025637149810791016,-0.0027652978897094727,-0.002291560173034668,-0.001709580421447754,-0.002351045608520508,-0.0027142763137817383,-0.004152864217758179,-0.0036208629608154297,-0.0045160651206970215,-0.0043343305587768555,-0.0032051801681518555,-0.0025200843811035156,-0.0035976171493530273,-0.004049181938171387
2122.5,-0.000863879919052124,-0.001071333885192871,-0.001277625560760498,-0.0010449886322021484,-0.0009010434150695801,-0.00022590160369873047,-0.0008387565612792969,-0.0009168386459350586,-0.00117570161819458,-0.000946342945098877,-0.0016710162162780762,-0.001367807388305664,-0.0011215806007385254,-0.0009691715240478516,-0.0011661052703857422,-0.0013114213943481445,-0.0020027458667755127,-0.0017101764678955078,-0.0021155476570129395,-0.0019033551216125488,-0.0016919970512390137,-0.0014641284942626953,-0.0017021894454956055,-0.0018315315246582031,-0.002635747194290161,-0.0024727582931518555,-0.003654003143310547,-0.0026136040687561035,-0.002219259738922119,-0.0016169548034667969,-0.002237677574157715,-0.002556443214416504,-0.0029482245445251465,-0.0031255483627319336,-0.0025637149810791016,-0.0027652978897094727,-0.002291560173034668,-0.001709580421447754,-0.002351045608520508,-0.0027142763137817383,-0.004152864217758179,-0.0036208629608154297,-0.0045160651206970215,-0.0043343305587768555,-0.0032051801681518555,-0.0025200843811035156,-0.0035976171493530273,-0.004049181938171387
2123.5,-0.000863879919052124,-0.001071333885192871,-0.001277625560760498,-0.0010449886322021484,-0.0009010434150695801,-0.00022590160369873047,-0.0008387565612792969,-0.0009168386459350586,-0.00117570161819458,-0.000946342945098877,-0.0016710162162780762,-0.001367807388305664,-0.0011215806007385254,-0.0009691715240478516,-0.0011661052703857422,-0.0013114213943481445,-0.0020027458667755127,-0.0017101764678955078,-0.0021155476570129395,-0.0019033551216125488,-0.0016919970512390137,-0.0014641284942626953,-0.0017021894454956055,-0.0018315315246582031,-0.002635747194290161,-0.0024727582931518555,-0.003654003143310547,-0.0026136040687561035,-0.002219259738922119,-0.0016169548034667969,-0.002237677574157715,-0.002556443214416504,-0.0029482245445251465,-0.0031255483627319336,-0.0025637149810791016,-0.0027652978897094727,-0.002291560173034668,-0.001709580421447754,-0.002351045608520508,-0.0027142763137817383,-0.004152864217758179,-0.0036208629608154297,-0.0045160651206970215,-0.0043343305587768555,-0.0032051801681518555,-0.0025200843811035156,-0.0035976171493530273,-0.004049181938171387
2124.5,-0.000863879919052124,-0.001071333885192871,-0.001277625560760498,-0.0010449886322021484,-0.0009010434150695801,-0.00022590160369873047,-0.0008387565612792969,-0.0009168386459350586,-0.00117570161819458,-0.000946342945098877,-0.0016710162162780762,-0.001367807388305664,-0.0011215806007385254,-0.0009691715240478516,-0.0011661052703857422,-0.0013114213943481445,-0.0020027458667755127,-0.0017101764678955078,-0.0021155476570129395,-0.0019033551216125488,-0.0016919970512390137,-0.0014641284942626953,-0.0017021894454956055,-0.0018315315246582031,-0.002635747194290161,-0.0024727582931518555,-0.003654003143310547,-0.0026136040687561035,-0.002219259738922119,-0.0016169548034667969,-0.002237677574157715,-0.002556443214416504,-0.0029482245445251465,-0.0031255483627319336,-0.0025637149810791016,-0.0027652978897094727,-0.002291560173034668,-0.001709580421447754,-0.002351045608520508,-0.0027142763137817383,-0.004152864217758179,-0.0036208629608154297,-0.0045160651206970215,-0.0043343305587768555,-0.0032051801681518555,-0.0025200843811035156,-0.0035976171493530273,-0.004049181938171387
2125.5,-0.000863879919052124,-0.001071333885192871,-0.001277625560760498,-0.0010449886322021484,-0.0009010434150695801,-0.00022590160369873047,-0.0008387565612792969,-0.0009168386459350586,-0.00117570161819458,-0.000946342945098877,-0.0016710162162780762,-0.001367807388305664,-0.0011215806007385254,-0.0009691715240478516,-0.0011661052703857422,-0.0013114213943481445,-0.0020027458667755127,-0.0017101764678955078,-0.0021155476570129395,-0.0019033551216125488,-0.0016919970512390137,-0.0014641284942626953,-0.0017021894454956055,-0.0018315315246582031,-0.002635747194290161,-0.0024727582931518555,-0.003654003143310547,-0.0026136040687561035,-0.002219259738922119,-0.0016169548034667969,-0.002237677574157715,-0.002556443214416504,-0.0029482245445251465,-0.0031255483627319336,-0.0025637149810791016,-0.0027652978897094727,-0.002291560173034668,-0.001709580421447754,-0.002351045608520508,-0.0027142763137817383,-0.004152864217758179,-0.0036208629608154297,-0.0045160651206970215,-0.0043343305587768555,-0.0032051801681518555,-0.0025200843811035156,-0.0035976171493530273,-0.004049181938171387
2126.5,-0.000863879919052124,-0.001071333885192871,-0.001277625560760498,-0.0010449886322021484,-0.0009010434150695801,-0.00022590160369873047,-0.0008387565612792969,-0.0009168386459350586,-0.00117570161819458,-0.000946342945098877,-0.0016710162162780762,-0.001367807388305664,-0.0011215806007385254,-0.0009691715240478516,-0.0011661052703857422,-0.0013114213943481445,-0.0020027458667755127,-0.0017101764678955078,-0.0021155476570129395,-0.0019033551216125488,-0.0016919970512390137,-0.0014641284942626953,-0.0017021894454956055,-0.0018315315246582031,-0.002635747194290161,-0.0024727582931518555,-0.003654003143310547,-0.0026136040687561035,-0.002219259738922119,-0.0016169548034667969,-0.002237677574157715,-0.002556443214416504,-0.0029482245445251465,-0.0031255483627319336,-0.0025637149810791016,-0.0027652978897094727,-0.002291560173034668,-0.001709580421447754,-0.002351045608520508,-0.0027142763137817383,-0.004152864217758179,-0.0036208629608154297,-0.0045160651206970215,-0.0043343305587768555,-0.0032051801681518555,-0.0025200843811035156,-0.0035976171493530273,-0.004049181938171387
2127.5,-0.000863879919052124,-0.001071333885192871,-0.001277625560760498,-0.0010449886322021484,-0.0009010434150695801,-0.00022590160369873047,-0.0008387565612792969,-0.0009168386459350586,-0.00117570161819458,-0.000946342945098877,-0.0016710162162780762,-0.001367807388305664,-0.0011215806007385254,-0.0009691715240478516,-0.0011661052703857422,-0.0013114213943481445,-0.0020027458667755127,-0.0017101764678955078,-0.0021155476570129395,-0.0019033551216125488,-0.0016919970512390137,-0.0014641284942626953,-0.0017021894454956055,-0.0018315315246582031,-0.002635747194290161,-0.0024727582931518555,-0.003654003143310547,-0.0026136040687561035,-0.002219259738922119,-0.0016169548034667969,-0.002237677574157715,-0.002556443214416504,-0.0029482245445251465,-0.0031255483627319336,-0.0025637149810791016,-0.0027652978897094727,-0.002291560173034668,-0.001709580421447754,-0.002351045608520508,-0.0027142763137817383,-0.004152864217758179,-0.0036208629608154297,-0.0045160651206970215,-0.0043343305587768555,-0.0032051801681518555,-0.0025200843811035156,-0.0035976171493530273,-0.004049181938171387
2128.5,-0.000863879919052124,-0.001071333885192871,-0.001277625560760498,-0.0010449886322021484,-0.0009010434150695801,-0.00022590160369873047,-0.0008387565612792969,-0.0009168386459350586,-0.00117570161819458,-0.000946342945098877,-0.0016710162162780762,-0.001367807388305664,-0.0011215806007385254,-0.0009691715240478516,-0.0011661052703857422,-0.0013114213943481445,-0.0020027458667755127,-0.0017101764678955078,-0.0021155476570129395,-0.0019033551216125488,-0.0016919970512390137,-0.0014641284942626953,-0.0017021894454956055,-0.0018315315246582031,-0.002635747194290161,-0.0024727582931518555,-0.003654003143310547,-0.0026136040687561035,-0.002219259738922119,-0.0016169548034667969,-0.002237677574157715,-0.002556443214416504,-0.0029482245445251465,-0.0031255483627319336,-0.0025637149810791016,-0.0027652978897094727,-0.002291560173034668,-0.001709580421447754,-0.002351045608520508,-0.0027142763137817383,-0.004152864217758179,-0.0036208629608154297,-0.0045160651206970215,-0.0043343305587768555,-0.0032051801681518555,-0.0025200843811035156,-0.0035976171493530273,-0.004049181938171387
2129.5,-0.000863879919052124,-0.001071333885192871,-0.001277625560760498,-0.0010449886322021484,-0.0009010434150695801,-0.00022590160369873047,-0.0008387565612792969,-0.0009168386459350586,-0.00117570161819458,-0.000946342945098877,-0.0016710162162780762,-0.001367807388305664,-0.0011215806007385254,-0.0009691715240478516,-0.0011661052703857422,-0.0013114213943481445,-0.0020027458667755127,-0.0017101764678955078,-0.0021155476570129395,-0.0019033551216125488,-0.0016919970512390137,-0.0014641284942626953,-0.0017021894454956055,-0.0018315315246582031,-0.002635747194290161,-0.0024727582931518555,-0.003654003143310547,-0.0026136040687561035,-0.002219259738922119,-0.0016169548034667969,-0.002237677574157715,-0.002556443214416504,-0.0029482245445251465,-0.0031255483627319336,-0.0025637149810791016,-0.0027652978897094727,-0.002291560173034668,-0.001709580421447754,-0.002351045608520508,-0.0027142763137817383,-0.004152864217758179,-0.0036208629608154297,-0.0045160651206970215,-0.0043343305587768555,-0.0032051801681518555,-0.0025200843811035156,-0.0035976171493530273,-0.004049181938171387
2130.5,-0.000863879919052124,-0.001071333885192871,-0.001277625560760498,-0.0010449886322021484,-0.0009010434150695801,-0.00022590160369873047,-0.0008387565612792969,-0.0009168386459350586,-0.00117570161819458,-0.000946342945098877,-0.0016710162162780762,-0.001367807388305664,-0.0011215806007385254,-0.0009691715240478516,-0.0011661052703857422,-0.0013114213943481445,-0.0020027458667755127,-0.0017101764678955078,-0.0021155476570129395,-0.0019033551216125488,-0.0016919970512390137,-0.0014641284942626953,-0.0017021894454956055,-0.0018315315246582031,-0.002635747194290161,-0.0024727582931518555,-0.003654003143310547,-0.0026136040687561035,-0.002219259738922119,-0.0016169548034667969,-0.002237677574157715,-0.002556443214416504,-0.0029482245445251465,-0.0031255483627319336,-0.0025637149810791016,-0.0027652978897094727,-0.002291560173034668,-0.001709580421447754,-0.002351045608520508,-0.0027142763137817383,-0.004152864217758179,-0.0036208629608154297,-0.0045160651206970215,-0.0043343305587768555,-0.0032051801681518555,-0.0025200843811035156,-0.0035976171493530273,-0.004049181938171387
2131.5,-0.000863879919052124,-0.001071333885192871,-0.001277625560760498,-0.0010449886322021484,-0.0009010434150695801,-0.00022590160369873047,-0.0008387565612792969,-0.0009168386459350586,-0.00117570161819458,-0.000946342945098877,-0.0016710162162780762,-0.001367807388305664,-0.0011215806007385254,-0.0009691715240478516,-0.0011661052703857422,-0.0013114213943481445,-0.0020027458667755127,-0.0017101764678955078,-0.0021155476570129395,-0.0019033551216125488,-0.0016919970512390137,-0.0014641284942626953,-0.0017021894454956055,-0.0018315315246582031,-0.002635747194290161,-0.0024727582931518555,-0.003654003143310547,-0.0026136040687561035,-0.002219259738922119,-0.0016169548034667969,-0.002237677574157715,-0.002556443214416504,-0.0029482245445251465,-0.0031255483627319336,-0.0025637149810791016,-0.0027652978897094727,-0.002291560173034668,-0.001709580421447754,-0.002351045608520508,-0.0027142763137817383,-0.004152864217758179,-0.0036208629608154297,-0.0045160651206970215,-0.0043343305587768555,-0.0032051801681518555,-0.0025200843811035156,-0.0035976171493530273,-0.004049181938171387
2132.5,-0.000863879919052124,-0.001071333885192871,-0.001277625560760498,-0.0010449886322021484,-0.0009010434150695801,-0.00022590160369873047,-0.0008387565612792969,-0.0009168386459350586,-0.00117570161819458,-0.000946342945098877,-0.0016710162162780762,-0.001367807388305664,-0.0011215806007385254,-0.0009691715240478516,-0.0011661052703857422,-0.0013114213943481445,-0.0020027458667755127,-0.0017101764678955078,-0.0021155476570129395,-0.0019033551216125488,-0.0016919970512390137,-0.0014641284942626953,-0.0017021894454956055,-0.0018315315246582031,-0.002635747194290161,-0.0024727582931518555,-0.003654003143310547,-0.0026136040687561035,-0.002219259738922119,-0.0016169548034667969,-0.002237677574157715,-0.002556443214416504,-0.0029482245445251465,-0.0031255483627319336,-0.0025637149810791016,-0.0027652978897094727,-0.002291560173034668,-0.001709580421447754,-0.002351045608520508,-0.0027142763137817383,-0.004152864217758179,-0.0036208629608154297,-0.0045160651206970215,-0.0043343305587768555,-0.0032051801681518555,-0.0025200843811035156,-0.0035976171493530273,-0.004049181938171387
2133.5,-0.000863879919052124,-0.001071333885192871,-0.001277625560760498,-0.0010449886322021484,-0.0009010434150695801,-0.00022590160369873047,-0.0008387565612792969,-0.0009168386459350586,-0.00117570161819458,-0.000946342945098877,-0.0016710162162780762,-0.001367807388305664,-0.0011215806007385254,-0.0009691715240478516,-0.0011661052703857422,-0.0013114213943481445,-0.0020027458667755127,-0.0017101764678955078,-0.0021155476570129395,-0.0019033551216125488,-0.0016919970512390137,-0.0014641284942626953,-0.0017021894454956055,-0.0018315315246582031,-0.002635747194290161,-0.0024727582931518555,-0.003654003143310547,-0.0026136040687561035,-0.002219259738922119,-0.0016169548034667969,-0.002237677574157715,-0.002556443214416504,-0.0029482245445251465,-0.0031255483627319336,-0.0025637149810791016,-0.0027652978897094727,-0.002291560173034668,-0.001709580421447754,-0.002351045608520508,-0.0027142763137817383,-0.004152864217758179,-0.0036208629608154297,-0.0045160651206970215,-0.0043343305587768555,-0.0032051801681518555,-0.0025200843811035156,-0.0035976171493530273,-0.004049181938171387
2134.5,-0.000863879919052124,-0.001071333885192871,-0.001277625560760498,-0.0010449886322021484,-0.0009010434150695801,-0.00022590160369873047,-0.0008387565612792969,-0.0009168386459350586,-0.00117570161819458,-0.000946342945098877,-0.0016710162162780762,-0.001367807388305664,-0.0011215806007385254,-0.0009691715240478516,-0.0011661052703857422,-0.0013114213943481445,-0.0020027458667755127,-0.0017101764678955078,-0.0021155476570129395,-0.0019033551216125488,-0.0016919970512390137,-0.0014641284942626953,-0.0017021894454956055,-0.0018315315246582031,-0.002635747194290161,-0.0024727582931518555,-0.003654003143310547,-0.0026136040687561035,-0.002219259738922119,-0.0016169548034667969,-0.002237677574157715,-0.002556443214416504,-0.0029482245445251465,-0.0031255483627319336,-0.0025637149810791016,-0.0027652978897094727,-0.002291560173034668,-0.001709580421447754,-0.002351045608520508,-0.0027142763137817383,-0.004152864217758179,-0.0036208629608154297,-0.0045160651206970215,-0.0043343305587768555,-0.0032051801681518555,-0.0025200843811035156,-0.0035976171493530273,-0.004049181938171387
2135.5,-0.000863879919052124,-0.001071333885192871,-0.001277625560760498,-0.0010449886322021484,-0.0009010434150695801,-0.00022590160369873047,-0.0008387565612792969,-0.0009168386459350586,-0.00117570161819458,-0.000946342945098877,-0.0016710162162780762,-0.001367807388305664,-0.0011215806007385254,-0.0009691715240478516,-0.0011661052703857422,-0.0013114213943481445,-0.0020027458667755127,-0.0017101764678955078,-0.0021155476570129395,-0.0019033551216125488,-0.0016919970512390137,-0.0014641284942626953,-0.0017021894454956055,-0.0018315315246582031,-0.002635747194290161,-0.0024727582931518555,-0.003654003143310547,-0.0026136040687561035,-0.002219259738922119,-0.0016169548034667969,-0.002237677574157715,-0.002556443214416504,-0.0029482245445251465,-0.0031255483627319336,-0.0025637149810791016,-0.0027652978897094727,-0.002291560173034668,-0.001709580421447754,-0.002351045608520508,-0.0027142763137817383,-0.004152864217758179,-0.0036208629608154297,-0.0045160651206970215,-0.0043343305587768555,-0.0032051801681518555,-0.0025200843811035156,-0.0035976171493530273,-0.004049181938171387
2136.5,-0.000863879919052124,-0.001071333885192871,-0.001277625560760498,-0.0010449886322021484,-0.0009010434150695801,-0.00022590160369873047,-0.0008387565612792969,-0.0009168386459350586,-0.00117570161819458,-0.000946342945098877,-0.0016710162162780762,-0.001367807388305664,-0.0011215806007385254,-0.0009691715240478516,-0.0011661052703857422,-0.0013114213943481445,-0.0020027458667755127,-0.0017101764678955078,-0.0021155476570129395,-0.0019033551216125488,-0.0016919970512390137,-0.0014641284942626953,-0.0017021894454956055,-0.0018315315246582031,-0.002635747194290161,-0.0024727582931518555,-0.003654003143310547,-0.0026136040687561035,-0.002219259738922119,-0.0016169548034667969,-0.002237677574157715,-0.002556443214416504,-0.0029482245445251465,-0.0031255483627319336,-0.0025637149810791016,-0.0027652978897094727,-0.002291560173034668,-0.001709580421447754,-0.002351045608520508,-0.0027142763137817383,-0.004152864217758179,-0.0036208629608154297,-0.0045160651206970215,-0.0043343305587768555,-0.0032051801681518555,-0.0025200843811035156,-0.0035976171493530273,-0.004049181938171387
2137.5,-0.000863879919052124,-0.001071333885192871,-0.001277625560760498,-0.0010449886322021484,-0.0009010434150695801,-0.00022590160369873047,-0.0008387565612792969,-0.0009168386459350586,-0.00117570161819458,-0.000946342945098877,-0.0016710162162780762,-0.001367807388305664,-0.0011215806007385254,-0.0009691715240478516,-0.0011661052703857422,-0.0013114213943481445,-0.0020027458667755127,-0.0017101764678955078,-0.0021155476570129395,-0.0019033551216125488,-0.0016919970512390137,-0.0014641284942626953,-0.0017021894454956055,-0.0018315315246582031,-0.002635747194290161,-0.0024727582931518555,-0.003654003143310547,-0.0026136040687561035,-0.002219259738922119,-0.0016169548034667969,-0.002237677574157715,-0.002556443214416504,-0.0029482245445251465,-0.0031255483627319336,-0.0025637149810791016,-0.0027652978897094727,-0.002291560173034668,-0.001709580421447754,-0.002351045608520508,-0.0027142763137817383,-0.004152864217758179,-0.0036208629608154297,-0.0045160651206970215,-0.0043343305587768555,-0.0032051801681518555,-0.0025200843811035156,-0.0035976171493530273,-0.004049181938171387
2138.5,-0.000863879919052124,-0.001071333885192871,-0.001277625560760498,-0.0010449886322021484,-0.0009010434150695801,-0.00022590160369873047,-0.0008387565612792969,-0.0009168386459350586,-0.00117570161819458,-0.000946342945098877,-0.0016710162162780762,-0.001367807388305664,-0.0011215806007385254,-0.0009691715240478516,-0.0011661052703857422,-0.0013114213943481445,-0.0020027458667755127,-0.0017101764678955078,-0.0021155476570129395,-0.0019033551216125488,-0.0016919970512390137,-0.0014641284942626953,-0.0017021894454956055,-0.0018315315246582031,-0.002635747194290161,-0.0024727582931518555,-0.003654003143310547,-0.0026136040687561035,-0.002219259738922119,-0.0016169548034667969,-0.002237677574157715,-0.002556443214416504,-0.0029482245445251465,-0.0031255483627319336,-0.0025637149810791016,-0.0027652978897094727,-0.002291560173034668,-0.001709580421447754,-0.002351045608520508,-0.0027142763137817383,-0.004152864217758179,-0.0036208629608154297,-0.0045160651206970215,-0.0043343305587768555,-0.0032051801681518555,-0.0025200843811035156,-0.0035976171493530273,-0.004049181938171387
2139.5,-0.000863879919052124,-0.001071333885192871,-0.001277625560760498,-0.0010449886322021484,-0.0009010434150695801,-0.00022590160369873047,-0.0008387565612792969,-0.0009168386459350586,-0.00117570161819458,-0.000946342945098877,-0.0016710162162780762,-0.001367807388305664,-0.0011215806007385254,-0.0009691715240478516,-0.0011661052703857422,-0.0013114213943481445,-0.0020027458667755127,-0.0017101764678955078,-0.0021155476570129395,-0.0019033551216125488,-0.0016919970512390137,-0.0014641284942626953,-0.0017021894454956055,-0.0018315315246582031,-0.002635747194290161,-0.0024727582931518555,-0.003654003143310547,-0.0026136040687561035,-0.002219259738922119,-0.0016169548034667969,-0.002237677574157715,-0.002556443214416504,-0.0029482245445251465,-0.0031255483627319336,-0.0025637149810791016,-0.0027652978897094727,-0.002291560173034668,-0.001709580421447754,-0.002351045608520508,-0.0027142763137817383,-0.004152864217758179,-0.0036208629608154297,-0.0045160651206970215,-0.0043343305587768555,-0.0032051801681518555,-0.0025200843811035156,-0.0035976171493530273,-0.004049181938171387
2140.5,-0.000863879919052124,-0.001071333885192871,-0.001277625560760498,-0.0010449886322021484,-0.0009010434150695801,-0.00022590160369873047,-0.0008387565612792969,-0.0009168386459350586,-0.00117570161819458,-0.000946342945098877,-0.0016710162162780762,-0.001367807388305664,-0.0011215806007385254,-0.0009691715240478516,-0.0011661052703857422,-0.0013114213943481445,-0.0020027458667755127,-0.0017101764678955078,-0.0021155476570129395,-0.0019033551216125488,-0.0016919970512390137,-0.0014641284942626953,-0.0017021894454956055,-0.0018315315246582031,-0.002635747194290161,-0.0024727582931518555,-0.003654003143310547,-0.0026136040687561035,-0.002219259738922119,-0.0016169548034667969,-0.002237677574157715,-0.002556443214416504,-0.0029482245445251465,-0.0031255483627319336,-0.0025637149810791016,-0.0027652978897094727,-0.002291560173034668,-0.001709580421447754,-0.002351045608520508,-0.0027142763137817383,-0.004152864217758179,-0.0036208629608154297,-0.0045160651206970215,-0.0043343305587768555,-0.0032051801681518555,-0.0025200843811035156,-0.0035976171493530273,-0.004049181938171387
2141.5,-0.000863879919052124,-0.001071333885192871,-0.001277625560760498,-0.0010449886322021484,-0.0009010434150695801,-0.00022590160369873047,-0.0008387565612792969,-0.0009168386459350586,-0.00117570161819458,-0.000946342945098877,-0.0016710162162780762,-0.001367807388305664,-0.0011215806007385254,-0.0009691715240478516,-0.0011661052703857422,-0.0013114213943481445,-0.0020027458667755127,-0.0017101764678955078,-0.0021155476570129395,-0.0019033551216125488,-0.0016919970512390137,-0.0014641284942626953,-0.0017021894454956055,-0.0018315315246582031,-0.002635747194290161,-0.0024727582931518555,-0.003654003143310547,-0.0026136040687561035,-0.002219259738922119,-0.0016169548034667969,-0.002237677574157715,-0.002556443214416504,-0.0029482245445251465,-0.0031255483627319336,-0.0025637149810791016,-0.0027652978897094727,-0.002291560173034668,-0.001709580421447754,-0.002351045608520508,-0.0027142763137817383,-0.004152864217758179,-0.0036208629608154297,-0.0045160651206970215,-0.0043343305587768555,-0.0032051801681518555,-0.0025200843811035156,-0.0035976171493530273,-0.004049181938171387
2142.5,-0.000863879919052124,-0.001071333885192871,-0.001277625560760498,-0.0010449886322021484,-0.0009010434150695801,-0.00022590160369873047,-0.0008387565612792969,-0.0009168386459350586,-0.00117570161819458,-0.000946342945098877,-0.0016710162162780762,-0.001367807388305664,-0.0011215806007385254,-0.0009691715240478516,-0.0011661052703857422,-0.0013114213943481445,-0.0020027458667755127,-0.0017101764678955078,-0.0021155476570129395,-0.0019033551216125488,-0.0016919970512390137,-0.0014641284942626953,-0.0017021894454956055,-0.0018315315246582031,-0.002635747194290161,-0.0024727582931518555,-0.003654003143310547,-0.0026136040687561035,-0.002219259738922119,-0.0016169548034667969,-0.002237677574157715,-0.002556443214416504,-0.0029482245445251465,-0.0031255483627319336,-0.0025637149810791016,-0.0027652978897094727,-0.002291560173034668,-0.001709580421447754,-0.002351045608520508,-0.0027142763137817383,-0.004152864217758179,-0.0036208629608154297,-0.0045160651206970215,-0.0043343305587768555,-0.0032051801681518555,-0.0025200843811035156,-0.0035976171493530273,-0.004049181938171387
2143.5,-0.000863879919052124,-0.001071333885192871,-0.001277625560760498,-0.0010449886322021484,-0.0009010434150695801,-0.00022590160369873047,-0.0008387565612792969,-0.0009168386459350586,-0.00117570161819458,-0.000946342945098877,-0.0016710162162780762,-0.001367807388305664,-0.0011215806007385254,-0.0009691715240478516,-0.0011661052703857422,-0.0013114213943481445,-0.0020027458667755127,-0.0017101764678955078,-0.0021155476570129395,-0.0019033551216125488,-0.0016919970512390137,-0.0014641284942626953,-0.0017021894454956055,-0.0018315315246582031,-0.002635747194290161,-0.0024727582931518555,-0.003654003143310547,-0.0026136040687561035,-0.002219259738922119,-0.0016169548034667969,-0.002237677574157715,-0.002556443214416504,-0.0029482245445251465,-0.0031255483627319336,-0.0025637149810791016,-0.0027652978897094727,-0.002291560173034668,-0.001709580421447754,-0.002351045608520508,-0.0027142763137817383,-0.004152864217758179,-0.0036208629608154297,-0.0045160651206970215,-0.0043343305587768555,-0.0032051801681518555,-0.0025200843811035156,-0.0035976171493530273,-0.004049181938171387
2144.5,-0.000863879919052124,-0.001071333885192871,-0.001277625560760498,-0.0010449886322021484,-0.0009010434150695801,-0.00022590160369873047,-0.0008387565612792969,-0.0009168386459350586,-0.00117570161819458,-0.000946342945098877,-0.0016710162162780762,-0.001367807388305664,-0.0011215806007385254,-0.0009691715240478516,-0.0011661052703857422,-0.0013114213943481445,-0.0020027458667755127,-0.0017101764678955078,-0.0021155476570129395,-0.0019033551216125488,-0.0016919970512390137,-0.0014641284942626953,-0.0017021894454956055,-0.0018315315246582031,-0.002635747194290161,-0.0024727582931518555,-0.003654003143310547,-0.0026136040687561035,-0.002219259738922119,-0.0016169548034667969,-0.002237677574157715,-0.002556443214416504,-0.0029482245445251465,-0.0031255483627319336,-0.0025637149810791016,-0.0027652978897094727,-0.002291560173034668,-0.001709580421447754,-0.002351045608520508,-0.0027142763137817383,-0.004152864217758179,-0.0036208629608154297,-0.0045160651206970215,-0.0043343305587768555,-0.0032051801681518555,-0.0025200843811035156,-0.0035976171493530273,-0.004049181938171387
2145.5,-0.000863879919052124,-0.001071333885192871,-0.001277625560760498,-0.0010449886322021484,-0.0009010434150695801,-0.00022590160369873047,-0.0008387565612792969,-0.0009168386459350586,-0.00117570161819458,-0.000946342945098877,-0.0016710162162780762,-0.001367807388305664,-0.0011215806007385254,-0.0009691715240478516,-0.0011661052703857422,-0.0013114213943481445,-0.0020027458667755127,-0.0017101764678955078,-0.0021155476570129395,-0.0019033551216125488,-0.0016919970512390137,-0.0014641284942626953,-0.0017021894454956055,-0.0018315315246582031,-0.002635747194290161,-0.0024727582931518555,-0.003654003143310547,-0.0026136040687561035,-0.002219259738922119,-0.0016169548034667969,-0.002237677574157715,-0.002556443214416504,-0.0029482245445251465,-0.0031255483627319336,-0.0025637149810791016,-0.0027652978897094727,-0.002291560173034668,-0.001709580421447754,-0.002351045608520508,-0.0027142763137817383,-0.004152864217758179,-0.0036208629608154297,-0.0045160651206970215,-0.0043343305587768555,-0.0032051801681518555,-0.0025200843811035156,-0.0035976171493530273,-0.004049181938171387
2146.5,-0.000863879919052124,-0.001071333885192871,-0.001277625560760498,-0.0010449886322021484,-0.0009010434150695801,-0.00022590160369873047,-0.0008387565612792969,-0.0009168386459350586,-0.00117570161819458,-0.000946342945098877,-0.0016710162162780762,-0.001367807388305664,-0.0011215806007385254,-0.0009691715240478516,-0.0011661052703857422,-0.0013114213943481445,-0.0020027458667755127,-0.0017101764678955078,-0.0021155476570129395,-0.0019033551216125488,-0.0016919970512390137,-0.0014641284942626953,-0.0017021894454956055,-0.0018315315246582031,-0.002635747194290161,-0.0024727582931518555,-0.003654003143310547,-0.0026136040687561035,-0.002219259738922119,-0.0016169548034667969,-0.002237677574157715,-0.002556443214416504,-0.0029482245445251465,-0.0031255483627319336,-0.0025637149810791016,-0.0027652978897094727,-0.002291560173034668,-0.001709580421447754,-0.002351045608520508,-0.0027142763137817383,-0.004152864217758179,-0.0036208629608154297,-0.0045160651206970215,-0.0043343305587768555,-0.0032051801681518555,-0.0025200843811035156,-0.0035976171493530273,-0.004049181938171387
2147.5,-0.000863879919052124,-0.001071333885192871,-0.001277625560760498,-0.0010449886322021484,-0.0009010434150695801,-0.00022590160369873047,-0.0008387565612792969,-0.0009168386459350586,-0.00117570161819458,-0.000946342945098877,-0.0016710162162780762,-0.001367807388305664,-0.0011215806007385254,-0.0009691715240478516,-0.0011661052703857422,-0.0013114213943481445,-0.0020027458667755127,-0.0017101764678955078,-0.0021155476570129395,-0.0019033551216125488,-0.0016919970512390137,-0.0014641284942626953,-0.0017021894454956055,-0.0018315315246582031,-0.002635747194290161,-0.0024727582931518555,-0.003654003143310547,-0.0026136040687561035,-0.002219259738922119,-0.0016169548034667969,-0.002237677574157715,-0.002556443214416504,-0.0029482245445251465,-0.0031255483627319336,-0.0025637149810791016,-0.0027652978897094727,-0.002291560173034668,-0.001709580421447754,-0.002351045608520508,-0.0027142763137817383,-0.004152864217758179,-0.0036208629608154297,-0.0045160651206970215,-0.0043343305587768555,-0.0032051801681518555,-0.0025200843811035156,-0.0035976171493530273,-0.004049181938171387
2148.5,-0.000863879919052124,-0.001071333885192871,-0.001277625560760498,-0.0010449886322021484,-0.0009010434150695801,-0.00022590160369873047,-0.0008387565612792969,-0.0009168386459350586,-0.00117570161819458,-0.000946342945098877,-0.0016710162162780762,-0.001367807388305664,-0.0011215806007385254,-0.0009691715240478516,-0.0011661052703857422,-0.0013114213943481445,-0.0020027458667755127,-0.0017101764678955078,-0.0021155476570129395,-0.0019033551216125488,-0.0016919970512390137,-0.0014641284942626953,-0.0017021894454956055,-0.0018315315246582031,-0.002635747194290161,-0.0024727582931518555,-0.003654003143310547,-0.0026136040687561035,-0.002219259738922119,-0.0016169548034667969,-0.002237677574157715,-0.002556443214416504,-0.0029482245445251465,-0.0031255483627319336,-0.0025637149810791016,-0.0027652978897094727,-0.002291560173034668,-0.001709580421447754,-0.002351045608520508,-0.0027142763137817383,-0.004152864217758179,-0.0036208629608154297,-0.0045160651206970215,-0.0043343305587768555,-0.0032051801681518555,-0.0025200843811035156,-0.0035976171493530273,-0.004049181938171387
2149.5,-0.000863879919052124,-0.001071333885192871,-0.001277625560760498,-0.0010449886322021484,-0.0009010434150695801,-0.00022590160369873047,-0.0008387565612792969,-0.0009168386459350586,-0.00117570161819458,-0.000946342945098877,-0.0016710162162780762,-0.001367807388305664,-0.0011215806007385254,-0.0009691715240478516,-0.0011661052703857422,-0.0013114213943481445,-0.0020027458667755127,-0.0017101764678955078,-0.0021155476570129395,-0.0019033551216125488,-0.0016919970512390137,-0.0014641284942626953,-0.0017021894454956055,-0.0018315315246582031,-0.002635747194290161,-0.0024727582931518555,-0.003654003143310547,-0.0026136040687561035,-0.002219259738922119,-0.0016169548034667969,-0.002237677574157715,-0.002556443214416504,-0.0029482245445251465,-0.0031255483627319336,-0.0025637149810791016,-0.0027652978897094727,-0.002291560173034668,-0.001709580421447754,-0.002351045608520508,-0.0027142763137817383,-0.004152864217758179,-0.0036208629608154297,-0.0045160651206970215,-0.0043343305587768555,-0.0032051801681518555,-0.0025200843811035156,-0.0035976171493530273,-0.004049181938171387
2150.5,-0.000863879919052124,-0.001071333885192871,-0.001277625560760498,-0.0010449886322021484,-0.0009010434150695801,-0.00022590160369873047,-0.0008387565612792969,-0.0009168386459350586,-0.00117570161819458,-0.000946342945098877,-0.0016710162162780762,-0.001367807388305664,-0.0011215806007385254,-0.0009691715240478516,-0.0011661052703857422,-0.0013114213943481445,-0.0020027458667755127,-0.0017101764678955078,-0.0021155476570129395,-0.0019033551216125488,-0.0016919970512390137,-0.0014641284942626953,-0.0017021894454956055,-0.0018315315246582031,-0.002635747194290161,-0.0024727582931518555,-0.003654003143310547,-0.0026136040687561035,-0.002219259738922119,-0.0016169548034667969,-0.002237677574157715,-0.002556443214416504,-0.0029482245445251465,-0.0031255483627319336,-0.0025637149810791016,-0.0027652978897094727,-0.002291560173034668,-0.001709580421447754,-0.002351045608520508,-0.0027142763137817383,-0.004152864217758179,-0.0036208629608154297,-0.0045160651206970215,-0.0043343305587768555,-0.0032051801681518555,-0.0025200843811035156,-0.0035976171493530273,-0.004049181938171387
2151.5,-0.000863879919052124,-0.001071333885192871,-0.001277625560760498,-0.0010449886322021484,-0.0009010434150695801,-0.00022590160369873047,-0.0008387565612792969,-0.0009168386459350586,-0.00117570161819458,-0.000946342945098877,-0.0016710162162780762,-0.001367807388305664,-0.0011215806007385254,-0.0009691715240478516,-0.0011661052703857422,-0.0013114213943481445,-0.0020027458667755127,-0.0017101764678955078,-0.0021155476570129395,-0.0019033551216125488,-0.0016919970512390137,-0.0014641284942626953,-0.0017021894454956055,-0.0018315315246582031,-0.002635747194290161,-0.0024727582931518555,-0.003654003143310547,-0.0026136040687561035,-0.002219259738922119,-0.0016169548034667969,-0.002237677574157715,-0.002556443214416504,-0.0029482245445251465,-0.0031255483627319336,-0.0025637149810791016,-0.0027652978897094727,-0.002291560173034668,-0.001709580421447754,-0.002351045608520508,-0.0027142763137817383,-0.004152864217758179,-0.0036208629608154297,-0.0045160651206970215,-0.0043343305587768555,-0.0032051801681518555,-0.0025200843811035156,-0.0035976171493530273,-0.004049181938171387
2152.5,-0.000863879919052124,-0.001071333885192871,-0.001277625560760498,-0.0010449886322021484,-0.0009010434150695801,-0.00022590160369873047,-0.0008387565612792969,-0.0009168386459350586,-0.00117570161819458,-0.000946342945098877,-0.0016710162162780762,-0.001367807388305664,-0.0011215806007385254,-0.0009691715240478516,-0.0011661052703857422,-0.0013114213943481445,-0.0020027458667755127,-0.0017101764678955078,-0.0021155476570129395,-0.0019033551216125488,-0.0016919970512390137,-0.0014641284942626953,-0.0017021894454956055,-0.0018315315246582031,-0.002635747194290161,-0.0024727582931518555,-0.003654003143310547,-0.0026136040687561035,-0.002219259738922119,-0.0016169548034667969,-0.002237677574157715,-0.002556443214416504,-0.0029482245445251465,-0.0031255483627319336,-0.0025637149810791016,-0.0027652978897094727,-0.002291560173034668,-0.001709580421447754,-0.002351045608520508,-0.0027142763137817383,-0.004152864217758179,-0.0036208629608154297,-0.0045160651206970215,-0.0043343305587768555,-0.0032051801681518555,-0.0025200843811035156,-0.0035976171493530273,-0.004049181938171387
2153.5,-0.000863879919052124,-0.001071333885192871,-0.001277625560760498,-0.0010449886322021484,-0.0009010434150695801,-0.00022590160369873047,-0.0008387565612792969,-0.0009168386459350586,-0.00117570161819458,-0.000946342945098877,-0.0016710162162780762,-0.001367807388305664,-0.0011215806007385254,-0.0009691715240478516,-0.0011661052703857422,-0.0013114213943481445,-0.0020027458667755127,-0.0017101764678955078,-0.0021155476570129395,-0.0019033551216125488,-0.0016919970512390137,-0.0014641284942626953,-0.0017021894454956055,-0.0018315315246582031,-0.002635747194290161,-0.0024727582931518555,-0.003654003143310547,-0.0026136040687561035,-0.002219259738922119,-0.0016169548034667969,-0.002237677574157715,-0.002556443214416504,-0.0029482245445251465,-0.0031255483627319336,-0.0025637149810791016,-0.0027652978897094727,-0.002291560173034668,-0.001709580421447754,-0.002351045608520508,-0.0027142763137817383,-0.004152864217758179,-0.0036208629608154297,-0.0045160651206970215,-0.0043343305587768555,-0.0032051801681518555,-0.0025200843811035156,-0.0035976171493530273,-0.004049181938171387
2154.5,-0.000863879919052124,-0.001071333885192871,-0.001277625560760498,-0.0010449886322021484,-0.0009010434150695801,-0.00022590160369873047,-0.0008387565612792969,-0.0009168386459350586,-0.00117570161819458,-0.000946342945098877,-0.0016710162162780762,-0.001367807388305664,-0.0011215806007385254,-0.0009691715240478516,-0.0011661052703857422,-0.0013114213943481445,-0.0020027458667755127,-0.0017101764678955078,-0.0021155476570129395,-0.0019033551216125488,-0.0016919970512390137,-0.0014641284942626953,-0.0017021894454956055,-0.0018315315246582031,-0.002635747194290161,-0.0024727582931518555,-0.003654003143310547,-0.0026136040687561035,-0.002219259738922119,-0.0016169548034667969,-0.002237677574157715,-0.002556443214416504,-0.0029482245445251465,-0.0031255483627319336,-0.0025637149810791016,-0.0027652978897094727,-0.002291560173034668,-0.001709580421447754,-0.002351045608520508,-0.0027142763137817383,-0.004152864217758179,-0.0036208629608154297,-0.0045160651206970215,-0.0043343305587768555,-0.0032051801681518555,-0.0025200843811035156,-0.0035976171493530273,-0.004049181938171387
2155.5,-0.000863879919052124,-0.001071333885192871,-0.001277625560760498,-0.0010449886322021484,-0.0009010434150695801,-0.00022590160369873047,-0.0008387565612792969,-0.0009168386459350586,-0.00117570161819458,-0.000946342945098877,-0.0016710162162780762,-0.001367807388305664,-0.0011215806007385254,-0.0009691715240478516,-0.0011661052703857422,-0.0013114213943481445,-0.0020027458667755127,-0.0017101764678955078,-0.0021155476570129395,-0.0019033551216125488,-0.0016919970512390137,-0.0014641284942626953,-0.0017021894454956055,-0.0018315315246582031,-0.002635747194290161,-0.0024727582931518555,-0.003654003143310547,-0.0026136040687561035,-0.002219259738922119,-0.0016169548034667969,-0.002237677574157715,-0.002556443214416504,-0.0029482245445251465,-0.0031255483627319336,-0.0025637149810791016,-0.0027652978897094727,-0.002291560173034668,-0.001709580421447754,-0.002351045608520508,-0.0027142763137817383,-0.004152864217758179,-0.0036208629608154297,-0.0045160651206970215,-0.0043343305587768555,-0.0032051801681518555,-0.0025200843811035156,-0.0035976171493530273,-0.004049181938171387
2156.5,-0.000863879919052124,-0.001071333885192871,-0.001277625560760498,-0.0010449886322021484,-0.0009010434150695801,-0.00022590160369873047,-0.0008387565612792969,-0.0009168386459350586,-0.00117570161819458,-0.000946342945098877,-0.0016710162162780762,-0.001367807388305664,-0.0011215806007385254,-0.0009691715240478516,-0.0011661052703857422,-0.0013114213943481445,-0.0020027458667755127,-0.0017101764678955078,-0.0021155476570129395,-0.0019033551216125488,-0.0016919970512390137,-0.0014641284942626953,-0.0017021894454956055,-0.0018315315246582031,-0.002635747194290161,-0.0024727582931518555,-0.003654003143310547,-0.0026136040687561035,-0.002219259738922119,-0.0016169548034667969,-0.002237677574157715,-0.002556443214416504,-0.0029482245445251465,-0.0031255483627319336,-0.0025637149810791016,-0.0027652978897094727,-0.002291560173034668,-0.001709580421447754,-0.002351045608520508,-0.0027142763137817383,-0.004152864217758179,-0.0036208629608154297,-0.0045160651206970215,-0.0043343305587768555,-0.0032051801681518555,-0.0025200843811035156,-0.0035976171493530273,-0.004049181938171387
2157.5,-0.000863879919052124,-0.001071333885192871,-0.001277625560760498,-0.0010449886322021484,-0.0009010434150695801,-0.00022590160369873047,-0.0008387565612792969,-0.0009168386459350586,-0.00117570161819458,-0.000946342945098877,-0.0016710162162780762,-0.001367807388305664,-0.0011215806007385254,-0.0009691715240478516,-0.0011661052703857422,-0.0013114213943481445,-0.0020027458667755127,-0.0017101764678955078,-0.0021155476570129395,-0.0019033551216125488,-0.0016919970512390137,-0.0014641284942626953,-0.0017021894454956055,-0.0018315315246582031,-0.002635747194290161,-0.0024727582931518555,-0.003654003143310547,-0.0026136040687561035,-0.002219259738922119,-0.0016169548034667969,-0.002237677574157715,-0.002556443214416504,-0.0029482245445251465,-0.0031255483627319336,-0.0025637149810791016,-0.0027652978897094727,-0.002291560173034668,-0.001709580421447754,-0.002351045608520508,-0.0027142763137817383,-0.004152864217758179,-0.0036208629608154297,-0.0045160651206970215,-0.0043343305587768555,-0.0032051801681518555,-0.0025200843811035156,-0.0035976171493530273,-0.004049181938171387
2158.5,-0.000863879919052124,-0.001071333885192871,-0.001277625560760498,-0.0010449886322021484,-0.0009010434150695801,-0.00022590160369873047,-0.0008387565612792969,-0.0009168386459350586,-0.00117570161819458,-0.000946342945098877,-0.0016710162162780762,-0.001367807388305664,-0.0011215806007385254,-0.0009691715240478516,-0.0011661052703857422,-0.0013114213943481445,-0.0020027458667755127,-0.0017101764678955078,-0.0021155476570129395,-0.0019033551216125488,-0.0016919970512390137,-0.0014641284942626953,-0.0017021894454956055,-0.0018315315246582031,-0.002635747194290161,-0.0024727582931518555,-0.003654003143310547,-0.0026136040687561035,-0.002219259738922119,-0.0016169548034667969,-0.002237677574157715,-0.002556443214416504,-0.0029482245445251465,-0.0031255483627319336,-0.0025637149810791016,-0.0027652978897094727,-0.002291560173034668,-0.001709580421447754,-0.002351045608520508,-0.0027142763137817383,-0.004152864217758179,-0.0036208629608154297,-0.0045160651206970215,-0.0043343305587768555,-0.0032051801681518555,-0.0025200843811035156,-0.0035976171493530273,-0.004049181938171387
2159.5,-0.000863879919052124,-0.001071333885192871,-0.001277625560760498,-0.0010449886322021484,-0.0009010434150695801,-0.00022590160369873047,-0.0008387565612792969,-0.0009168386459350586,-0.00117570161819458,-0.000946342945098877,-0.0016710162162780762,-0.001367807388305664,-0.0011215806007385254,-0.0009691715240478516,-0.0011661052703857422,-0.0013114213943481445,-0.0020027458667755127,-0.0017101764678955078,-0.0021155476570129395,-0.0019033551216125488,-0.0016919970512390137,-0.0014641284942626953,-0.0017021894454956055,-0.0018315315246582031,-0.002635747194290161,-0.0024727582931518555,-0.003654003143310547,-0.0026136040687561035,-0.002219259738922119,-0.0016169548034667969,-0.002237677574157715,-0.002556443214416504,-0.0029482245445251465,-0.0031255483627319336,-0.0025637149810791016,-0.0027652978897094727,-0.002291560173034668,-0.001709580421447754,-0.002351045608520508,-0.0027142763137817383,-0.004152864217758179,-0.0036208629608154297,-0.0045160651206970215,-0.0043343305587768555,-0.0032051801681518555,-0.0025200843811035156,-0.0035976171493530273,-0.004049181938171387
2160.5,-0.000863879919052124,-0.001071333885192871,-0.001277625560760498,-0.0010449886322021484,-0.0009010434150695801,-0.00022590160369873047,-0.0008387565612792969,-0.0009168386459350586,-0.00117570161819458,-0.000946342945098877,-0.0016710162162780762,-0.001367807388305664,-0.0011215806007385254,-0.0009691715240478516,-0.0011661052703857422,-0.0013114213943481445,-0.0020027458667755127,-0.0017101764678955078,-0.0021155476570129395,-0.0019033551216125488,-0.0016919970512390137,-0.0014641284942626953,-0.0017021894454956055,-0.0018315315246582031,-0.002635747194290161,-0.0024727582931518555,-0.003654003143310547,-0.0026136040687561035,-0.002219259738922119,-0.0016169548034667969,-0.002237677574157715,-0.002556443214416504,-0.0029482245445251465,-0.0031255483627319336,-0.0025637149810791016,-0.0027652978897094727,-0.002291560173034668,-0.001709580421447754,-0.002351045608520508,-0.0027142763137817383,-0.004152864217758179,-0.0036208629608154297,-0.0045160651206970215,-0.0043343305587768555,-0.0032051801681518555,-0.0025200843811035156,-0.0035976171493530273,-0.004049181938171387
2161.5,-0.000863879919052124,-0.001071333885192871,-0.001277625560760498,-0.0010449886322021484,-0.0009010434150695801,-0.00022590160369873047,-0.0008387565612792969,-0.0009168386459350586,-0.00117570161819458,-0.000946342945098877,-0.0016710162162780762,-0.001367807388305664,-0.0011215806007385254,-0.0009691715240478516,-0.0011661052703857422,-0.0013114213943481445,-0.0020027458667755127,-0.0017101764678955078,-0.0021155476570129395,-0.0019033551216125488,-0.0016919970512390137,-0.0014641284942626953,-0.0017021894454956055,-0.0018315315246582031,-0.002635747194290161,-0.0024727582931518555,-0.003654003143310547,-0.0026136040687561035,-0.002219259738922119,-0.0016169548034667969,-0.002237677574157715,-0.002556443214416504,-0.0029482245445251465,-0.0031255483627319336,-0.0025637149810791016,-0.0027652978897094727,-0.002291560173034668,-0.001709580421447754,-0.002351045608520508,-0.0027142763137817383,-0.004152864217758179,-0.0036208629608154297,-0.0045160651206970215,-0.0043343305587768555,-0.0032051801681518555,-0.0025200843811035156,-0.0035976171493530273,-0.004049181938171387
2162.5,-0.000863879919052124,-0.001071333885192871,-0.001277625560760498,-0.0010449886322021484,-0.0009010434150695801,-0.00022590160369873047,-0.0008387565612792969,-0.0009168386459350586,-0.00117570161819458,-0.000946342945098877,-0.0016710162162780762,-0.001367807388305664,-0.0011215806007385254,-0.0009691715240478516,-0.0011661052703857422,-0.0013114213943481445,-0.0020027458667755127,-0.0017101764678955078,-0.0021155476570129395,-0.0019033551216125488,-0.0016919970512390137,-0.0014641284942626953,-0.0017021894454956055,-0.0018315315246582031,-0.002635747194290161,-0.0024727582931518555,-0.003654003143310547,-0.0026136040687561035,-0.002219259738922119,-0.0016169548034667969,-0.002237677574157715,-0.002556443214416504,-0.0029482245445251465,-0.0031255483627319336,-0.0025637149810791016,-0.0027652978897094727,-0.002291560173034668,-0.001709580421447754,-0.002351045608520508,-0.0027142763137817383,-0.004152864217758179,-0.0036208629608154297,-0.0045160651206970215,-0.0043343305587768555,-0.0032051801681518555,-0.0025200843811035156,-0.0035976171493530273,-0.004049181938171387
2163.5,-0.000863879919052124,-0.001071333885192871,-0.001277625560760498,-0.0010449886322021484,-0.0009010434150695801,-0.00022590160369873047,-0.0008387565612792969,-0.0009168386459350586,-0.00117570161819458,-0.000946342945098877,-0.0016710162162780762,-0.001367807388305664,-0.0011215806007385254,-0.0009691715240478516,-0.0011661052703857422,-0.0013114213943481445,-0.0020027458667755127,-0.0017101764678955078,-0.0021155476570129395,-0.0019033551216125488,-0.0016919970512390137,-0.0014641284942626953,-0.0017021894454956055,-0.0018315315246582031,-0.002635747194290161,-0.0024727582931518555,-0.003654003143310547,-0.0026136040687561035,-0.002219259738922119,-0.0016169548034667969,-0.002237677574157715,-0.002556443214416504,-0.0029482245445251465,-0.0031255483627319336,-0.0025637149810791016,-0.0027652978897094727,-0.002291560173034668,-0.001709580421447754,-0.002351045608520508,-0.0027142763137817383,-0.004152864217758179,-0.0036208629608154297,-0.0045160651206970215,-0.0043343305587768555,-0.0032051801681518555,-0.0025200843811035156,-0.0035976171493530273,-0.004049181938171387
2164.5,-0.000863879919052124,-0.001071333885192871,-0.001277625560760498,-0.0010449886322021484,-0.0009010434150695801,-0.00022590160369873047,-0.0008387565612792969,-0.0009168386459350586,-0.00117570161819458,-0.000946342945098877,-0.0016710162162780762,-0.001367807388305664,-0.0011215806007385254,-0.0009691715240478516,-0.0011661052703857422,-0.0013114213943481445,-0.0020027458667755127,-0.0017101764678955078,-0.0021155476570129395,-0.0019033551216125488,-0.0016919970512390137,-0.0014641284942626953,-0.0017021894454956055,-0.0018315315246582031,-0.002635747194290161,-0.0024727582931518555,-0.003654003143310547,-0.0026136040687561035,-0.002219259738922119,-0.0016169548034667969,-0.002237677574157715,-0.002556443214416504,-0.0029482245445251465,-0.0031255483627319336,-0.0025637149810791016,-0.0027652978897094727,-0.002291560173034668,-0.001709580421447754,-0.002351045608520508,-0.0027142763137817383,-0.004152864217758179,-0.0036208629608154297,-0.0045160651206970215,-0.0043343305587768555,-0.0032051801681518555,-0.0025200843811035156,-0.0035976171493530273,-0.004049181938171387
2165.5,-0.000863879919052124,-0.001071333885192871,-0.001277625560760498,-0.0010449886322021484,-0.0009010434150695801,-0.00022590160369873047,-0.0008387565612792969,-0.0009168386459350586,-0.00117570161819458,-0.000946342945098877,-0.0016710162162780762,-0.001367807388305664,-0.0011215806007385254,-0.0009691715240478516,-0.0011661052703857422,-0.0013114213943481445,-0.0020027458667755127,-0.0017101764678955078,-0.0021155476570129395,-0.0019033551216125488,-0.0016919970512390137,-0.0014641284942626953,-0.0017021894454956055,-0.0018315315246582031,-0.002635747194290161,-0.0024727582931518555,-0.003654003143310547,-0.0026136040687561035,-0.002219259738922119,-0.0016169548034667969,-0.002237677574157715,-0.002556443214416504,-0.0029482245445251465,-0.0031255483627319336,-0.0025637149810791016,-0.0027652978897094727,-0.002291560173034668,-0.001709580421447754,-0.002351045608520508,-0.0027142763137817383,-0.004152864217758179,-0.0036208629608154297,-0.0045160651206970215,-0.0043343305587768555,-0.0032051801681518555,-0.0025200843811035156,-0.0035976171493530273,-0.004049181938171387
2166.5,-0.000863879919052124,-0.001071333885192871,-0.001277625560760498,-0.0010449886322021484,-0.0009010434150695801,-0.00022590160369873047,-0.0008387565612792969,-0.0009168386459350586,-0.00117570161819458,-0.000946342945098877,-0.0016710162162780762,-0.001367807388305664,-0.0011215806007385254,-0.0009691715240478516,-0.0011661052703857422,-0.0013114213943481445,-0.0020027458667755127,-0.0017101764678955078,-0.0021155476570129395,-0.0019033551216125488,-0.0016919970512390137,-0.0014641284942626953,-0.0017021894454956055,-0.0018315315246582031,-0.002635747194290161,-0.0024727582931518555,-0.003654003143310547,-0.0026136040687561035,-0.002219259738922119,-0.0016169548034667969,-0.002237677574157715,-0.002556443214416504,-0.0029482245445251465,-0.0031255483627319336,-0.0025637149810791016,-0.0027652978897094727,-0.002291560173034668,-0.001709580421447754,-0.002351045608520508,-0.0027142763137817383,-0.004152864217758179,-0.0036208629608154297,-0.0045160651206970215,-0.0043343305587768555,-0.0032051801681518555,-0.0025200843811035156,-0.0035976171493530273,-0.004049181938171387
2167.5,-0.000863879919052124,-0.001071333885192871,-0.001277625560760498,-0.0010449886322021484,-0.0009010434150695801,-0.00022590160369873047,-0.0008387565612792969,-0.0009168386459350586,-0.00117570161819458,-0.000946342945098877,-0.0016710162162780762,-0.001367807388305664,-0.0011215806007385254,-0.0009691715240478516,-0.0011661052703857422,-0.0013114213943481445,-0.0020027458667755127,-0.0017101764678955078,-0.0021155476570129395,-0.0019033551216125488,-0.0016919970512390137,-0.0014641284942626953,-0.0017021894454956055,-0.0018315315246582031,-0.002635747194290161,-0.0024727582931518555,-0.003654003143310547,-0.0026136040687561035,-0.002219259738922119,-0.0016169548034667969,-0.002237677574157715,-0.002556443214416504,-0.0029482245445251465,-0.0031255483627319336,-0.0025637149810791016,-0.0027652978897094727,-0.002291560173034668,-0.001709580421447754,-0.002351045608520508,-0.0027142763137817383,-0.004152864217758179,-0.0036208629608154297,-0.0045160651206970215,-0.0043343305587768555,-0.0032051801681518555,-0.0025200843811035156,-0.0035976171493530273,-0.004049181938171387
2168.5,-0.000863879919052124,-0.001071333885192871,-0.001277625560760498,-0.0010449886322021484,-0.0009010434150695801,-0.00022590160369873047,-0.0008387565612792969,-0.0009168386459350586,-0.00117570161819458,-0.000946342945098877,-0.0016710162162780762,-0.001367807388305664,-0.0011215806007385254,-0.0009691715240478516,-0.0011661052703857422,-0.0013114213943481445,-0.0020027458667755127,-0.0017101764678955078,-0.0021155476570129395,-0.0019033551216125488,-0.0016919970512390137,-0.0014641284942626953,-0.0017021894454956055,-0.0018315315246582031,-0.002635747194290161,-0.0024727582931518555,-0.003654003143310547,-0.0026136040687561035,-0.002219259738922119,-0.0016169548034667969,-0.002237677574157715,-0.002556443214416504,-0.0029482245445251465,-0.0031255483627319336,-0.0025637149810791016,-0.0027652978897094727,-0.002291560173034668,-0.001709580421447754,-0.002351045608520508,-0.0027142763137817383,-0.004152864217758179,-0.0036208629608154297,-0.0045160651206970215,-0.0043343305587768555,-0.0032051801681518555,-0.0025200843811035156,-0.0035976171493530273,-0.004049181938171387
2169.5,-0.000863879919052124,-0.001071333885192871,-0.001277625560760498,-0.0010449886322021484,-0.0009010434150695801,-0.00022590160369873047,-0.0008387565612792969,-0.0009168386459350586,-0.00117570161819458,-0.000946342945098877,-0.0016710162162780762,-0.001367807388305664,-0.0011215806007385254,-0.0009691715240478516,-0.0011661052703857422,-0.0013114213943481445,-0.0020027458667755127,-0.0017101764678955078,-0.0021155476570129395,-0.0019033551216125488,-0.0016919970512390137,-0.0014641284942626953,-0.0017021894454956055,-0.0018315315246582031,-0.002635747194290161,-0.0024727582931518555,-0.003654003143310547,-0.0026136040687561035,-0.002219259738922119,-0.0016169548034667969,-0.002237677574157715,-0.002556443214416504,-0.0029482245445251465,-0.0031255483627319336,-0.0025637149810791016,-0.0027652978897094727,-0.002291560173034668,-0.001709580421447754,-0.002351045608520508,-0.0027142763137817383,-0.004152864217758179,-0.0036208629608154297,-0.0045160651206970215,-0.0043343305587768555,-0.0032051801681518555,-0.0025200843811035156,-0.0035976171493530273,-0.004049181938171387
2170.5,-0.000863879919052124,-0.001071333885192871,-0.001277625560760498,-0.0010449886322021484,-0.0009010434150695801,-0.00022590160369873047,-0.0008387565612792969,-0.0009168386459350586,-0.00117570161819458,-0.000946342945098877,-0.0016710162162780762,-0.001367807388305664,-0.0011215806007385254,-0.0009691715240478516,-0.0011661052703857422,-0.0013114213943481445,-0.0020027458667755127,-0.0017101764678955078,-0.0021155476570129395,-0.0019033551216125488,-0.0016919970512390137,-0.0014641284942626953,-0.0017021894454956055,-0.0018315315246582031,-0.002635747194290161,-0.0024727582931518555,-0.003654003143310547,-0.0026136040687561035,-0.002219259738922119,-0.0016169548034667969,-0.002237677574157715,-0.002556443214416504,-0.0029482245445251465,-0.0031255483627319336,-0.0025637149810791016,-0.0027652978897094727,-0.002291560173034668,-0.001709580421447754,-0.002351045608520508,-0.0027142763137817383,-0.004152864217758179,-0.0036208629608154297,-0.0045160651206970215,-0.0043343305587768555,-0.0032051801681518555,-0.0025200843811035156,-0.0035976171493530273,-0.004049181938171387
2171.5,-0.000863879919052124,-0.001071333885192871,-0.001277625560760498,-0.0010449886322021484,-0.0009010434150695801,-0.00022590160369873047,-0.0008387565612792969,-0.0009168386459350586,-0.00117570161819458,-0.000946342945098877,-0.0016710162162780762,-0.001367807388305664,-0.0011215806007385254,-0.0009691715240478516,-0.0011661052703857422,-0.0013114213943481445,-0.0020027458667755127,-0.0017101764678955078,-0.0021155476570129395,-0.0019033551216125488,-0.0016919970512390137,-0.0014641284942626953,-0.0017021894454956055,-0.0018315315246582031,-0.002635747194290161,-0.0024727582931518555,-0.003654003143310547,-0.0026136040687561035,-0.002219259738922119,-0.0016169548034667969,-0.002237677574157715,-0.002556443214416504,-0.0029482245445251465,-0.0031255483627319336,-0.0025637149810791016,-0.0027652978897094727,-0.002291560173034668,-0.001709580421447754,-0.002351045608520508,-0.0027142763137817383,-0.004152864217758179,-0.0036208629608154297,-0.0045160651206970215,-0.0043343305587768555,-0.0032051801681518555,-0.0025200843811035156,-0.0035976171493530273,-0.004049181938171387
2172.5,-0.000863879919052124,-0.001071333885192871,-0.001277625560760498,-0.0010449886322021484,-0.0009010434150695801,-0.00022590160369873047,-0.0008387565612792969,-0.0009168386459350586,-0.00117570161819458,-0.000946342945098877,-0.0016710162162780762,-0.001367807388305664,-0.0011215806007385254,-0.0009691715240478516,-0.0011661052703857422,-0.0013114213943481445,-0.0020027458667755127,-0.0017101764678955078,-0.0021155476570129395,-0.0019033551216125488,-0.0016919970512390137,-0.0014641284942626953,-0.0017021894454956055,-0.0018315315246582031,-0.002635747194290161,-0.0024727582931518555,-0.003654003143310547,-0.0026136040687561035,-0.002219259738922119,-0.0016169548034667969,-0.002237677574157715,-0.002556443214416504,-0.0029482245445251465,-0.0031255483627319336,-0.0025637149810791016,-0.0027652978897094727,-0.002291560173034668,-0.001709580421447754,-0.002351045608520508,-0.0027142763137817383,-0.004152864217758179,-0.0036208629608154297,-0.0045160651206970215,-0.0043343305587768555,-0.0032051801681518555,-0.0025200843811035156,-0.0035976171493530273,-0.004049181938171387
2173.5,-0.000863879919052124,-0.001071333885192871,-0.001277625560760498,-0.0010449886322021484,-0.0009010434150695801,-0.00022590160369873047,-0.0008387565612792969,-0.0009168386459350586,-0.00117570161819458,-0.000946342945098877,-0.0016710162162780762,-0.001367807388305664,-0.0011215806007385254,-0.0009691715240478516,-0.0011661052703857422,-0.0013114213943481445,-0.0020027458667755127,-0.0017101764678955078,-0.0021155476570129395,-0.0019033551216125488,-0.0016919970512390137,-0.0014641284942626953,-0.0017021894454956055,-0.0018315315246582031,-0.002635747194290161,-0.0024727582931518555,-0.003654003143310547,-0.0026136040687561035,-0.002219259738922119,-0.0016169548034667969,-0.002237677574157715,-0.002556443214416504,-0.0029482245445251465,-0.0031255483627319336,-0.0025637149810791016,-0.0027652978897094727,-0.002291560173034668,-0.001709580421447754,-0.002351045608520508,-0.0027142763137817383,-0.004152864217758179,-0.0036208629608154297,-0.0045160651206970215,-0.0043343305587768555,-0.0032051801681518555,-0.0025200843811035156,-0.0035976171493530273,-0.004049181938171387
2174.5,-0.000863879919052124,-0.001071333885192871,-0.001277625560760498,-0.0010449886322021484,-0.0009010434150695801,-0.00022590160369873047,-0.0008387565612792969,-0.0009168386459350586,-0.00117570161819458,-0.000946342945098877,-0.0016710162162780762,-0.001367807388305664,-0.0011215806007385254,-0.0009691715240478516,-0.0011661052703857422,-0.0013114213943481445,-0.0020027458667755127,-0.0017101764678955078,-0.0021155476570129395,-0.0019033551216125488,-0.0016919970512390137,-0.0014641284942626953,-0.0017021894454956055,-0.0018315315246582031,-0.002635747194290161,-0.0024727582931518555,-0.003654003143310547,-0.0026136040687561035,-0.002219259738922119,-0.0016169548034667969,-0.002237677574157715,-0.002556443214416504,-0.0029482245445251465,-0.0031255483627319336,-0.0025637149810791016,-0.0027652978897094727,-0.002291560173034668,-0.001709580421447754,-0.002351045608520508,-0.0027142763137817383,-0.004152864217758179,-0.0036208629608154297,-0.0045160651206970215,-0.0043343305587768555,-0.0032051801681518555,-0.0025200843811035156,-0.0035976171493530273,-0.004049181938171387
2175.5,-0.000863879919052124,-0.001071333885192871,-0.001277625560760498,-0.0010449886322021484,-0.0009010434150695801,-0.00022590160369873047,-0.0008387565612792969,-0.0009168386459350586,-0.00117570161819458,-0.000946342945098877,-0.0016710162162780762,-0.001367807388305664,-0.0011215806007385254,-0.0009691715240478516,-0.0011661052703857422,-0.0013114213943481445,-0.0020027458667755127,-0.0017101764678955078,-0.0021155476570129395,-0.0019033551216125488,-0.0016919970512390137,-0.0014641284942626953,-0.0017021894454956055,-0.0018315315246582031,-0.002635747194290161,-0.0024727582931518555,-0.003654003143310547,-0.0026136040687561035,-0.002219259738922119,-0.0016169548034667969,-0.002237677574157715,-0.002556443214416504,-0.0029482245445251465,-0.0031255483627319336,-0.0025637149810791016,-0.0027652978897094727,-0.002291560173034668,-0.001709580421447754,-0.002351045608520508,-0.0027142763137817383,-0.004152864217758179,-0.0036208629608154297,-0.0045160651206970215,-0.0043343305587768555,-0.0032051801681518555,-0.0025200843811035156,-0.0035976171493530273,-0.004049181938171387
2176.5,-0.000863879919052124,-0.001071333885192871,-0.001277625560760498,-0.0010449886322021484,-0.0009010434150695801,-0.00022590160369873047,-0.0008387565612792969,-0.0009168386459350586,-0.00117570161819458,-0.000946342945098877,-0.0016710162162780762,-0.001367807388305664,-0.0011215806007385254,-0.0009691715240478516,-0.0011661052703857422,-0.0013114213943481445,-0.0020027458667755127,-0.0017101764678955078,-0.0021155476570129395,-0.0019033551216125488,-0.0016919970512390137,-0.0014641284942626953,-0.0017021894454956055,-0.0018315315246582031,-0.002635747194290161,-0.0024727582931518555,-0.003654003143310547,-0.0026136040687561035,-0.002219259738922119,-0.0016169548034667969,-0.002237677574157715,-0.002556443214416504,-0.0029482245445251465,-0.0031255483627319336,-0.0025637149810791016,-0.0027652978897094727,-0.002291560173034668,-0.001709580421447754,-0.002351045608520508,-0.0027142763137817383,-0.004152864217758179,-0.0036208629608154297,-0.0045160651206970215,-0.0043343305587768555,-0.0032051801681518555,-0.0025200843811035156,-0.0035976171493530273,-0.004049181938171387
2177.5,-0.000863879919052124,-0.001071333885192871,-0.001277625560760498,-0.0010449886322021484,-0.0009010434150695801,-0.00022590160369873047,-0.0008387565612792969,-0.0009168386459350586,-0.00117570161819458,-0.000946342945098877,-0.0016710162162780762,-0.001367807388305664,-0.0011215806007385254,-0.0009691715240478516,-0.0011661052703857422,-0.0013114213943481445,-0.0020027458667755127,-0.0017101764678955078,-0.0021155476570129395,-0.0019033551216125488,-0.0016919970512390137,-0.0014641284942626953,-0.0017021894454956055,-0.0018315315246582031,-0.002635747194290161,-0.0024727582931518555,-0.003654003143310547,-0.0026136040687561035,-0.002219259738922119,-0.0016169548034667969,-0.002237677574157715,-0.002556443214416504,-0.0029482245445251465,-0.0031255483627319336,-0.0025637149810791016,-0.0027652978897094727,-0.002291560173034668,-0.001709580421447754,-0.002351045608520508,-0.0027142763137817383,-0.004152864217758179,-0.0036208629608154297,-0.0045160651206970215,-0.0043343305587768555,-0.0032051801681518555,-0.0025200843811035156,-0.0035976171493530273,-0.004049181938171387
2178.5,-0.000863879919052124,-0.001071333885192871,-0.001277625560760498,-0.0010449886322021484,-0.0009010434150695801,-0.00022590160369873047,-0.0008387565612792969,-0.0009168386459350586,-0.00117570161819458,-0.000946342945098877,-0.0016710162162780762,-0.001367807388305664,-0.0011215806007385254,-0.0009691715240478516,-0.0011661052703857422,-0.0013114213943481445,-0.0020027458667755127,-0.0017101764678955078,-0.0021155476570129395,-0.0019033551216125488,-0.0016919970512390137,-0.0014641284942626953,-0.0017021894454956055,-0.0018315315246582031,-0.002635747194290161,-0.0024727582931518555,-0.003654003143310547,-0.0026136040687561035,-0.002219259738922119,-0.0016169548034667969,-0.002237677574157715,-0.002556443214416504,-0.0029482245445251465,-0.0031255483627319336,-0.0025637149810791016,-0.0027652978897094727,-0.002291560173034668,-0.001709580421447754,-0.002351045608520508,-0.0027142763137817383,-0.004152864217758179,-0.0036208629608154297,-0.0045160651206970215,-0.0043343305587768555,-0.0032051801681518555,-0.0025200843811035156,-0.0035976171493530273,-0.004049181938171387
2179.5,-0.000863879919052124,-0.001071333885192871,-0.001277625560760498,-0.0010449886322021484,-0.0009010434150695801,-0.00022590160369873047,-0.0008387565612792969,-0.0009168386459350586,-0.00117570161819458,-0.000946342945098877,-0.0016710162162780762,-0.001367807388305664,-0.0011215806007385254,-0.0009691715240478516,-0.0011661052703857422,-0.0013114213943481445,-0.0020027458667755127,-0.0017101764678955078,-0.0021155476570129395,-0.0019033551216125488,-0.0016919970512390137,-0.0014641284942626953,-0.0017021894454956055,-0.0018315315246582031,-0.002635747194290161,-0.0024727582931518555,-0.003654003143310547,-0.0026136040687561035,-0.002219259738922119,-0.0016169548034667969,-0.002237677574157715,-0.002556443214416504,-0.0029482245445251465,-0.0031255483627319336,-0.0025637149810791016,-0.0027652978897094727,-0.002291560173034668,-0.001709580421447754,-0.002351045608520508,-0.0027142763137817383,-0.004152864217758179,-0.0036208629608154297,-0.0045160651206970215,-0.0043343305587768555,-0.0032051801681518555,-0.0025200843811035156,-0.0035976171493530273,-0.004049181938171387
2180.5,-0.000863879919052124,-0.001071333885192871,-0.001277625560760498,-0.0010449886322021484,-0.0009010434150695801,-0.00022590160369873047,-0.0008387565612792969,-0.0009168386459350586,-0.00117570161819458,-0.000946342945098877,-0.0016710162162780762,-0.001367807388305664,-0.0011215806007385254,-0.0009691715240478516,-0.0011661052703857422,-0.0013114213943481445,-0.0020027458667755127,-0.0017101764678955078,-0.0021155476570129395,-0.0019033551216125488,-0.0016919970512390137,-0.0014641284942626953,-0.0017021894454956055,-0.0018315315246582031,-0.002635747194290161,-0.0024727582931518555,-0.003654003143310547,-0.0026136040687561035,-0.002219259738922119,-0.0016169548034667969,-0.002237677574157715,-0.002556443214416504,-0.0029482245445251465,-0.0031255483627319336,-0.0025637149810791016,-0.0027652978897094727,-0.002291560173034668,-0.001709580421447754,-0.002351045608520508,-0.0027142763137817383,-0.004152864217758179,-0.0036208629608154297,-0.0045160651206970215,-0.0043343305587768555,-0.0032051801681518555,-0.0025200843811035156,-0.0035976171493530273,-0.004049181938171387
2181.5,-0.000863879919052124,-0.001071333885192871,-0.001277625560760498,-0.0010449886322021484,-0.0009010434150695801,-0.00022590160369873047,-0.0008387565612792969,-0.0009168386459350586,-0.00117570161819458,-0.000946342945098877,-0.0016710162162780762,-0.001367807388305664,-0.0011215806007385254,-0.0009691715240478516,-0.0011661052703857422,-0.0013114213943481445,-0.0020027458667755127,-0.0017101764678955078,-0.0021155476570129395,-0.0019033551216125488,-0.0016919970512390137,-0.0014641284942626953,-0.0017021894454956055,-0.0018315315246582031,-0.002635747194290161,-0.0024727582931518555,-0.003654003143310547,-0.0026136040687561035,-0.002219259738922119,-0.0016169548034667969,-0.002237677574157715,-0.002556443214416504,-0.0029482245445251465,-0.0031255483627319336,-0.0025637149810791016,-0.0027652978897094727,-0.002291560173034668,-0.001709580421447754,-0.002351045608520508,-0.0027142763137817383,-0.004152864217758179,-0.0036208629608154297,-0.0045160651206970215,-0.0043343305587768555,-0.0032051801681518555,-0.0025200843811035156,-0.0035976171493530273,-0.004049181938171387
2182.5,-0.000863879919052124,-0.001071333885192871,-0.001277625560760498,-0.0010449886322021484,-0.0009010434150695801,-0.00022590160369873047,-0.0008387565612792969,-0.0009168386459350586,-0.00117570161819458,-0.000946342945098877,-0.0016710162162780762,-0.001367807388305664,-0.0011215806007385254,-0.0009691715240478516,-0.0011661052703857422,-0.0013114213943481445,-0.0020027458667755127,-0.0017101764678955078,-0.0021155476570129395,-0.0019033551216125488,-0.0016919970512390137,-0.0014641284942626953,-0.0017021894454956055,-0.0018315315246582031,-0.002635747194290161,-0.0024727582931518555,-0.003654003143310547,-0.0026136040687561035,-0.002219259738922119,-0.0016169548034667969,-0.002237677574157715,-0.002556443214416504,-0.0029482245445251465,-0.0031255483627319336,-0.0025637149810791016,-0.0027652978897094727,-0.002291560173034668,-0.001709580421447754,-0.002351045608520508,-0.0027142763137817383,-0.004152864217758179,-0.0036208629608154297,-0.0045160651206970215,-0.0043343305587768555,-0.0032051801681518555,-0.0025200843811035156,-0.0035976171493530273,-0.004049181938171387
2183.5,-0.000863879919052124,-0.001071333885192871,-0.001277625560760498,-0.0010449886322021484,-0.0009010434150695801,-0.00022590160369873047,-0.0008387565612792969,-0.0009168386459350586,-0.00117570161819458,-0.000946342945098877,-0.0016710162162780762,-0.001367807388305664,-0.0011215806007385254,-0.0009691715240478516,-0.0011661052703857422,-0.0013114213943481445,-0.0020027458667755127,-0.0017101764678955078,-0.0021155476570129395,-0.0019033551216125488,-0.0016919970512390137,-0.0014641284942626953,-0.0017021894454956055,-0.0018315315246582031,-0.002635747194290161,-0.0024727582931518555,-0.003654003143310547,-0.0026136040687561035,-0.002219259738922119,-0.0016169548034667969,-0.002237677574157715,-0.002556443214416504,-0.0029482245445251465,-0.0031255483627319336,-0.0025637149810791016,-0.0027652978897094727,-0.002291560173034668,-0.001709580421447754,-0.002351045608520508,-0.0027142763137817383,-0.004152864217758179,-0.0036208629608154297,-0.0045160651206970215,-0.0043343305587768555,-0.0032051801681518555,-0.0025200843811035156,-0.0035976171493530273,-0.004049181938171387
2184.5,-0.000863879919052124,-0.001071333885192871,-0.001277625560760498,-0.0010449886322021484,-0.0009010434150695801,-0.00022590160369873047,-0.0008387565612792969,-0.0009168386459350586,-0.00117570161819458,-0.000946342945098877,-0.0016710162162780762,-0.001367807388305664,-0.0011215806007385254,-0.0009691715240478516,-0.0011661052703857422,-0.0013114213943481445,-0.0020027458667755127,-0.0017101764678955078,-0.0021155476570129395,-0.0019033551216125488,-0.0016919970512390137,-0.0014641284942626953,-0.0017021894454956055,-0.0018315315246582031,-0.002635747194290161,-0.0024727582931518555,-0.003654003143310547,-0.0026136040687561035,-0.002219259738922119,-0.0016169548034667969,-0.002237677574157715,-0.002556443214416504,-0.0029482245445251465,-0.0031255483627319336,-0.0025637149810791016,-0.0027652978897094727,-0.002291560173034668,-0.001709580421447754,-0.002351045608520508,-0.0027142763137817383,-0.004152864217758179,-0.0036208629608154297,-0.0045160651206970215,-0.0043343305587768555,-0.0032051801681518555,-0.0025200843811035156,-0.0035976171493530273,-0.004049181938171387
2185.5,-0.000863879919052124,-0.001071333885192871,-0.001277625560760498,-0.0010449886322021484,-0.0009010434150695801,-0.00022590160369873047,-0.0008387565612792969,-0.0009168386459350586,-0.00117570161819458,-0.000946342945098877,-0.0016710162162780762,-0.001367807388305664,-0.0011215806007385254,-0.0009691715240478516,-0.0011661052703857422,-0.0013114213943481445,-0.0020027458667755127,-0.0017101764678955078,-0.0021155476570129395,-0.0019033551216125488,-0.0016919970512390137,-0.0014641284942626953,-0.0017021894454956055,-0.0018315315246582031,-0.002635747194290161,-0.0024727582931518555,-0.003654003143310547,-0.0026136040687561035,-0.002219259738922119,-0.0016169548034667969,-0.002237677574157715,-0.002556443214416504,-0.0029482245445251465,-0.0031255483627319336,-0.0025637149810791016,-0.0027652978897094727,-0.002291560173034668,-0.001709580421447754,-0.002351045608520508,-0.0027142763137817383,-0.004152864217758179,-0.0036208629608154297,-0.0045160651206970215,-0.0043343305587768555,-0.0032051801681518555,-0.0025200843811035156,-0.0035976171493530273,-0.004049181938171387
2186.5,-0.000863879919052124,-0.001071333885192871,-0.001277625560760498,-0.0010449886322021484,-0.0009010434150695801,-0.00022590160369873047,-0.0008387565612792969,-0.0009168386459350586,-0.00117570161819458,-0.000946342945098877,-0.0016710162162780762,-0.001367807388305664,-0.0011215806007385254,-0.0009691715240478516,-0.0011661052703857422,-0.0013114213943481445,-0.0020027458667755127,-0.0017101764678955078,-0.0021155476570129395,-0.0019033551216125488,-0.0016919970512390137,-0.0014641284942626953,-0.0017021894454956055,-0.0018315315246582031,-0.002635747194290161,-0.0024727582931518555,-0.003654003143310547,-0.0026136040687561035,-0.002219259738922119,-0.0016169548034667969,-0.002237677574157715,-0.002556443214416504,-0.0029482245445251465,-0.0031255483627319336,-0.0025637149810791016,-0.0027652978897094727,-0.002291560173034668,-0.001709580421447754,-0.002351045608520508,-0.0027142763137817383,-0.004152864217758179,-0.0036208629608154297,-0.0045160651206970215,-0.0043343305587768555,-0.0032051801681518555,-0.0025200843811035156,-0.0035976171493530273,-0.004049181938171387
2187.5,-0.000863879919052124,-0.001071333885192871,-0.001277625560760498,-0.0010449886322021484,-0.0009010434150695801,-0.00022590160369873047,-0.0008387565612792969,-0.0009168386459350586,-0.00117570161819458,-0.000946342945098877,-0.0016710162162780762,-0.001367807388305664,-0.0011215806007385254,-0.0009691715240478516,-0.0011661052703857422,-0.0013114213943481445,-0.0020027458667755127,-0.0017101764678955078,-0.0021155476570129395,-0.0019033551216125488,-0.0016919970512390137,-0.0014641284942626953,-0.0017021894454956055,-0.0018315315246582031,-0.002635747194290161,-0.0024727582931518555,-0.003654003143310547,-0.0026136040687561035,-0.002219259738922119,-0.0016169548034667969,-0.002237677574157715,-0.002556443214416504,-0.0029482245445251465,-0.0031255483627319336,-0.0025637149810791016,-0.0027652978897094727,-0.002291560173034668,-0.001709580421447754,-0.002351045608520508,-0.0027142763137817383,-0.004152864217758179,-0.0036208629608154297,-0.0045160651206970215,-0.0043343305587768555,-0.0032051801681518555,-0.0025200843811035156,-0.0035976171493530273,-0.004049181938171387
2188.5,-0.000863879919052124,-0.001071333885192871,-0.001277625560760498,-0.0010449886322021484,-0.0009010434150695801,-0.00022590160369873047,-0.0008387565612792969,-0.0009168386459350586,-0.00117570161819458,-0.000946342945098877,-0.0016710162162780762,-0.001367807388305664,-0.0011215806007385254,-0.0009691715240478516,-0.0011661052703857422,-0.0013114213943481445,-0.0020027458667755127,-0.0017101764678955078,-0.0021155476570129395,-0.0019033551216125488,-0.0016919970512390137,-0.0014641284942626953,-0.0017021894454956055,-0.0018315315246582031,-0.002635747194290161,-0.0024727582931518555,-0.003654003143310547,-0.0026136040687561035,-0.002219259738922119,-0.0016169548034667969,-0.002237677574157715,-0.002556443214416504,-0.0029482245445251465,-0.0031255483627319336,-0.0025637149810791016,-0.0027652978897094727,-0.002291560173034668,-0.001709580421447754,-0.002351045608520508,-0.0027142763137817383,-0.004152864217758179,-0.0036208629608154297,-0.0045160651206970215,-0.0043343305587768555,-0.0032051801681518555,-0.0025200843811035156,-0.0035976171493530273,-0.004049181938171387
2189.5,-0.000863879919052124,-0.001071333885192871,-0.001277625560760498,-0.0010449886322021484,-0.0009010434150695801,-0.00022590160369873047,-0.0008387565612792969,-0.0009168386459350586,-0.00117570161819458,-0.000946342945098877,-0.0016710162162780762,-0.001367807388305664,-0.0011215806007385254,-0.0009691715240478516,-0.0011661052703857422,-0.0013114213943481445,-0.0020027458667755127,-0.0017101764678955078,-0.0021155476570129395,-0.0019033551216125488,-0.0016919970512390137,-0.0014641284942626953,-0.0017021894454956055,-0.0018315315246582031,-0.002635747194290161,-0.0024727582931518555,-0.003654003143310547,-0.0026136040687561035,-0.002219259738922119,-0.0016169548034667969,-0.002237677574157715,-0.002556443214416504,-0.0029482245445251465,-0.0031255483627319336,-0.0025637149810791016,-0.0027652978897094727,-0.002291560173034668,-0.001709580421447754,-0.002351045608520508,-0.0027142763137817383,-0.004152864217758179,-0.0036208629608154297,-0.0045160651206970215,-0.0043343305587768555,-0.0032051801681518555,-0.0025200843811035156,-0.0035976171493530273,-0.004049181938171387
2190.5,-0.000863879919052124,-0.001071333885192871,-0.001277625560760498,-0.0010449886322021484,-0.0009010434150695801,-0.00022590160369873047,-0.0008387565612792969,-0.0009168386459350586,-0.00117570161819458,-0.000946342945098877,-0.0016710162162780762,-0.001367807388305664,-0.0011215806007385254,-0.0009691715240478516,-0.0011661052703857422,-0.0013114213943481445,-0.0020027458667755127,-0.0017101764678955078,-0.0021155476570129395,-0.0019033551216125488,-0.0016919970512390137,-0.0014641284942626953,-0.0017021894454956055,-0.0018315315246582031,-0.002635747194290161,-0.0024727582931518555,-0.003654003143310547,-0.0026136040687561035,-0.002219259738922119,-0.0016169548034667969,-0.002237677574157715,-0.002556443214416504,-0.0029482245445251465,-0.0031255483627319336,-0.0025637149810791016,-0.0027652978897094727,-0.002291560173034668,-0.001709580421447754,-0.002351045608520508,-0.0027142763137817383,-0.004152864217758179,-0.0036208629608154297,-0.0045160651206970215,-0.0043343305587768555,-0.0032051801681518555,-0.0025200843811035156,-0.0035976171493530273,-0.004049181938171387
2191.5,-0.000863879919052124,-0.001071333885192871,-0.001277625560760498,-0.0010449886322021484,-0.0009010434150695801,-0.00022590160369873047,-0.0008387565612792969,-0.0009168386459350586,-0.00117570161819458,-0.000946342945098877,-0.0016710162162780762,-0.001367807388305664,-0.0011215806007385254,-0.0009691715240478516,-0.0011661052703857422,-0.0013114213943481445,-0.0020027458667755127,-0.0017101764678955078,-0.0021155476570129395,-0.0019033551216125488,-0.0016919970512390137,-0.0014641284942626953,-0.0017021894454956055,-0.0018315315246582031,-0.002635747194290161,-0.0024727582931518555,-0.003654003143310547,-0.0026136040687561035,-0.002219259738922119,-0.0016169548034667969,-0.002237677574157715,-0.002556443214416504,-0.0029482245445251465,-0.0031255483627319336,-0.0025637149810791016,-0.0027652978897094727,-0.002291560173034668,-0.001709580421447754,-0.002351045608520508,-0.0027142763137817383,-0.004152864217758179,-0.0036208629608154297,-0.0045160651206970215,-0.0043343305587768555,-0.0032051801681518555,-0.0025200843811035156,-0.0035976171493530273,-0.004049181938171387
2192.5,-0.000863879919052124,-0.001071333885192871,-0.001277625560760498,-0.0010449886322021484,-0.0009010434150695801,-0.00022590160369873047,-0.0008387565612792969,-0.0009168386459350586,-0.00117570161819458,-0.000946342945098877,-0.0016710162162780762,-0.001367807388305664,-0.0011215806007385254,-0.0009691715240478516,-0.0011661052703857422,-0.0013114213943481445,-0.0020027458667755127,-0.0017101764678955078,-0.0021155476570129395,-0.0019033551216125488,-0.0016919970512390137,-0.0014641284942626953,-0.0017021894454956055,-0.0018315315246582031,-0.002635747194290161,-0.0024727582931518555,-0.003654003143310547,-0.0026136040687561035,-0.002219259738922119,-0.0016169548034667969,-0.002237677574157715,-0.002556443214416504,-0.0029482245445251465,-0.0031255483627319336,-0.0025637149810791016,-0.0027652978897094727,-0.002291560173034668,-0.001709580421447754,-0.002351045608520508,-0.0027142763137817383,-0.004152864217758179,-0.0036208629608154297,-0.0045160651206970215,-0.0043343305587768555,-0.0032051801681518555,-0.0025200843811035156,-0.0035976171493530273,-0.004049181938171387
2193.5,-0.000863879919052124,-0.001071333885192871,-0.001277625560760498,-0.0010449886322021484,-0.0009010434150695801,-0.00022590160369873047,-0.0008387565612792969,-0.0009168386459350586,-0.00117570161819458,-0.000946342945098877,-0.0016710162162780762,-0.001367807388305664,-0.0011215806007385254,-0.0009691715240478516,-0.0011661052703857422,-0.0013114213943481445,-0.0020027458667755127,-0.0017101764678955078,-0.0021155476570129395,-0.0019033551216125488,-0.0016919970512390137,-0.0014641284942626953,-0.0017021894454956055,-0.0018315315246582031,-0.002635747194290161,-0.0024727582931518555,-0.003654003143310547,-0.0026136040687561035,-0.002219259738922119,-0.0016169548034667969,-0.002237677574157715,-0.002556443214416504,-0.0029482245445251465,-0.0031255483627319336,-0.0025637149810791016,-0.0027652978897094727,-0.002291560173034668,-0.001709580421447754,-0.002351045608520508,-0.0027142763137817383,-0.004152864217758179,-0.0036208629608154297,-0.0045160651206970215,-0.0043343305587768555,-0.0032051801681518555,-0.0025200843811035156,-0.0035976171493530273,-0.004049181938171387
2194.5,-0.000863879919052124,-0.001071333885192871,-0.001277625560760498,-0.0010449886322021484,-0.0009010434150695801,-0.00022590160369873047,-0.0008387565612792969,-0.0009168386459350586,-0.00117570161819458,-0.000946342945098877,-0.0016710162162780762,-0.001367807388305664,-0.0011215806007385254,-0.0009691715240478516,-0.0011661052703857422,-0.0013114213943481445,-0.0020027458667755127,-0.0017101764678955078,-0.0021155476570129395,-0.0019033551216125488,-0.0016919970512390137,-0.0014641284942626953,-0.0017021894454956055,-0.0018315315246582031,-0.002635747194290161,-0.0024727582931518555,-0.003654003143310547,-0.0026136040687561035,-0.002219259738922119,-0.0016169548034667969,-0.002237677574157715,-0.002556443214416504,-0.0029482245445251465,-0.0031255483627319336,-0.0025637149810791016,-0.0027652978897094727,-0.002291560173034668,-0.001709580421447754,-0.002351045608520508,-0.0027142763137817383,-0.004152864217758179,-0.0036208629608154297,-0.0045160651206970215,-0.0043343305587768555,-0.0032051801681518555,-0.0025200843811035156,-0.0035976171493530273,-0.004049181938171387
2195.5,-0.000863879919052124,-0.001071333885192871,-0.001277625560760498,-0.0010449886322021484,-0.0009010434150695801,-0.00022590160369873047,-0.0008387565612792969,-0.0009168386459350586,-0.00117570161819458,-0.000946342945098877,-0.0016710162162780762,-0.001367807388305664,-0.0011215806007385254,-0.0009691715240478516,-0.0011661052703857422,-0.0013114213943481445,-0.0020027458667755127,-0.0017101764678955078,-0.0021155476570129395,-0.0019033551216125488,-0.0016919970512390137,-0.0014641284942626953,-0.0017021894454956055,-0.0018315315246582031,-0.002635747194290161,-0.0024727582931518555,-0.003654003143310547,-0.0026136040687561035,-0.002219259738922119,-0.0016169548034667969,-0.002237677574157715,-0.002556443214416504,-0.0029482245445251465,-0.0031255483627319336,-0.0025637149810791016,-0.0027652978897094727,-0.002291560173034668,-0.001709580421447754,-0.002351045608520508,-0.0027142763137817383,-0.004152864217758179,-0.0036208629608154297,-0.0045160651206970215,-0.0043343305587768555,-0.0032051801681518555,-0.0025200843811035156,-0.0035976171493530273,-0.004049181938171387
2196.5,-0.000863879919052124,-0.001071333885192871,-0.001277625560760498,-0.0010449886322021484,-0.0009010434150695801,-0.00022590160369873047,-0.0008387565612792969,-0.0009168386459350586,-0.00117570161819458,-0.000946342945098877,-0.0016710162162780762,-0.001367807388305664,-0.0011215806007385254,-0.0009691715240478516,-0.0011661052703857422,-0.0013114213943481445,-0.0020027458667755127,-0.0017101764678955078,-0.0021155476570129395,-0.0019033551216125488,-0.0016919970512390137,-0.0014641284942626953,-0.0017021894454956055,-0.0018315315246582031,-0.002635747194290161,-0.0024727582931518555,-0.003654003143310547,-0.0026136040687561035,-0.002219259738922119,-0.0016169548034667969,-0.002237677574157715,-0.002556443214416504,-0.0029482245445251465,-0.0031255483627319336,-0.0025637149810791016,-0.0027652978897094727,-0.002291560173034668,-0.001709580421447754,-0.002351045608520508,-0.0027142763137817383,-0.004152864217758179,-0.0036208629608154297,-0.0045160651206970215,-0.0043343305587768555,-0.0032051801681518555,-0.0025200843811035156,-0.0035976171493530273,-0.004049181938171387
2197.5,-0.000863879919052124,-0.001071333885192871,-0.001277625560760498,-0.0010449886322021484,-0.0009010434150695801,-0.00022590160369873047,-0.0008387565612792969,-0.0009168386459350586,-0.00117570161819458,-0.000946342945098877,-0.0016710162162780762,-0.001367807388305664,-0.0011215806007385254,-0.0009691715240478516,-0.0011661052703857422,-0.0013114213943481445,-0.0020027458667755127,-0.0017101764678955078,-0.0021155476570129395,-0.0019033551216125488,-0.0016919970512390137,-0.0014641284942626953,-0.0017021894454956055,-0.0018315315246582031,-0.002635747194290161,-0.0024727582931518555,-0.003654003143310547,-0.0026136040687561035,-0.002219259738922119,-0.0016169548034667969,-0.002237677574157715,-0.002556443214416504,-0.0029482245445251465,-0.0031255483627319336,-0.0025637149810791016,-0.0027652978897094727,-0.002291560173034668,-0.001709580421447754,-0.002351045608520508,-0.0027142763137817383,-0.004152864217758179,-0.0036208629608154297,-0.0045160651206970215,-0.0043343305587768555,-0.0032051801681518555,-0.0025200843811035156,-0.0035976171493530273,-0.004049181938171387
2198.5,-0.000863879919052124,-0.001071333885192871,-0.001277625560760498,-0.0010449886322021484,-0.0009010434150695801,-0.00022590160369873047,-0.0008387565612792969,-0.0009168386459350586,-0.00117570161819458,-0.000946342945098877,-0.0016710162162780762,-0.001367807388305664,-0.0011215806007385254,-0.0009691715240478516,-0.0011661052703857422,-0.0013114213943481445,-0.0020027458667755127,-0.0017101764678955078,-0.0021155476570129395,-0.0019033551216125488,-0.0016919970512390137,-0.0014641284942626953,-0.0017021894454956055,-0.0018315315246582031,-0.002635747194290161,-0.0024727582931518555,-0.003654003143310547,-0.0026136040687561035,-0.002219259738922119,-0.0016169548034667969,-0.002237677574157715,-0.002556443214416504,-0.0029482245445251465,-0.0031255483627319336,-0.0025637149810791016,-0.0027652978897094727,-0.002291560173034668,-0.001709580421447754,-0.002351045608520508,-0.0027142763137817383,-0.004152864217758179,-0.0036208629608154297,-0.0045160651206970215,-0.0043343305587768555,-0.0032051801681518555,-0.0025200843811035156,-0.0035976171493530273,-0.004049181938171387
2199.5,-0.000863879919052124,-0.001071333885192871,-0.001277625560760498,-0.0010449886322021484,-0.0009010434150695801,-0.00022590160369873047,-0.0008387565612792969,-0.0009168386459350586,-0.00117570161819458,-0.000946342945098877,-0.0016710162162780762,-0.001367807388305664,-0.0011215806007385254,-0.0009691715240478516,-0.0011661052703857422,-0.0013114213943481445,-0.0020027458667755127,-0.0017101764678955078,-0.0021155476570129395,-0.0019033551216125488,-0.0016919970512390137,-0.0014641284942626953,-0.0017021894454956055,-0.0018315315246582031,-0.002635747194290161,-0.0024727582931518555,-0.003654003143310547,-0.0026136040687561035,-0.002219259738922119,-0.0016169548034667969,-0.002237677574157715,-0.002556443214416504,-0.0029482245445251465,-0.0031255483627319336,-0.0025637149810791016,-0.0027652978897094727,-0.002291560173034668,-0.001709580421447754,-0.002351045608520508,-0.0027142763137817383,-0.004152864217758179,-0.0036208629608154297,-0.0045160651206970215,-0.0043343305587768555,-0.0032051801681518555,-0.0025200843811035156,-0.0035976171493530273,-0.004049181938171387
2200.5,-0.000863879919052124,-0.001071333885192871,-0.001277625560760498,-0.0010449886322021484,-0.0009010434150695801,-0.00022590160369873047,-0.0008387565612792969,-0.0009168386459350586,-0.00117570161819458,-0.000946342945098877,-0.0016710162162780762,-0.001367807388305664,-0.0011215806007385254,-0.0009691715240478516,-0.0011661052703857422,-0.0013114213943481445,-0.0020027458667755127,-0.0017101764678955078,-0.0021155476570129395,-0.0019033551216125488,-0.0016919970512390137,-0.0014641284942626953,-0.0017021894454956055,-0.0018315315246582031,-0.002635747194290161,-0.0024727582931518555,-0.003654003143310547,-0.0026136040687561035,-0.002219259738922119,-0.0016169548034667969,-0.002237677574157715,-0.002556443214416504,-0.0029482245445251465,-0.0031255483627319336,-0.0025637149810791016,-0.0027652978897094727,-0.002291560173034668,-0.001709580421447754,-0.002351045608520508,-0.0027142763137817383,-0.004152864217758179,-0.0036208629608154297,-0.0045160651206970215,-0.0043343305587768555,-0.0032051801681518555,-0.0025200843811035156,-0.0035976171493530273,-0.004049181938171387
2201.5,-0.000863879919052124,-0.001071333885192871,-0.001277625560760498,-0.0010449886322021484,-0.0009010434150695801,-0.00022590160369873047,-0.0008387565612792969,-0.0009168386459350586,-0.00117570161819458,-0.000946342945098877,-0.0016710162162780762,-0.001367807388305664,-0.0011215806007385254,-0.0009691715240478516,-0.0011661052703857422,-0.0013114213943481445,-0.0020027458667755127,-0.0017101764678955078,-0.0021155476570129395,-0.0019033551216125488,-0.0016919970512390137,-0.0014641284942626953,-0.0017021894454956055,-0.0018315315246582031,-0.002635747194290161,-0.0024727582931518555,-0.003654003143310547,-0.0026136040687561035,-0.002219259738922119,-0.0016169548034667969,-0.002237677574157715,-0.002556443214416504,-0.0029482245445251465,-0.0031255483627319336,-0.0025637149810791016,-0.0027652978897094727,-0.002291560173034668,-0.001709580421447754,-0.002351045608520508,-0.0027142763137817383,-0.004152864217758179,-0.0036208629608154297,-0.0045160651206970215,-0.0043343305587768555,-0.0032051801681518555,-0.0025200843811035156,-0.0035976171493530273,-0.004049181938171387
2202.5,-0.000863879919052124,-0.001071333885192871,-0.001277625560760498,-0.0010449886322021484,-0.0009010434150695801,-0.00022590160369873047,-0.0008387565612792969,-0.0009168386459350586,-0.00117570161819458,-0.000946342945098877,-0.0016710162162780762,-0.001367807388305664,-0.0011215806007385254,-0.0009691715240478516,-0.0011661052703857422,-0.0013114213943481445,-0.0020027458667755127,-0.0017101764678955078,-0.0021155476570129395,-0.0019033551216125488,-0.0016919970512390137,-0.0014641284942626953,-0.0017021894454956055,-0.0018315315246582031,-0.002635747194290161,-0.0024727582931518555,-0.003654003143310547,-0.0026136040687561035,-0.002219259738922119,-0.0016169548034667969,-0.002237677574157715,-0.002556443214416504,-0.0029482245445251465,-0.0031255483627319336,-0.0025637149810791016,-0.0027652978897094727,-0.002291560173034668,-0.001709580421447754,-0.002351045608520508,-0.0027142763137817383,-0.004152864217758179,-0.0036208629608154297,-0.0045160651206970215,-0.0043343305587768555,-0.0032051801681518555,-0.0025200843811035156,-0.0035976171493530273,-0.004049181938171387
2203.5,-0.000863879919052124,-0.001071333885192871,-0.001277625560760498,-0.0010449886322021484,-0.0009010434150695801,-0.00022590160369873047,-0.0008387565612792969,-0.0009168386459350586,-0.00117570161819458,-0.000946342945098877,-0.0016710162162780762,-0.001367807388305664,-0.0011215806007385254,-0.0009691715240478516,-0.0011661052703857422,-0.0013114213943481445,-0.0020027458667755127,-0.0017101764678955078,-0.0021155476570129395,-0.0019033551216125488,-0.0016919970512390137,-0.0014641284942626953,-0.0017021894454956055,-0.0018315315246582031,-0.002635747194290161,-0.0024727582931518555,-0.003654003143310547,-0.0026136040687561035,-0.002219259738922119,-0.0016169548034667969,-0.002237677574157715,-0.002556443214416504,-0.0029482245445251465,-0.0031255483627319336,-0.0025637149810791016,-0.0027652978897094727,-0.002291560173034668,-0.001709580421447754,-0.002351045608520508,-0.0027142763137817383,-0.004152864217758179,-0.0036208629608154297,-0.0045160651206970215,-0.0043343305587768555,-0.0032051801681518555,-0.0025200843811035156,-0.0035976171493530273,-0.004049181938171387
2204.5,-0.000863879919052124,-0.001071333885192871,-0.001277625560760498,-0.0010449886322021484,-0.0009010434150695801,-0.00022590160369873047,-0.0008387565612792969,-0.0009168386459350586,-0.00117570161819458,-0.000946342945098877,-0.0016710162162780762,-0.001367807388305664,-0.0011215806007385254,-0.0009691715240478516,-0.0011661052703857422,-0.0013114213943481445,-0.0020027458667755127,-0.0017101764678955078,-0.0021155476570129395,-0.0019033551216125488,-0.0016919970512390137,-0.0014641284942626953,-0.0017021894454956055,-0.0018315315246582031,-0.002635747194290161,-0.0024727582931518555,-0.003654003143310547,-0.0026136040687561035,-0.002219259738922119,-0.0016169548034667969,-0.002237677574157715,-0.002556443214416504,-0.0029482245445251465,-0.0031255483627319336,-0.0025637149810791016,-0.0027652978897094727,-0.002291560173034668,-0.001709580421447754,-0.002351045608520508,-0.0027142763137817383,-0.004152864217758179,-0.0036208629608154297,-0.0045160651206970215,-0.0043343305587768555,-0.0032051801681518555,-0.0025200843811035156,-0.0035976171493530273,-0.004049181938171387
2205.5,-0.000863879919052124,-0.001071333885192871,-0.001277625560760498,-0.0010449886322021484,-0.0009010434150695801,-0.00022590160369873047,-0.0008387565612792969,-0.0009168386459350586,-0.00117570161819458,-0.000946342945098877,-0.0016710162162780762,-0.001367807388305664,-0.0011215806007385254,-0.0009691715240478516,-0.0011661052703857422,-0.0013114213943481445,-0.0020027458667755127,-0.0017101764678955078,-0.0021155476570129395,-0.0019033551216125488,-0.0016919970512390137,-0.0014641284942626953,-0.0017021894454956055,-0.0018315315246582031,-0.002635747194290161,-0.0024727582931518555,-0.003654003143310547,-0.0026136040687561035,-0.002219259738922119,-0.0016169548034667969,-0.002237677574157715,-0.002556443214416504,-0.0029482245445251465,-0.0031255483627319336,-0.0025637149810791016,-0.0027652978897094727,-0.002291560173034668,-0.001709580421447754,-0.002351045608520508,-0.0027142763137817383,-0.004152864217758179,-0.0036208629608154297,-0.0045160651206970215,-0.0043343305587768555,-0.0032051801681518555,-0.0025200843811035156,-0.0035976171493530273,-0.004049181938171387
2206.5,-0.000863879919052124,-0.001071333885192871,-0.001277625560760498,-0.0010449886322021484,-0.0009010434150695801,-0.00022590160369873047,-0.0008387565612792969,-0.0009168386459350586,-0.00117570161819458,-0.000946342945098877,-0.0016710162162780762,-0.001367807388305664,-0.0011215806007385254,-0.0009691715240478516,-0.0011661052703857422,-0.0013114213943481445,-0.0020027458667755127,-0.0017101764678955078,-0.0021155476570129395,-0.0019033551216125488,-0.0016919970512390137,-0.0014641284942626953,-0.0017021894454956055,-0.0018315315246582031,-0.002635747194290161,-0.0024727582931518555,-0.003654003143310547,-0.0026136040687561035,-0.002219259738922119,-0.0016169548034667969,-0.002237677574157715,-0.002556443214416504,-0.0029482245445251465,-0.0031255483627319336,-0.0025637149810791016,-0.0027652978897094727,-0.002291560173034668,-0.001709580421447754,-0.002351045608520508,-0.0027142763137817383,-0.004152864217758179,-0.0036208629608154297,-0.0045160651206970215,-0.0043343305587768555,-0.0032051801681518555,-0.0025200843811035156,-0.0035976171493530273,-0.004049181938171387
2207.5,-0.000863879919052124,-0.001071333885192871,-0.001277625560760498,-0.0010449886322021484,-0.0009010434150695801,-0.00022590160369873047,-0.0008387565612792969,-0.0009168386459350586,-0.00117570161819458,-0.000946342945098877,-0.0016710162162780762,-0.001367807388305664,-0.0011215806007385254,-0.0009691715240478516,-0.0011661052703857422,-0.0013114213943481445,-0.0020027458667755127,-0.0017101764678955078,-0.0021155476570129395,-0.0019033551216125488,-0.0016919970512390137,-0.0014641284942626953,-0.0017021894454956055,-0.0018315315246582031,-0.002635747194290161,-0.0024727582931518555,-0.003654003143310547,-0.0026136040687561035,-0.002219259738922119,-0.0016169548034667969,-0.002237677574157715,-0.002556443214416504,-0.0029482245445251465,-0.0031255483627319336,-0.0025637149810791016,-0.0027652978897094727,-0.002291560173034668,-0.001709580421447754,-0.002351045608520508,-0.0027142763137817383,-0.004152864217758179,-0.0036208629608154297,-0.0045160651206970215,-0.0043343305587768555,-0.0032051801681518555,-0.0025200843811035156,-0.0035976171493530273,-0.004049181938171387
2208.5,-0.000863879919052124,-0.001071333885192871,-0.001277625560760498,-0.0010449886322021484,-0.0009010434150695801,-0.00022590160369873047,-0.0008387565612792969,-0.0009168386459350586,-0.00117570161819458,-0.000946342945098877,-0.0016710162162780762,-0.001367807388305664,-0.0011215806007385254,-0.0009691715240478516,-0.0011661052703857422,-0.0013114213943481445,-0.0020027458667755127,-0.0017101764678955078,-0.0021155476570129395,-0.0019033551216125488,-0.0016919970512390137,-0.0014641284942626953,-0.0017021894454956055,-0.0018315315246582031,-0.002635747194290161,-0.0024727582931518555,-0.003654003143310547,-0.0026136040687561035,-0.002219259738922119,-0.0016169548034667969,-0.002237677574157715,-0.002556443214416504,-0.0029482245445251465,-0.0031255483627319336,-0.0025637149810791016,-0.0027652978897094727,-0.002291560173034668,-0.001709580421447754,-0.002351045608520508,-0.0027142763137817383,-0.004152864217758179,-0.0036208629608154297,-0.0045160651206970215,-0.0043343305587768555,-0.0032051801681518555,-0.0025200843811035156,-0.0035976171493530273,-0.004049181938171387
2209.5,-0.000863879919052124,-0.001071333885192871,-0.001277625560760498,-0.0010449886322021484,-0.0009010434150695801,-0.00022590160369873047,-0.0008387565612792969,-0.0009168386459350586,-0.00117570161819458,-0.000946342945098877,-0.0016710162162780762,-0.001367807388305664,-0.0011215806007385254,-0.0009691715240478516,-0.0011661052703857422,-0.0013114213943481445,-0.0020027458667755127,-0.0017101764678955078,-0.0021155476570129395,-0.0019033551216125488,-0.0016919970512390137,-0.0014641284942626953,-0.0017021894454956055,-0.0018315315246582031,-0.002635747194290161,-0.0024727582931518555,-0.003654003143310547,-0.0026136040687561035,-0.002219259738922119,-0.0016169548034667969,-0.002237677574157715,-0.002556443214416504,-0.0029482245445251465,-0.0031255483627319336,-0.0025637149810791016,-0.0027652978897094727,-0.002291560173034668,-0.001709580421447754,-0.002351045608520508,-0.0027142763137817383,-0.004152864217758179,-0.0036208629608154297,-0.0045160651206970215,-0.0043343305587768555,-0.0032051801681518555,-0.0025200843811035156,-0.0035976171493530273,-0.004049181938171387
2210.5,-0.000863879919052124,-0.001071333885192871,-0.001277625560760498,-0.0010449886322021484,-0.0009010434150695801,-0.00022590160369873047,-0.0008387565612792969,-0.0009168386459350586,-0.00117570161819458,-0.000946342945098877,-0.0016710162162780762,-0.001367807388305664,-0.0011215806007385254,-0.0009691715240478516,-0.0011661052703857422,-0.0013114213943481445,-0.0020027458667755127,-0.0017101764678955078,-0.0021155476570129395,-0.0019033551216125488,-0.0016919970512390137,-0.0014641284942626953,-0.0017021894454956055,-0.0018315315246582031,-0.002635747194290161,-0.0024727582931518555,-0.003654003143310547,-0.0026136040687561035,-0.002219259738922119,-0.0016169548034667969,-0.002237677574157715,-0.002556443214416504,-0.0029482245445251465,-0.0031255483627319336,-0.0025637149810791016,-0.0027652978897094727,-0.002291560173034668,-0.001709580421447754,-0.002351045608520508,-0.0027142763137817383,-0.004152864217758179,-0.0036208629608154297,-0.0045160651206970215,-0.0043343305587768555,-0.0032051801681518555,-0.0025200843811035156,-0.0035976171493530273,-0.004049181938171387
2211.5,-0.000863879919052124,-0.001071333885192871,-0.001277625560760498,-0.0010449886322021484,-0.0009010434150695801,-0.00022590160369873047,-0.0008387565612792969,-0.0009168386459350586,-0.00117570161819458,-0.000946342945098877,-0.0016710162162780762,-0.001367807388305664,-0.0011215806007385254,-0.0009691715240478516,-0.0011661052703857422,-0.0013114213943481445,-0.0020027458667755127,-0.0017101764678955078,-0.0021155476570129395,-0.0019033551216125488,-0.0016919970512390137,-0.0014641284942626953,-0.0017021894454956055,-0.0018315315246582031,-0.002635747194290161,-0.0024727582931518555,-0.003654003143310547,-0.0026136040687561035,-0.002219259738922119,-0.0016169548034667969,-0.002237677574157715,-0.002556443214416504,-0.0029482245445251465,-0.0031255483627319336,-0.0025637149810791016,-0.0027652978897094727,-0.002291560173034668,-0.001709580421447754,-0.002351045608520508,-0.0027142763137817383,-0.004152864217758179,-0.0036208629608154297,-0.0045160651206970215,-0.0043343305587768555,-0.0032051801681518555,-0.0025200843811035156,-0.0035976171493530273,-0.004049181938171387
2212.5,-0.000863879919052124,-0.001071333885192871,-0.001277625560760498,-0.0010449886322021484,-0.0009010434150695801,-0.00022590160369873047,-0.0008387565612792969,-0.0009168386459350586,-0.00117570161819458,-0.000946342945098877,-0.0016710162162780762,-0.001367807388305664,-0.0011215806007385254,-0.0009691715240478516,-0.0011661052703857422,-0.0013114213943481445,-0.0020027458667755127,-0.0017101764678955078,-0.0021155476570129395,-0.0019033551216125488,-0.0016919970512390137,-0.0014641284942626953,-0.0017021894454956055,-0.0018315315246582031,-0.002635747194290161,-0.0024727582931518555,-0.003654003143310547,-0.0026136040687561035,-0.002219259738922119,-0.0016169548034667969,-0.002237677574157715,-0.002556443214416504,-0.0029482245445251465,-0.0031255483627319336,-0.0025637149810791016,-0.0027652978897094727,-0.002291560173034668,-0.001709580421447754,-0.002351045608520508,-0.0027142763137817383,-0.004152864217758179,-0.0036208629608154297,-0.0045160651206970215,-0.0043343305587768555,-0.0032051801681518555,-0.0025200843811035156,-0.0035976171493530273,-0.004049181938171387
2213.5,-0.000863879919052124,-0.001071333885192871,-0.001277625560760498,-0.0010449886322021484,-0.0009010434150695801,-0.00022590160369873047,-0.0008387565612792969,-0.0009168386459350586,-0.00117570161819458,-0.000946342945098877,-0.0016710162162780762,-0.001367807388305664,-0.0011215806007385254,-0.0009691715240478516,-0.0011661052703857422,-0.0013114213943481445,-0.0020027458667755127,-0.0017101764678955078,-0.0021155476570129395,-0.0019033551216125488,-0.0016919970512390137,-0.0014641284942626953,-0.0017021894454956055,-0.0018315315246582031,-0.002635747194290161,-0.0024727582931518555,-0.003654003143310547,-0.0026136040687561035,-0.002219259738922119,-0.0016169548034667969,-0.002237677574157715,-0.002556443214416504,-0.0029482245445251465,-0.0031255483627319336,-0.0025637149810791016,-0.0027652978897094727,-0.002291560173034668,-0.001709580421447754,-0.002351045608520508,-0.0027142763137817383,-0.004152864217758179,-0.0036208629608154297,-0.0045160651206970215,-0.0043343305587768555,-0.0032051801681518555,-0.0025200843811035156,-0.0035976171493530273,-0.004049181938171387
2214.5,-0.000863879919052124,-0.001071333885192871,-0.001277625560760498,-0.0010449886322021484,-0.0009010434150695801,-0.00022590160369873047,-0.0008387565612792969,-0.0009168386459350586,-0.00117570161819458,-0.000946342945098877,-0.0016710162162780762,-0.001367807388305664,-0.0011215806007385254,-0.0009691715240478516,-0.0011661052703857422,-0.0013114213943481445,-0.0020027458667755127,-0.0017101764678955078,-0.0021155476570129395,-0.0019033551216125488,-0.0016919970512390137,-0.0014641284942626953,-0.0017021894454956055,-0.0018315315246582031,-0.002635747194290161,-0.0024727582931518555,-0.003654003143310547,-0.0026136040687561035,-0.002219259738922119,-0.0016169548034667969,-0.002237677574157715,-0.002556443214416504,-0.0029482245445251465,-0.0031255483627319336,-0.0025637149810791016,-0.0027652978897094727,-0.002291560173034668,-0.001709580421447754,-0.002351045608520508,-0.0027142763137817383,-0.004152864217758179,-0.0036208629608154297,-0.0045160651206970215,-0.0043343305587768555,-0.0032051801681518555,-0.0025200843811035156,-0.0035976171493530273,-0.004049181938171387
2215.5,-0.000863879919052124,-0.001071333885192871,-0.001277625560760498,-0.0010449886322021484,-0.0009010434150695801,-0.00022590160369873047,-0.0008387565612792969,-0.0009168386459350586,-0.00117570161819458,-0.000946342945098877,-0.0016710162162780762,-0.001367807388305664,-0.0011215806007385254,-0.0009691715240478516,-0.0011661052703857422,-0.0013114213943481445,-0.0020027458667755127,-0.0017101764678955078,-0.0021155476570129395,-0.0019033551216125488,-0.0016919970512390137,-0.0014641284942626953,-0.0017021894454956055,-0.0018315315246582031,-0.002635747194290161,-0.0024727582931518555,-0.003654003143310547,-0.0026136040687561035,-0.002219259738922119,-0.0016169548034667969,-0.002237677574157715,-0.002556443214416504,-0.0029482245445251465,-0.0031255483627319336,-0.0025637149810791016,-0.0027652978897094727,-0.002291560173034668,-0.001709580421447754,-0.002351045608520508,-0.0027142763137817383,-0.004152864217758179,-0.0036208629608154297,-0.0045160651206970215,-0.0043343305587768555,-0.0032051801681518555,-0.0025200843811035156,-0.0035976171493530273,-0.004049181938171387
2216.5,-0.000863879919052124,-0.001071333885192871,-0.001277625560760498,-0.0010449886322021484,-0.0009010434150695801,-0.00022590160369873047,-0.0008387565612792969,-0.0009168386459350586,-0.00117570161819458,-0.000946342945098877,-0.0016710162162780762,-0.001367807388305664,-0.0011215806007385254,-0.0009691715240478516,-0.0011661052703857422,-0.0013114213943481445,-0.0020027458667755127,-0.0017101764678955078,-0.0021155476570129395,-0.0019033551216125488,-0.0016919970512390137,-0.0014641284942626953,-0.0017021894454956055,-0.0018315315246582031,-0.002635747194290161,-0.0024727582931518555,-0.003654003143310547,-0.0026136040687561035,-0.002219259738922119,-0.0016169548034667969,-0.002237677574157715,-0.002556443214416504,-0.0029482245445251465,-0.0031255483627319336,-0.0025637149810791016,-0.0027652978897094727,-0.002291560173034668,-0.001709580421447754,-0.002351045608520508,-0.0027142763137817383,-0.004152864217758179,-0.0036208629608154297,-0.0045160651206970215,-0.0043343305587768555,-0.0032051801681518555,-0.0025200843811035156,-0.0035976171493530273,-0.004049181938171387
2217.5,-0.000863879919052124,-0.001071333885192871,-0.001277625560760498,-0.0010449886322021484,-0.0009010434150695801,-0.00022590160369873047,-0.0008387565612792969,-0.0009168386459350586,-0.00117570161819458,-0.000946342945098877,-0.0016710162162780762,-0.001367807388305664,-0.0011215806007385254,-0.0009691715240478516,-0.0011661052703857422,-0.0013114213943481445,-0.0020027458667755127,-0.0017101764678955078,-0.0021155476570129395,-0.0019033551216125488,-0.0016919970512390137,-0.0014641284942626953,-0.0017021894454956055,-0.0018315315246582031,-0.002635747194290161,-0.0024727582931518555,-0.003654003143310547,-0.0026136040687561035,-0.002219259738922119,-0.0016169548034667969,-0.002237677574157715,-0.002556443214416504,-0.0029482245445251465,-0.0031255483627319336,-0.0025637149810791016,-0.0027652978897094727,-0.002291560173034668,-0.001709580421447754,-0.002351045608520508,-0.0027142763137817383,-0.004152864217758179,-0.0036208629608154297,-0.0045160651206970215,-0.0043343305587768555,-0.0032051801681518555,-0.0025200843811035156,-0.0035976171493530273,-0.004049181938171387
2218.5,-0.000863879919052124,-0.001071333885192871,-0.001277625560760498,-0.0010449886322021484,-0.0009010434150695801,-0.00022590160369873047,-0.0008387565612792969,-0.0009168386459350586,-0.00117570161819458,-0.000946342945098877,-0.0016710162162780762,-0.001367807388305664,-0.0011215806007385254,-0.0009691715240478516,-0.0011661052703857422,-0.0013114213943481445,-0.0020027458667755127,-0.0017101764678955078,-0.0021155476570129395,-0.0019033551216125488,-0.0016919970512390137,-0.0014641284942626953,-0.0017021894454956055,-0.0018315315246582031,-0.002635747194290161,-0.0024727582931518555,-0.003654003143310547,-0.0026136040687561035,-0.002219259738922119,-0.0016169548034667969,-0.002237677574157715,-0.002556443214416504,-0.0029482245445251465,-0.0031255483627319336,-0.0025637149810791016,-0.0027652978897094727,-0.002291560173034668,-0.001709580421447754,-0.002351045608520508,-0.0027142763137817383,-0.004152864217758179,-0.0036208629608154297,-0.0045160651206970215,-0.0043343305587768555,-0.0032051801681518555,-0.0025200843811035156,-0.0035976171493530273,-0.004049181938171387
2219.5,-0.000863879919052124,-0.001071333885192871,-0.001277625560760498,-0.0010449886322021484,-0.0009010434150695801,-0.00022590160369873047,-0.0008387565612792969,-0.0009168386459350586,-0.00117570161819458,-0.000946342945098877,-0.0016710162162780762,-0.001367807388305664,-0.0011215806007385254,-0.0009691715240478516,-0.0011661052703857422,-0.0013114213943481445,-0.0020027458667755127,-0.0017101764678955078,-0.0021155476570129395,-0.0019033551216125488,-0.0016919970512390137,-0.0014641284942626953,-0.0017021894454956055,-0.0018315315246582031,-0.002635747194290161,-0.0024727582931518555,-0.003654003143310547,-0.0026136040687561035,-0.002219259738922119,-0.0016169548034667969,-0.002237677574157715,-0.002556443214416504,-0.0029482245445251465,-0.0031255483627319336,-0.0025637149810791016,-0.0027652978897094727,-0.002291560173034668,-0.001709580421447754,-0.002351045608520508,-0.0027142763137817383,-0.004152864217758179,-0.0036208629608154297,-0.0045160651206970215,-0.0043343305587768555,-0.0032051801681518555,-0.0025200843811035156,-0.0035976171493530273,-0.004049181938171387
2220.5,-0.000863879919052124,-0.001071333885192871,-0.001277625560760498,-0.0010449886322021484,-0.0009010434150695801,-0.00022590160369873047,-0.0008387565612792969,-0.0009168386459350586,-0.00117570161819458,-0.000946342945098877,-0.0016710162162780762,-0.001367807388305664,-0.0011215806007385254,-0.0009691715240478516,-0.0011661052703857422,-0.0013114213943481445,-0.0020027458667755127,-0.0017101764678955078,-0.0021155476570129395,-0.0019033551216125488,-0.0016919970512390137,-0.0014641284942626953,-0.0017021894454956055,-0.0018315315246582031,-0.002635747194290161,-0.0024727582931518555,-0.003654003143310547,-0.0026136040687561035,-0.002219259738922119,-0.0016169548034667969,-0.002237677574157715,-0.002556443214416504,-0.0029482245445251465,-0.0031255483627319336,-0.0025637149810791016,-0.0027652978897094727,-0.002291560173034668,-0.001709580421447754,-0.002351045608520508,-0.0027142763137817383,-0.004152864217758179,-0.0036208629608154297,-0.0045160651206970215,-0.0043343305587768555,-0.0032051801681518555,-0.0025200843811035156,-0.0035976171493530273,-0.004049181938171387
2221.5,-0.000863879919052124,-0.001071333885192871,-0.001277625560760498,-0.0010449886322021484,-0.0009010434150695801,-0.00022590160369873047,-0.0008387565612792969,-0.0009168386459350586,-0.00117570161819458,-0.000946342945098877,-0.0016710162162780762,-0.001367807388305664,-0.0011215806007385254,-0.0009691715240478516,-0.0011661052703857422,-0.0013114213943481445,-0.0020027458667755127,-0.0017101764678955078,-0.0021155476570129395,-0.0019033551216125488,-0.0016919970512390137,-0.0014641284942626953,-0.0017021894454956055,-0.0018315315246582031,-0.002635747194290161,-0.0024727582931518555,-0.003654003143310547,-0.0026136040687561035,-0.002219259738922119,-0.0016169548034667969,-0.002237677574157715,-0.002556443214416504,-0.0029482245445251465,-0.0031255483627319336,-0.0025637149810791016,-0.0027652978897094727,-0.002291560173034668,-0.001709580421447754,-0.002351045608520508,-0.0027142763137817383,-0.004152864217758179,-0.0036208629608154297,-0.0045160651206970215,-0.0043343305587768555,-0.0032051801681518555,-0.0025200843811035156,-0.0035976171493530273,-0.004049181938171387
2222.5,-0.000863879919052124,-0.001071333885192871,-0.001277625560760498,-0.0010449886322021484,-0.0009010434150695801,-0.00022590160369873047,-0.0008387565612792969,-0.0009168386459350586,-0.00117570161819458,-0.000946342945098877,-0.0016710162162780762,-0.001367807388305664,-0.0011215806007385254,-0.0009691715240478516,-0.0011661052703857422,-0.0013114213943481445,-0.0020027458667755127,-0.0017101764678955078,-0.0021155476570129395,-0.0019033551216125488,-0.0016919970512390137,-0.0014641284942626953,-0.0017021894454956055,-0.0018315315246582031,-0.002635747194290161,-0.0024727582931518555,-0.003654003143310547,-0.0026136040687561035,-0.002219259738922119,-0.0016169548034667969,-0.002237677574157715,-0.002556443214416504,-0.0029482245445251465,-0.0031255483627319336,-0.0025637149810791016,-0.0027652978897094727,-0.002291560173034668,-0.001709580421447754,-0.002351045608520508,-0.0027142763137817383,-0.004152864217758179,-0.0036208629608154297,-0.0045160651206970215,-0.0043343305587768555,-0.0032051801681518555,-0.0025200843811035156,-0.0035976171493530273,-0.004049181938171387
2223.5,-0.000863879919052124,-0.001071333885192871,-0.001277625560760498,-0.0010449886322021484,-0.0009010434150695801,-0.00022590160369873047,-0.0008387565612792969,-0.0009168386459350586,-0.00117570161819458,-0.000946342945098877,-0.0016710162162780762,-0.001367807388305664,-0.0011215806007385254,-0.0009691715240478516,-0.0011661052703857422,-0.0013114213943481445,-0.0020027458667755127,-0.0017101764678955078,-0.0021155476570129395,-0.0019033551216125488,-0.0016919970512390137,-0.0014641284942626953,-0.0017021894454956055,-0.0018315315246582031,-0.002635747194290161,-0.0024727582931518555,-0.003654003143310547,-0.0026136040687561035,-0.002219259738922119,-0.0016169548034667969,-0.002237677574157715,-0.002556443214416504,-0.0029482245445251465,-0.0031255483627319336,-0.0025637149810791016,-0.0027652978897094727,-0.002291560173034668,-0.001709580421447754,-0.002351045608520508,-0.0027142763137817383,-0.004152864217758179,-0.0036208629608154297,-0.0045160651206970215,-0.0043343305587768555,-0.0032051801681518555,-0.0025200843811035156,-0.0035976171493530273,-0.004049181938171387
2224.5,-0.000863879919052124,-0.001071333885192871,-0.001277625560760498,-0.0010449886322021484,-0.0009010434150695801,-0.00022590160369873047,-0.0008387565612792969,-0.0009168386459350586,-0.00117570161819458,-0.000946342945098877,-0.0016710162162780762,-0.001367807388305664,-0.0011215806007385254,-0.0009691715240478516,-0.0011661052703857422,-0.0013114213943481445,-0.0020027458667755127,-0.0017101764678955078,-0.0021155476570129395,-0.0019033551216125488,-0.0016919970512390137,-0.0014641284942626953,-0.0017021894454956055,-0.0018315315246582031,-0.002635747194290161,-0.0024727582931518555,-0.003654003143310547,-0.0026136040687561035,-0.002219259738922119,-0.0016169548034667969,-0.002237677574157715,-0.002556443214416504,-0.0029482245445251465,-0.0031255483627319336,-0.0025637149810791016,-0.0027652978897094727,-0.002291560173034668,-0.001709580421447754,-0.002351045608520508,-0.0027142763137817383,-0.004152864217758179,-0.0036208629608154297,-0.0045160651206970215,-0.0043343305587768555,-0.0032051801681518555,-0.0025200843811035156,-0.0035976171493530273,-0.004049181938171387
2225.5,-0.000863879919052124,-0.001071333885192871,-0.001277625560760498,-0.0010449886322021484,-0.0009010434150695801,-0.00022590160369873047,-0.0008387565612792969,-0.0009168386459350586,-0.00117570161819458,-0.000946342945098877,-0.0016710162162780762,-0.001367807388305664,-0.0011215806007385254,-0.0009691715240478516,-0.0011661052703857422,-0.0013114213943481445,-0.0020027458667755127,-0.0017101764678955078,-0.0021155476570129395,-0.0019033551216125488,-0.0016919970512390137,-0.0014641284942626953,-0.0017021894454956055,-0.0018315315246582031,-0.002635747194290161,-0.0024727582931518555,-0.003654003143310547,-0.0026136040687561035,-0.002219259738922119,-0.0016169548034667969,-0.002237677574157715,-0.002556443214416504,-0.0029482245445251465,-0.0031255483627319336,-0.0025637149810791016,-0.0027652978897094727,-0.002291560173034668,-0.001709580421447754,-0.002351045608520508,-0.0027142763137817383,-0.004152864217758179,-0.0036208629608154297,-0.0045160651206970215,-0.0043343305587768555,-0.0032051801681518555,-0.0025200843811035156,-0.0035976171493530273,-0.004049181938171387
2226.5,-0.000863879919052124,-0.001071333885192871,-0.001277625560760498,-0.0010449886322021484,-0.0009010434150695801,-0.00022590160369873047,-0.0008387565612792969,-0.0009168386459350586,-0.00117570161819458,-0.000946342945098877,-0.0016710162162780762,-0.001367807388305664,-0.0011215806007385254,-0.0009691715240478516,-0.0011661052703857422,-0.0013114213943481445,-0.0020027458667755127,-0.0017101764678955078,-0.0021155476570129395,-0.0019033551216125488,-0.0016919970512390137,-0.0014641284942626953,-0.0017021894454956055,-0.0018315315246582031,-0.002635747194290161,-0.0024727582931518555,-0.003654003143310547,-0.0026136040687561035,-0.002219259738922119,-0.0016169548034667969,-0.002237677574157715,-0.002556443214416504,-0.0029482245445251465,-0.0031255483627319336,-0.0025637149810791016,-0.0027652978897094727,-0.002291560173034668,-0.001709580421447754,-0.002351045608520508,-0.0027142763137817383,-0.004152864217758179,-0.0036208629608154297,-0.0045160651206970215,-0.0043343305587768555,-0.0032051801681518555,-0.0025200843811035156,-0.0035976171493530273,-0.004049181938171387
2227.5,-0.000863879919052124,-0.001071333885192871,-0.001277625560760498,-0.0010449886322021484,-0.0009010434150695801,-0.00022590160369873047,-0.0008387565612792969,-0.0009168386459350586,-0.00117570161819458,-0.000946342945098877,-0.0016710162162780762,-0.001367807388305664,-0.0011215806007385254,-0.0009691715240478516,-0.0011661052703857422,-0.0013114213943481445,-0.0020027458667755127,-0.0017101764678955078,-0.0021155476570129395,-0.0019033551216125488,-0.0016919970512390137,-0.0014641284942626953,-0.0017021894454956055,-0.0018315315246582031,-0.002635747194290161,-0.0024727582931518555,-0.003654003143310547,-0.0026136040687561035,-0.002219259738922119,-0.0016169548034667969,-0.002237677574157715,-0.002556443214416504,-0.0029482245445251465,-0.0031255483627319336,-0.0025637149810791016,-0.0027652978897094727,-0.002291560173034668,-0.001709580421447754,-0.002351045608520508,-0.0027142763137817383,-0.004152864217758179,-0.0036208629608154297,-0.0045160651206970215,-0.0043343305587768555,-0.0032051801681518555,-0.0025200843811035156,-0.0035976171493530273,-0.004049181938171387
2228.5,-0.000863879919052124,-0.001071333885192871,-0.001277625560760498,-0.0010449886322021484,-0.0009010434150695801,-0.00022590160369873047,-0.0008387565612792969,-0.0009168386459350586,-0.00117570161819458,-0.000946342945098877,-0.0016710162162780762,-0.001367807388305664,-0.0011215806007385254,-0.0009691715240478516,-0.0011661052703857422,-0.0013114213943481445,-0.0020027458667755127,-0.0017101764678955078,-0.0021155476570129395,-0.0019033551216125488,-0.0016919970512390137,-0.0014641284942626953,-0.0017021894454956055,-0.0018315315246582031,-0.002635747194290161,-0.0024727582931518555,-0.003654003143310547,-0.0026136040687561035,-0.002219259738922119,-0.0016169548034667969,-0.002237677574157715,-0.002556443214416504,-0.0029482245445251465,-0.0031255483627319336,-0.0025637149810791016,-0.0027652978897094727,-0.002291560173034668,-0.001709580421447754,-0.002351045608520508,-0.0027142763137817383,-0.004152864217758179,-0.0036208629608154297,-0.0045160651206970215,-0.0043343305587768555,-0.0032051801681518555,-0.0025200843811035156,-0.0035976171493530273,-0.004049181938171387
2229.5,-0.000863879919052124,-0.001071333885192871,-0.001277625560760498,-0.0010449886322021484,-0.0009010434150695801,-0.00022590160369873047,-0.0008387565612792969,-0.0009168386459350586,-0.00117570161819458,-0.000946342945098877,-0.0016710162162780762,-0.001367807388305664,-0.0011215806007385254,-0.0009691715240478516,-0.0011661052703857422,-0.0013114213943481445,-0.0020027458667755127,-0.0017101764678955078,-0.0021155476570129395,-0.0019033551216125488,-0.0016919970512390137,-0.0014641284942626953,-0.0017021894454956055,-0.0018315315246582031,-0.002635747194290161,-0.0024727582931518555,-0.003654003143310547,-0.0026136040687561035,-0.002219259738922119,-0.0016169548034667969,-0.002237677574157715,-0.002556443214416504,-0.0029482245445251465,-0.0031255483627319336,-0.0025637149810791016,-0.0027652978897094727,-0.002291560173034668,-0.001709580421447754,-0.002351045608520508,-0.0027142763137817383,-0.004152864217758179,-0.0036208629608154297,-0.0045160651206970215,-0.0043343305587768555,-0.0032051801681518555,-0.0025200843811035156,-0.0035976171493530273,-0.004049181938171387
2230.5,-0.000863879919052124,-0.001071333885192871,-0.001277625560760498,-0.0010449886322021484,-0.0009010434150695801,-0.00022590160369873047,-0.0008387565612792969,-0.0009168386459350586,-0.00117570161819458,-0.000946342945098877,-0.0016710162162780762,-0.001367807388305664,-0.0011215806007385254,-0.0009691715240478516,-0.0011661052703857422,-0.0013114213943481445,-0.0020027458667755127,-0.0017101764678955078,-0.0021155476570129395,-0.0019033551216125488,-0.0016919970512390137,-0.0014641284942626953,-0.0017021894454956055,-0.0018315315246582031,-0.002635747194290161,-0.0024727582931518555,-0.003654003143310547,-0.0026136040687561035,-0.002219259738922119,-0.0016169548034667969,-0.002237677574157715,-0.002556443214416504,-0.0029482245445251465,-0.0031255483627319336,-0.0025637149810791016,-0.0027652978897094727,-0.002291560173034668,-0.001709580421447754,-0.002351045608520508,-0.0027142763137817383,-0.004152864217758179,-0.0036208629608154297,-0.0045160651206970215,-0.0043343305587768555,-0.0032051801681518555,-0.0025200843811035156,-0.0035976171493530273,-0.004049181938171387
2231.5,-0.000863879919052124,-0.001071333885192871,-0.001277625560760498,-0.0010449886322021484,-0.0009010434150695801,-0.00022590160369873047,-0.0008387565612792969,-0.0009168386459350586,-0.00117570161819458,-0.000946342945098877,-0.0016710162162780762,-0.001367807388305664,-0.0011215806007385254,-0.0009691715240478516,-0.0011661052703857422,-0.0013114213943481445,-0.0020027458667755127,-0.0017101764678955078,-0.0021155476570129395,-0.0019033551216125488,-0.0016919970512390137,-0.0014641284942626953,-0.0017021894454956055,-0.0018315315246582031,-0.002635747194290161,-0.0024727582931518555,-0.003654003143310547,-0.0026136040687561035,-0.002219259738922119,-0.0016169548034667969,-0.002237677574157715,-0.002556443214416504,-0.0029482245445251465,-0.0031255483627319336,-0.0025637149810791016,-0.0027652978897094727,-0.002291560173034668,-0.001709580421447754,-0.002351045608520508,-0.0027142763137817383,-0.004152864217758179,-0.0036208629608154297,-0.0045160651206970215,-0.0043343305587768555,-0.0032051801681518555,-0.0025200843811035156,-0.0035976171493530273,-0.004049181938171387
2232.5,-0.000863879919052124,-0.001071333885192871,-0.001277625560760498,-0.0010449886322021484,-0.0009010434150695801,-0.00022590160369873047,-0.0008387565612792969,-0.0009168386459350586,-0.00117570161819458,-0.000946342945098877,-0.0016710162162780762,-0.001367807388305664,-0.0011215806007385254,-0.0009691715240478516,-0.0011661052703857422,-0.0013114213943481445,-0.0020027458667755127,-0.0017101764678955078,-0.0021155476570129395,-0.0019033551216125488,-0.0016919970512390137,-0.0014641284942626953,-0.0017021894454956055,-0.0018315315246582031,-0.002635747194290161,-0.0024727582931518555,-0.003654003143310547,-0.0026136040687561035,-0.002219259738922119,-0.0016169548034667969,-0.002237677574157715,-0.002556443214416504,-0.0029482245445251465,-0.0031255483627319336,-0.0025637149810791016,-0.0027652978897094727,-0.002291560173034668,-0.001709580421447754,-0.002351045608520508,-0.0027142763137817383,-0.004152864217758179,-0.0036208629608154297,-0.0045160651206970215,-0.0043343305587768555,-0.0032051801681518555,-0.0025200843811035156,-0.0035976171493530273,-0.004049181938171387
2233.5,-0.000863879919052124,-0.001071333885192871,-0.001277625560760498,-0.0010449886322021484,-0.0009010434150695801,-0.00022590160369873047,-0.0008387565612792969,-0.0009168386459350586,-0.00117570161819458,-0.000946342945098877,-0.0016710162162780762,-0.001367807388305664,-0.0011215806007385254,-0.0009691715240478516,-0.0011661052703857422,-0.0013114213943481445,-0.0020027458667755127,-0.0017101764678955078,-0.0021155476570129395,-0.0019033551216125488,-0.0016919970512390137,-0.0014641284942626953,-0.0017021894454956055,-0.0018315315246582031,-0.002635747194290161,-0.0024727582931518555,-0.003654003143310547,-0.0026136040687561035,-0.002219259738922119,-0.0016169548034667969,-0.002237677574157715,-0.002556443214416504,-0.0029482245445251465,-0.0031255483627319336,-0.0025637149810791016,-0.0027652978897094727,-0.002291560173034668,-0.001709580421447754,-0.002351045608520508,-0.0027142763137817383,-0.004152864217758179,-0.0036208629608154297,-0.0045160651206970215,-0.0043343305587768555,-0.0032051801681518555,-0.0025200843811035156,-0.0035976171493530273,-0.004049181938171387
2234.5,-0.000863879919052124,-0.001071333885192871,-0.001277625560760498,-0.0010449886322021484,-0.0009010434150695801,-0.00022590160369873047,-0.0008387565612792969,-0.0009168386459350586,-0.00117570161819458,-0.000946342945098877,-0.0016710162162780762,-0.001367807388305664,-0.0011215806007385254,-0.0009691715240478516,-0.0011661052703857422,-0.0013114213943481445,-0.0020027458667755127,-0.0017101764678955078,-0.0021155476570129395,-0.0019033551216125488,-0.0016919970512390137,-0.0014641284942626953,-0.0017021894454956055,-0.0018315315246582031,-0.002635747194290161,-0.0024727582931518555,-0.003654003143310547,-0.0026136040687561035,-0.002219259738922119,-0.0016169548034667969,-0.002237677574157715,-0.002556443214416504,-0.0029482245445251465,-0.0031255483627319336,-0.0025637149810791016,-0.0027652978897094727,-0.002291560173034668,-0.001709580421447754,-0.002351045608520508,-0.0027142763137817383,-0.004152864217758179,-0.0036208629608154297,-0.0045160651206970215,-0.0043343305587768555,-0.0032051801681518555,-0.0025200843811035156,-0.0035976171493530273,-0.004049181938171387
2235.5,-0.000863879919052124,-0.001071333885192871,-0.001277625560760498,-0.0010449886322021484,-0.0009010434150695801,-0.00022590160369873047,-0.0008387565612792969,-0.0009168386459350586,-0.00117570161819458,-0.000946342945098877,-0.0016710162162780762,-0.001367807388305664,-0.0011215806007385254,-0.0009691715240478516,-0.0011661052703857422,-0.0013114213943481445,-0.0020027458667755127,-0.0017101764678955078,-0.0021155476570129395,-0.0019033551216125488,-0.0016919970512390137,-0.0014641284942626953,-0.0017021894454956055,-0.0018315315246582031,-0.002635747194290161,-0.0024727582931518555,-0.003654003143310547,-0.0026136040687561035,-0.002219259738922119,-0.0016169548034667969,-0.002237677574157715,-0.002556443214416504,-0.0029482245445251465,-0.0031255483627319336,-0.0025637149810791016,-0.0027652978897094727,-0.002291560173034668,-0.001709580421447754,-0.002351045608520508,-0.0027142763137817383,-0.004152864217758179,-0.0036208629608154297,-0.0045160651206970215,-0.0043343305587768555,-0.0032051801681518555,-0.0025200843811035156,-0.0035976171493530273,-0.004049181938171387
2236.5,-0.000863879919052124,-0.001071333885192871,-0.001277625560760498,-0.0010449886322021484,-0.0009010434150695801,-0.00022590160369873047,-0.0008387565612792969,-0.0009168386459350586,-0.00117570161819458,-0.000946342945098877,-0.0016710162162780762,-0.001367807388305664,-0.0011215806007385254,-0.0009691715240478516,-0.0011661052703857422,-0.0013114213943481445,-0.0020027458667755127,-0.0017101764678955078,-0.0021155476570129395,-0.0019033551216125488,-0.0016919970512390137,-0.0014641284942626953,-0.0017021894454956055,-0.0018315315246582031,-0.002635747194290161,-0.0024727582931518555,-0.003654003143310547,-0.0026136040687561035,-0.002219259738922119,-0.0016169548034667969,-0.002237677574157715,-0.002556443214416504,-0.0029482245445251465,-0.0031255483627319336,-0.0025637149810791016,-0.0027652978897094727,-0.002291560173034668,-0.001709580421447754,-0.002351045608520508,-0.0027142763137817383,-0.004152864217758179,-0.0036208629608154297,-0.0045160651206970215,-0.0043343305587768555,-0.0032051801681518555,-0.0025200843811035156,-0.0035976171493530273,-0.004049181938171387
2237.5,-0.000863879919052124,-0.001071333885192871,-0.001277625560760498,-0.0010449886322021484,-0.0009010434150695801,-0.00022590160369873047,-0.0008387565612792969,-0.0009168386459350586,-0.00117570161819458,-0.000946342945098877,-0.0016710162162780762,-0.001367807388305664,-0.0011215806007385254,-0.0009691715240478516,-0.0011661052703857422,-0.0013114213943481445,-0.0020027458667755127,-0.0017101764678955078,-0.0021155476570129395,-0.0019033551216125488,-0.0016919970512390137,-0.0014641284942626953,-0.0017021894454956055,-0.0018315315246582031,-0.002635747194290161,-0.0024727582931518555,-0.003654003143310547,-0.0026136040687561035,-0.002219259738922119,-0.0016169548034667969,-0.002237677574157715,-0.002556443214416504,-0.0029482245445251465,-0.0031255483627319336,-0.0025637149810791016,-0.0027652978897094727,-0.002291560173034668,-0.001709580421447754,-0.002351045608520508,-0.0027142763137817383,-0.004152864217758179,-0.0036208629608154297,-0.0045160651206970215,-0.0043343305587768555,-0.0032051801681518555,-0.0025200843811035156,-0.0035976171493530273,-0.004049181938171387
2238.5,-0.000863879919052124,-0.001071333885192871,-0.001277625560760498,-0.0010449886322021484,-0.0009010434150695801,-0.00022590160369873047,-0.0008387565612792969,-0.0009168386459350586,-0.00117570161819458,-0.000946342945098877,-0.0016710162162780762,-0.001367807388305664,-0.0011215806007385254,-0.0009691715240478516,-0.0011661052703857422,-0.0013114213943481445,-0.0020027458667755127,-0.0017101764678955078,-0.0021155476570129395,-0.0019033551216125488,-0.0016919970512390137,-0.0014641284942626953,-0.0017021894454956055,-0.0018315315246582031,-0.002635747194290161,-0.0024727582931518555,-0.003654003143310547,-0.0026136040687561035,-0.002219259738922119,-0.0016169548034667969,-0.002237677574157715,-0.002556443214416504,-0.0029482245445251465,-0.0031255483627319336,-0.0025637149810791016,-0.0027652978897094727,-0.002291560173034668,-0.001709580421447754,-0.002351045608520508,-0.0027142763137817383,-0.004152864217758179,-0.0036208629608154297,-0.0045160651206970215,-0.0043343305587768555,-0.0032051801681518555,-0.0025200843811035156,-0.0035976171493530273,-0.004049181938171387
2239.5,-0.000863879919052124,-0.001071333885192871,-0.001277625560760498,-0.0010449886322021484,-0.0009010434150695801,-0.00022590160369873047,-0.0008387565612792969,-0.0009168386459350586,-0.00117570161819458,-0.000946342945098877,-0.0016710162162780762,-0.001367807388305664,-0.0011215806007385254,-0.0009691715240478516,-0.0011661052703857422,-0.0013114213943481445,-0.0020027458667755127,-0.0017101764678955078,-0.0021155476570129395,-0.0019033551216125488,-0.0016919970512390137,-0.0014641284942626953,-0.0017021894454956055,-0.0018315315246582031,-0.002635747194290161,-0.0024727582931518555,-0.003654003143310547,-0.0026136040687561035,-0.002219259738922119,-0.0016169548034667969,-0.002237677574157715,-0.002556443214416504,-0.0029482245445251465,-0.0031255483627319336,-0.0025637149810791016,-0.0027652978897094727,-0.002291560173034668,-0.001709580421447754,-0.002351045608520508,-0.0027142763137817383,-0.004152864217758179,-0.0036208629608154297,-0.0045160651206970215,-0.0043343305587768555,-0.0032051801681518555,-0.0025200843811035156,-0.0035976171493530273,-0.004049181938171387
2240.5,-0.000863879919052124,-0.001071333885192871,-0.001277625560760498,-0.0010449886322021484,-0.0009010434150695801,-0.00022590160369873047,-0.0008387565612792969,-0.0009168386459350586,-0.00117570161819458,-0.000946342945098877,-0.0016710162162780762,-0.001367807388305664,-0.0011215806007385254,-0.0009691715240478516,-0.0011661052703857422,-0.0013114213943481445,-0.0020027458667755127,-0.0017101764678955078,-0.0021155476570129395,-0.0019033551216125488,-0.0016919970512390137,-0.0014641284942626953,-0.0017021894454956055,-0.0018315315246582031,-0.002635747194290161,-0.0024727582931518555,-0.003654003143310547,-0.0026136040687561035,-0.002219259738922119,-0.0016169548034667969,-0.002237677574157715,-0.002556443214416504,-0.0029482245445251465,-0.0031255483627319336,-0.0025637149810791016,-0.0027652978897094727,-0.002291560173034668,-0.001709580421447754,-0.002351045608520508,-0.0027142763137817383,-0.004152864217758179,-0.0036208629608154297,-0.0045160651206970215,-0.0043343305587768555,-0.0032051801681518555,-0.0025200843811035156,-0.0035976171493530273,-0.004049181938171387
2241.5,-0.000863879919052124,-0.001071333885192871,-0.001277625560760498,-0.0010449886322021484,-0.0009010434150695801,-0.00022590160369873047,-0.0008387565612792969,-0.0009168386459350586,-0.00117570161819458,-0.000946342945098877,-0.0016710162162780762,-0.001367807388305664,-0.0011215806007385254,-0.0009691715240478516,-0.0011661052703857422,-0.0013114213943481445,-0.0020027458667755127,-0.0017101764678955078,-0.0021155476570129395,-0.0019033551216125488,-0.0016919970512390137,-0.0014641284942626953,-0.0017021894454956055,-0.0018315315246582031,-0.002635747194290161,-0.0024727582931518555,-0.003654003143310547,-0.0026136040687561035,-0.002219259738922119,-0.0016169548034667969,-0.002237677574157715,-0.002556443214416504,-0.0029482245445251465,-0.0031255483627319336,-0.0025637149810791016,-0.0027652978897094727,-0.002291560173034668,-0.001709580421447754,-0.002351045608520508,-0.0027142763137817383,-0.004152864217758179,-0.0036208629608154297,-0.0045160651206970215,-0.0043343305587768555,-0.0032051801681518555,-0.0025200843811035156,-0.0035976171493530273,-0.004049181938171387
2242.5,-0.000863879919052124,-0.001071333885192871,-0.001277625560760498,-0.0010449886322021484,-0.0009010434150695801,-0.00022590160369873047,-0.0008387565612792969,-0.0009168386459350586,-0.00117570161819458,-0.000946342945098877,-0.0016710162162780762,-0.001367807388305664,-0.0011215806007385254,-0.0009691715240478516,-0.0011661052703857422,-0.0013114213943481445,-0.0020027458667755127,-0.0017101764678955078,-0.0021155476570129395,-0.0019033551216125488,-0.0016919970512390137,-0.0014641284942626953,-0.0017021894454956055,-0.0018315315246582031,-0.002635747194290161,-0.0024727582931518555,-0.003654003143310547,-0.0026136040687561035,-0.002219259738922119,-0.0016169548034667969,-0.002237677574157715,-0.002556443214416504,-0.0029482245445251465,-0.0031255483627319336,-0.0025637149810791016,-0.0027652978897094727,-0.002291560173034668,-0.001709580421447754,-0.002351045608520508,-0.0027142763137817383,-0.004152864217758179,-0.0036208629608154297,-0.0045160651206970215,-0.0043343305587768555,-0.0032051801681518555,-0.0025200843811035156,-0.0035976171493530273,-0.004049181938171387
2243.5,-0.000863879919052124,-0.001071333885192871,-0.001277625560760498,-0.0010449886322021484,-0.0009010434150695801,-0.00022590160369873047,-0.0008387565612792969,-0.0009168386459350586,-0.00117570161819458,-0.000946342945098877,-0.0016710162162780762,-0.001367807388305664,-0.0011215806007385254,-0.0009691715240478516,-0.0011661052703857422,-0.0013114213943481445,-0.0020027458667755127,-0.0017101764678955078,-0.0021155476570129395,-0.0019033551216125488,-0.0016919970512390137,-0.0014641284942626953,-0.0017021894454956055,-0.0018315315246582031,-0.002635747194290161,-0.0024727582931518555,-0.003654003143310547,-0.0026136040687561035,-0.002219259738922119,-0.0016169548034667969,-0.002237677574157715,-0.002556443214416504,-0.0029482245445251465,-0.0031255483627319336,-0.0025637149810791016,-0.0027652978897094727,-0.002291560173034668,-0.001709580421447754,-0.002351045608520508,-0.0027142763137817383,-0.004152864217758179,-0.0036208629608154297,-0.0045160651206970215,-0.0043343305587768555,-0.0032051801681518555,-0.0025200843811035156,-0.0035976171493530273,-0.004049181938171387
2244.5,-0.000863879919052124,-0.001071333885192871,-0.001277625560760498,-0.0010449886322021484,-0.0009010434150695801,-0.00022590160369873047,-0.0008387565612792969,-0.0009168386459350586,-0.00117570161819458,-0.000946342945098877,-0.0016710162162780762,-0.001367807388305664,-0.0011215806007385254,-0.0009691715240478516,-0.0011661052703857422,-0.0013114213943481445,-0.0020027458667755127,-0.0017101764678955078,-0.0021155476570129395,-0.0019033551216125488,-0.0016919970512390137,-0.0014641284942626953,-0.0017021894454956055,-0.0018315315246582031,-0.002635747194290161,-0.0024727582931518555,-0.003654003143310547,-0.0026136040687561035,-0.002219259738922119,-0.0016169548034667969,-0.002237677574157715,-0.002556443214416504,-0.0029482245445251465,-0.0031255483627319336,-0.0025637149810791016,-0.0027652978897094727,-0.002291560173034668,-0.001709580421447754,-0.002351045608520508,-0.0027142763137817383,-0.004152864217758179,-0.0036208629608154297,-0.0045160651206970215,-0.0043343305587768555,-0.0032051801681518555,-0.0025200843811035156,-0.0035976171493530273,-0.004049181938171387
2245.5,-0.000863879919052124,-0.001071333885192871,-0.001277625560760498,-0.0010449886322021484,-0.0009010434150695801,-0.00022590160369873047,-0.0008387565612792969,-0.0009168386459350586,-0.00117570161819458,-0.000946342945098877,-0.0016710162162780762,-0.001367807388305664,-0.0011215806007385254,-0.0009691715240478516,-0.0011661052703857422,-0.0013114213943481445,-0.0020027458667755127,-0.0017101764678955078,-0.0021155476570129395,-0.0019033551216125488,-0.0016919970512390137,-0.0014641284942626953,-0.0017021894454956055,-0.0018315315246582031,-0.002635747194290161,-0.0024727582931518555,-0.003654003143310547,-0.0026136040687561035,-0.002219259738922119,-0.0016169548034667969,-0.002237677574157715,-0.002556443214416504,-0.0029482245445251465,-0.0031255483627319336,-0.0025637149810791016,-0.0027652978897094727,-0.002291560173034668,-0.001709580421447754,-0.002351045608520508,-0.0027142763137817383,-0.004152864217758179,-0.0036208629608154297,-0.0045160651206970215,-0.0043343305587768555,-0.0032051801681518555,-0.0025200843811035156,-0.0035976171493530273,-0.004049181938171387
2246.5,-0.000863879919052124,-0.001071333885192871,-0.001277625560760498,-0.0010449886322021484,-0.0009010434150695801,-0.00022590160369873047,-0.0008387565612792969,-0.0009168386459350586,-0.00117570161819458,-0.000946342945098877,-0.0016710162162780762,-0.001367807388305664,-0.0011215806007385254,-0.0009691715240478516,-0.0011661052703857422,-0.0013114213943481445,-0.0020027458667755127,-0.0017101764678955078,-0.0021155476570129395,-0.0019033551216125488,-0.0016919970512390137,-0.0014641284942626953,-0.0017021894454956055,-0.0018315315246582031,-0.002635747194290161,-0.0024727582931518555,-0.003654003143310547,-0.0026136040687561035,-0.002219259738922119,-0.0016169548034667969,-0.002237677574157715,-0.002556443214416504,-0.0029482245445251465,-0.0031255483627319336,-0.0025637149810791016,-0.0027652978897094727,-0.002291560173034668,-0.001709580421447754,-0.002351045608520508,-0.0027142763137817383,-0.004152864217758179,-0.0036208629608154297,-0.0045160651206970215,-0.0043343305587768555,-0.0032051801681518555,-0.0025200843811035156,-0.0035976171493530273,-0.004049181938171387
2247.5,-0.000863879919052124,-0.001071333885192871,-0.001277625560760498,-0.0010449886322021484,-0.0009010434150695801,-0.00022590160369873047,-0.0008387565612792969,-0.0009168386459350586,-0.00117570161819458,-0.000946342945098877,-0.0016710162162780762,-0.001367807388305664,-0.0011215806007385254,-0.0009691715240478516,-0.0011661052703857422,-0.0013114213943481445,-0.0020027458667755127,-0.0017101764678955078,-0.0021155476570129395,-0.0019033551216125488,-0.0016919970512390137,-0.0014641284942626953,-0.0017021894454956055,-0.0018315315246582031,-0.002635747194290161,-0.0024727582931518555,-0.003654003143310547,-0.0026136040687561035,-0.002219259738922119,-0.0016169548034667969,-0.002237677574157715,-0.002556443214416504,-0.0029482245445251465,-0.0031255483627319336,-0.0025637149810791016,-0.0027652978897094727,-0.002291560173034668,-0.001709580421447754,-0.002351045608520508,-0.0027142763137817383,-0.004152864217758179,-0.0036208629608154297,-0.0045160651206970215,-0.0043343305587768555,-0.0032051801681518555,-0.0025200843811035156,-0.0035976171493530273,-0.004049181938171387
2248.5,-0.000863879919052124,-0.001071333885192871,-0.001277625560760498,-0.0010449886322021484,-0.0009010434150695801,-0.00022590160369873047,-0.0008387565612792969,-0.0009168386459350586,-0.00117570161819458,-0.000946342945098877,-0.0016710162162780762,-0.001367807388305664,-0.0011215806007385254,-0.0009691715240478516,-0.0011661052703857422,-0.0013114213943481445,-0.0020027458667755127,-0.0017101764678955078,-0.0021155476570129395,-0.0019033551216125488,-0.0016919970512390137,-0.0014641284942626953,-0.0017021894454956055,-0.0018315315246582031,-0.002635747194290161,-0.0024727582931518555,-0.003654003143310547,-0.0026136040687561035,-0.002219259738922119,-0.0016169548034667969,-0.002237677574157715,-0.002556443214416504,-0.0029482245445251465,-0.0031255483627319336,-0.0025637149810791016,-0.0027652978897094727,-0.002291560173034668,-0.001709580421447754,-0.002351045608520508,-0.0027142763137817383,-0.004152864217758179,-0.0036208629608154297,-0.0045160651206970215,-0.0043343305587768555,-0.0032051801681518555,-0.0025200843811035156,-0.0035976171493530273,-0.004049181938171387
2249.5,-0.000863879919052124,-0.001071333885192871,-0.001277625560760498,-0.0010449886322021484,-0.0009010434150695801,-0.00022590160369873047,-0.0008387565612792969,-0.0009168386459350586,-0.00117570161819458,-0.000946342945098877,-0.0016710162162780762,-0.001367807388305664,-0.0011215806007385254,-0.0009691715240478516,-0.0011661052703857422,-0.0013114213943481445,-0.0020027458667755127,-0.0017101764678955078,-0.0021155476570129395,-0.0019033551216125488,-0.0016919970512390137,-0.0014641284942626953,-0.0017021894454956055,-0.0018315315246582031,-0.002635747194290161,-0.0024727582931518555,-0.003654003143310547,-0.0026136040687561035,-0.002219259738922119,-0.0016169548034667969,-0.002237677574157715,-0.002556443214416504,-0.0029482245445251465,-0.0031255483627319336,-0.0025637149810791016,-0.0027652978897094727,-0.002291560173034668,-0.001709580421447754,-0.002351045608520508,-0.0027142763137817383,-0.004152864217758179,-0.0036208629608154297,-0.0045160651206970215,-0.0043343305587768555,-0.0032051801681518555,-0.0025200843811035156,-0.0035976171493530273,-0.004049181938171387
2250.5,-0.000863879919052124,-0.001071333885192871,-0.001277625560760498,-0.0010449886322021484,-0.0009010434150695801,-0.00022590160369873047,-0.0008387565612792969,-0.0009168386459350586,-0.00117570161819458,-0.000946342945098877,-0.0016710162162780762,-0.001367807388305664,-0.0011215806007385254,-0.0009691715240478516,-0.0011661052703857422,-0.0013114213943481445,-0.0020027458667755127,-0.0017101764678955078,-0.0021155476570129395,-0.0019033551216125488,-0.0016919970512390137,-0.0014641284942626953,-0.0017021894454956055,-0.0018315315246582031,-0.002635747194290161,-0.0024727582931518555,-0.003654003143310547,-0.0026136040687561035,-0.002219259738922119,-0.0016169548034667969,-0.002237677574157715,-0.002556443214416504,-0.0029482245445251465,-0.0031255483627319336,-0.0025637149810791016,-0.0027652978897094727,-0.002291560173034668,-0.001709580421447754,-0.002351045608520508,-0.0027142763137817383,-0.004152864217758179,-0.0036208629608154297,-0.0045160651206970215,-0.0043343305587768555,-0.0032051801681518555,-0.0025200843811035156,-0.0035976171493530273,-0.004049181938171387
2251.5,-0.000863879919052124,-0.001071333885192871,-0.001277625560760498,-0.0010449886322021484,-0.0009010434150695801,-0.00022590160369873047,-0.0008387565612792969,-0.0009168386459350586,-0.00117570161819458,-0.000946342945098877,-0.0016710162162780762,-0.001367807388305664,-0.0011215806007385254,-0.0009691715240478516,-0.0011661052703857422,-0.0013114213943481445,-0.0020027458667755127,-0.0017101764678955078,-0.0021155476570129395,-0.0019033551216125488,-0.0016919970512390137,-0.0014641284942626953,-0.0017021894454956055,-0.0018315315246582031,-0.002635747194290161,-0.0024727582931518555,-0.003654003143310547,-0.0026136040687561035,-0.002219259738922119,-0.0016169548034667969,-0.002237677574157715,-0.002556443214416504,-0.0029482245445251465,-0.0031255483627319336,-0.0025637149810791016,-0.0027652978897094727,-0.002291560173034668,-0.001709580421447754,-0.002351045608520508,-0.0027142763137817383,-0.004152864217758179,-0.0036208629608154297,-0.0045160651206970215,-0.0043343305587768555,-0.0032051801681518555,-0.0025200843811035156,-0.0035976171493530273,-0.004049181938171387
2252.5,-0.000863879919052124,-0.001071333885192871,-0.001277625560760498,-0.0010449886322021484,-0.0009010434150695801,-0.00022590160369873047,-0.0008387565612792969,-0.0009168386459350586,-0.00117570161819458,-0.000946342945098877,-0.0016710162162780762,-0.001367807388305664,-0.0011215806007385254,-0.0009691715240478516,-0.0011661052703857422,-0.0013114213943481445,-0.0020027458667755127,-0.0017101764678955078,-0.0021155476570129395,-0.0019033551216125488,-0.0016919970512390137,-0.0014641284942626953,-0.0017021894454956055,-0.0018315315246582031,-0.002635747194290161,-0.0024727582931518555,-0.003654003143310547,-0.0026136040687561035,-0.002219259738922119,-0.0016169548034667969,-0.002237677574157715,-0.002556443214416504,-0.0029482245445251465,-0.0031255483627319336,-0.0025637149810791016,-0.0027652978897094727,-0.002291560173034668,-0.001709580421447754,-0.002351045608520508,-0.0027142763137817383,-0.004152864217758179,-0.0036208629608154297,-0.0045160651206970215,-0.0043343305587768555,-0.0032051801681518555,-0.0025200843811035156,-0.0035976171493530273,-0.004049181938171387
2253.5,-0.000863879919052124,-0.001071333885192871,-0.001277625560760498,-0.0010449886322021484,-0.0009010434150695801,-0.00022590160369873047,-0.0008387565612792969,-0.0009168386459350586,-0.00117570161819458,-0.000946342945098877,-0.0016710162162780762,-0.001367807388305664,-0.0011215806007385254,-0.0009691715240478516,-0.0011661052703857422,-0.0013114213943481445,-0.0020027458667755127,-0.0017101764678955078,-0.0021155476570129395,-0.0019033551216125488,-0.0016919970512390137,-0.0014641284942626953,-0.0017021894454956055,-0.0018315315246582031,-0.002635747194290161,-0.0024727582931518555,-0.003654003143310547,-0.0026136040687561035,-0.002219259738922119,-0.0016169548034667969,-0.002237677574157715,-0.002556443214416504,-0.0029482245445251465,-0.0031255483627319336,-0.0025637149810791016,-0.0027652978897094727,-0.002291560173034668,-0.001709580421447754,-0.002351045608520508,-0.0027142763137817383,-0.004152864217758179,-0.0036208629608154297,-0.0045160651206970215,-0.0043343305587768555,-0.0032051801681518555,-0.0025200843811035156,-0.0035976171493530273,-0.004049181938171387
2254.5,-0.000863879919052124,-0.001071333885192871,-0.001277625560760498,-0.0010449886322021484,-0.0009010434150695801,-0.00022590160369873047,-0.0008387565612792969,-0.0009168386459350586,-0.00117570161819458,-0.000946342945098877,-0.0016710162162780762,-0.001367807388305664,-0.0011215806007385254,-0.0009691715240478516,-0.0011661052703857422,-0.0013114213943481445,-0.0020027458667755127,-0.0017101764678955078,-0.0021155476570129395,-0.0019033551216125488,-0.0016919970512390137,-0.0014641284942626953,-0.0017021894454956055,-0.0018315315246582031,-0.002635747194290161,-0.0024727582931518555,-0.003654003143310547,-0.0026136040687561035,-0.002219259738922119,-0.0016169548034667969,-0.002237677574157715,-0.002556443214416504,-0.0029482245445251465,-0.0031255483627319336,-0.0025637149810791016,-0.0027652978897094727,-0.002291560173034668,-0.001709580421447754,-0.002351045608520508,-0.0027142763137817383,-0.004152864217758179,-0.0036208629608154297,-0.0045160651206970215,-0.0043343305587768555,-0.0032051801681518555,-0.0025200843811035156,-0.0035976171493530273,-0.004049181938171387
2255.5,-0.000863879919052124,-0.001071333885192871,-0.001277625560760498,-0.0010449886322021484,-0.0009010434150695801,-0.00022590160369873047,-0.0008387565612792969,-0.0009168386459350586,-0.00117570161819458,-0.000946342945098877,-0.0016710162162780762,-0.001367807388305664,-0.0011215806007385254,-0.0009691715240478516,-0.0011661052703857422,-0.0013114213943481445,-0.0020027458667755127,-0.0017101764678955078,-0.0021155476570129395,-0.0019033551216125488,-0.0016919970512390137,-0.0014641284942626953,-0.0017021894454956055,-0.0018315315246582031,-0.002635747194290161,-0.0024727582931518555,-0.003654003143310547,-0.0026136040687561035,-0.002219259738922119,-0.0016169548034667969,-0.002237677574157715,-0.002556443214416504,-0.0029482245445251465,-0.0031255483627319336,-0.0025637149810791016,-0.0027652978897094727,-0.002291560173034668,-0.001709580421447754,-0.002351045608520508,-0.0027142763137817383,-0.004152864217758179,-0.0036208629608154297,-0.0045160651206970215,-0.0043343305587768555,-0.0032051801681518555,-0.0025200843811035156,-0.0035976171493530273,-0.004049181938171387
2256.5,-0.000863879919052124,-0.001071333885192871,-0.001277625560760498,-0.0010449886322021484,-0.0009010434150695801,-0.00022590160369873047,-0.0008387565612792969,-0.0009168386459350586,-0.00117570161819458,-0.000946342945098877,-0.0016710162162780762,-0.001367807388305664,-0.0011215806007385254,-0.0009691715240478516,-0.0011661052703857422,-0.0013114213943481445,-0.0020027458667755127,-0.0017101764678955078,-0.0021155476570129395,-0.0019033551216125488,-0.0016919970512390137,-0.0014641284942626953,-0.0017021894454956055,-0.0018315315246582031,-0.002635747194290161,-0.0024727582931518555,-0.003654003143310547,-0.0026136040687561035,-0.002219259738922119,-0.0016169548034667969,-0.002237677574157715,-0.002556443214416504,-0.0029482245445251465,-0.0031255483627319336,-0.0025637149810791016,-0.0027652978897094727,-0.002291560173034668,-0.001709580421447754,-0.002351045608520508,-0.0027142763137817383,-0.004152864217758179,-0.0036208629608154297,-0.0045160651206970215,-0.0043343305587768555,-0.0032051801681518555,-0.0025200843811035156,-0.0035976171493530273,-0.004049181938171387
2257.5,-0.000863879919052124,-0.001071333885192871,-0.001277625560760498,-0.0010449886322021484,-0.0009010434150695801,-0.00022590160369873047,-0.0008387565612792969,-0.0009168386459350586,-0.00117570161819458,-0.000946342945098877,-0.0016710162162780762,-0.001367807388305664,-0.0011215806007385254,-0.0009691715240478516,-0.0011661052703857422,-0.0013114213943481445,-0.0020027458667755127,-0.0017101764678955078,-0.0021155476570129395,-0.0019033551216125488,-0.0016919970512390137,-0.0014641284942626953,-0.0017021894454956055,-0.0018315315246582031,-0.002635747194290161,-0.0024727582931518555,-0.003654003143310547,-0.0026136040687561035,-0.002219259738922119,-0.0016169548034667969,-0.002237677574157715,-0.002556443214416504,-0.0029482245445251465,-0.0031255483627319336,-0.0025637149810791016,-0.0027652978897094727,-0.002291560173034668,-0.001709580421447754,-0.002351045608520508,-0.0027142763137817383,-0.004152864217758179,-0.0036208629608154297,-0.0045160651206970215,-0.0043343305587768555,-0.0032051801681518555,-0.0025200843811035156,-0.0035976171493530273,-0.004049181938171387
2258.5,-0.000863879919052124,-0.001071333885192871,-0.001277625560760498,-0.0010449886322021484,-0.0009010434150695801,-0.00022590160369873047,-0.0008387565612792969,-0.0009168386459350586,-0.00117570161819458,-0.000946342945098877,-0.0016710162162780762,-0.001367807388305664,-0.0011215806007385254,-0.0009691715240478516,-0.0011661052703857422,-0.0013114213943481445,-0.0020027458667755127,-0.0017101764678955078,-0.0021155476570129395,-0.0019033551216125488,-0.0016919970512390137,-0.0014641284942626953,-0.0017021894454956055,-0.0018315315246582031,-0.002635747194290161,-0.0024727582931518555,-0.003654003143310547,-0.0026136040687561035,-0.002219259738922119,-0.0016169548034667969,-0.002237677574157715,-0.002556443214416504,-0.0029482245445251465,-0.0031255483627319336,-0.0025637149810791016,-0.0027652978897094727,-0.002291560173034668,-0.001709580421447754,-0.002351045608520508,-0.0027142763137817383,-0.004152864217758179,-0.0036208629608154297,-0.0045160651206970215,-0.0043343305587768555,-0.0032051801681518555,-0.0025200843811035156,-0.0035976171493530273,-0.004049181938171387
2259.5,-0.000863879919052124,-0.001071333885192871,-0.001277625560760498,-0.0010449886322021484,-0.0009010434150695801,-0.00022590160369873047,-0.0008387565612792969,-0.0009168386459350586,-0.00117570161819458,-0.000946342945098877,-0.0016710162162780762,-0.001367807388305664,-0.0011215806007385254,-0.0009691715240478516,-0.0011661052703857422,-0.0013114213943481445,-0.0020027458667755127,-0.0017101764678955078,-0.0021155476570129395,-0.0019033551216125488,-0.0016919970512390137,-0.0014641284942626953,-0.0017021894454956055,-0.0018315315246582031,-0.002635747194290161,-0.0024727582931518555,-0.003654003143310547,-0.0026136040687561035,-0.002219259738922119,-0.0016169548034667969,-0.002237677574157715,-0.002556443214416504,-0.0029482245445251465,-0.0031255483627319336,-0.0025637149810791016,-0.0027652978897094727,-0.002291560173034668,-0.001709580421447754,-0.002351045608520508,-0.0027142763137817383,-0.004152864217758179,-0.0036208629608154297,-0.0045160651206970215,-0.0043343305587768555,-0.0032051801681518555,-0.0025200843811035156,-0.0035976171493530273,-0.004049181938171387
2260.5,-0.000863879919052124,-0.001071333885192871,-0.001277625560760498,-0.0010449886322021484,-0.0009010434150695801,-0.00022590160369873047,-0.0008387565612792969,-0.0009168386459350586,-0.00117570161819458,-0.000946342945098877,-0.0016710162162780762,-0.001367807388305664,-0.0011215806007385254,-0.0009691715240478516,-0.0011661052703857422,-0.0013114213943481445,-0.0020027458667755127,-0.0017101764678955078,-0.0021155476570129395,-0.0019033551216125488,-0.0016919970512390137,-0.0014641284942626953,-0.0017021894454956055,-0.0018315315246582031,-0.002635747194290161,-0.0024727582931518555,-0.003654003143310547,-0.0026136040687561035,-0.002219259738922119,-0.0016169548034667969,-0.002237677574157715,-0.002556443214416504,-0.0029482245445251465,-0.0031255483627319336,-0.0025637149810791016,-0.0027652978897094727,-0.002291560173034668,-0.001709580421447754,-0.002351045608520508,-0.0027142763137817383,-0.004152864217758179,-0.0036208629608154297,-0.0045160651206970215,-0.0043343305587768555,-0.0032051801681518555,-0.0025200843811035156,-0.0035976171493530273,-0.004049181938171387
2261.5,-0.000863879919052124,-0.001071333885192871,-0.001277625560760498,-0.0010449886322021484,-0.0009010434150695801,-0.00022590160369873047,-0.0008387565612792969,-0.0009168386459350586,-0.00117570161819458,-0.000946342945098877,-0.0016710162162780762,-0.001367807388305664,-0.0011215806007385254,-0.0009691715240478516,-0.0011661052703857422,-0.0013114213943481445,-0.0020027458667755127,-0.0017101764678955078,-0.0021155476570129395,-0.0019033551216125488,-0.0016919970512390137,-0.0014641284942626953,-0.0017021894454956055,-0.0018315315246582031,-0.002635747194290161,-0.0024727582931518555,-0.003654003143310547,-0.0026136040687561035,-0.002219259738922119,-0.0016169548034667969,-0.002237677574157715,-0.002556443214416504,-0.0029482245445251465,-0.0031255483627319336,-0.0025637149810791016,-0.0027652978897094727,-0.002291560173034668,-0.001709580421447754,-0.002351045608520508,-0.0027142763137817383,-0.004152864217758179,-0.0036208629608154297,-0.0045160651206970215,-0.0043343305587768555,-0.0032051801681518555,-0.0025200843811035156,-0.0035976171493530273,-0.004049181938171387
2262.5,-0.000863879919052124,-0.001071333885192871,-0.001277625560760498,-0.0010449886322021484,-0.0009010434150695801,-0.00022590160369873047,-0.0008387565612792969,-0.0009168386459350586,-0.00117570161819458,-0.000946342945098877,-0.0016710162162780762,-0.001367807388305664,-0.0011215806007385254,-0.0009691715240478516,-0.0011661052703857422,-0.0013114213943481445,-0.0020027458667755127,-0.0017101764678955078,-0.0021155476570129395,-0.0019033551216125488,-0.0016919970512390137,-0.0014641284942626953,-0.0017021894454956055,-0.0018315315246582031,-0.002635747194290161,-0.0024727582931518555,-0.003654003143310547,-0.0026136040687561035,-0.002219259738922119,-0.0016169548034667969,-0.002237677574157715,-0.002556443214416504,-0.0029482245445251465,-0.0031255483627319336,-0.0025637149810791016,-0.0027652978897094727,-0.002291560173034668,-0.001709580421447754,-0.002351045608520508,-0.0027142763137817383,-0.004152864217758179,-0.0036208629608154297,-0.0045160651206970215,-0.0043343305587768555,-0.0032051801681518555,-0.0025200843811035156,-0.0035976171493530273,-0.004049181938171387
2263.5,-0.000863879919052124,-0.001071333885192871,-0.001277625560760498,-0.0010449886322021484,-0.0009010434150695801,-0.00022590160369873047,-0.0008387565612792969,-0.0009168386459350586,-0.00117570161819458,-0.000946342945098877,-0.0016710162162780762,-0.001367807388305664,-0.0011215806007385254,-0.0009691715240478516,-0.0011661052703857422,-0.0013114213943481445,-0.0020027458667755127,-0.0017101764678955078,-0.0021155476570129395,-0.0019033551216125488,-0.0016919970512390137,-0.0014641284942626953,-0.0017021894454956055,-0.0018315315246582031,-0.002635747194290161,-0.0024727582931518555,-0.003654003143310547,-0.0026136040687561035,-0.002219259738922119,-0.0016169548034667969,-0.002237677574157715,-0.002556443214416504,-0.0029482245445251465,-0.0031255483627319336,-0.0025637149810791016,-0.0027652978897094727,-0.002291560173034668,-0.001709580421447754,-0.002351045608520508,-0.0027142763137817383,-0.004152864217758179,-0.0036208629608154297,-0.0045160651206970215,-0.0043343305587768555,-0.0032051801681518555,-0.0025200843811035156,-0.0035976171493530273,-0.004049181938171387
2264.5,-0.000863879919052124,-0.001071333885192871,-0.001277625560760498,-0.0010449886322021484,-0.0009010434150695801,-0.00022590160369873047,-0.0008387565612792969,-0.0009168386459350586,-0.00117570161819458,-0.000946342945098877,-0.0016710162162780762,-0.001367807388305664,-0.0011215806007385254,-0.0009691715240478516,-0.0011661052703857422,-0.0013114213943481445,-0.0020027458667755127,-0.0017101764678955078,-0.0021155476570129395,-0.0019033551216125488,-0.0016919970512390137,-0.0014641284942626953,-0.0017021894454956055,-0.0018315315246582031,-0.002635747194290161,-0.0024727582931518555,-0.003654003143310547,-0.0026136040687561035,-0.002219259738922119,-0.0016169548034667969,-0.002237677574157715,-0.002556443214416504,-0.0029482245445251465,-0.0031255483627319336,-0.0025637149810791016,-0.0027652978897094727,-0.002291560173034668,-0.001709580421447754,-0.002351045608520508,-0.0027142763137817383,-0.004152864217758179,-0.0036208629608154297,-0.0045160651206970215,-0.0043343305587768555,-0.0032051801681518555,-0.0025200843811035156,-0.0035976171493530273,-0.004049181938171387
2265.5,-0.000863879919052124,-0.001071333885192871,-0.001277625560760498,-0.0010449886322021484,-0.0009010434150695801,-0.00022590160369873047,-0.0008387565612792969,-0.0009168386459350586,-0.00117570161819458,-0.000946342945098877,-0.0016710162162780762,-0.001367807388305664,-0.0011215806007385254,-0.0009691715240478516,-0.0011661052703857422,-0.0013114213943481445,-0.0020027458667755127,-0.0017101764678955078,-0.0021155476570129395,-0.0019033551216125488,-0.0016919970512390137,-0.0014641284942626953,-0.0017021894454956055,-0.0018315315246582031,-0.002635747194290161,-0.0024727582931518555,-0.003654003143310547,-0.0026136040687561035,-0.002219259738922119,-0.0016169548034667969,-0.002237677574157715,-0.002556443214416504,-0.0029482245445251465,-0.0031255483627319336,-0.0025637149810791016,-0.0027652978897094727,-0.002291560173034668,-0.001709580421447754,-0.002351045608520508,-0.0027142763137817383,-0.004152864217758179,-0.0036208629608154297,-0.0045160651206970215,-0.0043343305587768555,-0.0032051801681518555,-0.0025200843811035156,-0.0035976171493530273,-0.004049181938171387
2266.5,-0.000863879919052124,-0.001071333885192871,-0.001277625560760498,-0.0010449886322021484,-0.0009010434150695801,-0.00022590160369873047,-0.0008387565612792969,-0.0009168386459350586,-0.00117570161819458,-0.000946342945098877,-0.0016710162162780762,-0.001367807388305664,-0.0011215806007385254,-0.0009691715240478516,-0.0011661052703857422,-0.0013114213943481445,-0.0020027458667755127,-0.0017101764678955078,-0.0021155476570129395,-0.0019033551216125488,-0.0016919970512390137,-0.0014641284942626953,-0.0017021894454956055,-0.0018315315246582031,-0.002635747194290161,-0.0024727582931518555,-0.003654003143310547,-0.0026136040687561035,-0.002219259738922119,-0.0016169548034667969,-0.002237677574157715,-0.002556443214416504,-0.0029482245445251465,-0.0031255483627319336,-0.0025637149810791016,-0.0027652978897094727,-0.002291560173034668,-0.001709580421447754,-0.002351045608520508,-0.0027142763137817383,-0.004152864217758179,-0.0036208629608154297,-0.0045160651206970215,-0.0043343305587768555,-0.0032051801681518555,-0.0025200843811035156,-0.0035976171493530273,-0.004049181938171387
2267.5,-0.000863879919052124,-0.001071333885192871,-0.001277625560760498,-0.0010449886322021484,-0.0009010434150695801,-0.00022590160369873047,-0.0008387565612792969,-0.0009168386459350586,-0.00117570161819458,-0.000946342945098877,-0.0016710162162780762,-0.001367807388305664,-0.0011215806007385254,-0.0009691715240478516,-0.0011661052703857422,-0.0013114213943481445,-0.0020027458667755127,-0.0017101764678955078,-0.0021155476570129395,-0.0019033551216125488,-0.0016919970512390137,-0.0014641284942626953,-0.0017021894454956055,-0.0018315315246582031,-0.002635747194290161,-0.0024727582931518555,-0.003654003143310547,-0.0026136040687561035,-0.002219259738922119,-0.0016169548034667969,-0.002237677574157715,-0.002556443214416504,-0.0029482245445251465,-0.0031255483627319336,-0.0025637149810791016,-0.0027652978897094727,-0.002291560173034668,-0.001709580421447754,-0.002351045608520508,-0.0027142763137817383,-0.004152864217758179,-0.0036208629608154297,-0.0045160651206970215,-0.0043343305587768555,-0.0032051801681518555,-0.0025200843811035156,-0.0035976171493530273,-0.004049181938171387
2268.5,-0.000863879919052124,-0.001071333885192871,-0.001277625560760498,-0.0010449886322021484,-0.0009010434150695801,-0.00022590160369873047,-0.0008387565612792969,-0.0009168386459350586,-0.00117570161819458,-0.000946342945098877,-0.0016710162162780762,-0.001367807388305664,-0.0011215806007385254,-0.0009691715240478516,-0.0011661052703857422,-0.0013114213943481445,-0.0020027458667755127,-0.0017101764678955078,-0.0021155476570129395,-0.0019033551216125488,-0.0016919970512390137,-0.0014641284942626953,-0.0017021894454956055,-0.0018315315246582031,-0.002635747194290161,-0.0024727582931518555,-0.003654003143310547,-0.0026136040687561035,-0.002219259738922119,-0.0016169548034667969,-0.002237677574157715,-0.002556443214416504,-0.0029482245445251465,-0.0031255483627319336,-0.0025637149810791016,-0.0027652978897094727,-0.002291560173034668,-0.001709580421447754,-0.002351045608520508,-0.0027142763137817383,-0.004152864217758179,-0.0036208629608154297,-0.0045160651206970215,-0.0043343305587768555,-0.0032051801681518555,-0.0025200843811035156,-0.0035976171493530273,-0.004049181938171387
2269.5,-0.000863879919052124,-0.001071333885192871,-0.001277625560760498,-0.0010449886322021484,-0.0009010434150695801,-0.00022590160369873047,-0.0008387565612792969,-0.0009168386459350586,-0.00117570161819458,-0.000946342945098877,-0.0016710162162780762,-0.001367807388305664,-0.0011215806007385254,-0.0009691715240478516,-0.0011661052703857422,-0.0013114213943481445,-0.0020027458667755127,-0.0017101764678955078,-0.0021155476570129395,-0.0019033551216125488,-0.0016919970512390137,-0.0014641284942626953,-0.0017021894454956055,-0.0018315315246582031,-0.002635747194290161,-0.0024727582931518555,-0.003654003143310547,-0.0026136040687561035,-0.002219259738922119,-0.0016169548034667969,-0.002237677574157715,-0.002556443214416504,-0.0029482245445251465,-0.0031255483627319336,-0.0025637149810791016,-0.0027652978897094727,-0.002291560173034668,-0.001709580421447754,-0.002351045608520508,-0.0027142763137817383,-0.004152864217758179,-0.0036208629608154297,-0.0045160651206970215,-0.0043343305587768555,-0.0032051801681518555,-0.0025200843811035156,-0.0035976171493530273,-0.004049181938171387
2270.5,-0.000863879919052124,-0.001071333885192871,-0.001277625560760498,-0.0010449886322021484,-0.0009010434150695801,-0.00022590160369873047,-0.0008387565612792969,-0.0009168386459350586,-0.00117570161819458,-0.000946342945098877,-0.0016710162162780762,-0.001367807388305664,-0.0011215806007385254,-0.0009691715240478516,-0.0011661052703857422,-0.0013114213943481445,-0.0020027458667755127,-0.0017101764678955078,-0.0021155476570129395,-0.0019033551216125488,-0.0016919970512390137,-0.0014641284942626953,-0.0017021894454956055,-0.0018315315246582031,-0.002635747194290161,-0.0024727582931518555,-0.003654003143310547,-0.0026136040687561035,-0.002219259738922119,-0.0016169548034667969,-0.002237677574157715,-0.002556443214416504,-0.0029482245445251465,-0.0031255483627319336,-0.0025637149810791016,-0.0027652978897094727,-0.002291560173034668,-0.001709580421447754,-0.002351045608520508,-0.0027142763137817383,-0.004152864217758179,-0.0036208629608154297,-0.0045160651206970215,-0.0043343305587768555,-0.0032051801681518555,-0.0025200843811035156,-0.0035976171493530273,-0.004049181938171387
2271.5,-0.000863879919052124,-0.001071333885192871,-0.001277625560760498,-0.0010449886322021484,-0.0009010434150695801,-0.00022590160369873047,-0.0008387565612792969,-0.0009168386459350586,-0.00117570161819458,-0.000946342945098877,-0.0016710162162780762,-0.001367807388305664,-0.0011215806007385254,-0.0009691715240478516,-0.0011661052703857422,-0.0013114213943481445,-0.0020027458667755127,-0.0017101764678955078,-0.0021155476570129395,-0.0019033551216125488,-0.0016919970512390137,-0.0014641284942626953,-0.0017021894454956055,-0.0018315315246582031,-0.002635747194290161,-0.0024727582931518555,-0.003654003143310547,-0.0026136040687561035,-0.002219259738922119,-0.0016169548034667969,-0.002237677574157715,-0.002556443214416504,-0.0029482245445251465,-0.0031255483627319336,-0.0025637149810791016,-0.0027652978897094727,-0.002291560173034668,-0.001709580421447754,-0.002351045608520508,-0.0027142763137817383,-0.004152864217758179,-0.0036208629608154297,-0.0045160651206970215,-0.0043343305587768555,-0.0032051801681518555,-0.0025200843811035156,-0.0035976171493530273,-0.004049181938171387
2272.5,-0.000863879919052124,-0.001071333885192871,-0.001277625560760498,-0.0010449886322021484,-0.0009010434150695801,-0.00022590160369873047,-0.0008387565612792969,-0.0009168386459350586,-0.00117570161819458,-0.000946342945098877,-0.0016710162162780762,-0.001367807388305664,-0.0011215806007385254,-0.0009691715240478516,-0.0011661052703857422,-0.0013114213943481445,-0.0020027458667755127,-0.0017101764678955078,-0.0021155476570129395,-0.0019033551216125488,-0.0016919970512390137,-0.0014641284942626953,-0.0017021894454956055,-0.0018315315246582031,-0.002635747194290161,-0.0024727582931518555,-0.003654003143310547,-0.0026136040687561035,-0.002219259738922119,-0.0016169548034667969,-0.002237677574157715,-0.002556443214416504,-0.0029482245445251465,-0.0031255483627319336,-0.0025637149810791016,-0.0027652978897094727,-0.002291560173034668,-0.001709580421447754,-0.002351045608520508,-0.0027142763137817383,-0.004152864217758179,-0.0036208629608154297,-0.0045160651206970215,-0.0043343305587768555,-0.0032051801681518555,-0.0025200843811035156,-0.0035976171493530273,-0.004049181938171387
2273.5,-0.000863879919052124,-0.001071333885192871,-0.001277625560760498,-0.0010449886322021484,-0.0009010434150695801,-0.00022590160369873047,-0.0008387565612792969,-0.0009168386459350586,-0.00117570161819458,-0.000946342945098877,-0.0016710162162780762,-0.001367807388305664,-0.0011215806007385254,-0.0009691715240478516,-0.0011661052703857422,-0.0013114213943481445,-0.0020027458667755127,-0.0017101764678955078,-0.0021155476570129395,-0.0019033551216125488,-0.0016919970512390137,-0.0014641284942626953,-0.0017021894454956055,-0.0018315315246582031,-0.002635747194290161,-0.0024727582931518555,-0.003654003143310547,-0.0026136040687561035,-0.002219259738922119,-0.0016169548034667969,-0.002237677574157715,-0.002556443214416504,-0.0029482245445251465,-0.0031255483627319336,-0.0025637149810791016,-0.0027652978897094727,-0.002291560173034668,-0.001709580421447754,-0.002351045608520508,-0.0027142763137817383,-0.004152864217758179,-0.0036208629608154297,-0.0045160651206970215,-0.0043343305587768555,-0.0032051801681518555,-0.0025200843811035156,-0.0035976171493530273,-0.004049181938171387
2274.5,-0.000863879919052124,-0.001071333885192871,-0.001277625560760498,-0.0010449886322021484,-0.0009010434150695801,-0.00022590160369873047,-0.0008387565612792969,-0.0009168386459350586,-0.00117570161819458,-0.000946342945098877,-0.0016710162162780762,-0.001367807388305664,-0.0011215806007385254,-0.0009691715240478516,-0.0011661052703857422,-0.0013114213943481445,-0.0020027458667755127,-0.0017101764678955078,-0.0021155476570129395,-0.0019033551216125488,-0.0016919970512390137,-0.0014641284942626953,-0.0017021894454956055,-0.0018315315246582031,-0.002635747194290161,-0.0024727582931518555,-0.003654003143310547,-0.0026136040687561035,-0.002219259738922119,-0.0016169548034667969,-0.002237677574157715,-0.002556443214416504,-0.0029482245445251465,-0.0031255483627319336,-0.0025637149810791016,-0.0027652978897094727,-0.002291560173034668,-0.001709580421447754,-0.002351045608520508,-0.0027142763137817383,-0.004152864217758179,-0.0036208629608154297,-0.0045160651206970215,-0.0043343305587768555,-0.0032051801681518555,-0.0025200843811035156,-0.0035976171493530273,-0.004049181938171387
2275.5,-0.000863879919052124,-0.001071333885192871,-0.001277625560760498,-0.0010449886322021484,-0.0009010434150695801,-0.00022590160369873047,-0.0008387565612792969,-0.0009168386459350586,-0.00117570161819458,-0.000946342945098877,-0.0016710162162780762,-0.001367807388305664,-0.0011215806007385254,-0.0009691715240478516,-0.0011661052703857422,-0.0013114213943481445,-0.0020027458667755127,-0.0017101764678955078,-0.0021155476570129395,-0.0019033551216125488,-0.0016919970512390137,-0.0014641284942626953,-0.0017021894454956055,-0.0018315315246582031,-0.002635747194290161,-0.0024727582931518555,-0.003654003143310547,-0.0026136040687561035,-0.002219259738922119,-0.0016169548034667969,-0.002237677574157715,-0.002556443214416504,-0.0029482245445251465,-0.0031255483627319336,-0.0025637149810791016,-0.0027652978897094727,-0.002291560173034668,-0.001709580421447754,-0.002351045608520508,-0.0027142763137817383,-0.004152864217758179,-0.0036208629608154297,-0.0045160651206970215,-0.0043343305587768555,-0.0032051801681518555,-0.0025200843811035156,-0.0035976171493530273,-0.004049181938171387
2276.5,-0.000863879919052124,-0.001071333885192871,-0.001277625560760498,-0.0010449886322021484,-0.0009010434150695801,-0.00022590160369873047,-0.0008387565612792969,-0.0009168386459350586,-0.00117570161819458,-0.000946342945098877,-0.0016710162162780762,-0.001367807388305664,-0.0011215806007385254,-0.0009691715240478516,-0.0011661052703857422,-0.0013114213943481445,-0.0020027458667755127,-0.0017101764678955078,-0.0021155476570129395,-0.0019033551216125488,-0.0016919970512390137,-0.0014641284942626953,-0.0017021894454956055,-0.0018315315246582031,-0.002635747194290161,-0.0024727582931518555,-0.003654003143310547,-0.0026136040687561035,-0.002219259738922119,-0.0016169548034667969,-0.002237677574157715,-0.002556443214416504,-0.0029482245445251465,-0.0031255483627319336,-0.0025637149810791016,-0.0027652978897094727,-0.002291560173034668,-0.001709580421447754,-0.002351045608520508,-0.0027142763137817383,-0.004152864217758179,-0.0036208629608154297,-0.0045160651206970215,-0.0043343305587768555,-0.0032051801681518555,-0.0025200843811035156,-0.0035976171493530273,-0.004049181938171387
2277.5,-0.000863879919052124,-0.001071333885192871,-0.001277625560760498,-0.0010449886322021484,-0.0009010434150695801,-0.00022590160369873047,-0.0008387565612792969,-0.0009168386459350586,-0.00117570161819458,-0.000946342945098877,-0.0016710162162780762,-0.001367807388305664,-0.0011215806007385254,-0.0009691715240478516,-0.0011661052703857422,-0.0013114213943481445,-0.0020027458667755127,-0.0017101764678955078,-0.0021155476570129395,-0.0019033551216125488,-0.0016919970512390137,-0.0014641284942626953,-0.0017021894454956055,-0.0018315315246582031,-0.002635747194290161,-0.0024727582931518555,-0.003654003143310547,-0.0026136040687561035,-0.002219259738922119,-0.0016169548034667969,-0.002237677574157715,-0.002556443214416504,-0.0029482245445251465,-0.0031255483627319336,-0.0025637149810791016,-0.0027652978897094727,-0.002291560173034668,-0.001709580421447754,-0.002351045608520508,-0.0027142763137817383,-0.004152864217758179,-0.0036208629608154297,-0.0045160651206970215,-0.0043343305587768555,-0.0032051801681518555,-0.0025200843811035156,-0.0035976171493530273,-0.004049181938171387
2278.5,-0.000863879919052124,-0.001071333885192871,-0.001277625560760498,-0.0010449886322021484,-0.0009010434150695801,-0.00022590160369873047,-0.0008387565612792969,-0.0009168386459350586,-0.00117570161819458,-0.000946342945098877,-0.0016710162162780762,-0.001367807388305664,-0.0011215806007385254,-0.0009691715240478516,-0.0011661052703857422,-0.0013114213943481445,-0.0020027458667755127,-0.0017101764678955078,-0.0021155476570129395,-0.0019033551216125488,-0.0016919970512390137,-0.0014641284942626953,-0.0017021894454956055,-0.0018315315246582031,-0.002635747194290161,-0.0024727582931518555,-0.003654003143310547,-0.0026136040687561035,-0.002219259738922119,-0.0016169548034667969,-0.002237677574157715,-0.002556443214416504,-0.0029482245445251465,-0.0031255483627319336,-0.0025637149810791016,-0.0027652978897094727,-0.002291560173034668,-0.001709580421447754,-0.002351045608520508,-0.0027142763137817383,-0.004152864217758179,-0.0036208629608154297,-0.0045160651206970215,-0.0043343305587768555,-0.0032051801681518555,-0.0025200843811035156,-0.0035976171493530273,-0.004049181938171387
2279.5,-0.000863879919052124,-0.001071333885192871,-0.001277625560760498,-0.0010449886322021484,-0.0009010434150695801,-0.00022590160369873047,-0.0008387565612792969,-0.0009168386459350586,-0.00117570161819458,-0.000946342945098877,-0.0016710162162780762,-0.001367807388305664,-0.0011215806007385254,-0.0009691715240478516,-0.0011661052703857422,-0.0013114213943481445,-0.0020027458667755127,-0.0017101764678955078,-0.0021155476570129395,-0.0019033551216125488,-0.0016919970512390137,-0.0014641284942626953,-0.0017021894454956055,-0.0018315315246582031,-0.002635747194290161,-0.0024727582931518555,-0.003654003143310547,-0.0026136040687561035,-0.002219259738922119,-0.0016169548034667969,-0.002237677574157715,-0.002556443214416504,-0.0029482245445251465,-0.0031255483627319336,-0.0025637149810791016,-0.0027652978897094727,-0.002291560173034668,-0.001709580421447754,-0.002351045608520508,-0.0027142763137817383,-0.004152864217758179,-0.0036208629608154297,-0.0045160651206970215,-0.0043343305587768555,-0.0032051801681518555,-0.0025200843811035156,-0.0035976171493530273,-0.004049181938171387
2280.5,-0.000863879919052124,-0.001071333885192871,-0.001277625560760498,-0.0010449886322021484,-0.0009010434150695801,-0.00022590160369873047,-0.0008387565612792969,-0.0009168386459350586,-0.00117570161819458,-0.000946342945098877,-0.0016710162162780762,-0.001367807388305664,-0.0011215806007385254,-0.0009691715240478516,-0.0011661052703857422,-0.0013114213943481445,-0.0020027458667755127,-0.0017101764678955078,-0.0021155476570129395,-0.0019033551216125488,-0.0016919970512390137,-0.0014641284942626953,-0.0017021894454956055,-0.0018315315246582031,-0.002635747194290161,-0.0024727582931518555,-0.003654003143310547,-0.0026136040687561035,-0.002219259738922119,-0.0016169548034667969,-0.002237677574157715,-0.002556443214416504,-0.0029482245445251465,-0.0031255483627319336,-0.0025637149810791016,-0.0027652978897094727,-0.002291560173034668,-0.001709580421447754,-0.002351045608520508,-0.0027142763137817383,-0.004152864217758179,-0.0036208629608154297,-0.0045160651206970215,-0.0043343305587768555,-0.0032051801681518555,-0.0025200843811035156,-0.0035976171493530273,-0.004049181938171387
2281.5,-0.000863879919052124,-0.001071333885192871,-0.001277625560760498,-0.0010449886322021484,-0.0009010434150695801,-0.00022590160369873047,-0.0008387565612792969,-0.0009168386459350586,-0.00117570161819458,-0.000946342945098877,-0.0016710162162780762,-0.001367807388305664,-0.0011215806007385254,-0.0009691715240478516,-0.0011661052703857422,-0.0013114213943481445,-0.0020027458667755127,-0.0017101764678955078,-0.0021155476570129395,-0.0019033551216125488,-0.0016919970512390137,-0.0014641284942626953,-0.0017021894454956055,-0.0018315315246582031,-0.002635747194290161,-0.0024727582931518555,-0.003654003143310547,-0.0026136040687561035,-0.002219259738922119,-0.0016169548034667969,-0.002237677574157715,-0.002556443214416504,-0.0029482245445251465,-0.0031255483627319336,-0.0025637149810791016,-0.0027652978897094727,-0.002291560173034668,-0.001709580421447754,-0.002351045608520508,-0.0027142763137817383,-0.004152864217758179,-0.0036208629608154297,-0.0045160651206970215,-0.0043343305587768555,-0.0032051801681518555,-0.0025200843811035156,-0.0035976171493530273,-0.004049181938171387
2282.5,-0.000863879919052124,-0.001071333885192871,-0.001277625560760498,-0.0010449886322021484,-0.0009010434150695801,-0.00022590160369873047,-0.0008387565612792969,-0.0009168386459350586,-0.00117570161819458,-0.000946342945098877,-0.0016710162162780762,-0.001367807388305664,-0.0011215806007385254,-0.0009691715240478516,-0.0011661052703857422,-0.0013114213943481445,-0.0020027458667755127,-0.0017101764678955078,-0.0021155476570129395,-0.0019033551216125488,-0.0016919970512390137,-0.0014641284942626953,-0.0017021894454956055,-0.0018315315246582031,-0.002635747194290161,-0.0024727582931518555,-0.003654003143310547,-0.0026136040687561035,-0.002219259738922119,-0.0016169548034667969,-0.002237677574157715,-0.002556443214416504,-0.0029482245445251465,-0.0031255483627319336,-0.0025637149810791016,-0.0027652978897094727,-0.002291560173034668,-0.001709580421447754,-0.002351045608520508,-0.0027142763137817383,-0.004152864217758179,-0.0036208629608154297,-0.0045160651206970215,-0.0043343305587768555,-0.0032051801681518555,-0.0025200843811035156,-0.0035976171493530273,-0.004049181938171387
2283.5,-0.000863879919052124,-0.001071333885192871,-0.001277625560760498,-0.0010449886322021484,-0.0009010434150695801,-0.00022590160369873047,-0.0008387565612792969,-0.0009168386459350586,-0.00117570161819458,-0.000946342945098877,-0.0016710162162780762,-0.001367807388305664,-0.0011215806007385254,-0.0009691715240478516,-0.0011661052703857422,-0.0013114213943481445,-0.0020027458667755127,-0.0017101764678955078,-0.0021155476570129395,-0.0019033551216125488,-0.0016919970512390137,-0.0014641284942626953,-0.0017021894454956055,-0.0018315315246582031,-0.002635747194290161,-0.0024727582931518555,-0.003654003143310547,-0.0026136040687561035,-0.002219259738922119,-0.0016169548034667969,-0.002237677574157715,-0.002556443214416504,-0.0029482245445251465,-0.0031255483627319336,-0.0025637149810791016,-0.0027652978897094727,-0.002291560173034668,-0.001709580421447754,-0.002351045608520508,-0.0027142763137817383,-0.004152864217758179,-0.0036208629608154297,-0.0045160651206970215,-0.0043343305587768555,-0.0032051801681518555,-0.0025200843811035156,-0.0035976171493530273,-0.004049181938171387
2284.5,-0.000863879919052124,-0.001071333885192871,-0.001277625560760498,-0.0010449886322021484,-0.0009010434150695801,-0.00022590160369873047,-0.0008387565612792969,-0.0009168386459350586,-0.00117570161819458,-0.000946342945098877,-0.0016710162162780762,-0.001367807388305664,-0.0011215806007385254,-0.0009691715240478516,-0.0011661052703857422,-0.0013114213943481445,-0.0020027458667755127,-0.0017101764678955078,-0.0021155476570129395,-0.0019033551216125488,-0.0016919970512390137,-0.0014641284942626953,-0.0017021894454956055,-0.0018315315246582031,-0.002635747194290161,-0.0024727582931518555,-0.003654003143310547,-0.0026136040687561035,-0.002219259738922119,-0.0016169548034667969,-0.002237677574157715,-0.002556443214416504,-0.0029482245445251465,-0.0031255483627319336,-0.0025637149810791016,-0.0027652978897094727,-0.002291560173034668,-0.001709580421447754,-0.002351045608520508,-0.0027142763137817383,-0.004152864217758179,-0.0036208629608154297,-0.0045160651206970215,-0.0043343305587768555,-0.0032051801681518555,-0.0025200843811035156,-0.0035976171493530273,-0.004049181938171387
2285.5,-0.000863879919052124,-0.001071333885192871,-0.001277625560760498,-0.0010449886322021484,-0.0009010434150695801,-0.00022590160369873047,-0.0008387565612792969,-0.0009168386459350586,-0.00117570161819458,-0.000946342945098877,-0.0016710162162780762,-0.001367807388305664,-0.0011215806007385254,-0.0009691715240478516,-0.0011661052703857422,-0.0013114213943481445,-0.0020027458667755127,-0.0017101764678955078,-0.0021155476570129395,-0.0019033551216125488,-0.0016919970512390137,-0.0014641284942626953,-0.0017021894454956055,-0.0018315315246582031,-0.002635747194290161,-0.0024727582931518555,-0.003654003143310547,-0.0026136040687561035,-0.002219259738922119,-0.0016169548034667969,-0.002237677574157715,-0.002556443214416504,-0.0029482245445251465,-0.0031255483627319336,-0.0025637149810791016,-0.0027652978897094727,-0.002291560173034668,-0.001709580421447754,-0.002351045608520508,-0.0027142763137817383,-0.004152864217758179,-0.0036208629608154297,-0.0045160651206970215,-0.0043343305587768555,-0.0032051801681518555,-0.0025200843811035156,-0.0035976171493530273,-0.004049181938171387
2286.5,-0.000863879919052124,-0.001071333885192871,-0.001277625560760498,-0.0010449886322021484,-0.0009010434150695801,-0.00022590160369873047,-0.0008387565612792969,-0.0009168386459350586,-0.00117570161819458,-0.000946342945098877,-0.0016710162162780762,-0.001367807388305664,-0.0011215806007385254,-0.0009691715240478516,-0.0011661052703857422,-0.0013114213943481445,-0.0020027458667755127,-0.0017101764678955078,-0.0021155476570129395,-0.0019033551216125488,-0.0016919970512390137,-0.0014641284942626953,-0.0017021894454956055,-0.0018315315246582031,-0.002635747194290161,-0.0024727582931518555,-0.003654003143310547,-0.0026136040687561035,-0.002219259738922119,-0.0016169548034667969,-0.002237677574157715,-0.002556443214416504,-0.0029482245445251465,-0.0031255483627319336,-0.0025637149810791016,-0.0027652978897094727,-0.002291560173034668,-0.001709580421447754,-0.002351045608520508,-0.0027142763137817383,-0.004152864217758179,-0.0036208629608154297,-0.0045160651206970215,-0.0043343305587768555,-0.0032051801681518555,-0.0025200843811035156,-0.0035976171493530273,-0.004049181938171387
2287.5,-0.000863879919052124,-0.001071333885192871,-0.001277625560760498,-0.0010449886322021484,-0.0009010434150695801,-0.00022590160369873047,-0.0008387565612792969,-0.0009168386459350586,-0.00117570161819458,-0.000946342945098877,-0.0016710162162780762,-0.001367807388305664,-0.0011215806007385254,-0.0009691715240478516,-0.0011661052703857422,-0.0013114213943481445,-0.0020027458667755127,-0.0017101764678955078,-0.0021155476570129395,-0.0019033551216125488,-0.0016919970512390137,-0.0014641284942626953,-0.0017021894454956055,-0.0018315315246582031,-0.002635747194290161,-0.0024727582931518555,-0.003654003143310547,-0.0026136040687561035,-0.002219259738922119,-0.0016169548034667969,-0.002237677574157715,-0.002556443214416504,-0.0029482245445251465,-0.0031255483627319336,-0.0025637149810791016,-0.0027652978897094727,-0.002291560173034668,-0.001709580421447754,-0.002351045608520508,-0.0027142763137817383,-0.004152864217758179,-0.0036208629608154297,-0.0045160651206970215,-0.0043343305587768555,-0.0032051801681518555,-0.0025200843811035156,-0.0035976171493530273,-0.004049181938171387
2288.5,-0.000863879919052124,-0.001071333885192871,-0.001277625560760498,-0.0010449886322021484,-0.0009010434150695801,-0.00022590160369873047,-0.0008387565612792969,-0.0009168386459350586,-0.00117570161819458,-0.000946342945098877,-0.0016710162162780762,-0.001367807388305664,-0.0011215806007385254,-0.0009691715240478516,-0.0011661052703857422,-0.0013114213943481445,-0.0020027458667755127,-0.0017101764678955078,-0.0021155476570129395,-0.0019033551216125488,-0.0016919970512390137,-0.0014641284942626953,-0.0017021894454956055,-0.0018315315246582031,-0.002635747194290161,-0.0024727582931518555,-0.003654003143310547,-0.0026136040687561035,-0.002219259738922119,-0.0016169548034667969,-0.002237677574157715,-0.002556443214416504,-0.0029482245445251465,-0.0031255483627319336,-0.0025637149810791016,-0.0027652978897094727,-0.002291560173034668,-0.001709580421447754,-0.002351045608520508,-0.0027142763137817383,-0.004152864217758179,-0.0036208629608154297,-0.0045160651206970215,-0.0043343305587768555,-0.0032051801681518555,-0.0025200843811035156,-0.0035976171493530273,-0.004049181938171387
2289.5,-0.000863879919052124,-0.001071333885192871,-0.001277625560760498,-0.0010449886322021484,-0.0009010434150695801,-0.00022590160369873047,-0.0008387565612792969,-0.0009168386459350586,-0.00117570161819458,-0.000946342945098877,-0.0016710162162780762,-0.001367807388305664,-0.0011215806007385254,-0.0009691715240478516,-0.0011661052703857422,-0.0013114213943481445,-0.0020027458667755127,-0.0017101764678955078,-0.0021155476570129395,-0.0019033551216125488,-0.0016919970512390137,-0.0014641284942626953,-0.0017021894454956055,-0.0018315315246582031,-0.002635747194290161,-0.0024727582931518555,-0.003654003143310547,-0.0026136040687561035,-0.002219259738922119,-0.0016169548034667969,-0.002237677574157715,-0.002556443214416504,-0.0029482245445251465,-0.0031255483627319336,-0.0025637149810791016,-0.0027652978897094727,-0.002291560173034668,-0.001709580421447754,-0.002351045608520508,-0.0027142763137817383,-0.004152864217758179,-0.0036208629608154297,-0.0045160651206970215,-0.0043343305587768555,-0.0032051801681518555,-0.0025200843811035156,-0.0035976171493530273,-0.004049181938171387
2290.5,-0.000863879919052124,-0.001071333885192871,-0.001277625560760498,-0.0010449886322021484,-0.0009010434150695801,-0.00022590160369873047,-0.0008387565612792969,-0.0009168386459350586,-0.00117570161819458,-0.000946342945098877,-0.0016710162162780762,-0.001367807388305664,-0.0011215806007385254,-0.0009691715240478516,-0.0011661052703857422,-0.0013114213943481445,-0.0020027458667755127,-0.0017101764678955078,-0.0021155476570129395,-0.0019033551216125488,-0.0016919970512390137,-0.0014641284942626953,-0.0017021894454956055,-0.0018315315246582031,-0.002635747194290161,-0.0024727582931518555,-0.003654003143310547,-0.0026136040687561035,-0.002219259738922119,-0.0016169548034667969,-0.002237677574157715,-0.002556443214416504,-0.0029482245445251465,-0.0031255483627319336,-0.0025637149810791016,-0.0027652978897094727,-0.002291560173034668,-0.001709580421447754,-0.002351045608520508,-0.0027142763137817383,-0.004152864217758179,-0.0036208629608154297,-0.0045160651206970215,-0.0043343305587768555,-0.0032051801681518555,-0.0025200843811035156,-0.0035976171493530273,-0.004049181938171387
2291.5,-0.000863879919052124,-0.001071333885192871,-0.001277625560760498,-0.0010449886322021484,-0.0009010434150695801,-0.00022590160369873047,-0.0008387565612792969,-0.0009168386459350586,-0.00117570161819458,-0.000946342945098877,-0.0016710162162780762,-0.001367807388305664,-0.0011215806007385254,-0.0009691715240478516,-0.0011661052703857422,-0.0013114213943481445,-0.0020027458667755127,-0.0017101764678955078,-0.0021155476570129395,-0.0019033551216125488,-0.0016919970512390137,-0.0014641284942626953,-0.0017021894454956055,-0.0018315315246582031,-0.002635747194290161,-0.0024727582931518555,-0.003654003143310547,-0.0026136040687561035,-0.002219259738922119,-0.0016169548034667969,-0.002237677574157715,-0.002556443214416504,-0.0029482245445251465,-0.0031255483627319336,-0.0025637149810791016,-0.0027652978897094727,-0.002291560173034668,-0.001709580421447754,-0.002351045608520508,-0.0027142763137817383,-0.004152864217758179,-0.0036208629608154297,-0.0045160651206970215,-0.0043343305587768555,-0.0032051801681518555,-0.0025200843811035156,-0.0035976171493530273,-0.004049181938171387
2292.5,-0.000863879919052124,-0.001071333885192871,-0.001277625560760498,-0.0010449886322021484,-0.0009010434150695801,-0.00022590160369873047,-0.0008387565612792969,-0.0009168386459350586,-0.00117570161819458,-0.000946342945098877,-0.0016710162162780762,-0.001367807388305664,-0.0011215806007385254,-0.0009691715240478516,-0.0011661052703857422,-0.0013114213943481445,-0.0020027458667755127,-0.0017101764678955078,-0.0021155476570129395,-0.0019033551216125488,-0.0016919970512390137,-0.0014641284942626953,-0.0017021894454956055,-0.0018315315246582031,-0.002635747194290161,-0.0024727582931518555,-0.003654003143310547,-0.0026136040687561035,-0.002219259738922119,-0.0016169548034667969,-0.002237677574157715,-0.002556443214416504,-0.0029482245445251465,-0.0031255483627319336,-0.0025637149810791016,-0.0027652978897094727,-0.002291560173034668,-0.001709580421447754,-0.002351045608520508,-0.0027142763137817383,-0.004152864217758179,-0.0036208629608154297,-0.0045160651206970215,-0.0043343305587768555,-0.0032051801681518555,-0.0025200843811035156,-0.0035976171493530273,-0.004049181938171387
2293.5,-0.000863879919052124,-0.001071333885192871,-0.001277625560760498,-0.0010449886322021484,-0.0009010434150695801,-0.00022590160369873047,-0.0008387565612792969,-0.0009168386459350586,-0.00117570161819458,-0.000946342945098877,-0.0016710162162780762,-0.001367807388305664,-0.0011215806007385254,-0.0009691715240478516,-0.0011661052703857422,-0.0013114213943481445,-0.0020027458667755127,-0.0017101764678955078,-0.0021155476570129395,-0.0019033551216125488,-0.0016919970512390137,-0.0014641284942626953,-0.0017021894454956055,-0.0018315315246582031,-0.002635747194290161,-0.0024727582931518555,-0.003654003143310547,-0.0026136040687561035,-0.002219259738922119,-0.0016169548034667969,-0.002237677574157715,-0.002556443214416504,-0.0029482245445251465,-0.0031255483627319336,-0.0025637149810791016,-0.0027652978897094727,-0.002291560173034668,-0.001709580421447754,-0.002351045608520508,-0.0027142763137817383,-0.004152864217758179,-0.0036208629608154297,-0.0045160651206970215,-0.0043343305587768555,-0.0032051801681518555,-0.0025200843811035156,-0.0035976171493530273,-0.004049181938171387
2294.5,-0.000863879919052124,-0.001071333885192871,-0.001277625560760498,-0.0010449886322021484,-0.0009010434150695801,-0.00022590160369873047,-0.0008387565612792969,-0.0009168386459350586,-0.00117570161819458,-0.000946342945098877,-0.0016710162162780762,-0.001367807388305664,-0.0011215806007385254,-0.0009691715240478516,-0.0011661052703857422,-0.0013114213943481445,-0.0020027458667755127,-0.0017101764678955078,-0.0021155476570129395,-0.0019033551216125488,-0.0016919970512390137,-0.0014641284942626953,-0.0017021894454956055,-0.0018315315246582031,-0.002635747194290161,-0.0024727582931518555,-0.003654003143310547,-0.0026136040687561035,-0.002219259738922119,-0.0016169548034667969,-0.002237677574157715,-0.002556443214416504,-0.0029482245445251465,-0.0031255483627319336,-0.0025637149810791016,-0.0027652978897094727,-0.002291560173034668,-0.001709580421447754,-0.002351045608520508,-0.0027142763137817383,-0.004152864217758179,-0.0036208629608154297,-0.0045160651206970215,-0.0043343305587768555,-0.0032051801681518555,-0.0025200843811035156,-0.0035976171493530273,-0.004049181938171387
2295.5,-0.000863879919052124,-0.001071333885192871,-0.001277625560760498,-0.0010449886322021484,-0.0009010434150695801,-0.00022590160369873047,-0.0008387565612792969,-0.0009168386459350586,-0.00117570161819458,-0.000946342945098877,-0.0016710162162780762,-0.001367807388305664,-0.0011215806007385254,-0.0009691715240478516,-0.0011661052703857422,-0.0013114213943481445,-0.0020027458667755127,-0.0017101764678955078,-0.0021155476570129395,-0.0019033551216125488,-0.0016919970512390137,-0.0014641284942626953,-0.0017021894454956055,-0.0018315315246582031,-0.002635747194290161,-0.0024727582931518555,-0.003654003143310547,-0.0026136040687561035,-0.002219259738922119,-0.0016169548034667969,-0.002237677574157715,-0.002556443214416504,-0.0029482245445251465,-0.0031255483627319336,-0.0025637149810791016,-0.0027652978897094727,-0.002291560173034668,-0.001709580421447754,-0.002351045608520508,-0.0027142763137817383,-0.004152864217758179,-0.0036208629608154297,-0.0045160651206970215,-0.0043343305587768555,-0.0032051801681518555,-0.0025200843811035156,-0.0035976171493530273,-0.004049181938171387
2296.5,-0.000863879919052124,-0.001071333885192871,-0.001277625560760498,-0.0010449886322021484,-0.0009010434150695801,-0.00022590160369873047,-0.0008387565612792969,-0.0009168386459350586,-0.00117570161819458,-0.000946342945098877,-0.0016710162162780762,-0.001367807388305664,-0.0011215806007385254,-0.0009691715240478516,-0.0011661052703857422,-0.0013114213943481445,-0.0020027458667755127,-0.0017101764678955078,-0.0021155476570129395,-0.0019033551216125488,-0.0016919970512390137,-0.0014641284942626953,-0.0017021894454956055,-0.0018315315246582031,-0.002635747194290161,-0.0024727582931518555,-0.003654003143310547,-0.0026136040687561035,-0.002219259738922119,-0.0016169548034667969,-0.002237677574157715,-0.002556443214416504,-0.0029482245445251465,-0.0031255483627319336,-0.0025637149810791016,-0.0027652978897094727,-0.002291560173034668,-0.001709580421447754,-0.002351045608520508,-0.0027142763137817383,-0.004152864217758179,-0.0036208629608154297,-0.0045160651206970215,-0.0043343305587768555,-0.0032051801681518555,-0.0025200843811035156,-0.0035976171493530273,-0.004049181938171387
2297.5,-0.000863879919052124,-0.001071333885192871,-0.001277625560760498,-0.0010449886322021484,-0.0009010434150695801,-0.00022590160369873047,-0.0008387565612792969,-0.0009168386459350586,-0.00117570161819458,-0.000946342945098877,-0.0016710162162780762,-0.001367807388305664,-0.0011215806007385254,-0.0009691715240478516,-0.0011661052703857422,-0.0013114213943481445,-0.0020027458667755127,-0.0017101764678955078,-0.0021155476570129395,-0.0019033551216125488,-0.0016919970512390137,-0.0014641284942626953,-0.0017021894454956055,-0.0018315315246582031,-0.002635747194290161,-0.0024727582931518555,-0.003654003143310547,-0.0026136040687561035,-0.002219259738922119,-0.0016169548034667969,-0.002237677574157715,-0.002556443214416504,-0.0029482245445251465,-0.0031255483627319336,-0.0025637149810791016,-0.0027652978897094727,-0.002291560173034668,-0.001709580421447754,-0.002351045608520508,-0.0027142763137817383,-0.004152864217758179,-0.0036208629608154297,-0.0045160651206970215,-0.0043343305587768555,-0.0032051801681518555,-0.0025200843811035156,-0.0035976171493530273,-0.004049181938171387
2298.5,-0.000863879919052124,-0.001071333885192871,-0.001277625560760498,-0.0010449886322021484,-0.0009010434150695801,-0.00022590160369873047,-0.0008387565612792969,-0.0009168386459350586,-0.00117570161819458,-0.000946342945098877,-0.0016710162162780762,-0.001367807388305664,-0.0011215806007385254,-0.0009691715240478516,-0.0011661052703857422,-0.0013114213943481445,-0.0020027458667755127,-0.0017101764678955078,-0.0021155476570129395,-0.0019033551216125488,-0.0016919970512390137,-0.0014641284942626953,-0.0017021894454956055,-0.0018315315246582031,-0.002635747194290161,-0.0024727582931518555,-0.003654003143310547,-0.0026136040687561035,-0.002219259738922119,-0.0016169548034667969,-0.002237677574157715,-0.002556443214416504,-0.0029482245445251465,-0.0031255483627319336,-0.0025637149810791016,-0.0027652978897094727,-0.002291560173034668,-0.001709580421447754,-0.002351045608520508,-0.0027142763137817383,-0.004152864217758179,-0.0036208629608154297,-0.0045160651206970215,-0.0043343305587768555,-0.0032051801681518555,-0.0025200843811035156,-0.0035976171493530273,-0.004049181938171387
2299.5,-0.000863879919052124,-0.001071333885192871,-0.001277625560760498,-0.0010449886322021484,-0.0009010434150695801,-0.00022590160369873047,-0.0008387565612792969,-0.0009168386459350586,-0.00117570161819458,-0.000946342945098877,-0.0016710162162780762,-0.001367807388305664,-0.0011215806007385254,-0.0009691715240478516,-0.0011661052703857422,-0.0013114213943481445,-0.0020027458667755127,-0.0017101764678955078,-0.0021155476570129395,-0.0019033551216125488,-0.0016919970512390137,-0.0014641284942626953,-0.0017021894454956055,-0.0018315315246582031,-0.002635747194290161,-0.0024727582931518555,-0.003654003143310547,-0.0026136040687561035,-0.002219259738922119,-0.0016169548034667969,-0.002237677574157715,-0.002556443214416504,-0.0029482245445251465,-0.0031255483627319336,-0.0025637149810791016,-0.0027652978897094727,-0.002291560173034668,-0.001709580421447754,-0.002351045608520508,-0.0027142763137817383,-0.004152864217758179,-0.0036208629608154297,-0.0045160651206970215,-0.0043343305587768555,-0.0032051801681518555,-0.0025200843811035156,-0.0035976171493530273,-0.004049181938171387
2300.5,-0.000863879919052124,-0.001071333885192871,-0.001277625560760498,-0.0010449886322021484,-0.0009010434150695801,-0.00022590160369873047,-0.0008387565612792969,-0.0009168386459350586,-0.00117570161819458,-0.000946342945098877,-0.0016710162162780762,-0.001367807388305664,-0.0011215806007385254,-0.0009691715240478516,-0.0011661052703857422,-0.0013114213943481445,-0.0020027458667755127,-0.0017101764678955078,-0.0021155476570129395,-0.0019033551216125488,-0.0016919970512390137,-0.0014641284942626953,-0.0017021894454956055,-0.0018315315246582031,-0.002635747194290161,-0.0024727582931518555,-0.003654003143310547,-0.0026136040687561035,-0.002219259738922119,-0.0016169548034667969,-0.002237677574157715,-0.002556443214416504,-0.0029482245445251465,-0.0031255483627319336,-0.0025637149810791016,-0.0027652978897094727,-0.002291560173034668,-0.001709580421447754,-0.002351045608520508,-0.0027142763137817383,-0.004152864217758179,-0.0036208629608154297,-0.0045160651206970215,-0.0043343305587768555,-0.0032051801681518555,-0.0025200843811035156,-0.0035976171493530273,-0.004049181938171387
